rho,g,n,m,K,lambda,seed,arm,cum_regret,corr_tv,unelicited_frac,realized_rule_corr,n_llm_calls,belief_entries,belief_bytes,beta,joint_prior,regret_source,harp_harp_s_action_mismatches,harp_harp_s_equal_regret_trace_despite_action_mismatch,joint_true_profile_monotonic,likelihood_mode,joint_alpha,common_random_numbers
0.0,2,8,2,20,0.0,20,oracle,0.0,0.0,0.6375,0.5,0,65665,525320,0.25,global two-component pi_rho=(1-rho)*pi_independent+rho*pi_group_shared over full 16-type personas,oracle_utility_trace - oracle_utility_trace,0,False,,softmax,1.0,True
0.0,2,8,2,20,0.0,20,joint,3.0,0.0,0.6375,0.5,0,65665,525320,0.25,global two-component pi_rho=(1-rho)*pi_independent+rho*pi_group_shared over full 16-type personas,oracle_utility_trace - joint_utility_trace,0,False,,softmax,1.0,True
0.0,2,8,2,20,0.0,20,harp,3.0,0.0,0.6375,0.5,0,128,1024,0.25,global two-component pi_rho=(1-rho)*pi_independent+rho*pi_group_shared over full 16-type personas,oracle_utility_trace - harp_utility_trace,0,False,,softmax,1.0,True
0.0,2,8,2,20,0.0,20,harp_s,3.0,0.0,0.6375,0.5,0,128,1024,0.25,global two-component pi_rho=(1-rho)*pi_independent+rho*pi_group_shared over full 16-type personas,oracle_utility_trace - harp_s_utility_trace,0,False,,softmax,1.0,True
0.0,2,8,2,20,0.0,21,oracle,0.0,0.0,0.63125,0.75,0,65665,525320,0.25,global two-component pi_rho=(1-rho)*pi_independent+rho*pi_group_shared over full 16-type personas,oracle_utility_trace - oracle_utility_trace,0,False,,softmax,1.0,True
0.0,2,8,2,20,0.0,21,joint,1.5,0.0,0.63125,0.75,0,65665,525320,0.25,global two-component pi_rho=(1-rho)*pi_independent+rho*pi_group_shared over full 16-type personas,oracle_utility_trace - joint_utility_trace,0,False,,softmax,1.0,True
0.0,2,8,2,20,0.0,21,harp,1.5,0.0,0.63125,0.75,0,128,1024,0.25,global two-component pi_rho=(1-rho)*pi_independent+rho*pi_group_shared over full 16-type personas,oracle_utility_trace - harp_utility_trace,0,False,,softmax,1.0,True
0.0,2,8,2,20,0.0,21,harp_s,1.5,0.0,0.63125,0.75,0,128,1024,0.25,global two-component pi_rho=(1-rho)*pi_independent+rho*pi_group_shared over full 16-type personas,oracle_utility_trace - harp_s_utility_trace,0,False,,softmax,1.0,True
0.0,2,8,2,20,0.0,22,oracle,0.0,0.0,0.55625,0.5,0,65665,525320,0.25,global two-component pi_rho=(1-rho)*pi_independent+rho*pi_group_shared over full 16-type personas,oracle_utility_trace - oracle_utility_trace,0,False,,softmax,1.0,True
0.0,2,8,2,20,0.0,22,joint,6.740000000000002,0.0,0.55625,0.5,0,65665,525320,0.25,global two-component pi_rho=(1-rho)*pi_independent+rho*pi_group_shared over full 16-type personas,oracle_utility_trace - joint_utility_trace,0,False,,softmax,1.0,True
0.0,2,8,2,20,0.0,22,harp,6.740000000000002,0.0,0.55625,0.5,0,128,1024,0.25,global two-component pi_rho=(1-rho)*pi_independent+rho*pi_group_shared over full 16-type personas,oracle_utility_trace - harp_utility_trace,0,False,,softmax,1.0,True
0.0,2,8,2,20,0.0,22,harp_s,6.740000000000002,0.0,0.55625,0.5,0,128,1024,0.25,global two-component pi_rho=(1-rho)*pi_independent+rho*pi_group_shared over full 16-type personas,oracle_utility_trace - harp_s_utility_trace,0,False,,softmax,1.0,True
0.0,2,8,2,20,0.0,23,oracle,0.0,0.0,0.59375,0.75,0,65665,525320,0.25,global two-component pi_rho=(1-rho)*pi_independent+rho*pi_group_shared over full 16-type personas,oracle_utility_trace - oracle_utility_trace,0,False,,softmax,1.0,True
0.0,2,8,2,20,0.0,23,joint,8.54,0.0,0.59375,0.75,0,65665,525320,0.25,global two-component pi_rho=(1-rho)*pi_independent+rho*pi_group_shared over full 16-type personas,oracle_utility_trace - joint_utility_trace,0,False,,softmax,1.0,True
0.0,2,8,2,20,0.0,23,harp,8.54,0.0,0.59375,0.75,0,128,1024,0.25,global two-component pi_rho=(1-rho)*pi_independent+rho*pi_group_shared over full 16-type personas,oracle_utility_trace - harp_utility_trace,0,False,,softmax,1.0,True
0.0,2,8,2,20,0.0,23,harp_s,8.54,0.0,0.59375,0.75,0,128,1024,0.25,global two-component pi_rho=(1-rho)*pi_independent+rho*pi_group_shared over full 16-type personas,oracle_utility_trace - harp_s_utility_trace,0,False,,softmax,1.0,True
0.0,2,8,2,20,0.0,24,oracle,0.0,0.0,0.68125,0.25,0,65665,525320,0.25,global two-component pi_rho=(1-rho)*pi_independent+rho*pi_group_shared over full 16-type personas,oracle_utility_trace - oracle_utility_trace,0,False,,softmax,1.0,True
0.0,2,8,2,20,0.0,24,joint,9.979999999999997,0.0,0.68125,0.25,0,65665,525320,0.25,global two-component pi_rho=(1-rho)*pi_independent+rho*pi_group_shared over full 16-type personas,oracle_utility_trace - joint_utility_trace,0,False,,softmax,1.0,True
0.0,2,8,2,20,0.0,24,harp,9.979999999999997,0.0,0.68125,0.25,0,128,1024,0.25,global two-component pi_rho=(1-rho)*pi_independent+rho*pi_group_shared over full 16-type personas,oracle_utility_trace - harp_utility_trace,0,False,,softmax,1.0,True
0.0,2,8,2,20,0.0,24,harp_s,9.979999999999997,0.0,0.68125,0.25,0,128,1024,0.25,global two-component pi_rho=(1-rho)*pi_independent+rho*pi_group_shared over full 16-type personas,oracle_utility_trace - harp_s_utility_trace,0,False,,softmax,1.0,True
0.0,2,8,2,20,0.0,25,oracle,0.0,0.0,0.71875,0.25,0,65665,525320,0.25,global two-component pi_rho=(1-rho)*pi_independent+rho*pi_group_shared over full 16-type personas,oracle_utility_trace - oracle_utility_trace,0,False,,softmax,1.0,True
0.0,2,8,2,20,0.0,25,joint,3.8900000000000006,0.0,0.71875,0.25,0,65665,525320,0.25,global two-component pi_rho=(1-rho)*pi_independent+rho*pi_group_shared over full 16-type personas,oracle_utility_trace - joint_utility_trace,0,False,,softmax,1.0,True
0.0,2,8,2,20,0.0,25,harp,3.8900000000000006,0.0,0.71875,0.25,0,128,1024,0.25,global two-component pi_rho=(1-rho)*pi_independent+rho*pi_group_shared over full 16-type personas,oracle_utility_trace - harp_utility_trace,0,False,,softmax,1.0,True
0.0,2,8,2,20,0.0,25,harp_s,3.8900000000000006,0.0,0.71875,0.25,0,128,1024,0.25,global two-component pi_rho=(1-rho)*pi_independent+rho*pi_group_shared over full 16-type personas,oracle_utility_trace - harp_s_utility_trace,0,False,,softmax,1.0,True
0.0,2,8,2,20,0.0,26,oracle,0.0,0.0,0.5625,0.5,0,65665,525320,0.25,global two-component pi_rho=(1-rho)*pi_independent+rho*pi_group_shared over full 16-type personas,oracle_utility_trace - oracle_utility_trace,0,False,,softmax,1.0,True
0.0,2,8,2,20,0.0,26,joint,-1.75,0.0,0.5625,0.5,0,65665,525320,0.25,global two-component pi_rho=(1-rho)*pi_independent+rho*pi_group_shared over full 16-type personas,oracle_utility_trace - joint_utility_trace,0,False,,softmax,1.0,True
0.0,2,8,2,20,0.0,26,harp,-1.75,0.0,0.5625,0.5,0,128,1024,0.25,global two-component pi_rho=(1-rho)*pi_independent+rho*pi_group_shared over full 16-type personas,oracle_utility_trace - harp_utility_trace,0,False,,softmax,1.0,True
0.0,2,8,2,20,0.0,26,harp_s,-1.75,0.0,0.5625,0.5,0,128,1024,0.25,global two-component pi_rho=(1-rho)*pi_independent+rho*pi_group_shared over full 16-type personas,oracle_utility_trace - harp_s_utility_trace,0,False,,softmax,1.0,True
0.0,2,8,2,20,0.0,27,oracle,0.0,0.0,0.5125,0.75,0,65665,525320,0.25,global two-component pi_rho=(1-rho)*pi_independent+rho*pi_group_shared over full 16-type personas,oracle_utility_trace - oracle_utility_trace,0,False,,softmax,1.0,True
0.0,2,8,2,20,0.0,27,joint,5.279999999999998,0.0,0.5125,0.75,0,65665,525320,0.25,global two-component pi_rho=(1-rho)*pi_independent+rho*pi_group_shared over full 16-type personas,oracle_utility_trace - joint_utility_trace,0,False,,softmax,1.0,True
0.0,2,8,2,20,0.0,27,harp,5.279999999999998,0.0,0.5125,0.75,0,128,1024,0.25,global two-component pi_rho=(1-rho)*pi_independent+rho*pi_group_shared over full 16-type personas,oracle_utility_trace - harp_utility_trace,0,False,,softmax,1.0,True
0.0,2,8,2,20,0.0,27,harp_s,5.279999999999998,0.0,0.5125,0.75,0,128,1024,0.25,global two-component pi_rho=(1-rho)*pi_independent+rho*pi_group_shared over full 16-type personas,oracle_utility_trace - harp_s_utility_trace,0,False,,softmax,1.0,True
0.0,2,8,2,20,0.0,28,oracle,0.0,0.0,0.59375,0.75,0,65665,525320,0.25,global two-component pi_rho=(1-rho)*pi_independent+rho*pi_group_shared over full 16-type personas,oracle_utility_trace - oracle_utility_trace,0,False,,softmax,1.0,True
0.0,2,8,2,20,0.0,28,joint,7.859999999999992,0.0,0.59375,0.75,0,65665,525320,0.25,global two-component pi_rho=(1-rho)*pi_independent+rho*pi_group_shared over full 16-type personas,oracle_utility_trace - joint_utility_trace,0,False,,softmax,1.0,True
0.0,2,8,2,20,0.0,28,harp,7.859999999999992,0.0,0.59375,0.75,0,128,1024,0.25,global two-component pi_rho=(1-rho)*pi_independent+rho*pi_group_shared over full 16-type personas,oracle_utility_trace - harp_utility_trace,0,False,,softmax,1.0,True
0.0,2,8,2,20,0.0,28,harp_s,7.859999999999992,0.0,0.59375,0.75,0,128,1024,0.25,global two-component pi_rho=(1-rho)*pi_independent+rho*pi_group_shared over full 16-type personas,oracle_utility_trace - harp_s_utility_trace,0,False,,softmax,1.0,True
0.0,2,8,2,20,0.0,29,oracle,0.0,0.0,0.5625,0.25,0,65665,525320,0.25,global two-component pi_rho=(1-rho)*pi_independent+rho*pi_group_shared over full 16-type personas,oracle_utility_trace - oracle_utility_trace,0,False,,softmax,1.0,True
0.0,2,8,2,20,0.0,29,joint,15.86,0.0,0.5625,0.25,0,65665,525320,0.25,global two-component pi_rho=(1-rho)*pi_independent+rho*pi_group_shared over full 16-type personas,oracle_utility_trace - joint_utility_trace,0,False,,softmax,1.0,True
0.0,2,8,2,20,0.0,29,harp,15.86,0.0,0.5625,0.25,0,128,1024,0.25,global two-component pi_rho=(1-rho)*pi_independent+rho*pi_group_shared over full 16-type personas,oracle_utility_trace - harp_utility_trace,0,False,,softmax,1.0,True
0.0,2,8,2,20,0.0,29,harp_s,15.86,0.0,0.5625,0.25,0,128,1024,0.25,global two-component pi_rho=(1-rho)*pi_independent+rho*pi_group_shared over full 16-type personas,oracle_utility_trace - harp_s_utility_trace,0,False,,softmax,1.0,True
0.0,2,8,2,20,0.0,30,oracle,0.0,0.0,0.4,0.5,0,65665,525320,0.25,global two-component pi_rho=(1-rho)*pi_independent+rho*pi_group_shared over full 16-type personas,oracle_utility_trace - oracle_utility_trace,0,False,,softmax,1.0,True
0.0,2,8,2,20,0.0,30,joint,5.110000000000003,0.0,0.4,0.5,0,65665,525320,0.25,global two-component pi_rho=(1-rho)*pi_independent+rho*pi_group_shared over full 16-type personas,oracle_utility_trace - joint_utility_trace,0,False,,softmax,1.0,True
0.0,2,8,2,20,0.0,30,harp,5.110000000000003,0.0,0.4,0.5,0,128,1024,0.25,global two-component pi_rho=(1-rho)*pi_independent+rho*pi_group_shared over full 16-type personas,oracle_utility_trace - harp_utility_trace,0,False,,softmax,1.0,True
0.0,2,8,2,20,0.0,30,harp_s,5.110000000000003,0.0,0.4,0.5,0,128,1024,0.25,global two-component pi_rho=(1-rho)*pi_independent+rho*pi_group_shared over full 16-type personas,oracle_utility_trace - harp_s_utility_trace,0,False,,softmax,1.0,True
0.0,2,8,2,20,0.0,31,oracle,0.0,0.0,0.6125,0.5,0,65665,525320,0.25,global two-component pi_rho=(1-rho)*pi_independent+rho*pi_group_shared over full 16-type personas,oracle_utility_trace - oracle_utility_trace,0,False,,softmax,1.0,True
0.0,2,8,2,20,0.0,31,joint,5.329999999999998,0.0,0.6125,0.5,0,65665,525320,0.25,global two-component pi_rho=(1-rho)*pi_independent+rho*pi_group_shared over full 16-type personas,oracle_utility_trace - joint_utility_trace,0,False,,softmax,1.0,True
0.0,2,8,2,20,0.0,31,harp,5.329999999999998,0.0,0.6125,0.5,0,128,1024,0.25,global two-component pi_rho=(1-rho)*pi_independent+rho*pi_group_shared over full 16-type personas,oracle_utility_trace - harp_utility_trace,0,False,,softmax,1.0,True
0.0,2,8,2,20,0.0,31,harp_s,5.329999999999998,0.0,0.6125,0.5,0,128,1024,0.25,global two-component pi_rho=(1-rho)*pi_independent+rho*pi_group_shared over full 16-type personas,oracle_utility_trace - harp_s_utility_trace,0,False,,softmax,1.0,True
0.0,2,8,2,20,0.0,32,oracle,0.0,0.0,0.575,0.5,0,65665,525320,0.25,global two-component pi_rho=(1-rho)*pi_independent+rho*pi_group_shared over full 16-type personas,oracle_utility_trace - oracle_utility_trace,0,False,,softmax,1.0,True
0.0,2,8,2,20,0.0,32,joint,5.760000000000005,0.0,0.575,0.5,0,65665,525320,0.25,global two-component pi_rho=(1-rho)*pi_independent+rho*pi_group_shared over full 16-type personas,oracle_utility_trace - joint_utility_trace,0,False,,softmax,1.0,True
0.0,2,8,2,20,0.0,32,harp,5.760000000000005,0.0,0.575,0.5,0,128,1024,0.25,global two-component pi_rho=(1-rho)*pi_independent+rho*pi_group_shared over full 16-type personas,oracle_utility_trace - harp_utility_trace,0,False,,softmax,1.0,True
0.0,2,8,2,20,0.0,32,harp_s,5.760000000000005,0.0,0.575,0.5,0,128,1024,0.25,global two-component pi_rho=(1-rho)*pi_independent+rho*pi_group_shared over full 16-type personas,oracle_utility_trace - harp_s_utility_trace,0,False,,softmax,1.0,True
0.0,2,8,2,20,0.0,33,oracle,0.0,0.0,0.5125,0.5,0,65665,525320,0.25,global two-component pi_rho=(1-rho)*pi_independent+rho*pi_group_shared over full 16-type personas,oracle_utility_trace - oracle_utility_trace,0,False,,softmax,1.0,True
0.0,2,8,2,20,0.0,33,joint,5.8700000000000045,0.0,0.5125,0.5,0,65665,525320,0.25,global two-component pi_rho=(1-rho)*pi_independent+rho*pi_group_shared over full 16-type personas,oracle_utility_trace - joint_utility_trace,0,False,,softmax,1.0,True
0.0,2,8,2,20,0.0,33,harp,5.8700000000000045,0.0,0.5125,0.5,0,128,1024,0.25,global two-component pi_rho=(1-rho)*pi_independent+rho*pi_group_shared over full 16-type personas,oracle_utility_trace - harp_utility_trace,0,False,,softmax,1.0,True
0.0,2,8,2,20,0.0,33,harp_s,5.8700000000000045,0.0,0.5125,0.5,0,128,1024,0.25,global two-component pi_rho=(1-rho)*pi_independent+rho*pi_group_shared over full 16-type personas,oracle_utility_trace - harp_s_utility_trace,0,False,,softmax,1.0,True
0.0,2,8,2,20,0.0,34,oracle,0.0,0.0,0.7,0.5,0,65665,525320,0.25,global two-component pi_rho=(1-rho)*pi_independent+rho*pi_group_shared over full 16-type personas,oracle_utility_trace - oracle_utility_trace,0,False,,softmax,1.0,True
0.0,2,8,2,20,0.0,34,joint,7.649999999999984,0.0,0.7,0.5,0,65665,525320,0.25,global two-component pi_rho=(1-rho)*pi_independent+rho*pi_group_shared over full 16-type personas,oracle_utility_trace - joint_utility_trace,0,False,,softmax,1.0,True
0.0,2,8,2,20,0.0,34,harp,7.649999999999984,0.0,0.7,0.5,0,128,1024,0.25,global two-component pi_rho=(1-rho)*pi_independent+rho*pi_group_shared over full 16-type personas,oracle_utility_trace - harp_utility_trace,0,False,,softmax,1.0,True
0.0,2,8,2,20,0.0,34,harp_s,7.649999999999984,0.0,0.7,0.5,0,128,1024,0.25,global two-component pi_rho=(1-rho)*pi_independent+rho*pi_group_shared over full 16-type personas,oracle_utility_trace - harp_s_utility_trace,0,False,,softmax,1.0,True
0.0,2,8,2,20,0.0,35,oracle,0.0,0.0,0.6375,0.75,0,65665,525320,0.25,global two-component pi_rho=(1-rho)*pi_independent+rho*pi_group_shared over full 16-type personas,oracle_utility_trace - oracle_utility_trace,0,False,,softmax,1.0,True
0.0,2,8,2,20,0.0,35,joint,9.43,0.0,0.6375,0.75,0,65665,525320,0.25,global two-component pi_rho=(1-rho)*pi_independent+rho*pi_group_shared over full 16-type personas,oracle_utility_trace - joint_utility_trace,0,False,,softmax,1.0,True
0.0,2,8,2,20,0.0,35,harp,9.43,0.0,0.6375,0.75,0,128,1024,0.25,global two-component pi_rho=(1-rho)*pi_independent+rho*pi_group_shared over full 16-type personas,oracle_utility_trace - harp_utility_trace,0,False,,softmax,1.0,True
0.0,2,8,2,20,0.0,35,harp_s,9.43,0.0,0.6375,0.75,0,128,1024,0.25,global two-component pi_rho=(1-rho)*pi_independent+rho*pi_group_shared over full 16-type personas,oracle_utility_trace - harp_s_utility_trace,0,False,,softmax,1.0,True
0.0,2,8,2,20,0.0,36,oracle,0.0,0.0,0.38125,0.75,0,65665,525320,0.25,global two-component pi_rho=(1-rho)*pi_independent+rho*pi_group_shared over full 16-type personas,oracle_utility_trace - oracle_utility_trace,0,False,,softmax,1.0,True
0.0,2,8,2,20,0.0,36,joint,0.0,0.0,0.38125,0.75,0,65665,525320,0.25,global two-component pi_rho=(1-rho)*pi_independent+rho*pi_group_shared over full 16-type personas,oracle_utility_trace - joint_utility_trace,0,False,,softmax,1.0,True
0.0,2,8,2,20,0.0,36,harp,0.0,0.0,0.38125,0.75,0,128,1024,0.25,global two-component pi_rho=(1-rho)*pi_independent+rho*pi_group_shared over full 16-type personas,oracle_utility_trace - harp_utility_trace,0,False,,softmax,1.0,True
0.0,2,8,2,20,0.0,36,harp_s,0.0,0.0,0.38125,0.75,0,128,1024,0.25,global two-component pi_rho=(1-rho)*pi_independent+rho*pi_group_shared over full 16-type personas,oracle_utility_trace - harp_s_utility_trace,0,False,,softmax,1.0,True
0.0,2,8,2,20,0.0,37,oracle,0.0,0.0,0.61875,0.75,0,65665,525320,0.25,global two-component pi_rho=(1-rho)*pi_independent+rho*pi_group_shared over full 16-type personas,oracle_utility_trace - oracle_utility_trace,0,False,,softmax,1.0,True
0.0,2,8,2,20,0.0,37,joint,0.18999999999999773,0.0,0.61875,0.75,0,65665,525320,0.25,global two-component pi_rho=(1-rho)*pi_independent+rho*pi_group_shared over full 16-type personas,oracle_utility_trace - joint_utility_trace,0,False,,softmax,1.0,True
0.0,2,8,2,20,0.0,37,harp,0.18999999999999773,0.0,0.61875,0.75,0,128,1024,0.25,global two-component pi_rho=(1-rho)*pi_independent+rho*pi_group_shared over full 16-type personas,oracle_utility_trace - harp_utility_trace,0,False,,softmax,1.0,True
0.0,2,8,2,20,0.0,37,harp_s,0.18999999999999773,0.0,0.61875,0.75,0,128,1024,0.25,global two-component pi_rho=(1-rho)*pi_independent+rho*pi_group_shared over full 16-type personas,oracle_utility_trace - harp_s_utility_trace,0,False,,softmax,1.0,True
0.0,2,8,2,20,0.0,38,oracle,0.0,0.0,0.5375,0.0,0,65665,525320,0.25,global two-component pi_rho=(1-rho)*pi_independent+rho*pi_group_shared over full 16-type personas,oracle_utility_trace - oracle_utility_trace,0,False,,softmax,1.0,True
0.0,2,8,2,20,0.0,38,joint,1.5,0.0,0.5375,0.0,0,65665,525320,0.25,global two-component pi_rho=(1-rho)*pi_independent+rho*pi_group_shared over full 16-type personas,oracle_utility_trace - joint_utility_trace,0,False,,softmax,1.0,True
0.0,2,8,2,20,0.0,38,harp,1.5,0.0,0.5375,0.0,0,128,1024,0.25,global two-component pi_rho=(1-rho)*pi_independent+rho*pi_group_shared over full 16-type personas,oracle_utility_trace - harp_utility_trace,0,False,,softmax,1.0,True
0.0,2,8,2,20,0.0,38,harp_s,1.5,0.0,0.5375,0.0,0,128,1024,0.25,global two-component pi_rho=(1-rho)*pi_independent+rho*pi_group_shared over full 16-type personas,oracle_utility_trace - harp_s_utility_trace,0,False,,softmax,1.0,True
0.0,2,8,2,20,0.0,39,oracle,0.0,0.0,0.64375,0.5,0,65665,525320,0.25,global two-component pi_rho=(1-rho)*pi_independent+rho*pi_group_shared over full 16-type personas,oracle_utility_trace - oracle_utility_trace,0,False,,softmax,1.0,True
0.0,2,8,2,20,0.0,39,joint,9.269999999999996,0.0,0.64375,0.5,0,65665,525320,0.25,global two-component pi_rho=(1-rho)*pi_independent+rho*pi_group_shared over full 16-type personas,oracle_utility_trace - joint_utility_trace,0,False,,softmax,1.0,True
0.0,2,8,2,20,0.0,39,harp,9.269999999999996,0.0,0.64375,0.5,0,128,1024,0.25,global two-component pi_rho=(1-rho)*pi_independent+rho*pi_group_shared over full 16-type personas,oracle_utility_trace - harp_utility_trace,0,False,,softmax,1.0,True
0.0,2,8,2,20,0.0,39,harp_s,9.269999999999996,0.0,0.64375,0.5,0,128,1024,0.25,global two-component pi_rho=(1-rho)*pi_independent+rho*pi_group_shared over full 16-type personas,oracle_utility_trace - harp_s_utility_trace,0,False,,softmax,1.0,True
0.0,2,8,2,20,0.0,40,oracle,0.0,0.0,0.7,0.5,0,65665,525320,0.25,global two-component pi_rho=(1-rho)*pi_independent+rho*pi_group_shared over full 16-type personas,oracle_utility_trace - oracle_utility_trace,0,False,,softmax,1.0,True
0.0,2,8,2,20,0.0,40,joint,1.8400000000000034,0.0,0.7,0.5,0,65665,525320,0.25,global two-component pi_rho=(1-rho)*pi_independent+rho*pi_group_shared over full 16-type personas,oracle_utility_trace - joint_utility_trace,0,False,,softmax,1.0,True
0.0,2,8,2,20,0.0,40,harp,1.8400000000000034,0.0,0.7,0.5,0,128,1024,0.25,global two-component pi_rho=(1-rho)*pi_independent+rho*pi_group_shared over full 16-type personas,oracle_utility_trace - harp_utility_trace,0,False,,softmax,1.0,True
0.0,2,8,2,20,0.0,40,harp_s,1.8400000000000034,0.0,0.7,0.5,0,128,1024,0.25,global two-component pi_rho=(1-rho)*pi_independent+rho*pi_group_shared over full 16-type personas,oracle_utility_trace - harp_s_utility_trace,0,False,,softmax,1.0,True
0.0,2,8,2,20,0.0,41,oracle,0.0,0.0,0.45625,0.75,0,65665,525320,0.25,global two-component pi_rho=(1-rho)*pi_independent+rho*pi_group_shared over full 16-type personas,oracle_utility_trace - oracle_utility_trace,0,False,,softmax,1.0,True
0.0,2,8,2,20,0.0,41,joint,1.5,0.0,0.45625,0.75,0,65665,525320,0.25,global two-component pi_rho=(1-rho)*pi_independent+rho*pi_group_shared over full 16-type personas,oracle_utility_trace - joint_utility_trace,0,False,,softmax,1.0,True
0.0,2,8,2,20,0.0,41,harp,1.5,0.0,0.45625,0.75,0,128,1024,0.25,global two-component pi_rho=(1-rho)*pi_independent+rho*pi_group_shared over full 16-type personas,oracle_utility_trace - harp_utility_trace,0,False,,softmax,1.0,True
0.0,2,8,2,20,0.0,41,harp_s,1.5,0.0,0.45625,0.75,0,128,1024,0.25,global two-component pi_rho=(1-rho)*pi_independent+rho*pi_group_shared over full 16-type personas,oracle_utility_trace - harp_s_utility_trace,0,False,,softmax,1.0,True
0.0,2,8,2,20,0.0,42,oracle,0.0,0.0,0.63125,0.5,0,65665,525320,0.25,global two-component pi_rho=(1-rho)*pi_independent+rho*pi_group_shared over full 16-type personas,oracle_utility_trace - oracle_utility_trace,0,False,,softmax,1.0,True
0.0,2,8,2,20,0.0,42,joint,0.8199999999999932,0.0,0.63125,0.5,0,65665,525320,0.25,global two-component pi_rho=(1-rho)*pi_independent+rho*pi_group_shared over full 16-type personas,oracle_utility_trace - joint_utility_trace,0,False,,softmax,1.0,True
0.0,2,8,2,20,0.0,42,harp,0.8199999999999932,0.0,0.63125,0.5,0,128,1024,0.25,global two-component pi_rho=(1-rho)*pi_independent+rho*pi_group_shared over full 16-type personas,oracle_utility_trace - harp_utility_trace,0,False,,softmax,1.0,True
0.0,2,8,2,20,0.0,42,harp_s,0.8199999999999932,0.0,0.63125,0.5,0,128,1024,0.25,global two-component pi_rho=(1-rho)*pi_independent+rho*pi_group_shared over full 16-type personas,oracle_utility_trace - harp_s_utility_trace,0,False,,softmax,1.0,True
0.0,2,8,2,20,0.0,43,oracle,0.0,0.0,0.75625,0.25,0,65665,525320,0.25,global two-component pi_rho=(1-rho)*pi_independent+rho*pi_group_shared over full 16-type personas,oracle_utility_trace - oracle_utility_trace,0,False,,softmax,1.0,True
0.0,2,8,2,20,0.0,43,joint,5.999999999999993,0.0,0.75625,0.25,0,65665,525320,0.25,global two-component pi_rho=(1-rho)*pi_independent+rho*pi_group_shared over full 16-type personas,oracle_utility_trace - joint_utility_trace,0,False,,softmax,1.0,True
0.0,2,8,2,20,0.0,43,harp,5.999999999999993,0.0,0.75625,0.25,0,128,1024,0.25,global two-component pi_rho=(1-rho)*pi_independent+rho*pi_group_shared over full 16-type personas,oracle_utility_trace - harp_utility_trace,0,False,,softmax,1.0,True
0.0,2,8,2,20,0.0,43,harp_s,5.999999999999993,0.0,0.75625,0.25,0,128,1024,0.25,global two-component pi_rho=(1-rho)*pi_independent+rho*pi_group_shared over full 16-type personas,oracle_utility_trace - harp_s_utility_trace,0,False,,softmax,1.0,True
0.0,2,8,2,20,0.0,44,oracle,0.0,0.0,0.63125,0.5,0,65665,525320,0.25,global two-component pi_rho=(1-rho)*pi_independent+rho*pi_group_shared over full 16-type personas,oracle_utility_trace - oracle_utility_trace,0,False,,softmax,1.0,True
0.0,2,8,2,20,0.0,44,joint,0.01999999999999602,0.0,0.63125,0.5,0,65665,525320,0.25,global two-component pi_rho=(1-rho)*pi_independent+rho*pi_group_shared over full 16-type personas,oracle_utility_trace - joint_utility_trace,0,False,,softmax,1.0,True
0.0,2,8,2,20,0.0,44,harp,0.01999999999999602,0.0,0.63125,0.5,0,128,1024,0.25,global two-component pi_rho=(1-rho)*pi_independent+rho*pi_group_shared over full 16-type personas,oracle_utility_trace - harp_utility_trace,0,False,,softmax,1.0,True
0.0,2,8,2,20,0.0,44,harp_s,0.01999999999999602,0.0,0.63125,0.5,0,128,1024,0.25,global two-component pi_rho=(1-rho)*pi_independent+rho*pi_group_shared over full 16-type personas,oracle_utility_trace - harp_s_utility_trace,0,False,,softmax,1.0,True
0.0,2,8,2,20,0.0,45,oracle,0.0,0.0,0.5,0.5,0,65665,525320,0.25,global two-component pi_rho=(1-rho)*pi_independent+rho*pi_group_shared over full 16-type personas,oracle_utility_trace - oracle_utility_trace,0,False,,softmax,1.0,True
0.0,2,8,2,20,0.0,45,joint,11.679999999999993,0.0,0.5,0.5,0,65665,525320,0.25,global two-component pi_rho=(1-rho)*pi_independent+rho*pi_group_shared over full 16-type personas,oracle_utility_trace - joint_utility_trace,0,False,,softmax,1.0,True
0.0,2,8,2,20,0.0,45,harp,11.679999999999993,0.0,0.5,0.5,0,128,1024,0.25,global two-component pi_rho=(1-rho)*pi_independent+rho*pi_group_shared over full 16-type personas,oracle_utility_trace - harp_utility_trace,0,False,,softmax,1.0,True
0.0,2,8,2,20,0.0,45,harp_s,11.679999999999993,0.0,0.5,0.5,0,128,1024,0.25,global two-component pi_rho=(1-rho)*pi_independent+rho*pi_group_shared over full 16-type personas,oracle_utility_trace - harp_s_utility_trace,0,False,,softmax,1.0,True
0.0,2,8,2,20,0.0,46,oracle,0.0,0.0,0.65,0.75,0,65665,525320,0.25,global two-component pi_rho=(1-rho)*pi_independent+rho*pi_group_shared over full 16-type personas,oracle_utility_trace - oracle_utility_trace,0,False,,softmax,1.0,True
0.0,2,8,2,20,0.0,46,joint,14.499999999999993,0.0,0.65,0.75,0,65665,525320,0.25,global two-component pi_rho=(1-rho)*pi_independent+rho*pi_group_shared over full 16-type personas,oracle_utility_trace - joint_utility_trace,0,False,,softmax,1.0,True
0.0,2,8,2,20,0.0,46,harp,14.499999999999993,0.0,0.65,0.75,0,128,1024,0.25,global two-component pi_rho=(1-rho)*pi_independent+rho*pi_group_shared over full 16-type personas,oracle_utility_trace - harp_utility_trace,0,False,,softmax,1.0,True
0.0,2,8,2,20,0.0,46,harp_s,14.499999999999993,0.0,0.65,0.75,0,128,1024,0.25,global two-component pi_rho=(1-rho)*pi_independent+rho*pi_group_shared over full 16-type personas,oracle_utility_trace - harp_s_utility_trace,0,False,,softmax,1.0,True
0.0,2,8,2,20,0.0,47,oracle,0.0,0.0,0.5875,0.5,0,65665,525320,0.25,global two-component pi_rho=(1-rho)*pi_independent+rho*pi_group_shared over full 16-type personas,oracle_utility_trace - oracle_utility_trace,0,False,,softmax,1.0,True
0.0,2,8,2,20,0.0,47,joint,4.439999999999998,0.0,0.5875,0.5,0,65665,525320,0.25,global two-component pi_rho=(1-rho)*pi_independent+rho*pi_group_shared over full 16-type personas,oracle_utility_trace - joint_utility_trace,0,False,,softmax,1.0,True
0.0,2,8,2,20,0.0,47,harp,4.439999999999998,0.0,0.5875,0.5,0,128,1024,0.25,global two-component pi_rho=(1-rho)*pi_independent+rho*pi_group_shared over full 16-type personas,oracle_utility_trace - harp_utility_trace,0,False,,softmax,1.0,True
0.0,2,8,2,20,0.0,47,harp_s,4.439999999999998,0.0,0.5875,0.5,0,128,1024,0.25,global two-component pi_rho=(1-rho)*pi_independent+rho*pi_group_shared over full 16-type personas,oracle_utility_trace - harp_s_utility_trace,0,False,,softmax,1.0,True
0.0,2,8,2,20,0.0,48,oracle,0.0,0.0,0.375,0.75,0,65665,525320,0.25,global two-component pi_rho=(1-rho)*pi_independent+rho*pi_group_shared over full 16-type personas,oracle_utility_trace - oracle_utility_trace,0,False,,softmax,1.0,True
0.0,2,8,2,20,0.0,48,joint,3.8299999999999983,0.0,0.375,0.75,0,65665,525320,0.25,global two-component pi_rho=(1-rho)*pi_independent+rho*pi_group_shared over full 16-type personas,oracle_utility_trace - joint_utility_trace,0,False,,softmax,1.0,True
0.0,2,8,2,20,0.0,48,harp,3.8299999999999983,0.0,0.375,0.75,0,128,1024,0.25,global two-component pi_rho=(1-rho)*pi_independent+rho*pi_group_shared over full 16-type personas,oracle_utility_trace - harp_utility_trace,0,False,,softmax,1.0,True
0.0,2,8,2,20,0.0,48,harp_s,3.8299999999999983,0.0,0.375,0.75,0,128,1024,0.25,global two-component pi_rho=(1-rho)*pi_independent+rho*pi_group_shared over full 16-type personas,oracle_utility_trace - harp_s_utility_trace,0,False,,softmax,1.0,True
0.0,2,8,2,20,0.0,49,oracle,0.0,0.0,0.55,1.0,0,65665,525320,0.25,global two-component pi_rho=(1-rho)*pi_independent+rho*pi_group_shared over full 16-type personas,oracle_utility_trace - oracle_utility_trace,0,False,,softmax,1.0,True
0.0,2,8,2,20,0.0,49,joint,6.309999999999995,0.0,0.55,1.0,0,65665,525320,0.25,global two-component pi_rho=(1-rho)*pi_independent+rho*pi_group_shared over full 16-type personas,oracle_utility_trace - joint_utility_trace,0,False,,softmax,1.0,True
0.0,2,8,2,20,0.0,49,harp,6.309999999999995,0.0,0.55,1.0,0,128,1024,0.25,global two-component pi_rho=(1-rho)*pi_independent+rho*pi_group_shared over full 16-type personas,oracle_utility_trace - harp_utility_trace,0,False,,softmax,1.0,True
0.0,2,8,2,20,0.0,49,harp_s,6.309999999999995,0.0,0.55,1.0,0,128,1024,0.25,global two-component pi_rho=(1-rho)*pi_independent+rho*pi_group_shared over full 16-type personas,oracle_utility_trace - harp_s_utility_trace,0,False,,softmax,1.0,True
0.0,2,8,2,20,0.0,50,oracle,0.0,0.0,0.68125,0.5,0,65665,525320,0.25,global two-component pi_rho=(1-rho)*pi_independent+rho*pi_group_shared over full 16-type personas,oracle_utility_trace - oracle_utility_trace,0,False,,softmax,1.0,True
0.0,2,8,2,20,0.0,50,joint,12.580000000000002,0.0,0.68125,0.5,0,65665,525320,0.25,global two-component pi_rho=(1-rho)*pi_independent+rho*pi_group_shared over full 16-type personas,oracle_utility_trace - joint_utility_trace,0,False,,softmax,1.0,True
0.0,2,8,2,20,0.0,50,harp,12.580000000000002,0.0,0.68125,0.5,0,128,1024,0.25,global two-component pi_rho=(1-rho)*pi_independent+rho*pi_group_shared over full 16-type personas,oracle_utility_trace - harp_utility_trace,0,False,,softmax,1.0,True
0.0,2,8,2,20,0.0,50,harp_s,12.580000000000002,0.0,0.68125,0.5,0,128,1024,0.25,global two-component pi_rho=(1-rho)*pi_independent+rho*pi_group_shared over full 16-type personas,oracle_utility_trace - harp_s_utility_trace,0,False,,softmax,1.0,True
0.0,2,8,2,20,0.0,51,oracle,0.0,0.0,0.64375,0.75,0,65665,525320,0.25,global two-component pi_rho=(1-rho)*pi_independent+rho*pi_group_shared over full 16-type personas,oracle_utility_trace - oracle_utility_trace,0,False,,softmax,1.0,True
0.0,2,8,2,20,0.0,51,joint,9.070000000000007,0.0,0.64375,0.75,0,65665,525320,0.25,global two-component pi_rho=(1-rho)*pi_independent+rho*pi_group_shared over full 16-type personas,oracle_utility_trace - joint_utility_trace,0,False,,softmax,1.0,True
0.0,2,8,2,20,0.0,51,harp,9.070000000000007,0.0,0.64375,0.75,0,128,1024,0.25,global two-component pi_rho=(1-rho)*pi_independent+rho*pi_group_shared over full 16-type personas,oracle_utility_trace - harp_utility_trace,0,False,,softmax,1.0,True
0.0,2,8,2,20,0.0,51,harp_s,9.070000000000007,0.0,0.64375,0.75,0,128,1024,0.25,global two-component pi_rho=(1-rho)*pi_independent+rho*pi_group_shared over full 16-type personas,oracle_utility_trace - harp_s_utility_trace,0,False,,softmax,1.0,True
0.0,2,8,2,20,0.0,52,oracle,0.0,0.0,0.5125,0.75,0,65665,525320,0.25,global two-component pi_rho=(1-rho)*pi_independent+rho*pi_group_shared over full 16-type personas,oracle_utility_trace - oracle_utility_trace,0,False,,softmax,1.0,True
0.0,2,8,2,20,0.0,52,joint,8.959999999999994,0.0,0.5125,0.75,0,65665,525320,0.25,global two-component pi_rho=(1-rho)*pi_independent+rho*pi_group_shared over full 16-type personas,oracle_utility_trace - joint_utility_trace,0,False,,softmax,1.0,True
0.0,2,8,2,20,0.0,52,harp,8.959999999999994,0.0,0.5125,0.75,0,128,1024,0.25,global two-component pi_rho=(1-rho)*pi_independent+rho*pi_group_shared over full 16-type personas,oracle_utility_trace - harp_utility_trace,0,False,,softmax,1.0,True
0.0,2,8,2,20,0.0,52,harp_s,8.959999999999994,0.0,0.5125,0.75,0,128,1024,0.25,global two-component pi_rho=(1-rho)*pi_independent+rho*pi_group_shared over full 16-type personas,oracle_utility_trace - harp_s_utility_trace,0,False,,softmax,1.0,True
0.0,2,8,2,20,0.0,53,oracle,0.0,0.0,0.425,0.25,0,65665,525320,0.25,global two-component pi_rho=(1-rho)*pi_independent+rho*pi_group_shared over full 16-type personas,oracle_utility_trace - oracle_utility_trace,0,False,,softmax,1.0,True
0.0,2,8,2,20,0.0,53,joint,10.650000000000006,0.0,0.425,0.25,0,65665,525320,0.25,global two-component pi_rho=(1-rho)*pi_independent+rho*pi_group_shared over full 16-type personas,oracle_utility_trace - joint_utility_trace,0,False,,softmax,1.0,True
0.0,2,8,2,20,0.0,53,harp,10.650000000000006,0.0,0.425,0.25,0,128,1024,0.25,global two-component pi_rho=(1-rho)*pi_independent+rho*pi_group_shared over full 16-type personas,oracle_utility_trace - harp_utility_trace,0,False,,softmax,1.0,True
0.0,2,8,2,20,0.0,53,harp_s,10.650000000000006,0.0,0.425,0.25,0,128,1024,0.25,global two-component pi_rho=(1-rho)*pi_independent+rho*pi_group_shared over full 16-type personas,oracle_utility_trace - harp_s_utility_trace,0,False,,softmax,1.0,True
0.0,2,8,2,20,0.0,54,oracle,0.0,0.0,0.6875,0.5,0,65665,525320,0.25,global two-component pi_rho=(1-rho)*pi_independent+rho*pi_group_shared over full 16-type personas,oracle_utility_trace - oracle_utility_trace,0,False,,softmax,1.0,True
0.0,2,8,2,20,0.0,54,joint,8.400000000000002,0.0,0.6875,0.5,0,65665,525320,0.25,global two-component pi_rho=(1-rho)*pi_independent+rho*pi_group_shared over full 16-type personas,oracle_utility_trace - joint_utility_trace,0,False,,softmax,1.0,True
0.0,2,8,2,20,0.0,54,harp,8.400000000000002,0.0,0.6875,0.5,0,128,1024,0.25,global two-component pi_rho=(1-rho)*pi_independent+rho*pi_group_shared over full 16-type personas,oracle_utility_trace - harp_utility_trace,0,False,,softmax,1.0,True
0.0,2,8,2,20,0.0,54,harp_s,8.400000000000002,0.0,0.6875,0.5,0,128,1024,0.25,global two-component pi_rho=(1-rho)*pi_independent+rho*pi_group_shared over full 16-type personas,oracle_utility_trace - harp_s_utility_trace,0,False,,softmax,1.0,True
0.0,2,8,2,20,0.0,55,oracle,0.0,0.0,0.45625,0.75,0,65665,525320,0.25,global two-component pi_rho=(1-rho)*pi_independent+rho*pi_group_shared over full 16-type personas,oracle_utility_trace - oracle_utility_trace,0,False,,softmax,1.0,True
0.0,2,8,2,20,0.0,55,joint,10.049999999999997,0.0,0.45625,0.75,0,65665,525320,0.25,global two-component pi_rho=(1-rho)*pi_independent+rho*pi_group_shared over full 16-type personas,oracle_utility_trace - joint_utility_trace,0,False,,softmax,1.0,True
0.0,2,8,2,20,0.0,55,harp,10.049999999999997,0.0,0.45625,0.75,0,128,1024,0.25,global two-component pi_rho=(1-rho)*pi_independent+rho*pi_group_shared over full 16-type personas,oracle_utility_trace - harp_utility_trace,0,False,,softmax,1.0,True
0.0,2,8,2,20,0.0,55,harp_s,10.049999999999997,0.0,0.45625,0.75,0,128,1024,0.25,global two-component pi_rho=(1-rho)*pi_independent+rho*pi_group_shared over full 16-type personas,oracle_utility_trace - harp_s_utility_trace,0,False,,softmax,1.0,True
0.0,2,8,2,20,0.0,56,oracle,0.0,0.0,0.75,0.0,0,65665,525320,0.25,global two-component pi_rho=(1-rho)*pi_independent+rho*pi_group_shared over full 16-type personas,oracle_utility_trace - oracle_utility_trace,0,False,,softmax,1.0,True
0.0,2,8,2,20,0.0,56,joint,10.930000000000003,0.0,0.75,0.0,0,65665,525320,0.25,global two-component pi_rho=(1-rho)*pi_independent+rho*pi_group_shared over full 16-type personas,oracle_utility_trace - joint_utility_trace,0,False,,softmax,1.0,True
0.0,2,8,2,20,0.0,56,harp,10.930000000000003,0.0,0.75,0.0,0,128,1024,0.25,global two-component pi_rho=(1-rho)*pi_independent+rho*pi_group_shared over full 16-type personas,oracle_utility_trace - harp_utility_trace,0,False,,softmax,1.0,True
0.0,2,8,2,20,0.0,56,harp_s,10.930000000000003,0.0,0.75,0.0,0,128,1024,0.25,global two-component pi_rho=(1-rho)*pi_independent+rho*pi_group_shared over full 16-type personas,oracle_utility_trace - harp_s_utility_trace,0,False,,softmax,1.0,True
0.0,2,8,2,20,0.0,57,oracle,0.0,0.0,0.65625,0.75,0,65665,525320,0.25,global two-component pi_rho=(1-rho)*pi_independent+rho*pi_group_shared over full 16-type personas,oracle_utility_trace - oracle_utility_trace,0,False,,softmax,1.0,True
0.0,2,8,2,20,0.0,57,joint,3.8200000000000003,0.0,0.65625,0.75,0,65665,525320,0.25,global two-component pi_rho=(1-rho)*pi_independent+rho*pi_group_shared over full 16-type personas,oracle_utility_trace - joint_utility_trace,0,False,,softmax,1.0,True
0.0,2,8,2,20,0.0,57,harp,3.8200000000000003,0.0,0.65625,0.75,0,128,1024,0.25,global two-component pi_rho=(1-rho)*pi_independent+rho*pi_group_shared over full 16-type personas,oracle_utility_trace - harp_utility_trace,0,False,,softmax,1.0,True
0.0,2,8,2,20,0.0,57,harp_s,3.8200000000000003,0.0,0.65625,0.75,0,128,1024,0.25,global two-component pi_rho=(1-rho)*pi_independent+rho*pi_group_shared over full 16-type personas,oracle_utility_trace - harp_s_utility_trace,0,False,,softmax,1.0,True
0.0,2,8,2,20,0.0,58,oracle,0.0,0.0,0.39375,0.5,0,65665,525320,0.25,global two-component pi_rho=(1-rho)*pi_independent+rho*pi_group_shared over full 16-type personas,oracle_utility_trace - oracle_utility_trace,0,False,,softmax,1.0,True
0.0,2,8,2,20,0.0,58,joint,13.13000000000001,0.0,0.39375,0.5,0,65665,525320,0.25,global two-component pi_rho=(1-rho)*pi_independent+rho*pi_group_shared over full 16-type personas,oracle_utility_trace - joint_utility_trace,0,False,,softmax,1.0,True
0.0,2,8,2,20,0.0,58,harp,13.13000000000001,0.0,0.39375,0.5,0,128,1024,0.25,global two-component pi_rho=(1-rho)*pi_independent+rho*pi_group_shared over full 16-type personas,oracle_utility_trace - harp_utility_trace,0,False,,softmax,1.0,True
0.0,2,8,2,20,0.0,58,harp_s,13.13000000000001,0.0,0.39375,0.5,0,128,1024,0.25,global two-component pi_rho=(1-rho)*pi_independent+rho*pi_group_shared over full 16-type personas,oracle_utility_trace - harp_s_utility_trace,0,False,,softmax,1.0,True
0.0,2,8,2,20,0.0,59,oracle,0.0,0.0,0.475,0.5,0,65665,525320,0.25,global two-component pi_rho=(1-rho)*pi_independent+rho*pi_group_shared over full 16-type personas,oracle_utility_trace - oracle_utility_trace,0,False,,softmax,1.0,True
0.0,2,8,2,20,0.0,59,joint,1.4299999999999997,0.0,0.475,0.5,0,65665,525320,0.25,global two-component pi_rho=(1-rho)*pi_independent+rho*pi_group_shared over full 16-type personas,oracle_utility_trace - joint_utility_trace,0,False,,softmax,1.0,True
0.0,2,8,2,20,0.0,59,harp,1.4299999999999997,0.0,0.475,0.5,0,128,1024,0.25,global two-component pi_rho=(1-rho)*pi_independent+rho*pi_group_shared over full 16-type personas,oracle_utility_trace - harp_utility_trace,0,False,,softmax,1.0,True
0.0,2,8,2,20,0.0,59,harp_s,1.4299999999999997,0.0,0.475,0.5,0,128,1024,0.25,global two-component pi_rho=(1-rho)*pi_independent+rho*pi_group_shared over full 16-type personas,oracle_utility_trace - harp_s_utility_trace,0,False,,softmax,1.0,True
0.0,4,8,2,20,0.0,20,oracle,0.0,0.0,0.6375,0.3333333333333333,0,385,3080,0.25,global two-component pi_rho=(1-rho)*pi_independent+rho*pi_group_shared over full 16-type personas,oracle_utility_trace - oracle_utility_trace,0,False,,softmax,1.0,True
0.0,4,8,2,20,0.0,20,joint,2.0700000000000003,0.0,0.6375,0.3333333333333333,0,385,3080,0.25,global two-component pi_rho=(1-rho)*pi_independent+rho*pi_group_shared over full 16-type personas,oracle_utility_trace - joint_utility_trace,0,False,,softmax,1.0,True
0.0,4,8,2,20,0.0,20,harp,2.0700000000000003,0.0,0.6375,0.3333333333333333,0,128,1024,0.25,global two-component pi_rho=(1-rho)*pi_independent+rho*pi_group_shared over full 16-type personas,oracle_utility_trace - harp_utility_trace,0,False,,softmax,1.0,True
0.0,4,8,2,20,0.0,20,harp_s,2.0700000000000003,0.0,0.6375,0.3333333333333333,0,128,1024,0.25,global two-component pi_rho=(1-rho)*pi_independent+rho*pi_group_shared over full 16-type personas,oracle_utility_trace - harp_s_utility_trace,0,False,,softmax,1.0,True
0.0,4,8,2,20,0.0,21,oracle,0.0,0.0,0.63125,0.75,0,385,3080,0.25,global two-component pi_rho=(1-rho)*pi_independent+rho*pi_group_shared over full 16-type personas,oracle_utility_trace - oracle_utility_trace,0,False,,softmax,1.0,True
0.0,4,8,2,20,0.0,21,joint,0.019999999999999574,0.0,0.63125,0.75,0,385,3080,0.25,global two-component pi_rho=(1-rho)*pi_independent+rho*pi_group_shared over full 16-type personas,oracle_utility_trace - joint_utility_trace,0,False,,softmax,1.0,True
0.0,4,8,2,20,0.0,21,harp,0.019999999999999574,0.0,0.63125,0.75,0,128,1024,0.25,global two-component pi_rho=(1-rho)*pi_independent+rho*pi_group_shared over full 16-type personas,oracle_utility_trace - harp_utility_trace,0,False,,softmax,1.0,True
0.0,4,8,2,20,0.0,21,harp_s,0.019999999999999574,0.0,0.63125,0.75,0,128,1024,0.25,global two-component pi_rho=(1-rho)*pi_independent+rho*pi_group_shared over full 16-type personas,oracle_utility_trace - harp_s_utility_trace,0,False,,softmax,1.0,True
0.0,4,8,2,20,0.0,22,oracle,0.0,0.0,0.55625,0.5,0,385,3080,0.25,global two-component pi_rho=(1-rho)*pi_independent+rho*pi_group_shared over full 16-type personas,oracle_utility_trace - oracle_utility_trace,0,False,,softmax,1.0,True
0.0,4,8,2,20,0.0,22,joint,0.9100000000000037,0.0,0.55625,0.5,0,385,3080,0.25,global two-component pi_rho=(1-rho)*pi_independent+rho*pi_group_shared over full 16-type personas,oracle_utility_trace - joint_utility_trace,0,False,,softmax,1.0,True
0.0,4,8,2,20,0.0,22,harp,0.9100000000000037,0.0,0.55625,0.5,0,128,1024,0.25,global two-component pi_rho=(1-rho)*pi_independent+rho*pi_group_shared over full 16-type personas,oracle_utility_trace - harp_utility_trace,0,False,,softmax,1.0,True
0.0,4,8,2,20,0.0,22,harp_s,0.9100000000000037,0.0,0.55625,0.5,0,128,1024,0.25,global two-component pi_rho=(1-rho)*pi_independent+rho*pi_group_shared over full 16-type personas,oracle_utility_trace - harp_s_utility_trace,0,False,,softmax,1.0,True
0.0,4,8,2,20,0.0,23,oracle,0.0,0.0,0.59375,0.75,0,385,3080,0.25,global two-component pi_rho=(1-rho)*pi_independent+rho*pi_group_shared over full 16-type personas,oracle_utility_trace - oracle_utility_trace,0,False,,softmax,1.0,True
0.0,4,8,2,20,0.0,23,joint,2.490000000000002,0.0,0.59375,0.75,0,385,3080,0.25,global two-component pi_rho=(1-rho)*pi_independent+rho*pi_group_shared over full 16-type personas,oracle_utility_trace - joint_utility_trace,0,False,,softmax,1.0,True
0.0,4,8,2,20,0.0,23,harp,2.490000000000002,0.0,0.59375,0.75,0,128,1024,0.25,global two-component pi_rho=(1-rho)*pi_independent+rho*pi_group_shared over full 16-type personas,oracle_utility_trace - harp_utility_trace,0,False,,softmax,1.0,True
0.0,4,8,2,20,0.0,23,harp_s,2.490000000000002,0.0,0.59375,0.75,0,128,1024,0.25,global two-component pi_rho=(1-rho)*pi_independent+rho*pi_group_shared over full 16-type personas,oracle_utility_trace - harp_s_utility_trace,0,False,,softmax,1.0,True
0.0,4,8,2,20,0.0,24,oracle,0.0,0.0,0.68125,0.4166666666666667,0,385,3080,0.25,global two-component pi_rho=(1-rho)*pi_independent+rho*pi_group_shared over full 16-type personas,oracle_utility_trace - oracle_utility_trace,0,False,,softmax,1.0,True
0.0,4,8,2,20,0.0,24,joint,5.699999999999989,0.0,0.68125,0.4166666666666667,0,385,3080,0.25,global two-component pi_rho=(1-rho)*pi_independent+rho*pi_group_shared over full 16-type personas,oracle_utility_trace - joint_utility_trace,0,False,,softmax,1.0,True
0.0,4,8,2,20,0.0,24,harp,5.699999999999989,0.0,0.68125,0.4166666666666667,0,128,1024,0.25,global two-component pi_rho=(1-rho)*pi_independent+rho*pi_group_shared over full 16-type personas,oracle_utility_trace - harp_utility_trace,0,False,,softmax,1.0,True
0.0,4,8,2,20,0.0,24,harp_s,5.699999999999989,0.0,0.68125,0.4166666666666667,0,128,1024,0.25,global two-component pi_rho=(1-rho)*pi_independent+rho*pi_group_shared over full 16-type personas,oracle_utility_trace - harp_s_utility_trace,0,False,,softmax,1.0,True
0.0,4,8,2,20,0.0,25,oracle,0.0,0.0,0.71875,0.4166666666666667,0,385,3080,0.25,global two-component pi_rho=(1-rho)*pi_independent+rho*pi_group_shared over full 16-type personas,oracle_utility_trace - oracle_utility_trace,0,False,,softmax,1.0,True
0.0,4,8,2,20,0.0,25,joint,1.5,0.0,0.71875,0.4166666666666667,0,385,3080,0.25,global two-component pi_rho=(1-rho)*pi_independent+rho*pi_group_shared over full 16-type personas,oracle_utility_trace - joint_utility_trace,0,False,,softmax,1.0,True
0.0,4,8,2,20,0.0,25,harp,1.5,0.0,0.71875,0.4166666666666667,0,128,1024,0.25,global two-component pi_rho=(1-rho)*pi_independent+rho*pi_group_shared over full 16-type personas,oracle_utility_trace - harp_utility_trace,0,False,,softmax,1.0,True
0.0,4,8,2,20,0.0,25,harp_s,1.5,0.0,0.71875,0.4166666666666667,0,128,1024,0.25,global two-component pi_rho=(1-rho)*pi_independent+rho*pi_group_shared over full 16-type personas,oracle_utility_trace - harp_s_utility_trace,0,False,,softmax,1.0,True
0.0,4,8,2,20,0.0,26,oracle,0.0,0.0,0.5625,0.5,0,385,3080,0.25,global two-component pi_rho=(1-rho)*pi_independent+rho*pi_group_shared over full 16-type personas,oracle_utility_trace - oracle_utility_trace,0,False,,softmax,1.0,True
0.0,4,8,2,20,0.0,26,joint,0.0,0.0,0.5625,0.5,0,385,3080,0.25,global two-component pi_rho=(1-rho)*pi_independent+rho*pi_group_shared over full 16-type personas,oracle_utility_trace - joint_utility_trace,0,False,,softmax,1.0,True
0.0,4,8,2,20,0.0,26,harp,0.0,0.0,0.5625,0.5,0,128,1024,0.25,global two-component pi_rho=(1-rho)*pi_independent+rho*pi_group_shared over full 16-type personas,oracle_utility_trace - harp_utility_trace,0,False,,softmax,1.0,True
0.0,4,8,2,20,0.0,26,harp_s,0.0,0.0,0.5625,0.5,0,128,1024,0.25,global two-component pi_rho=(1-rho)*pi_independent+rho*pi_group_shared over full 16-type personas,oracle_utility_trace - harp_s_utility_trace,0,False,,softmax,1.0,True
0.0,4,8,2,20,0.0,27,oracle,0.0,0.0,0.5125,0.75,0,385,3080,0.25,global two-component pi_rho=(1-rho)*pi_independent+rho*pi_group_shared over full 16-type personas,oracle_utility_trace - oracle_utility_trace,0,False,,softmax,1.0,True
0.0,4,8,2,20,0.0,27,joint,2.639999999999997,0.0,0.5125,0.75,0,385,3080,0.25,global two-component pi_rho=(1-rho)*pi_independent+rho*pi_group_shared over full 16-type personas,oracle_utility_trace - joint_utility_trace,0,False,,softmax,1.0,True
0.0,4,8,2,20,0.0,27,harp,2.639999999999997,0.0,0.5125,0.75,0,128,1024,0.25,global two-component pi_rho=(1-rho)*pi_independent+rho*pi_group_shared over full 16-type personas,oracle_utility_trace - harp_utility_trace,0,False,,softmax,1.0,True
0.0,4,8,2,20,0.0,27,harp_s,2.639999999999997,0.0,0.5125,0.75,0,128,1024,0.25,global two-component pi_rho=(1-rho)*pi_independent+rho*pi_group_shared over full 16-type personas,oracle_utility_trace - harp_s_utility_trace,0,False,,softmax,1.0,True
0.0,4,8,2,20,0.0,28,oracle,0.0,0.0,0.59375,0.75,0,385,3080,0.25,global two-component pi_rho=(1-rho)*pi_independent+rho*pi_group_shared over full 16-type personas,oracle_utility_trace - oracle_utility_trace,0,False,,softmax,1.0,True
0.0,4,8,2,20,0.0,28,joint,6.399999999999999,0.0,0.59375,0.75,0,385,3080,0.25,global two-component pi_rho=(1-rho)*pi_independent+rho*pi_group_shared over full 16-type personas,oracle_utility_trace - joint_utility_trace,0,False,,softmax,1.0,True
0.0,4,8,2,20,0.0,28,harp,6.399999999999999,0.0,0.59375,0.75,0,128,1024,0.25,global two-component pi_rho=(1-rho)*pi_independent+rho*pi_group_shared over full 16-type personas,oracle_utility_trace - harp_utility_trace,0,False,,softmax,1.0,True
0.0,4,8,2,20,0.0,28,harp_s,6.399999999999999,0.0,0.59375,0.75,0,128,1024,0.25,global two-component pi_rho=(1-rho)*pi_independent+rho*pi_group_shared over full 16-type personas,oracle_utility_trace - harp_s_utility_trace,0,False,,softmax,1.0,True
0.0,4,8,2,20,0.0,29,oracle,0.0,0.0,0.5625,0.4166666666666667,0,385,3080,0.25,global two-component pi_rho=(1-rho)*pi_independent+rho*pi_group_shared over full 16-type personas,oracle_utility_trace - oracle_utility_trace,0,False,,softmax,1.0,True
0.0,4,8,2,20,0.0,29,joint,19.71,0.0,0.5625,0.4166666666666667,0,385,3080,0.25,global two-component pi_rho=(1-rho)*pi_independent+rho*pi_group_shared over full 16-type personas,oracle_utility_trace - joint_utility_trace,0,False,,softmax,1.0,True
0.0,4,8,2,20,0.0,29,harp,19.71,0.0,0.5625,0.4166666666666667,0,128,1024,0.25,global two-component pi_rho=(1-rho)*pi_independent+rho*pi_group_shared over full 16-type personas,oracle_utility_trace - harp_utility_trace,0,False,,softmax,1.0,True
0.0,4,8,2,20,0.0,29,harp_s,19.71,0.0,0.5625,0.4166666666666667,0,128,1024,0.25,global two-component pi_rho=(1-rho)*pi_independent+rho*pi_group_shared over full 16-type personas,oracle_utility_trace - harp_s_utility_trace,0,False,,softmax,1.0,True
0.0,4,8,2,20,0.0,30,oracle,0.0,0.0,0.4,0.3333333333333333,0,385,3080,0.25,global two-component pi_rho=(1-rho)*pi_independent+rho*pi_group_shared over full 16-type personas,oracle_utility_trace - oracle_utility_trace,0,False,,softmax,1.0,True
0.0,4,8,2,20,0.0,30,joint,5.110000000000003,0.0,0.4,0.3333333333333333,0,385,3080,0.25,global two-component pi_rho=(1-rho)*pi_independent+rho*pi_group_shared over full 16-type personas,oracle_utility_trace - joint_utility_trace,0,False,,softmax,1.0,True
0.0,4,8,2,20,0.0,30,harp,5.110000000000003,0.0,0.4,0.3333333333333333,0,128,1024,0.25,global two-component pi_rho=(1-rho)*pi_independent+rho*pi_group_shared over full 16-type personas,oracle_utility_trace - harp_utility_trace,0,False,,softmax,1.0,True
0.0,4,8,2,20,0.0,30,harp_s,5.110000000000003,0.0,0.4,0.3333333333333333,0,128,1024,0.25,global two-component pi_rho=(1-rho)*pi_independent+rho*pi_group_shared over full 16-type personas,oracle_utility_trace - harp_s_utility_trace,0,False,,softmax,1.0,True
0.0,4,8,2,20,0.0,31,oracle,0.0,0.0,0.6125,0.5,0,385,3080,0.25,global two-component pi_rho=(1-rho)*pi_independent+rho*pi_group_shared over full 16-type personas,oracle_utility_trace - oracle_utility_trace,0,False,,softmax,1.0,True
0.0,4,8,2,20,0.0,31,joint,6.309999999999995,0.0,0.6125,0.5,0,385,3080,0.25,global two-component pi_rho=(1-rho)*pi_independent+rho*pi_group_shared over full 16-type personas,oracle_utility_trace - joint_utility_trace,0,False,,softmax,1.0,True
0.0,4,8,2,20,0.0,31,harp,6.309999999999995,0.0,0.6125,0.5,0,128,1024,0.25,global two-component pi_rho=(1-rho)*pi_independent+rho*pi_group_shared over full 16-type personas,oracle_utility_trace - harp_utility_trace,0,False,,softmax,1.0,True
0.0,4,8,2,20,0.0,31,harp_s,6.309999999999995,0.0,0.6125,0.5,0,128,1024,0.25,global two-component pi_rho=(1-rho)*pi_independent+rho*pi_group_shared over full 16-type personas,oracle_utility_trace - harp_s_utility_trace,0,False,,softmax,1.0,True
0.0,4,8,2,20,0.0,32,oracle,0.0,0.0,0.575,0.3333333333333333,0,385,3080,0.25,global two-component pi_rho=(1-rho)*pi_independent+rho*pi_group_shared over full 16-type personas,oracle_utility_trace - oracle_utility_trace,0,False,,softmax,1.0,True
0.0,4,8,2,20,0.0,32,joint,3.3100000000000023,0.0,0.575,0.3333333333333333,0,385,3080,0.25,global two-component pi_rho=(1-rho)*pi_independent+rho*pi_group_shared over full 16-type personas,oracle_utility_trace - joint_utility_trace,0,False,,softmax,1.0,True
0.0,4,8,2,20,0.0,32,harp,3.3100000000000023,0.0,0.575,0.3333333333333333,0,128,1024,0.25,global two-component pi_rho=(1-rho)*pi_independent+rho*pi_group_shared over full 16-type personas,oracle_utility_trace - harp_utility_trace,0,False,,softmax,1.0,True
0.0,4,8,2,20,0.0,32,harp_s,3.3100000000000023,0.0,0.575,0.3333333333333333,0,128,1024,0.25,global two-component pi_rho=(1-rho)*pi_independent+rho*pi_group_shared over full 16-type personas,oracle_utility_trace - harp_s_utility_trace,0,False,,softmax,1.0,True
0.0,4,8,2,20,0.0,33,oracle,0.0,0.0,0.5125,0.5,0,385,3080,0.25,global two-component pi_rho=(1-rho)*pi_independent+rho*pi_group_shared over full 16-type personas,oracle_utility_trace - oracle_utility_trace,0,False,,softmax,1.0,True
0.0,4,8,2,20,0.0,33,joint,3.0,0.0,0.5125,0.5,0,385,3080,0.25,global two-component pi_rho=(1-rho)*pi_independent+rho*pi_group_shared over full 16-type personas,oracle_utility_trace - joint_utility_trace,0,False,,softmax,1.0,True
0.0,4,8,2,20,0.0,33,harp,3.0,0.0,0.5125,0.5,0,128,1024,0.25,global two-component pi_rho=(1-rho)*pi_independent+rho*pi_group_shared over full 16-type personas,oracle_utility_trace - harp_utility_trace,0,False,,softmax,1.0,True
0.0,4,8,2,20,0.0,33,harp_s,3.0,0.0,0.5125,0.5,0,128,1024,0.25,global two-component pi_rho=(1-rho)*pi_independent+rho*pi_group_shared over full 16-type personas,oracle_utility_trace - harp_s_utility_trace,0,False,,softmax,1.0,True
0.0,4,8,2,20,0.0,34,oracle,0.0,0.0,0.7,0.5,0,385,3080,0.25,global two-component pi_rho=(1-rho)*pi_independent+rho*pi_group_shared over full 16-type personas,oracle_utility_trace - oracle_utility_trace,0,False,,softmax,1.0,True
0.0,4,8,2,20,0.0,34,joint,9.699999999999989,0.0,0.7,0.5,0,385,3080,0.25,global two-component pi_rho=(1-rho)*pi_independent+rho*pi_group_shared over full 16-type personas,oracle_utility_trace - joint_utility_trace,0,False,,softmax,1.0,True
0.0,4,8,2,20,0.0,34,harp,9.699999999999989,0.0,0.7,0.5,0,128,1024,0.25,global two-component pi_rho=(1-rho)*pi_independent+rho*pi_group_shared over full 16-type personas,oracle_utility_trace - harp_utility_trace,0,False,,softmax,1.0,True
0.0,4,8,2,20,0.0,34,harp_s,9.699999999999989,0.0,0.7,0.5,0,128,1024,0.25,global two-component pi_rho=(1-rho)*pi_independent+rho*pi_group_shared over full 16-type personas,oracle_utility_trace - harp_s_utility_trace,0,False,,softmax,1.0,True
0.0,4,8,2,20,0.0,35,oracle,0.0,0.0,0.6375,0.75,0,385,3080,0.25,global two-component pi_rho=(1-rho)*pi_independent+rho*pi_group_shared over full 16-type personas,oracle_utility_trace - oracle_utility_trace,0,False,,softmax,1.0,True
0.0,4,8,2,20,0.0,35,joint,12.86,0.0,0.6375,0.75,0,385,3080,0.25,global two-component pi_rho=(1-rho)*pi_independent+rho*pi_group_shared over full 16-type personas,oracle_utility_trace - joint_utility_trace,0,False,,softmax,1.0,True
0.0,4,8,2,20,0.0,35,harp,12.86,0.0,0.6375,0.75,0,128,1024,0.25,global two-component pi_rho=(1-rho)*pi_independent+rho*pi_group_shared over full 16-type personas,oracle_utility_trace - harp_utility_trace,0,False,,softmax,1.0,True
0.0,4,8,2,20,0.0,35,harp_s,12.86,0.0,0.6375,0.75,0,128,1024,0.25,global two-component pi_rho=(1-rho)*pi_independent+rho*pi_group_shared over full 16-type personas,oracle_utility_trace - harp_s_utility_trace,0,False,,softmax,1.0,True
0.0,4,8,2,20,0.0,36,oracle,0.0,0.0,0.38125,0.75,0,385,3080,0.25,global two-component pi_rho=(1-rho)*pi_independent+rho*pi_group_shared over full 16-type personas,oracle_utility_trace - oracle_utility_trace,0,False,,softmax,1.0,True
0.0,4,8,2,20,0.0,36,joint,0.0,0.0,0.38125,0.75,0,385,3080,0.25,global two-component pi_rho=(1-rho)*pi_independent+rho*pi_group_shared over full 16-type personas,oracle_utility_trace - joint_utility_trace,0,False,,softmax,1.0,True
0.0,4,8,2,20,0.0,36,harp,0.0,0.0,0.38125,0.75,0,128,1024,0.25,global two-component pi_rho=(1-rho)*pi_independent+rho*pi_group_shared over full 16-type personas,oracle_utility_trace - harp_utility_trace,0,False,,softmax,1.0,True
0.0,4,8,2,20,0.0,36,harp_s,0.0,0.0,0.38125,0.75,0,128,1024,0.25,global two-component pi_rho=(1-rho)*pi_independent+rho*pi_group_shared over full 16-type personas,oracle_utility_trace - harp_s_utility_trace,0,False,,softmax,1.0,True
0.0,4,8,2,20,0.0,37,oracle,0.0,0.0,0.61875,0.75,0,385,3080,0.25,global two-component pi_rho=(1-rho)*pi_independent+rho*pi_group_shared over full 16-type personas,oracle_utility_trace - oracle_utility_trace,0,False,,softmax,1.0,True
0.0,4,8,2,20,0.0,37,joint,0.18999999999999773,0.0,0.61875,0.75,0,385,3080,0.25,global two-component pi_rho=(1-rho)*pi_independent+rho*pi_group_shared over full 16-type personas,oracle_utility_trace - joint_utility_trace,0,False,,softmax,1.0,True
0.0,4,8,2,20,0.0,37,harp,0.18999999999999773,0.0,0.61875,0.75,0,128,1024,0.25,global two-component pi_rho=(1-rho)*pi_independent+rho*pi_group_shared over full 16-type personas,oracle_utility_trace - harp_utility_trace,0,False,,softmax,1.0,True
0.0,4,8,2,20,0.0,37,harp_s,0.18999999999999773,0.0,0.61875,0.75,0,128,1024,0.25,global two-component pi_rho=(1-rho)*pi_independent+rho*pi_group_shared over full 16-type personas,oracle_utility_trace - harp_s_utility_trace,0,False,,softmax,1.0,True
0.0,4,8,2,20,0.0,38,oracle,0.0,0.0,0.5375,0.3333333333333333,0,385,3080,0.25,global two-component pi_rho=(1-rho)*pi_independent+rho*pi_group_shared over full 16-type personas,oracle_utility_trace - oracle_utility_trace,0,False,,softmax,1.0,True
0.0,4,8,2,20,0.0,38,joint,1.5,0.0,0.5375,0.3333333333333333,0,385,3080,0.25,global two-component pi_rho=(1-rho)*pi_independent+rho*pi_group_shared over full 16-type personas,oracle_utility_trace - joint_utility_trace,0,False,,softmax,1.0,True
0.0,4,8,2,20,0.0,38,harp,1.5,0.0,0.5375,0.3333333333333333,0,128,1024,0.25,global two-component pi_rho=(1-rho)*pi_independent+rho*pi_group_shared over full 16-type personas,oracle_utility_trace - harp_utility_trace,0,False,,softmax,1.0,True
0.0,4,8,2,20,0.0,38,harp_s,1.5,0.0,0.5375,0.3333333333333333,0,128,1024,0.25,global two-component pi_rho=(1-rho)*pi_independent+rho*pi_group_shared over full 16-type personas,oracle_utility_trace - harp_s_utility_trace,0,False,,softmax,1.0,True
0.0,4,8,2,20,0.0,39,oracle,0.0,0.0,0.64375,0.6666666666666666,0,385,3080,0.25,global two-component pi_rho=(1-rho)*pi_independent+rho*pi_group_shared over full 16-type personas,oracle_utility_trace - oracle_utility_trace,0,False,,softmax,1.0,True
0.0,4,8,2,20,0.0,39,joint,12.54999999999999,0.0,0.64375,0.6666666666666666,0,385,3080,0.25,global two-component pi_rho=(1-rho)*pi_independent+rho*pi_group_shared over full 16-type personas,oracle_utility_trace - joint_utility_trace,0,False,,softmax,1.0,True
0.0,4,8,2,20,0.0,39,harp,12.54999999999999,0.0,0.64375,0.6666666666666666,0,128,1024,0.25,global two-component pi_rho=(1-rho)*pi_independent+rho*pi_group_shared over full 16-type personas,oracle_utility_trace - harp_utility_trace,0,False,,softmax,1.0,True
0.0,4,8,2,20,0.0,39,harp_s,12.54999999999999,0.0,0.64375,0.6666666666666666,0,128,1024,0.25,global two-component pi_rho=(1-rho)*pi_independent+rho*pi_group_shared over full 16-type personas,oracle_utility_trace - harp_s_utility_trace,0,False,,softmax,1.0,True
0.0,4,8,2,20,0.0,40,oracle,0.0,0.0,0.7,0.3333333333333333,0,385,3080,0.25,global two-component pi_rho=(1-rho)*pi_independent+rho*pi_group_shared over full 16-type personas,oracle_utility_trace - oracle_utility_trace,0,False,,softmax,1.0,True
0.0,4,8,2,20,0.0,40,joint,1.8400000000000034,0.0,0.7,0.3333333333333333,0,385,3080,0.25,global two-component pi_rho=(1-rho)*pi_independent+rho*pi_group_shared over full 16-type personas,oracle_utility_trace - joint_utility_trace,0,False,,softmax,1.0,True
0.0,4,8,2,20,0.0,40,harp,1.8400000000000034,0.0,0.7,0.3333333333333333,0,128,1024,0.25,global two-component pi_rho=(1-rho)*pi_independent+rho*pi_group_shared over full 16-type personas,oracle_utility_trace - harp_utility_trace,0,False,,softmax,1.0,True
0.0,4,8,2,20,0.0,40,harp_s,1.8400000000000034,0.0,0.7,0.3333333333333333,0,128,1024,0.25,global two-component pi_rho=(1-rho)*pi_independent+rho*pi_group_shared over full 16-type personas,oracle_utility_trace - harp_s_utility_trace,0,False,,softmax,1.0,True
0.0,4,8,2,20,0.0,41,oracle,0.0,0.0,0.45625,0.4166666666666667,0,385,3080,0.25,global two-component pi_rho=(1-rho)*pi_independent+rho*pi_group_shared over full 16-type personas,oracle_utility_trace - oracle_utility_trace,0,False,,softmax,1.0,True
0.0,4,8,2,20,0.0,41,joint,5.269999999999996,0.0,0.45625,0.4166666666666667,0,385,3080,0.25,global two-component pi_rho=(1-rho)*pi_independent+rho*pi_group_shared over full 16-type personas,oracle_utility_trace - joint_utility_trace,0,False,,softmax,1.0,True
0.0,4,8,2,20,0.0,41,harp,5.269999999999996,0.0,0.45625,0.4166666666666667,0,128,1024,0.25,global two-component pi_rho=(1-rho)*pi_independent+rho*pi_group_shared over full 16-type personas,oracle_utility_trace - harp_utility_trace,0,False,,softmax,1.0,True
0.0,4,8,2,20,0.0,41,harp_s,5.269999999999996,0.0,0.45625,0.4166666666666667,0,128,1024,0.25,global two-component pi_rho=(1-rho)*pi_independent+rho*pi_group_shared over full 16-type personas,oracle_utility_trace - harp_s_utility_trace,0,False,,softmax,1.0,True
0.0,4,8,2,20,0.0,42,oracle,0.0,0.0,0.63125,0.3333333333333333,0,385,3080,0.25,global two-component pi_rho=(1-rho)*pi_independent+rho*pi_group_shared over full 16-type personas,oracle_utility_trace - oracle_utility_trace,0,False,,softmax,1.0,True
0.0,4,8,2,20,0.0,42,joint,4.630000000000003,0.0,0.63125,0.3333333333333333,0,385,3080,0.25,global two-component pi_rho=(1-rho)*pi_independent+rho*pi_group_shared over full 16-type personas,oracle_utility_trace - joint_utility_trace,0,False,,softmax,1.0,True
0.0,4,8,2,20,0.0,42,harp,4.630000000000003,0.0,0.63125,0.3333333333333333,0,128,1024,0.25,global two-component pi_rho=(1-rho)*pi_independent+rho*pi_group_shared over full 16-type personas,oracle_utility_trace - harp_utility_trace,0,False,,softmax,1.0,True
0.0,4,8,2,20,0.0,42,harp_s,4.630000000000003,0.0,0.63125,0.3333333333333333,0,128,1024,0.25,global two-component pi_rho=(1-rho)*pi_independent+rho*pi_group_shared over full 16-type personas,oracle_utility_trace - harp_s_utility_trace,0,False,,softmax,1.0,True
0.0,4,8,2,20,0.0,43,oracle,0.0,0.0,0.75625,0.4166666666666667,0,385,3080,0.25,global two-component pi_rho=(1-rho)*pi_independent+rho*pi_group_shared over full 16-type personas,oracle_utility_trace - oracle_utility_trace,0,False,,softmax,1.0,True
0.0,4,8,2,20,0.0,43,joint,5.999999999999993,0.0,0.75625,0.4166666666666667,0,385,3080,0.25,global two-component pi_rho=(1-rho)*pi_independent+rho*pi_group_shared over full 16-type personas,oracle_utility_trace - joint_utility_trace,0,False,,softmax,1.0,True
0.0,4,8,2,20,0.0,43,harp,5.999999999999993,0.0,0.75625,0.4166666666666667,0,128,1024,0.25,global two-component pi_rho=(1-rho)*pi_independent+rho*pi_group_shared over full 16-type personas,oracle_utility_trace - harp_utility_trace,0,False,,softmax,1.0,True
0.0,4,8,2,20,0.0,43,harp_s,5.999999999999993,0.0,0.75625,0.4166666666666667,0,128,1024,0.25,global two-component pi_rho=(1-rho)*pi_independent+rho*pi_group_shared over full 16-type personas,oracle_utility_trace - harp_s_utility_trace,0,False,,softmax,1.0,True
0.0,4,8,2,20,0.0,44,oracle,0.0,0.0,0.63125,0.5,0,385,3080,0.25,global two-component pi_rho=(1-rho)*pi_independent+rho*pi_group_shared over full 16-type personas,oracle_utility_trace - oracle_utility_trace,0,False,,softmax,1.0,True
0.0,4,8,2,20,0.0,44,joint,3.8699999999999974,0.0,0.63125,0.5,0,385,3080,0.25,global two-component pi_rho=(1-rho)*pi_independent+rho*pi_group_shared over full 16-type personas,oracle_utility_trace - joint_utility_trace,0,False,,softmax,1.0,True
0.0,4,8,2,20,0.0,44,harp,3.8699999999999974,0.0,0.63125,0.5,0,128,1024,0.25,global two-component pi_rho=(1-rho)*pi_independent+rho*pi_group_shared over full 16-type personas,oracle_utility_trace - harp_utility_trace,0,False,,softmax,1.0,True
0.0,4,8,2,20,0.0,44,harp_s,3.8699999999999974,0.0,0.63125,0.5,0,128,1024,0.25,global two-component pi_rho=(1-rho)*pi_independent+rho*pi_group_shared over full 16-type personas,oracle_utility_trace - harp_s_utility_trace,0,False,,softmax,1.0,True
0.0,4,8,2,20,0.0,45,oracle,0.0,0.0,0.5,0.5,0,385,3080,0.25,global two-component pi_rho=(1-rho)*pi_independent+rho*pi_group_shared over full 16-type personas,oracle_utility_trace - oracle_utility_trace,0,False,,softmax,1.0,True
0.0,4,8,2,20,0.0,45,joint,15.43,0.0,0.5,0.5,0,385,3080,0.25,global two-component pi_rho=(1-rho)*pi_independent+rho*pi_group_shared over full 16-type personas,oracle_utility_trace - joint_utility_trace,0,False,,softmax,1.0,True
0.0,4,8,2,20,0.0,45,harp,15.43,0.0,0.5,0.5,0,128,1024,0.25,global two-component pi_rho=(1-rho)*pi_independent+rho*pi_group_shared over full 16-type personas,oracle_utility_trace - harp_utility_trace,0,False,,softmax,1.0,True
0.0,4,8,2,20,0.0,45,harp_s,15.43,0.0,0.5,0.5,0,128,1024,0.25,global two-component pi_rho=(1-rho)*pi_independent+rho*pi_group_shared over full 16-type personas,oracle_utility_trace - harp_s_utility_trace,0,False,,softmax,1.0,True
0.0,4,8,2,20,0.0,46,oracle,0.0,0.0,0.65,0.4166666666666667,0,385,3080,0.25,global two-component pi_rho=(1-rho)*pi_independent+rho*pi_group_shared over full 16-type personas,oracle_utility_trace - oracle_utility_trace,0,False,,softmax,1.0,True
0.0,4,8,2,20,0.0,46,joint,2.229999999999997,0.0,0.65,0.4166666666666667,0,385,3080,0.25,global two-component pi_rho=(1-rho)*pi_independent+rho*pi_group_shared over full 16-type personas,oracle_utility_trace - joint_utility_trace,0,False,,softmax,1.0,True
0.0,4,8,2,20,0.0,46,harp,2.229999999999997,0.0,0.65,0.4166666666666667,0,128,1024,0.25,global two-component pi_rho=(1-rho)*pi_independent+rho*pi_group_shared over full 16-type personas,oracle_utility_trace - harp_utility_trace,0,False,,softmax,1.0,True
0.0,4,8,2,20,0.0,46,harp_s,2.229999999999997,0.0,0.65,0.4166666666666667,0,128,1024,0.25,global two-component pi_rho=(1-rho)*pi_independent+rho*pi_group_shared over full 16-type personas,oracle_utility_trace - harp_s_utility_trace,0,False,,softmax,1.0,True
0.0,4,8,2,20,0.0,47,oracle,0.0,0.0,0.5875,0.5,0,385,3080,0.25,global two-component pi_rho=(1-rho)*pi_independent+rho*pi_group_shared over full 16-type personas,oracle_utility_trace - oracle_utility_trace,0,False,,softmax,1.0,True
0.0,4,8,2,20,0.0,47,joint,9.519999999999996,0.0,0.5875,0.5,0,385,3080,0.25,global two-component pi_rho=(1-rho)*pi_independent+rho*pi_group_shared over full 16-type personas,oracle_utility_trace - joint_utility_trace,0,False,,softmax,1.0,True
0.0,4,8,2,20,0.0,47,harp,9.519999999999996,0.0,0.5875,0.5,0,128,1024,0.25,global two-component pi_rho=(1-rho)*pi_independent+rho*pi_group_shared over full 16-type personas,oracle_utility_trace - harp_utility_trace,0,False,,softmax,1.0,True
0.0,4,8,2,20,0.0,47,harp_s,9.519999999999996,0.0,0.5875,0.5,0,128,1024,0.25,global two-component pi_rho=(1-rho)*pi_independent+rho*pi_group_shared over full 16-type personas,oracle_utility_trace - harp_s_utility_trace,0,False,,softmax,1.0,True
0.0,4,8,2,20,0.0,48,oracle,0.0,0.0,0.375,0.75,0,385,3080,0.25,global two-component pi_rho=(1-rho)*pi_independent+rho*pi_group_shared over full 16-type personas,oracle_utility_trace - oracle_utility_trace,0,False,,softmax,1.0,True
0.0,4,8,2,20,0.0,48,joint,8.61,0.0,0.375,0.75,0,385,3080,0.25,global two-component pi_rho=(1-rho)*pi_independent+rho*pi_group_shared over full 16-type personas,oracle_utility_trace - joint_utility_trace,0,False,,softmax,1.0,True
0.0,4,8,2,20,0.0,48,harp,8.61,0.0,0.375,0.75,0,128,1024,0.25,global two-component pi_rho=(1-rho)*pi_independent+rho*pi_group_shared over full 16-type personas,oracle_utility_trace - harp_utility_trace,0,False,,softmax,1.0,True
0.0,4,8,2,20,0.0,48,harp_s,8.61,0.0,0.375,0.75,0,128,1024,0.25,global two-component pi_rho=(1-rho)*pi_independent+rho*pi_group_shared over full 16-type personas,oracle_utility_trace - harp_s_utility_trace,0,False,,softmax,1.0,True
0.0,4,8,2,20,0.0,49,oracle,0.0,0.0,0.55,0.3333333333333333,0,385,3080,0.25,global two-component pi_rho=(1-rho)*pi_independent+rho*pi_group_shared over full 16-type personas,oracle_utility_trace - oracle_utility_trace,0,False,,softmax,1.0,True
0.0,4,8,2,20,0.0,49,joint,4.5,0.0,0.55,0.3333333333333333,0,385,3080,0.25,global two-component pi_rho=(1-rho)*pi_independent+rho*pi_group_shared over full 16-type personas,oracle_utility_trace - joint_utility_trace,0,False,,softmax,1.0,True
0.0,4,8,2,20,0.0,49,harp,4.5,0.0,0.55,0.3333333333333333,0,128,1024,0.25,global two-component pi_rho=(1-rho)*pi_independent+rho*pi_group_shared over full 16-type personas,oracle_utility_trace - harp_utility_trace,0,False,,softmax,1.0,True
0.0,4,8,2,20,0.0,49,harp_s,4.5,0.0,0.55,0.3333333333333333,0,128,1024,0.25,global two-component pi_rho=(1-rho)*pi_independent+rho*pi_group_shared over full 16-type personas,oracle_utility_trace - harp_s_utility_trace,0,False,,softmax,1.0,True
0.0,4,8,2,20,0.0,50,oracle,0.0,0.0,0.68125,0.6666666666666666,0,385,3080,0.25,global two-component pi_rho=(1-rho)*pi_independent+rho*pi_group_shared over full 16-type personas,oracle_utility_trace - oracle_utility_trace,0,False,,softmax,1.0,True
0.0,4,8,2,20,0.0,50,joint,11.070000000000004,0.0,0.68125,0.6666666666666666,0,385,3080,0.25,global two-component pi_rho=(1-rho)*pi_independent+rho*pi_group_shared over full 16-type personas,oracle_utility_trace - joint_utility_trace,0,False,,softmax,1.0,True
0.0,4,8,2,20,0.0,50,harp,11.070000000000004,0.0,0.68125,0.6666666666666666,0,128,1024,0.25,global two-component pi_rho=(1-rho)*pi_independent+rho*pi_group_shared over full 16-type personas,oracle_utility_trace - harp_utility_trace,0,False,,softmax,1.0,True
0.0,4,8,2,20,0.0,50,harp_s,11.070000000000004,0.0,0.68125,0.6666666666666666,0,128,1024,0.25,global two-component pi_rho=(1-rho)*pi_independent+rho*pi_group_shared over full 16-type personas,oracle_utility_trace - harp_s_utility_trace,0,False,,softmax,1.0,True
0.0,4,8,2,20,0.0,51,oracle,0.0,0.0,0.64375,0.75,0,385,3080,0.25,global two-component pi_rho=(1-rho)*pi_independent+rho*pi_group_shared over full 16-type personas,oracle_utility_trace - oracle_utility_trace,0,False,,softmax,1.0,True
0.0,4,8,2,20,0.0,51,joint,6.070000000000007,0.0,0.64375,0.75,0,385,3080,0.25,global two-component pi_rho=(1-rho)*pi_independent+rho*pi_group_shared over full 16-type personas,oracle_utility_trace - joint_utility_trace,0,False,,softmax,1.0,True
0.0,4,8,2,20,0.0,51,harp,6.070000000000007,0.0,0.64375,0.75,0,128,1024,0.25,global two-component pi_rho=(1-rho)*pi_independent+rho*pi_group_shared over full 16-type personas,oracle_utility_trace - harp_utility_trace,0,False,,softmax,1.0,True
0.0,4,8,2,20,0.0,51,harp_s,6.070000000000007,0.0,0.64375,0.75,0,128,1024,0.25,global two-component pi_rho=(1-rho)*pi_independent+rho*pi_group_shared over full 16-type personas,oracle_utility_trace - harp_s_utility_trace,0,False,,softmax,1.0,True
0.0,4,8,2,20,0.0,52,oracle,0.0,0.0,0.5125,0.4166666666666667,0,385,3080,0.25,global two-component pi_rho=(1-rho)*pi_independent+rho*pi_group_shared over full 16-type personas,oracle_utility_trace - oracle_utility_trace,0,False,,softmax,1.0,True
0.0,4,8,2,20,0.0,52,joint,8.200000000000003,0.0,0.5125,0.4166666666666667,0,385,3080,0.25,global two-component pi_rho=(1-rho)*pi_independent+rho*pi_group_shared over full 16-type personas,oracle_utility_trace - joint_utility_trace,0,False,,softmax,1.0,True
0.0,4,8,2,20,0.0,52,harp,8.200000000000003,0.0,0.5125,0.4166666666666667,0,128,1024,0.25,global two-component pi_rho=(1-rho)*pi_independent+rho*pi_group_shared over full 16-type personas,oracle_utility_trace - harp_utility_trace,0,False,,softmax,1.0,True
0.0,4,8,2,20,0.0,52,harp_s,8.200000000000003,0.0,0.5125,0.4166666666666667,0,128,1024,0.25,global two-component pi_rho=(1-rho)*pi_independent+rho*pi_group_shared over full 16-type personas,oracle_utility_trace - harp_s_utility_trace,0,False,,softmax,1.0,True
0.0,4,8,2,20,0.0,53,oracle,0.0,0.0,0.425,0.4166666666666667,0,385,3080,0.25,global two-component pi_rho=(1-rho)*pi_independent+rho*pi_group_shared over full 16-type personas,oracle_utility_trace - oracle_utility_trace,0,False,,softmax,1.0,True
0.0,4,8,2,20,0.0,53,joint,11.850000000000001,0.0,0.425,0.4166666666666667,0,385,3080,0.25,global two-component pi_rho=(1-rho)*pi_independent+rho*pi_group_shared over full 16-type personas,oracle_utility_trace - joint_utility_trace,0,False,,softmax,1.0,True
0.0,4,8,2,20,0.0,53,harp,11.850000000000001,0.0,0.425,0.4166666666666667,0,128,1024,0.25,global two-component pi_rho=(1-rho)*pi_independent+rho*pi_group_shared over full 16-type personas,oracle_utility_trace - harp_utility_trace,0,False,,softmax,1.0,True
0.0,4,8,2,20,0.0,53,harp_s,11.850000000000001,0.0,0.425,0.4166666666666667,0,128,1024,0.25,global two-component pi_rho=(1-rho)*pi_independent+rho*pi_group_shared over full 16-type personas,oracle_utility_trace - harp_s_utility_trace,0,False,,softmax,1.0,True
0.0,4,8,2,20,0.0,54,oracle,0.0,0.0,0.6875,0.5,0,385,3080,0.25,global two-component pi_rho=(1-rho)*pi_independent+rho*pi_group_shared over full 16-type personas,oracle_utility_trace - oracle_utility_trace,0,False,,softmax,1.0,True
0.0,4,8,2,20,0.0,54,joint,10.310000000000002,0.0,0.6875,0.5,0,385,3080,0.25,global two-component pi_rho=(1-rho)*pi_independent+rho*pi_group_shared over full 16-type personas,oracle_utility_trace - joint_utility_trace,0,False,,softmax,1.0,True
0.0,4,8,2,20,0.0,54,harp,10.310000000000002,0.0,0.6875,0.5,0,128,1024,0.25,global two-component pi_rho=(1-rho)*pi_independent+rho*pi_group_shared over full 16-type personas,oracle_utility_trace - harp_utility_trace,0,False,,softmax,1.0,True
0.0,4,8,2,20,0.0,54,harp_s,10.310000000000002,0.0,0.6875,0.5,0,128,1024,0.25,global two-component pi_rho=(1-rho)*pi_independent+rho*pi_group_shared over full 16-type personas,oracle_utility_trace - harp_s_utility_trace,0,False,,softmax,1.0,True
0.0,4,8,2,20,0.0,55,oracle,0.0,0.0,0.45625,0.75,0,385,3080,0.25,global two-component pi_rho=(1-rho)*pi_independent+rho*pi_group_shared over full 16-type personas,oracle_utility_trace - oracle_utility_trace,0,False,,softmax,1.0,True
0.0,4,8,2,20,0.0,55,joint,10.049999999999997,0.0,0.45625,0.75,0,385,3080,0.25,global two-component pi_rho=(1-rho)*pi_independent+rho*pi_group_shared over full 16-type personas,oracle_utility_trace - joint_utility_trace,0,False,,softmax,1.0,True
0.0,4,8,2,20,0.0,55,harp,10.049999999999997,0.0,0.45625,0.75,0,128,1024,0.25,global two-component pi_rho=(1-rho)*pi_independent+rho*pi_group_shared over full 16-type personas,oracle_utility_trace - harp_utility_trace,0,False,,softmax,1.0,True
0.0,4,8,2,20,0.0,55,harp_s,10.049999999999997,0.0,0.45625,0.75,0,128,1024,0.25,global two-component pi_rho=(1-rho)*pi_independent+rho*pi_group_shared over full 16-type personas,oracle_utility_trace - harp_s_utility_trace,0,False,,softmax,1.0,True
0.0,4,8,2,20,0.0,56,oracle,0.0,0.0,0.75,0.3333333333333333,0,385,3080,0.25,global two-component pi_rho=(1-rho)*pi_independent+rho*pi_group_shared over full 16-type personas,oracle_utility_trace - oracle_utility_trace,0,False,,softmax,1.0,True
0.0,4,8,2,20,0.0,56,joint,12.86,0.0,0.75,0.3333333333333333,0,385,3080,0.25,global two-component pi_rho=(1-rho)*pi_independent+rho*pi_group_shared over full 16-type personas,oracle_utility_trace - joint_utility_trace,0,False,,softmax,1.0,True
0.0,4,8,2,20,0.0,56,harp,12.86,0.0,0.75,0.3333333333333333,0,128,1024,0.25,global two-component pi_rho=(1-rho)*pi_independent+rho*pi_group_shared over full 16-type personas,oracle_utility_trace - harp_utility_trace,0,False,,softmax,1.0,True
0.0,4,8,2,20,0.0,56,harp_s,12.86,0.0,0.75,0.3333333333333333,0,128,1024,0.25,global two-component pi_rho=(1-rho)*pi_independent+rho*pi_group_shared over full 16-type personas,oracle_utility_trace - harp_s_utility_trace,0,False,,softmax,1.0,True
0.0,4,8,2,20,0.0,57,oracle,0.0,0.0,0.65625,0.75,0,385,3080,0.25,global two-component pi_rho=(1-rho)*pi_independent+rho*pi_group_shared over full 16-type personas,oracle_utility_trace - oracle_utility_trace,0,False,,softmax,1.0,True
0.0,4,8,2,20,0.0,57,joint,8.600000000000001,0.0,0.65625,0.75,0,385,3080,0.25,global two-component pi_rho=(1-rho)*pi_independent+rho*pi_group_shared over full 16-type personas,oracle_utility_trace - joint_utility_trace,0,False,,softmax,1.0,True
0.0,4,8,2,20,0.0,57,harp,8.600000000000001,0.0,0.65625,0.75,0,128,1024,0.25,global two-component pi_rho=(1-rho)*pi_independent+rho*pi_group_shared over full 16-type personas,oracle_utility_trace - harp_utility_trace,0,False,,softmax,1.0,True
0.0,4,8,2,20,0.0,57,harp_s,8.600000000000001,0.0,0.65625,0.75,0,128,1024,0.25,global two-component pi_rho=(1-rho)*pi_independent+rho*pi_group_shared over full 16-type personas,oracle_utility_trace - harp_s_utility_trace,0,False,,softmax,1.0,True
0.0,4,8,2,20,0.0,58,oracle,0.0,0.0,0.39375,0.6666666666666666,0,385,3080,0.25,global two-component pi_rho=(1-rho)*pi_independent+rho*pi_group_shared over full 16-type personas,oracle_utility_trace - oracle_utility_trace,0,False,,softmax,1.0,True
0.0,4,8,2,20,0.0,58,joint,12.82,0.0,0.39375,0.6666666666666666,0,385,3080,0.25,global two-component pi_rho=(1-rho)*pi_independent+rho*pi_group_shared over full 16-type personas,oracle_utility_trace - joint_utility_trace,0,False,,softmax,1.0,True
0.0,4,8,2,20,0.0,58,harp,12.82,0.0,0.39375,0.6666666666666666,0,128,1024,0.25,global two-component pi_rho=(1-rho)*pi_independent+rho*pi_group_shared over full 16-type personas,oracle_utility_trace - harp_utility_trace,0,False,,softmax,1.0,True
0.0,4,8,2,20,0.0,58,harp_s,12.82,0.0,0.39375,0.6666666666666666,0,128,1024,0.25,global two-component pi_rho=(1-rho)*pi_independent+rho*pi_group_shared over full 16-type personas,oracle_utility_trace - harp_s_utility_trace,0,False,,softmax,1.0,True
0.0,4,8,2,20,0.0,59,oracle,0.0,0.0,0.475,0.5,0,385,3080,0.25,global two-component pi_rho=(1-rho)*pi_independent+rho*pi_group_shared over full 16-type personas,oracle_utility_trace - oracle_utility_trace,0,False,,softmax,1.0,True
0.0,4,8,2,20,0.0,59,joint,1.4299999999999997,0.0,0.475,0.5,0,385,3080,0.25,global two-component pi_rho=(1-rho)*pi_independent+rho*pi_group_shared over full 16-type personas,oracle_utility_trace - joint_utility_trace,0,False,,softmax,1.0,True
0.0,4,8,2,20,0.0,59,harp,1.4299999999999997,0.0,0.475,0.5,0,128,1024,0.25,global two-component pi_rho=(1-rho)*pi_independent+rho*pi_group_shared over full 16-type personas,oracle_utility_trace - harp_utility_trace,0,False,,softmax,1.0,True
0.0,4,8,2,20,0.0,59,harp_s,1.4299999999999997,0.0,0.475,0.5,0,128,1024,0.25,global two-component pi_rho=(1-rho)*pi_independent+rho*pi_group_shared over full 16-type personas,oracle_utility_trace - harp_s_utility_trace,0,False,,softmax,1.0,True
1.0,2,8,2,20,0.0,20,oracle,0.0,0.9998985938678533,0.6375,1.0,0,65665,525320,0.25,global two-component pi_rho=(1-rho)*pi_independent+rho*pi_group_shared over full 16-type personas,oracle_utility_trace - oracle_utility_trace,3,False,,softmax,1.0,True
1.0,2,8,2,20,0.0,20,joint,3.0,0.9998985938678533,0.6375,1.0,0,65665,525320,0.25,global two-component pi_rho=(1-rho)*pi_independent+rho*pi_group_shared over full 16-type personas,oracle_utility_trace - joint_utility_trace,3,False,,softmax,1.0,True
1.0,2,8,2,20,0.0,20,harp,0.0,0.9998985938678533,0.6375,1.0,0,128,1024,0.25,global two-component pi_rho=(1-rho)*pi_independent+rho*pi_group_shared over full 16-type personas,oracle_utility_trace - harp_utility_trace,3,False,,softmax,1.0,True
1.0,2,8,2,20,0.0,20,harp_s,3.0,0.9998985938678533,0.6375,1.0,0,128,1024,0.25,global two-component pi_rho=(1-rho)*pi_independent+rho*pi_group_shared over full 16-type personas,oracle_utility_trace - harp_s_utility_trace,3,False,,softmax,1.0,True
1.0,2,8,2,20,0.0,21,oracle,0.0,0.9999396131747871,0.63125,1.0,0,65665,525320,0.25,global two-component pi_rho=(1-rho)*pi_independent+rho*pi_group_shared over full 16-type personas,oracle_utility_trace - oracle_utility_trace,1,False,,softmax,1.0,True
1.0,2,8,2,20,0.0,21,joint,8.41,0.9999396131747871,0.63125,1.0,0,65665,525320,0.25,global two-component pi_rho=(1-rho)*pi_independent+rho*pi_group_shared over full 16-type personas,oracle_utility_trace - joint_utility_trace,1,False,,softmax,1.0,True
1.0,2,8,2,20,0.0,21,harp,6.02,0.9999396131747871,0.63125,1.0,0,128,1024,0.25,global two-component pi_rho=(1-rho)*pi_independent+rho*pi_group_shared over full 16-type personas,oracle_utility_trace - harp_utility_trace,1,False,,softmax,1.0,True
1.0,2,8,2,20,0.0,21,harp_s,8.41,0.9999396131747871,0.63125,1.0,0,128,1024,0.25,global two-component pi_rho=(1-rho)*pi_independent+rho*pi_group_shared over full 16-type personas,oracle_utility_trace - harp_s_utility_trace,1,False,,softmax,1.0,True
1.0,2,8,2,20,0.0,22,oracle,0.0,0.9998543430867215,0.55625,1.0,0,65665,525320,0.25,global two-component pi_rho=(1-rho)*pi_independent+rho*pi_group_shared over full 16-type personas,oracle_utility_trace - oracle_utility_trace,1,True,,softmax,1.0,True
1.0,2,8,2,20,0.0,22,joint,2.230000000000004,0.9998543430867215,0.55625,1.0,0,65665,525320,0.25,global two-component pi_rho=(1-rho)*pi_independent+rho*pi_group_shared over full 16-type personas,oracle_utility_trace - joint_utility_trace,1,True,,softmax,1.0,True
1.0,2,8,2,20,0.0,22,harp,2.230000000000004,0.9998543430867215,0.55625,1.0,0,128,1024,0.25,global two-component pi_rho=(1-rho)*pi_independent+rho*pi_group_shared over full 16-type personas,oracle_utility_trace - harp_utility_trace,1,True,,softmax,1.0,True
1.0,2,8,2,20,0.0,22,harp_s,2.230000000000004,0.9998543430867215,0.55625,1.0,0,128,1024,0.25,global two-component pi_rho=(1-rho)*pi_independent+rho*pi_group_shared over full 16-type personas,oracle_utility_trace - harp_s_utility_trace,1,True,,softmax,1.0,True
1.0,2,8,2,20,0.0,23,oracle,0.0,0.9999105906774736,0.59375,1.0,0,65665,525320,0.25,global two-component pi_rho=(1-rho)*pi_independent+rho*pi_group_shared over full 16-type personas,oracle_utility_trace - oracle_utility_trace,1,False,,softmax,1.0,True
1.0,2,8,2,20,0.0,23,joint,4.210000000000001,0.9999105906774736,0.59375,1.0,0,65665,525320,0.25,global two-component pi_rho=(1-rho)*pi_independent+rho*pi_group_shared over full 16-type personas,oracle_utility_trace - joint_utility_trace,1,False,,softmax,1.0,True
1.0,2,8,2,20,0.0,23,harp,6.660000000000004,0.9999105906774736,0.59375,1.0,0,128,1024,0.25,global two-component pi_rho=(1-rho)*pi_independent+rho*pi_group_shared over full 16-type personas,oracle_utility_trace - harp_utility_trace,1,False,,softmax,1.0,True
1.0,2,8,2,20,0.0,23,harp_s,4.210000000000001,0.9999105906774736,0.59375,1.0,0,128,1024,0.25,global two-component pi_rho=(1-rho)*pi_independent+rho*pi_group_shared over full 16-type personas,oracle_utility_trace - harp_s_utility_trace,1,False,,softmax,1.0,True
1.0,2,8,2,20,0.0,24,oracle,0.0,0.9999246406347531,0.68125,1.0,0,65665,525320,0.25,global two-component pi_rho=(1-rho)*pi_independent+rho*pi_group_shared over full 16-type personas,oracle_utility_trace - oracle_utility_trace,2,True,,softmax,1.0,True
1.0,2,8,2,20,0.0,24,joint,1.5,0.9999246406347531,0.68125,1.0,0,65665,525320,0.25,global two-component pi_rho=(1-rho)*pi_independent+rho*pi_group_shared over full 16-type personas,oracle_utility_trace - joint_utility_trace,2,True,,softmax,1.0,True
1.0,2,8,2,20,0.0,24,harp,1.5,0.9999246406347531,0.68125,1.0,0,128,1024,0.25,global two-component pi_rho=(1-rho)*pi_independent+rho*pi_group_shared over full 16-type personas,oracle_utility_trace - harp_utility_trace,2,True,,softmax,1.0,True
1.0,2,8,2,20,0.0,24,harp_s,1.5,0.9999246406347531,0.68125,1.0,0,128,1024,0.25,global two-component pi_rho=(1-rho)*pi_independent+rho*pi_group_shared over full 16-type personas,oracle_utility_trace - harp_s_utility_trace,2,True,,softmax,1.0,True
1.0,2,8,2,20,0.0,25,oracle,0.0,0.9999451652885071,0.71875,1.0,0,65665,525320,0.25,global two-component pi_rho=(1-rho)*pi_independent+rho*pi_group_shared over full 16-type personas,oracle_utility_trace - oracle_utility_trace,2,False,,softmax,1.0,True
1.0,2,8,2,20,0.0,25,joint,4.770000000000003,0.9999451652885071,0.71875,1.0,0,65665,525320,0.25,global two-component pi_rho=(1-rho)*pi_independent+rho*pi_group_shared over full 16-type personas,oracle_utility_trace - joint_utility_trace,2,False,,softmax,1.0,True
1.0,2,8,2,20,0.0,25,harp,6.270000000000003,0.9999451652885071,0.71875,1.0,0,128,1024,0.25,global two-component pi_rho=(1-rho)*pi_independent+rho*pi_group_shared over full 16-type personas,oracle_utility_trace - harp_utility_trace,2,False,,softmax,1.0,True
1.0,2,8,2,20,0.0,25,harp_s,4.770000000000003,0.9999451652885071,0.71875,1.0,0,128,1024,0.25,global two-component pi_rho=(1-rho)*pi_independent+rho*pi_group_shared over full 16-type personas,oracle_utility_trace - harp_s_utility_trace,2,False,,softmax,1.0,True
1.0,2,8,2,20,0.0,26,oracle,0.0,0.9999189510931213,0.5625,1.0,0,65665,525320,0.25,global two-component pi_rho=(1-rho)*pi_independent+rho*pi_group_shared over full 16-type personas,oracle_utility_trace - oracle_utility_trace,1,True,,softmax,1.0,True
1.0,2,8,2,20,0.0,26,joint,0.0,0.9999189510931213,0.5625,1.0,0,65665,525320,0.25,global two-component pi_rho=(1-rho)*pi_independent+rho*pi_group_shared over full 16-type personas,oracle_utility_trace - joint_utility_trace,1,True,,softmax,1.0,True
1.0,2,8,2,20,0.0,26,harp,0.0,0.9999189510931213,0.5625,1.0,0,128,1024,0.25,global two-component pi_rho=(1-rho)*pi_independent+rho*pi_group_shared over full 16-type personas,oracle_utility_trace - harp_utility_trace,1,True,,softmax,1.0,True
1.0,2,8,2,20,0.0,26,harp_s,0.0,0.9999189510931213,0.5625,1.0,0,128,1024,0.25,global two-component pi_rho=(1-rho)*pi_independent+rho*pi_group_shared over full 16-type personas,oracle_utility_trace - harp_s_utility_trace,1,True,,softmax,1.0,True
1.0,2,8,2,20,0.0,27,oracle,0.0,0.9998360587222141,0.5125,1.0,0,65665,525320,0.25,global two-component pi_rho=(1-rho)*pi_independent+rho*pi_group_shared over full 16-type personas,oracle_utility_trace - oracle_utility_trace,2,False,,softmax,1.0,True
1.0,2,8,2,20,0.0,27,joint,0.0,0.9998360587222141,0.5125,1.0,0,65665,525320,0.25,global two-component pi_rho=(1-rho)*pi_independent+rho*pi_group_shared over full 16-type personas,oracle_utility_trace - joint_utility_trace,2,False,,softmax,1.0,True
1.0,2,8,2,20,0.0,27,harp,3.0199999999999996,0.9998360587222141,0.5125,1.0,0,128,1024,0.25,global two-component pi_rho=(1-rho)*pi_independent+rho*pi_group_shared over full 16-type personas,oracle_utility_trace - harp_utility_trace,2,False,,softmax,1.0,True
1.0,2,8,2,20,0.0,27,harp_s,0.0,0.9998360587222141,0.5125,1.0,0,128,1024,0.25,global two-component pi_rho=(1-rho)*pi_independent+rho*pi_group_shared over full 16-type personas,oracle_utility_trace - harp_s_utility_trace,2,False,,softmax,1.0,True
1.0,2,8,2,20,0.0,28,oracle,0.0,0.9998299878028177,0.59375,1.0,0,65665,525320,0.25,global two-component pi_rho=(1-rho)*pi_independent+rho*pi_group_shared over full 16-type personas,oracle_utility_trace - oracle_utility_trace,2,False,,softmax,1.0,True
1.0,2,8,2,20,0.0,28,joint,2.3799999999999883,0.9998299878028177,0.59375,1.0,0,65665,525320,0.25,global two-component pi_rho=(1-rho)*pi_independent+rho*pi_group_shared over full 16-type personas,oracle_utility_trace - joint_utility_trace,2,False,,softmax,1.0,True
1.0,2,8,2,20,0.0,28,harp,0.6099999999999923,0.9998299878028177,0.59375,1.0,0,128,1024,0.25,global two-component pi_rho=(1-rho)*pi_independent+rho*pi_group_shared over full 16-type personas,oracle_utility_trace - harp_utility_trace,2,False,,softmax,1.0,True
1.0,2,8,2,20,0.0,28,harp_s,2.3799999999999883,0.9998299878028177,0.59375,1.0,0,128,1024,0.25,global two-component pi_rho=(1-rho)*pi_independent+rho*pi_group_shared over full 16-type personas,oracle_utility_trace - harp_s_utility_trace,2,False,,softmax,1.0,True
1.0,2,8,2,20,0.0,29,oracle,0.0,0.9996847374589283,0.5625,1.0,0,65665,525320,0.25,global two-component pi_rho=(1-rho)*pi_independent+rho*pi_group_shared over full 16-type personas,oracle_utility_trace - oracle_utility_trace,3,False,,softmax,1.0,True
1.0,2,8,2,20,0.0,29,joint,20.390000000000015,0.9996847374589283,0.5625,1.0,0,65665,525320,0.25,global two-component pi_rho=(1-rho)*pi_independent+rho*pi_group_shared over full 16-type personas,oracle_utility_trace - joint_utility_trace,3,False,,softmax,1.0,True
1.0,2,8,2,20,0.0,29,harp,16.400000000000006,0.9996847374589283,0.5625,1.0,0,128,1024,0.25,global two-component pi_rho=(1-rho)*pi_independent+rho*pi_group_shared over full 16-type personas,oracle_utility_trace - harp_utility_trace,3,False,,softmax,1.0,True
1.0,2,8,2,20,0.0,29,harp_s,20.390000000000015,0.9996847374589283,0.5625,1.0,0,128,1024,0.25,global two-component pi_rho=(1-rho)*pi_independent+rho*pi_group_shared over full 16-type personas,oracle_utility_trace - harp_s_utility_trace,3,False,,softmax,1.0,True
1.0,2,8,2,20,0.0,30,oracle,0.0,0.9997763441090219,0.4,1.0,0,65665,525320,0.25,global two-component pi_rho=(1-rho)*pi_independent+rho*pi_group_shared over full 16-type personas,oracle_utility_trace - oracle_utility_trace,3,False,,softmax,1.0,True
1.0,2,8,2,20,0.0,30,joint,0.0,0.9997763441090219,0.4,1.0,0,65665,525320,0.25,global two-component pi_rho=(1-rho)*pi_independent+rho*pi_group_shared over full 16-type personas,oracle_utility_trace - joint_utility_trace,3,False,,softmax,1.0,True
1.0,2,8,2,20,0.0,30,harp,1.0199999999999996,0.9997763441090219,0.4,1.0,0,128,1024,0.25,global two-component pi_rho=(1-rho)*pi_independent+rho*pi_group_shared over full 16-type personas,oracle_utility_trace - harp_utility_trace,3,False,,softmax,1.0,True
1.0,2,8,2,20,0.0,30,harp_s,0.0,0.9997763441090219,0.4,1.0,0,128,1024,0.25,global two-component pi_rho=(1-rho)*pi_independent+rho*pi_group_shared over full 16-type personas,oracle_utility_trace - harp_s_utility_trace,3,False,,softmax,1.0,True
1.0,2,8,2,20,0.0,31,oracle,0.0,0.9999272896636059,0.6125,1.0,0,65665,525320,0.25,global two-component pi_rho=(1-rho)*pi_independent+rho*pi_group_shared over full 16-type personas,oracle_utility_trace - oracle_utility_trace,2,False,,softmax,1.0,True
1.0,2,8,2,20,0.0,31,joint,7.459999999999994,0.9999272896636059,0.6125,1.0,0,65665,525320,0.25,global two-component pi_rho=(1-rho)*pi_independent+rho*pi_group_shared over full 16-type personas,oracle_utility_trace - joint_utility_trace,2,False,,softmax,1.0,True
1.0,2,8,2,20,0.0,31,harp,0.0,0.9999272896636059,0.6125,1.0,0,128,1024,0.25,global two-component pi_rho=(1-rho)*pi_independent+rho*pi_group_shared over full 16-type personas,oracle_utility_trace - harp_utility_trace,2,False,,softmax,1.0,True
1.0,2,8,2,20,0.0,31,harp_s,7.459999999999994,0.9999272896636059,0.6125,1.0,0,128,1024,0.25,global two-component pi_rho=(1-rho)*pi_independent+rho*pi_group_shared over full 16-type personas,oracle_utility_trace - harp_s_utility_trace,2,False,,softmax,1.0,True
1.0,2,8,2,20,0.0,32,oracle,0.0,0.9998964159211796,0.575,1.0,0,65665,525320,0.25,global two-component pi_rho=(1-rho)*pi_independent+rho*pi_group_shared over full 16-type personas,oracle_utility_trace - oracle_utility_trace,1,False,,softmax,1.0,True
1.0,2,8,2,20,0.0,32,joint,7.089999999999989,0.9998964159211796,0.575,1.0,0,65665,525320,0.25,global two-component pi_rho=(1-rho)*pi_independent+rho*pi_group_shared over full 16-type personas,oracle_utility_trace - joint_utility_trace,1,False,,softmax,1.0,True
1.0,2,8,2,20,0.0,32,harp,7.36999999999999,0.9998964159211796,0.575,1.0,0,128,1024,0.25,global two-component pi_rho=(1-rho)*pi_independent+rho*pi_group_shared over full 16-type personas,oracle_utility_trace - harp_utility_trace,1,False,,softmax,1.0,True
1.0,2,8,2,20,0.0,32,harp_s,7.089999999999989,0.9998964159211796,0.575,1.0,0,128,1024,0.25,global two-component pi_rho=(1-rho)*pi_independent+rho*pi_group_shared over full 16-type personas,oracle_utility_trace - harp_s_utility_trace,1,False,,softmax,1.0,True
1.0,2,8,2,20,0.0,33,oracle,0.0,0.9999332830532225,0.5125,1.0,0,65665,525320,0.25,global two-component pi_rho=(1-rho)*pi_independent+rho*pi_group_shared over full 16-type personas,oracle_utility_trace - oracle_utility_trace,3,False,,softmax,1.0,True
1.0,2,8,2,20,0.0,33,joint,4.940000000000005,0.9999332830532225,0.5125,1.0,0,65665,525320,0.25,global two-component pi_rho=(1-rho)*pi_independent+rho*pi_group_shared over full 16-type personas,oracle_utility_trace - joint_utility_trace,3,False,,softmax,1.0,True
1.0,2,8,2,20,0.0,33,harp,1.6700000000000017,0.9999332830532225,0.5125,1.0,0,128,1024,0.25,global two-component pi_rho=(1-rho)*pi_independent+rho*pi_group_shared over full 16-type personas,oracle_utility_trace - harp_utility_trace,3,False,,softmax,1.0,True
1.0,2,8,2,20,0.0,33,harp_s,4.940000000000005,0.9999332830532225,0.5125,1.0,0,128,1024,0.25,global two-component pi_rho=(1-rho)*pi_independent+rho*pi_group_shared over full 16-type personas,oracle_utility_trace - harp_s_utility_trace,3,False,,softmax,1.0,True
1.0,2,8,2,20,0.0,34,oracle,0.0,0.9999530898678156,0.7,1.0,0,65665,525320,0.25,global two-component pi_rho=(1-rho)*pi_independent+rho*pi_group_shared over full 16-type personas,oracle_utility_trace - oracle_utility_trace,1,False,,softmax,1.0,True
1.0,2,8,2,20,0.0,34,joint,3.759999999999998,0.9999530898678156,0.7,1.0,0,65665,525320,0.25,global two-component pi_rho=(1-rho)*pi_independent+rho*pi_group_shared over full 16-type personas,oracle_utility_trace - joint_utility_trace,1,False,,softmax,1.0,True
1.0,2,8,2,20,0.0,34,harp,4.509999999999998,0.9999530898678156,0.7,1.0,0,128,1024,0.25,global two-component pi_rho=(1-rho)*pi_independent+rho*pi_group_shared over full 16-type personas,oracle_utility_trace - harp_utility_trace,1,False,,softmax,1.0,True
1.0,2,8,2,20,0.0,34,harp_s,3.759999999999998,0.9999530898678156,0.7,1.0,0,128,1024,0.25,global two-component pi_rho=(1-rho)*pi_independent+rho*pi_group_shared over full 16-type personas,oracle_utility_trace - harp_s_utility_trace,1,False,,softmax,1.0,True
1.0,2,8,2,20,0.0,35,oracle,0.0,0.9999372943115683,0.6375,1.0,0,65665,525320,0.25,global two-component pi_rho=(1-rho)*pi_independent+rho*pi_group_shared over full 16-type personas,oracle_utility_trace - oracle_utility_trace,5,False,,softmax,1.0,True
1.0,2,8,2,20,0.0,35,joint,17.61,0.9999372943115683,0.6375,1.0,0,65665,525320,0.25,global two-component pi_rho=(1-rho)*pi_independent+rho*pi_group_shared over full 16-type personas,oracle_utility_trace - joint_utility_trace,5,False,,softmax,1.0,True
1.0,2,8,2,20,0.0,35,harp,4.670000000000002,0.9999372943115683,0.6375,1.0,0,128,1024,0.25,global two-component pi_rho=(1-rho)*pi_independent+rho*pi_group_shared over full 16-type personas,oracle_utility_trace - harp_utility_trace,5,False,,softmax,1.0,True
1.0,2,8,2,20,0.0,35,harp_s,17.61,0.9999372943115683,0.6375,1.0,0,128,1024,0.25,global two-component pi_rho=(1-rho)*pi_independent+rho*pi_group_shared over full 16-type personas,oracle_utility_trace - harp_s_utility_trace,5,False,,softmax,1.0,True
1.0,2,8,2,20,0.0,36,oracle,0.0,0.999525016795943,0.38125,1.0,0,65665,525320,0.25,global two-component pi_rho=(1-rho)*pi_independent+rho*pi_group_shared over full 16-type personas,oracle_utility_trace - oracle_utility_trace,1,False,,softmax,1.0,True
1.0,2,8,2,20,0.0,36,joint,5.120000000000001,0.999525016795943,0.38125,1.0,0,65665,525320,0.25,global two-component pi_rho=(1-rho)*pi_independent+rho*pi_group_shared over full 16-type personas,oracle_utility_trace - joint_utility_trace,1,False,,softmax,1.0,True
1.0,2,8,2,20,0.0,36,harp,6.620000000000001,0.999525016795943,0.38125,1.0,0,128,1024,0.25,global two-component pi_rho=(1-rho)*pi_independent+rho*pi_group_shared over full 16-type personas,oracle_utility_trace - harp_utility_trace,1,False,,softmax,1.0,True
1.0,2,8,2,20,0.0,36,harp_s,5.120000000000001,0.999525016795943,0.38125,1.0,0,128,1024,0.25,global two-component pi_rho=(1-rho)*pi_independent+rho*pi_group_shared over full 16-type personas,oracle_utility_trace - harp_s_utility_trace,1,False,,softmax,1.0,True
1.0,2,8,2,20,0.0,37,oracle,0.0,0.9999540412863552,0.61875,1.0,0,65665,525320,0.25,global two-component pi_rho=(1-rho)*pi_independent+rho*pi_group_shared over full 16-type personas,oracle_utility_trace - oracle_utility_trace,1,False,,softmax,1.0,True
1.0,2,8,2,20,0.0,37,joint,2.75,0.9999540412863552,0.61875,1.0,0,65665,525320,0.25,global two-component pi_rho=(1-rho)*pi_independent+rho*pi_group_shared over full 16-type personas,oracle_utility_trace - joint_utility_trace,1,False,,softmax,1.0,True
1.0,2,8,2,20,0.0,37,harp,0.0,0.9999540412863552,0.61875,1.0,0,128,1024,0.25,global two-component pi_rho=(1-rho)*pi_independent+rho*pi_group_shared over full 16-type personas,oracle_utility_trace - harp_utility_trace,1,False,,softmax,1.0,True
1.0,2,8,2,20,0.0,37,harp_s,2.75,0.9999540412863552,0.61875,1.0,0,128,1024,0.25,global two-component pi_rho=(1-rho)*pi_independent+rho*pi_group_shared over full 16-type personas,oracle_utility_trace - harp_s_utility_trace,1,False,,softmax,1.0,True
1.0,2,8,2,20,0.0,38,oracle,0.0,0.9998601342381086,0.5375,1.0,0,65665,525320,0.25,global two-component pi_rho=(1-rho)*pi_independent+rho*pi_group_shared over full 16-type personas,oracle_utility_trace - oracle_utility_trace,1,True,,softmax,1.0,True
1.0,2,8,2,20,0.0,38,joint,0.0,0.9998601342381086,0.5375,1.0,0,65665,525320,0.25,global two-component pi_rho=(1-rho)*pi_independent+rho*pi_group_shared over full 16-type personas,oracle_utility_trace - joint_utility_trace,1,True,,softmax,1.0,True
1.0,2,8,2,20,0.0,38,harp,0.0,0.9998601342381086,0.5375,1.0,0,128,1024,0.25,global two-component pi_rho=(1-rho)*pi_independent+rho*pi_group_shared over full 16-type personas,oracle_utility_trace - harp_utility_trace,1,True,,softmax,1.0,True
1.0,2,8,2,20,0.0,38,harp_s,0.0,0.9998601342381086,0.5375,1.0,0,128,1024,0.25,global two-component pi_rho=(1-rho)*pi_independent+rho*pi_group_shared over full 16-type personas,oracle_utility_trace - harp_s_utility_trace,1,True,,softmax,1.0,True
1.0,2,8,2,20,0.0,39,oracle,0.0,0.9999300912770215,0.64375,1.0,0,65665,525320,0.25,global two-component pi_rho=(1-rho)*pi_independent+rho*pi_group_shared over full 16-type personas,oracle_utility_trace - oracle_utility_trace,4,False,,softmax,1.0,True
1.0,2,8,2,20,0.0,39,joint,9.18,0.9999300912770215,0.64375,1.0,0,65665,525320,0.25,global two-component pi_rho=(1-rho)*pi_independent+rho*pi_group_shared over full 16-type personas,oracle_utility_trace - joint_utility_trace,4,False,,softmax,1.0,True
1.0,2,8,2,20,0.0,39,harp,4.780000000000008,0.9999300912770215,0.64375,1.0,0,128,1024,0.25,global two-component pi_rho=(1-rho)*pi_independent+rho*pi_group_shared over full 16-type personas,oracle_utility_trace - harp_utility_trace,4,False,,softmax,1.0,True
1.0,2,8,2,20,0.0,39,harp_s,9.18,0.9999300912770215,0.64375,1.0,0,128,1024,0.25,global two-component pi_rho=(1-rho)*pi_independent+rho*pi_group_shared over full 16-type personas,oracle_utility_trace - harp_s_utility_trace,4,False,,softmax,1.0,True
1.0,2,8,2,20,0.0,40,oracle,0.0,0.999930372382682,0.7,1.0,0,65665,525320,0.25,global two-component pi_rho=(1-rho)*pi_independent+rho*pi_group_shared over full 16-type personas,oracle_utility_trace - oracle_utility_trace,1,False,,softmax,1.0,True
1.0,2,8,2,20,0.0,40,joint,0.6900000000000119,0.999930372382682,0.7,1.0,0,65665,525320,0.25,global two-component pi_rho=(1-rho)*pi_independent+rho*pi_group_shared over full 16-type personas,oracle_utility_trace - joint_utility_trace,1,False,,softmax,1.0,True
1.0,2,8,2,20,0.0,40,harp,0.14000000000000057,0.999930372382682,0.7,1.0,0,128,1024,0.25,global two-component pi_rho=(1-rho)*pi_independent+rho*pi_group_shared over full 16-type personas,oracle_utility_trace - harp_utility_trace,1,False,,softmax,1.0,True
1.0,2,8,2,20,0.0,40,harp_s,0.6900000000000119,0.999930372382682,0.7,1.0,0,128,1024,0.25,global two-component pi_rho=(1-rho)*pi_independent+rho*pi_group_shared over full 16-type personas,oracle_utility_trace - harp_s_utility_trace,1,False,,softmax,1.0,True
1.0,2,8,2,20,0.0,41,oracle,0.0,0.9999096828723868,0.45625,1.0,0,65665,525320,0.25,global two-component pi_rho=(1-rho)*pi_independent+rho*pi_group_shared over full 16-type personas,oracle_utility_trace - oracle_utility_trace,1,False,,softmax,1.0,True
1.0,2,8,2,20,0.0,41,joint,0.0,0.9999096828723868,0.45625,1.0,0,65665,525320,0.25,global two-component pi_rho=(1-rho)*pi_independent+rho*pi_group_shared over full 16-type personas,oracle_utility_trace - joint_utility_trace,1,False,,softmax,1.0,True
1.0,2,8,2,20,0.0,41,harp,0.18999999999999773,0.9999096828723868,0.45625,1.0,0,128,1024,0.25,global two-component pi_rho=(1-rho)*pi_independent+rho*pi_group_shared over full 16-type personas,oracle_utility_trace - harp_utility_trace,1,False,,softmax,1.0,True
1.0,2,8,2,20,0.0,41,harp_s,0.0,0.9999096828723868,0.45625,1.0,0,128,1024,0.25,global two-component pi_rho=(1-rho)*pi_independent+rho*pi_group_shared over full 16-type personas,oracle_utility_trace - harp_s_utility_trace,1,False,,softmax,1.0,True
1.0,2,8,2,20,0.0,42,oracle,0.0,0.999877540114746,0.63125,1.0,0,65665,525320,0.25,global two-component pi_rho=(1-rho)*pi_independent+rho*pi_group_shared over full 16-type personas,oracle_utility_trace - oracle_utility_trace,1,True,,softmax,1.0,True
1.0,2,8,2,20,0.0,42,joint,7.18,0.999877540114746,0.63125,1.0,0,65665,525320,0.25,global two-component pi_rho=(1-rho)*pi_independent+rho*pi_group_shared over full 16-type personas,oracle_utility_trace - joint_utility_trace,1,True,,softmax,1.0,True
1.0,2,8,2,20,0.0,42,harp,7.18,0.999877540114746,0.63125,1.0,0,128,1024,0.25,global two-component pi_rho=(1-rho)*pi_independent+rho*pi_group_shared over full 16-type personas,oracle_utility_trace - harp_utility_trace,1,True,,softmax,1.0,True
1.0,2,8,2,20,0.0,42,harp_s,7.18,0.999877540114746,0.63125,1.0,0,128,1024,0.25,global two-component pi_rho=(1-rho)*pi_independent+rho*pi_group_shared over full 16-type personas,oracle_utility_trace - harp_s_utility_trace,1,True,,softmax,1.0,True
1.0,2,8,2,20,0.0,43,oracle,0.0,0.9999396961386731,0.75625,1.0,0,65665,525320,0.25,global two-component pi_rho=(1-rho)*pi_independent+rho*pi_group_shared over full 16-type personas,oracle_utility_trace - oracle_utility_trace,3,True,,softmax,1.0,True
1.0,2,8,2,20,0.0,43,joint,0.0,0.9999396961386731,0.75625,1.0,0,65665,525320,0.25,global two-component pi_rho=(1-rho)*pi_independent+rho*pi_group_shared over full 16-type personas,oracle_utility_trace - joint_utility_trace,3,True,,softmax,1.0,True
1.0,2,8,2,20,0.0,43,harp,0.0,0.9999396961386731,0.75625,1.0,0,128,1024,0.25,global two-component pi_rho=(1-rho)*pi_independent+rho*pi_group_shared over full 16-type personas,oracle_utility_trace - harp_utility_trace,3,True,,softmax,1.0,True
1.0,2,8,2,20,0.0,43,harp_s,0.0,0.9999396961386731,0.75625,1.0,0,128,1024,0.25,global two-component pi_rho=(1-rho)*pi_independent+rho*pi_group_shared over full 16-type personas,oracle_utility_trace - harp_s_utility_trace,3,True,,softmax,1.0,True
1.0,2,8,2,20,0.0,44,oracle,0.0,0.999923347081199,0.63125,1.0,0,65665,525320,0.25,global two-component pi_rho=(1-rho)*pi_independent+rho*pi_group_shared over full 16-type personas,oracle_utility_trace - oracle_utility_trace,2,False,,softmax,1.0,True
1.0,2,8,2,20,0.0,44,joint,3.960000000000001,0.999923347081199,0.63125,1.0,0,65665,525320,0.25,global two-component pi_rho=(1-rho)*pi_independent+rho*pi_group_shared over full 16-type personas,oracle_utility_trace - joint_utility_trace,2,False,,softmax,1.0,True
1.0,2,8,2,20,0.0,44,harp,3.6799999999999997,0.999923347081199,0.63125,1.0,0,128,1024,0.25,global two-component pi_rho=(1-rho)*pi_independent+rho*pi_group_shared over full 16-type personas,oracle_utility_trace - harp_utility_trace,2,False,,softmax,1.0,True
1.0,2,8,2,20,0.0,44,harp_s,3.960000000000001,0.999923347081199,0.63125,1.0,0,128,1024,0.25,global two-component pi_rho=(1-rho)*pi_independent+rho*pi_group_shared over full 16-type personas,oracle_utility_trace - harp_s_utility_trace,2,False,,softmax,1.0,True
1.0,2,8,2,20,0.0,45,oracle,0.0,0.9999132754293409,0.5,1.0,0,65665,525320,0.25,global two-component pi_rho=(1-rho)*pi_independent+rho*pi_group_shared over full 16-type personas,oracle_utility_trace - oracle_utility_trace,3,False,,softmax,1.0,True
1.0,2,8,2,20,0.0,45,joint,1.5,0.9999132754293409,0.5,1.0,0,65665,525320,0.25,global two-component pi_rho=(1-rho)*pi_independent+rho*pi_group_shared over full 16-type personas,oracle_utility_trace - joint_utility_trace,3,False,,softmax,1.0,True
1.0,2,8,2,20,0.0,45,harp,3.0,0.9999132754293409,0.5,1.0,0,128,1024,0.25,global two-component pi_rho=(1-rho)*pi_independent+rho*pi_group_shared over full 16-type personas,oracle_utility_trace - harp_utility_trace,3,False,,softmax,1.0,True
1.0,2,8,2,20,0.0,45,harp_s,1.5,0.9999132754293409,0.5,1.0,0,128,1024,0.25,global two-component pi_rho=(1-rho)*pi_independent+rho*pi_group_shared over full 16-type personas,oracle_utility_trace - harp_s_utility_trace,3,False,,softmax,1.0,True
1.0,2,8,2,20,0.0,46,oracle,0.0,0.9998386710248536,0.65,1.0,0,65665,525320,0.25,global two-component pi_rho=(1-rho)*pi_independent+rho*pi_group_shared over full 16-type personas,oracle_utility_trace - oracle_utility_trace,4,False,,softmax,1.0,True
1.0,2,8,2,20,0.0,46,joint,11.669999999999995,0.9998386710248536,0.65,1.0,0,65665,525320,0.25,global two-component pi_rho=(1-rho)*pi_independent+rho*pi_group_shared over full 16-type personas,oracle_utility_trace - joint_utility_trace,4,False,,softmax,1.0,True
1.0,2,8,2,20,0.0,46,harp,5.479999999999997,0.9998386710248536,0.65,1.0,0,128,1024,0.25,global two-component pi_rho=(1-rho)*pi_independent+rho*pi_group_shared over full 16-type personas,oracle_utility_trace - harp_utility_trace,4,False,,softmax,1.0,True
1.0,2,8,2,20,0.0,46,harp_s,11.669999999999995,0.9998386710248536,0.65,1.0,0,128,1024,0.25,global two-component pi_rho=(1-rho)*pi_independent+rho*pi_group_shared over full 16-type personas,oracle_utility_trace - harp_s_utility_trace,4,False,,softmax,1.0,True
1.0,2,8,2,20,0.0,47,oracle,0.0,0.9999605033071527,0.5875,1.0,0,65665,525320,0.25,global two-component pi_rho=(1-rho)*pi_independent+rho*pi_group_shared over full 16-type personas,oracle_utility_trace - oracle_utility_trace,3,False,,softmax,1.0,True
1.0,2,8,2,20,0.0,47,joint,5.649999999999999,0.9999605033071527,0.5875,1.0,0,65665,525320,0.25,global two-component pi_rho=(1-rho)*pi_independent+rho*pi_group_shared over full 16-type personas,oracle_utility_trace - joint_utility_trace,3,False,,softmax,1.0,True
1.0,2,8,2,20,0.0,47,harp,11.379999999999995,0.9999605033071527,0.5875,1.0,0,128,1024,0.25,global two-component pi_rho=(1-rho)*pi_independent+rho*pi_group_shared over full 16-type personas,oracle_utility_trace - harp_utility_trace,3,False,,softmax,1.0,True
1.0,2,8,2,20,0.0,47,harp_s,5.649999999999999,0.9999605033071527,0.5875,1.0,0,128,1024,0.25,global two-component pi_rho=(1-rho)*pi_independent+rho*pi_group_shared over full 16-type personas,oracle_utility_trace - harp_s_utility_trace,3,False,,softmax,1.0,True
1.0,2,8,2,20,0.0,48,oracle,0.0,0.9998775210449656,0.375,1.0,0,65665,525320,0.25,global two-component pi_rho=(1-rho)*pi_independent+rho*pi_group_shared over full 16-type personas,oracle_utility_trace - oracle_utility_trace,2,False,,softmax,1.0,True
1.0,2,8,2,20,0.0,48,joint,9.560000000000002,0.9998775210449656,0.375,1.0,0,65665,525320,0.25,global two-component pi_rho=(1-rho)*pi_independent+rho*pi_group_shared over full 16-type personas,oracle_utility_trace - joint_utility_trace,2,False,,softmax,1.0,True
1.0,2,8,2,20,0.0,48,harp,4.780000000000001,0.9998775210449656,0.375,1.0,0,128,1024,0.25,global two-component pi_rho=(1-rho)*pi_independent+rho*pi_group_shared over full 16-type personas,oracle_utility_trace - harp_utility_trace,2,False,,softmax,1.0,True
1.0,2,8,2,20,0.0,48,harp_s,9.560000000000002,0.9998775210449656,0.375,1.0,0,128,1024,0.25,global two-component pi_rho=(1-rho)*pi_independent+rho*pi_group_shared over full 16-type personas,oracle_utility_trace - harp_s_utility_trace,2,False,,softmax,1.0,True
1.0,2,8,2,20,0.0,49,oracle,0.0,0.9999358885531816,0.55,1.0,0,65665,525320,0.25,global two-component pi_rho=(1-rho)*pi_independent+rho*pi_group_shared over full 16-type personas,oracle_utility_trace - oracle_utility_trace,0,False,,softmax,1.0,True
1.0,2,8,2,20,0.0,49,joint,5.609999999999999,0.9999358885531816,0.55,1.0,0,65665,525320,0.25,global two-component pi_rho=(1-rho)*pi_independent+rho*pi_group_shared over full 16-type personas,oracle_utility_trace - joint_utility_trace,0,False,,softmax,1.0,True
1.0,2,8,2,20,0.0,49,harp,5.609999999999999,0.9999358885531816,0.55,1.0,0,128,1024,0.25,global two-component pi_rho=(1-rho)*pi_independent+rho*pi_group_shared over full 16-type personas,oracle_utility_trace - harp_utility_trace,0,False,,softmax,1.0,True
1.0,2,8,2,20,0.0,49,harp_s,5.609999999999999,0.9999358885531816,0.55,1.0,0,128,1024,0.25,global two-component pi_rho=(1-rho)*pi_independent+rho*pi_group_shared over full 16-type personas,oracle_utility_trace - harp_s_utility_trace,0,False,,softmax,1.0,True
1.0,2,8,2,20,0.0,50,oracle,0.0,0.9999014837057777,0.68125,1.0,0,65665,525320,0.25,global two-component pi_rho=(1-rho)*pi_independent+rho*pi_group_shared over full 16-type personas,oracle_utility_trace - oracle_utility_trace,2,False,,softmax,1.0,True
1.0,2,8,2,20,0.0,50,joint,4.6299999999999955,0.9999014837057777,0.68125,1.0,0,65665,525320,0.25,global two-component pi_rho=(1-rho)*pi_independent+rho*pi_group_shared over full 16-type personas,oracle_utility_trace - joint_utility_trace,2,False,,softmax,1.0,True
1.0,2,8,2,20,0.0,50,harp,6.890000000000001,0.9999014837057777,0.68125,1.0,0,128,1024,0.25,global two-component pi_rho=(1-rho)*pi_independent+rho*pi_group_shared over full 16-type personas,oracle_utility_trace - harp_utility_trace,2,False,,softmax,1.0,True
1.0,2,8,2,20,0.0,50,harp_s,4.6299999999999955,0.9999014837057777,0.68125,1.0,0,128,1024,0.25,global two-component pi_rho=(1-rho)*pi_independent+rho*pi_group_shared over full 16-type personas,oracle_utility_trace - harp_s_utility_trace,2,False,,softmax,1.0,True
1.0,2,8,2,20,0.0,51,oracle,0.0,0.9999552122111706,0.64375,1.0,0,65665,525320,0.25,global two-component pi_rho=(1-rho)*pi_independent+rho*pi_group_shared over full 16-type personas,oracle_utility_trace - oracle_utility_trace,2,True,,softmax,1.0,True
1.0,2,8,2,20,0.0,51,joint,4.480000000000004,0.9999552122111706,0.64375,1.0,0,65665,525320,0.25,global two-component pi_rho=(1-rho)*pi_independent+rho*pi_group_shared over full 16-type personas,oracle_utility_trace - joint_utility_trace,2,True,,softmax,1.0,True
1.0,2,8,2,20,0.0,51,harp,4.480000000000004,0.9999552122111706,0.64375,1.0,0,128,1024,0.25,global two-component pi_rho=(1-rho)*pi_independent+rho*pi_group_shared over full 16-type personas,oracle_utility_trace - harp_utility_trace,2,True,,softmax,1.0,True
1.0,2,8,2,20,0.0,51,harp_s,4.480000000000004,0.9999552122111706,0.64375,1.0,0,128,1024,0.25,global two-component pi_rho=(1-rho)*pi_independent+rho*pi_group_shared over full 16-type personas,oracle_utility_trace - harp_s_utility_trace,2,True,,softmax,1.0,True
1.0,2,8,2,20,0.0,52,oracle,0.0,0.9999133020191685,0.5125,1.0,0,65665,525320,0.25,global two-component pi_rho=(1-rho)*pi_independent+rho*pi_group_shared over full 16-type personas,oracle_utility_trace - oracle_utility_trace,2,False,,softmax,1.0,True
1.0,2,8,2,20,0.0,52,joint,0.0,0.9999133020191685,0.5125,1.0,0,65665,525320,0.25,global two-component pi_rho=(1-rho)*pi_independent+rho*pi_group_shared over full 16-type personas,oracle_utility_trace - joint_utility_trace,2,False,,softmax,1.0,True
1.0,2,8,2,20,0.0,52,harp,3.6999999999999957,0.9999133020191685,0.5125,1.0,0,128,1024,0.25,global two-component pi_rho=(1-rho)*pi_independent+rho*pi_group_shared over full 16-type personas,oracle_utility_trace - harp_utility_trace,2,False,,softmax,1.0,True
1.0,2,8,2,20,0.0,52,harp_s,0.0,0.9999133020191685,0.5125,1.0,0,128,1024,0.25,global two-component pi_rho=(1-rho)*pi_independent+rho*pi_group_shared over full 16-type personas,oracle_utility_trace - harp_s_utility_trace,2,False,,softmax,1.0,True
1.0,2,8,2,20,0.0,53,oracle,0.0,0.9996913660959571,0.425,1.0,0,65665,525320,0.25,global two-component pi_rho=(1-rho)*pi_independent+rho*pi_group_shared over full 16-type personas,oracle_utility_trace - oracle_utility_trace,4,False,,softmax,1.0,True
1.0,2,8,2,20,0.0,53,joint,11.230000000000004,0.9996913660959571,0.425,1.0,0,65665,525320,0.25,global two-component pi_rho=(1-rho)*pi_independent+rho*pi_group_shared over full 16-type personas,oracle_utility_trace - joint_utility_trace,4,False,,softmax,1.0,True
1.0,2,8,2,20,0.0,53,harp,10.320000000000004,0.9996913660959571,0.425,1.0,0,128,1024,0.25,global two-component pi_rho=(1-rho)*pi_independent+rho*pi_group_shared over full 16-type personas,oracle_utility_trace - harp_utility_trace,4,False,,softmax,1.0,True
1.0,2,8,2,20,0.0,53,harp_s,11.230000000000004,0.9996913660959571,0.425,1.0,0,128,1024,0.25,global two-component pi_rho=(1-rho)*pi_independent+rho*pi_group_shared over full 16-type personas,oracle_utility_trace - harp_s_utility_trace,4,False,,softmax,1.0,True
1.0,2,8,2,20,0.0,54,oracle,0.0,0.9999340878117285,0.6875,1.0,0,65665,525320,0.25,global two-component pi_rho=(1-rho)*pi_independent+rho*pi_group_shared over full 16-type personas,oracle_utility_trace - oracle_utility_trace,4,False,,softmax,1.0,True
1.0,2,8,2,20,0.0,54,joint,6.759999999999998,0.9999340878117285,0.6875,1.0,0,65665,525320,0.25,global two-component pi_rho=(1-rho)*pi_independent+rho*pi_group_shared over full 16-type personas,oracle_utility_trace - joint_utility_trace,4,False,,softmax,1.0,True
1.0,2,8,2,20,0.0,54,harp,8.530000000000001,0.9999340878117285,0.6875,1.0,0,128,1024,0.25,global two-component pi_rho=(1-rho)*pi_independent+rho*pi_group_shared over full 16-type personas,oracle_utility_trace - harp_utility_trace,4,False,,softmax,1.0,True
1.0,2,8,2,20,0.0,54,harp_s,6.759999999999998,0.9999340878117285,0.6875,1.0,0,128,1024,0.25,global two-component pi_rho=(1-rho)*pi_independent+rho*pi_group_shared over full 16-type personas,oracle_utility_trace - harp_s_utility_trace,4,False,,softmax,1.0,True
1.0,2,8,2,20,0.0,55,oracle,0.0,0.9999062424852811,0.45625,1.0,0,65665,525320,0.25,global two-component pi_rho=(1-rho)*pi_independent+rho*pi_group_shared over full 16-type personas,oracle_utility_trace - oracle_utility_trace,4,False,,softmax,1.0,True
1.0,2,8,2,20,0.0,55,joint,9.339999999999996,0.9999062424852811,0.45625,1.0,0,65665,525320,0.25,global two-component pi_rho=(1-rho)*pi_independent+rho*pi_group_shared over full 16-type personas,oracle_utility_trace - joint_utility_trace,4,False,,softmax,1.0,True
1.0,2,8,2,20,0.0,55,harp,12.589999999999996,0.9999062424852811,0.45625,1.0,0,128,1024,0.25,global two-component pi_rho=(1-rho)*pi_independent+rho*pi_group_shared over full 16-type personas,oracle_utility_trace - harp_utility_trace,4,False,,softmax,1.0,True
1.0,2,8,2,20,0.0,55,harp_s,9.339999999999996,0.9999062424852811,0.45625,1.0,0,128,1024,0.25,global two-component pi_rho=(1-rho)*pi_independent+rho*pi_group_shared over full 16-type personas,oracle_utility_trace - harp_s_utility_trace,4,False,,softmax,1.0,True
1.0,2,8,2,20,0.0,56,oracle,0.0,0.9999278342498015,0.75,1.0,0,65665,525320,0.25,global two-component pi_rho=(1-rho)*pi_independent+rho*pi_group_shared over full 16-type personas,oracle_utility_trace - oracle_utility_trace,3,False,,softmax,1.0,True
1.0,2,8,2,20,0.0,56,joint,1.2199999999999989,0.9999278342498015,0.75,1.0,0,65665,525320,0.25,global two-component pi_rho=(1-rho)*pi_independent+rho*pi_group_shared over full 16-type personas,oracle_utility_trace - joint_utility_trace,3,False,,softmax,1.0,True
1.0,2,8,2,20,0.0,56,harp,0.9200000000000017,0.9999278342498015,0.75,1.0,0,128,1024,0.25,global two-component pi_rho=(1-rho)*pi_independent+rho*pi_group_shared over full 16-type personas,oracle_utility_trace - harp_utility_trace,3,False,,softmax,1.0,True
1.0,2,8,2,20,0.0,56,harp_s,1.2199999999999989,0.9999278342498015,0.75,1.0,0,128,1024,0.25,global two-component pi_rho=(1-rho)*pi_independent+rho*pi_group_shared over full 16-type personas,oracle_utility_trace - harp_s_utility_trace,3,False,,softmax,1.0,True
1.0,2,8,2,20,0.0,57,oracle,0.0,0.9999138750789915,0.65625,1.0,0,65665,525320,0.25,global two-component pi_rho=(1-rho)*pi_independent+rho*pi_group_shared over full 16-type personas,oracle_utility_trace - oracle_utility_trace,0,False,,softmax,1.0,True
1.0,2,8,2,20,0.0,57,joint,7.640000000000001,0.9999138750789915,0.65625,1.0,0,65665,525320,0.25,global two-component pi_rho=(1-rho)*pi_independent+rho*pi_group_shared over full 16-type personas,oracle_utility_trace - joint_utility_trace,0,False,,softmax,1.0,True
1.0,2,8,2,20,0.0,57,harp,7.640000000000001,0.9999138750789915,0.65625,1.0,0,128,1024,0.25,global two-component pi_rho=(1-rho)*pi_independent+rho*pi_group_shared over full 16-type personas,oracle_utility_trace - harp_utility_trace,0,False,,softmax,1.0,True
1.0,2,8,2,20,0.0,57,harp_s,7.640000000000001,0.9999138750789915,0.65625,1.0,0,128,1024,0.25,global two-component pi_rho=(1-rho)*pi_independent+rho*pi_group_shared over full 16-type personas,oracle_utility_trace - harp_s_utility_trace,0,False,,softmax,1.0,True
1.0,2,8,2,20,0.0,58,oracle,0.0,0.9998723507876575,0.39375,1.0,0,65665,525320,0.25,global two-component pi_rho=(1-rho)*pi_independent+rho*pi_group_shared over full 16-type personas,oracle_utility_trace - oracle_utility_trace,3,False,,softmax,1.0,True
1.0,2,8,2,20,0.0,58,joint,19.08000000000001,0.9998723507876575,0.39375,1.0,0,65665,525320,0.25,global two-component pi_rho=(1-rho)*pi_independent+rho*pi_group_shared over full 16-type personas,oracle_utility_trace - joint_utility_trace,3,False,,softmax,1.0,True
1.0,2,8,2,20,0.0,58,harp,14.940000000000008,0.9998723507876575,0.39375,1.0,0,128,1024,0.25,global two-component pi_rho=(1-rho)*pi_independent+rho*pi_group_shared over full 16-type personas,oracle_utility_trace - harp_utility_trace,3,False,,softmax,1.0,True
1.0,2,8,2,20,0.0,58,harp_s,19.08000000000001,0.9998723507876575,0.39375,1.0,0,128,1024,0.25,global two-component pi_rho=(1-rho)*pi_independent+rho*pi_group_shared over full 16-type personas,oracle_utility_trace - harp_s_utility_trace,3,False,,softmax,1.0,True
1.0,2,8,2,20,0.0,59,oracle,0.0,0.9998726783345034,0.475,1.0,0,65665,525320,0.25,global two-component pi_rho=(1-rho)*pi_independent+rho*pi_group_shared over full 16-type personas,oracle_utility_trace - oracle_utility_trace,0,False,,softmax,1.0,True
1.0,2,8,2,20,0.0,59,joint,1.5,0.9998726783345034,0.475,1.0,0,65665,525320,0.25,global two-component pi_rho=(1-rho)*pi_independent+rho*pi_group_shared over full 16-type personas,oracle_utility_trace - joint_utility_trace,0,False,,softmax,1.0,True
1.0,2,8,2,20,0.0,59,harp,1.5,0.9998726783345034,0.475,1.0,0,128,1024,0.25,global two-component pi_rho=(1-rho)*pi_independent+rho*pi_group_shared over full 16-type personas,oracle_utility_trace - harp_utility_trace,0,False,,softmax,1.0,True
1.0,2,8,2,20,0.0,59,harp_s,1.5,0.9998726783345034,0.475,1.0,0,128,1024,0.25,global two-component pi_rho=(1-rho)*pi_independent+rho*pi_group_shared over full 16-type personas,oracle_utility_trace - harp_s_utility_trace,0,False,,softmax,1.0,True
1.0,4,8,2,20,0.0,20,oracle,0.0,0.9999907900936588,0.6375,1.0,0,385,3080,0.25,global two-component pi_rho=(1-rho)*pi_independent+rho*pi_group_shared over full 16-type personas,oracle_utility_trace - oracle_utility_trace,2,True,,softmax,1.0,True
1.0,4,8,2,20,0.0,20,joint,2.3599999999999994,0.9999907900936588,0.6375,1.0,0,385,3080,0.25,global two-component pi_rho=(1-rho)*pi_independent+rho*pi_group_shared over full 16-type personas,oracle_utility_trace - joint_utility_trace,2,True,,softmax,1.0,True
1.0,4,8,2,20,0.0,20,harp,2.3599999999999994,0.9999907900936588,0.6375,1.0,0,128,1024,0.25,global two-component pi_rho=(1-rho)*pi_independent+rho*pi_group_shared over full 16-type personas,oracle_utility_trace - harp_utility_trace,2,True,,softmax,1.0,True
1.0,4,8,2,20,0.0,20,harp_s,2.3599999999999994,0.9999907900936588,0.6375,1.0,0,128,1024,0.25,global two-component pi_rho=(1-rho)*pi_independent+rho*pi_group_shared over full 16-type personas,oracle_utility_trace - harp_s_utility_trace,2,True,,softmax,1.0,True
1.0,4,8,2,20,0.0,21,oracle,0.0,0.9999971430707572,0.63125,1.0,0,385,3080,0.25,global two-component pi_rho=(1-rho)*pi_independent+rho*pi_group_shared over full 16-type personas,oracle_utility_trace - oracle_utility_trace,3,False,,softmax,1.0,True
1.0,4,8,2,20,0.0,21,joint,0.0,0.9999971430707572,0.63125,1.0,0,385,3080,0.25,global two-component pi_rho=(1-rho)*pi_independent+rho*pi_group_shared over full 16-type personas,oracle_utility_trace - joint_utility_trace,3,False,,softmax,1.0,True
1.0,4,8,2,20,0.0,21,harp,1.5,0.9999971430707572,0.63125,1.0,0,128,1024,0.25,global two-component pi_rho=(1-rho)*pi_independent+rho*pi_group_shared over full 16-type personas,oracle_utility_trace - harp_utility_trace,3,False,,softmax,1.0,True
1.0,4,8,2,20,0.0,21,harp_s,0.0,0.9999971430707572,0.63125,1.0,0,128,1024,0.25,global two-component pi_rho=(1-rho)*pi_independent+rho*pi_group_shared over full 16-type personas,oracle_utility_trace - harp_s_utility_trace,3,False,,softmax,1.0,True
1.0,4,8,2,20,0.0,22,oracle,0.0,0.9999966630702619,0.55625,1.0,0,385,3080,0.25,global two-component pi_rho=(1-rho)*pi_independent+rho*pi_group_shared over full 16-type personas,oracle_utility_trace - oracle_utility_trace,4,False,,softmax,1.0,True
1.0,4,8,2,20,0.0,22,joint,8.440000000000012,0.9999966630702619,0.55625,1.0,0,385,3080,0.25,global two-component pi_rho=(1-rho)*pi_independent+rho*pi_group_shared over full 16-type personas,oracle_utility_trace - joint_utility_trace,4,False,,softmax,1.0,True
1.0,4,8,2,20,0.0,22,harp,9.70000000000001,0.9999966630702619,0.55625,1.0,0,128,1024,0.25,global two-component pi_rho=(1-rho)*pi_independent+rho*pi_group_shared over full 16-type personas,oracle_utility_trace - harp_utility_trace,4,False,,softmax,1.0,True
1.0,4,8,2,20,0.0,22,harp_s,8.440000000000012,0.9999966630702619,0.55625,1.0,0,128,1024,0.25,global two-component pi_rho=(1-rho)*pi_independent+rho*pi_group_shared over full 16-type personas,oracle_utility_trace - harp_s_utility_trace,4,False,,softmax,1.0,True
1.0,4,8,2,20,0.0,23,oracle,0.0,0.9999935084845853,0.59375,1.0,0,385,3080,0.25,global two-component pi_rho=(1-rho)*pi_independent+rho*pi_group_shared over full 16-type personas,oracle_utility_trace - oracle_utility_trace,3,False,,softmax,1.0,True
1.0,4,8,2,20,0.0,23,joint,6.450000000000003,0.9999935084845853,0.59375,1.0,0,385,3080,0.25,global two-component pi_rho=(1-rho)*pi_independent+rho*pi_group_shared over full 16-type personas,oracle_utility_trace - joint_utility_trace,3,False,,softmax,1.0,True
1.0,4,8,2,20,0.0,23,harp,7.950000000000003,0.9999935084845853,0.59375,1.0,0,128,1024,0.25,global two-component pi_rho=(1-rho)*pi_independent+rho*pi_group_shared over full 16-type personas,oracle_utility_trace - harp_utility_trace,3,False,,softmax,1.0,True
1.0,4,8,2,20,0.0,23,harp_s,6.450000000000003,0.9999935084845853,0.59375,1.0,0,128,1024,0.25,global two-component pi_rho=(1-rho)*pi_independent+rho*pi_group_shared over full 16-type personas,oracle_utility_trace - harp_s_utility_trace,3,False,,softmax,1.0,True
1.0,4,8,2,20,0.0,24,oracle,0.0,0.9999814472101823,0.68125,1.0,0,385,3080,0.25,global two-component pi_rho=(1-rho)*pi_independent+rho*pi_group_shared over full 16-type personas,oracle_utility_trace - oracle_utility_trace,2,True,,softmax,1.0,True
1.0,4,8,2,20,0.0,24,joint,0.0,0.9999814472101823,0.68125,1.0,0,385,3080,0.25,global two-component pi_rho=(1-rho)*pi_independent+rho*pi_group_shared over full 16-type personas,oracle_utility_trace - joint_utility_trace,2,True,,softmax,1.0,True
1.0,4,8,2,20,0.0,24,harp,0.0,0.9999814472101823,0.68125,1.0,0,128,1024,0.25,global two-component pi_rho=(1-rho)*pi_independent+rho*pi_group_shared over full 16-type personas,oracle_utility_trace - harp_utility_trace,2,True,,softmax,1.0,True
1.0,4,8,2,20,0.0,24,harp_s,0.0,0.9999814472101823,0.68125,1.0,0,128,1024,0.25,global two-component pi_rho=(1-rho)*pi_independent+rho*pi_group_shared over full 16-type personas,oracle_utility_trace - harp_s_utility_trace,2,True,,softmax,1.0,True
1.0,4,8,2,20,0.0,25,oracle,0.0,0.9999965593789504,0.71875,1.0,0,385,3080,0.25,global two-component pi_rho=(1-rho)*pi_independent+rho*pi_group_shared over full 16-type personas,oracle_utility_trace - oracle_utility_trace,1,True,,softmax,1.0,True
1.0,4,8,2,20,0.0,25,joint,0.0,0.9999965593789504,0.71875,1.0,0,385,3080,0.25,global two-component pi_rho=(1-rho)*pi_independent+rho*pi_group_shared over full 16-type personas,oracle_utility_trace - joint_utility_trace,1,True,,softmax,1.0,True
1.0,4,8,2,20,0.0,25,harp,0.0,0.9999965593789504,0.71875,1.0,0,128,1024,0.25,global two-component pi_rho=(1-rho)*pi_independent+rho*pi_group_shared over full 16-type personas,oracle_utility_trace - harp_utility_trace,1,True,,softmax,1.0,True
1.0,4,8,2,20,0.0,25,harp_s,0.0,0.9999965593789504,0.71875,1.0,0,128,1024,0.25,global two-component pi_rho=(1-rho)*pi_independent+rho*pi_group_shared over full 16-type personas,oracle_utility_trace - harp_s_utility_trace,1,True,,softmax,1.0,True
1.0,4,8,2,20,0.0,26,oracle,0.0,0.9999927075409178,0.5625,1.0,0,385,3080,0.25,global two-component pi_rho=(1-rho)*pi_independent+rho*pi_group_shared over full 16-type personas,oracle_utility_trace - oracle_utility_trace,2,False,,softmax,1.0,True
1.0,4,8,2,20,0.0,26,joint,0.0,0.9999927075409178,0.5625,1.0,0,385,3080,0.25,global two-component pi_rho=(1-rho)*pi_independent+rho*pi_group_shared over full 16-type personas,oracle_utility_trace - joint_utility_trace,2,False,,softmax,1.0,True
1.0,4,8,2,20,0.0,26,harp,2.9099999999999966,0.9999927075409178,0.5625,1.0,0,128,1024,0.25,global two-component pi_rho=(1-rho)*pi_independent+rho*pi_group_shared over full 16-type personas,oracle_utility_trace - harp_utility_trace,2,False,,softmax,1.0,True
1.0,4,8,2,20,0.0,26,harp_s,0.0,0.9999927075409178,0.5625,1.0,0,128,1024,0.25,global two-component pi_rho=(1-rho)*pi_independent+rho*pi_group_shared over full 16-type personas,oracle_utility_trace - harp_s_utility_trace,2,False,,softmax,1.0,True
1.0,4,8,2,20,0.0,27,oracle,0.0,0.9999574861062921,0.5125,1.0,0,385,3080,0.25,global two-component pi_rho=(1-rho)*pi_independent+rho*pi_group_shared over full 16-type personas,oracle_utility_trace - oracle_utility_trace,4,True,,softmax,1.0,True
1.0,4,8,2,20,0.0,27,joint,0.0,0.9999574861062921,0.5125,1.0,0,385,3080,0.25,global two-component pi_rho=(1-rho)*pi_independent+rho*pi_group_shared over full 16-type personas,oracle_utility_trace - joint_utility_trace,4,True,,softmax,1.0,True
1.0,4,8,2,20,0.0,27,harp,0.0,0.9999574861062921,0.5125,1.0,0,128,1024,0.25,global two-component pi_rho=(1-rho)*pi_independent+rho*pi_group_shared over full 16-type personas,oracle_utility_trace - harp_utility_trace,4,True,,softmax,1.0,True
1.0,4,8,2,20,0.0,27,harp_s,0.0,0.9999574861062921,0.5125,1.0,0,128,1024,0.25,global two-component pi_rho=(1-rho)*pi_independent+rho*pi_group_shared over full 16-type personas,oracle_utility_trace - harp_s_utility_trace,4,True,,softmax,1.0,True
1.0,4,8,2,20,0.0,28,oracle,0.0,0.9999945759610961,0.59375,1.0,0,385,3080,0.25,global two-component pi_rho=(1-rho)*pi_independent+rho*pi_group_shared over full 16-type personas,oracle_utility_trace - oracle_utility_trace,2,False,,softmax,1.0,True
1.0,4,8,2,20,0.0,28,joint,0.8499999999999943,0.9999945759610961,0.59375,1.0,0,385,3080,0.25,global two-component pi_rho=(1-rho)*pi_independent+rho*pi_group_shared over full 16-type personas,oracle_utility_trace - joint_utility_trace,2,False,,softmax,1.0,True
1.0,4,8,2,20,0.0,28,harp,1.1799999999999855,0.9999945759610961,0.59375,1.0,0,128,1024,0.25,global two-component pi_rho=(1-rho)*pi_independent+rho*pi_group_shared over full 16-type personas,oracle_utility_trace - harp_utility_trace,2,False,,softmax,1.0,True
1.0,4,8,2,20,0.0,28,harp_s,0.8499999999999943,0.9999945759610961,0.59375,1.0,0,128,1024,0.25,global two-component pi_rho=(1-rho)*pi_independent+rho*pi_group_shared over full 16-type personas,oracle_utility_trace - harp_s_utility_trace,2,False,,softmax,1.0,True
1.0,4,8,2,20,0.0,29,oracle,0.0,0.9999747933222075,0.5625,1.0,0,385,3080,0.25,global two-component pi_rho=(1-rho)*pi_independent+rho*pi_group_shared over full 16-type personas,oracle_utility_trace - oracle_utility_trace,2,False,,softmax,1.0,True
1.0,4,8,2,20,0.0,29,joint,9.33999999999999,0.9999747933222075,0.5625,1.0,0,385,3080,0.25,global two-component pi_rho=(1-rho)*pi_independent+rho*pi_group_shared over full 16-type personas,oracle_utility_trace - joint_utility_trace,2,False,,softmax,1.0,True
1.0,4,8,2,20,0.0,29,harp,10.779999999999987,0.9999747933222075,0.5625,1.0,0,128,1024,0.25,global two-component pi_rho=(1-rho)*pi_independent+rho*pi_group_shared over full 16-type personas,oracle_utility_trace - harp_utility_trace,2,False,,softmax,1.0,True
1.0,4,8,2,20,0.0,29,harp_s,9.33999999999999,0.9999747933222075,0.5625,1.0,0,128,1024,0.25,global two-component pi_rho=(1-rho)*pi_independent+rho*pi_group_shared over full 16-type personas,oracle_utility_trace - harp_s_utility_trace,2,False,,softmax,1.0,True
1.0,4,8,2,20,0.0,30,oracle,0.0,0.999977490738049,0.4,1.0,0,385,3080,0.25,global two-component pi_rho=(1-rho)*pi_independent+rho*pi_group_shared over full 16-type personas,oracle_utility_trace - oracle_utility_trace,1,False,,softmax,1.0,True
1.0,4,8,2,20,0.0,30,joint,0.0,0.999977490738049,0.4,1.0,0,385,3080,0.25,global two-component pi_rho=(1-rho)*pi_independent+rho*pi_group_shared over full 16-type personas,oracle_utility_trace - joint_utility_trace,1,False,,softmax,1.0,True
1.0,4,8,2,20,0.0,30,harp,0.21000000000000085,0.999977490738049,0.4,1.0,0,128,1024,0.25,global two-component pi_rho=(1-rho)*pi_independent+rho*pi_group_shared over full 16-type personas,oracle_utility_trace - harp_utility_trace,1,False,,softmax,1.0,True
1.0,4,8,2,20,0.0,30,harp_s,0.0,0.999977490738049,0.4,1.0,0,128,1024,0.25,global two-component pi_rho=(1-rho)*pi_independent+rho*pi_group_shared over full 16-type personas,oracle_utility_trace - harp_s_utility_trace,1,False,,softmax,1.0,True
1.0,4,8,2,20,0.0,31,oracle,0.0,0.9999961791661776,0.6125,1.0,0,385,3080,0.25,global two-component pi_rho=(1-rho)*pi_independent+rho*pi_group_shared over full 16-type personas,oracle_utility_trace - oracle_utility_trace,1,False,,softmax,1.0,True
1.0,4,8,2,20,0.0,31,joint,0.0,0.9999961791661776,0.6125,1.0,0,385,3080,0.25,global two-component pi_rho=(1-rho)*pi_independent+rho*pi_group_shared over full 16-type personas,oracle_utility_trace - joint_utility_trace,1,False,,softmax,1.0,True
1.0,4,8,2,20,0.0,31,harp,3.1799999999999926,0.9999961791661776,0.6125,1.0,0,128,1024,0.25,global two-component pi_rho=(1-rho)*pi_independent+rho*pi_group_shared over full 16-type personas,oracle_utility_trace - harp_utility_trace,1,False,,softmax,1.0,True
1.0,4,8,2,20,0.0,31,harp_s,0.0,0.9999961791661776,0.6125,1.0,0,128,1024,0.25,global two-component pi_rho=(1-rho)*pi_independent+rho*pi_group_shared over full 16-type personas,oracle_utility_trace - harp_s_utility_trace,1,False,,softmax,1.0,True
1.0,4,8,2,20,0.0,32,oracle,0.0,0.9999959550004245,0.575,1.0,0,385,3080,0.25,global two-component pi_rho=(1-rho)*pi_independent+rho*pi_group_shared over full 16-type personas,oracle_utility_trace - oracle_utility_trace,0,False,,softmax,1.0,True
1.0,4,8,2,20,0.0,32,joint,1.7399999999999949,0.9999959550004245,0.575,1.0,0,385,3080,0.25,global two-component pi_rho=(1-rho)*pi_independent+rho*pi_group_shared over full 16-type personas,oracle_utility_trace - joint_utility_trace,0,False,,softmax,1.0,True
1.0,4,8,2,20,0.0,32,harp,1.7399999999999949,0.9999959550004245,0.575,1.0,0,128,1024,0.25,global two-component pi_rho=(1-rho)*pi_independent+rho*pi_group_shared over full 16-type personas,oracle_utility_trace - harp_utility_trace,0,False,,softmax,1.0,True
1.0,4,8,2,20,0.0,32,harp_s,1.7399999999999949,0.9999959550004245,0.575,1.0,0,128,1024,0.25,global two-component pi_rho=(1-rho)*pi_independent+rho*pi_group_shared over full 16-type personas,oracle_utility_trace - harp_s_utility_trace,0,False,,softmax,1.0,True
1.0,4,8,2,20,0.0,33,oracle,0.0,0.9999866430795266,0.5125,1.0,0,385,3080,0.25,global two-component pi_rho=(1-rho)*pi_independent+rho*pi_group_shared over full 16-type personas,oracle_utility_trace - oracle_utility_trace,2,True,,softmax,1.0,True
1.0,4,8,2,20,0.0,33,joint,4.049999999999997,0.9999866430795266,0.5125,1.0,0,385,3080,0.25,global two-component pi_rho=(1-rho)*pi_independent+rho*pi_group_shared over full 16-type personas,oracle_utility_trace - joint_utility_trace,2,True,,softmax,1.0,True
1.0,4,8,2,20,0.0,33,harp,4.049999999999997,0.9999866430795266,0.5125,1.0,0,128,1024,0.25,global two-component pi_rho=(1-rho)*pi_independent+rho*pi_group_shared over full 16-type personas,oracle_utility_trace - harp_utility_trace,2,True,,softmax,1.0,True
1.0,4,8,2,20,0.0,33,harp_s,4.049999999999997,0.9999866430795266,0.5125,1.0,0,128,1024,0.25,global two-component pi_rho=(1-rho)*pi_independent+rho*pi_group_shared over full 16-type personas,oracle_utility_trace - harp_s_utility_trace,2,True,,softmax,1.0,True
1.0,4,8,2,20,0.0,34,oracle,0.0,0.9999976153930519,0.7,1.0,0,385,3080,0.25,global two-component pi_rho=(1-rho)*pi_independent+rho*pi_group_shared over full 16-type personas,oracle_utility_trace - oracle_utility_trace,2,False,,softmax,1.0,True
1.0,4,8,2,20,0.0,34,joint,9.149999999999984,0.9999976153930519,0.7,1.0,0,385,3080,0.25,global two-component pi_rho=(1-rho)*pi_independent+rho*pi_group_shared over full 16-type personas,oracle_utility_trace - joint_utility_trace,2,False,,softmax,1.0,True
1.0,4,8,2,20,0.0,34,harp,10.649999999999984,0.9999976153930519,0.7,1.0,0,128,1024,0.25,global two-component pi_rho=(1-rho)*pi_independent+rho*pi_group_shared over full 16-type personas,oracle_utility_trace - harp_utility_trace,2,False,,softmax,1.0,True
1.0,4,8,2,20,0.0,34,harp_s,9.149999999999984,0.9999976153930519,0.7,1.0,0,128,1024,0.25,global two-component pi_rho=(1-rho)*pi_independent+rho*pi_group_shared over full 16-type personas,oracle_utility_trace - harp_s_utility_trace,2,False,,softmax,1.0,True
1.0,4,8,2,20,0.0,35,oracle,0.0,0.9999973553575587,0.6375,1.0,0,385,3080,0.25,global two-component pi_rho=(1-rho)*pi_independent+rho*pi_group_shared over full 16-type personas,oracle_utility_trace - oracle_utility_trace,3,False,,softmax,1.0,True
1.0,4,8,2,20,0.0,35,joint,3.6799999999999997,0.9999973553575587,0.6375,1.0,0,385,3080,0.25,global two-component pi_rho=(1-rho)*pi_independent+rho*pi_group_shared over full 16-type personas,oracle_utility_trace - joint_utility_trace,3,False,,softmax,1.0,True
1.0,4,8,2,20,0.0,35,harp,1.3399999999999999,0.9999973553575587,0.6375,1.0,0,128,1024,0.25,global two-component pi_rho=(1-rho)*pi_independent+rho*pi_group_shared over full 16-type personas,oracle_utility_trace - harp_utility_trace,3,False,,softmax,1.0,True
1.0,4,8,2,20,0.0,35,harp_s,3.6799999999999997,0.9999973553575587,0.6375,1.0,0,128,1024,0.25,global two-component pi_rho=(1-rho)*pi_independent+rho*pi_group_shared over full 16-type personas,oracle_utility_trace - harp_s_utility_trace,3,False,,softmax,1.0,True
1.0,4,8,2,20,0.0,36,oracle,0.0,0.9996440161535052,0.38125,1.0,0,385,3080,0.25,global two-component pi_rho=(1-rho)*pi_independent+rho*pi_group_shared over full 16-type personas,oracle_utility_trace - oracle_utility_trace,1,True,,softmax,1.0,True
1.0,4,8,2,20,0.0,36,joint,1.5000000000000036,0.9996440161535052,0.38125,1.0,0,385,3080,0.25,global two-component pi_rho=(1-rho)*pi_independent+rho*pi_group_shared over full 16-type personas,oracle_utility_trace - joint_utility_trace,1,True,,softmax,1.0,True
1.0,4,8,2,20,0.0,36,harp,1.5000000000000036,0.9996440161535052,0.38125,1.0,0,128,1024,0.25,global two-component pi_rho=(1-rho)*pi_independent+rho*pi_group_shared over full 16-type personas,oracle_utility_trace - harp_utility_trace,1,True,,softmax,1.0,True
1.0,4,8,2,20,0.0,36,harp_s,1.5000000000000036,0.9996440161535052,0.38125,1.0,0,128,1024,0.25,global two-component pi_rho=(1-rho)*pi_independent+rho*pi_group_shared over full 16-type personas,oracle_utility_trace - harp_s_utility_trace,1,True,,softmax,1.0,True
1.0,4,8,2,20,0.0,37,oracle,0.0,0.99999594929028,0.61875,1.0,0,385,3080,0.25,global two-component pi_rho=(1-rho)*pi_independent+rho*pi_group_shared over full 16-type personas,oracle_utility_trace - oracle_utility_trace,1,False,,softmax,1.0,True
1.0,4,8,2,20,0.0,37,joint,1.9299999999999997,0.99999594929028,0.61875,1.0,0,385,3080,0.25,global two-component pi_rho=(1-rho)*pi_independent+rho*pi_group_shared over full 16-type personas,oracle_utility_trace - joint_utility_trace,1,False,,softmax,1.0,True
1.0,4,8,2,20,0.0,37,harp,0.11999999999999744,0.99999594929028,0.61875,1.0,0,128,1024,0.25,global two-component pi_rho=(1-rho)*pi_independent+rho*pi_group_shared over full 16-type personas,oracle_utility_trace - harp_utility_trace,1,False,,softmax,1.0,True
1.0,4,8,2,20,0.0,37,harp_s,1.9299999999999997,0.99999594929028,0.61875,1.0,0,128,1024,0.25,global two-component pi_rho=(1-rho)*pi_independent+rho*pi_group_shared over full 16-type personas,oracle_utility_trace - harp_s_utility_trace,1,False,,softmax,1.0,True
1.0,4,8,2,20,0.0,38,oracle,0.0,0.999986646459791,0.5375,1.0,0,385,3080,0.25,global two-component pi_rho=(1-rho)*pi_independent+rho*pi_group_shared over full 16-type personas,oracle_utility_trace - oracle_utility_trace,0,False,,softmax,1.0,True
1.0,4,8,2,20,0.0,38,joint,0.0,0.999986646459791,0.5375,1.0,0,385,3080,0.25,global two-component pi_rho=(1-rho)*pi_independent+rho*pi_group_shared over full 16-type personas,oracle_utility_trace - joint_utility_trace,0,False,,softmax,1.0,True
1.0,4,8,2,20,0.0,38,harp,0.0,0.999986646459791,0.5375,1.0,0,128,1024,0.25,global two-component pi_rho=(1-rho)*pi_independent+rho*pi_group_shared over full 16-type personas,oracle_utility_trace - harp_utility_trace,0,False,,softmax,1.0,True
1.0,4,8,2,20,0.0,38,harp_s,0.0,0.999986646459791,0.5375,1.0,0,128,1024,0.25,global two-component pi_rho=(1-rho)*pi_independent+rho*pi_group_shared over full 16-type personas,oracle_utility_trace - harp_s_utility_trace,0,False,,softmax,1.0,True
1.0,4,8,2,20,0.0,39,oracle,0.0,0.9999916718502556,0.64375,1.0,0,385,3080,0.25,global two-component pi_rho=(1-rho)*pi_independent+rho*pi_group_shared over full 16-type personas,oracle_utility_trace - oracle_utility_trace,4,False,,softmax,1.0,True
1.0,4,8,2,20,0.0,39,joint,5.550000000000004,0.9999916718502556,0.64375,1.0,0,385,3080,0.25,global two-component pi_rho=(1-rho)*pi_independent+rho*pi_group_shared over full 16-type personas,oracle_utility_trace - joint_utility_trace,4,False,,softmax,1.0,True
1.0,4,8,2,20,0.0,39,harp,5.8700000000000045,0.9999916718502556,0.64375,1.0,0,128,1024,0.25,global two-component pi_rho=(1-rho)*pi_independent+rho*pi_group_shared over full 16-type personas,oracle_utility_trace - harp_utility_trace,4,False,,softmax,1.0,True
1.0,4,8,2,20,0.0,39,harp_s,5.550000000000004,0.9999916718502556,0.64375,1.0,0,128,1024,0.25,global two-component pi_rho=(1-rho)*pi_independent+rho*pi_group_shared over full 16-type personas,oracle_utility_trace - harp_s_utility_trace,4,False,,softmax,1.0,True
1.0,4,8,2,20,0.0,40,oracle,0.0,0.9999972761289648,0.7,1.0,0,385,3080,0.25,global two-component pi_rho=(1-rho)*pi_independent+rho*pi_group_shared over full 16-type personas,oracle_utility_trace - oracle_utility_trace,1,False,,softmax,1.0,True
1.0,4,8,2,20,0.0,40,joint,0.6900000000000119,0.9999972761289648,0.7,1.0,0,385,3080,0.25,global two-component pi_rho=(1-rho)*pi_independent+rho*pi_group_shared over full 16-type personas,oracle_utility_trace - joint_utility_trace,1,False,,softmax,1.0,True
1.0,4,8,2,20,0.0,40,harp,0.14000000000000057,0.9999972761289648,0.7,1.0,0,128,1024,0.25,global two-component pi_rho=(1-rho)*pi_independent+rho*pi_group_shared over full 16-type personas,oracle_utility_trace - harp_utility_trace,1,False,,softmax,1.0,True
1.0,4,8,2,20,0.0,40,harp_s,0.6900000000000119,0.9999972761289648,0.7,1.0,0,128,1024,0.25,global two-component pi_rho=(1-rho)*pi_independent+rho*pi_group_shared over full 16-type personas,oracle_utility_trace - harp_s_utility_trace,1,False,,softmax,1.0,True
1.0,4,8,2,20,0.0,41,oracle,0.0,0.9999764240932985,0.45625,1.0,0,385,3080,0.25,global two-component pi_rho=(1-rho)*pi_independent+rho*pi_group_shared over full 16-type personas,oracle_utility_trace - oracle_utility_trace,1,True,,softmax,1.0,True
1.0,4,8,2,20,0.0,41,joint,0.0,0.9999764240932985,0.45625,1.0,0,385,3080,0.25,global two-component pi_rho=(1-rho)*pi_independent+rho*pi_group_shared over full 16-type personas,oracle_utility_trace - joint_utility_trace,1,True,,softmax,1.0,True
1.0,4,8,2,20,0.0,41,harp,0.0,0.9999764240932985,0.45625,1.0,0,128,1024,0.25,global two-component pi_rho=(1-rho)*pi_independent+rho*pi_group_shared over full 16-type personas,oracle_utility_trace - harp_utility_trace,1,True,,softmax,1.0,True
1.0,4,8,2,20,0.0,41,harp_s,0.0,0.9999764240932985,0.45625,1.0,0,128,1024,0.25,global two-component pi_rho=(1-rho)*pi_independent+rho*pi_group_shared over full 16-type personas,oracle_utility_trace - harp_s_utility_trace,1,True,,softmax,1.0,True
1.0,4,8,2,20,0.0,42,oracle,0.0,0.9999815132253506,0.63125,1.0,0,385,3080,0.25,global two-component pi_rho=(1-rho)*pi_independent+rho*pi_group_shared over full 16-type personas,oracle_utility_trace - oracle_utility_trace,3,False,,softmax,1.0,True
1.0,4,8,2,20,0.0,42,joint,5.390000000000001,0.9999815132253506,0.63125,1.0,0,385,3080,0.25,global two-component pi_rho=(1-rho)*pi_independent+rho*pi_group_shared over full 16-type personas,oracle_utility_trace - joint_utility_trace,3,False,,softmax,1.0,True
1.0,4,8,2,20,0.0,42,harp,5.859999999999999,0.9999815132253506,0.63125,1.0,0,128,1024,0.25,global two-component pi_rho=(1-rho)*pi_independent+rho*pi_group_shared over full 16-type personas,oracle_utility_trace - harp_utility_trace,3,False,,softmax,1.0,True
1.0,4,8,2,20,0.0,42,harp_s,5.390000000000001,0.9999815132253506,0.63125,1.0,0,128,1024,0.25,global two-component pi_rho=(1-rho)*pi_independent+rho*pi_group_shared over full 16-type personas,oracle_utility_trace - harp_s_utility_trace,3,False,,softmax,1.0,True
1.0,4,8,2,20,0.0,43,oracle,0.0,0.9999930206837997,0.75625,1.0,0,385,3080,0.25,global two-component pi_rho=(1-rho)*pi_independent+rho*pi_group_shared over full 16-type personas,oracle_utility_trace - oracle_utility_trace,4,True,,softmax,1.0,True
1.0,4,8,2,20,0.0,43,joint,0.0,0.9999930206837997,0.75625,1.0,0,385,3080,0.25,global two-component pi_rho=(1-rho)*pi_independent+rho*pi_group_shared over full 16-type personas,oracle_utility_trace - joint_utility_trace,4,True,,softmax,1.0,True
1.0,4,8,2,20,0.0,43,harp,0.0,0.9999930206837997,0.75625,1.0,0,128,1024,0.25,global two-component pi_rho=(1-rho)*pi_independent+rho*pi_group_shared over full 16-type personas,oracle_utility_trace - harp_utility_trace,4,True,,softmax,1.0,True
1.0,4,8,2,20,0.0,43,harp_s,0.0,0.9999930206837997,0.75625,1.0,0,128,1024,0.25,global two-component pi_rho=(1-rho)*pi_independent+rho*pi_group_shared over full 16-type personas,oracle_utility_trace - harp_s_utility_trace,4,True,,softmax,1.0,True
1.0,4,8,2,20,0.0,44,oracle,0.0,0.9999946597764462,0.63125,1.0,0,385,3080,0.25,global two-component pi_rho=(1-rho)*pi_independent+rho*pi_group_shared over full 16-type personas,oracle_utility_trace - oracle_utility_trace,0,False,,softmax,1.0,True
1.0,4,8,2,20,0.0,44,joint,0.0,0.9999946597764462,0.63125,1.0,0,385,3080,0.25,global two-component pi_rho=(1-rho)*pi_independent+rho*pi_group_shared over full 16-type personas,oracle_utility_trace - joint_utility_trace,0,False,,softmax,1.0,True
1.0,4,8,2,20,0.0,44,harp,0.0,0.9999946597764462,0.63125,1.0,0,128,1024,0.25,global two-component pi_rho=(1-rho)*pi_independent+rho*pi_group_shared over full 16-type personas,oracle_utility_trace - harp_utility_trace,0,False,,softmax,1.0,True
1.0,4,8,2,20,0.0,44,harp_s,0.0,0.9999946597764462,0.63125,1.0,0,128,1024,0.25,global two-component pi_rho=(1-rho)*pi_independent+rho*pi_group_shared over full 16-type personas,oracle_utility_trace - harp_s_utility_trace,0,False,,softmax,1.0,True
1.0,4,8,2,20,0.0,45,oracle,0.0,0.9999925005925683,0.5,1.0,0,385,3080,0.25,global two-component pi_rho=(1-rho)*pi_independent+rho*pi_group_shared over full 16-type personas,oracle_utility_trace - oracle_utility_trace,5,True,,softmax,1.0,True
1.0,4,8,2,20,0.0,45,joint,1.5,0.9999925005925683,0.5,1.0,0,385,3080,0.25,global two-component pi_rho=(1-rho)*pi_independent+rho*pi_group_shared over full 16-type personas,oracle_utility_trace - joint_utility_trace,5,True,,softmax,1.0,True
1.0,4,8,2,20,0.0,45,harp,1.5,0.9999925005925683,0.5,1.0,0,128,1024,0.25,global two-component pi_rho=(1-rho)*pi_independent+rho*pi_group_shared over full 16-type personas,oracle_utility_trace - harp_utility_trace,5,True,,softmax,1.0,True
1.0,4,8,2,20,0.0,45,harp_s,1.5,0.9999925005925683,0.5,1.0,0,128,1024,0.25,global two-component pi_rho=(1-rho)*pi_independent+rho*pi_group_shared over full 16-type personas,oracle_utility_trace - harp_s_utility_trace,5,True,,softmax,1.0,True
1.0,4,8,2,20,0.0,46,oracle,0.0,0.9999811360401194,0.65,1.0,0,385,3080,0.25,global two-component pi_rho=(1-rho)*pi_independent+rho*pi_group_shared over full 16-type personas,oracle_utility_trace - oracle_utility_trace,6,False,,softmax,1.0,True
1.0,4,8,2,20,0.0,46,joint,10.120000000000005,0.9999811360401194,0.65,1.0,0,385,3080,0.25,global two-component pi_rho=(1-rho)*pi_independent+rho*pi_group_shared over full 16-type personas,oracle_utility_trace - joint_utility_trace,6,False,,softmax,1.0,True
1.0,4,8,2,20,0.0,46,harp,12.280000000000001,0.9999811360401194,0.65,1.0,0,128,1024,0.25,global two-component pi_rho=(1-rho)*pi_independent+rho*pi_group_shared over full 16-type personas,oracle_utility_trace - harp_utility_trace,6,False,,softmax,1.0,True
1.0,4,8,2,20,0.0,46,harp_s,10.120000000000005,0.9999811360401194,0.65,1.0,0,128,1024,0.25,global two-component pi_rho=(1-rho)*pi_independent+rho*pi_group_shared over full 16-type personas,oracle_utility_trace - harp_s_utility_trace,6,False,,softmax,1.0,True
1.0,4,8,2,20,0.0,47,oracle,0.0,0.9999974751376299,0.5875,1.0,0,385,3080,0.25,global two-component pi_rho=(1-rho)*pi_independent+rho*pi_group_shared over full 16-type personas,oracle_utility_trace - oracle_utility_trace,3,False,,softmax,1.0,True
1.0,4,8,2,20,0.0,47,joint,0.0,0.9999974751376299,0.5875,1.0,0,385,3080,0.25,global two-component pi_rho=(1-rho)*pi_independent+rho*pi_group_shared over full 16-type personas,oracle_utility_trace - joint_utility_trace,3,False,,softmax,1.0,True
1.0,4,8,2,20,0.0,47,harp,0.060000000000002274,0.9999974751376299,0.5875,1.0,0,128,1024,0.25,global two-component pi_rho=(1-rho)*pi_independent+rho*pi_group_shared over full 16-type personas,oracle_utility_trace - harp_utility_trace,3,False,,softmax,1.0,True
1.0,4,8,2,20,0.0,47,harp_s,0.0,0.9999974751376299,0.5875,1.0,0,128,1024,0.25,global two-component pi_rho=(1-rho)*pi_independent+rho*pi_group_shared over full 16-type personas,oracle_utility_trace - harp_s_utility_trace,3,False,,softmax,1.0,True
1.0,4,8,2,20,0.0,48,oracle,0.0,0.9999855754798087,0.375,1.0,0,385,3080,0.25,global two-component pi_rho=(1-rho)*pi_independent+rho*pi_group_shared over full 16-type personas,oracle_utility_trace - oracle_utility_trace,1,False,,softmax,1.0,True
1.0,4,8,2,20,0.0,48,joint,8.900000000000006,0.9999855754798087,0.375,1.0,0,385,3080,0.25,global two-component pi_rho=(1-rho)*pi_independent+rho*pi_group_shared over full 16-type personas,oracle_utility_trace - joint_utility_trace,1,False,,softmax,1.0,True
1.0,4,8,2,20,0.0,48,harp,4.470000000000006,0.9999855754798087,0.375,1.0,0,128,1024,0.25,global two-component pi_rho=(1-rho)*pi_independent+rho*pi_group_shared over full 16-type personas,oracle_utility_trace - harp_utility_trace,1,False,,softmax,1.0,True
1.0,4,8,2,20,0.0,48,harp_s,8.900000000000006,0.9999855754798087,0.375,1.0,0,128,1024,0.25,global two-component pi_rho=(1-rho)*pi_independent+rho*pi_group_shared over full 16-type personas,oracle_utility_trace - harp_s_utility_trace,1,False,,softmax,1.0,True
1.0,4,8,2,20,0.0,49,oracle,0.0,0.9999980425755975,0.55,1.0,0,385,3080,0.25,global two-component pi_rho=(1-rho)*pi_independent+rho*pi_group_shared over full 16-type personas,oracle_utility_trace - oracle_utility_trace,0,False,,softmax,1.0,True
1.0,4,8,2,20,0.0,49,joint,2.9100000000000037,0.9999980425755975,0.55,1.0,0,385,3080,0.25,global two-component pi_rho=(1-rho)*pi_independent+rho*pi_group_shared over full 16-type personas,oracle_utility_trace - joint_utility_trace,0,False,,softmax,1.0,True
1.0,4,8,2,20,0.0,49,harp,2.9100000000000037,0.9999980425755975,0.55,1.0,0,128,1024,0.25,global two-component pi_rho=(1-rho)*pi_independent+rho*pi_group_shared over full 16-type personas,oracle_utility_trace - harp_utility_trace,0,False,,softmax,1.0,True
1.0,4,8,2,20,0.0,49,harp_s,2.9100000000000037,0.9999980425755975,0.55,1.0,0,128,1024,0.25,global two-component pi_rho=(1-rho)*pi_independent+rho*pi_group_shared over full 16-type personas,oracle_utility_trace - harp_s_utility_trace,0,False,,softmax,1.0,True
1.0,4,8,2,20,0.0,50,oracle,0.0,0.9999808381497676,0.68125,1.0,0,385,3080,0.25,global two-component pi_rho=(1-rho)*pi_independent+rho*pi_group_shared over full 16-type personas,oracle_utility_trace - oracle_utility_trace,3,False,,softmax,1.0,True
1.0,4,8,2,20,0.0,50,joint,1.6599999999999966,0.9999808381497676,0.68125,1.0,0,385,3080,0.25,global two-component pi_rho=(1-rho)*pi_independent+rho*pi_group_shared over full 16-type personas,oracle_utility_trace - joint_utility_trace,3,False,,softmax,1.0,True
1.0,4,8,2,20,0.0,50,harp,5.219999999999992,0.9999808381497676,0.68125,1.0,0,128,1024,0.25,global two-component pi_rho=(1-rho)*pi_independent+rho*pi_group_shared over full 16-type personas,oracle_utility_trace - harp_utility_trace,3,False,,softmax,1.0,True
1.0,4,8,2,20,0.0,50,harp_s,1.6599999999999966,0.9999808381497676,0.68125,1.0,0,128,1024,0.25,global two-component pi_rho=(1-rho)*pi_independent+rho*pi_group_shared over full 16-type personas,oracle_utility_trace - harp_s_utility_trace,3,False,,softmax,1.0,True
1.0,4,8,2,20,0.0,51,oracle,0.0,0.9999973721352756,0.64375,1.0,0,385,3080,0.25,global two-component pi_rho=(1-rho)*pi_independent+rho*pi_group_shared over full 16-type personas,oracle_utility_trace - oracle_utility_trace,3,False,,softmax,1.0,True
1.0,4,8,2,20,0.0,51,joint,1.5,0.9999973721352756,0.64375,1.0,0,385,3080,0.25,global two-component pi_rho=(1-rho)*pi_independent+rho*pi_group_shared over full 16-type personas,oracle_utility_trace - joint_utility_trace,3,False,,softmax,1.0,True
1.0,4,8,2,20,0.0,51,harp,1.5300000000000011,0.9999973721352756,0.64375,1.0,0,128,1024,0.25,global two-component pi_rho=(1-rho)*pi_independent+rho*pi_group_shared over full 16-type personas,oracle_utility_trace - harp_utility_trace,3,False,,softmax,1.0,True
1.0,4,8,2,20,0.0,51,harp_s,1.5,0.9999973721352756,0.64375,1.0,0,128,1024,0.25,global two-component pi_rho=(1-rho)*pi_independent+rho*pi_group_shared over full 16-type personas,oracle_utility_trace - harp_s_utility_trace,3,False,,softmax,1.0,True
1.0,4,8,2,20,0.0,52,oracle,0.0,0.9999873445138714,0.5125,1.0,0,385,3080,0.25,global two-component pi_rho=(1-rho)*pi_independent+rho*pi_group_shared over full 16-type personas,oracle_utility_trace - oracle_utility_trace,3,True,,softmax,1.0,True
1.0,4,8,2,20,0.0,52,joint,3.6999999999999957,0.9999873445138714,0.5125,1.0,0,385,3080,0.25,global two-component pi_rho=(1-rho)*pi_independent+rho*pi_group_shared over full 16-type personas,oracle_utility_trace - joint_utility_trace,3,True,,softmax,1.0,True
1.0,4,8,2,20,0.0,52,harp,3.6999999999999957,0.9999873445138714,0.5125,1.0,0,128,1024,0.25,global two-component pi_rho=(1-rho)*pi_independent+rho*pi_group_shared over full 16-type personas,oracle_utility_trace - harp_utility_trace,3,True,,softmax,1.0,True
1.0,4,8,2,20,0.0,52,harp_s,3.6999999999999957,0.9999873445138714,0.5125,1.0,0,128,1024,0.25,global two-component pi_rho=(1-rho)*pi_independent+rho*pi_group_shared over full 16-type personas,oracle_utility_trace - harp_s_utility_trace,3,True,,softmax,1.0,True
1.0,4,8,2,20,0.0,53,oracle,0.0,0.9997230144888192,0.425,1.0,0,385,3080,0.25,global two-component pi_rho=(1-rho)*pi_independent+rho*pi_group_shared over full 16-type personas,oracle_utility_trace - oracle_utility_trace,3,False,,softmax,1.0,True
1.0,4,8,2,20,0.0,53,joint,7.6499999999999915,0.9997230144888192,0.425,1.0,0,385,3080,0.25,global two-component pi_rho=(1-rho)*pi_independent+rho*pi_group_shared over full 16-type personas,oracle_utility_trace - joint_utility_trace,3,False,,softmax,1.0,True
1.0,4,8,2,20,0.0,53,harp,6.339999999999996,0.9997230144888192,0.425,1.0,0,128,1024,0.25,global two-component pi_rho=(1-rho)*pi_independent+rho*pi_group_shared over full 16-type personas,oracle_utility_trace - harp_utility_trace,3,False,,softmax,1.0,True
1.0,4,8,2,20,0.0,53,harp_s,7.6499999999999915,0.9997230144888192,0.425,1.0,0,128,1024,0.25,global two-component pi_rho=(1-rho)*pi_independent+rho*pi_group_shared over full 16-type personas,oracle_utility_trace - harp_s_utility_trace,3,False,,softmax,1.0,True
1.0,4,8,2,20,0.0,54,oracle,0.0,0.9999949707431337,0.6875,1.0,0,385,3080,0.25,global two-component pi_rho=(1-rho)*pi_independent+rho*pi_group_shared over full 16-type personas,oracle_utility_trace - oracle_utility_trace,5,False,,softmax,1.0,True
1.0,4,8,2,20,0.0,54,joint,3.010000000000005,0.9999949707431337,0.6875,1.0,0,385,3080,0.25,global two-component pi_rho=(1-rho)*pi_independent+rho*pi_group_shared over full 16-type personas,oracle_utility_trace - joint_utility_trace,5,False,,softmax,1.0,True
1.0,4,8,2,20,0.0,54,harp,4.370000000000008,0.9999949707431337,0.6875,1.0,0,128,1024,0.25,global two-component pi_rho=(1-rho)*pi_independent+rho*pi_group_shared over full 16-type personas,oracle_utility_trace - harp_utility_trace,5,False,,softmax,1.0,True
1.0,4,8,2,20,0.0,54,harp_s,3.010000000000005,0.9999949707431337,0.6875,1.0,0,128,1024,0.25,global two-component pi_rho=(1-rho)*pi_independent+rho*pi_group_shared over full 16-type personas,oracle_utility_trace - harp_s_utility_trace,5,False,,softmax,1.0,True
1.0,4,8,2,20,0.0,55,oracle,0.0,0.9999920918676842,0.45625,1.0,0,385,3080,0.25,global two-component pi_rho=(1-rho)*pi_independent+rho*pi_group_shared over full 16-type personas,oracle_utility_trace - oracle_utility_trace,4,False,,softmax,1.0,True
1.0,4,8,2,20,0.0,55,joint,13.849999999999987,0.9999920918676842,0.45625,1.0,0,385,3080,0.25,global two-component pi_rho=(1-rho)*pi_independent+rho*pi_group_shared over full 16-type personas,oracle_utility_trace - joint_utility_trace,4,False,,softmax,1.0,True
1.0,4,8,2,20,0.0,55,harp,11.419999999999987,0.9999920918676842,0.45625,1.0,0,128,1024,0.25,global two-component pi_rho=(1-rho)*pi_independent+rho*pi_group_shared over full 16-type personas,oracle_utility_trace - harp_utility_trace,4,False,,softmax,1.0,True
1.0,4,8,2,20,0.0,55,harp_s,13.849999999999987,0.9999920918676842,0.45625,1.0,0,128,1024,0.25,global two-component pi_rho=(1-rho)*pi_independent+rho*pi_group_shared over full 16-type personas,oracle_utility_trace - harp_s_utility_trace,4,False,,softmax,1.0,True
1.0,4,8,2,20,0.0,56,oracle,0.0,0.9999907823294985,0.75,1.0,0,385,3080,0.25,global two-component pi_rho=(1-rho)*pi_independent+rho*pi_group_shared over full 16-type personas,oracle_utility_trace - oracle_utility_trace,4,True,,softmax,1.0,True
1.0,4,8,2,20,0.0,56,joint,0.07000000000000028,0.9999907823294985,0.75,1.0,0,385,3080,0.25,global two-component pi_rho=(1-rho)*pi_independent+rho*pi_group_shared over full 16-type personas,oracle_utility_trace - joint_utility_trace,4,True,,softmax,1.0,True
1.0,4,8,2,20,0.0,56,harp,0.07000000000000028,0.9999907823294985,0.75,1.0,0,128,1024,0.25,global two-component pi_rho=(1-rho)*pi_independent+rho*pi_group_shared over full 16-type personas,oracle_utility_trace - harp_utility_trace,4,True,,softmax,1.0,True
1.0,4,8,2,20,0.0,56,harp_s,0.07000000000000028,0.9999907823294985,0.75,1.0,0,128,1024,0.25,global two-component pi_rho=(1-rho)*pi_independent+rho*pi_group_shared over full 16-type personas,oracle_utility_trace - harp_s_utility_trace,4,True,,softmax,1.0,True
1.0,4,8,2,20,0.0,57,oracle,0.0,0.9999949180406924,0.65625,1.0,0,385,3080,0.25,global two-component pi_rho=(1-rho)*pi_independent+rho*pi_group_shared over full 16-type personas,oracle_utility_trace - oracle_utility_trace,2,False,,softmax,1.0,True
1.0,4,8,2,20,0.0,57,joint,0.0,0.9999949180406924,0.65625,1.0,0,385,3080,0.25,global two-component pi_rho=(1-rho)*pi_independent+rho*pi_group_shared over full 16-type personas,oracle_utility_trace - joint_utility_trace,2,False,,softmax,1.0,True
1.0,4,8,2,20,0.0,57,harp,8.61999999999999,0.9999949180406924,0.65625,1.0,0,128,1024,0.25,global two-component pi_rho=(1-rho)*pi_independent+rho*pi_group_shared over full 16-type personas,oracle_utility_trace - harp_utility_trace,2,False,,softmax,1.0,True
1.0,4,8,2,20,0.0,57,harp_s,0.0,0.9999949180406924,0.65625,1.0,0,128,1024,0.25,global two-component pi_rho=(1-rho)*pi_independent+rho*pi_group_shared over full 16-type personas,oracle_utility_trace - harp_s_utility_trace,2,False,,softmax,1.0,True
1.0,4,8,2,20,0.0,58,oracle,0.0,0.9999928023219422,0.39375,1.0,0,385,3080,0.25,global two-component pi_rho=(1-rho)*pi_independent+rho*pi_group_shared over full 16-type personas,oracle_utility_trace - oracle_utility_trace,5,False,,softmax,1.0,True
1.0,4,8,2,20,0.0,58,joint,6.729999999999997,0.9999928023219422,0.39375,1.0,0,385,3080,0.25,global two-component pi_rho=(1-rho)*pi_independent+rho*pi_group_shared over full 16-type personas,oracle_utility_trace - joint_utility_trace,5,False,,softmax,1.0,True
1.0,4,8,2,20,0.0,58,harp,6.780000000000001,0.9999928023219422,0.39375,1.0,0,128,1024,0.25,global two-component pi_rho=(1-rho)*pi_independent+rho*pi_group_shared over full 16-type personas,oracle_utility_trace - harp_utility_trace,5,False,,softmax,1.0,True
1.0,4,8,2,20,0.0,58,harp_s,6.729999999999997,0.9999928023219422,0.39375,1.0,0,128,1024,0.25,global two-component pi_rho=(1-rho)*pi_independent+rho*pi_group_shared over full 16-type personas,oracle_utility_trace - harp_s_utility_trace,5,False,,softmax,1.0,True
1.0,4,8,2,20,0.0,59,oracle,0.0,0.9999607560341955,0.475,1.0,0,385,3080,0.25,global two-component pi_rho=(1-rho)*pi_independent+rho*pi_group_shared over full 16-type personas,oracle_utility_trace - oracle_utility_trace,2,False,,softmax,1.0,True
1.0,4,8,2,20,0.0,59,joint,8.800000000000004,0.9999607560341955,0.475,1.0,0,385,3080,0.25,global two-component pi_rho=(1-rho)*pi_independent+rho*pi_group_shared over full 16-type personas,oracle_utility_trace - joint_utility_trace,2,False,,softmax,1.0,True
1.0,4,8,2,20,0.0,59,harp,8.130000000000003,0.9999607560341955,0.475,1.0,0,128,1024,0.25,global two-component pi_rho=(1-rho)*pi_independent+rho*pi_group_shared over full 16-type personas,oracle_utility_trace - harp_utility_trace,2,False,,softmax,1.0,True
1.0,4,8,2,20,0.0,59,harp_s,8.800000000000004,0.9999607560341955,0.475,1.0,0,128,1024,0.25,global two-component pi_rho=(1-rho)*pi_independent+rho*pi_group_shared over full 16-type personas,oracle_utility_trace - harp_s_utility_trace,2,False,,softmax,1.0,True
