config_id,config_label,domain,backbone,seed,method,episode,instant_regret,cumulative_regret,chosen_action,oracle_action,objective_value,oracle_value,posterior_true_mass,true_types,n_agents,type_count,factored_storage,joint_storage
pub/london,Pub: london,pub,exact-payoff (backbone-invariant),1000,pact,1,0.0,0.0,0,0,3.6126647253263613,3.6126647253263613,0.28862310627809473,3|2|2|0,4,4,16,256
pub/london,Pub: london,pub,exact-payoff (backbone-invariant),1000,pact,2,0.0,0.0,0,0,3.6126647253263613,3.6126647253263613,0.3226490111489672,3|2|2|0,4,4,16,256
pub/london,Pub: london,pub,exact-payoff (backbone-invariant),1000,pact,3,0.0,0.0,0,0,3.6126647253263613,3.6126647253263613,0.35259082733703956,3|2|2|0,4,4,16,256
pub/london,Pub: london,pub,exact-payoff (backbone-invariant),1000,pact,4,0.0,0.0,0,0,3.6126647253263613,3.6126647253263613,0.37940314072115655,3|2|2|0,4,4,16,256
pub/london,Pub: london,pub,exact-payoff (backbone-invariant),1000,pact,5,0.0,0.0,0,0,3.6126647253263613,3.6126647253263613,0.40340100571553633,3|2|2|0,4,4,16,256
pub/london,Pub: london,pub,exact-payoff (backbone-invariant),1000,pact,6,0.0,0.0,0,0,3.6126647253263613,3.6126647253263613,0.42469537640855776,3|2|2|0,4,4,16,256
pub/london,Pub: london,pub,exact-payoff (backbone-invariant),1000,pact,7,0.0,0.0,0,0,3.6126647253263613,3.6126647253263613,0.44346507404348723,3|2|2|0,4,4,16,256
pub/london,Pub: london,pub,exact-payoff (backbone-invariant),1000,pact,8,0.0,0.0,0,0,3.6126647253263613,3.6126647253263613,0.45999511923525893,3|2|2|0,4,4,16,256
pub/london,Pub: london,pub,exact-payoff (backbone-invariant),1000,pact,9,0.0,0.0,0,0,3.6126647253263613,3.6126647253263613,0.4746275744952282,3|2|2|0,4,4,16,256
pub/london,Pub: london,pub,exact-payoff (backbone-invariant),1000,pact,10,0.0,0.0,0,0,3.6126647253263613,3.6126647253263613,0.4877070330886716,3|2|2|0,4,4,16,256
pub/london,Pub: london,pub,exact-payoff (backbone-invariant),1000,pact,11,0.0,0.0,0,0,3.6126647253263613,3.6126647253263613,0.49954575984841204,3|2|2|0,4,4,16,256
pub/london,Pub: london,pub,exact-payoff (backbone-invariant),1000,pact,12,0.0,0.0,0,0,3.6126647253263613,3.6126647253263613,0.5104084040901429,3|2|2|0,4,4,16,256
pub/london,Pub: london,pub,exact-payoff (backbone-invariant),1000,pact,13,0.0,0.0,0,0,3.6126647253263613,3.6126647253263613,0.5205095946052969,3|2|2|0,4,4,16,256
pub/london,Pub: london,pub,exact-payoff (backbone-invariant),1000,pact,14,0.0,0.0,0,0,3.6126647253263613,3.6126647253263613,0.5300182204897211,3|2|2|0,4,4,16,256
pub/london,Pub: london,pub,exact-payoff (backbone-invariant),1000,pact,15,0.0,0.0,0,0,3.6126647253263613,3.6126647253263613,0.5390643194403006,3|2|2|0,4,4,16,256
pub/london,Pub: london,pub,exact-payoff (backbone-invariant),1000,pact,16,0.0,0.0,0,0,3.6126647253263613,3.6126647253263613,0.5477463382407392,3|2|2|0,4,4,16,256
pub/london,Pub: london,pub,exact-payoff (backbone-invariant),1000,pact,17,0.0,0.0,0,0,3.6126647253263613,3.6126647253263613,0.5561377306251354,3|2|2|0,4,4,16,256
pub/london,Pub: london,pub,exact-payoff (backbone-invariant),1000,pact,18,0.0,0.0,0,0,3.6126647253263613,3.6126647253263613,0.5642925297970436,3|2|2|0,4,4,16,256
pub/london,Pub: london,pub,exact-payoff (backbone-invariant),1000,pact,19,0.0,0.0,0,0,3.6126647253263613,3.6126647253263613,0.5722498659120914,3|2|2|0,4,4,16,256
pub/london,Pub: london,pub,exact-payoff (backbone-invariant),1000,pact,20,0.0,0.0,0,0,3.6126647253263613,3.6126647253263613,0.5800375405964127,3|2|2|0,4,4,16,256
pub/london,Pub: london,pub,exact-payoff (backbone-invariant),1000,pact_plus,1,0.0,0.0,0,0,3.6126647253263613,3.6126647253263613,0.28862310627809473,3|2|2|0,4,4,16,256
pub/london,Pub: london,pub,exact-payoff (backbone-invariant),1000,pact_plus,2,0.0,0.0,0,0,3.6126647253263613,3.6126647253263613,0.3226490111489672,3|2|2|0,4,4,16,256
pub/london,Pub: london,pub,exact-payoff (backbone-invariant),1000,pact_plus,3,0.0,0.0,0,0,3.6126647253263613,3.6126647253263613,0.35259082733703956,3|2|2|0,4,4,16,256
pub/london,Pub: london,pub,exact-payoff (backbone-invariant),1000,pact_plus,4,0.0,0.0,0,0,3.6126647253263613,3.6126647253263613,0.37940314072115655,3|2|2|0,4,4,16,256
pub/london,Pub: london,pub,exact-payoff (backbone-invariant),1000,pact_plus,5,0.0,0.0,0,0,3.6126647253263613,3.6126647253263613,0.40340100571553633,3|2|2|0,4,4,16,256
pub/london,Pub: london,pub,exact-payoff (backbone-invariant),1000,pact_plus,6,0.0,0.0,0,0,3.6126647253263613,3.6126647253263613,0.42469537640855776,3|2|2|0,4,4,16,256
pub/london,Pub: london,pub,exact-payoff (backbone-invariant),1000,pact_plus,7,0.0,0.0,0,0,3.6126647253263613,3.6126647253263613,0.44346507404348723,3|2|2|0,4,4,16,256
pub/london,Pub: london,pub,exact-payoff (backbone-invariant),1000,pact_plus,8,0.0,0.0,0,0,3.6126647253263613,3.6126647253263613,0.45999511923525893,3|2|2|0,4,4,16,256
pub/london,Pub: london,pub,exact-payoff (backbone-invariant),1000,pact_plus,9,0.0,0.0,0,0,3.6126647253263613,3.6126647253263613,0.4746275744952282,3|2|2|0,4,4,16,256
pub/london,Pub: london,pub,exact-payoff (backbone-invariant),1000,pact_plus,10,0.0,0.0,0,0,3.6126647253263613,3.6126647253263613,0.4877070330886716,3|2|2|0,4,4,16,256
pub/london,Pub: london,pub,exact-payoff (backbone-invariant),1000,pact_plus,11,0.0,0.0,0,0,3.6126647253263613,3.6126647253263613,0.49954575984841204,3|2|2|0,4,4,16,256
pub/london,Pub: london,pub,exact-payoff (backbone-invariant),1000,pact_plus,12,0.0,0.0,0,0,3.6126647253263613,3.6126647253263613,0.5104084040901429,3|2|2|0,4,4,16,256
pub/london,Pub: london,pub,exact-payoff (backbone-invariant),1000,pact_plus,13,0.0,0.0,0,0,3.6126647253263613,3.6126647253263613,0.5205095946052969,3|2|2|0,4,4,16,256
pub/london,Pub: london,pub,exact-payoff (backbone-invariant),1000,pact_plus,14,0.0,0.0,0,0,3.6126647253263613,3.6126647253263613,0.5300182204897211,3|2|2|0,4,4,16,256
pub/london,Pub: london,pub,exact-payoff (backbone-invariant),1000,pact_plus,15,0.0,0.0,0,0,3.6126647253263613,3.6126647253263613,0.5390643194403006,3|2|2|0,4,4,16,256
pub/london,Pub: london,pub,exact-payoff (backbone-invariant),1000,pact_plus,16,0.0,0.0,0,0,3.6126647253263613,3.6126647253263613,0.5477463382407392,3|2|2|0,4,4,16,256
pub/london,Pub: london,pub,exact-payoff (backbone-invariant),1000,pact_plus,17,0.0,0.0,0,0,3.6126647253263613,3.6126647253263613,0.5561377306251354,3|2|2|0,4,4,16,256
pub/london,Pub: london,pub,exact-payoff (backbone-invariant),1000,pact_plus,18,0.0,0.0,0,0,3.6126647253263613,3.6126647253263613,0.5642925297970436,3|2|2|0,4,4,16,256
pub/london,Pub: london,pub,exact-payoff (backbone-invariant),1000,pact_plus,19,0.0,0.0,0,0,3.6126647253263613,3.6126647253263613,0.5722498659120914,3|2|2|0,4,4,16,256
pub/london,Pub: london,pub,exact-payoff (backbone-invariant),1000,pact_plus,20,0.0,0.0,0,0,3.6126647253263613,3.6126647253263613,0.5800375405964127,3|2|2|0,4,4,16,256
pub/london,Pub: london,pub,exact-payoff (backbone-invariant),1000,joint_psrl_uniform,1,0.0,0.0,0,0,3.6126647253263613,3.6126647253263613,0.006545213481078635,3|2|2|0,4,4,16,256
pub/london,Pub: london,pub,exact-payoff (backbone-invariant),1000,joint_psrl_uniform,2,0.0,0.0,0,0,3.6126647253263613,3.6126647253263613,0.009317459803753054,3|2|2|0,4,4,16,256
pub/london,Pub: london,pub,exact-payoff (backbone-invariant),1000,joint_psrl_uniform,3,0.0,0.0,0,0,3.6126647253263613,3.6126647253263613,0.012212506075637643,3|2|2|0,4,4,16,256
pub/london,Pub: london,pub,exact-payoff (backbone-invariant),1000,joint_psrl_uniform,4,0.0,0.0,0,0,3.6126647253263613,3.6126647253263613,0.01526409243290161,3|2|2|0,4,4,16,256
pub/london,Pub: london,pub,exact-payoff (backbone-invariant),1000,joint_psrl_uniform,5,0.0,0.0,0,0,3.6126647253263613,3.6126647253263613,0.018462375103170645,3|2|2|0,4,4,16,256
pub/london,Pub: london,pub,exact-payoff (backbone-invariant),1000,joint_psrl_uniform,6,0.0,0.0,0,0,3.6126647253263613,3.6126647253263613,0.021776643209726703,3|2|2|0,4,4,16,256
pub/london,Pub: london,pub,exact-payoff (backbone-invariant),1000,joint_psrl_uniform,7,0.0,0.0,0,0,3.6126647253263613,3.6126647253263613,0.025179112309934838,3|2|2|0,4,4,16,256
pub/london,Pub: london,pub,exact-payoff (backbone-invariant),1000,joint_psrl_uniform,8,0.0,0.0,0,0,3.6126647253263613,3.6126647253263613,0.028653768269429922,3|2|2|0,4,4,16,256
pub/london,Pub: london,pub,exact-payoff (backbone-invariant),1000,joint_psrl_uniform,9,0.0,0.0,0,0,3.6126647253263613,3.6126647253263613,0.03219611318194572,3|2|2|0,4,4,16,256
pub/london,Pub: london,pub,exact-payoff (backbone-invariant),1000,joint_psrl_uniform,10,0.0,0.0,0,0,3.6126647253263613,3.6126647253263613,0.03580969860118441,3|2|2|0,4,4,16,256
pub/london,Pub: london,pub,exact-payoff (backbone-invariant),1000,joint_psrl_uniform,11,0.0,0.0,0,0,3.6126647253263613,3.6126647253263613,0.03950248731205239,3|2|2|0,4,4,16,256
pub/london,Pub: london,pub,exact-payoff (backbone-invariant),1000,joint_psrl_uniform,12,0.0,0.0,0,0,3.6126647253263613,3.6126647253263613,0.043284092987686935,3|2|2|0,4,4,16,256
pub/london,Pub: london,pub,exact-payoff (backbone-invariant),1000,joint_psrl_uniform,13,0.0,0.0,0,0,3.6126647253263613,3.6126647253263613,0.04716400167101389,3|2|2|0,4,4,16,256
pub/london,Pub: london,pub,exact-payoff (backbone-invariant),1000,joint_psrl_uniform,14,0.0,0.0,0,0,3.6126647253263613,3.6126647253263613,0.051150560930467055,3|2|2|0,4,4,16,256
pub/london,Pub: london,pub,exact-payoff (backbone-invariant),1000,joint_psrl_uniform,15,0.0,0.0,0,0,3.6126647253263613,3.6126647253263613,0.055250483758428386,3|2|2|0,4,4,16,256
pub/london,Pub: london,pub,exact-payoff (backbone-invariant),1000,joint_psrl_uniform,16,0.0,0.0,0,0,3.6126647253263613,3.6126647253263613,0.059468666827149644,3|2|2|0,4,4,16,256
pub/london,Pub: london,pub,exact-payoff (backbone-invariant),1000,joint_psrl_uniform,17,0.0,0.0,0,0,3.6126647253263613,3.6126647253263613,0.06380818735971448,3|2|2|0,4,4,16,256
pub/london,Pub: london,pub,exact-payoff (backbone-invariant),1000,joint_psrl_uniform,18,0.0,0.0,0,0,3.6126647253263613,3.6126647253263613,0.06827039445365739,3|2|2|0,4,4,16,256
pub/london,Pub: london,pub,exact-payoff (backbone-invariant),1000,joint_psrl_uniform,19,0.0,0.0,0,0,3.6126647253263613,3.6126647253263613,0.07285504578453415,3|2|2|0,4,4,16,256
pub/london,Pub: london,pub,exact-payoff (backbone-invariant),1000,joint_psrl_uniform,20,0.0,0.0,0,0,3.6126647253263613,3.6126647253263613,0.07756046249717015,3|2|2|0,4,4,16,256
pub/london,Pub: london,pub,exact-payoff (backbone-invariant),1000,psrl_notype,1,0.0,0.0,0,0,3.6126647253263613,3.6126647253263613,0.00390625,3|2|2|0,4,4,16,256
pub/london,Pub: london,pub,exact-payoff (backbone-invariant),1000,psrl_notype,2,0.0,0.0,0,0,3.6126647253263613,3.6126647253263613,0.00390625,3|2|2|0,4,4,16,256
pub/london,Pub: london,pub,exact-payoff (backbone-invariant),1000,psrl_notype,3,0.0,0.0,0,0,3.6126647253263613,3.6126647253263613,0.00390625,3|2|2|0,4,4,16,256
pub/london,Pub: london,pub,exact-payoff (backbone-invariant),1000,psrl_notype,4,0.0,0.0,0,0,3.6126647253263613,3.6126647253263613,0.00390625,3|2|2|0,4,4,16,256
pub/london,Pub: london,pub,exact-payoff (backbone-invariant),1000,psrl_notype,5,0.0,0.0,0,0,3.6126647253263613,3.6126647253263613,0.00390625,3|2|2|0,4,4,16,256
pub/london,Pub: london,pub,exact-payoff (backbone-invariant),1000,psrl_notype,6,0.0,0.0,0,0,3.6126647253263613,3.6126647253263613,0.00390625,3|2|2|0,4,4,16,256
pub/london,Pub: london,pub,exact-payoff (backbone-invariant),1000,psrl_notype,7,0.0,0.0,0,0,3.6126647253263613,3.6126647253263613,0.00390625,3|2|2|0,4,4,16,256
pub/london,Pub: london,pub,exact-payoff (backbone-invariant),1000,psrl_notype,8,0.0,0.0,0,0,3.6126647253263613,3.6126647253263613,0.00390625,3|2|2|0,4,4,16,256
pub/london,Pub: london,pub,exact-payoff (backbone-invariant),1000,psrl_notype,9,0.0,0.0,0,0,3.6126647253263613,3.6126647253263613,0.00390625,3|2|2|0,4,4,16,256
pub/london,Pub: london,pub,exact-payoff (backbone-invariant),1000,psrl_notype,10,0.0,0.0,0,0,3.6126647253263613,3.6126647253263613,0.00390625,3|2|2|0,4,4,16,256
pub/london,Pub: london,pub,exact-payoff (backbone-invariant),1000,psrl_notype,11,0.0,0.0,0,0,3.6126647253263613,3.6126647253263613,0.00390625,3|2|2|0,4,4,16,256
pub/london,Pub: london,pub,exact-payoff (backbone-invariant),1000,psrl_notype,12,0.0,0.0,0,0,3.6126647253263613,3.6126647253263613,0.00390625,3|2|2|0,4,4,16,256
pub/london,Pub: london,pub,exact-payoff (backbone-invariant),1000,psrl_notype,13,0.0,0.0,0,0,3.6126647253263613,3.6126647253263613,0.00390625,3|2|2|0,4,4,16,256
pub/london,Pub: london,pub,exact-payoff (backbone-invariant),1000,psrl_notype,14,0.0,0.0,0,0,3.6126647253263613,3.6126647253263613,0.00390625,3|2|2|0,4,4,16,256
pub/london,Pub: london,pub,exact-payoff (backbone-invariant),1000,psrl_notype,15,0.0,0.0,0,0,3.6126647253263613,3.6126647253263613,0.00390625,3|2|2|0,4,4,16,256
pub/london,Pub: london,pub,exact-payoff (backbone-invariant),1000,psrl_notype,16,0.0,0.0,0,0,3.6126647253263613,3.6126647253263613,0.00390625,3|2|2|0,4,4,16,256
pub/london,Pub: london,pub,exact-payoff (backbone-invariant),1000,psrl_notype,17,0.0,0.0,0,0,3.6126647253263613,3.6126647253263613,0.00390625,3|2|2|0,4,4,16,256
pub/london,Pub: london,pub,exact-payoff (backbone-invariant),1000,psrl_notype,18,0.0,0.0,0,0,3.6126647253263613,3.6126647253263613,0.00390625,3|2|2|0,4,4,16,256
pub/london,Pub: london,pub,exact-payoff (backbone-invariant),1000,psrl_notype,19,0.0,0.0,0,0,3.6126647253263613,3.6126647253263613,0.00390625,3|2|2|0,4,4,16,256
pub/london,Pub: london,pub,exact-payoff (backbone-invariant),1000,psrl_notype,20,0.0,0.0,0,0,3.6126647253263613,3.6126647253263613,0.00390625,3|2|2|0,4,4,16,256
pub/london,Pub: london,pub,exact-payoff (backbone-invariant),1000,map_type_greedy,1,0.0,0.0,0,0,3.6126647253263613,3.6126647253263613,0.28862310627809473,3|2|2|0,4,4,16,256
pub/london,Pub: london,pub,exact-payoff (backbone-invariant),1000,map_type_greedy,2,0.0,0.0,0,0,3.6126647253263613,3.6126647253263613,0.3226490111489672,3|2|2|0,4,4,16,256
pub/london,Pub: london,pub,exact-payoff (backbone-invariant),1000,map_type_greedy,3,0.0,0.0,0,0,3.6126647253263613,3.6126647253263613,0.35259082733703956,3|2|2|0,4,4,16,256
pub/london,Pub: london,pub,exact-payoff (backbone-invariant),1000,map_type_greedy,4,0.0,0.0,0,0,3.6126647253263613,3.6126647253263613,0.37940314072115655,3|2|2|0,4,4,16,256
pub/london,Pub: london,pub,exact-payoff (backbone-invariant),1000,map_type_greedy,5,0.0,0.0,0,0,3.6126647253263613,3.6126647253263613,0.40340100571553633,3|2|2|0,4,4,16,256
pub/london,Pub: london,pub,exact-payoff (backbone-invariant),1000,map_type_greedy,6,0.0,0.0,0,0,3.6126647253263613,3.6126647253263613,0.42469537640855776,3|2|2|0,4,4,16,256
pub/london,Pub: london,pub,exact-payoff (backbone-invariant),1000,map_type_greedy,7,0.0,0.0,0,0,3.6126647253263613,3.6126647253263613,0.44346507404348723,3|2|2|0,4,4,16,256
pub/london,Pub: london,pub,exact-payoff (backbone-invariant),1000,map_type_greedy,8,0.0,0.0,0,0,3.6126647253263613,3.6126647253263613,0.45999511923525893,3|2|2|0,4,4,16,256
pub/london,Pub: london,pub,exact-payoff (backbone-invariant),1000,map_type_greedy,9,0.0,0.0,0,0,3.6126647253263613,3.6126647253263613,0.4746275744952282,3|2|2|0,4,4,16,256
pub/london,Pub: london,pub,exact-payoff (backbone-invariant),1000,map_type_greedy,10,0.0,0.0,0,0,3.6126647253263613,3.6126647253263613,0.4877070330886716,3|2|2|0,4,4,16,256
pub/london,Pub: london,pub,exact-payoff (backbone-invariant),1000,map_type_greedy,11,0.0,0.0,0,0,3.6126647253263613,3.6126647253263613,0.49954575984841204,3|2|2|0,4,4,16,256
pub/london,Pub: london,pub,exact-payoff (backbone-invariant),1000,map_type_greedy,12,0.0,0.0,0,0,3.6126647253263613,3.6126647253263613,0.5104084040901429,3|2|2|0,4,4,16,256
pub/london,Pub: london,pub,exact-payoff (backbone-invariant),1000,map_type_greedy,13,0.0,0.0,0,0,3.6126647253263613,3.6126647253263613,0.5205095946052969,3|2|2|0,4,4,16,256
pub/london,Pub: london,pub,exact-payoff (backbone-invariant),1000,map_type_greedy,14,0.0,0.0,0,0,3.6126647253263613,3.6126647253263613,0.5300182204897211,3|2|2|0,4,4,16,256
pub/london,Pub: london,pub,exact-payoff (backbone-invariant),1000,map_type_greedy,15,0.0,0.0,0,0,3.6126647253263613,3.6126647253263613,0.5390643194403006,3|2|2|0,4,4,16,256
pub/london,Pub: london,pub,exact-payoff (backbone-invariant),1000,map_type_greedy,16,0.0,0.0,0,0,3.6126647253263613,3.6126647253263613,0.5477463382407392,3|2|2|0,4,4,16,256
pub/london,Pub: london,pub,exact-payoff (backbone-invariant),1000,map_type_greedy,17,0.0,0.0,0,0,3.6126647253263613,3.6126647253263613,0.5561377306251354,3|2|2|0,4,4,16,256
pub/london,Pub: london,pub,exact-payoff (backbone-invariant),1000,map_type_greedy,18,0.0,0.0,0,0,3.6126647253263613,3.6126647253263613,0.5642925297970436,3|2|2|0,4,4,16,256
pub/london,Pub: london,pub,exact-payoff (backbone-invariant),1000,map_type_greedy,19,0.0,0.0,0,0,3.6126647253263613,3.6126647253263613,0.5722498659120914,3|2|2|0,4,4,16,256
pub/london,Pub: london,pub,exact-payoff (backbone-invariant),1000,map_type_greedy,20,0.0,0.0,0,0,3.6126647253263613,3.6126647253263613,0.5800375405964127,3|2|2|0,4,4,16,256
pub/london,Pub: london,pub,exact-payoff (backbone-invariant),1000,econ_bne,1,0.0,0.0,0,0,3.6126647253263613,3.6126647253263613,0.00390625,3|2|2|0,4,4,16,256
pub/london,Pub: london,pub,exact-payoff (backbone-invariant),1000,econ_bne,2,0.0,0.0,0,0,3.6126647253263613,3.6126647253263613,0.00390625,3|2|2|0,4,4,16,256
pub/london,Pub: london,pub,exact-payoff (backbone-invariant),1000,econ_bne,3,0.0,0.0,0,0,3.6126647253263613,3.6126647253263613,0.00390625,3|2|2|0,4,4,16,256
pub/london,Pub: london,pub,exact-payoff (backbone-invariant),1000,econ_bne,4,0.0,0.0,0,0,3.6126647253263613,3.6126647253263613,0.00390625,3|2|2|0,4,4,16,256
pub/london,Pub: london,pub,exact-payoff (backbone-invariant),1000,econ_bne,5,0.0,0.0,0,0,3.6126647253263613,3.6126647253263613,0.00390625,3|2|2|0,4,4,16,256
pub/london,Pub: london,pub,exact-payoff (backbone-invariant),1000,econ_bne,6,0.0,0.0,0,0,3.6126647253263613,3.6126647253263613,0.00390625,3|2|2|0,4,4,16,256
pub/london,Pub: london,pub,exact-payoff (backbone-invariant),1000,econ_bne,7,0.0,0.0,0,0,3.6126647253263613,3.6126647253263613,0.00390625,3|2|2|0,4,4,16,256
pub/london,Pub: london,pub,exact-payoff (backbone-invariant),1000,econ_bne,8,0.0,0.0,0,0,3.6126647253263613,3.6126647253263613,0.00390625,3|2|2|0,4,4,16,256
pub/london,Pub: london,pub,exact-payoff (backbone-invariant),1000,econ_bne,9,0.0,0.0,0,0,3.6126647253263613,3.6126647253263613,0.00390625,3|2|2|0,4,4,16,256
pub/london,Pub: london,pub,exact-payoff (backbone-invariant),1000,econ_bne,10,0.0,0.0,0,0,3.6126647253263613,3.6126647253263613,0.00390625,3|2|2|0,4,4,16,256
pub/london,Pub: london,pub,exact-payoff (backbone-invariant),1000,econ_bne,11,0.0,0.0,0,0,3.6126647253263613,3.6126647253263613,0.00390625,3|2|2|0,4,4,16,256
pub/london,Pub: london,pub,exact-payoff (backbone-invariant),1000,econ_bne,12,0.0,0.0,0,0,3.6126647253263613,3.6126647253263613,0.00390625,3|2|2|0,4,4,16,256
pub/london,Pub: london,pub,exact-payoff (backbone-invariant),1000,econ_bne,13,0.0,0.0,0,0,3.6126647253263613,3.6126647253263613,0.00390625,3|2|2|0,4,4,16,256
pub/london,Pub: london,pub,exact-payoff (backbone-invariant),1000,econ_bne,14,0.0,0.0,0,0,3.6126647253263613,3.6126647253263613,0.00390625,3|2|2|0,4,4,16,256
pub/london,Pub: london,pub,exact-payoff (backbone-invariant),1000,econ_bne,15,0.0,0.0,0,0,3.6126647253263613,3.6126647253263613,0.00390625,3|2|2|0,4,4,16,256
pub/london,Pub: london,pub,exact-payoff (backbone-invariant),1000,econ_bne,16,0.0,0.0,0,0,3.6126647253263613,3.6126647253263613,0.00390625,3|2|2|0,4,4,16,256
pub/london,Pub: london,pub,exact-payoff (backbone-invariant),1000,econ_bne,17,0.0,0.0,0,0,3.6126647253263613,3.6126647253263613,0.00390625,3|2|2|0,4,4,16,256
pub/london,Pub: london,pub,exact-payoff (backbone-invariant),1000,econ_bne,18,0.0,0.0,0,0,3.6126647253263613,3.6126647253263613,0.00390625,3|2|2|0,4,4,16,256
pub/london,Pub: london,pub,exact-payoff (backbone-invariant),1000,econ_bne,19,0.0,0.0,0,0,3.6126647253263613,3.6126647253263613,0.00390625,3|2|2|0,4,4,16,256
pub/london,Pub: london,pub,exact-payoff (backbone-invariant),1000,econ_bne,20,0.0,0.0,0,0,3.6126647253263613,3.6126647253263613,0.00390625,3|2|2|0,4,4,16,256
pub/london,Pub: london,pub,exact-payoff (backbone-invariant),1000,atom_tom1,1,0.0,0.0,0,0,3.6126647253263613,3.6126647253263613,0.00390625,3|2|2|0,4,4,16,256
pub/london,Pub: london,pub,exact-payoff (backbone-invariant),1000,atom_tom1,2,0.0,0.0,0,0,3.6126647253263613,3.6126647253263613,0.00390625,3|2|2|0,4,4,16,256
pub/london,Pub: london,pub,exact-payoff (backbone-invariant),1000,atom_tom1,3,0.0,0.0,0,0,3.6126647253263613,3.6126647253263613,0.00390625,3|2|2|0,4,4,16,256
pub/london,Pub: london,pub,exact-payoff (backbone-invariant),1000,atom_tom1,4,0.0,0.0,0,0,3.6126647253263613,3.6126647253263613,0.00390625,3|2|2|0,4,4,16,256
pub/london,Pub: london,pub,exact-payoff (backbone-invariant),1000,atom_tom1,5,0.0,0.0,0,0,3.6126647253263613,3.6126647253263613,0.00390625,3|2|2|0,4,4,16,256
pub/london,Pub: london,pub,exact-payoff (backbone-invariant),1000,atom_tom1,6,0.0,0.0,0,0,3.6126647253263613,3.6126647253263613,0.00390625,3|2|2|0,4,4,16,256
pub/london,Pub: london,pub,exact-payoff (backbone-invariant),1000,atom_tom1,7,0.0,0.0,0,0,3.6126647253263613,3.6126647253263613,0.00390625,3|2|2|0,4,4,16,256
pub/london,Pub: london,pub,exact-payoff (backbone-invariant),1000,atom_tom1,8,0.0,0.0,0,0,3.6126647253263613,3.6126647253263613,0.00390625,3|2|2|0,4,4,16,256
pub/london,Pub: london,pub,exact-payoff (backbone-invariant),1000,atom_tom1,9,0.0,0.0,0,0,3.6126647253263613,3.6126647253263613,0.00390625,3|2|2|0,4,4,16,256
pub/london,Pub: london,pub,exact-payoff (backbone-invariant),1000,atom_tom1,10,0.0,0.0,0,0,3.6126647253263613,3.6126647253263613,0.00390625,3|2|2|0,4,4,16,256
pub/london,Pub: london,pub,exact-payoff (backbone-invariant),1000,atom_tom1,11,0.0,0.0,0,0,3.6126647253263613,3.6126647253263613,0.00390625,3|2|2|0,4,4,16,256
pub/london,Pub: london,pub,exact-payoff (backbone-invariant),1000,atom_tom1,12,0.0,0.0,0,0,3.6126647253263613,3.6126647253263613,0.00390625,3|2|2|0,4,4,16,256
pub/london,Pub: london,pub,exact-payoff (backbone-invariant),1000,atom_tom1,13,0.0,0.0,0,0,3.6126647253263613,3.6126647253263613,0.00390625,3|2|2|0,4,4,16,256
pub/london,Pub: london,pub,exact-payoff (backbone-invariant),1000,atom_tom1,14,0.0,0.0,0,0,3.6126647253263613,3.6126647253263613,0.00390625,3|2|2|0,4,4,16,256
pub/london,Pub: london,pub,exact-payoff (backbone-invariant),1000,atom_tom1,15,0.0,0.0,0,0,3.6126647253263613,3.6126647253263613,0.00390625,3|2|2|0,4,4,16,256
pub/london,Pub: london,pub,exact-payoff (backbone-invariant),1000,atom_tom1,16,0.0,0.0,0,0,3.6126647253263613,3.6126647253263613,0.00390625,3|2|2|0,4,4,16,256
pub/london,Pub: london,pub,exact-payoff (backbone-invariant),1000,atom_tom1,17,0.0,0.0,0,0,3.6126647253263613,3.6126647253263613,0.00390625,3|2|2|0,4,4,16,256
pub/london,Pub: london,pub,exact-payoff (backbone-invariant),1000,atom_tom1,18,0.0,0.0,0,0,3.6126647253263613,3.6126647253263613,0.00390625,3|2|2|0,4,4,16,256
pub/london,Pub: london,pub,exact-payoff (backbone-invariant),1000,atom_tom1,19,0.0,0.0,0,0,3.6126647253263613,3.6126647253263613,0.00390625,3|2|2|0,4,4,16,256
pub/london,Pub: london,pub,exact-payoff (backbone-invariant),1000,atom_tom1,20,0.0,0.0,0,0,3.6126647253263613,3.6126647253263613,0.00390625,3|2|2|0,4,4,16,256
pub/london,Pub: london,pub,exact-payoff (backbone-invariant),1000,random,1,1.958186360491978,1.958186360491978,7,0,1.6544783648343833,3.6126647253263613,0.00390625,3|2|2|0,4,4,16,256
pub/london,Pub: london,pub,exact-payoff (backbone-invariant),1000,random,2,1.0729688686408503,3.0311552291328283,2,0,2.539695856685511,3.6126647253263613,0.00390625,3|2|2|0,4,4,16,256
pub/london,Pub: london,pub,exact-payoff (backbone-invariant),1000,random,3,0.0,3.0311552291328283,0,0,3.6126647253263613,3.6126647253263613,0.00390625,3|2|2|0,4,4,16,256
pub/london,Pub: london,pub,exact-payoff (backbone-invariant),1000,random,4,1.4435009081451744,4.474656137278003,5,0,2.169163817181187,3.6126647253263613,0.00390625,3|2|2|0,4,4,16,256
pub/london,Pub: london,pub,exact-payoff (backbone-invariant),1000,random,5,0.0,4.474656137278003,0,0,3.6126647253263613,3.6126647253263613,0.00390625,3|2|2|0,4,4,16,256
pub/london,Pub: london,pub,exact-payoff (backbone-invariant),1000,random,6,2.4531409846094405,6.927797121887443,9,0,1.159523740716921,3.6126647253263613,0.00390625,3|2|2|0,4,4,16,256
pub/london,Pub: london,pub,exact-payoff (backbone-invariant),1000,random,7,2.967826436956244,9.895623558843688,11,0,0.6448382883701171,3.6126647253263613,0.00390625,3|2|2|0,4,4,16,256
pub/london,Pub: london,pub,exact-payoff (backbone-invariant),1000,random,8,1.6172562976345701,11.512879856478259,1,0,1.9954084276917912,3.6126647253263613,0.00390625,3|2|2|0,4,4,16,256
pub/london,Pub: london,pub,exact-payoff (backbone-invariant),1000,random,9,2.1603069740230594,13.673186830501319,14,0,1.452357751303302,3.6126647253263613,0.00390625,3|2|2|0,4,4,16,256
pub/london,Pub: london,pub,exact-payoff (backbone-invariant),1000,random,10,1.0729688686408503,14.746155699142168,2,0,2.539695856685511,3.6126647253263613,0.00390625,3|2|2|0,4,4,16,256
pub/london,Pub: london,pub,exact-payoff (backbone-invariant),1000,random,11,1.0873381053822087,15.833493804524377,12,0,2.5253266199441526,3.6126647253263613,0.00390625,3|2|2|0,4,4,16,256
pub/london,Pub: london,pub,exact-payoff (backbone-invariant),1000,random,12,1.6172562976345701,17.450750102158946,1,0,1.9954084276917912,3.6126647253263613,0.00390625,3|2|2|0,4,4,16,256
pub/london,Pub: london,pub,exact-payoff (backbone-invariant),1000,random,13,2.479056937852721,19.929807040011667,10,0,1.13360778747364,3.6126647253263613,0.00390625,3|2|2|0,4,4,16,256
pub/london,Pub: london,pub,exact-payoff (backbone-invariant),1000,random,14,2.131941749981374,22.06174878999304,3,0,1.480722975344987,3.6126647253263613,0.00390625,3|2|2|0,4,4,16,256
pub/london,Pub: london,pub,exact-payoff (backbone-invariant),1000,random,15,1.6172562976345701,23.67900508762761,1,0,1.9954084276917912,3.6126647253263613,0.00390625,3|2|2|0,4,4,16,256
pub/london,Pub: london,pub,exact-payoff (backbone-invariant),1000,random,16,1.4435009081451744,25.122505995772784,5,0,2.169163817181187,3.6126647253263613,0.00390625,3|2|2|0,4,4,16,256
pub/london,Pub: london,pub,exact-payoff (backbone-invariant),1000,random,17,2.4531409846094405,27.575646980382224,9,0,1.159523740716921,3.6126647253263613,0.00390625,3|2|2|0,4,4,16,256
pub/london,Pub: london,pub,exact-payoff (backbone-invariant),1000,random,18,2.967826436956244,30.54347341733847,11,0,0.6448382883701171,3.6126647253263613,0.00390625,3|2|2|0,4,4,16,256
pub/london,Pub: london,pub,exact-payoff (backbone-invariant),1000,random,19,1.83690033470284,32.38037375204131,15,0,1.7757643906235212,3.6126647253263613,0.00390625,3|2|2|0,4,4,16,256
pub/london,Pub: london,pub,exact-payoff (backbone-invariant),1000,random,20,1.958186360491978,34.33856011253329,7,0,1.6544783648343833,3.6126647253263613,0.00390625,3|2|2|0,4,4,16,256
pub/london_mini,Pub: london_mini,pub,exact-payoff (backbone-invariant),1000,pact,1,0.0,0.0,0,0,1.9555555555555555,1.9555555555555555,0.2566692924786813,3|2,2,4,8,16
pub/london_mini,Pub: london_mini,pub,exact-payoff (backbone-invariant),1000,pact,2,0.0,0.0,0,0,1.9555555555555555,1.9555555555555555,0.2634114067076817,3|2,2,4,8,16
pub/london_mini,Pub: london_mini,pub,exact-payoff (backbone-invariant),1000,pact,3,0.0,0.0,0,0,1.9555555555555555,1.9555555555555555,0.27022049196276887,3|2,2,4,8,16
pub/london_mini,Pub: london_mini,pub,exact-payoff (backbone-invariant),1000,pact,4,0.0,0.0,0,0,1.9555555555555555,1.9555555555555555,0.27709052479740837,3|2,2,4,8,16
pub/london_mini,Pub: london_mini,pub,exact-payoff (backbone-invariant),1000,pact,5,0.0,0.0,0,0,1.9555555555555555,1.9555555555555555,0.28401533646199684,3|2,2,4,8,16
pub/london_mini,Pub: london_mini,pub,exact-payoff (backbone-invariant),1000,pact,6,0.0,0.0,0,0,1.9555555555555555,1.9555555555555555,0.29098864061023677,3|2,2,4,8,16
pub/london_mini,Pub: london_mini,pub,exact-payoff (backbone-invariant),1000,pact,7,0.0,0.0,0,0,1.9555555555555555,1.9555555555555555,0.2980040610203405,3|2,2,4,8,16
pub/london_mini,Pub: london_mini,pub,exact-payoff (backbone-invariant),1000,pact,8,0.0,0.0,0,0,1.9555555555555555,1.9555555555555555,0.3050551590742913,3|2,2,4,8,16
pub/london_mini,Pub: london_mini,pub,exact-payoff (backbone-invariant),1000,pact,9,0.0,0.0,0,0,1.9555555555555555,1.9555555555555555,0.3121354607572301,3|2,2,4,8,16
pub/london_mini,Pub: london_mini,pub,exact-payoff (backbone-invariant),1000,pact,10,0.0,0.0,0,0,1.9555555555555555,1.9555555555555555,0.3192384829604544,3|2,2,4,8,16
pub/london_mini,Pub: london_mini,pub,exact-payoff (backbone-invariant),1000,pact,11,0.0,0.0,0,0,1.9555555555555555,1.9555555555555555,0.3263577588948098,3|2,2,4,8,16
pub/london_mini,Pub: london_mini,pub,exact-payoff (backbone-invariant),1000,pact,12,0.0,0.0,0,0,1.9555555555555555,1.9555555555555555,0.3334868624457319,3|2,2,4,8,16
pub/london_mini,Pub: london_mini,pub,exact-payoff (backbone-invariant),1000,pact,13,0.0,0.0,0,0,1.9555555555555555,1.9555555555555555,0.34061943132620853,3|2,2,4,8,16
pub/london_mini,Pub: london_mini,pub,exact-payoff (backbone-invariant),1000,pact,14,0.0,0.0,0,0,1.9555555555555555,1.9555555555555555,0.3477491889088975,3|2,2,4,8,16
pub/london_mini,Pub: london_mini,pub,exact-payoff (backbone-invariant),1000,pact,15,0.0,0.0,0,0,1.9555555555555555,1.9555555555555555,0.35486996464302845,3|2,2,4,8,16
pub/london_mini,Pub: london_mini,pub,exact-payoff (backbone-invariant),1000,pact,16,0.0,0.0,0,0,1.9555555555555555,1.9555555555555555,0.3619757129851077,3|2,2,4,8,16
pub/london_mini,Pub: london_mini,pub,exact-payoff (backbone-invariant),1000,pact,17,0.0,0.0,0,0,1.9555555555555555,1.9555555555555555,0.3690605307944711,3|2,2,4,8,16
pub/london_mini,Pub: london_mini,pub,exact-payoff (backbone-invariant),1000,pact,18,0.0,0.0,0,0,1.9555555555555555,1.9555555555555555,0.37611867316512015,3|2,2,4,8,16
pub/london_mini,Pub: london_mini,pub,exact-payoff (backbone-invariant),1000,pact,19,0.0,0.0,0,0,1.9555555555555555,1.9555555555555555,0.38314456768384114,3|2,2,4,8,16
pub/london_mini,Pub: london_mini,pub,exact-payoff (backbone-invariant),1000,pact,20,0.0,0.0,0,0,1.9555555555555555,1.9555555555555555,0.39013282712121133,3|2,2,4,8,16
pub/london_mini,Pub: london_mini,pub,exact-payoff (backbone-invariant),1000,pact_plus,1,0.0,0.0,0,0,1.9555555555555555,1.9555555555555555,0.2566692924786813,3|2,2,4,8,16
pub/london_mini,Pub: london_mini,pub,exact-payoff (backbone-invariant),1000,pact_plus,2,0.0,0.0,0,0,1.9555555555555555,1.9555555555555555,0.2634114067076817,3|2,2,4,8,16
pub/london_mini,Pub: london_mini,pub,exact-payoff (backbone-invariant),1000,pact_plus,3,0.0,0.0,0,0,1.9555555555555555,1.9555555555555555,0.27022049196276887,3|2,2,4,8,16
pub/london_mini,Pub: london_mini,pub,exact-payoff (backbone-invariant),1000,pact_plus,4,0.0,0.0,0,0,1.9555555555555555,1.9555555555555555,0.27709052479740837,3|2,2,4,8,16
pub/london_mini,Pub: london_mini,pub,exact-payoff (backbone-invariant),1000,pact_plus,5,0.0,0.0,0,0,1.9555555555555555,1.9555555555555555,0.28401533646199684,3|2,2,4,8,16
pub/london_mini,Pub: london_mini,pub,exact-payoff (backbone-invariant),1000,pact_plus,6,0.0,0.0,0,0,1.9555555555555555,1.9555555555555555,0.29098864061023677,3|2,2,4,8,16
pub/london_mini,Pub: london_mini,pub,exact-payoff (backbone-invariant),1000,pact_plus,7,0.0,0.0,0,0,1.9555555555555555,1.9555555555555555,0.2980040610203405,3|2,2,4,8,16
pub/london_mini,Pub: london_mini,pub,exact-payoff (backbone-invariant),1000,pact_plus,8,0.0,0.0,0,0,1.9555555555555555,1.9555555555555555,0.3050551590742913,3|2,2,4,8,16
pub/london_mini,Pub: london_mini,pub,exact-payoff (backbone-invariant),1000,pact_plus,9,0.0,0.0,0,0,1.9555555555555555,1.9555555555555555,0.3121354607572301,3|2,2,4,8,16
pub/london_mini,Pub: london_mini,pub,exact-payoff (backbone-invariant),1000,pact_plus,10,0.0,0.0,0,0,1.9555555555555555,1.9555555555555555,0.3192384829604544,3|2,2,4,8,16
pub/london_mini,Pub: london_mini,pub,exact-payoff (backbone-invariant),1000,pact_plus,11,0.0,0.0,0,0,1.9555555555555555,1.9555555555555555,0.3263577588948098,3|2,2,4,8,16
pub/london_mini,Pub: london_mini,pub,exact-payoff (backbone-invariant),1000,pact_plus,12,0.0,0.0,0,0,1.9555555555555555,1.9555555555555555,0.3334868624457319,3|2,2,4,8,16
pub/london_mini,Pub: london_mini,pub,exact-payoff (backbone-invariant),1000,pact_plus,13,0.0,0.0,0,0,1.9555555555555555,1.9555555555555555,0.34061943132620853,3|2,2,4,8,16
pub/london_mini,Pub: london_mini,pub,exact-payoff (backbone-invariant),1000,pact_plus,14,0.0,0.0,0,0,1.9555555555555555,1.9555555555555555,0.3477491889088975,3|2,2,4,8,16
pub/london_mini,Pub: london_mini,pub,exact-payoff (backbone-invariant),1000,pact_plus,15,0.0,0.0,0,0,1.9555555555555555,1.9555555555555555,0.35486996464302845,3|2,2,4,8,16
pub/london_mini,Pub: london_mini,pub,exact-payoff (backbone-invariant),1000,pact_plus,16,0.0,0.0,0,0,1.9555555555555555,1.9555555555555555,0.3619757129851077,3|2,2,4,8,16
pub/london_mini,Pub: london_mini,pub,exact-payoff (backbone-invariant),1000,pact_plus,17,0.0,0.0,0,0,1.9555555555555555,1.9555555555555555,0.3690605307944711,3|2,2,4,8,16
pub/london_mini,Pub: london_mini,pub,exact-payoff (backbone-invariant),1000,pact_plus,18,0.0,0.0,0,0,1.9555555555555555,1.9555555555555555,0.37611867316512015,3|2,2,4,8,16
pub/london_mini,Pub: london_mini,pub,exact-payoff (backbone-invariant),1000,pact_plus,19,0.0,0.0,0,0,1.9555555555555555,1.9555555555555555,0.38314456768384114,3|2,2,4,8,16
pub/london_mini,Pub: london_mini,pub,exact-payoff (backbone-invariant),1000,pact_plus,20,0.0,0.0,0,0,1.9555555555555555,1.9555555555555555,0.39013282712121133,3|2,2,4,8,16
pub/london_mini,Pub: london_mini,pub,exact-payoff (backbone-invariant),1000,joint_psrl_uniform,1,0.0,0.0,0,0,1.9555555555555555,1.9555555555555555,0.0658656682764749,3|2,2,4,8,16
pub/london_mini,Pub: london_mini,pub,exact-payoff (backbone-invariant),1000,joint_psrl_uniform,2,0.0,0.0,0,0,1.9555555555555555,1.9555555555555555,0.06933026465426571,3|2,2,4,8,16
pub/london_mini,Pub: london_mini,pub,exact-payoff (backbone-invariant),1000,joint_psrl_uniform,3,0.0,0.0,0,0,1.9555555555555555,1.9555555555555555,0.0728914302359069,3|2,2,4,8,16
pub/london_mini,Pub: london_mini,pub,exact-payoff (backbone-invariant),1000,joint_psrl_uniform,4,0.0,0.0,0,0,1.9555555555555555,1.9555555555555555,0.07654652772774444,3|2,2,4,8,16
pub/london_mini,Pub: london_mini,pub,exact-payoff (backbone-invariant),1000,joint_psrl_uniform,5,0.0,0.0,0,0,1.9555555555555555,1.9555555555555555,0.08029265506234484,3|2,2,4,8,16
pub/london_mini,Pub: london_mini,pub,exact-payoff (backbone-invariant),1000,joint_psrl_uniform,6,0.0,0.0,0,0,1.9555555555555555,1.9555555555555555,0.08412666054826519,3|2,2,4,8,16
pub/london_mini,Pub: london_mini,pub,exact-payoff (backbone-invariant),1000,joint_psrl_uniform,7,0.0,0.0,0,0,1.9555555555555555,1.9555555555555555,0.0880451593525685,3|2,2,4,8,16
pub/london_mini,Pub: london_mini,pub,exact-payoff (backbone-invariant),1000,joint_psrl_uniform,8,0.0,0.0,0,0,1.9555555555555555,1.9555555555555555,0.09204455111453108,3|2,2,4,8,16
pub/london_mini,Pub: london_mini,pub,exact-payoff (backbone-invariant),1000,joint_psrl_uniform,9,0.0,0.0,0,0,1.9555555555555555,1.9555555555555555,0.09612103848585726,3|2,2,4,8,16
pub/london_mini,Pub: london_mini,pub,exact-payoff (backbone-invariant),1000,joint_psrl_uniform,10,0.0,0.0,0,0,1.9555555555555555,1.9555555555555555,0.10027064639314628,3|2,2,4,8,16
pub/london_mini,Pub: london_mini,pub,exact-payoff (backbone-invariant),1000,joint_psrl_uniform,11,0.0,0.0,0,0,1.9555555555555555,1.9555555555555555,0.10448924182202164,3|2,2,4,8,16
pub/london_mini,Pub: london_mini,pub,exact-payoff (backbone-invariant),1000,joint_psrl_uniform,12,0.0,0.0,0,0,1.9555555555555555,1.9555555555555555,0.10877255392886263,3|2,2,4,8,16
pub/london_mini,Pub: london_mini,pub,exact-payoff (backbone-invariant),1000,joint_psrl_uniform,13,0.0,0.0,0,0,1.9555555555555555,1.9555555555555555,0.11311619429506008,3|2,2,4,8,16
pub/london_mini,Pub: london_mini,pub,exact-payoff (backbone-invariant),1000,joint_psrl_uniform,14,0.0,0.0,0,0,1.9555555555555555,1.9555555555555555,0.11751567714972797,3|2,2,4,8,16
pub/london_mini,Pub: london_mini,pub,exact-payoff (backbone-invariant),1000,joint_psrl_uniform,15,0.0,0.0,0,0,1.9555555555555555,1.9555555555555555,0.12196643939940972,3|2,2,4,8,16
pub/london_mini,Pub: london_mini,pub,exact-payoff (backbone-invariant),1000,joint_psrl_uniform,16,0.0,0.0,0,0,1.9555555555555555,1.9555555555555555,0.12646386031710602,3|2,2,4,8,16
pub/london_mini,Pub: london_mini,pub,exact-payoff (backbone-invariant),1000,joint_psrl_uniform,17,0.0,0.0,0,0,1.9555555555555555,1.9555555555555555,0.131003280757527,3|2,2,4,8,16
pub/london_mini,Pub: london_mini,pub,exact-payoff (backbone-invariant),1000,joint_psrl_uniform,18,0.0,0.0,0,0,1.9555555555555555,1.9555555555555555,0.13558002178047351,3|2,2,4,8,16
pub/london_mini,Pub: london_mini,pub,exact-payoff (backbone-invariant),1000,joint_psrl_uniform,19,0.0,0.0,0,0,1.9555555555555555,1.9555555555555555,0.14018940257935708,3|2,2,4,8,16
pub/london_mini,Pub: london_mini,pub,exact-payoff (backbone-invariant),1000,joint_psrl_uniform,20,0.0,0.0,0,0,1.9555555555555555,1.9555555555555555,0.1448267576267961,3|2,2,4,8,16
pub/london_mini,Pub: london_mini,pub,exact-payoff (backbone-invariant),1000,psrl_notype,1,0.0,0.0,0,0,1.9555555555555555,1.9555555555555555,0.0625,3|2,2,4,8,16
pub/london_mini,Pub: london_mini,pub,exact-payoff (backbone-invariant),1000,psrl_notype,2,0.0,0.0,0,0,1.9555555555555555,1.9555555555555555,0.0625,3|2,2,4,8,16
pub/london_mini,Pub: london_mini,pub,exact-payoff (backbone-invariant),1000,psrl_notype,3,0.0,0.0,0,0,1.9555555555555555,1.9555555555555555,0.0625,3|2,2,4,8,16
pub/london_mini,Pub: london_mini,pub,exact-payoff (backbone-invariant),1000,psrl_notype,4,0.0,0.0,0,0,1.9555555555555555,1.9555555555555555,0.0625,3|2,2,4,8,16
pub/london_mini,Pub: london_mini,pub,exact-payoff (backbone-invariant),1000,psrl_notype,5,0.0,0.0,0,0,1.9555555555555555,1.9555555555555555,0.0625,3|2,2,4,8,16
pub/london_mini,Pub: london_mini,pub,exact-payoff (backbone-invariant),1000,psrl_notype,6,0.0,0.0,0,0,1.9555555555555555,1.9555555555555555,0.0625,3|2,2,4,8,16
pub/london_mini,Pub: london_mini,pub,exact-payoff (backbone-invariant),1000,psrl_notype,7,0.0,0.0,0,0,1.9555555555555555,1.9555555555555555,0.0625,3|2,2,4,8,16
pub/london_mini,Pub: london_mini,pub,exact-payoff (backbone-invariant),1000,psrl_notype,8,0.0,0.0,0,0,1.9555555555555555,1.9555555555555555,0.0625,3|2,2,4,8,16
pub/london_mini,Pub: london_mini,pub,exact-payoff (backbone-invariant),1000,psrl_notype,9,0.0,0.0,0,0,1.9555555555555555,1.9555555555555555,0.0625,3|2,2,4,8,16
pub/london_mini,Pub: london_mini,pub,exact-payoff (backbone-invariant),1000,psrl_notype,10,0.0,0.0,0,0,1.9555555555555555,1.9555555555555555,0.0625,3|2,2,4,8,16
pub/london_mini,Pub: london_mini,pub,exact-payoff (backbone-invariant),1000,psrl_notype,11,0.0,0.0,0,0,1.9555555555555555,1.9555555555555555,0.0625,3|2,2,4,8,16
pub/london_mini,Pub: london_mini,pub,exact-payoff (backbone-invariant),1000,psrl_notype,12,0.0,0.0,0,0,1.9555555555555555,1.9555555555555555,0.0625,3|2,2,4,8,16
pub/london_mini,Pub: london_mini,pub,exact-payoff (backbone-invariant),1000,psrl_notype,13,0.0,0.0,0,0,1.9555555555555555,1.9555555555555555,0.0625,3|2,2,4,8,16
pub/london_mini,Pub: london_mini,pub,exact-payoff (backbone-invariant),1000,psrl_notype,14,0.0,0.0,0,0,1.9555555555555555,1.9555555555555555,0.0625,3|2,2,4,8,16
pub/london_mini,Pub: london_mini,pub,exact-payoff (backbone-invariant),1000,psrl_notype,15,0.0,0.0,0,0,1.9555555555555555,1.9555555555555555,0.0625,3|2,2,4,8,16
pub/london_mini,Pub: london_mini,pub,exact-payoff (backbone-invariant),1000,psrl_notype,16,0.0,0.0,0,0,1.9555555555555555,1.9555555555555555,0.0625,3|2,2,4,8,16
pub/london_mini,Pub: london_mini,pub,exact-payoff (backbone-invariant),1000,psrl_notype,17,0.0,0.0,0,0,1.9555555555555555,1.9555555555555555,0.0625,3|2,2,4,8,16
pub/london_mini,Pub: london_mini,pub,exact-payoff (backbone-invariant),1000,psrl_notype,18,0.0,0.0,0,0,1.9555555555555555,1.9555555555555555,0.0625,3|2,2,4,8,16
pub/london_mini,Pub: london_mini,pub,exact-payoff (backbone-invariant),1000,psrl_notype,19,0.0,0.0,0,0,1.9555555555555555,1.9555555555555555,0.0625,3|2,2,4,8,16
pub/london_mini,Pub: london_mini,pub,exact-payoff (backbone-invariant),1000,psrl_notype,20,0.0,0.0,0,0,1.9555555555555555,1.9555555555555555,0.0625,3|2,2,4,8,16
pub/london_mini,Pub: london_mini,pub,exact-payoff (backbone-invariant),1000,map_type_greedy,1,0.0,0.0,0,0,1.9555555555555555,1.9555555555555555,0.2566692924786813,3|2,2,4,8,16
pub/london_mini,Pub: london_mini,pub,exact-payoff (backbone-invariant),1000,map_type_greedy,2,0.0,0.0,0,0,1.9555555555555555,1.9555555555555555,0.2634114067076817,3|2,2,4,8,16
pub/london_mini,Pub: london_mini,pub,exact-payoff (backbone-invariant),1000,map_type_greedy,3,0.0,0.0,0,0,1.9555555555555555,1.9555555555555555,0.27022049196276887,3|2,2,4,8,16
pub/london_mini,Pub: london_mini,pub,exact-payoff (backbone-invariant),1000,map_type_greedy,4,0.0,0.0,0,0,1.9555555555555555,1.9555555555555555,0.27709052479740837,3|2,2,4,8,16
pub/london_mini,Pub: london_mini,pub,exact-payoff (backbone-invariant),1000,map_type_greedy,5,0.0,0.0,0,0,1.9555555555555555,1.9555555555555555,0.28401533646199684,3|2,2,4,8,16
pub/london_mini,Pub: london_mini,pub,exact-payoff (backbone-invariant),1000,map_type_greedy,6,0.0,0.0,0,0,1.9555555555555555,1.9555555555555555,0.29098864061023677,3|2,2,4,8,16
pub/london_mini,Pub: london_mini,pub,exact-payoff (backbone-invariant),1000,map_type_greedy,7,0.0,0.0,0,0,1.9555555555555555,1.9555555555555555,0.2980040610203405,3|2,2,4,8,16
pub/london_mini,Pub: london_mini,pub,exact-payoff (backbone-invariant),1000,map_type_greedy,8,0.0,0.0,0,0,1.9555555555555555,1.9555555555555555,0.3050551590742913,3|2,2,4,8,16
pub/london_mini,Pub: london_mini,pub,exact-payoff (backbone-invariant),1000,map_type_greedy,9,0.0,0.0,0,0,1.9555555555555555,1.9555555555555555,0.3121354607572301,3|2,2,4,8,16
pub/london_mini,Pub: london_mini,pub,exact-payoff (backbone-invariant),1000,map_type_greedy,10,0.0,0.0,0,0,1.9555555555555555,1.9555555555555555,0.3192384829604544,3|2,2,4,8,16
pub/london_mini,Pub: london_mini,pub,exact-payoff (backbone-invariant),1000,map_type_greedy,11,0.0,0.0,0,0,1.9555555555555555,1.9555555555555555,0.3263577588948098,3|2,2,4,8,16
pub/london_mini,Pub: london_mini,pub,exact-payoff (backbone-invariant),1000,map_type_greedy,12,0.0,0.0,0,0,1.9555555555555555,1.9555555555555555,0.3334868624457319,3|2,2,4,8,16
pub/london_mini,Pub: london_mini,pub,exact-payoff (backbone-invariant),1000,map_type_greedy,13,0.0,0.0,0,0,1.9555555555555555,1.9555555555555555,0.34061943132620853,3|2,2,4,8,16
pub/london_mini,Pub: london_mini,pub,exact-payoff (backbone-invariant),1000,map_type_greedy,14,0.0,0.0,0,0,1.9555555555555555,1.9555555555555555,0.3477491889088975,3|2,2,4,8,16
pub/london_mini,Pub: london_mini,pub,exact-payoff (backbone-invariant),1000,map_type_greedy,15,0.0,0.0,0,0,1.9555555555555555,1.9555555555555555,0.35486996464302845,3|2,2,4,8,16
pub/london_mini,Pub: london_mini,pub,exact-payoff (backbone-invariant),1000,map_type_greedy,16,0.0,0.0,0,0,1.9555555555555555,1.9555555555555555,0.3619757129851077,3|2,2,4,8,16
pub/london_mini,Pub: london_mini,pub,exact-payoff (backbone-invariant),1000,map_type_greedy,17,0.0,0.0,0,0,1.9555555555555555,1.9555555555555555,0.3690605307944711,3|2,2,4,8,16
pub/london_mini,Pub: london_mini,pub,exact-payoff (backbone-invariant),1000,map_type_greedy,18,0.0,0.0,0,0,1.9555555555555555,1.9555555555555555,0.37611867316512015,3|2,2,4,8,16
pub/london_mini,Pub: london_mini,pub,exact-payoff (backbone-invariant),1000,map_type_greedy,19,0.0,0.0,0,0,1.9555555555555555,1.9555555555555555,0.38314456768384114,3|2,2,4,8,16
pub/london_mini,Pub: london_mini,pub,exact-payoff (backbone-invariant),1000,map_type_greedy,20,0.0,0.0,0,0,1.9555555555555555,1.9555555555555555,0.39013282712121133,3|2,2,4,8,16
pub/london_mini,Pub: london_mini,pub,exact-payoff (backbone-invariant),1000,econ_bne,1,0.0,0.0,0,0,1.9555555555555555,1.9555555555555555,0.0625,3|2,2,4,8,16
pub/london_mini,Pub: london_mini,pub,exact-payoff (backbone-invariant),1000,econ_bne,2,0.0,0.0,0,0,1.9555555555555555,1.9555555555555555,0.0625,3|2,2,4,8,16
pub/london_mini,Pub: london_mini,pub,exact-payoff (backbone-invariant),1000,econ_bne,3,0.0,0.0,0,0,1.9555555555555555,1.9555555555555555,0.0625,3|2,2,4,8,16
pub/london_mini,Pub: london_mini,pub,exact-payoff (backbone-invariant),1000,econ_bne,4,0.0,0.0,0,0,1.9555555555555555,1.9555555555555555,0.0625,3|2,2,4,8,16
pub/london_mini,Pub: london_mini,pub,exact-payoff (backbone-invariant),1000,econ_bne,5,0.0,0.0,0,0,1.9555555555555555,1.9555555555555555,0.0625,3|2,2,4,8,16
pub/london_mini,Pub: london_mini,pub,exact-payoff (backbone-invariant),1000,econ_bne,6,0.0,0.0,0,0,1.9555555555555555,1.9555555555555555,0.0625,3|2,2,4,8,16
pub/london_mini,Pub: london_mini,pub,exact-payoff (backbone-invariant),1000,econ_bne,7,0.0,0.0,0,0,1.9555555555555555,1.9555555555555555,0.0625,3|2,2,4,8,16
pub/london_mini,Pub: london_mini,pub,exact-payoff (backbone-invariant),1000,econ_bne,8,0.0,0.0,0,0,1.9555555555555555,1.9555555555555555,0.0625,3|2,2,4,8,16
pub/london_mini,Pub: london_mini,pub,exact-payoff (backbone-invariant),1000,econ_bne,9,0.0,0.0,0,0,1.9555555555555555,1.9555555555555555,0.0625,3|2,2,4,8,16
pub/london_mini,Pub: london_mini,pub,exact-payoff (backbone-invariant),1000,econ_bne,10,0.0,0.0,0,0,1.9555555555555555,1.9555555555555555,0.0625,3|2,2,4,8,16
pub/london_mini,Pub: london_mini,pub,exact-payoff (backbone-invariant),1000,econ_bne,11,0.0,0.0,0,0,1.9555555555555555,1.9555555555555555,0.0625,3|2,2,4,8,16
pub/london_mini,Pub: london_mini,pub,exact-payoff (backbone-invariant),1000,econ_bne,12,0.0,0.0,0,0,1.9555555555555555,1.9555555555555555,0.0625,3|2,2,4,8,16
pub/london_mini,Pub: london_mini,pub,exact-payoff (backbone-invariant),1000,econ_bne,13,0.0,0.0,0,0,1.9555555555555555,1.9555555555555555,0.0625,3|2,2,4,8,16
pub/london_mini,Pub: london_mini,pub,exact-payoff (backbone-invariant),1000,econ_bne,14,0.0,0.0,0,0,1.9555555555555555,1.9555555555555555,0.0625,3|2,2,4,8,16
pub/london_mini,Pub: london_mini,pub,exact-payoff (backbone-invariant),1000,econ_bne,15,0.0,0.0,0,0,1.9555555555555555,1.9555555555555555,0.0625,3|2,2,4,8,16
pub/london_mini,Pub: london_mini,pub,exact-payoff (backbone-invariant),1000,econ_bne,16,0.0,0.0,0,0,1.9555555555555555,1.9555555555555555,0.0625,3|2,2,4,8,16
pub/london_mini,Pub: london_mini,pub,exact-payoff (backbone-invariant),1000,econ_bne,17,0.0,0.0,0,0,1.9555555555555555,1.9555555555555555,0.0625,3|2,2,4,8,16
pub/london_mini,Pub: london_mini,pub,exact-payoff (backbone-invariant),1000,econ_bne,18,0.0,0.0,0,0,1.9555555555555555,1.9555555555555555,0.0625,3|2,2,4,8,16
pub/london_mini,Pub: london_mini,pub,exact-payoff (backbone-invariant),1000,econ_bne,19,0.0,0.0,0,0,1.9555555555555555,1.9555555555555555,0.0625,3|2,2,4,8,16
pub/london_mini,Pub: london_mini,pub,exact-payoff (backbone-invariant),1000,econ_bne,20,0.0,0.0,0,0,1.9555555555555555,1.9555555555555555,0.0625,3|2,2,4,8,16
pub/london_mini,Pub: london_mini,pub,exact-payoff (backbone-invariant),1000,atom_tom1,1,0.0,0.0,0,0,1.9555555555555555,1.9555555555555555,0.0625,3|2,2,4,8,16
pub/london_mini,Pub: london_mini,pub,exact-payoff (backbone-invariant),1000,atom_tom1,2,0.0,0.0,0,0,1.9555555555555555,1.9555555555555555,0.0625,3|2,2,4,8,16
pub/london_mini,Pub: london_mini,pub,exact-payoff (backbone-invariant),1000,atom_tom1,3,0.0,0.0,0,0,1.9555555555555555,1.9555555555555555,0.0625,3|2,2,4,8,16
pub/london_mini,Pub: london_mini,pub,exact-payoff (backbone-invariant),1000,atom_tom1,4,0.0,0.0,0,0,1.9555555555555555,1.9555555555555555,0.0625,3|2,2,4,8,16
pub/london_mini,Pub: london_mini,pub,exact-payoff (backbone-invariant),1000,atom_tom1,5,0.0,0.0,0,0,1.9555555555555555,1.9555555555555555,0.0625,3|2,2,4,8,16
pub/london_mini,Pub: london_mini,pub,exact-payoff (backbone-invariant),1000,atom_tom1,6,0.0,0.0,0,0,1.9555555555555555,1.9555555555555555,0.0625,3|2,2,4,8,16
pub/london_mini,Pub: london_mini,pub,exact-payoff (backbone-invariant),1000,atom_tom1,7,0.0,0.0,0,0,1.9555555555555555,1.9555555555555555,0.0625,3|2,2,4,8,16
pub/london_mini,Pub: london_mini,pub,exact-payoff (backbone-invariant),1000,atom_tom1,8,0.0,0.0,0,0,1.9555555555555555,1.9555555555555555,0.0625,3|2,2,4,8,16
pub/london_mini,Pub: london_mini,pub,exact-payoff (backbone-invariant),1000,atom_tom1,9,0.0,0.0,0,0,1.9555555555555555,1.9555555555555555,0.0625,3|2,2,4,8,16
pub/london_mini,Pub: london_mini,pub,exact-payoff (backbone-invariant),1000,atom_tom1,10,0.0,0.0,0,0,1.9555555555555555,1.9555555555555555,0.0625,3|2,2,4,8,16
pub/london_mini,Pub: london_mini,pub,exact-payoff (backbone-invariant),1000,atom_tom1,11,0.0,0.0,0,0,1.9555555555555555,1.9555555555555555,0.0625,3|2,2,4,8,16
pub/london_mini,Pub: london_mini,pub,exact-payoff (backbone-invariant),1000,atom_tom1,12,0.0,0.0,0,0,1.9555555555555555,1.9555555555555555,0.0625,3|2,2,4,8,16
pub/london_mini,Pub: london_mini,pub,exact-payoff (backbone-invariant),1000,atom_tom1,13,0.0,0.0,0,0,1.9555555555555555,1.9555555555555555,0.0625,3|2,2,4,8,16
pub/london_mini,Pub: london_mini,pub,exact-payoff (backbone-invariant),1000,atom_tom1,14,0.0,0.0,0,0,1.9555555555555555,1.9555555555555555,0.0625,3|2,2,4,8,16
pub/london_mini,Pub: london_mini,pub,exact-payoff (backbone-invariant),1000,atom_tom1,15,0.0,0.0,0,0,1.9555555555555555,1.9555555555555555,0.0625,3|2,2,4,8,16
pub/london_mini,Pub: london_mini,pub,exact-payoff (backbone-invariant),1000,atom_tom1,16,0.0,0.0,0,0,1.9555555555555555,1.9555555555555555,0.0625,3|2,2,4,8,16
pub/london_mini,Pub: london_mini,pub,exact-payoff (backbone-invariant),1000,atom_tom1,17,0.0,0.0,0,0,1.9555555555555555,1.9555555555555555,0.0625,3|2,2,4,8,16
pub/london_mini,Pub: london_mini,pub,exact-payoff (backbone-invariant),1000,atom_tom1,18,0.0,0.0,0,0,1.9555555555555555,1.9555555555555555,0.0625,3|2,2,4,8,16
pub/london_mini,Pub: london_mini,pub,exact-payoff (backbone-invariant),1000,atom_tom1,19,0.0,0.0,0,0,1.9555555555555555,1.9555555555555555,0.0625,3|2,2,4,8,16
pub/london_mini,Pub: london_mini,pub,exact-payoff (backbone-invariant),1000,atom_tom1,20,0.0,0.0,0,0,1.9555555555555555,1.9555555555555555,0.0625,3|2,2,4,8,16
pub/london_mini,Pub: london_mini,pub,exact-payoff (backbone-invariant),1000,random,1,1.2259259259259259,1.2259259259259259,1,0,0.7296296296296297,1.9555555555555555,0.0625,3|2,2,4,8,16
pub/london_mini,Pub: london_mini,pub,exact-payoff (backbone-invariant),1000,random,2,1.248148148148148,2.474074074074074,2,0,0.7074074074074075,1.9555555555555555,0.0625,3|2,2,4,8,16
pub/london_mini,Pub: london_mini,pub,exact-payoff (backbone-invariant),1000,random,3,1.4370370370370371,3.911111111111111,3,0,0.5185185185185185,1.9555555555555555,0.0625,3|2,2,4,8,16
pub/london_mini,Pub: london_mini,pub,exact-payoff (backbone-invariant),1000,random,4,1.4370370370370371,5.348148148148148,3,0,0.5185185185185185,1.9555555555555555,0.0625,3|2,2,4,8,16
pub/london_mini,Pub: london_mini,pub,exact-payoff (backbone-invariant),1000,random,5,1.248148148148148,6.5962962962962965,2,0,0.7074074074074075,1.9555555555555555,0.0625,3|2,2,4,8,16
pub/london_mini,Pub: london_mini,pub,exact-payoff (backbone-invariant),1000,random,6,1.4370370370370371,8.033333333333333,3,0,0.5185185185185185,1.9555555555555555,0.0625,3|2,2,4,8,16
pub/london_mini,Pub: london_mini,pub,exact-payoff (backbone-invariant),1000,random,7,0.0,8.033333333333333,0,0,1.9555555555555555,1.9555555555555555,0.0625,3|2,2,4,8,16
pub/london_mini,Pub: london_mini,pub,exact-payoff (backbone-invariant),1000,random,8,1.4370370370370371,9.47037037037037,3,0,0.5185185185185185,1.9555555555555555,0.0625,3|2,2,4,8,16
pub/london_mini,Pub: london_mini,pub,exact-payoff (backbone-invariant),1000,random,9,1.248148148148148,10.718518518518518,2,0,0.7074074074074075,1.9555555555555555,0.0625,3|2,2,4,8,16
pub/london_mini,Pub: london_mini,pub,exact-payoff (backbone-invariant),1000,random,10,0.0,10.718518518518518,0,0,1.9555555555555555,1.9555555555555555,0.0625,3|2,2,4,8,16
pub/london_mini,Pub: london_mini,pub,exact-payoff (backbone-invariant),1000,random,11,1.2259259259259259,11.944444444444445,1,0,0.7296296296296297,1.9555555555555555,0.0625,3|2,2,4,8,16
pub/london_mini,Pub: london_mini,pub,exact-payoff (backbone-invariant),1000,random,12,1.2259259259259259,13.170370370370371,1,0,0.7296296296296297,1.9555555555555555,0.0625,3|2,2,4,8,16
pub/london_mini,Pub: london_mini,pub,exact-payoff (backbone-invariant),1000,random,13,1.2259259259259259,14.396296296296297,1,0,0.7296296296296297,1.9555555555555555,0.0625,3|2,2,4,8,16
pub/london_mini,Pub: london_mini,pub,exact-payoff (backbone-invariant),1000,random,14,1.4370370370370371,15.833333333333334,3,0,0.5185185185185185,1.9555555555555555,0.0625,3|2,2,4,8,16
pub/london_mini,Pub: london_mini,pub,exact-payoff (backbone-invariant),1000,random,15,1.4370370370370371,17.270370370370372,3,0,0.5185185185185185,1.9555555555555555,0.0625,3|2,2,4,8,16
pub/london_mini,Pub: london_mini,pub,exact-payoff (backbone-invariant),1000,random,16,1.248148148148148,18.51851851851852,2,0,0.7074074074074075,1.9555555555555555,0.0625,3|2,2,4,8,16
pub/london_mini,Pub: london_mini,pub,exact-payoff (backbone-invariant),1000,random,17,1.2259259259259259,19.744444444444444,1,0,0.7296296296296297,1.9555555555555555,0.0625,3|2,2,4,8,16
pub/london_mini,Pub: london_mini,pub,exact-payoff (backbone-invariant),1000,random,18,1.4370370370370371,21.18148148148148,3,0,0.5185185185185185,1.9555555555555555,0.0625,3|2,2,4,8,16
pub/london_mini,Pub: london_mini,pub,exact-payoff (backbone-invariant),1000,random,19,1.4370370370370371,22.618518518518517,3,0,0.5185185185185185,1.9555555555555555,0.0625,3|2,2,4,8,16
pub/london_mini,Pub: london_mini,pub,exact-payoff (backbone-invariant),1000,random,20,0.0,22.618518518518517,0,0,1.9555555555555555,1.9555555555555555,0.0625,3|2,2,4,8,16
haggling/fruitville,Haggling: fruitville,haggling,exact-payoff (backbone-invariant),1000,pact,1,0.156521739130435,0.156521739130435,9,7,1.026086956521739,1.182608695652174,0.3415236473678964,3|2,2,4,8,16
haggling/fruitville,Haggling: fruitville,haggling,exact-payoff (backbone-invariant),1000,pact,2,0.0,0.156521739130435,7,7,1.182608695652174,1.182608695652174,0.3415236473678964,3|2,2,4,8,16
haggling/fruitville,Haggling: fruitville,haggling,exact-payoff (backbone-invariant),1000,pact,3,0.0,0.156521739130435,7,7,1.182608695652174,1.182608695652174,0.3415236473678964,3|2,2,4,8,16
haggling/fruitville,Haggling: fruitville,haggling,exact-payoff (backbone-invariant),1000,pact,4,0.18260869565217397,0.33913043478260896,1,7,1.0,1.182608695652174,0.9111544400433109,3|2,2,4,8,16
haggling/fruitville,Haggling: fruitville,haggling,exact-payoff (backbone-invariant),1000,pact,5,0.0,0.33913043478260896,7,7,1.182608695652174,1.182608695652174,0.9111544400433109,3|2,2,4,8,16
haggling/fruitville,Haggling: fruitville,haggling,exact-payoff (backbone-invariant),1000,pact,6,0.0,0.33913043478260896,7,7,1.182608695652174,1.182608695652174,0.9111544400433109,3|2,2,4,8,16
haggling/fruitville,Haggling: fruitville,haggling,exact-payoff (backbone-invariant),1000,pact,7,0.0,0.33913043478260896,7,7,1.182608695652174,1.182608695652174,0.9111544400433109,3|2,2,4,8,16
haggling/fruitville,Haggling: fruitville,haggling,exact-payoff (backbone-invariant),1000,pact,8,0.0,0.33913043478260896,7,7,1.182608695652174,1.182608695652174,0.9111544400433109,3|2,2,4,8,16
haggling/fruitville,Haggling: fruitville,haggling,exact-payoff (backbone-invariant),1000,pact,9,0.0,0.33913043478260896,7,7,1.182608695652174,1.182608695652174,0.9111544400433109,3|2,2,4,8,16
haggling/fruitville,Haggling: fruitville,haggling,exact-payoff (backbone-invariant),1000,pact,10,0.0,0.33913043478260896,7,7,1.182608695652174,1.182608695652174,0.9111544400433109,3|2,2,4,8,16
haggling/fruitville,Haggling: fruitville,haggling,exact-payoff (backbone-invariant),1000,pact,11,0.0,0.33913043478260896,7,7,1.182608695652174,1.182608695652174,0.9111544400433109,3|2,2,4,8,16
haggling/fruitville,Haggling: fruitville,haggling,exact-payoff (backbone-invariant),1000,pact,12,0.0,0.33913043478260896,7,7,1.182608695652174,1.182608695652174,0.9111544400433109,3|2,2,4,8,16
haggling/fruitville,Haggling: fruitville,haggling,exact-payoff (backbone-invariant),1000,pact,13,0.0,0.33913043478260896,7,7,1.182608695652174,1.182608695652174,0.9111544400433109,3|2,2,4,8,16
haggling/fruitville,Haggling: fruitville,haggling,exact-payoff (backbone-invariant),1000,pact,14,0.0,0.33913043478260896,7,7,1.182608695652174,1.182608695652174,0.9111544400433109,3|2,2,4,8,16
haggling/fruitville,Haggling: fruitville,haggling,exact-payoff (backbone-invariant),1000,pact,15,0.0,0.33913043478260896,7,7,1.182608695652174,1.182608695652174,0.9111544400433109,3|2,2,4,8,16
haggling/fruitville,Haggling: fruitville,haggling,exact-payoff (backbone-invariant),1000,pact,16,0.0,0.33913043478260896,7,7,1.182608695652174,1.182608695652174,0.9111544400433109,3|2,2,4,8,16
haggling/fruitville,Haggling: fruitville,haggling,exact-payoff (backbone-invariant),1000,pact,17,0.0,0.33913043478260896,7,7,1.182608695652174,1.182608695652174,0.9111544400433109,3|2,2,4,8,16
haggling/fruitville,Haggling: fruitville,haggling,exact-payoff (backbone-invariant),1000,pact,18,0.0,0.33913043478260896,7,7,1.182608695652174,1.182608695652174,0.9111544400433109,3|2,2,4,8,16
haggling/fruitville,Haggling: fruitville,haggling,exact-payoff (backbone-invariant),1000,pact,19,0.156521739130435,0.49565217391304395,9,7,1.026086956521739,1.182608695652174,0.938720704179797,3|2,2,4,8,16
haggling/fruitville,Haggling: fruitville,haggling,exact-payoff (backbone-invariant),1000,pact,20,0.0,0.49565217391304395,7,7,1.182608695652174,1.182608695652174,0.938720704179797,3|2,2,4,8,16
haggling/fruitville,Haggling: fruitville,haggling,exact-payoff (backbone-invariant),1000,pact_plus,1,0.156521739130435,0.156521739130435,9,7,1.026086956521739,1.182608695652174,0.3415236473678964,3|2,2,4,8,16
haggling/fruitville,Haggling: fruitville,haggling,exact-payoff (backbone-invariant),1000,pact_plus,2,0.0,0.156521739130435,7,7,1.182608695652174,1.182608695652174,0.3415236473678964,3|2,2,4,8,16
haggling/fruitville,Haggling: fruitville,haggling,exact-payoff (backbone-invariant),1000,pact_plus,3,0.0,0.156521739130435,7,7,1.182608695652174,1.182608695652174,0.3415236473678964,3|2,2,4,8,16
haggling/fruitville,Haggling: fruitville,haggling,exact-payoff (backbone-invariant),1000,pact_plus,4,0.18260869565217397,0.33913043478260896,1,7,1.0,1.182608695652174,0.9111544400433109,3|2,2,4,8,16
haggling/fruitville,Haggling: fruitville,haggling,exact-payoff (backbone-invariant),1000,pact_plus,5,0.0,0.33913043478260896,7,7,1.182608695652174,1.182608695652174,0.9111544400433109,3|2,2,4,8,16
haggling/fruitville,Haggling: fruitville,haggling,exact-payoff (backbone-invariant),1000,pact_plus,6,0.0,0.33913043478260896,7,7,1.182608695652174,1.182608695652174,0.9111544400433109,3|2,2,4,8,16
haggling/fruitville,Haggling: fruitville,haggling,exact-payoff (backbone-invariant),1000,pact_plus,7,0.0,0.33913043478260896,7,7,1.182608695652174,1.182608695652174,0.9111544400433109,3|2,2,4,8,16
haggling/fruitville,Haggling: fruitville,haggling,exact-payoff (backbone-invariant),1000,pact_plus,8,0.0,0.33913043478260896,7,7,1.182608695652174,1.182608695652174,0.9111544400433109,3|2,2,4,8,16
haggling/fruitville,Haggling: fruitville,haggling,exact-payoff (backbone-invariant),1000,pact_plus,9,0.0,0.33913043478260896,7,7,1.182608695652174,1.182608695652174,0.9111544400433109,3|2,2,4,8,16
haggling/fruitville,Haggling: fruitville,haggling,exact-payoff (backbone-invariant),1000,pact_plus,10,0.0,0.33913043478260896,7,7,1.182608695652174,1.182608695652174,0.9111544400433109,3|2,2,4,8,16
haggling/fruitville,Haggling: fruitville,haggling,exact-payoff (backbone-invariant),1000,pact_plus,11,0.0,0.33913043478260896,7,7,1.182608695652174,1.182608695652174,0.9111544400433109,3|2,2,4,8,16
haggling/fruitville,Haggling: fruitville,haggling,exact-payoff (backbone-invariant),1000,pact_plus,12,0.0,0.33913043478260896,7,7,1.182608695652174,1.182608695652174,0.9111544400433109,3|2,2,4,8,16
haggling/fruitville,Haggling: fruitville,haggling,exact-payoff (backbone-invariant),1000,pact_plus,13,0.0,0.33913043478260896,7,7,1.182608695652174,1.182608695652174,0.9111544400433109,3|2,2,4,8,16
haggling/fruitville,Haggling: fruitville,haggling,exact-payoff (backbone-invariant),1000,pact_plus,14,0.0,0.33913043478260896,7,7,1.182608695652174,1.182608695652174,0.9111544400433109,3|2,2,4,8,16
haggling/fruitville,Haggling: fruitville,haggling,exact-payoff (backbone-invariant),1000,pact_plus,15,0.0,0.33913043478260896,7,7,1.182608695652174,1.182608695652174,0.9111544400433109,3|2,2,4,8,16
haggling/fruitville,Haggling: fruitville,haggling,exact-payoff (backbone-invariant),1000,pact_plus,16,0.0,0.33913043478260896,7,7,1.182608695652174,1.182608695652174,0.9111544400433109,3|2,2,4,8,16
haggling/fruitville,Haggling: fruitville,haggling,exact-payoff (backbone-invariant),1000,pact_plus,17,0.0,0.33913043478260896,7,7,1.182608695652174,1.182608695652174,0.9111544400433109,3|2,2,4,8,16
haggling/fruitville,Haggling: fruitville,haggling,exact-payoff (backbone-invariant),1000,pact_plus,18,0.0,0.33913043478260896,7,7,1.182608695652174,1.182608695652174,0.9111544400433109,3|2,2,4,8,16
haggling/fruitville,Haggling: fruitville,haggling,exact-payoff (backbone-invariant),1000,pact_plus,19,0.156521739130435,0.49565217391304395,9,7,1.026086956521739,1.182608695652174,0.938720704179797,3|2,2,4,8,16
haggling/fruitville,Haggling: fruitville,haggling,exact-payoff (backbone-invariant),1000,pact_plus,20,0.0,0.49565217391304395,7,7,1.182608695652174,1.182608695652174,0.938720704179797,3|2,2,4,8,16
haggling/fruitville,Haggling: fruitville,haggling,exact-payoff (backbone-invariant),1000,joint_psrl_uniform,1,0.156521739130435,0.156521739130435,9,7,1.026086956521739,1.182608695652174,0.11628443007989578,3|2,2,4,8,16
haggling/fruitville,Haggling: fruitville,haggling,exact-payoff (backbone-invariant),1000,joint_psrl_uniform,2,0.0,0.156521739130435,7,7,1.182608695652174,1.182608695652174,0.11628443007989578,3|2,2,4,8,16
haggling/fruitville,Haggling: fruitville,haggling,exact-payoff (backbone-invariant),1000,joint_psrl_uniform,3,0.18260869565217397,0.33913043478260896,1,7,1.0,1.182608695652174,0.8224650513889313,3|2,2,4,8,16
haggling/fruitville,Haggling: fruitville,haggling,exact-payoff (backbone-invariant),1000,joint_psrl_uniform,4,0.0,0.33913043478260896,7,7,1.182608695652174,1.182608695652174,0.8224650513889313,3|2,2,4,8,16
haggling/fruitville,Haggling: fruitville,haggling,exact-payoff (backbone-invariant),1000,joint_psrl_uniform,5,0.0,0.33913043478260896,7,7,1.182608695652174,1.182608695652174,0.8224650513889313,3|2,2,4,8,16
haggling/fruitville,Haggling: fruitville,haggling,exact-payoff (backbone-invariant),1000,joint_psrl_uniform,6,0.0,0.33913043478260896,7,7,1.182608695652174,1.182608695652174,0.8224650513889313,3|2,2,4,8,16
haggling/fruitville,Haggling: fruitville,haggling,exact-payoff (backbone-invariant),1000,joint_psrl_uniform,7,0.0,0.33913043478260896,7,7,1.182608695652174,1.182608695652174,0.8224650513889313,3|2,2,4,8,16
haggling/fruitville,Haggling: fruitville,haggling,exact-payoff (backbone-invariant),1000,joint_psrl_uniform,8,0.0,0.33913043478260896,7,7,1.182608695652174,1.182608695652174,0.8224650513889313,3|2,2,4,8,16
haggling/fruitville,Haggling: fruitville,haggling,exact-payoff (backbone-invariant),1000,joint_psrl_uniform,9,0.0,0.33913043478260896,7,7,1.182608695652174,1.182608695652174,0.8224650513889313,3|2,2,4,8,16
haggling/fruitville,Haggling: fruitville,haggling,exact-payoff (backbone-invariant),1000,joint_psrl_uniform,10,0.0,0.33913043478260896,7,7,1.182608695652174,1.182608695652174,0.8224650513889313,3|2,2,4,8,16
haggling/fruitville,Haggling: fruitville,haggling,exact-payoff (backbone-invariant),1000,joint_psrl_uniform,11,0.0,0.33913043478260896,7,7,1.182608695652174,1.182608695652174,0.8224650513889313,3|2,2,4,8,16
haggling/fruitville,Haggling: fruitville,haggling,exact-payoff (backbone-invariant),1000,joint_psrl_uniform,12,0.0,0.33913043478260896,7,7,1.182608695652174,1.182608695652174,0.8224650513889313,3|2,2,4,8,16
haggling/fruitville,Haggling: fruitville,haggling,exact-payoff (backbone-invariant),1000,joint_psrl_uniform,13,0.156521739130435,0.49565217391304395,9,7,1.026086956521739,1.182608695652174,0.8775488607143592,3|2,2,4,8,16
haggling/fruitville,Haggling: fruitville,haggling,exact-payoff (backbone-invariant),1000,joint_psrl_uniform,14,0.0,0.49565217391304395,7,7,1.182608695652174,1.182608695652174,0.8775488607143594,3|2,2,4,8,16
haggling/fruitville,Haggling: fruitville,haggling,exact-payoff (backbone-invariant),1000,joint_psrl_uniform,15,0.0,0.49565217391304395,7,7,1.182608695652174,1.182608695652174,0.8775488607143592,3|2,2,4,8,16
haggling/fruitville,Haggling: fruitville,haggling,exact-payoff (backbone-invariant),1000,joint_psrl_uniform,16,0.0,0.49565217391304395,7,7,1.182608695652174,1.182608695652174,0.8775488607143594,3|2,2,4,8,16
haggling/fruitville,Haggling: fruitville,haggling,exact-payoff (backbone-invariant),1000,joint_psrl_uniform,17,0.0,0.49565217391304395,7,7,1.182608695652174,1.182608695652174,0.8775488607143592,3|2,2,4,8,16
haggling/fruitville,Haggling: fruitville,haggling,exact-payoff (backbone-invariant),1000,joint_psrl_uniform,18,0.0,0.49565217391304395,7,7,1.182608695652174,1.182608695652174,0.8775488607143592,3|2,2,4,8,16
haggling/fruitville,Haggling: fruitville,haggling,exact-payoff (backbone-invariant),1000,joint_psrl_uniform,19,0.0,0.49565217391304395,7,7,1.182608695652174,1.182608695652174,0.8775488607143592,3|2,2,4,8,16
haggling/fruitville,Haggling: fruitville,haggling,exact-payoff (backbone-invariant),1000,joint_psrl_uniform,20,0.0,0.49565217391304395,7,7,1.182608695652174,1.182608695652174,0.8775488607143592,3|2,2,4,8,16
haggling/fruitville,Haggling: fruitville,haggling,exact-payoff (backbone-invariant),1000,psrl_notype,1,0.0,0.0,7,7,1.182608695652174,1.182608695652174,0.0625,3|2,2,4,8,16
haggling/fruitville,Haggling: fruitville,haggling,exact-payoff (backbone-invariant),1000,psrl_notype,2,0.156521739130435,0.156521739130435,9,7,1.026086956521739,1.182608695652174,0.0625,3|2,2,4,8,16
haggling/fruitville,Haggling: fruitville,haggling,exact-payoff (backbone-invariant),1000,psrl_notype,3,0.156521739130435,0.31304347826087,9,7,1.026086956521739,1.182608695652174,0.0625,3|2,2,4,8,16
haggling/fruitville,Haggling: fruitville,haggling,exact-payoff (backbone-invariant),1000,psrl_notype,4,0.0,0.31304347826087,7,7,1.182608695652174,1.182608695652174,0.0625,3|2,2,4,8,16
haggling/fruitville,Haggling: fruitville,haggling,exact-payoff (backbone-invariant),1000,psrl_notype,5,0.0,0.31304347826087,7,7,1.182608695652174,1.182608695652174,0.0625,3|2,2,4,8,16
haggling/fruitville,Haggling: fruitville,haggling,exact-payoff (backbone-invariant),1000,psrl_notype,6,0.0,0.31304347826087,7,7,1.182608695652174,1.182608695652174,0.0625,3|2,2,4,8,16
haggling/fruitville,Haggling: fruitville,haggling,exact-payoff (backbone-invariant),1000,psrl_notype,7,0.0,0.31304347826087,7,7,1.182608695652174,1.182608695652174,0.0625,3|2,2,4,8,16
haggling/fruitville,Haggling: fruitville,haggling,exact-payoff (backbone-invariant),1000,psrl_notype,8,0.156521739130435,0.46956521739130497,9,7,1.026086956521739,1.182608695652174,0.0625,3|2,2,4,8,16
haggling/fruitville,Haggling: fruitville,haggling,exact-payoff (backbone-invariant),1000,psrl_notype,9,0.0,0.46956521739130497,7,7,1.182608695652174,1.182608695652174,0.0625,3|2,2,4,8,16
haggling/fruitville,Haggling: fruitville,haggling,exact-payoff (backbone-invariant),1000,psrl_notype,10,0.0,0.46956521739130497,7,7,1.182608695652174,1.182608695652174,0.0625,3|2,2,4,8,16
haggling/fruitville,Haggling: fruitville,haggling,exact-payoff (backbone-invariant),1000,psrl_notype,11,0.156521739130435,0.62608695652174,9,7,1.026086956521739,1.182608695652174,0.0625,3|2,2,4,8,16
haggling/fruitville,Haggling: fruitville,haggling,exact-payoff (backbone-invariant),1000,psrl_notype,12,0.156521739130435,0.782608695652175,9,7,1.026086956521739,1.182608695652174,0.0625,3|2,2,4,8,16
haggling/fruitville,Haggling: fruitville,haggling,exact-payoff (backbone-invariant),1000,psrl_notype,13,0.18260869565217397,0.9652173913043489,1,7,1.0,1.182608695652174,0.0625,3|2,2,4,8,16
haggling/fruitville,Haggling: fruitville,haggling,exact-payoff (backbone-invariant),1000,psrl_notype,14,0.156521739130435,1.121739130434784,9,7,1.026086956521739,1.182608695652174,0.0625,3|2,2,4,8,16
haggling/fruitville,Haggling: fruitville,haggling,exact-payoff (backbone-invariant),1000,psrl_notype,15,0.0,1.121739130434784,7,7,1.182608695652174,1.182608695652174,0.0625,3|2,2,4,8,16
haggling/fruitville,Haggling: fruitville,haggling,exact-payoff (backbone-invariant),1000,psrl_notype,16,0.0,1.121739130434784,7,7,1.182608695652174,1.182608695652174,0.0625,3|2,2,4,8,16
haggling/fruitville,Haggling: fruitville,haggling,exact-payoff (backbone-invariant),1000,psrl_notype,17,0.0,1.121739130434784,7,7,1.182608695652174,1.182608695652174,0.0625,3|2,2,4,8,16
haggling/fruitville,Haggling: fruitville,haggling,exact-payoff (backbone-invariant),1000,psrl_notype,18,0.156521739130435,1.278260869565219,9,7,1.026086956521739,1.182608695652174,0.0625,3|2,2,4,8,16
haggling/fruitville,Haggling: fruitville,haggling,exact-payoff (backbone-invariant),1000,psrl_notype,19,0.0,1.278260869565219,7,7,1.182608695652174,1.182608695652174,0.0625,3|2,2,4,8,16
haggling/fruitville,Haggling: fruitville,haggling,exact-payoff (backbone-invariant),1000,psrl_notype,20,0.0,1.278260869565219,7,7,1.182608695652174,1.182608695652174,0.0625,3|2,2,4,8,16
haggling/fruitville,Haggling: fruitville,haggling,exact-payoff (backbone-invariant),1000,map_type_greedy,1,0.156521739130435,0.156521739130435,9,7,1.026086956521739,1.182608695652174,0.3415236473678964,3|2,2,4,8,16
haggling/fruitville,Haggling: fruitville,haggling,exact-payoff (backbone-invariant),1000,map_type_greedy,2,0.0,0.156521739130435,7,7,1.182608695652174,1.182608695652174,0.3415236473678964,3|2,2,4,8,16
haggling/fruitville,Haggling: fruitville,haggling,exact-payoff (backbone-invariant),1000,map_type_greedy,3,0.0,0.156521739130435,7,7,1.182608695652174,1.182608695652174,0.3415236473678964,3|2,2,4,8,16
haggling/fruitville,Haggling: fruitville,haggling,exact-payoff (backbone-invariant),1000,map_type_greedy,4,0.0,0.156521739130435,7,7,1.182608695652174,1.182608695652174,0.3415236473678964,3|2,2,4,8,16
haggling/fruitville,Haggling: fruitville,haggling,exact-payoff (backbone-invariant),1000,map_type_greedy,5,0.0,0.156521739130435,7,7,1.182608695652174,1.182608695652174,0.3415236473678964,3|2,2,4,8,16
haggling/fruitville,Haggling: fruitville,haggling,exact-payoff (backbone-invariant),1000,map_type_greedy,6,0.0,0.156521739130435,7,7,1.182608695652174,1.182608695652174,0.3415236473678964,3|2,2,4,8,16
haggling/fruitville,Haggling: fruitville,haggling,exact-payoff (backbone-invariant),1000,map_type_greedy,7,0.0,0.156521739130435,7,7,1.182608695652174,1.182608695652174,0.3415236473678964,3|2,2,4,8,16
haggling/fruitville,Haggling: fruitville,haggling,exact-payoff (backbone-invariant),1000,map_type_greedy,8,0.0,0.156521739130435,7,7,1.182608695652174,1.182608695652174,0.3415236473678964,3|2,2,4,8,16
haggling/fruitville,Haggling: fruitville,haggling,exact-payoff (backbone-invariant),1000,map_type_greedy,9,0.0,0.156521739130435,7,7,1.182608695652174,1.182608695652174,0.3415236473678964,3|2,2,4,8,16
haggling/fruitville,Haggling: fruitville,haggling,exact-payoff (backbone-invariant),1000,map_type_greedy,10,0.0,0.156521739130435,7,7,1.182608695652174,1.182608695652174,0.3415236473678964,3|2,2,4,8,16
haggling/fruitville,Haggling: fruitville,haggling,exact-payoff (backbone-invariant),1000,map_type_greedy,11,0.0,0.156521739130435,7,7,1.182608695652174,1.182608695652174,0.3415236473678964,3|2,2,4,8,16
haggling/fruitville,Haggling: fruitville,haggling,exact-payoff (backbone-invariant),1000,map_type_greedy,12,0.0,0.156521739130435,7,7,1.182608695652174,1.182608695652174,0.3415236473678964,3|2,2,4,8,16
haggling/fruitville,Haggling: fruitville,haggling,exact-payoff (backbone-invariant),1000,map_type_greedy,13,0.0,0.156521739130435,7,7,1.182608695652174,1.182608695652174,0.3415236473678964,3|2,2,4,8,16
haggling/fruitville,Haggling: fruitville,haggling,exact-payoff (backbone-invariant),1000,map_type_greedy,14,0.0,0.156521739130435,7,7,1.182608695652174,1.182608695652174,0.3415236473678964,3|2,2,4,8,16
haggling/fruitville,Haggling: fruitville,haggling,exact-payoff (backbone-invariant),1000,map_type_greedy,15,0.0,0.156521739130435,7,7,1.182608695652174,1.182608695652174,0.3415236473678964,3|2,2,4,8,16
haggling/fruitville,Haggling: fruitville,haggling,exact-payoff (backbone-invariant),1000,map_type_greedy,16,0.0,0.156521739130435,7,7,1.182608695652174,1.182608695652174,0.3415236473678964,3|2,2,4,8,16
haggling/fruitville,Haggling: fruitville,haggling,exact-payoff (backbone-invariant),1000,map_type_greedy,17,0.0,0.156521739130435,7,7,1.182608695652174,1.182608695652174,0.3415236473678964,3|2,2,4,8,16
haggling/fruitville,Haggling: fruitville,haggling,exact-payoff (backbone-invariant),1000,map_type_greedy,18,0.0,0.156521739130435,7,7,1.182608695652174,1.182608695652174,0.3415236473678964,3|2,2,4,8,16
haggling/fruitville,Haggling: fruitville,haggling,exact-payoff (backbone-invariant),1000,map_type_greedy,19,0.0,0.156521739130435,7,7,1.182608695652174,1.182608695652174,0.3415236473678964,3|2,2,4,8,16
haggling/fruitville,Haggling: fruitville,haggling,exact-payoff (backbone-invariant),1000,map_type_greedy,20,0.0,0.156521739130435,7,7,1.182608695652174,1.182608695652174,0.3415236473678964,3|2,2,4,8,16
haggling/fruitville,Haggling: fruitville,haggling,exact-payoff (backbone-invariant),1000,econ_bne,1,0.060869565217391175,0.060869565217391175,5,7,1.1217391304347828,1.182608695652174,0.0625,3|2,2,4,8,16
haggling/fruitville,Haggling: fruitville,haggling,exact-payoff (backbone-invariant),1000,econ_bne,2,0.060869565217391175,0.12173913043478235,5,7,1.1217391304347828,1.182608695652174,0.0625,3|2,2,4,8,16
haggling/fruitville,Haggling: fruitville,haggling,exact-payoff (backbone-invariant),1000,econ_bne,3,0.060869565217391175,0.18260869565217352,5,7,1.1217391304347828,1.182608695652174,0.0625,3|2,2,4,8,16
haggling/fruitville,Haggling: fruitville,haggling,exact-payoff (backbone-invariant),1000,econ_bne,4,0.060869565217391175,0.2434782608695647,5,7,1.1217391304347828,1.182608695652174,0.0625,3|2,2,4,8,16
haggling/fruitville,Haggling: fruitville,haggling,exact-payoff (backbone-invariant),1000,econ_bne,5,0.060869565217391175,0.3043478260869559,5,7,1.1217391304347828,1.182608695652174,0.0625,3|2,2,4,8,16
haggling/fruitville,Haggling: fruitville,haggling,exact-payoff (backbone-invariant),1000,econ_bne,6,0.060869565217391175,0.36521739130434705,5,7,1.1217391304347828,1.182608695652174,0.0625,3|2,2,4,8,16
haggling/fruitville,Haggling: fruitville,haggling,exact-payoff (backbone-invariant),1000,econ_bne,7,0.060869565217391175,0.4260869565217382,5,7,1.1217391304347828,1.182608695652174,0.0625,3|2,2,4,8,16
haggling/fruitville,Haggling: fruitville,haggling,exact-payoff (backbone-invariant),1000,econ_bne,8,0.060869565217391175,0.4869565217391294,5,7,1.1217391304347828,1.182608695652174,0.0625,3|2,2,4,8,16
haggling/fruitville,Haggling: fruitville,haggling,exact-payoff (backbone-invariant),1000,econ_bne,9,0.060869565217391175,0.5478260869565206,5,7,1.1217391304347828,1.182608695652174,0.0625,3|2,2,4,8,16
haggling/fruitville,Haggling: fruitville,haggling,exact-payoff (backbone-invariant),1000,econ_bne,10,0.060869565217391175,0.6086956521739117,5,7,1.1217391304347828,1.182608695652174,0.0625,3|2,2,4,8,16
haggling/fruitville,Haggling: fruitville,haggling,exact-payoff (backbone-invariant),1000,econ_bne,11,0.060869565217391175,0.6695652173913029,5,7,1.1217391304347828,1.182608695652174,0.0625,3|2,2,4,8,16
haggling/fruitville,Haggling: fruitville,haggling,exact-payoff (backbone-invariant),1000,econ_bne,12,0.060869565217391175,0.7304347826086941,5,7,1.1217391304347828,1.182608695652174,0.0625,3|2,2,4,8,16
haggling/fruitville,Haggling: fruitville,haggling,exact-payoff (backbone-invariant),1000,econ_bne,13,0.060869565217391175,0.7913043478260853,5,7,1.1217391304347828,1.182608695652174,0.0625,3|2,2,4,8,16
haggling/fruitville,Haggling: fruitville,haggling,exact-payoff (backbone-invariant),1000,econ_bne,14,0.060869565217391175,0.8521739130434764,5,7,1.1217391304347828,1.182608695652174,0.0625,3|2,2,4,8,16
haggling/fruitville,Haggling: fruitville,haggling,exact-payoff (backbone-invariant),1000,econ_bne,15,0.060869565217391175,0.9130434782608676,5,7,1.1217391304347828,1.182608695652174,0.0625,3|2,2,4,8,16
haggling/fruitville,Haggling: fruitville,haggling,exact-payoff (backbone-invariant),1000,econ_bne,16,0.060869565217391175,0.9739130434782588,5,7,1.1217391304347828,1.182608695652174,0.0625,3|2,2,4,8,16
haggling/fruitville,Haggling: fruitville,haggling,exact-payoff (backbone-invariant),1000,econ_bne,17,0.060869565217391175,1.03478260869565,5,7,1.1217391304347828,1.182608695652174,0.0625,3|2,2,4,8,16
haggling/fruitville,Haggling: fruitville,haggling,exact-payoff (backbone-invariant),1000,econ_bne,18,0.060869565217391175,1.0956521739130411,5,7,1.1217391304347828,1.182608695652174,0.0625,3|2,2,4,8,16
haggling/fruitville,Haggling: fruitville,haggling,exact-payoff (backbone-invariant),1000,econ_bne,19,0.060869565217391175,1.1565217391304323,5,7,1.1217391304347828,1.182608695652174,0.0625,3|2,2,4,8,16
haggling/fruitville,Haggling: fruitville,haggling,exact-payoff (backbone-invariant),1000,econ_bne,20,0.060869565217391175,1.2173913043478235,5,7,1.1217391304347828,1.182608695652174,0.0625,3|2,2,4,8,16
haggling/fruitville,Haggling: fruitville,haggling,exact-payoff (backbone-invariant),1000,atom_tom1,1,0.12173913043478257,0.12173913043478257,3,7,1.0608695652173914,1.182608695652174,0.0625,3|2,2,4,8,16
haggling/fruitville,Haggling: fruitville,haggling,exact-payoff (backbone-invariant),1000,atom_tom1,2,0.12173913043478257,0.24347826086956514,3,7,1.0608695652173914,1.182608695652174,0.0625,3|2,2,4,8,16
haggling/fruitville,Haggling: fruitville,haggling,exact-payoff (backbone-invariant),1000,atom_tom1,3,0.12173913043478257,0.3652173913043477,3,7,1.0608695652173914,1.182608695652174,0.0625,3|2,2,4,8,16
haggling/fruitville,Haggling: fruitville,haggling,exact-payoff (backbone-invariant),1000,atom_tom1,4,0.12173913043478257,0.4869565217391303,3,7,1.0608695652173914,1.182608695652174,0.0625,3|2,2,4,8,16
haggling/fruitville,Haggling: fruitville,haggling,exact-payoff (backbone-invariant),1000,atom_tom1,5,0.12173913043478257,0.6086956521739129,3,7,1.0608695652173914,1.182608695652174,0.0625,3|2,2,4,8,16
haggling/fruitville,Haggling: fruitville,haggling,exact-payoff (backbone-invariant),1000,atom_tom1,6,0.12173913043478257,0.7304347826086954,3,7,1.0608695652173914,1.182608695652174,0.0625,3|2,2,4,8,16
haggling/fruitville,Haggling: fruitville,haggling,exact-payoff (backbone-invariant),1000,atom_tom1,7,0.12173913043478257,0.852173913043478,3,7,1.0608695652173914,1.182608695652174,0.0625,3|2,2,4,8,16
haggling/fruitville,Haggling: fruitville,haggling,exact-payoff (backbone-invariant),1000,atom_tom1,8,0.12173913043478257,0.9739130434782606,3,7,1.0608695652173914,1.182608695652174,0.0625,3|2,2,4,8,16
haggling/fruitville,Haggling: fruitville,haggling,exact-payoff (backbone-invariant),1000,atom_tom1,9,0.12173913043478257,1.0956521739130431,3,7,1.0608695652173914,1.182608695652174,0.0625,3|2,2,4,8,16
haggling/fruitville,Haggling: fruitville,haggling,exact-payoff (backbone-invariant),1000,atom_tom1,10,0.12173913043478257,1.2173913043478257,3,7,1.0608695652173914,1.182608695652174,0.0625,3|2,2,4,8,16
haggling/fruitville,Haggling: fruitville,haggling,exact-payoff (backbone-invariant),1000,atom_tom1,11,0.12173913043478257,1.3391304347826083,3,7,1.0608695652173914,1.182608695652174,0.0625,3|2,2,4,8,16
haggling/fruitville,Haggling: fruitville,haggling,exact-payoff (backbone-invariant),1000,atom_tom1,12,0.12173913043478257,1.4608695652173909,3,7,1.0608695652173914,1.182608695652174,0.0625,3|2,2,4,8,16
haggling/fruitville,Haggling: fruitville,haggling,exact-payoff (backbone-invariant),1000,atom_tom1,13,0.12173913043478257,1.5826086956521734,3,7,1.0608695652173914,1.182608695652174,0.0625,3|2,2,4,8,16
haggling/fruitville,Haggling: fruitville,haggling,exact-payoff (backbone-invariant),1000,atom_tom1,14,0.12173913043478257,1.704347826086956,3,7,1.0608695652173914,1.182608695652174,0.0625,3|2,2,4,8,16
haggling/fruitville,Haggling: fruitville,haggling,exact-payoff (backbone-invariant),1000,atom_tom1,15,0.12173913043478257,1.8260869565217386,3,7,1.0608695652173914,1.182608695652174,0.0625,3|2,2,4,8,16
haggling/fruitville,Haggling: fruitville,haggling,exact-payoff (backbone-invariant),1000,atom_tom1,16,0.12173913043478257,1.9478260869565212,3,7,1.0608695652173914,1.182608695652174,0.0625,3|2,2,4,8,16
haggling/fruitville,Haggling: fruitville,haggling,exact-payoff (backbone-invariant),1000,atom_tom1,17,0.12173913043478257,2.069565217391304,3,7,1.0608695652173914,1.182608695652174,0.0625,3|2,2,4,8,16
haggling/fruitville,Haggling: fruitville,haggling,exact-payoff (backbone-invariant),1000,atom_tom1,18,0.12173913043478257,2.1913043478260867,3,7,1.0608695652173914,1.182608695652174,0.0625,3|2,2,4,8,16
haggling/fruitville,Haggling: fruitville,haggling,exact-payoff (backbone-invariant),1000,atom_tom1,19,0.12173913043478257,2.3130434782608695,3,7,1.0608695652173914,1.182608695652174,0.0625,3|2,2,4,8,16
haggling/fruitville,Haggling: fruitville,haggling,exact-payoff (backbone-invariant),1000,atom_tom1,20,0.12173913043478257,2.4347826086956523,3,7,1.0608695652173914,1.182608695652174,0.0625,3|2,2,4,8,16
haggling/fruitville,Haggling: fruitville,haggling,exact-payoff (backbone-invariant),1000,random,1,0.12173913043478257,0.12173913043478257,3,7,1.0608695652173914,1.182608695652174,0.0625,3|2,2,4,8,16
haggling/fruitville,Haggling: fruitville,haggling,exact-payoff (backbone-invariant),1000,random,2,0.060869565217391175,0.18260869565217375,5,7,1.1217391304347828,1.182608695652174,0.0625,3|2,2,4,8,16
haggling/fruitville,Haggling: fruitville,haggling,exact-payoff (backbone-invariant),1000,random,3,0.8347826086956522,1.017391304347826,8,7,0.3478260869565218,1.182608695652174,0.0625,3|2,2,4,8,16
haggling/fruitville,Haggling: fruitville,haggling,exact-payoff (backbone-invariant),1000,random,4,0.0,1.017391304347826,7,7,1.182608695652174,1.182608695652174,0.0625,3|2,2,4,8,16
haggling/fruitville,Haggling: fruitville,haggling,exact-payoff (backbone-invariant),1000,random,5,0.8347826086956522,1.8521739130434782,6,7,0.3478260869565218,1.182608695652174,0.0625,3|2,2,4,8,16
haggling/fruitville,Haggling: fruitville,haggling,exact-payoff (backbone-invariant),1000,random,6,0.0,1.8521739130434782,7,7,1.182608695652174,1.182608695652174,0.0625,3|2,2,4,8,16
haggling/fruitville,Haggling: fruitville,haggling,exact-payoff (backbone-invariant),1000,random,7,0.8347826086956522,2.6869565217391305,0,7,0.3478260869565218,1.182608695652174,0.0625,3|2,2,4,8,16
haggling/fruitville,Haggling: fruitville,haggling,exact-payoff (backbone-invariant),1000,random,8,0.8347826086956522,3.5217391304347827,8,7,0.3478260869565218,1.182608695652174,0.0625,3|2,2,4,8,16
haggling/fruitville,Haggling: fruitville,haggling,exact-payoff (backbone-invariant),1000,random,9,0.8347826086956522,4.356521739130435,6,7,0.3478260869565218,1.182608695652174,0.0625,3|2,2,4,8,16
haggling/fruitville,Haggling: fruitville,haggling,exact-payoff (backbone-invariant),1000,random,10,0.8347826086956522,5.191304347826087,2,7,0.3478260869565218,1.182608695652174,0.0625,3|2,2,4,8,16
haggling/fruitville,Haggling: fruitville,haggling,exact-payoff (backbone-invariant),1000,random,11,0.8347826086956522,6.026086956521739,4,7,0.3478260869565218,1.182608695652174,0.0625,3|2,2,4,8,16
haggling/fruitville,Haggling: fruitville,haggling,exact-payoff (backbone-invariant),1000,random,12,0.8347826086956522,6.860869565217392,4,7,0.3478260869565218,1.182608695652174,0.0625,3|2,2,4,8,16
haggling/fruitville,Haggling: fruitville,haggling,exact-payoff (backbone-invariant),1000,random,13,0.8347826086956522,7.695652173913045,4,7,0.3478260869565218,1.182608695652174,0.0625,3|2,2,4,8,16
haggling/fruitville,Haggling: fruitville,haggling,exact-payoff (backbone-invariant),1000,random,14,0.8347826086956522,8.530434782608697,8,7,0.3478260869565218,1.182608695652174,0.0625,3|2,2,4,8,16
haggling/fruitville,Haggling: fruitville,haggling,exact-payoff (backbone-invariant),1000,random,15,0.156521739130435,8.686956521739132,9,7,1.026086956521739,1.182608695652174,0.0625,3|2,2,4,8,16
haggling/fruitville,Haggling: fruitville,haggling,exact-payoff (backbone-invariant),1000,random,16,0.8347826086956522,9.521739130434785,6,7,0.3478260869565218,1.182608695652174,0.0625,3|2,2,4,8,16
haggling/fruitville,Haggling: fruitville,haggling,exact-payoff (backbone-invariant),1000,random,17,0.8347826086956522,10.356521739130438,4,7,0.3478260869565218,1.182608695652174,0.0625,3|2,2,4,8,16
haggling/fruitville,Haggling: fruitville,haggling,exact-payoff (backbone-invariant),1000,random,18,0.8347826086956522,11.19130434782609,8,7,0.3478260869565218,1.182608695652174,0.0625,3|2,2,4,8,16
haggling/fruitville,Haggling: fruitville,haggling,exact-payoff (backbone-invariant),1000,random,19,0.156521739130435,11.347826086956525,9,7,1.026086956521739,1.182608695652174,0.0625,3|2,2,4,8,16
haggling/fruitville,Haggling: fruitville,haggling,exact-payoff (backbone-invariant),1000,random,20,0.18260869565217397,11.5304347826087,1,7,1.0,1.182608695652174,0.0625,3|2,2,4,8,16
haggling/vegbrooke,Haggling: vegbrooke,haggling,exact-payoff (backbone-invariant),1000,pact,1,0.5095607235142121,0.5095607235142121,9,0,0.8031007751937982,1.3126614987080103,0.3958674276704185,3|2,2,4,8,16
haggling/vegbrooke,Haggling: vegbrooke,haggling,exact-payoff (backbone-invariant),1000,pact,2,0.0,0.5095607235142121,0,0,1.3126614987080103,1.3126614987080103,0.3958674276704185,3|2,2,4,8,16
haggling/vegbrooke,Haggling: vegbrooke,haggling,exact-payoff (backbone-invariant),1000,pact,3,0.0,0.5095607235142121,0,0,1.3126614987080103,1.3126614987080103,0.3958674276704185,3|2,2,4,8,16
haggling/vegbrooke,Haggling: vegbrooke,haggling,exact-payoff (backbone-invariant),1000,pact,4,0.3126614987080103,0.8222222222222224,1,0,1.0,1.3126614987080103,0.9244969717773734,3|2,2,4,8,16
haggling/vegbrooke,Haggling: vegbrooke,haggling,exact-payoff (backbone-invariant),1000,pact,5,0.0,0.8222222222222224,0,0,1.3126614987080103,1.3126614987080103,0.9244969717773734,3|2,2,4,8,16
haggling/vegbrooke,Haggling: vegbrooke,haggling,exact-payoff (backbone-invariant),1000,pact,6,0.0,0.8222222222222224,0,0,1.3126614987080103,1.3126614987080103,0.9244969717773734,3|2,2,4,8,16
haggling/vegbrooke,Haggling: vegbrooke,haggling,exact-payoff (backbone-invariant),1000,pact,7,0.0,0.8222222222222224,0,0,1.3126614987080103,1.3126614987080103,0.9244969717773734,3|2,2,4,8,16
haggling/vegbrooke,Haggling: vegbrooke,haggling,exact-payoff (backbone-invariant),1000,pact,8,0.0,0.8222222222222224,0,0,1.3126614987080103,1.3126614987080103,0.9244969717773734,3|2,2,4,8,16
haggling/vegbrooke,Haggling: vegbrooke,haggling,exact-payoff (backbone-invariant),1000,pact,9,0.0,0.8222222222222224,0,0,1.3126614987080103,1.3126614987080103,0.9244969717773734,3|2,2,4,8,16
haggling/vegbrooke,Haggling: vegbrooke,haggling,exact-payoff (backbone-invariant),1000,pact,10,0.0,0.8222222222222224,0,0,1.3126614987080103,1.3126614987080103,0.9244969717773734,3|2,2,4,8,16
haggling/vegbrooke,Haggling: vegbrooke,haggling,exact-payoff (backbone-invariant),1000,pact,11,0.0,0.8222222222222224,0,0,1.3126614987080103,1.3126614987080103,0.9244969717773734,3|2,2,4,8,16
haggling/vegbrooke,Haggling: vegbrooke,haggling,exact-payoff (backbone-invariant),1000,pact,12,0.0,0.8222222222222224,0,0,1.3126614987080103,1.3126614987080103,0.9244969717773734,3|2,2,4,8,16
haggling/vegbrooke,Haggling: vegbrooke,haggling,exact-payoff (backbone-invariant),1000,pact,13,0.0,0.8222222222222224,0,0,1.3126614987080103,1.3126614987080103,0.9244969717773734,3|2,2,4,8,16
haggling/vegbrooke,Haggling: vegbrooke,haggling,exact-payoff (backbone-invariant),1000,pact,14,0.0,0.8222222222222224,0,0,1.3126614987080103,1.3126614987080103,0.9244969717773734,3|2,2,4,8,16
haggling/vegbrooke,Haggling: vegbrooke,haggling,exact-payoff (backbone-invariant),1000,pact,15,0.0,0.8222222222222224,0,0,1.3126614987080103,1.3126614987080103,0.9244969717773734,3|2,2,4,8,16
haggling/vegbrooke,Haggling: vegbrooke,haggling,exact-payoff (backbone-invariant),1000,pact,16,0.0,0.8222222222222224,0,0,1.3126614987080103,1.3126614987080103,0.9244969717773734,3|2,2,4,8,16
haggling/vegbrooke,Haggling: vegbrooke,haggling,exact-payoff (backbone-invariant),1000,pact,17,0.0,0.8222222222222224,0,0,1.3126614987080103,1.3126614987080103,0.9244969717773734,3|2,2,4,8,16
haggling/vegbrooke,Haggling: vegbrooke,haggling,exact-payoff (backbone-invariant),1000,pact,18,0.0,0.8222222222222224,0,0,1.3126614987080103,1.3126614987080103,0.9244969717773734,3|2,2,4,8,16
haggling/vegbrooke,Haggling: vegbrooke,haggling,exact-payoff (backbone-invariant),1000,pact,19,0.0,0.8222222222222224,0,0,1.3126614987080103,1.3126614987080103,0.9244969717773734,3|2,2,4,8,16
haggling/vegbrooke,Haggling: vegbrooke,haggling,exact-payoff (backbone-invariant),1000,pact,20,0.0,0.8222222222222224,0,0,1.3126614987080103,1.3126614987080103,0.9244969717773734,3|2,2,4,8,16
haggling/vegbrooke,Haggling: vegbrooke,haggling,exact-payoff (backbone-invariant),1000,pact_plus,1,0.5095607235142121,0.5095607235142121,9,0,0.8031007751937982,1.3126614987080103,0.3958674276704185,3|2,2,4,8,16
haggling/vegbrooke,Haggling: vegbrooke,haggling,exact-payoff (backbone-invariant),1000,pact_plus,2,0.0,0.5095607235142121,0,0,1.3126614987080103,1.3126614987080103,0.3958674276704185,3|2,2,4,8,16
haggling/vegbrooke,Haggling: vegbrooke,haggling,exact-payoff (backbone-invariant),1000,pact_plus,3,0.0,0.5095607235142121,0,0,1.3126614987080103,1.3126614987080103,0.3958674276704185,3|2,2,4,8,16
haggling/vegbrooke,Haggling: vegbrooke,haggling,exact-payoff (backbone-invariant),1000,pact_plus,4,0.3126614987080103,0.8222222222222224,1,0,1.0,1.3126614987080103,0.9244969717773734,3|2,2,4,8,16
haggling/vegbrooke,Haggling: vegbrooke,haggling,exact-payoff (backbone-invariant),1000,pact_plus,5,0.0,0.8222222222222224,0,0,1.3126614987080103,1.3126614987080103,0.9244969717773734,3|2,2,4,8,16
haggling/vegbrooke,Haggling: vegbrooke,haggling,exact-payoff (backbone-invariant),1000,pact_plus,6,0.0,0.8222222222222224,0,0,1.3126614987080103,1.3126614987080103,0.9244969717773734,3|2,2,4,8,16
haggling/vegbrooke,Haggling: vegbrooke,haggling,exact-payoff (backbone-invariant),1000,pact_plus,7,0.0,0.8222222222222224,0,0,1.3126614987080103,1.3126614987080103,0.9244969717773734,3|2,2,4,8,16
haggling/vegbrooke,Haggling: vegbrooke,haggling,exact-payoff (backbone-invariant),1000,pact_plus,8,0.0,0.8222222222222224,0,0,1.3126614987080103,1.3126614987080103,0.9244969717773734,3|2,2,4,8,16
haggling/vegbrooke,Haggling: vegbrooke,haggling,exact-payoff (backbone-invariant),1000,pact_plus,9,0.0,0.8222222222222224,0,0,1.3126614987080103,1.3126614987080103,0.9244969717773734,3|2,2,4,8,16
haggling/vegbrooke,Haggling: vegbrooke,haggling,exact-payoff (backbone-invariant),1000,pact_plus,10,0.0,0.8222222222222224,0,0,1.3126614987080103,1.3126614987080103,0.9244969717773734,3|2,2,4,8,16
haggling/vegbrooke,Haggling: vegbrooke,haggling,exact-payoff (backbone-invariant),1000,pact_plus,11,0.0,0.8222222222222224,0,0,1.3126614987080103,1.3126614987080103,0.9244969717773734,3|2,2,4,8,16
haggling/vegbrooke,Haggling: vegbrooke,haggling,exact-payoff (backbone-invariant),1000,pact_plus,12,0.0,0.8222222222222224,0,0,1.3126614987080103,1.3126614987080103,0.9244969717773734,3|2,2,4,8,16
haggling/vegbrooke,Haggling: vegbrooke,haggling,exact-payoff (backbone-invariant),1000,pact_plus,13,0.0,0.8222222222222224,0,0,1.3126614987080103,1.3126614987080103,0.9244969717773734,3|2,2,4,8,16
haggling/vegbrooke,Haggling: vegbrooke,haggling,exact-payoff (backbone-invariant),1000,pact_plus,14,0.0,0.8222222222222224,0,0,1.3126614987080103,1.3126614987080103,0.9244969717773734,3|2,2,4,8,16
haggling/vegbrooke,Haggling: vegbrooke,haggling,exact-payoff (backbone-invariant),1000,pact_plus,15,0.0,0.8222222222222224,0,0,1.3126614987080103,1.3126614987080103,0.9244969717773734,3|2,2,4,8,16
haggling/vegbrooke,Haggling: vegbrooke,haggling,exact-payoff (backbone-invariant),1000,pact_plus,16,0.0,0.8222222222222224,0,0,1.3126614987080103,1.3126614987080103,0.9244969717773734,3|2,2,4,8,16
haggling/vegbrooke,Haggling: vegbrooke,haggling,exact-payoff (backbone-invariant),1000,pact_plus,17,0.0,0.8222222222222224,0,0,1.3126614987080103,1.3126614987080103,0.9244969717773734,3|2,2,4,8,16
haggling/vegbrooke,Haggling: vegbrooke,haggling,exact-payoff (backbone-invariant),1000,pact_plus,18,0.0,0.8222222222222224,0,0,1.3126614987080103,1.3126614987080103,0.9244969717773734,3|2,2,4,8,16
haggling/vegbrooke,Haggling: vegbrooke,haggling,exact-payoff (backbone-invariant),1000,pact_plus,19,0.0,0.8222222222222224,0,0,1.3126614987080103,1.3126614987080103,0.9244969717773734,3|2,2,4,8,16
haggling/vegbrooke,Haggling: vegbrooke,haggling,exact-payoff (backbone-invariant),1000,pact_plus,20,0.0,0.8222222222222224,0,0,1.3126614987080103,1.3126614987080103,0.9244969717773734,3|2,2,4,8,16
haggling/vegbrooke,Haggling: vegbrooke,haggling,exact-payoff (backbone-invariant),1000,joint_psrl_uniform,1,0.0,0.0,0,0,1.3126614987080103,1.3126614987080103,0.0625,3|2,2,4,8,16
haggling/vegbrooke,Haggling: vegbrooke,haggling,exact-payoff (backbone-invariant),1000,joint_psrl_uniform,2,0.5095607235142121,0.5095607235142121,9,0,0.8031007751937982,1.3126614987080103,0.15610802508844987,3|2,2,4,8,16
haggling/vegbrooke,Haggling: vegbrooke,haggling,exact-payoff (backbone-invariant),1000,joint_psrl_uniform,3,0.3126614987080103,0.8222222222222224,1,0,1.0,1.3126614987080103,0.8491968559916937,3|2,2,4,8,16
haggling/vegbrooke,Haggling: vegbrooke,haggling,exact-payoff (backbone-invariant),1000,joint_psrl_uniform,4,0.0,0.8222222222222224,0,0,1.3126614987080103,1.3126614987080103,0.8491968559916937,3|2,2,4,8,16
haggling/vegbrooke,Haggling: vegbrooke,haggling,exact-payoff (backbone-invariant),1000,joint_psrl_uniform,5,0.0,0.8222222222222224,0,0,1.3126614987080103,1.3126614987080103,0.8491968559916937,3|2,2,4,8,16
haggling/vegbrooke,Haggling: vegbrooke,haggling,exact-payoff (backbone-invariant),1000,joint_psrl_uniform,6,0.0,0.8222222222222224,0,0,1.3126614987080103,1.3126614987080103,0.8491968559916937,3|2,2,4,8,16
haggling/vegbrooke,Haggling: vegbrooke,haggling,exact-payoff (backbone-invariant),1000,joint_psrl_uniform,7,0.0,0.8222222222222224,0,0,1.3126614987080103,1.3126614987080103,0.8491968559916937,3|2,2,4,8,16
haggling/vegbrooke,Haggling: vegbrooke,haggling,exact-payoff (backbone-invariant),1000,joint_psrl_uniform,8,0.0,0.8222222222222224,0,0,1.3126614987080103,1.3126614987080103,0.8491968559916937,3|2,2,4,8,16
haggling/vegbrooke,Haggling: vegbrooke,haggling,exact-payoff (backbone-invariant),1000,joint_psrl_uniform,9,0.0,0.8222222222222224,0,0,1.3126614987080103,1.3126614987080103,0.8491968559916937,3|2,2,4,8,16
haggling/vegbrooke,Haggling: vegbrooke,haggling,exact-payoff (backbone-invariant),1000,joint_psrl_uniform,10,0.0,0.8222222222222224,0,0,1.3126614987080103,1.3126614987080103,0.8491968559916937,3|2,2,4,8,16
haggling/vegbrooke,Haggling: vegbrooke,haggling,exact-payoff (backbone-invariant),1000,joint_psrl_uniform,11,0.0,0.8222222222222224,0,0,1.3126614987080103,1.3126614987080103,0.8491968559916937,3|2,2,4,8,16
haggling/vegbrooke,Haggling: vegbrooke,haggling,exact-payoff (backbone-invariant),1000,joint_psrl_uniform,12,0.0,0.8222222222222224,0,0,1.3126614987080103,1.3126614987080103,0.8491968559916937,3|2,2,4,8,16
haggling/vegbrooke,Haggling: vegbrooke,haggling,exact-payoff (backbone-invariant),1000,joint_psrl_uniform,13,0.0,0.8222222222222224,0,0,1.3126614987080103,1.3126614987080103,0.8491968559916937,3|2,2,4,8,16
haggling/vegbrooke,Haggling: vegbrooke,haggling,exact-payoff (backbone-invariant),1000,joint_psrl_uniform,14,0.0,0.8222222222222224,0,0,1.3126614987080103,1.3126614987080103,0.8491968559916937,3|2,2,4,8,16
haggling/vegbrooke,Haggling: vegbrooke,haggling,exact-payoff (backbone-invariant),1000,joint_psrl_uniform,15,0.0,0.8222222222222224,0,0,1.3126614987080103,1.3126614987080103,0.8491968559916937,3|2,2,4,8,16
haggling/vegbrooke,Haggling: vegbrooke,haggling,exact-payoff (backbone-invariant),1000,joint_psrl_uniform,16,0.0,0.8222222222222224,0,0,1.3126614987080103,1.3126614987080103,0.8491968559916937,3|2,2,4,8,16
haggling/vegbrooke,Haggling: vegbrooke,haggling,exact-payoff (backbone-invariant),1000,joint_psrl_uniform,17,0.0,0.8222222222222224,0,0,1.3126614987080103,1.3126614987080103,0.8491968559916937,3|2,2,4,8,16
haggling/vegbrooke,Haggling: vegbrooke,haggling,exact-payoff (backbone-invariant),1000,joint_psrl_uniform,18,0.0,0.8222222222222224,0,0,1.3126614987080103,1.3126614987080103,0.8491968559916937,3|2,2,4,8,16
haggling/vegbrooke,Haggling: vegbrooke,haggling,exact-payoff (backbone-invariant),1000,joint_psrl_uniform,19,0.0,0.8222222222222224,0,0,1.3126614987080103,1.3126614987080103,0.8491968559916937,3|2,2,4,8,16
haggling/vegbrooke,Haggling: vegbrooke,haggling,exact-payoff (backbone-invariant),1000,joint_psrl_uniform,20,0.0,0.8222222222222224,0,0,1.3126614987080103,1.3126614987080103,0.8491968559916937,3|2,2,4,8,16
haggling/vegbrooke,Haggling: vegbrooke,haggling,exact-payoff (backbone-invariant),1000,psrl_notype,1,0.0,0.0,0,0,1.3126614987080103,1.3126614987080103,0.0625,3|2,2,4,8,16
haggling/vegbrooke,Haggling: vegbrooke,haggling,exact-payoff (backbone-invariant),1000,psrl_notype,2,0.0,0.0,0,0,1.3126614987080103,1.3126614987080103,0.0625,3|2,2,4,8,16
haggling/vegbrooke,Haggling: vegbrooke,haggling,exact-payoff (backbone-invariant),1000,psrl_notype,3,0.0,0.0,0,0,1.3126614987080103,1.3126614987080103,0.0625,3|2,2,4,8,16
haggling/vegbrooke,Haggling: vegbrooke,haggling,exact-payoff (backbone-invariant),1000,psrl_notype,4,0.0,0.0,0,0,1.3126614987080103,1.3126614987080103,0.0625,3|2,2,4,8,16
haggling/vegbrooke,Haggling: vegbrooke,haggling,exact-payoff (backbone-invariant),1000,psrl_notype,5,0.0,0.0,0,0,1.3126614987080103,1.3126614987080103,0.0625,3|2,2,4,8,16
haggling/vegbrooke,Haggling: vegbrooke,haggling,exact-payoff (backbone-invariant),1000,psrl_notype,6,0.0,0.0,0,0,1.3126614987080103,1.3126614987080103,0.0625,3|2,2,4,8,16
haggling/vegbrooke,Haggling: vegbrooke,haggling,exact-payoff (backbone-invariant),1000,psrl_notype,7,0.0,0.0,0,0,1.3126614987080103,1.3126614987080103,0.0625,3|2,2,4,8,16
haggling/vegbrooke,Haggling: vegbrooke,haggling,exact-payoff (backbone-invariant),1000,psrl_notype,8,0.0,0.0,0,0,1.3126614987080103,1.3126614987080103,0.0625,3|2,2,4,8,16
haggling/vegbrooke,Haggling: vegbrooke,haggling,exact-payoff (backbone-invariant),1000,psrl_notype,9,0.0,0.0,0,0,1.3126614987080103,1.3126614987080103,0.0625,3|2,2,4,8,16
haggling/vegbrooke,Haggling: vegbrooke,haggling,exact-payoff (backbone-invariant),1000,psrl_notype,10,0.0,0.0,0,0,1.3126614987080103,1.3126614987080103,0.0625,3|2,2,4,8,16
haggling/vegbrooke,Haggling: vegbrooke,haggling,exact-payoff (backbone-invariant),1000,psrl_notype,11,0.0,0.0,0,0,1.3126614987080103,1.3126614987080103,0.0625,3|2,2,4,8,16
haggling/vegbrooke,Haggling: vegbrooke,haggling,exact-payoff (backbone-invariant),1000,psrl_notype,12,0.5095607235142121,0.5095607235142121,9,0,0.8031007751937982,1.3126614987080103,0.0625,3|2,2,4,8,16
haggling/vegbrooke,Haggling: vegbrooke,haggling,exact-payoff (backbone-invariant),1000,psrl_notype,13,0.3126614987080103,0.8222222222222224,1,0,1.0,1.3126614987080103,0.0625,3|2,2,4,8,16
haggling/vegbrooke,Haggling: vegbrooke,haggling,exact-payoff (backbone-invariant),1000,psrl_notype,14,0.5095607235142121,1.3317829457364345,9,0,0.8031007751937982,1.3126614987080103,0.0625,3|2,2,4,8,16
haggling/vegbrooke,Haggling: vegbrooke,haggling,exact-payoff (backbone-invariant),1000,psrl_notype,15,0.0,1.3317829457364345,0,0,1.3126614987080103,1.3126614987080103,0.0625,3|2,2,4,8,16
haggling/vegbrooke,Haggling: vegbrooke,haggling,exact-payoff (backbone-invariant),1000,psrl_notype,16,0.0,1.3317829457364345,0,0,1.3126614987080103,1.3126614987080103,0.0625,3|2,2,4,8,16
haggling/vegbrooke,Haggling: vegbrooke,haggling,exact-payoff (backbone-invariant),1000,psrl_notype,17,0.0,1.3317829457364345,0,0,1.3126614987080103,1.3126614987080103,0.0625,3|2,2,4,8,16
haggling/vegbrooke,Haggling: vegbrooke,haggling,exact-payoff (backbone-invariant),1000,psrl_notype,18,0.0,1.3317829457364345,0,0,1.3126614987080103,1.3126614987080103,0.0625,3|2,2,4,8,16
haggling/vegbrooke,Haggling: vegbrooke,haggling,exact-payoff (backbone-invariant),1000,psrl_notype,19,0.0,1.3317829457364345,0,0,1.3126614987080103,1.3126614987080103,0.0625,3|2,2,4,8,16
haggling/vegbrooke,Haggling: vegbrooke,haggling,exact-payoff (backbone-invariant),1000,psrl_notype,20,0.0,1.3317829457364345,0,0,1.3126614987080103,1.3126614987080103,0.0625,3|2,2,4,8,16
haggling/vegbrooke,Haggling: vegbrooke,haggling,exact-payoff (backbone-invariant),1000,map_type_greedy,1,0.0,0.0,0,0,1.3126614987080103,1.3126614987080103,0.25,3|2,2,4,8,16
haggling/vegbrooke,Haggling: vegbrooke,haggling,exact-payoff (backbone-invariant),1000,map_type_greedy,2,0.0,0.0,0,0,1.3126614987080103,1.3126614987080103,0.25,3|2,2,4,8,16
haggling/vegbrooke,Haggling: vegbrooke,haggling,exact-payoff (backbone-invariant),1000,map_type_greedy,3,0.0,0.0,0,0,1.3126614987080103,1.3126614987080103,0.25,3|2,2,4,8,16
haggling/vegbrooke,Haggling: vegbrooke,haggling,exact-payoff (backbone-invariant),1000,map_type_greedy,4,0.0,0.0,0,0,1.3126614987080103,1.3126614987080103,0.25,3|2,2,4,8,16
haggling/vegbrooke,Haggling: vegbrooke,haggling,exact-payoff (backbone-invariant),1000,map_type_greedy,5,0.0,0.0,0,0,1.3126614987080103,1.3126614987080103,0.25,3|2,2,4,8,16
haggling/vegbrooke,Haggling: vegbrooke,haggling,exact-payoff (backbone-invariant),1000,map_type_greedy,6,0.0,0.0,0,0,1.3126614987080103,1.3126614987080103,0.25,3|2,2,4,8,16
haggling/vegbrooke,Haggling: vegbrooke,haggling,exact-payoff (backbone-invariant),1000,map_type_greedy,7,0.0,0.0,0,0,1.3126614987080103,1.3126614987080103,0.25,3|2,2,4,8,16
haggling/vegbrooke,Haggling: vegbrooke,haggling,exact-payoff (backbone-invariant),1000,map_type_greedy,8,0.0,0.0,0,0,1.3126614987080103,1.3126614987080103,0.25,3|2,2,4,8,16
haggling/vegbrooke,Haggling: vegbrooke,haggling,exact-payoff (backbone-invariant),1000,map_type_greedy,9,0.0,0.0,0,0,1.3126614987080103,1.3126614987080103,0.25,3|2,2,4,8,16
haggling/vegbrooke,Haggling: vegbrooke,haggling,exact-payoff (backbone-invariant),1000,map_type_greedy,10,0.0,0.0,0,0,1.3126614987080103,1.3126614987080103,0.25,3|2,2,4,8,16
haggling/vegbrooke,Haggling: vegbrooke,haggling,exact-payoff (backbone-invariant),1000,map_type_greedy,11,0.0,0.0,0,0,1.3126614987080103,1.3126614987080103,0.25,3|2,2,4,8,16
haggling/vegbrooke,Haggling: vegbrooke,haggling,exact-payoff (backbone-invariant),1000,map_type_greedy,12,0.0,0.0,0,0,1.3126614987080103,1.3126614987080103,0.25,3|2,2,4,8,16
haggling/vegbrooke,Haggling: vegbrooke,haggling,exact-payoff (backbone-invariant),1000,map_type_greedy,13,0.0,0.0,0,0,1.3126614987080103,1.3126614987080103,0.25,3|2,2,4,8,16
haggling/vegbrooke,Haggling: vegbrooke,haggling,exact-payoff (backbone-invariant),1000,map_type_greedy,14,0.0,0.0,0,0,1.3126614987080103,1.3126614987080103,0.25,3|2,2,4,8,16
haggling/vegbrooke,Haggling: vegbrooke,haggling,exact-payoff (backbone-invariant),1000,map_type_greedy,15,0.0,0.0,0,0,1.3126614987080103,1.3126614987080103,0.25,3|2,2,4,8,16
haggling/vegbrooke,Haggling: vegbrooke,haggling,exact-payoff (backbone-invariant),1000,map_type_greedy,16,0.0,0.0,0,0,1.3126614987080103,1.3126614987080103,0.25,3|2,2,4,8,16
haggling/vegbrooke,Haggling: vegbrooke,haggling,exact-payoff (backbone-invariant),1000,map_type_greedy,17,0.0,0.0,0,0,1.3126614987080103,1.3126614987080103,0.25,3|2,2,4,8,16
haggling/vegbrooke,Haggling: vegbrooke,haggling,exact-payoff (backbone-invariant),1000,map_type_greedy,18,0.0,0.0,0,0,1.3126614987080103,1.3126614987080103,0.25,3|2,2,4,8,16
haggling/vegbrooke,Haggling: vegbrooke,haggling,exact-payoff (backbone-invariant),1000,map_type_greedy,19,0.0,0.0,0,0,1.3126614987080103,1.3126614987080103,0.25,3|2,2,4,8,16
haggling/vegbrooke,Haggling: vegbrooke,haggling,exact-payoff (backbone-invariant),1000,map_type_greedy,20,0.0,0.0,0,0,1.3126614987080103,1.3126614987080103,0.25,3|2,2,4,8,16
haggling/vegbrooke,Haggling: vegbrooke,haggling,exact-payoff (backbone-invariant),1000,econ_bne,1,0.0,0.0,4,0,1.3126614987080103,1.3126614987080103,0.0625,3|2,2,4,8,16
haggling/vegbrooke,Haggling: vegbrooke,haggling,exact-payoff (backbone-invariant),1000,econ_bne,2,0.0,0.0,4,0,1.3126614987080103,1.3126614987080103,0.0625,3|2,2,4,8,16
haggling/vegbrooke,Haggling: vegbrooke,haggling,exact-payoff (backbone-invariant),1000,econ_bne,3,0.0,0.0,4,0,1.3126614987080103,1.3126614987080103,0.0625,3|2,2,4,8,16
haggling/vegbrooke,Haggling: vegbrooke,haggling,exact-payoff (backbone-invariant),1000,econ_bne,4,0.0,0.0,4,0,1.3126614987080103,1.3126614987080103,0.0625,3|2,2,4,8,16
haggling/vegbrooke,Haggling: vegbrooke,haggling,exact-payoff (backbone-invariant),1000,econ_bne,5,0.0,0.0,4,0,1.3126614987080103,1.3126614987080103,0.0625,3|2,2,4,8,16
haggling/vegbrooke,Haggling: vegbrooke,haggling,exact-payoff (backbone-invariant),1000,econ_bne,6,0.0,0.0,4,0,1.3126614987080103,1.3126614987080103,0.0625,3|2,2,4,8,16
haggling/vegbrooke,Haggling: vegbrooke,haggling,exact-payoff (backbone-invariant),1000,econ_bne,7,0.0,0.0,4,0,1.3126614987080103,1.3126614987080103,0.0625,3|2,2,4,8,16
haggling/vegbrooke,Haggling: vegbrooke,haggling,exact-payoff (backbone-invariant),1000,econ_bne,8,0.0,0.0,4,0,1.3126614987080103,1.3126614987080103,0.0625,3|2,2,4,8,16
haggling/vegbrooke,Haggling: vegbrooke,haggling,exact-payoff (backbone-invariant),1000,econ_bne,9,0.0,0.0,4,0,1.3126614987080103,1.3126614987080103,0.0625,3|2,2,4,8,16
haggling/vegbrooke,Haggling: vegbrooke,haggling,exact-payoff (backbone-invariant),1000,econ_bne,10,0.0,0.0,4,0,1.3126614987080103,1.3126614987080103,0.0625,3|2,2,4,8,16
haggling/vegbrooke,Haggling: vegbrooke,haggling,exact-payoff (backbone-invariant),1000,econ_bne,11,0.0,0.0,4,0,1.3126614987080103,1.3126614987080103,0.0625,3|2,2,4,8,16
haggling/vegbrooke,Haggling: vegbrooke,haggling,exact-payoff (backbone-invariant),1000,econ_bne,12,0.0,0.0,4,0,1.3126614987080103,1.3126614987080103,0.0625,3|2,2,4,8,16
haggling/vegbrooke,Haggling: vegbrooke,haggling,exact-payoff (backbone-invariant),1000,econ_bne,13,0.0,0.0,4,0,1.3126614987080103,1.3126614987080103,0.0625,3|2,2,4,8,16
haggling/vegbrooke,Haggling: vegbrooke,haggling,exact-payoff (backbone-invariant),1000,econ_bne,14,0.0,0.0,4,0,1.3126614987080103,1.3126614987080103,0.0625,3|2,2,4,8,16
haggling/vegbrooke,Haggling: vegbrooke,haggling,exact-payoff (backbone-invariant),1000,econ_bne,15,0.0,0.0,4,0,1.3126614987080103,1.3126614987080103,0.0625,3|2,2,4,8,16
haggling/vegbrooke,Haggling: vegbrooke,haggling,exact-payoff (backbone-invariant),1000,econ_bne,16,0.0,0.0,4,0,1.3126614987080103,1.3126614987080103,0.0625,3|2,2,4,8,16
haggling/vegbrooke,Haggling: vegbrooke,haggling,exact-payoff (backbone-invariant),1000,econ_bne,17,0.0,0.0,4,0,1.3126614987080103,1.3126614987080103,0.0625,3|2,2,4,8,16
haggling/vegbrooke,Haggling: vegbrooke,haggling,exact-payoff (backbone-invariant),1000,econ_bne,18,0.0,0.0,4,0,1.3126614987080103,1.3126614987080103,0.0625,3|2,2,4,8,16
haggling/vegbrooke,Haggling: vegbrooke,haggling,exact-payoff (backbone-invariant),1000,econ_bne,19,0.0,0.0,4,0,1.3126614987080103,1.3126614987080103,0.0625,3|2,2,4,8,16
haggling/vegbrooke,Haggling: vegbrooke,haggling,exact-payoff (backbone-invariant),1000,econ_bne,20,0.0,0.0,4,0,1.3126614987080103,1.3126614987080103,0.0625,3|2,2,4,8,16
haggling/vegbrooke,Haggling: vegbrooke,haggling,exact-payoff (backbone-invariant),1000,atom_tom1,1,0.0,0.0,6,0,1.3126614987080103,1.3126614987080103,0.0625,3|2,2,4,8,16
haggling/vegbrooke,Haggling: vegbrooke,haggling,exact-payoff (backbone-invariant),1000,atom_tom1,2,0.0,0.0,6,0,1.3126614987080103,1.3126614987080103,0.0625,3|2,2,4,8,16
haggling/vegbrooke,Haggling: vegbrooke,haggling,exact-payoff (backbone-invariant),1000,atom_tom1,3,0.0,0.0,6,0,1.3126614987080103,1.3126614987080103,0.0625,3|2,2,4,8,16
haggling/vegbrooke,Haggling: vegbrooke,haggling,exact-payoff (backbone-invariant),1000,atom_tom1,4,0.0,0.0,6,0,1.3126614987080103,1.3126614987080103,0.0625,3|2,2,4,8,16
haggling/vegbrooke,Haggling: vegbrooke,haggling,exact-payoff (backbone-invariant),1000,atom_tom1,5,0.0,0.0,6,0,1.3126614987080103,1.3126614987080103,0.0625,3|2,2,4,8,16
haggling/vegbrooke,Haggling: vegbrooke,haggling,exact-payoff (backbone-invariant),1000,atom_tom1,6,0.0,0.0,6,0,1.3126614987080103,1.3126614987080103,0.0625,3|2,2,4,8,16
haggling/vegbrooke,Haggling: vegbrooke,haggling,exact-payoff (backbone-invariant),1000,atom_tom1,7,0.0,0.0,6,0,1.3126614987080103,1.3126614987080103,0.0625,3|2,2,4,8,16
haggling/vegbrooke,Haggling: vegbrooke,haggling,exact-payoff (backbone-invariant),1000,atom_tom1,8,0.0,0.0,6,0,1.3126614987080103,1.3126614987080103,0.0625,3|2,2,4,8,16
haggling/vegbrooke,Haggling: vegbrooke,haggling,exact-payoff (backbone-invariant),1000,atom_tom1,9,0.0,0.0,6,0,1.3126614987080103,1.3126614987080103,0.0625,3|2,2,4,8,16
haggling/vegbrooke,Haggling: vegbrooke,haggling,exact-payoff (backbone-invariant),1000,atom_tom1,10,0.0,0.0,6,0,1.3126614987080103,1.3126614987080103,0.0625,3|2,2,4,8,16
haggling/vegbrooke,Haggling: vegbrooke,haggling,exact-payoff (backbone-invariant),1000,atom_tom1,11,0.0,0.0,6,0,1.3126614987080103,1.3126614987080103,0.0625,3|2,2,4,8,16
haggling/vegbrooke,Haggling: vegbrooke,haggling,exact-payoff (backbone-invariant),1000,atom_tom1,12,0.0,0.0,6,0,1.3126614987080103,1.3126614987080103,0.0625,3|2,2,4,8,16
haggling/vegbrooke,Haggling: vegbrooke,haggling,exact-payoff (backbone-invariant),1000,atom_tom1,13,0.0,0.0,6,0,1.3126614987080103,1.3126614987080103,0.0625,3|2,2,4,8,16
haggling/vegbrooke,Haggling: vegbrooke,haggling,exact-payoff (backbone-invariant),1000,atom_tom1,14,0.0,0.0,6,0,1.3126614987080103,1.3126614987080103,0.0625,3|2,2,4,8,16
haggling/vegbrooke,Haggling: vegbrooke,haggling,exact-payoff (backbone-invariant),1000,atom_tom1,15,0.0,0.0,6,0,1.3126614987080103,1.3126614987080103,0.0625,3|2,2,4,8,16
haggling/vegbrooke,Haggling: vegbrooke,haggling,exact-payoff (backbone-invariant),1000,atom_tom1,16,0.0,0.0,6,0,1.3126614987080103,1.3126614987080103,0.0625,3|2,2,4,8,16
haggling/vegbrooke,Haggling: vegbrooke,haggling,exact-payoff (backbone-invariant),1000,atom_tom1,17,0.0,0.0,6,0,1.3126614987080103,1.3126614987080103,0.0625,3|2,2,4,8,16
haggling/vegbrooke,Haggling: vegbrooke,haggling,exact-payoff (backbone-invariant),1000,atom_tom1,18,0.0,0.0,6,0,1.3126614987080103,1.3126614987080103,0.0625,3|2,2,4,8,16
haggling/vegbrooke,Haggling: vegbrooke,haggling,exact-payoff (backbone-invariant),1000,atom_tom1,19,0.0,0.0,6,0,1.3126614987080103,1.3126614987080103,0.0625,3|2,2,4,8,16
haggling/vegbrooke,Haggling: vegbrooke,haggling,exact-payoff (backbone-invariant),1000,atom_tom1,20,0.0,0.0,6,0,1.3126614987080103,1.3126614987080103,0.0625,3|2,2,4,8,16
haggling/vegbrooke,Haggling: vegbrooke,haggling,exact-payoff (backbone-invariant),1000,random,1,0.2785529715762274,0.2785529715762274,3,0,1.034108527131783,1.3126614987080103,0.0625,3|2,2,4,8,16
haggling/vegbrooke,Haggling: vegbrooke,haggling,exact-payoff (backbone-invariant),1000,random,2,0.24444444444444446,0.5229974160206718,5,0,1.0682170542635658,1.3126614987080103,0.0625,3|2,2,4,8,16
haggling/vegbrooke,Haggling: vegbrooke,haggling,exact-payoff (backbone-invariant),1000,random,3,0.0,0.5229974160206718,8,0,1.3126614987080103,1.3126614987080103,0.0625,3|2,2,4,8,16
haggling/vegbrooke,Haggling: vegbrooke,haggling,exact-payoff (backbone-invariant),1000,random,4,0.3214470284237727,0.8444444444444446,7,0,0.9912144702842376,1.3126614987080103,0.0625,3|2,2,4,8,16
haggling/vegbrooke,Haggling: vegbrooke,haggling,exact-payoff (backbone-invariant),1000,random,5,0.0,0.8444444444444446,6,0,1.3126614987080103,1.3126614987080103,0.0625,3|2,2,4,8,16
haggling/vegbrooke,Haggling: vegbrooke,haggling,exact-payoff (backbone-invariant),1000,random,6,0.3214470284237727,1.1658914728682173,7,0,0.9912144702842376,1.3126614987080103,0.0625,3|2,2,4,8,16
haggling/vegbrooke,Haggling: vegbrooke,haggling,exact-payoff (backbone-invariant),1000,random,7,0.0,1.1658914728682173,0,0,1.3126614987080103,1.3126614987080103,0.0625,3|2,2,4,8,16
haggling/vegbrooke,Haggling: vegbrooke,haggling,exact-payoff (backbone-invariant),1000,random,8,0.0,1.1658914728682173,8,0,1.3126614987080103,1.3126614987080103,0.0625,3|2,2,4,8,16
haggling/vegbrooke,Haggling: vegbrooke,haggling,exact-payoff (backbone-invariant),1000,random,9,0.0,1.1658914728682173,6,0,1.3126614987080103,1.3126614987080103,0.0625,3|2,2,4,8,16
haggling/vegbrooke,Haggling: vegbrooke,haggling,exact-payoff (backbone-invariant),1000,random,10,0.0,1.1658914728682173,2,0,1.3126614987080103,1.3126614987080103,0.0625,3|2,2,4,8,16
haggling/vegbrooke,Haggling: vegbrooke,haggling,exact-payoff (backbone-invariant),1000,random,11,0.0,1.1658914728682173,4,0,1.3126614987080103,1.3126614987080103,0.0625,3|2,2,4,8,16
haggling/vegbrooke,Haggling: vegbrooke,haggling,exact-payoff (backbone-invariant),1000,random,12,0.0,1.1658914728682173,4,0,1.3126614987080103,1.3126614987080103,0.0625,3|2,2,4,8,16
haggling/vegbrooke,Haggling: vegbrooke,haggling,exact-payoff (backbone-invariant),1000,random,13,0.0,1.1658914728682173,4,0,1.3126614987080103,1.3126614987080103,0.0625,3|2,2,4,8,16
haggling/vegbrooke,Haggling: vegbrooke,haggling,exact-payoff (backbone-invariant),1000,random,14,0.0,1.1658914728682173,8,0,1.3126614987080103,1.3126614987080103,0.0625,3|2,2,4,8,16
haggling/vegbrooke,Haggling: vegbrooke,haggling,exact-payoff (backbone-invariant),1000,random,15,0.5095607235142121,1.6754521963824294,9,0,0.8031007751937982,1.3126614987080103,0.0625,3|2,2,4,8,16
haggling/vegbrooke,Haggling: vegbrooke,haggling,exact-payoff (backbone-invariant),1000,random,16,0.0,1.6754521963824294,6,0,1.3126614987080103,1.3126614987080103,0.0625,3|2,2,4,8,16
haggling/vegbrooke,Haggling: vegbrooke,haggling,exact-payoff (backbone-invariant),1000,random,17,0.0,1.6754521963824294,4,0,1.3126614987080103,1.3126614987080103,0.0625,3|2,2,4,8,16
haggling/vegbrooke,Haggling: vegbrooke,haggling,exact-payoff (backbone-invariant),1000,random,18,0.0,1.6754521963824294,8,0,1.3126614987080103,1.3126614987080103,0.0625,3|2,2,4,8,16
haggling/vegbrooke,Haggling: vegbrooke,haggling,exact-payoff (backbone-invariant),1000,random,19,0.5095607235142121,2.1850129198966415,9,0,0.8031007751937982,1.3126614987080103,0.0625,3|2,2,4,8,16
haggling/vegbrooke,Haggling: vegbrooke,haggling,exact-payoff (backbone-invariant),1000,random,20,0.3126614987080103,2.497674418604652,1,0,1.0,1.3126614987080103,0.0625,3|2,2,4,8,16
haggling_multi_item/vegbrooke,Multi-item: vegbrooke,haggling_multi_item,exact-payoff (backbone-invariant),1000,pact,1,0.36363636363636365,0.36363636363636365,11,5,0.7272727272727274,1.090909090909091,0.4378642884589015,3|2,2,4,8,16
haggling_multi_item/vegbrooke,Multi-item: vegbrooke,haggling_multi_item,exact-payoff (backbone-invariant),1000,pact,2,0.0,0.36363636363636365,5,5,1.090909090909091,1.090909090909091,0.43786428845890146,3|2,2,4,8,16
haggling_multi_item/vegbrooke,Multi-item: vegbrooke,haggling_multi_item,exact-payoff (backbone-invariant),1000,pact,3,0.0,0.36363636363636365,5,5,1.090909090909091,1.090909090909091,0.4378642884589015,3|2,2,4,8,16
haggling_multi_item/vegbrooke,Multi-item: vegbrooke,haggling_multi_item,exact-payoff (backbone-invariant),1000,pact,4,0.09090909090909105,0.4545454545454547,13,5,1.0,1.090909090909091,0.9366720061029021,3|2,2,4,8,16
haggling_multi_item/vegbrooke,Multi-item: vegbrooke,haggling_multi_item,exact-payoff (backbone-invariant),1000,pact,5,0.0,0.4545454545454547,5,5,1.090909090909091,1.090909090909091,0.9366720061029022,3|2,2,4,8,16
haggling_multi_item/vegbrooke,Multi-item: vegbrooke,haggling_multi_item,exact-payoff (backbone-invariant),1000,pact,6,0.0,0.4545454545454547,5,5,1.090909090909091,1.090909090909091,0.9366720061029021,3|2,2,4,8,16
haggling_multi_item/vegbrooke,Multi-item: vegbrooke,haggling_multi_item,exact-payoff (backbone-invariant),1000,pact,7,0.0,0.4545454545454547,5,5,1.090909090909091,1.090909090909091,0.9366720061029021,3|2,2,4,8,16
haggling_multi_item/vegbrooke,Multi-item: vegbrooke,haggling_multi_item,exact-payoff (backbone-invariant),1000,pact,8,0.0,0.4545454545454547,5,5,1.090909090909091,1.090909090909091,0.9366720061029021,3|2,2,4,8,16
haggling_multi_item/vegbrooke,Multi-item: vegbrooke,haggling_multi_item,exact-payoff (backbone-invariant),1000,pact,9,0.0,0.4545454545454547,5,5,1.090909090909091,1.090909090909091,0.9366720061029021,3|2,2,4,8,16
haggling_multi_item/vegbrooke,Multi-item: vegbrooke,haggling_multi_item,exact-payoff (backbone-invariant),1000,pact,10,0.0,0.4545454545454547,5,5,1.090909090909091,1.090909090909091,0.9366720061029021,3|2,2,4,8,16
haggling_multi_item/vegbrooke,Multi-item: vegbrooke,haggling_multi_item,exact-payoff (backbone-invariant),1000,pact,11,0.0,0.4545454545454547,5,5,1.090909090909091,1.090909090909091,0.9366720061029021,3|2,2,4,8,16
haggling_multi_item/vegbrooke,Multi-item: vegbrooke,haggling_multi_item,exact-payoff (backbone-invariant),1000,pact,12,0.0,0.4545454545454547,5,5,1.090909090909091,1.090909090909091,0.9366720061029021,3|2,2,4,8,16
haggling_multi_item/vegbrooke,Multi-item: vegbrooke,haggling_multi_item,exact-payoff (backbone-invariant),1000,pact,13,0.0,0.4545454545454547,5,5,1.090909090909091,1.090909090909091,0.9366720061029021,3|2,2,4,8,16
haggling_multi_item/vegbrooke,Multi-item: vegbrooke,haggling_multi_item,exact-payoff (backbone-invariant),1000,pact,14,0.060606060606060774,0.5151515151515155,1,5,1.0303030303030303,1.090909090909091,0.9563801841997983,3|2,2,4,8,16
haggling_multi_item/vegbrooke,Multi-item: vegbrooke,haggling_multi_item,exact-payoff (backbone-invariant),1000,pact,15,0.0,0.5151515151515155,5,5,1.090909090909091,1.090909090909091,0.9563801841997983,3|2,2,4,8,16
haggling_multi_item/vegbrooke,Multi-item: vegbrooke,haggling_multi_item,exact-payoff (backbone-invariant),1000,pact,16,0.0,0.5151515151515155,5,5,1.090909090909091,1.090909090909091,0.9563801841997983,3|2,2,4,8,16
haggling_multi_item/vegbrooke,Multi-item: vegbrooke,haggling_multi_item,exact-payoff (backbone-invariant),1000,pact,17,0.060606060606060774,0.5757575757575762,1,5,1.0303030303030303,1.090909090909091,0.9674379204746368,3|2,2,4,8,16
haggling_multi_item/vegbrooke,Multi-item: vegbrooke,haggling_multi_item,exact-payoff (backbone-invariant),1000,pact,18,0.0,0.5757575757575762,5,5,1.090909090909091,1.090909090909091,0.9674379204746368,3|2,2,4,8,16
haggling_multi_item/vegbrooke,Multi-item: vegbrooke,haggling_multi_item,exact-payoff (backbone-invariant),1000,pact,19,0.0,0.5757575757575762,5,5,1.090909090909091,1.090909090909091,0.9674379204746368,3|2,2,4,8,16
haggling_multi_item/vegbrooke,Multi-item: vegbrooke,haggling_multi_item,exact-payoff (backbone-invariant),1000,pact,20,0.0,0.5757575757575762,5,5,1.090909090909091,1.090909090909091,0.9674379204746368,3|2,2,4,8,16
haggling_multi_item/vegbrooke,Multi-item: vegbrooke,haggling_multi_item,exact-payoff (backbone-invariant),1000,pact_plus,1,0.36363636363636365,0.36363636363636365,11,5,0.7272727272727274,1.090909090909091,0.4378642884589015,3|2,2,4,8,16
haggling_multi_item/vegbrooke,Multi-item: vegbrooke,haggling_multi_item,exact-payoff (backbone-invariant),1000,pact_plus,2,0.0,0.36363636363636365,5,5,1.090909090909091,1.090909090909091,0.43786428845890146,3|2,2,4,8,16
haggling_multi_item/vegbrooke,Multi-item: vegbrooke,haggling_multi_item,exact-payoff (backbone-invariant),1000,pact_plus,3,0.0,0.36363636363636365,5,5,1.090909090909091,1.090909090909091,0.4378642884589015,3|2,2,4,8,16
haggling_multi_item/vegbrooke,Multi-item: vegbrooke,haggling_multi_item,exact-payoff (backbone-invariant),1000,pact_plus,4,0.09090909090909105,0.4545454545454547,13,5,1.0,1.090909090909091,0.9366720061029021,3|2,2,4,8,16
haggling_multi_item/vegbrooke,Multi-item: vegbrooke,haggling_multi_item,exact-payoff (backbone-invariant),1000,pact_plus,5,0.0,0.4545454545454547,5,5,1.090909090909091,1.090909090909091,0.9366720061029022,3|2,2,4,8,16
haggling_multi_item/vegbrooke,Multi-item: vegbrooke,haggling_multi_item,exact-payoff (backbone-invariant),1000,pact_plus,6,0.0,0.4545454545454547,5,5,1.090909090909091,1.090909090909091,0.9366720061029021,3|2,2,4,8,16
haggling_multi_item/vegbrooke,Multi-item: vegbrooke,haggling_multi_item,exact-payoff (backbone-invariant),1000,pact_plus,7,0.0,0.4545454545454547,5,5,1.090909090909091,1.090909090909091,0.9366720061029021,3|2,2,4,8,16
haggling_multi_item/vegbrooke,Multi-item: vegbrooke,haggling_multi_item,exact-payoff (backbone-invariant),1000,pact_plus,8,0.0,0.4545454545454547,5,5,1.090909090909091,1.090909090909091,0.9366720061029021,3|2,2,4,8,16
haggling_multi_item/vegbrooke,Multi-item: vegbrooke,haggling_multi_item,exact-payoff (backbone-invariant),1000,pact_plus,9,0.0,0.4545454545454547,5,5,1.090909090909091,1.090909090909091,0.9366720061029021,3|2,2,4,8,16
haggling_multi_item/vegbrooke,Multi-item: vegbrooke,haggling_multi_item,exact-payoff (backbone-invariant),1000,pact_plus,10,0.0,0.4545454545454547,5,5,1.090909090909091,1.090909090909091,0.9366720061029021,3|2,2,4,8,16
haggling_multi_item/vegbrooke,Multi-item: vegbrooke,haggling_multi_item,exact-payoff (backbone-invariant),1000,pact_plus,11,0.0,0.4545454545454547,5,5,1.090909090909091,1.090909090909091,0.9366720061029021,3|2,2,4,8,16
haggling_multi_item/vegbrooke,Multi-item: vegbrooke,haggling_multi_item,exact-payoff (backbone-invariant),1000,pact_plus,12,0.0,0.4545454545454547,5,5,1.090909090909091,1.090909090909091,0.9366720061029021,3|2,2,4,8,16
haggling_multi_item/vegbrooke,Multi-item: vegbrooke,haggling_multi_item,exact-payoff (backbone-invariant),1000,pact_plus,13,0.0,0.4545454545454547,5,5,1.090909090909091,1.090909090909091,0.9366720061029021,3|2,2,4,8,16
haggling_multi_item/vegbrooke,Multi-item: vegbrooke,haggling_multi_item,exact-payoff (backbone-invariant),1000,pact_plus,14,0.09090909090909105,0.5454545454545457,13,5,1.0,1.090909090909091,0.9696283172997056,3|2,2,4,8,16
haggling_multi_item/vegbrooke,Multi-item: vegbrooke,haggling_multi_item,exact-payoff (backbone-invariant),1000,pact_plus,15,0.0,0.5454545454545457,5,5,1.090909090909091,1.090909090909091,0.9696283172997056,3|2,2,4,8,16
haggling_multi_item/vegbrooke,Multi-item: vegbrooke,haggling_multi_item,exact-payoff (backbone-invariant),1000,pact_plus,16,0.0,0.5454545454545457,5,5,1.090909090909091,1.090909090909091,0.9696283172997056,3|2,2,4,8,16
haggling_multi_item/vegbrooke,Multi-item: vegbrooke,haggling_multi_item,exact-payoff (backbone-invariant),1000,pact_plus,17,0.09090909090909105,0.6363636363636368,13,5,1.0,1.090909090909091,0.9836859095269368,3|2,2,4,8,16
haggling_multi_item/vegbrooke,Multi-item: vegbrooke,haggling_multi_item,exact-payoff (backbone-invariant),1000,pact_plus,18,0.0,0.6363636363636368,5,5,1.090909090909091,1.090909090909091,0.9836859095269368,3|2,2,4,8,16
haggling_multi_item/vegbrooke,Multi-item: vegbrooke,haggling_multi_item,exact-payoff (backbone-invariant),1000,pact_plus,19,0.0,0.6363636363636368,5,5,1.090909090909091,1.090909090909091,0.9836859095269368,3|2,2,4,8,16
haggling_multi_item/vegbrooke,Multi-item: vegbrooke,haggling_multi_item,exact-payoff (backbone-invariant),1000,pact_plus,20,0.0,0.6363636363636368,5,5,1.090909090909091,1.090909090909091,0.9836859095269368,3|2,2,4,8,16
haggling_multi_item/vegbrooke,Multi-item: vegbrooke,haggling_multi_item,exact-payoff (backbone-invariant),1000,joint_psrl_uniform,1,0.060606060606060774,0.060606060606060774,1,5,1.0303030303030303,1.090909090909091,0.33106485894234633,3|2,2,4,8,16
haggling_multi_item/vegbrooke,Multi-item: vegbrooke,haggling_multi_item,exact-payoff (backbone-invariant),1000,joint_psrl_uniform,2,0.060606060606060774,0.12121212121212155,1,5,1.0303030303030303,1.090909090909091,0.45712181735618035,3|2,2,4,8,16
haggling_multi_item/vegbrooke,Multi-item: vegbrooke,haggling_multi_item,exact-payoff (backbone-invariant),1000,joint_psrl_uniform,3,0.0,0.12121212121212155,5,5,1.090909090909091,1.090909090909091,0.45712181735618035,3|2,2,4,8,16
haggling_multi_item/vegbrooke,Multi-item: vegbrooke,haggling_multi_item,exact-payoff (backbone-invariant),1000,joint_psrl_uniform,4,0.060606060606060774,0.18181818181818232,1,5,1.0303030303030303,1.090909090909091,0.539336891465895,3|2,2,4,8,16
haggling_multi_item/vegbrooke,Multi-item: vegbrooke,haggling_multi_item,exact-payoff (backbone-invariant),1000,joint_psrl_uniform,5,0.0,0.18181818181818232,5,5,1.090909090909091,1.090909090909091,0.539336891465895,3|2,2,4,8,16
haggling_multi_item/vegbrooke,Multi-item: vegbrooke,haggling_multi_item,exact-payoff (backbone-invariant),1000,joint_psrl_uniform,6,0.060606060606060774,0.2424242424242431,1,5,1.0303030303030303,1.090909090909091,0.6112860237588343,3|2,2,4,8,16
haggling_multi_item/vegbrooke,Multi-item: vegbrooke,haggling_multi_item,exact-payoff (backbone-invariant),1000,joint_psrl_uniform,7,0.0,0.2424242424242431,5,5,1.090909090909091,1.090909090909091,0.6112860237588345,3|2,2,4,8,16
haggling_multi_item/vegbrooke,Multi-item: vegbrooke,haggling_multi_item,exact-payoff (backbone-invariant),1000,joint_psrl_uniform,8,0.0,0.2424242424242431,5,5,1.090909090909091,1.090909090909091,0.6112860237588343,3|2,2,4,8,16
haggling_multi_item/vegbrooke,Multi-item: vegbrooke,haggling_multi_item,exact-payoff (backbone-invariant),1000,joint_psrl_uniform,9,0.0,0.2424242424242431,5,5,1.090909090909091,1.090909090909091,0.6112860237588343,3|2,2,4,8,16
haggling_multi_item/vegbrooke,Multi-item: vegbrooke,haggling_multi_item,exact-payoff (backbone-invariant),1000,joint_psrl_uniform,10,0.0,0.2424242424242431,5,5,1.090909090909091,1.090909090909091,0.6112860237588343,3|2,2,4,8,16
haggling_multi_item/vegbrooke,Multi-item: vegbrooke,haggling_multi_item,exact-payoff (backbone-invariant),1000,joint_psrl_uniform,11,0.0,0.2424242424242431,5,5,1.090909090909091,1.090909090909091,0.6112860237588343,3|2,2,4,8,16
haggling_multi_item/vegbrooke,Multi-item: vegbrooke,haggling_multi_item,exact-payoff (backbone-invariant),1000,joint_psrl_uniform,12,0.060606060606060774,0.30303030303030387,1,5,1.0303030303030303,1.090909090909091,0.6772713810662968,3|2,2,4,8,16
haggling_multi_item/vegbrooke,Multi-item: vegbrooke,haggling_multi_item,exact-payoff (backbone-invariant),1000,joint_psrl_uniform,13,0.060606060606060774,0.36363636363636465,1,5,1.0303030303030303,1.090909090909091,0.7366318473785258,3|2,2,4,8,16
haggling_multi_item/vegbrooke,Multi-item: vegbrooke,haggling_multi_item,exact-payoff (backbone-invariant),1000,joint_psrl_uniform,14,0.0,0.36363636363636465,5,5,1.090909090909091,1.090909090909091,0.7366318473785258,3|2,2,4,8,16
haggling_multi_item/vegbrooke,Multi-item: vegbrooke,haggling_multi_item,exact-payoff (backbone-invariant),1000,joint_psrl_uniform,15,0.0,0.36363636363636465,5,5,1.090909090909091,1.090909090909091,0.7366318473785258,3|2,2,4,8,16
haggling_multi_item/vegbrooke,Multi-item: vegbrooke,haggling_multi_item,exact-payoff (backbone-invariant),1000,joint_psrl_uniform,16,0.0,0.36363636363636465,5,5,1.090909090909091,1.090909090909091,0.7366318473785258,3|2,2,4,8,16
haggling_multi_item/vegbrooke,Multi-item: vegbrooke,haggling_multi_item,exact-payoff (backbone-invariant),1000,joint_psrl_uniform,17,0.0,0.36363636363636465,5,5,1.090909090909091,1.090909090909091,0.7366318473785258,3|2,2,4,8,16
haggling_multi_item/vegbrooke,Multi-item: vegbrooke,haggling_multi_item,exact-payoff (backbone-invariant),1000,joint_psrl_uniform,18,0.0,0.36363636363636465,5,5,1.090909090909091,1.090909090909091,0.7366318473785258,3|2,2,4,8,16
haggling_multi_item/vegbrooke,Multi-item: vegbrooke,haggling_multi_item,exact-payoff (backbone-invariant),1000,joint_psrl_uniform,19,0.0,0.36363636363636465,5,5,1.090909090909091,1.090909090909091,0.7366318473785258,3|2,2,4,8,16
haggling_multi_item/vegbrooke,Multi-item: vegbrooke,haggling_multi_item,exact-payoff (backbone-invariant),1000,joint_psrl_uniform,20,0.0,0.36363636363636465,5,5,1.090909090909091,1.090909090909091,0.7366318473785258,3|2,2,4,8,16
haggling_multi_item/vegbrooke,Multi-item: vegbrooke,haggling_multi_item,exact-payoff (backbone-invariant),1000,psrl_notype,1,0.0,0.0,5,5,1.090909090909091,1.090909090909091,0.0625,3|2,2,4,8,16
haggling_multi_item/vegbrooke,Multi-item: vegbrooke,haggling_multi_item,exact-payoff (backbone-invariant),1000,psrl_notype,2,0.060606060606060774,0.060606060606060774,1,5,1.0303030303030303,1.090909090909091,0.0625,3|2,2,4,8,16
haggling_multi_item/vegbrooke,Multi-item: vegbrooke,haggling_multi_item,exact-payoff (backbone-invariant),1000,psrl_notype,3,0.060606060606060774,0.12121212121212155,1,5,1.0303030303030303,1.090909090909091,0.0625,3|2,2,4,8,16
haggling_multi_item/vegbrooke,Multi-item: vegbrooke,haggling_multi_item,exact-payoff (backbone-invariant),1000,psrl_notype,4,0.0,0.12121212121212155,5,5,1.090909090909091,1.090909090909091,0.0625,3|2,2,4,8,16
haggling_multi_item/vegbrooke,Multi-item: vegbrooke,haggling_multi_item,exact-payoff (backbone-invariant),1000,psrl_notype,5,0.0,0.12121212121212155,5,5,1.090909090909091,1.090909090909091,0.0625,3|2,2,4,8,16
haggling_multi_item/vegbrooke,Multi-item: vegbrooke,haggling_multi_item,exact-payoff (backbone-invariant),1000,psrl_notype,6,0.0,0.12121212121212155,5,5,1.090909090909091,1.090909090909091,0.0625,3|2,2,4,8,16
haggling_multi_item/vegbrooke,Multi-item: vegbrooke,haggling_multi_item,exact-payoff (backbone-invariant),1000,psrl_notype,7,0.060606060606060774,0.18181818181818232,1,5,1.0303030303030303,1.090909090909091,0.0625,3|2,2,4,8,16
haggling_multi_item/vegbrooke,Multi-item: vegbrooke,haggling_multi_item,exact-payoff (backbone-invariant),1000,psrl_notype,8,0.0,0.18181818181818232,5,5,1.090909090909091,1.090909090909091,0.0625,3|2,2,4,8,16
haggling_multi_item/vegbrooke,Multi-item: vegbrooke,haggling_multi_item,exact-payoff (backbone-invariant),1000,psrl_notype,9,0.0,0.18181818181818232,5,5,1.090909090909091,1.090909090909091,0.0625,3|2,2,4,8,16
haggling_multi_item/vegbrooke,Multi-item: vegbrooke,haggling_multi_item,exact-payoff (backbone-invariant),1000,psrl_notype,10,0.0,0.18181818181818232,5,5,1.090909090909091,1.090909090909091,0.0625,3|2,2,4,8,16
haggling_multi_item/vegbrooke,Multi-item: vegbrooke,haggling_multi_item,exact-payoff (backbone-invariant),1000,psrl_notype,11,0.060606060606060774,0.2424242424242431,1,5,1.0303030303030303,1.090909090909091,0.0625,3|2,2,4,8,16
haggling_multi_item/vegbrooke,Multi-item: vegbrooke,haggling_multi_item,exact-payoff (backbone-invariant),1000,psrl_notype,12,0.36363636363636365,0.6060606060606067,11,5,0.7272727272727274,1.090909090909091,0.0625,3|2,2,4,8,16
haggling_multi_item/vegbrooke,Multi-item: vegbrooke,haggling_multi_item,exact-payoff (backbone-invariant),1000,psrl_notype,13,0.09090909090909105,0.6969696969696978,13,5,1.0,1.090909090909091,0.0625,3|2,2,4,8,16
haggling_multi_item/vegbrooke,Multi-item: vegbrooke,haggling_multi_item,exact-payoff (backbone-invariant),1000,psrl_notype,14,0.36363636363636365,1.0606060606060614,11,5,0.7272727272727274,1.090909090909091,0.0625,3|2,2,4,8,16
haggling_multi_item/vegbrooke,Multi-item: vegbrooke,haggling_multi_item,exact-payoff (backbone-invariant),1000,psrl_notype,15,0.0,1.0606060606060614,5,5,1.090909090909091,1.090909090909091,0.0625,3|2,2,4,8,16
haggling_multi_item/vegbrooke,Multi-item: vegbrooke,haggling_multi_item,exact-payoff (backbone-invariant),1000,psrl_notype,16,0.0,1.0606060606060614,5,5,1.090909090909091,1.090909090909091,0.0625,3|2,2,4,8,16
haggling_multi_item/vegbrooke,Multi-item: vegbrooke,haggling_multi_item,exact-payoff (backbone-invariant),1000,psrl_notype,17,0.0,1.0606060606060614,5,5,1.090909090909091,1.090909090909091,0.0625,3|2,2,4,8,16
haggling_multi_item/vegbrooke,Multi-item: vegbrooke,haggling_multi_item,exact-payoff (backbone-invariant),1000,psrl_notype,18,0.36363636363636365,1.4242424242424252,11,5,0.7272727272727274,1.090909090909091,0.0625,3|2,2,4,8,16
haggling_multi_item/vegbrooke,Multi-item: vegbrooke,haggling_multi_item,exact-payoff (backbone-invariant),1000,psrl_notype,19,0.060606060606060774,1.484848484848486,1,5,1.0303030303030303,1.090909090909091,0.0625,3|2,2,4,8,16
haggling_multi_item/vegbrooke,Multi-item: vegbrooke,haggling_multi_item,exact-payoff (backbone-invariant),1000,psrl_notype,20,0.0,1.484848484848486,5,5,1.090909090909091,1.090909090909091,0.0625,3|2,2,4,8,16
haggling_multi_item/vegbrooke,Multi-item: vegbrooke,haggling_multi_item,exact-payoff (backbone-invariant),1000,map_type_greedy,1,0.060606060606060774,0.060606060606060774,1,5,1.0303030303030303,1.090909090909091,0.6141803470691639,3|2,2,4,8,16
haggling_multi_item/vegbrooke,Multi-item: vegbrooke,haggling_multi_item,exact-payoff (backbone-invariant),1000,map_type_greedy,2,0.0,0.060606060606060774,5,5,1.090909090909091,1.090909090909091,0.6141803470691639,3|2,2,4,8,16
haggling_multi_item/vegbrooke,Multi-item: vegbrooke,haggling_multi_item,exact-payoff (backbone-invariant),1000,map_type_greedy,3,0.0,0.060606060606060774,5,5,1.090909090909091,1.090909090909091,0.6141803470691639,3|2,2,4,8,16
haggling_multi_item/vegbrooke,Multi-item: vegbrooke,haggling_multi_item,exact-payoff (backbone-invariant),1000,map_type_greedy,4,0.0,0.060606060606060774,5,5,1.090909090909091,1.090909090909091,0.6141803470691639,3|2,2,4,8,16
haggling_multi_item/vegbrooke,Multi-item: vegbrooke,haggling_multi_item,exact-payoff (backbone-invariant),1000,map_type_greedy,5,0.0,0.060606060606060774,5,5,1.090909090909091,1.090909090909091,0.6141803470691639,3|2,2,4,8,16
haggling_multi_item/vegbrooke,Multi-item: vegbrooke,haggling_multi_item,exact-payoff (backbone-invariant),1000,map_type_greedy,6,0.0,0.060606060606060774,5,5,1.090909090909091,1.090909090909091,0.6141803470691639,3|2,2,4,8,16
haggling_multi_item/vegbrooke,Multi-item: vegbrooke,haggling_multi_item,exact-payoff (backbone-invariant),1000,map_type_greedy,7,0.0,0.060606060606060774,5,5,1.090909090909091,1.090909090909091,0.6141803470691639,3|2,2,4,8,16
haggling_multi_item/vegbrooke,Multi-item: vegbrooke,haggling_multi_item,exact-payoff (backbone-invariant),1000,map_type_greedy,8,0.0,0.060606060606060774,5,5,1.090909090909091,1.090909090909091,0.6141803470691639,3|2,2,4,8,16
haggling_multi_item/vegbrooke,Multi-item: vegbrooke,haggling_multi_item,exact-payoff (backbone-invariant),1000,map_type_greedy,9,0.0,0.060606060606060774,5,5,1.090909090909091,1.090909090909091,0.6141803470691639,3|2,2,4,8,16
haggling_multi_item/vegbrooke,Multi-item: vegbrooke,haggling_multi_item,exact-payoff (backbone-invariant),1000,map_type_greedy,10,0.0,0.060606060606060774,5,5,1.090909090909091,1.090909090909091,0.6141803470691639,3|2,2,4,8,16
haggling_multi_item/vegbrooke,Multi-item: vegbrooke,haggling_multi_item,exact-payoff (backbone-invariant),1000,map_type_greedy,11,0.0,0.060606060606060774,5,5,1.090909090909091,1.090909090909091,0.6141803470691639,3|2,2,4,8,16
haggling_multi_item/vegbrooke,Multi-item: vegbrooke,haggling_multi_item,exact-payoff (backbone-invariant),1000,map_type_greedy,12,0.0,0.060606060606060774,5,5,1.090909090909091,1.090909090909091,0.6141803470691639,3|2,2,4,8,16
haggling_multi_item/vegbrooke,Multi-item: vegbrooke,haggling_multi_item,exact-payoff (backbone-invariant),1000,map_type_greedy,13,0.0,0.060606060606060774,5,5,1.090909090909091,1.090909090909091,0.6141803470691639,3|2,2,4,8,16
haggling_multi_item/vegbrooke,Multi-item: vegbrooke,haggling_multi_item,exact-payoff (backbone-invariant),1000,map_type_greedy,14,0.0,0.060606060606060774,5,5,1.090909090909091,1.090909090909091,0.6141803470691639,3|2,2,4,8,16
haggling_multi_item/vegbrooke,Multi-item: vegbrooke,haggling_multi_item,exact-payoff (backbone-invariant),1000,map_type_greedy,15,0.0,0.060606060606060774,5,5,1.090909090909091,1.090909090909091,0.6141803470691639,3|2,2,4,8,16
haggling_multi_item/vegbrooke,Multi-item: vegbrooke,haggling_multi_item,exact-payoff (backbone-invariant),1000,map_type_greedy,16,0.0,0.060606060606060774,5,5,1.090909090909091,1.090909090909091,0.6141803470691639,3|2,2,4,8,16
haggling_multi_item/vegbrooke,Multi-item: vegbrooke,haggling_multi_item,exact-payoff (backbone-invariant),1000,map_type_greedy,17,0.0,0.060606060606060774,5,5,1.090909090909091,1.090909090909091,0.6141803470691639,3|2,2,4,8,16
haggling_multi_item/vegbrooke,Multi-item: vegbrooke,haggling_multi_item,exact-payoff (backbone-invariant),1000,map_type_greedy,18,0.0,0.060606060606060774,5,5,1.090909090909091,1.090909090909091,0.6141803470691639,3|2,2,4,8,16
haggling_multi_item/vegbrooke,Multi-item: vegbrooke,haggling_multi_item,exact-payoff (backbone-invariant),1000,map_type_greedy,19,0.0,0.060606060606060774,5,5,1.090909090909091,1.090909090909091,0.6141803470691639,3|2,2,4,8,16
haggling_multi_item/vegbrooke,Multi-item: vegbrooke,haggling_multi_item,exact-payoff (backbone-invariant),1000,map_type_greedy,20,0.0,0.060606060606060774,5,5,1.090909090909091,1.090909090909091,0.6141803470691639,3|2,2,4,8,16
haggling_multi_item/vegbrooke,Multi-item: vegbrooke,haggling_multi_item,exact-payoff (backbone-invariant),1000,econ_bne,1,0.0,0.0,5,5,1.090909090909091,1.090909090909091,0.0625,3|2,2,4,8,16
haggling_multi_item/vegbrooke,Multi-item: vegbrooke,haggling_multi_item,exact-payoff (backbone-invariant),1000,econ_bne,2,0.0,0.0,5,5,1.090909090909091,1.090909090909091,0.0625,3|2,2,4,8,16
haggling_multi_item/vegbrooke,Multi-item: vegbrooke,haggling_multi_item,exact-payoff (backbone-invariant),1000,econ_bne,3,0.0,0.0,5,5,1.090909090909091,1.090909090909091,0.0625,3|2,2,4,8,16
haggling_multi_item/vegbrooke,Multi-item: vegbrooke,haggling_multi_item,exact-payoff (backbone-invariant),1000,econ_bne,4,0.0,0.0,5,5,1.090909090909091,1.090909090909091,0.0625,3|2,2,4,8,16
haggling_multi_item/vegbrooke,Multi-item: vegbrooke,haggling_multi_item,exact-payoff (backbone-invariant),1000,econ_bne,5,0.0,0.0,5,5,1.090909090909091,1.090909090909091,0.0625,3|2,2,4,8,16
haggling_multi_item/vegbrooke,Multi-item: vegbrooke,haggling_multi_item,exact-payoff (backbone-invariant),1000,econ_bne,6,0.0,0.0,5,5,1.090909090909091,1.090909090909091,0.0625,3|2,2,4,8,16
haggling_multi_item/vegbrooke,Multi-item: vegbrooke,haggling_multi_item,exact-payoff (backbone-invariant),1000,econ_bne,7,0.0,0.0,5,5,1.090909090909091,1.090909090909091,0.0625,3|2,2,4,8,16
haggling_multi_item/vegbrooke,Multi-item: vegbrooke,haggling_multi_item,exact-payoff (backbone-invariant),1000,econ_bne,8,0.0,0.0,5,5,1.090909090909091,1.090909090909091,0.0625,3|2,2,4,8,16
haggling_multi_item/vegbrooke,Multi-item: vegbrooke,haggling_multi_item,exact-payoff (backbone-invariant),1000,econ_bne,9,0.0,0.0,5,5,1.090909090909091,1.090909090909091,0.0625,3|2,2,4,8,16
haggling_multi_item/vegbrooke,Multi-item: vegbrooke,haggling_multi_item,exact-payoff (backbone-invariant),1000,econ_bne,10,0.0,0.0,5,5,1.090909090909091,1.090909090909091,0.0625,3|2,2,4,8,16
haggling_multi_item/vegbrooke,Multi-item: vegbrooke,haggling_multi_item,exact-payoff (backbone-invariant),1000,econ_bne,11,0.0,0.0,5,5,1.090909090909091,1.090909090909091,0.0625,3|2,2,4,8,16
haggling_multi_item/vegbrooke,Multi-item: vegbrooke,haggling_multi_item,exact-payoff (backbone-invariant),1000,econ_bne,12,0.0,0.0,5,5,1.090909090909091,1.090909090909091,0.0625,3|2,2,4,8,16
haggling_multi_item/vegbrooke,Multi-item: vegbrooke,haggling_multi_item,exact-payoff (backbone-invariant),1000,econ_bne,13,0.0,0.0,5,5,1.090909090909091,1.090909090909091,0.0625,3|2,2,4,8,16
haggling_multi_item/vegbrooke,Multi-item: vegbrooke,haggling_multi_item,exact-payoff (backbone-invariant),1000,econ_bne,14,0.0,0.0,5,5,1.090909090909091,1.090909090909091,0.0625,3|2,2,4,8,16
haggling_multi_item/vegbrooke,Multi-item: vegbrooke,haggling_multi_item,exact-payoff (backbone-invariant),1000,econ_bne,15,0.0,0.0,5,5,1.090909090909091,1.090909090909091,0.0625,3|2,2,4,8,16
haggling_multi_item/vegbrooke,Multi-item: vegbrooke,haggling_multi_item,exact-payoff (backbone-invariant),1000,econ_bne,16,0.0,0.0,5,5,1.090909090909091,1.090909090909091,0.0625,3|2,2,4,8,16
haggling_multi_item/vegbrooke,Multi-item: vegbrooke,haggling_multi_item,exact-payoff (backbone-invariant),1000,econ_bne,17,0.0,0.0,5,5,1.090909090909091,1.090909090909091,0.0625,3|2,2,4,8,16
haggling_multi_item/vegbrooke,Multi-item: vegbrooke,haggling_multi_item,exact-payoff (backbone-invariant),1000,econ_bne,18,0.0,0.0,5,5,1.090909090909091,1.090909090909091,0.0625,3|2,2,4,8,16
haggling_multi_item/vegbrooke,Multi-item: vegbrooke,haggling_multi_item,exact-payoff (backbone-invariant),1000,econ_bne,19,0.0,0.0,5,5,1.090909090909091,1.090909090909091,0.0625,3|2,2,4,8,16
haggling_multi_item/vegbrooke,Multi-item: vegbrooke,haggling_multi_item,exact-payoff (backbone-invariant),1000,econ_bne,20,0.0,0.0,5,5,1.090909090909091,1.090909090909091,0.0625,3|2,2,4,8,16
haggling_multi_item/vegbrooke,Multi-item: vegbrooke,haggling_multi_item,exact-payoff (backbone-invariant),1000,atom_tom1,1,0.060606060606060774,0.060606060606060774,1,5,1.0303030303030303,1.090909090909091,0.0625,3|2,2,4,8,16
haggling_multi_item/vegbrooke,Multi-item: vegbrooke,haggling_multi_item,exact-payoff (backbone-invariant),1000,atom_tom1,2,0.060606060606060774,0.12121212121212155,1,5,1.0303030303030303,1.090909090909091,0.0625,3|2,2,4,8,16
haggling_multi_item/vegbrooke,Multi-item: vegbrooke,haggling_multi_item,exact-payoff (backbone-invariant),1000,atom_tom1,3,0.060606060606060774,0.18181818181818232,1,5,1.0303030303030303,1.090909090909091,0.0625,3|2,2,4,8,16
haggling_multi_item/vegbrooke,Multi-item: vegbrooke,haggling_multi_item,exact-payoff (backbone-invariant),1000,atom_tom1,4,0.060606060606060774,0.2424242424242431,1,5,1.0303030303030303,1.090909090909091,0.0625,3|2,2,4,8,16
haggling_multi_item/vegbrooke,Multi-item: vegbrooke,haggling_multi_item,exact-payoff (backbone-invariant),1000,atom_tom1,5,0.060606060606060774,0.30303030303030387,1,5,1.0303030303030303,1.090909090909091,0.0625,3|2,2,4,8,16
haggling_multi_item/vegbrooke,Multi-item: vegbrooke,haggling_multi_item,exact-payoff (backbone-invariant),1000,atom_tom1,6,0.060606060606060774,0.36363636363636465,1,5,1.0303030303030303,1.090909090909091,0.0625,3|2,2,4,8,16
haggling_multi_item/vegbrooke,Multi-item: vegbrooke,haggling_multi_item,exact-payoff (backbone-invariant),1000,atom_tom1,7,0.060606060606060774,0.4242424242424254,1,5,1.0303030303030303,1.090909090909091,0.0625,3|2,2,4,8,16
haggling_multi_item/vegbrooke,Multi-item: vegbrooke,haggling_multi_item,exact-payoff (backbone-invariant),1000,atom_tom1,8,0.060606060606060774,0.4848484848484862,1,5,1.0303030303030303,1.090909090909091,0.0625,3|2,2,4,8,16
haggling_multi_item/vegbrooke,Multi-item: vegbrooke,haggling_multi_item,exact-payoff (backbone-invariant),1000,atom_tom1,9,0.060606060606060774,0.545454545454547,1,5,1.0303030303030303,1.090909090909091,0.0625,3|2,2,4,8,16
haggling_multi_item/vegbrooke,Multi-item: vegbrooke,haggling_multi_item,exact-payoff (backbone-invariant),1000,atom_tom1,10,0.060606060606060774,0.6060606060606077,1,5,1.0303030303030303,1.090909090909091,0.0625,3|2,2,4,8,16
haggling_multi_item/vegbrooke,Multi-item: vegbrooke,haggling_multi_item,exact-payoff (backbone-invariant),1000,atom_tom1,11,0.060606060606060774,0.6666666666666685,1,5,1.0303030303030303,1.090909090909091,0.0625,3|2,2,4,8,16
haggling_multi_item/vegbrooke,Multi-item: vegbrooke,haggling_multi_item,exact-payoff (backbone-invariant),1000,atom_tom1,12,0.060606060606060774,0.7272727272727293,1,5,1.0303030303030303,1.090909090909091,0.0625,3|2,2,4,8,16
haggling_multi_item/vegbrooke,Multi-item: vegbrooke,haggling_multi_item,exact-payoff (backbone-invariant),1000,atom_tom1,13,0.060606060606060774,0.7878787878787901,1,5,1.0303030303030303,1.090909090909091,0.0625,3|2,2,4,8,16
haggling_multi_item/vegbrooke,Multi-item: vegbrooke,haggling_multi_item,exact-payoff (backbone-invariant),1000,atom_tom1,14,0.060606060606060774,0.8484848484848508,1,5,1.0303030303030303,1.090909090909091,0.0625,3|2,2,4,8,16
haggling_multi_item/vegbrooke,Multi-item: vegbrooke,haggling_multi_item,exact-payoff (backbone-invariant),1000,atom_tom1,15,0.060606060606060774,0.9090909090909116,1,5,1.0303030303030303,1.090909090909091,0.0625,3|2,2,4,8,16
haggling_multi_item/vegbrooke,Multi-item: vegbrooke,haggling_multi_item,exact-payoff (backbone-invariant),1000,atom_tom1,16,0.060606060606060774,0.9696969696969724,1,5,1.0303030303030303,1.090909090909091,0.0625,3|2,2,4,8,16
haggling_multi_item/vegbrooke,Multi-item: vegbrooke,haggling_multi_item,exact-payoff (backbone-invariant),1000,atom_tom1,17,0.060606060606060774,1.0303030303030332,1,5,1.0303030303030303,1.090909090909091,0.0625,3|2,2,4,8,16
haggling_multi_item/vegbrooke,Multi-item: vegbrooke,haggling_multi_item,exact-payoff (backbone-invariant),1000,atom_tom1,18,0.060606060606060774,1.090909090909094,1,5,1.0303030303030303,1.090909090909091,0.0625,3|2,2,4,8,16
haggling_multi_item/vegbrooke,Multi-item: vegbrooke,haggling_multi_item,exact-payoff (backbone-invariant),1000,atom_tom1,19,0.060606060606060774,1.1515151515151547,1,5,1.0303030303030303,1.090909090909091,0.0625,3|2,2,4,8,16
haggling_multi_item/vegbrooke,Multi-item: vegbrooke,haggling_multi_item,exact-payoff (backbone-invariant),1000,atom_tom1,20,0.060606060606060774,1.2121212121212155,1,5,1.0303030303030303,1.090909090909091,0.0625,3|2,2,4,8,16
haggling_multi_item/vegbrooke,Multi-item: vegbrooke,haggling_multi_item,exact-payoff (backbone-invariant),1000,random,1,0.36363636363636365,0.36363636363636365,11,5,0.7272727272727274,1.090909090909091,0.0625,3|2,2,4,8,16
haggling_multi_item/vegbrooke,Multi-item: vegbrooke,haggling_multi_item,exact-payoff (backbone-invariant),1000,random,2,0.6060606060606062,0.9696969696969698,20,5,0.4848484848484849,1.090909090909091,0.0625,3|2,2,4,8,16
haggling_multi_item/vegbrooke,Multi-item: vegbrooke,haggling_multi_item,exact-payoff (backbone-invariant),1000,random,3,0.6060606060606062,1.5757575757575761,30,5,0.4848484848484849,1.090909090909091,0.0625,3|2,2,4,8,16
haggling_multi_item/vegbrooke,Multi-item: vegbrooke,haggling_multi_item,exact-payoff (backbone-invariant),1000,random,4,0.6060606060606062,2.1818181818181825,28,5,0.4848484848484849,1.090909090909091,0.0625,3|2,2,4,8,16
haggling_multi_item/vegbrooke,Multi-item: vegbrooke,haggling_multi_item,exact-payoff (backbone-invariant),1000,random,5,0.6060606060606062,2.787878787878789,24,5,0.4848484848484849,1.090909090909091,0.0625,3|2,2,4,8,16
haggling_multi_item/vegbrooke,Multi-item: vegbrooke,haggling_multi_item,exact-payoff (backbone-invariant),1000,random,6,0.030303030303030498,2.8181818181818192,27,5,1.0606060606060606,1.090909090909091,0.0625,3|2,2,4,8,16
haggling_multi_item/vegbrooke,Multi-item: vegbrooke,haggling_multi_item,exact-payoff (backbone-invariant),1000,random,7,0.6060606060606062,3.4242424242424256,2,5,0.4848484848484849,1.090909090909091,0.0625,3|2,2,4,8,16
haggling_multi_item/vegbrooke,Multi-item: vegbrooke,haggling_multi_item,exact-payoff (backbone-invariant),1000,random,8,0.0,3.4242424242424256,29,5,1.090909090909091,1.090909090909091,0.0625,3|2,2,4,8,16
haggling_multi_item/vegbrooke,Multi-item: vegbrooke,haggling_multi_item,exact-payoff (backbone-invariant),1000,random,9,0.6060606060606062,4.030303030303032,22,5,0.4848484848484849,1.090909090909091,0.0625,3|2,2,4,8,16
haggling_multi_item/vegbrooke,Multi-item: vegbrooke,haggling_multi_item,exact-payoff (backbone-invariant),1000,random,10,0.6060606060606062,4.6363636363636385,8,5,0.4848484848484849,1.090909090909091,0.0625,3|2,2,4,8,16
haggling_multi_item/vegbrooke,Multi-item: vegbrooke,haggling_multi_item,exact-payoff (backbone-invariant),1000,random,11,0.060606060606060774,4.696969696969699,15,5,1.0303030303030303,1.090909090909091,0.0625,3|2,2,4,8,16
haggling_multi_item/vegbrooke,Multi-item: vegbrooke,haggling_multi_item,exact-payoff (backbone-invariant),1000,random,12,0.030303030303030498,4.727272727272729,17,5,1.0606060606060606,1.090909090909091,0.0625,3|2,2,4,8,16
haggling_multi_item/vegbrooke,Multi-item: vegbrooke,haggling_multi_item,exact-payoff (backbone-invariant),1000,random,13,0.6060606060606062,5.333333333333336,16,5,0.4848484848484849,1.090909090909091,0.0625,3|2,2,4,8,16
haggling_multi_item/vegbrooke,Multi-item: vegbrooke,haggling_multi_item,exact-payoff (backbone-invariant),1000,random,14,0.6060606060606062,5.939393939393942,30,5,0.4848484848484849,1.090909090909091,0.0625,3|2,2,4,8,16
haggling_multi_item/vegbrooke,Multi-item: vegbrooke,haggling_multi_item,exact-payoff (backbone-invariant),1000,random,15,0.36363636363636365,6.303030303030305,35,5,0.7272727272727274,1.090909090909091,0.0625,3|2,2,4,8,16
haggling_multi_item/vegbrooke,Multi-item: vegbrooke,haggling_multi_item,exact-payoff (backbone-invariant),1000,random,16,0.12121212121212133,6.4242424242424265,21,5,0.9696969696969697,1.090909090909091,0.0625,3|2,2,4,8,16
haggling_multi_item/vegbrooke,Multi-item: vegbrooke,haggling_multi_item,exact-payoff (backbone-invariant),1000,random,17,0.060606060606060774,6.484848484848487,15,5,1.0303030303030303,1.090909090909091,0.0625,3|2,2,4,8,16
haggling_multi_item/vegbrooke,Multi-item: vegbrooke,haggling_multi_item,exact-payoff (backbone-invariant),1000,random,18,0.12121212121212133,6.606060606060608,31,5,0.9696969696969697,1.090909090909091,0.0625,3|2,2,4,8,16
haggling_multi_item/vegbrooke,Multi-item: vegbrooke,haggling_multi_item,exact-payoff (backbone-invariant),1000,random,19,0.36363636363636365,6.9696969696969715,35,5,0.7272727272727274,1.090909090909091,0.0625,3|2,2,4,8,16
haggling_multi_item/vegbrooke,Multi-item: vegbrooke,haggling_multi_item,exact-payoff (backbone-invariant),1000,random,20,0.6060606060606062,7.575757575757578,6,5,0.4848484848484849,1.090909090909091,0.0625,3|2,2,4,8,16
haggling_multi_item/fruitville_multi,Multi-item: fruitville,haggling_multi_item,exact-payoff (backbone-invariant),1000,pact,1,0.36363636363636365,0.36363636363636365,35,19,0.7272727272727274,1.090909090909091,0.4378642884589015,3|2,2,4,8,16
haggling_multi_item/fruitville_multi,Multi-item: fruitville,haggling_multi_item,exact-payoff (backbone-invariant),1000,pact,2,0.0,0.36363636363636365,19,19,1.090909090909091,1.090909090909091,0.43786428845890146,3|2,2,4,8,16
haggling_multi_item/fruitville_multi,Multi-item: fruitville,haggling_multi_item,exact-payoff (backbone-invariant),1000,pact,3,0.0,0.36363636363636365,19,19,1.090909090909091,1.090909090909091,0.4378642884589015,3|2,2,4,8,16
haggling_multi_item/fruitville_multi,Multi-item: fruitville,haggling_multi_item,exact-payoff (backbone-invariant),1000,pact,4,0.09090909090909105,0.4545454545454547,13,19,1.0,1.090909090909091,0.9366720061029021,3|2,2,4,8,16
haggling_multi_item/fruitville_multi,Multi-item: fruitville,haggling_multi_item,exact-payoff (backbone-invariant),1000,pact,5,0.0,0.4545454545454547,19,19,1.090909090909091,1.090909090909091,0.9366720061029022,3|2,2,4,8,16
haggling_multi_item/fruitville_multi,Multi-item: fruitville,haggling_multi_item,exact-payoff (backbone-invariant),1000,pact,6,0.0,0.4545454545454547,19,19,1.090909090909091,1.090909090909091,0.9366720061029021,3|2,2,4,8,16
haggling_multi_item/fruitville_multi,Multi-item: fruitville,haggling_multi_item,exact-payoff (backbone-invariant),1000,pact,7,0.0,0.4545454545454547,19,19,1.090909090909091,1.090909090909091,0.9366720061029021,3|2,2,4,8,16
haggling_multi_item/fruitville_multi,Multi-item: fruitville,haggling_multi_item,exact-payoff (backbone-invariant),1000,pact,8,0.0,0.4545454545454547,19,19,1.090909090909091,1.090909090909091,0.9366720061029021,3|2,2,4,8,16
haggling_multi_item/fruitville_multi,Multi-item: fruitville,haggling_multi_item,exact-payoff (backbone-invariant),1000,pact,9,0.0,0.4545454545454547,19,19,1.090909090909091,1.090909090909091,0.9366720061029021,3|2,2,4,8,16
haggling_multi_item/fruitville_multi,Multi-item: fruitville,haggling_multi_item,exact-payoff (backbone-invariant),1000,pact,10,0.0,0.4545454545454547,19,19,1.090909090909091,1.090909090909091,0.9366720061029021,3|2,2,4,8,16
haggling_multi_item/fruitville_multi,Multi-item: fruitville,haggling_multi_item,exact-payoff (backbone-invariant),1000,pact,11,0.0,0.4545454545454547,19,19,1.090909090909091,1.090909090909091,0.9366720061029021,3|2,2,4,8,16
haggling_multi_item/fruitville_multi,Multi-item: fruitville,haggling_multi_item,exact-payoff (backbone-invariant),1000,pact,12,0.0,0.4545454545454547,19,19,1.090909090909091,1.090909090909091,0.9366720061029021,3|2,2,4,8,16
haggling_multi_item/fruitville_multi,Multi-item: fruitville,haggling_multi_item,exact-payoff (backbone-invariant),1000,pact,13,0.0,0.4545454545454547,19,19,1.090909090909091,1.090909090909091,0.9366720061029021,3|2,2,4,8,16
haggling_multi_item/fruitville_multi,Multi-item: fruitville,haggling_multi_item,exact-payoff (backbone-invariant),1000,pact,14,0.060606060606060774,0.5151515151515155,15,19,1.0303030303030303,1.090909090909091,0.9563801841997983,3|2,2,4,8,16
haggling_multi_item/fruitville_multi,Multi-item: fruitville,haggling_multi_item,exact-payoff (backbone-invariant),1000,pact,15,0.0,0.5151515151515155,19,19,1.090909090909091,1.090909090909091,0.9563801841997983,3|2,2,4,8,16
haggling_multi_item/fruitville_multi,Multi-item: fruitville,haggling_multi_item,exact-payoff (backbone-invariant),1000,pact,16,0.0,0.5151515151515155,19,19,1.090909090909091,1.090909090909091,0.9563801841997983,3|2,2,4,8,16
haggling_multi_item/fruitville_multi,Multi-item: fruitville,haggling_multi_item,exact-payoff (backbone-invariant),1000,pact,17,0.060606060606060774,0.5757575757575762,15,19,1.0303030303030303,1.090909090909091,0.9674379204746368,3|2,2,4,8,16
haggling_multi_item/fruitville_multi,Multi-item: fruitville,haggling_multi_item,exact-payoff (backbone-invariant),1000,pact,18,0.0,0.5757575757575762,19,19,1.090909090909091,1.090909090909091,0.9674379204746368,3|2,2,4,8,16
haggling_multi_item/fruitville_multi,Multi-item: fruitville,haggling_multi_item,exact-payoff (backbone-invariant),1000,pact,19,0.0,0.5757575757575762,19,19,1.090909090909091,1.090909090909091,0.9674379204746368,3|2,2,4,8,16
haggling_multi_item/fruitville_multi,Multi-item: fruitville,haggling_multi_item,exact-payoff (backbone-invariant),1000,pact,20,0.0,0.5757575757575762,19,19,1.090909090909091,1.090909090909091,0.9674379204746368,3|2,2,4,8,16
haggling_multi_item/fruitville_multi,Multi-item: fruitville,haggling_multi_item,exact-payoff (backbone-invariant),1000,pact_plus,1,0.36363636363636365,0.36363636363636365,35,19,0.7272727272727274,1.090909090909091,0.4378642884589015,3|2,2,4,8,16
haggling_multi_item/fruitville_multi,Multi-item: fruitville,haggling_multi_item,exact-payoff (backbone-invariant),1000,pact_plus,2,0.0,0.36363636363636365,19,19,1.090909090909091,1.090909090909091,0.43786428845890146,3|2,2,4,8,16
haggling_multi_item/fruitville_multi,Multi-item: fruitville,haggling_multi_item,exact-payoff (backbone-invariant),1000,pact_plus,3,0.0,0.36363636363636365,19,19,1.090909090909091,1.090909090909091,0.4378642884589015,3|2,2,4,8,16
haggling_multi_item/fruitville_multi,Multi-item: fruitville,haggling_multi_item,exact-payoff (backbone-invariant),1000,pact_plus,4,0.09090909090909105,0.4545454545454547,13,19,1.0,1.090909090909091,0.9366720061029021,3|2,2,4,8,16
haggling_multi_item/fruitville_multi,Multi-item: fruitville,haggling_multi_item,exact-payoff (backbone-invariant),1000,pact_plus,5,0.0,0.4545454545454547,19,19,1.090909090909091,1.090909090909091,0.9366720061029022,3|2,2,4,8,16
haggling_multi_item/fruitville_multi,Multi-item: fruitville,haggling_multi_item,exact-payoff (backbone-invariant),1000,pact_plus,6,0.0,0.4545454545454547,19,19,1.090909090909091,1.090909090909091,0.9366720061029021,3|2,2,4,8,16
haggling_multi_item/fruitville_multi,Multi-item: fruitville,haggling_multi_item,exact-payoff (backbone-invariant),1000,pact_plus,7,0.0,0.4545454545454547,19,19,1.090909090909091,1.090909090909091,0.9366720061029021,3|2,2,4,8,16
haggling_multi_item/fruitville_multi,Multi-item: fruitville,haggling_multi_item,exact-payoff (backbone-invariant),1000,pact_plus,8,0.0,0.4545454545454547,19,19,1.090909090909091,1.090909090909091,0.9366720061029021,3|2,2,4,8,16
haggling_multi_item/fruitville_multi,Multi-item: fruitville,haggling_multi_item,exact-payoff (backbone-invariant),1000,pact_plus,9,0.0,0.4545454545454547,19,19,1.090909090909091,1.090909090909091,0.9366720061029021,3|2,2,4,8,16
haggling_multi_item/fruitville_multi,Multi-item: fruitville,haggling_multi_item,exact-payoff (backbone-invariant),1000,pact_plus,10,0.0,0.4545454545454547,19,19,1.090909090909091,1.090909090909091,0.9366720061029021,3|2,2,4,8,16
haggling_multi_item/fruitville_multi,Multi-item: fruitville,haggling_multi_item,exact-payoff (backbone-invariant),1000,pact_plus,11,0.0,0.4545454545454547,19,19,1.090909090909091,1.090909090909091,0.9366720061029021,3|2,2,4,8,16
haggling_multi_item/fruitville_multi,Multi-item: fruitville,haggling_multi_item,exact-payoff (backbone-invariant),1000,pact_plus,12,0.0,0.4545454545454547,19,19,1.090909090909091,1.090909090909091,0.9366720061029021,3|2,2,4,8,16
haggling_multi_item/fruitville_multi,Multi-item: fruitville,haggling_multi_item,exact-payoff (backbone-invariant),1000,pact_plus,13,0.0,0.4545454545454547,19,19,1.090909090909091,1.090909090909091,0.9366720061029021,3|2,2,4,8,16
haggling_multi_item/fruitville_multi,Multi-item: fruitville,haggling_multi_item,exact-payoff (backbone-invariant),1000,pact_plus,14,0.09090909090909105,0.5454545454545457,13,19,1.0,1.090909090909091,0.9696283172997056,3|2,2,4,8,16
haggling_multi_item/fruitville_multi,Multi-item: fruitville,haggling_multi_item,exact-payoff (backbone-invariant),1000,pact_plus,15,0.0,0.5454545454545457,19,19,1.090909090909091,1.090909090909091,0.9696283172997056,3|2,2,4,8,16
haggling_multi_item/fruitville_multi,Multi-item: fruitville,haggling_multi_item,exact-payoff (backbone-invariant),1000,pact_plus,16,0.0,0.5454545454545457,19,19,1.090909090909091,1.090909090909091,0.9696283172997056,3|2,2,4,8,16
haggling_multi_item/fruitville_multi,Multi-item: fruitville,haggling_multi_item,exact-payoff (backbone-invariant),1000,pact_plus,17,0.09090909090909105,0.6363636363636368,13,19,1.0,1.090909090909091,0.9836859095269368,3|2,2,4,8,16
haggling_multi_item/fruitville_multi,Multi-item: fruitville,haggling_multi_item,exact-payoff (backbone-invariant),1000,pact_plus,18,0.0,0.6363636363636368,19,19,1.090909090909091,1.090909090909091,0.9836859095269368,3|2,2,4,8,16
haggling_multi_item/fruitville_multi,Multi-item: fruitville,haggling_multi_item,exact-payoff (backbone-invariant),1000,pact_plus,19,0.0,0.6363636363636368,19,19,1.090909090909091,1.090909090909091,0.9836859095269368,3|2,2,4,8,16
haggling_multi_item/fruitville_multi,Multi-item: fruitville,haggling_multi_item,exact-payoff (backbone-invariant),1000,pact_plus,20,0.0,0.6363636363636368,19,19,1.090909090909091,1.090909090909091,0.9836859095269368,3|2,2,4,8,16
haggling_multi_item/fruitville_multi,Multi-item: fruitville,haggling_multi_item,exact-payoff (backbone-invariant),1000,joint_psrl_uniform,1,0.09090909090909105,0.09090909090909105,13,19,1.0,1.090909090909091,0.479462108144162,3|2,2,4,8,16
haggling_multi_item/fruitville_multi,Multi-item: fruitville,haggling_multi_item,exact-payoff (backbone-invariant),1000,joint_psrl_uniform,2,0.060606060606060774,0.15151515151515182,15,19,1.0303030303030303,1.090909090909091,0.5579367714615276,3|2,2,4,8,16
haggling_multi_item/fruitville_multi,Multi-item: fruitville,haggling_multi_item,exact-payoff (backbone-invariant),1000,joint_psrl_uniform,3,0.0,0.15151515151515182,19,19,1.090909090909091,1.090909090909091,0.5579367714615276,3|2,2,4,8,16
haggling_multi_item/fruitville_multi,Multi-item: fruitville,haggling_multi_item,exact-payoff (backbone-invariant),1000,joint_psrl_uniform,4,0.0,0.15151515151515182,19,19,1.090909090909091,1.090909090909091,0.5579367714615276,3|2,2,4,8,16
haggling_multi_item/fruitville_multi,Multi-item: fruitville,haggling_multi_item,exact-payoff (backbone-invariant),1000,joint_psrl_uniform,5,0.0,0.15151515151515182,19,19,1.090909090909091,1.090909090909091,0.5579367714615276,3|2,2,4,8,16
haggling_multi_item/fruitville_multi,Multi-item: fruitville,haggling_multi_item,exact-payoff (backbone-invariant),1000,joint_psrl_uniform,6,0.060606060606060774,0.2121212121212126,15,19,1.0303030303030303,1.090909090909091,0.6283435506976366,3|2,2,4,8,16
haggling_multi_item/fruitville_multi,Multi-item: fruitville,haggling_multi_item,exact-payoff (backbone-invariant),1000,joint_psrl_uniform,7,0.0,0.2121212121212126,19,19,1.090909090909091,1.090909090909091,0.6283435506976366,3|2,2,4,8,16
haggling_multi_item/fruitville_multi,Multi-item: fruitville,haggling_multi_item,exact-payoff (backbone-invariant),1000,joint_psrl_uniform,8,0.0,0.2121212121212126,19,19,1.090909090909091,1.090909090909091,0.6283435506976366,3|2,2,4,8,16
haggling_multi_item/fruitville_multi,Multi-item: fruitville,haggling_multi_item,exact-payoff (backbone-invariant),1000,joint_psrl_uniform,9,0.0,0.2121212121212126,19,19,1.090909090909091,1.090909090909091,0.6283435506976366,3|2,2,4,8,16
haggling_multi_item/fruitville_multi,Multi-item: fruitville,haggling_multi_item,exact-payoff (backbone-invariant),1000,joint_psrl_uniform,10,0.0,0.2121212121212126,19,19,1.090909090909091,1.090909090909091,0.6283435506976366,3|2,2,4,8,16
haggling_multi_item/fruitville_multi,Multi-item: fruitville,haggling_multi_item,exact-payoff (backbone-invariant),1000,joint_psrl_uniform,11,0.0,0.2121212121212126,19,19,1.090909090909091,1.090909090909091,0.6283435506976366,3|2,2,4,8,16
haggling_multi_item/fruitville_multi,Multi-item: fruitville,haggling_multi_item,exact-payoff (backbone-invariant),1000,joint_psrl_uniform,12,0.060606060606060774,0.2727272727272734,15,19,1.0303030303030303,1.090909090909091,0.6927761840510963,3|2,2,4,8,16
haggling_multi_item/fruitville_multi,Multi-item: fruitville,haggling_multi_item,exact-payoff (backbone-invariant),1000,joint_psrl_uniform,13,0.060606060606060774,0.33333333333333415,15,19,1.0303030303030303,1.090909090909091,0.750316645335106,3|2,2,4,8,16
haggling_multi_item/fruitville_multi,Multi-item: fruitville,haggling_multi_item,exact-payoff (backbone-invariant),1000,joint_psrl_uniform,14,0.0,0.33333333333333415,19,19,1.090909090909091,1.090909090909091,0.750316645335106,3|2,2,4,8,16
haggling_multi_item/fruitville_multi,Multi-item: fruitville,haggling_multi_item,exact-payoff (backbone-invariant),1000,joint_psrl_uniform,15,0.0,0.33333333333333415,19,19,1.090909090909091,1.090909090909091,0.750316645335106,3|2,2,4,8,16
haggling_multi_item/fruitville_multi,Multi-item: fruitville,haggling_multi_item,exact-payoff (backbone-invariant),1000,joint_psrl_uniform,16,0.0,0.33333333333333415,19,19,1.090909090909091,1.090909090909091,0.750316645335106,3|2,2,4,8,16
haggling_multi_item/fruitville_multi,Multi-item: fruitville,haggling_multi_item,exact-payoff (backbone-invariant),1000,joint_psrl_uniform,17,0.0,0.33333333333333415,19,19,1.090909090909091,1.090909090909091,0.750316645335106,3|2,2,4,8,16
haggling_multi_item/fruitville_multi,Multi-item: fruitville,haggling_multi_item,exact-payoff (backbone-invariant),1000,joint_psrl_uniform,18,0.0,0.33333333333333415,19,19,1.090909090909091,1.090909090909091,0.750316645335106,3|2,2,4,8,16
haggling_multi_item/fruitville_multi,Multi-item: fruitville,haggling_multi_item,exact-payoff (backbone-invariant),1000,joint_psrl_uniform,19,0.0,0.33333333333333415,19,19,1.090909090909091,1.090909090909091,0.750316645335106,3|2,2,4,8,16
haggling_multi_item/fruitville_multi,Multi-item: fruitville,haggling_multi_item,exact-payoff (backbone-invariant),1000,joint_psrl_uniform,20,0.0,0.33333333333333415,19,19,1.090909090909091,1.090909090909091,0.750316645335106,3|2,2,4,8,16
haggling_multi_item/fruitville_multi,Multi-item: fruitville,haggling_multi_item,exact-payoff (backbone-invariant),1000,psrl_notype,1,0.0,0.0,19,19,1.090909090909091,1.090909090909091,0.0625,3|2,2,4,8,16
haggling_multi_item/fruitville_multi,Multi-item: fruitville,haggling_multi_item,exact-payoff (backbone-invariant),1000,psrl_notype,2,0.09090909090909105,0.09090909090909105,13,19,1.0,1.090909090909091,0.0625,3|2,2,4,8,16
haggling_multi_item/fruitville_multi,Multi-item: fruitville,haggling_multi_item,exact-payoff (backbone-invariant),1000,psrl_notype,3,0.09090909090909105,0.1818181818181821,13,19,1.0,1.090909090909091,0.0625,3|2,2,4,8,16
haggling_multi_item/fruitville_multi,Multi-item: fruitville,haggling_multi_item,exact-payoff (backbone-invariant),1000,psrl_notype,4,0.0,0.1818181818181821,19,19,1.090909090909091,1.090909090909091,0.0625,3|2,2,4,8,16
haggling_multi_item/fruitville_multi,Multi-item: fruitville,haggling_multi_item,exact-payoff (backbone-invariant),1000,psrl_notype,5,0.0,0.1818181818181821,19,19,1.090909090909091,1.090909090909091,0.0625,3|2,2,4,8,16
haggling_multi_item/fruitville_multi,Multi-item: fruitville,haggling_multi_item,exact-payoff (backbone-invariant),1000,psrl_notype,6,0.0,0.1818181818181821,19,19,1.090909090909091,1.090909090909091,0.0625,3|2,2,4,8,16
haggling_multi_item/fruitville_multi,Multi-item: fruitville,haggling_multi_item,exact-payoff (backbone-invariant),1000,psrl_notype,7,0.060606060606060774,0.24242424242424288,15,19,1.0303030303030303,1.090909090909091,0.0625,3|2,2,4,8,16
haggling_multi_item/fruitville_multi,Multi-item: fruitville,haggling_multi_item,exact-payoff (backbone-invariant),1000,psrl_notype,8,0.0,0.24242424242424288,19,19,1.090909090909091,1.090909090909091,0.0625,3|2,2,4,8,16
haggling_multi_item/fruitville_multi,Multi-item: fruitville,haggling_multi_item,exact-payoff (backbone-invariant),1000,psrl_notype,9,0.0,0.24242424242424288,19,19,1.090909090909091,1.090909090909091,0.0625,3|2,2,4,8,16
haggling_multi_item/fruitville_multi,Multi-item: fruitville,haggling_multi_item,exact-payoff (backbone-invariant),1000,psrl_notype,10,0.0,0.24242424242424288,19,19,1.090909090909091,1.090909090909091,0.0625,3|2,2,4,8,16
haggling_multi_item/fruitville_multi,Multi-item: fruitville,haggling_multi_item,exact-payoff (backbone-invariant),1000,psrl_notype,11,0.060606060606060774,0.30303030303030365,15,19,1.0303030303030303,1.090909090909091,0.0625,3|2,2,4,8,16
haggling_multi_item/fruitville_multi,Multi-item: fruitville,haggling_multi_item,exact-payoff (backbone-invariant),1000,psrl_notype,12,0.36363636363636365,0.6666666666666673,35,19,0.7272727272727274,1.090909090909091,0.0625,3|2,2,4,8,16
haggling_multi_item/fruitville_multi,Multi-item: fruitville,haggling_multi_item,exact-payoff (backbone-invariant),1000,psrl_notype,13,0.09090909090909105,0.7575757575757583,13,19,1.0,1.090909090909091,0.0625,3|2,2,4,8,16
haggling_multi_item/fruitville_multi,Multi-item: fruitville,haggling_multi_item,exact-payoff (backbone-invariant),1000,psrl_notype,14,0.36363636363636365,1.121212121212122,35,19,0.7272727272727274,1.090909090909091,0.0625,3|2,2,4,8,16
haggling_multi_item/fruitville_multi,Multi-item: fruitville,haggling_multi_item,exact-payoff (backbone-invariant),1000,psrl_notype,15,0.0,1.121212121212122,19,19,1.090909090909091,1.090909090909091,0.0625,3|2,2,4,8,16
haggling_multi_item/fruitville_multi,Multi-item: fruitville,haggling_multi_item,exact-payoff (backbone-invariant),1000,psrl_notype,16,0.0,1.121212121212122,19,19,1.090909090909091,1.090909090909091,0.0625,3|2,2,4,8,16
haggling_multi_item/fruitville_multi,Multi-item: fruitville,haggling_multi_item,exact-payoff (backbone-invariant),1000,psrl_notype,17,0.0,1.121212121212122,19,19,1.090909090909091,1.090909090909091,0.0625,3|2,2,4,8,16
haggling_multi_item/fruitville_multi,Multi-item: fruitville,haggling_multi_item,exact-payoff (backbone-invariant),1000,psrl_notype,18,0.36363636363636365,1.4848484848484858,35,19,0.7272727272727274,1.090909090909091,0.0625,3|2,2,4,8,16
haggling_multi_item/fruitville_multi,Multi-item: fruitville,haggling_multi_item,exact-payoff (backbone-invariant),1000,psrl_notype,19,0.060606060606060774,1.5454545454545465,15,19,1.0303030303030303,1.090909090909091,0.0625,3|2,2,4,8,16
haggling_multi_item/fruitville_multi,Multi-item: fruitville,haggling_multi_item,exact-payoff (backbone-invariant),1000,psrl_notype,20,0.0,1.5454545454545465,19,19,1.090909090909091,1.090909090909091,0.0625,3|2,2,4,8,16
haggling_multi_item/fruitville_multi,Multi-item: fruitville,haggling_multi_item,exact-payoff (backbone-invariant),1000,map_type_greedy,1,0.09090909090909105,0.09090909090909105,13,19,1.0,1.090909090909091,0.7351862148280542,3|2,2,4,8,16
haggling_multi_item/fruitville_multi,Multi-item: fruitville,haggling_multi_item,exact-payoff (backbone-invariant),1000,map_type_greedy,2,0.0,0.09090909090909105,19,19,1.090909090909091,1.090909090909091,0.7351862148280542,3|2,2,4,8,16
haggling_multi_item/fruitville_multi,Multi-item: fruitville,haggling_multi_item,exact-payoff (backbone-invariant),1000,map_type_greedy,3,0.0,0.09090909090909105,19,19,1.090909090909091,1.090909090909091,0.7351862148280542,3|2,2,4,8,16
haggling_multi_item/fruitville_multi,Multi-item: fruitville,haggling_multi_item,exact-payoff (backbone-invariant),1000,map_type_greedy,4,0.0,0.09090909090909105,19,19,1.090909090909091,1.090909090909091,0.7351862148280542,3|2,2,4,8,16
haggling_multi_item/fruitville_multi,Multi-item: fruitville,haggling_multi_item,exact-payoff (backbone-invariant),1000,map_type_greedy,5,0.0,0.09090909090909105,19,19,1.090909090909091,1.090909090909091,0.7351862148280542,3|2,2,4,8,16
haggling_multi_item/fruitville_multi,Multi-item: fruitville,haggling_multi_item,exact-payoff (backbone-invariant),1000,map_type_greedy,6,0.0,0.09090909090909105,19,19,1.090909090909091,1.090909090909091,0.7351862148280542,3|2,2,4,8,16
haggling_multi_item/fruitville_multi,Multi-item: fruitville,haggling_multi_item,exact-payoff (backbone-invariant),1000,map_type_greedy,7,0.0,0.09090909090909105,19,19,1.090909090909091,1.090909090909091,0.7351862148280542,3|2,2,4,8,16
haggling_multi_item/fruitville_multi,Multi-item: fruitville,haggling_multi_item,exact-payoff (backbone-invariant),1000,map_type_greedy,8,0.0,0.09090909090909105,19,19,1.090909090909091,1.090909090909091,0.7351862148280542,3|2,2,4,8,16
haggling_multi_item/fruitville_multi,Multi-item: fruitville,haggling_multi_item,exact-payoff (backbone-invariant),1000,map_type_greedy,9,0.0,0.09090909090909105,19,19,1.090909090909091,1.090909090909091,0.7351862148280542,3|2,2,4,8,16
haggling_multi_item/fruitville_multi,Multi-item: fruitville,haggling_multi_item,exact-payoff (backbone-invariant),1000,map_type_greedy,10,0.0,0.09090909090909105,19,19,1.090909090909091,1.090909090909091,0.7351862148280542,3|2,2,4,8,16
haggling_multi_item/fruitville_multi,Multi-item: fruitville,haggling_multi_item,exact-payoff (backbone-invariant),1000,map_type_greedy,11,0.0,0.09090909090909105,19,19,1.090909090909091,1.090909090909091,0.7351862148280542,3|2,2,4,8,16
haggling_multi_item/fruitville_multi,Multi-item: fruitville,haggling_multi_item,exact-payoff (backbone-invariant),1000,map_type_greedy,12,0.0,0.09090909090909105,19,19,1.090909090909091,1.090909090909091,0.7351862148280542,3|2,2,4,8,16
haggling_multi_item/fruitville_multi,Multi-item: fruitville,haggling_multi_item,exact-payoff (backbone-invariant),1000,map_type_greedy,13,0.0,0.09090909090909105,19,19,1.090909090909091,1.090909090909091,0.7351862148280542,3|2,2,4,8,16
haggling_multi_item/fruitville_multi,Multi-item: fruitville,haggling_multi_item,exact-payoff (backbone-invariant),1000,map_type_greedy,14,0.0,0.09090909090909105,19,19,1.090909090909091,1.090909090909091,0.7351862148280542,3|2,2,4,8,16
haggling_multi_item/fruitville_multi,Multi-item: fruitville,haggling_multi_item,exact-payoff (backbone-invariant),1000,map_type_greedy,15,0.0,0.09090909090909105,19,19,1.090909090909091,1.090909090909091,0.7351862148280542,3|2,2,4,8,16
haggling_multi_item/fruitville_multi,Multi-item: fruitville,haggling_multi_item,exact-payoff (backbone-invariant),1000,map_type_greedy,16,0.0,0.09090909090909105,19,19,1.090909090909091,1.090909090909091,0.7351862148280542,3|2,2,4,8,16
haggling_multi_item/fruitville_multi,Multi-item: fruitville,haggling_multi_item,exact-payoff (backbone-invariant),1000,map_type_greedy,17,0.0,0.09090909090909105,19,19,1.090909090909091,1.090909090909091,0.7351862148280542,3|2,2,4,8,16
haggling_multi_item/fruitville_multi,Multi-item: fruitville,haggling_multi_item,exact-payoff (backbone-invariant),1000,map_type_greedy,18,0.0,0.09090909090909105,19,19,1.090909090909091,1.090909090909091,0.7351862148280542,3|2,2,4,8,16
haggling_multi_item/fruitville_multi,Multi-item: fruitville,haggling_multi_item,exact-payoff (backbone-invariant),1000,map_type_greedy,19,0.0,0.09090909090909105,19,19,1.090909090909091,1.090909090909091,0.7351862148280542,3|2,2,4,8,16
haggling_multi_item/fruitville_multi,Multi-item: fruitville,haggling_multi_item,exact-payoff (backbone-invariant),1000,map_type_greedy,20,0.0,0.09090909090909105,19,19,1.090909090909091,1.090909090909091,0.7351862148280542,3|2,2,4,8,16
haggling_multi_item/fruitville_multi,Multi-item: fruitville,haggling_multi_item,exact-payoff (backbone-invariant),1000,econ_bne,1,0.030303030303030498,0.030303030303030498,17,19,1.0606060606060606,1.090909090909091,0.0625,3|2,2,4,8,16
haggling_multi_item/fruitville_multi,Multi-item: fruitville,haggling_multi_item,exact-payoff (backbone-invariant),1000,econ_bne,2,0.030303030303030498,0.060606060606060996,17,19,1.0606060606060606,1.090909090909091,0.0625,3|2,2,4,8,16
haggling_multi_item/fruitville_multi,Multi-item: fruitville,haggling_multi_item,exact-payoff (backbone-invariant),1000,econ_bne,3,0.030303030303030498,0.0909090909090915,17,19,1.0606060606060606,1.090909090909091,0.0625,3|2,2,4,8,16
haggling_multi_item/fruitville_multi,Multi-item: fruitville,haggling_multi_item,exact-payoff (backbone-invariant),1000,econ_bne,4,0.030303030303030498,0.12121212121212199,17,19,1.0606060606060606,1.090909090909091,0.0625,3|2,2,4,8,16
haggling_multi_item/fruitville_multi,Multi-item: fruitville,haggling_multi_item,exact-payoff (backbone-invariant),1000,econ_bne,5,0.030303030303030498,0.1515151515151525,17,19,1.0606060606060606,1.090909090909091,0.0625,3|2,2,4,8,16
haggling_multi_item/fruitville_multi,Multi-item: fruitville,haggling_multi_item,exact-payoff (backbone-invariant),1000,econ_bne,6,0.030303030303030498,0.181818181818183,17,19,1.0606060606060606,1.090909090909091,0.0625,3|2,2,4,8,16
haggling_multi_item/fruitville_multi,Multi-item: fruitville,haggling_multi_item,exact-payoff (backbone-invariant),1000,econ_bne,7,0.030303030303030498,0.2121212121212135,17,19,1.0606060606060606,1.090909090909091,0.0625,3|2,2,4,8,16
haggling_multi_item/fruitville_multi,Multi-item: fruitville,haggling_multi_item,exact-payoff (backbone-invariant),1000,econ_bne,8,0.030303030303030498,0.24242424242424399,17,19,1.0606060606060606,1.090909090909091,0.0625,3|2,2,4,8,16
haggling_multi_item/fruitville_multi,Multi-item: fruitville,haggling_multi_item,exact-payoff (backbone-invariant),1000,econ_bne,9,0.030303030303030498,0.2727272727272745,17,19,1.0606060606060606,1.090909090909091,0.0625,3|2,2,4,8,16
haggling_multi_item/fruitville_multi,Multi-item: fruitville,haggling_multi_item,exact-payoff (backbone-invariant),1000,econ_bne,10,0.030303030303030498,0.303030303030305,17,19,1.0606060606060606,1.090909090909091,0.0625,3|2,2,4,8,16
haggling_multi_item/fruitville_multi,Multi-item: fruitville,haggling_multi_item,exact-payoff (backbone-invariant),1000,econ_bne,11,0.030303030303030498,0.3333333333333355,17,19,1.0606060606060606,1.090909090909091,0.0625,3|2,2,4,8,16
haggling_multi_item/fruitville_multi,Multi-item: fruitville,haggling_multi_item,exact-payoff (backbone-invariant),1000,econ_bne,12,0.030303030303030498,0.363636363636366,17,19,1.0606060606060606,1.090909090909091,0.0625,3|2,2,4,8,16
haggling_multi_item/fruitville_multi,Multi-item: fruitville,haggling_multi_item,exact-payoff (backbone-invariant),1000,econ_bne,13,0.030303030303030498,0.3939393939393965,17,19,1.0606060606060606,1.090909090909091,0.0625,3|2,2,4,8,16
haggling_multi_item/fruitville_multi,Multi-item: fruitville,haggling_multi_item,exact-payoff (backbone-invariant),1000,econ_bne,14,0.030303030303030498,0.424242424242427,17,19,1.0606060606060606,1.090909090909091,0.0625,3|2,2,4,8,16
haggling_multi_item/fruitville_multi,Multi-item: fruitville,haggling_multi_item,exact-payoff (backbone-invariant),1000,econ_bne,15,0.030303030303030498,0.4545454545454575,17,19,1.0606060606060606,1.090909090909091,0.0625,3|2,2,4,8,16
haggling_multi_item/fruitville_multi,Multi-item: fruitville,haggling_multi_item,exact-payoff (backbone-invariant),1000,econ_bne,16,0.030303030303030498,0.48484848484848797,17,19,1.0606060606060606,1.090909090909091,0.0625,3|2,2,4,8,16
haggling_multi_item/fruitville_multi,Multi-item: fruitville,haggling_multi_item,exact-payoff (backbone-invariant),1000,econ_bne,17,0.030303030303030498,0.5151515151515185,17,19,1.0606060606060606,1.090909090909091,0.0625,3|2,2,4,8,16
haggling_multi_item/fruitville_multi,Multi-item: fruitville,haggling_multi_item,exact-payoff (backbone-invariant),1000,econ_bne,18,0.030303030303030498,0.545454545454549,17,19,1.0606060606060606,1.090909090909091,0.0625,3|2,2,4,8,16
haggling_multi_item/fruitville_multi,Multi-item: fruitville,haggling_multi_item,exact-payoff (backbone-invariant),1000,econ_bne,19,0.030303030303030498,0.5757575757575795,17,19,1.0606060606060606,1.090909090909091,0.0625,3|2,2,4,8,16
haggling_multi_item/fruitville_multi,Multi-item: fruitville,haggling_multi_item,exact-payoff (backbone-invariant),1000,econ_bne,20,0.030303030303030498,0.60606060606061,17,19,1.0606060606060606,1.090909090909091,0.0625,3|2,2,4,8,16
haggling_multi_item/fruitville_multi,Multi-item: fruitville,haggling_multi_item,exact-payoff (backbone-invariant),1000,atom_tom1,1,0.19696969696969713,0.19696969696969713,3,19,0.8939393939393939,1.090909090909091,0.0625,3|2,2,4,8,16
haggling_multi_item/fruitville_multi,Multi-item: fruitville,haggling_multi_item,exact-payoff (backbone-invariant),1000,atom_tom1,2,0.19696969696969713,0.39393939393939426,3,19,0.8939393939393939,1.090909090909091,0.0625,3|2,2,4,8,16
haggling_multi_item/fruitville_multi,Multi-item: fruitville,haggling_multi_item,exact-payoff (backbone-invariant),1000,atom_tom1,3,0.19696969696969713,0.5909090909090914,3,19,0.8939393939393939,1.090909090909091,0.0625,3|2,2,4,8,16
haggling_multi_item/fruitville_multi,Multi-item: fruitville,haggling_multi_item,exact-payoff (backbone-invariant),1000,atom_tom1,4,0.19696969696969713,0.7878787878787885,3,19,0.8939393939393939,1.090909090909091,0.0625,3|2,2,4,8,16
haggling_multi_item/fruitville_multi,Multi-item: fruitville,haggling_multi_item,exact-payoff (backbone-invariant),1000,atom_tom1,5,0.19696969696969713,0.9848484848484856,3,19,0.8939393939393939,1.090909090909091,0.0625,3|2,2,4,8,16
haggling_multi_item/fruitville_multi,Multi-item: fruitville,haggling_multi_item,exact-payoff (backbone-invariant),1000,atom_tom1,6,0.19696969696969713,1.1818181818181828,3,19,0.8939393939393939,1.090909090909091,0.0625,3|2,2,4,8,16
haggling_multi_item/fruitville_multi,Multi-item: fruitville,haggling_multi_item,exact-payoff (backbone-invariant),1000,atom_tom1,7,0.19696969696969713,1.3787878787878798,3,19,0.8939393939393939,1.090909090909091,0.0625,3|2,2,4,8,16
haggling_multi_item/fruitville_multi,Multi-item: fruitville,haggling_multi_item,exact-payoff (backbone-invariant),1000,atom_tom1,8,0.19696969696969713,1.575757575757577,3,19,0.8939393939393939,1.090909090909091,0.0625,3|2,2,4,8,16
haggling_multi_item/fruitville_multi,Multi-item: fruitville,haggling_multi_item,exact-payoff (backbone-invariant),1000,atom_tom1,9,0.19696969696969713,1.7727272727272743,3,19,0.8939393939393939,1.090909090909091,0.0625,3|2,2,4,8,16
haggling_multi_item/fruitville_multi,Multi-item: fruitville,haggling_multi_item,exact-payoff (backbone-invariant),1000,atom_tom1,10,0.19696969696969713,1.9696969696969715,3,19,0.8939393939393939,1.090909090909091,0.0625,3|2,2,4,8,16
haggling_multi_item/fruitville_multi,Multi-item: fruitville,haggling_multi_item,exact-payoff (backbone-invariant),1000,atom_tom1,11,0.19696969696969713,2.1666666666666687,3,19,0.8939393939393939,1.090909090909091,0.0625,3|2,2,4,8,16
haggling_multi_item/fruitville_multi,Multi-item: fruitville,haggling_multi_item,exact-payoff (backbone-invariant),1000,atom_tom1,12,0.19696969696969713,2.363636363636366,3,19,0.8939393939393939,1.090909090909091,0.0625,3|2,2,4,8,16
haggling_multi_item/fruitville_multi,Multi-item: fruitville,haggling_multi_item,exact-payoff (backbone-invariant),1000,atom_tom1,13,0.19696969696969713,2.560606060606063,3,19,0.8939393939393939,1.090909090909091,0.0625,3|2,2,4,8,16
haggling_multi_item/fruitville_multi,Multi-item: fruitville,haggling_multi_item,exact-payoff (backbone-invariant),1000,atom_tom1,14,0.19696969696969713,2.7575757575757605,3,19,0.8939393939393939,1.090909090909091,0.0625,3|2,2,4,8,16
haggling_multi_item/fruitville_multi,Multi-item: fruitville,haggling_multi_item,exact-payoff (backbone-invariant),1000,atom_tom1,15,0.19696969696969713,2.9545454545454577,3,19,0.8939393939393939,1.090909090909091,0.0625,3|2,2,4,8,16
haggling_multi_item/fruitville_multi,Multi-item: fruitville,haggling_multi_item,exact-payoff (backbone-invariant),1000,atom_tom1,16,0.19696969696969713,3.151515151515155,3,19,0.8939393939393939,1.090909090909091,0.0625,3|2,2,4,8,16
haggling_multi_item/fruitville_multi,Multi-item: fruitville,haggling_multi_item,exact-payoff (backbone-invariant),1000,atom_tom1,17,0.19696969696969713,3.348484848484852,3,19,0.8939393939393939,1.090909090909091,0.0625,3|2,2,4,8,16
haggling_multi_item/fruitville_multi,Multi-item: fruitville,haggling_multi_item,exact-payoff (backbone-invariant),1000,atom_tom1,18,0.19696969696969713,3.5454545454545494,3,19,0.8939393939393939,1.090909090909091,0.0625,3|2,2,4,8,16
haggling_multi_item/fruitville_multi,Multi-item: fruitville,haggling_multi_item,exact-payoff (backbone-invariant),1000,atom_tom1,19,0.19696969696969713,3.7424242424242466,3,19,0.8939393939393939,1.090909090909091,0.0625,3|2,2,4,8,16
haggling_multi_item/fruitville_multi,Multi-item: fruitville,haggling_multi_item,exact-payoff (backbone-invariant),1000,atom_tom1,20,0.19696969696969713,3.939393939393944,3,19,0.8939393939393939,1.090909090909091,0.0625,3|2,2,4,8,16
haggling_multi_item/fruitville_multi,Multi-item: fruitville,haggling_multi_item,exact-payoff (backbone-invariant),1000,random,1,0.4545454545454546,0.4545454545454546,11,19,0.6363636363636365,1.090909090909091,0.0625,3|2,2,4,8,16
haggling_multi_item/fruitville_multi,Multi-item: fruitville,haggling_multi_item,exact-payoff (backbone-invariant),1000,random,2,0.6060606060606062,1.0606060606060608,20,19,0.4848484848484849,1.090909090909091,0.0625,3|2,2,4,8,16
haggling_multi_item/fruitville_multi,Multi-item: fruitville,haggling_multi_item,exact-payoff (backbone-invariant),1000,random,3,0.6060606060606062,1.666666666666667,30,19,0.4848484848484849,1.090909090909091,0.0625,3|2,2,4,8,16
haggling_multi_item/fruitville_multi,Multi-item: fruitville,haggling_multi_item,exact-payoff (backbone-invariant),1000,random,4,0.6060606060606062,2.2727272727272734,28,19,0.4848484848484849,1.090909090909091,0.0625,3|2,2,4,8,16
haggling_multi_item/fruitville_multi,Multi-item: fruitville,haggling_multi_item,exact-payoff (backbone-invariant),1000,random,5,0.6060606060606062,2.87878787878788,24,19,0.4848484848484849,1.090909090909091,0.0625,3|2,2,4,8,16
haggling_multi_item/fruitville_multi,Multi-item: fruitville,haggling_multi_item,exact-payoff (backbone-invariant),1000,random,6,0.030303030303030498,2.90909090909091,27,19,1.0606060606060606,1.090909090909091,0.0625,3|2,2,4,8,16
haggling_multi_item/fruitville_multi,Multi-item: fruitville,haggling_multi_item,exact-payoff (backbone-invariant),1000,random,7,0.6060606060606062,3.5151515151515165,2,19,0.4848484848484849,1.090909090909091,0.0625,3|2,2,4,8,16
haggling_multi_item/fruitville_multi,Multi-item: fruitville,haggling_multi_item,exact-payoff (backbone-invariant),1000,random,8,0.0,3.5151515151515165,29,19,1.090909090909091,1.090909090909091,0.0625,3|2,2,4,8,16
haggling_multi_item/fruitville_multi,Multi-item: fruitville,haggling_multi_item,exact-payoff (backbone-invariant),1000,random,9,0.6060606060606062,4.121212121212123,22,19,0.4848484848484849,1.090909090909091,0.0625,3|2,2,4,8,16
haggling_multi_item/fruitville_multi,Multi-item: fruitville,haggling_multi_item,exact-payoff (backbone-invariant),1000,random,10,0.6060606060606062,4.727272727272729,8,19,0.4848484848484849,1.090909090909091,0.0625,3|2,2,4,8,16
haggling_multi_item/fruitville_multi,Multi-item: fruitville,haggling_multi_item,exact-payoff (backbone-invariant),1000,random,11,0.060606060606060774,4.78787878787879,15,19,1.0303030303030303,1.090909090909091,0.0625,3|2,2,4,8,16
haggling_multi_item/fruitville_multi,Multi-item: fruitville,haggling_multi_item,exact-payoff (backbone-invariant),1000,random,12,0.030303030303030498,4.81818181818182,17,19,1.0606060606060606,1.090909090909091,0.0625,3|2,2,4,8,16
haggling_multi_item/fruitville_multi,Multi-item: fruitville,haggling_multi_item,exact-payoff (backbone-invariant),1000,random,13,0.6060606060606062,5.4242424242424265,16,19,0.4848484848484849,1.090909090909091,0.0625,3|2,2,4,8,16
haggling_multi_item/fruitville_multi,Multi-item: fruitville,haggling_multi_item,exact-payoff (backbone-invariant),1000,random,14,0.6060606060606062,6.030303030303033,30,19,0.4848484848484849,1.090909090909091,0.0625,3|2,2,4,8,16
haggling_multi_item/fruitville_multi,Multi-item: fruitville,haggling_multi_item,exact-payoff (backbone-invariant),1000,random,15,0.36363636363636365,6.393939393939396,35,19,0.7272727272727274,1.090909090909091,0.0625,3|2,2,4,8,16
haggling_multi_item/fruitville_multi,Multi-item: fruitville,haggling_multi_item,exact-payoff (backbone-invariant),1000,random,16,0.12121212121212133,6.515151515151517,21,19,0.9696969696969697,1.090909090909091,0.0625,3|2,2,4,8,16
haggling_multi_item/fruitville_multi,Multi-item: fruitville,haggling_multi_item,exact-payoff (backbone-invariant),1000,random,17,0.060606060606060774,6.575757575757578,15,19,1.0303030303030303,1.090909090909091,0.0625,3|2,2,4,8,16
haggling_multi_item/fruitville_multi,Multi-item: fruitville,haggling_multi_item,exact-payoff (backbone-invariant),1000,random,18,0.12121212121212133,6.696969696969699,31,19,0.9696969696969697,1.090909090909091,0.0625,3|2,2,4,8,16
haggling_multi_item/fruitville_multi,Multi-item: fruitville,haggling_multi_item,exact-payoff (backbone-invariant),1000,random,19,0.36363636363636365,7.060606060606062,35,19,0.7272727272727274,1.090909090909091,0.0625,3|2,2,4,8,16
haggling_multi_item/fruitville_multi,Multi-item: fruitville,haggling_multi_item,exact-payoff (backbone-invariant),1000,random,20,0.6060606060606062,7.666666666666669,6,19,0.4848484848484849,1.090909090909091,0.0625,3|2,2,4,8,16
