method,config,seed,episode,cum_regret
pact,pub/london,1000,1,0.0
pact,pub/london,1000,2,0.0
pact,pub/london,1000,3,0.0
pact,pub/london,1000,4,0.0
pact,pub/london,1000,5,0.0
pact,pub/london,1000,6,0.0
pact,pub/london,1000,7,0.0
pact,pub/london,1000,8,0.0
pact,pub/london,1000,9,0.0
pact,pub/london,1000,10,0.0
pact,pub/london,1000,11,0.0
pact,pub/london,1000,12,0.0
pact,pub/london,1000,13,0.0
pact,pub/london,1000,14,0.0
pact,pub/london,1000,15,0.0
pact,pub/london,1000,16,0.0
pact,pub/london,1000,17,0.0
pact,pub/london,1000,18,0.0
pact,pub/london,1000,19,0.0
pact,pub/london,1000,20,0.0
pact_plus,pub/london,1000,1,0.0
pact_plus,pub/london,1000,2,0.0
pact_plus,pub/london,1000,3,0.0
pact_plus,pub/london,1000,4,0.0
pact_plus,pub/london,1000,5,0.0
pact_plus,pub/london,1000,6,0.0
pact_plus,pub/london,1000,7,0.0
pact_plus,pub/london,1000,8,0.0
pact_plus,pub/london,1000,9,0.0
pact_plus,pub/london,1000,10,0.0
pact_plus,pub/london,1000,11,0.0
pact_plus,pub/london,1000,12,0.0
pact_plus,pub/london,1000,13,0.0
pact_plus,pub/london,1000,14,0.0
pact_plus,pub/london,1000,15,0.0
pact_plus,pub/london,1000,16,0.0
pact_plus,pub/london,1000,17,0.0
pact_plus,pub/london,1000,18,0.0
pact_plus,pub/london,1000,19,0.0
pact_plus,pub/london,1000,20,0.0
joint_psrl_uniform,pub/london,1000,1,0.0
joint_psrl_uniform,pub/london,1000,2,0.0
joint_psrl_uniform,pub/london,1000,3,0.0
joint_psrl_uniform,pub/london,1000,4,0.0
joint_psrl_uniform,pub/london,1000,5,0.0
joint_psrl_uniform,pub/london,1000,6,0.0
joint_psrl_uniform,pub/london,1000,7,0.0
joint_psrl_uniform,pub/london,1000,8,0.0
joint_psrl_uniform,pub/london,1000,9,0.0
joint_psrl_uniform,pub/london,1000,10,0.0
joint_psrl_uniform,pub/london,1000,11,0.0
joint_psrl_uniform,pub/london,1000,12,0.0
joint_psrl_uniform,pub/london,1000,13,0.0
joint_psrl_uniform,pub/london,1000,14,0.0
joint_psrl_uniform,pub/london,1000,15,0.0
joint_psrl_uniform,pub/london,1000,16,0.0
joint_psrl_uniform,pub/london,1000,17,0.0
joint_psrl_uniform,pub/london,1000,18,0.0
joint_psrl_uniform,pub/london,1000,19,0.0
joint_psrl_uniform,pub/london,1000,20,0.0
psrl_notype,pub/london,1000,1,0.0
psrl_notype,pub/london,1000,2,0.0
psrl_notype,pub/london,1000,3,0.0
psrl_notype,pub/london,1000,4,0.0
psrl_notype,pub/london,1000,5,0.0
psrl_notype,pub/london,1000,6,0.0
psrl_notype,pub/london,1000,7,0.0
psrl_notype,pub/london,1000,8,0.0
psrl_notype,pub/london,1000,9,0.0
psrl_notype,pub/london,1000,10,0.0
psrl_notype,pub/london,1000,11,0.0
psrl_notype,pub/london,1000,12,0.0
psrl_notype,pub/london,1000,13,0.0
psrl_notype,pub/london,1000,14,0.0
psrl_notype,pub/london,1000,15,0.0
psrl_notype,pub/london,1000,16,0.0
psrl_notype,pub/london,1000,17,0.0
psrl_notype,pub/london,1000,18,0.0
psrl_notype,pub/london,1000,19,0.0
psrl_notype,pub/london,1000,20,0.0
map_type_greedy,pub/london,1000,1,0.0
map_type_greedy,pub/london,1000,2,0.0
map_type_greedy,pub/london,1000,3,0.0
map_type_greedy,pub/london,1000,4,0.0
map_type_greedy,pub/london,1000,5,0.0
map_type_greedy,pub/london,1000,6,0.0
map_type_greedy,pub/london,1000,7,0.0
map_type_greedy,pub/london,1000,8,0.0
map_type_greedy,pub/london,1000,9,0.0
map_type_greedy,pub/london,1000,10,0.0
map_type_greedy,pub/london,1000,11,0.0
map_type_greedy,pub/london,1000,12,0.0
map_type_greedy,pub/london,1000,13,0.0
map_type_greedy,pub/london,1000,14,0.0
map_type_greedy,pub/london,1000,15,0.0
map_type_greedy,pub/london,1000,16,0.0
map_type_greedy,pub/london,1000,17,0.0
map_type_greedy,pub/london,1000,18,0.0
map_type_greedy,pub/london,1000,19,0.0
map_type_greedy,pub/london,1000,20,0.0
econ_bne,pub/london,1000,1,0.0
econ_bne,pub/london,1000,2,0.0
econ_bne,pub/london,1000,3,0.0
econ_bne,pub/london,1000,4,0.0
econ_bne,pub/london,1000,5,0.0
econ_bne,pub/london,1000,6,0.0
econ_bne,pub/london,1000,7,0.0
econ_bne,pub/london,1000,8,0.0
econ_bne,pub/london,1000,9,0.0
econ_bne,pub/london,1000,10,0.0
econ_bne,pub/london,1000,11,0.0
econ_bne,pub/london,1000,12,0.0
econ_bne,pub/london,1000,13,0.0
econ_bne,pub/london,1000,14,0.0
econ_bne,pub/london,1000,15,0.0
econ_bne,pub/london,1000,16,0.0
econ_bne,pub/london,1000,17,0.0
econ_bne,pub/london,1000,18,0.0
econ_bne,pub/london,1000,19,0.0
econ_bne,pub/london,1000,20,0.0
atom_tom1,pub/london,1000,1,0.0
atom_tom1,pub/london,1000,2,0.0
atom_tom1,pub/london,1000,3,0.0
atom_tom1,pub/london,1000,4,0.0
atom_tom1,pub/london,1000,5,0.0
atom_tom1,pub/london,1000,6,0.0
atom_tom1,pub/london,1000,7,0.0
atom_tom1,pub/london,1000,8,0.0
atom_tom1,pub/london,1000,9,0.0
atom_tom1,pub/london,1000,10,0.0
atom_tom1,pub/london,1000,11,0.0
atom_tom1,pub/london,1000,12,0.0
atom_tom1,pub/london,1000,13,0.0
atom_tom1,pub/london,1000,14,0.0
atom_tom1,pub/london,1000,15,0.0
atom_tom1,pub/london,1000,16,0.0
atom_tom1,pub/london,1000,17,0.0
atom_tom1,pub/london,1000,18,0.0
atom_tom1,pub/london,1000,19,0.0
atom_tom1,pub/london,1000,20,0.0
random,pub/london,1000,1,1.958186360491978
random,pub/london,1000,2,3.0311552291328283
random,pub/london,1000,3,3.0311552291328283
random,pub/london,1000,4,4.474656137278003
random,pub/london,1000,5,4.474656137278003
random,pub/london,1000,6,6.927797121887443
random,pub/london,1000,7,9.895623558843688
random,pub/london,1000,8,11.512879856478259
random,pub/london,1000,9,13.673186830501319
random,pub/london,1000,10,14.746155699142168
random,pub/london,1000,11,15.833493804524377
random,pub/london,1000,12,17.450750102158946
random,pub/london,1000,13,19.929807040011667
random,pub/london,1000,14,22.06174878999304
random,pub/london,1000,15,23.67900508762761
random,pub/london,1000,16,25.122505995772784
random,pub/london,1000,17,27.575646980382224
random,pub/london,1000,18,30.54347341733847
random,pub/london,1000,19,32.38037375204131
random,pub/london,1000,20,34.33856011253329
pact,pub/london_mini,1000,1,0.0
pact,pub/london_mini,1000,2,0.0
pact,pub/london_mini,1000,3,0.0
pact,pub/london_mini,1000,4,0.0
pact,pub/london_mini,1000,5,0.0
pact,pub/london_mini,1000,6,0.0
pact,pub/london_mini,1000,7,0.0
pact,pub/london_mini,1000,8,0.0
pact,pub/london_mini,1000,9,0.0
pact,pub/london_mini,1000,10,0.0
pact,pub/london_mini,1000,11,0.0
pact,pub/london_mini,1000,12,0.0
pact,pub/london_mini,1000,13,0.0
pact,pub/london_mini,1000,14,0.0
pact,pub/london_mini,1000,15,0.0
pact,pub/london_mini,1000,16,0.0
pact,pub/london_mini,1000,17,0.0
pact,pub/london_mini,1000,18,0.0
pact,pub/london_mini,1000,19,0.0
pact,pub/london_mini,1000,20,0.0
pact_plus,pub/london_mini,1000,1,0.0
pact_plus,pub/london_mini,1000,2,0.0
pact_plus,pub/london_mini,1000,3,0.0
pact_plus,pub/london_mini,1000,4,0.0
pact_plus,pub/london_mini,1000,5,0.0
pact_plus,pub/london_mini,1000,6,0.0
pact_plus,pub/london_mini,1000,7,0.0
pact_plus,pub/london_mini,1000,8,0.0
pact_plus,pub/london_mini,1000,9,0.0
pact_plus,pub/london_mini,1000,10,0.0
pact_plus,pub/london_mini,1000,11,0.0
pact_plus,pub/london_mini,1000,12,0.0
pact_plus,pub/london_mini,1000,13,0.0
pact_plus,pub/london_mini,1000,14,0.0
pact_plus,pub/london_mini,1000,15,0.0
pact_plus,pub/london_mini,1000,16,0.0
pact_plus,pub/london_mini,1000,17,0.0
pact_plus,pub/london_mini,1000,18,0.0
pact_plus,pub/london_mini,1000,19,0.0
pact_plus,pub/london_mini,1000,20,0.0
joint_psrl_uniform,pub/london_mini,1000,1,0.0
joint_psrl_uniform,pub/london_mini,1000,2,0.0
joint_psrl_uniform,pub/london_mini,1000,3,0.0
joint_psrl_uniform,pub/london_mini,1000,4,0.0
joint_psrl_uniform,pub/london_mini,1000,5,0.0
joint_psrl_uniform,pub/london_mini,1000,6,0.0
joint_psrl_uniform,pub/london_mini,1000,7,0.0
joint_psrl_uniform,pub/london_mini,1000,8,0.0
joint_psrl_uniform,pub/london_mini,1000,9,0.0
joint_psrl_uniform,pub/london_mini,1000,10,0.0
joint_psrl_uniform,pub/london_mini,1000,11,0.0
joint_psrl_uniform,pub/london_mini,1000,12,0.0
joint_psrl_uniform,pub/london_mini,1000,13,0.0
joint_psrl_uniform,pub/london_mini,1000,14,0.0
joint_psrl_uniform,pub/london_mini,1000,15,0.0
joint_psrl_uniform,pub/london_mini,1000,16,0.0
joint_psrl_uniform,pub/london_mini,1000,17,0.0
joint_psrl_uniform,pub/london_mini,1000,18,0.0
joint_psrl_uniform,pub/london_mini,1000,19,0.0
joint_psrl_uniform,pub/london_mini,1000,20,0.0
psrl_notype,pub/london_mini,1000,1,0.0
psrl_notype,pub/london_mini,1000,2,0.0
psrl_notype,pub/london_mini,1000,3,0.0
psrl_notype,pub/london_mini,1000,4,0.0
psrl_notype,pub/london_mini,1000,5,0.0
psrl_notype,pub/london_mini,1000,6,0.0
psrl_notype,pub/london_mini,1000,7,0.0
psrl_notype,pub/london_mini,1000,8,0.0
psrl_notype,pub/london_mini,1000,9,0.0
psrl_notype,pub/london_mini,1000,10,0.0
psrl_notype,pub/london_mini,1000,11,0.0
psrl_notype,pub/london_mini,1000,12,0.0
psrl_notype,pub/london_mini,1000,13,0.0
psrl_notype,pub/london_mini,1000,14,0.0
psrl_notype,pub/london_mini,1000,15,0.0
psrl_notype,pub/london_mini,1000,16,0.0
psrl_notype,pub/london_mini,1000,17,0.0
psrl_notype,pub/london_mini,1000,18,0.0
psrl_notype,pub/london_mini,1000,19,0.0
psrl_notype,pub/london_mini,1000,20,0.0
map_type_greedy,pub/london_mini,1000,1,0.0
map_type_greedy,pub/london_mini,1000,2,0.0
map_type_greedy,pub/london_mini,1000,3,0.0
map_type_greedy,pub/london_mini,1000,4,0.0
map_type_greedy,pub/london_mini,1000,5,0.0
map_type_greedy,pub/london_mini,1000,6,0.0
map_type_greedy,pub/london_mini,1000,7,0.0
map_type_greedy,pub/london_mini,1000,8,0.0
map_type_greedy,pub/london_mini,1000,9,0.0
map_type_greedy,pub/london_mini,1000,10,0.0
map_type_greedy,pub/london_mini,1000,11,0.0
map_type_greedy,pub/london_mini,1000,12,0.0
map_type_greedy,pub/london_mini,1000,13,0.0
map_type_greedy,pub/london_mini,1000,14,0.0
map_type_greedy,pub/london_mini,1000,15,0.0
map_type_greedy,pub/london_mini,1000,16,0.0
map_type_greedy,pub/london_mini,1000,17,0.0
map_type_greedy,pub/london_mini,1000,18,0.0
map_type_greedy,pub/london_mini,1000,19,0.0
map_type_greedy,pub/london_mini,1000,20,0.0
econ_bne,pub/london_mini,1000,1,0.0
econ_bne,pub/london_mini,1000,2,0.0
econ_bne,pub/london_mini,1000,3,0.0
econ_bne,pub/london_mini,1000,4,0.0
econ_bne,pub/london_mini,1000,5,0.0
econ_bne,pub/london_mini,1000,6,0.0
econ_bne,pub/london_mini,1000,7,0.0
econ_bne,pub/london_mini,1000,8,0.0
econ_bne,pub/london_mini,1000,9,0.0
econ_bne,pub/london_mini,1000,10,0.0
econ_bne,pub/london_mini,1000,11,0.0
econ_bne,pub/london_mini,1000,12,0.0
econ_bne,pub/london_mini,1000,13,0.0
econ_bne,pub/london_mini,1000,14,0.0
econ_bne,pub/london_mini,1000,15,0.0
econ_bne,pub/london_mini,1000,16,0.0
econ_bne,pub/london_mini,1000,17,0.0
econ_bne,pub/london_mini,1000,18,0.0
econ_bne,pub/london_mini,1000,19,0.0
econ_bne,pub/london_mini,1000,20,0.0
atom_tom1,pub/london_mini,1000,1,0.0
atom_tom1,pub/london_mini,1000,2,0.0
atom_tom1,pub/london_mini,1000,3,0.0
atom_tom1,pub/london_mini,1000,4,0.0
atom_tom1,pub/london_mini,1000,5,0.0
atom_tom1,pub/london_mini,1000,6,0.0
atom_tom1,pub/london_mini,1000,7,0.0
atom_tom1,pub/london_mini,1000,8,0.0
atom_tom1,pub/london_mini,1000,9,0.0
atom_tom1,pub/london_mini,1000,10,0.0
atom_tom1,pub/london_mini,1000,11,0.0
atom_tom1,pub/london_mini,1000,12,0.0
atom_tom1,pub/london_mini,1000,13,0.0
atom_tom1,pub/london_mini,1000,14,0.0
atom_tom1,pub/london_mini,1000,15,0.0
atom_tom1,pub/london_mini,1000,16,0.0
atom_tom1,pub/london_mini,1000,17,0.0
atom_tom1,pub/london_mini,1000,18,0.0
atom_tom1,pub/london_mini,1000,19,0.0
atom_tom1,pub/london_mini,1000,20,0.0
random,pub/london_mini,1000,1,1.2259259259259259
random,pub/london_mini,1000,2,2.474074074074074
random,pub/london_mini,1000,3,3.911111111111111
random,pub/london_mini,1000,4,5.348148148148148
random,pub/london_mini,1000,5,6.5962962962962965
random,pub/london_mini,1000,6,8.033333333333333
random,pub/london_mini,1000,7,8.033333333333333
random,pub/london_mini,1000,8,9.47037037037037
random,pub/london_mini,1000,9,10.718518518518518
random,pub/london_mini,1000,10,10.718518518518518
random,pub/london_mini,1000,11,11.944444444444445
random,pub/london_mini,1000,12,13.170370370370371
random,pub/london_mini,1000,13,14.396296296296297
random,pub/london_mini,1000,14,15.833333333333334
random,pub/london_mini,1000,15,17.270370370370372
random,pub/london_mini,1000,16,18.51851851851852
random,pub/london_mini,1000,17,19.744444444444444
random,pub/london_mini,1000,18,21.18148148148148
random,pub/london_mini,1000,19,22.618518518518517
random,pub/london_mini,1000,20,22.618518518518517
pact,haggling/fruitville,1000,1,0.156521739130435
pact,haggling/fruitville,1000,2,0.156521739130435
pact,haggling/fruitville,1000,3,0.156521739130435
pact,haggling/fruitville,1000,4,0.33913043478260896
pact,haggling/fruitville,1000,5,0.33913043478260896
pact,haggling/fruitville,1000,6,0.33913043478260896
pact,haggling/fruitville,1000,7,0.33913043478260896
pact,haggling/fruitville,1000,8,0.33913043478260896
pact,haggling/fruitville,1000,9,0.33913043478260896
pact,haggling/fruitville,1000,10,0.33913043478260896
pact,haggling/fruitville,1000,11,0.33913043478260896
pact,haggling/fruitville,1000,12,0.33913043478260896
pact,haggling/fruitville,1000,13,0.33913043478260896
pact,haggling/fruitville,1000,14,0.33913043478260896
pact,haggling/fruitville,1000,15,0.33913043478260896
pact,haggling/fruitville,1000,16,0.33913043478260896
pact,haggling/fruitville,1000,17,0.33913043478260896
pact,haggling/fruitville,1000,18,0.33913043478260896
pact,haggling/fruitville,1000,19,0.49565217391304395
pact,haggling/fruitville,1000,20,0.49565217391304395
pact_plus,haggling/fruitville,1000,1,0.156521739130435
pact_plus,haggling/fruitville,1000,2,0.156521739130435
pact_plus,haggling/fruitville,1000,3,0.156521739130435
pact_plus,haggling/fruitville,1000,4,0.33913043478260896
pact_plus,haggling/fruitville,1000,5,0.33913043478260896
pact_plus,haggling/fruitville,1000,6,0.33913043478260896
pact_plus,haggling/fruitville,1000,7,0.33913043478260896
pact_plus,haggling/fruitville,1000,8,0.33913043478260896
pact_plus,haggling/fruitville,1000,9,0.33913043478260896
pact_plus,haggling/fruitville,1000,10,0.33913043478260896
pact_plus,haggling/fruitville,1000,11,0.33913043478260896
pact_plus,haggling/fruitville,1000,12,0.33913043478260896
pact_plus,haggling/fruitville,1000,13,0.33913043478260896
pact_plus,haggling/fruitville,1000,14,0.33913043478260896
pact_plus,haggling/fruitville,1000,15,0.33913043478260896
pact_plus,haggling/fruitville,1000,16,0.33913043478260896
pact_plus,haggling/fruitville,1000,17,0.33913043478260896
pact_plus,haggling/fruitville,1000,18,0.33913043478260896
pact_plus,haggling/fruitville,1000,19,0.49565217391304395
pact_plus,haggling/fruitville,1000,20,0.49565217391304395
joint_psrl_uniform,haggling/fruitville,1000,1,0.156521739130435
joint_psrl_uniform,haggling/fruitville,1000,2,0.156521739130435
joint_psrl_uniform,haggling/fruitville,1000,3,0.33913043478260896
joint_psrl_uniform,haggling/fruitville,1000,4,0.33913043478260896
joint_psrl_uniform,haggling/fruitville,1000,5,0.33913043478260896
joint_psrl_uniform,haggling/fruitville,1000,6,0.33913043478260896
joint_psrl_uniform,haggling/fruitville,1000,7,0.33913043478260896
joint_psrl_uniform,haggling/fruitville,1000,8,0.33913043478260896
joint_psrl_uniform,haggling/fruitville,1000,9,0.33913043478260896
joint_psrl_uniform,haggling/fruitville,1000,10,0.33913043478260896
joint_psrl_uniform,haggling/fruitville,1000,11,0.33913043478260896
joint_psrl_uniform,haggling/fruitville,1000,12,0.33913043478260896
joint_psrl_uniform,haggling/fruitville,1000,13,0.49565217391304395
joint_psrl_uniform,haggling/fruitville,1000,14,0.49565217391304395
joint_psrl_uniform,haggling/fruitville,1000,15,0.49565217391304395
joint_psrl_uniform,haggling/fruitville,1000,16,0.49565217391304395
joint_psrl_uniform,haggling/fruitville,1000,17,0.49565217391304395
joint_psrl_uniform,haggling/fruitville,1000,18,0.49565217391304395
joint_psrl_uniform,haggling/fruitville,1000,19,0.49565217391304395
joint_psrl_uniform,haggling/fruitville,1000,20,0.49565217391304395
psrl_notype,haggling/fruitville,1000,1,0.0
psrl_notype,haggling/fruitville,1000,2,0.156521739130435
psrl_notype,haggling/fruitville,1000,3,0.31304347826087
psrl_notype,haggling/fruitville,1000,4,0.31304347826087
psrl_notype,haggling/fruitville,1000,5,0.31304347826087
psrl_notype,haggling/fruitville,1000,6,0.31304347826087
psrl_notype,haggling/fruitville,1000,7,0.31304347826087
psrl_notype,haggling/fruitville,1000,8,0.46956521739130497
psrl_notype,haggling/fruitville,1000,9,0.46956521739130497
psrl_notype,haggling/fruitville,1000,10,0.46956521739130497
psrl_notype,haggling/fruitville,1000,11,0.62608695652174
psrl_notype,haggling/fruitville,1000,12,0.782608695652175
psrl_notype,haggling/fruitville,1000,13,0.9652173913043489
psrl_notype,haggling/fruitville,1000,14,1.121739130434784
psrl_notype,haggling/fruitville,1000,15,1.121739130434784
psrl_notype,haggling/fruitville,1000,16,1.121739130434784
psrl_notype,haggling/fruitville,1000,17,1.121739130434784
psrl_notype,haggling/fruitville,1000,18,1.278260869565219
psrl_notype,haggling/fruitville,1000,19,1.278260869565219
psrl_notype,haggling/fruitville,1000,20,1.278260869565219
map_type_greedy,haggling/fruitville,1000,1,0.156521739130435
map_type_greedy,haggling/fruitville,1000,2,0.156521739130435
map_type_greedy,haggling/fruitville,1000,3,0.156521739130435
map_type_greedy,haggling/fruitville,1000,4,0.156521739130435
map_type_greedy,haggling/fruitville,1000,5,0.156521739130435
map_type_greedy,haggling/fruitville,1000,6,0.156521739130435
map_type_greedy,haggling/fruitville,1000,7,0.156521739130435
map_type_greedy,haggling/fruitville,1000,8,0.156521739130435
map_type_greedy,haggling/fruitville,1000,9,0.156521739130435
map_type_greedy,haggling/fruitville,1000,10,0.156521739130435
map_type_greedy,haggling/fruitville,1000,11,0.156521739130435
map_type_greedy,haggling/fruitville,1000,12,0.156521739130435
map_type_greedy,haggling/fruitville,1000,13,0.156521739130435
map_type_greedy,haggling/fruitville,1000,14,0.156521739130435
map_type_greedy,haggling/fruitville,1000,15,0.156521739130435
map_type_greedy,haggling/fruitville,1000,16,0.156521739130435
map_type_greedy,haggling/fruitville,1000,17,0.156521739130435
map_type_greedy,haggling/fruitville,1000,18,0.156521739130435
map_type_greedy,haggling/fruitville,1000,19,0.156521739130435
map_type_greedy,haggling/fruitville,1000,20,0.156521739130435
econ_bne,haggling/fruitville,1000,1,0.060869565217391175
econ_bne,haggling/fruitville,1000,2,0.12173913043478235
econ_bne,haggling/fruitville,1000,3,0.18260869565217352
econ_bne,haggling/fruitville,1000,4,0.2434782608695647
econ_bne,haggling/fruitville,1000,5,0.3043478260869559
econ_bne,haggling/fruitville,1000,6,0.36521739130434705
econ_bne,haggling/fruitville,1000,7,0.4260869565217382
econ_bne,haggling/fruitville,1000,8,0.4869565217391294
econ_bne,haggling/fruitville,1000,9,0.5478260869565206
econ_bne,haggling/fruitville,1000,10,0.6086956521739117
econ_bne,haggling/fruitville,1000,11,0.6695652173913029
econ_bne,haggling/fruitville,1000,12,0.7304347826086941
econ_bne,haggling/fruitville,1000,13,0.7913043478260853
econ_bne,haggling/fruitville,1000,14,0.8521739130434764
econ_bne,haggling/fruitville,1000,15,0.9130434782608676
econ_bne,haggling/fruitville,1000,16,0.9739130434782588
econ_bne,haggling/fruitville,1000,17,1.03478260869565
econ_bne,haggling/fruitville,1000,18,1.0956521739130411
econ_bne,haggling/fruitville,1000,19,1.1565217391304323
econ_bne,haggling/fruitville,1000,20,1.2173913043478235
atom_tom1,haggling/fruitville,1000,1,0.12173913043478257
atom_tom1,haggling/fruitville,1000,2,0.24347826086956514
atom_tom1,haggling/fruitville,1000,3,0.3652173913043477
atom_tom1,haggling/fruitville,1000,4,0.4869565217391303
atom_tom1,haggling/fruitville,1000,5,0.6086956521739129
atom_tom1,haggling/fruitville,1000,6,0.7304347826086954
atom_tom1,haggling/fruitville,1000,7,0.852173913043478
atom_tom1,haggling/fruitville,1000,8,0.9739130434782606
atom_tom1,haggling/fruitville,1000,9,1.0956521739130431
atom_tom1,haggling/fruitville,1000,10,1.2173913043478257
atom_tom1,haggling/fruitville,1000,11,1.3391304347826083
atom_tom1,haggling/fruitville,1000,12,1.4608695652173909
atom_tom1,haggling/fruitville,1000,13,1.5826086956521734
atom_tom1,haggling/fruitville,1000,14,1.704347826086956
atom_tom1,haggling/fruitville,1000,15,1.8260869565217386
atom_tom1,haggling/fruitville,1000,16,1.9478260869565212
atom_tom1,haggling/fruitville,1000,17,2.069565217391304
atom_tom1,haggling/fruitville,1000,18,2.1913043478260867
atom_tom1,haggling/fruitville,1000,19,2.3130434782608695
atom_tom1,haggling/fruitville,1000,20,2.4347826086956523
random,haggling/fruitville,1000,1,0.12173913043478257
random,haggling/fruitville,1000,2,0.18260869565217375
random,haggling/fruitville,1000,3,1.017391304347826
random,haggling/fruitville,1000,4,1.017391304347826
random,haggling/fruitville,1000,5,1.8521739130434782
random,haggling/fruitville,1000,6,1.8521739130434782
random,haggling/fruitville,1000,7,2.6869565217391305
random,haggling/fruitville,1000,8,3.5217391304347827
random,haggling/fruitville,1000,9,4.356521739130435
random,haggling/fruitville,1000,10,5.191304347826087
random,haggling/fruitville,1000,11,6.026086956521739
random,haggling/fruitville,1000,12,6.860869565217392
random,haggling/fruitville,1000,13,7.695652173913045
random,haggling/fruitville,1000,14,8.530434782608697
random,haggling/fruitville,1000,15,8.686956521739132
random,haggling/fruitville,1000,16,9.521739130434785
random,haggling/fruitville,1000,17,10.356521739130438
random,haggling/fruitville,1000,18,11.19130434782609
random,haggling/fruitville,1000,19,11.347826086956525
random,haggling/fruitville,1000,20,11.5304347826087
pact,haggling/vegbrooke,1000,1,0.5095607235142121
pact,haggling/vegbrooke,1000,2,0.5095607235142121
pact,haggling/vegbrooke,1000,3,0.5095607235142121
pact,haggling/vegbrooke,1000,4,0.8222222222222224
pact,haggling/vegbrooke,1000,5,0.8222222222222224
pact,haggling/vegbrooke,1000,6,0.8222222222222224
pact,haggling/vegbrooke,1000,7,0.8222222222222224
pact,haggling/vegbrooke,1000,8,0.8222222222222224
pact,haggling/vegbrooke,1000,9,0.8222222222222224
pact,haggling/vegbrooke,1000,10,0.8222222222222224
pact,haggling/vegbrooke,1000,11,0.8222222222222224
pact,haggling/vegbrooke,1000,12,0.8222222222222224
pact,haggling/vegbrooke,1000,13,0.8222222222222224
pact,haggling/vegbrooke,1000,14,0.8222222222222224
pact,haggling/vegbrooke,1000,15,0.8222222222222224
pact,haggling/vegbrooke,1000,16,0.8222222222222224
pact,haggling/vegbrooke,1000,17,0.8222222222222224
pact,haggling/vegbrooke,1000,18,0.8222222222222224
pact,haggling/vegbrooke,1000,19,0.8222222222222224
pact,haggling/vegbrooke,1000,20,0.8222222222222224
pact_plus,haggling/vegbrooke,1000,1,0.5095607235142121
pact_plus,haggling/vegbrooke,1000,2,0.5095607235142121
pact_plus,haggling/vegbrooke,1000,3,0.5095607235142121
pact_plus,haggling/vegbrooke,1000,4,0.8222222222222224
pact_plus,haggling/vegbrooke,1000,5,0.8222222222222224
pact_plus,haggling/vegbrooke,1000,6,0.8222222222222224
pact_plus,haggling/vegbrooke,1000,7,0.8222222222222224
pact_plus,haggling/vegbrooke,1000,8,0.8222222222222224
pact_plus,haggling/vegbrooke,1000,9,0.8222222222222224
pact_plus,haggling/vegbrooke,1000,10,0.8222222222222224
pact_plus,haggling/vegbrooke,1000,11,0.8222222222222224
pact_plus,haggling/vegbrooke,1000,12,0.8222222222222224
pact_plus,haggling/vegbrooke,1000,13,0.8222222222222224
pact_plus,haggling/vegbrooke,1000,14,0.8222222222222224
pact_plus,haggling/vegbrooke,1000,15,0.8222222222222224
pact_plus,haggling/vegbrooke,1000,16,0.8222222222222224
pact_plus,haggling/vegbrooke,1000,17,0.8222222222222224
pact_plus,haggling/vegbrooke,1000,18,0.8222222222222224
pact_plus,haggling/vegbrooke,1000,19,0.8222222222222224
pact_plus,haggling/vegbrooke,1000,20,0.8222222222222224
joint_psrl_uniform,haggling/vegbrooke,1000,1,0.0
joint_psrl_uniform,haggling/vegbrooke,1000,2,0.5095607235142121
joint_psrl_uniform,haggling/vegbrooke,1000,3,0.8222222222222224
joint_psrl_uniform,haggling/vegbrooke,1000,4,0.8222222222222224
joint_psrl_uniform,haggling/vegbrooke,1000,5,0.8222222222222224
joint_psrl_uniform,haggling/vegbrooke,1000,6,0.8222222222222224
joint_psrl_uniform,haggling/vegbrooke,1000,7,0.8222222222222224
joint_psrl_uniform,haggling/vegbrooke,1000,8,0.8222222222222224
joint_psrl_uniform,haggling/vegbrooke,1000,9,0.8222222222222224
joint_psrl_uniform,haggling/vegbrooke,1000,10,0.8222222222222224
joint_psrl_uniform,haggling/vegbrooke,1000,11,0.8222222222222224
joint_psrl_uniform,haggling/vegbrooke,1000,12,0.8222222222222224
joint_psrl_uniform,haggling/vegbrooke,1000,13,0.8222222222222224
joint_psrl_uniform,haggling/vegbrooke,1000,14,0.8222222222222224
joint_psrl_uniform,haggling/vegbrooke,1000,15,0.8222222222222224
joint_psrl_uniform,haggling/vegbrooke,1000,16,0.8222222222222224
joint_psrl_uniform,haggling/vegbrooke,1000,17,0.8222222222222224
joint_psrl_uniform,haggling/vegbrooke,1000,18,0.8222222222222224
joint_psrl_uniform,haggling/vegbrooke,1000,19,0.8222222222222224
joint_psrl_uniform,haggling/vegbrooke,1000,20,0.8222222222222224
psrl_notype,haggling/vegbrooke,1000,1,0.0
psrl_notype,haggling/vegbrooke,1000,2,0.0
psrl_notype,haggling/vegbrooke,1000,3,0.0
psrl_notype,haggling/vegbrooke,1000,4,0.0
psrl_notype,haggling/vegbrooke,1000,5,0.0
psrl_notype,haggling/vegbrooke,1000,6,0.0
psrl_notype,haggling/vegbrooke,1000,7,0.0
psrl_notype,haggling/vegbrooke,1000,8,0.0
psrl_notype,haggling/vegbrooke,1000,9,0.0
psrl_notype,haggling/vegbrooke,1000,10,0.0
psrl_notype,haggling/vegbrooke,1000,11,0.0
psrl_notype,haggling/vegbrooke,1000,12,0.5095607235142121
psrl_notype,haggling/vegbrooke,1000,13,0.8222222222222224
psrl_notype,haggling/vegbrooke,1000,14,1.3317829457364345
psrl_notype,haggling/vegbrooke,1000,15,1.3317829457364345
psrl_notype,haggling/vegbrooke,1000,16,1.3317829457364345
psrl_notype,haggling/vegbrooke,1000,17,1.3317829457364345
psrl_notype,haggling/vegbrooke,1000,18,1.3317829457364345
psrl_notype,haggling/vegbrooke,1000,19,1.3317829457364345
psrl_notype,haggling/vegbrooke,1000,20,1.3317829457364345
map_type_greedy,haggling/vegbrooke,1000,1,0.0
map_type_greedy,haggling/vegbrooke,1000,2,0.0
map_type_greedy,haggling/vegbrooke,1000,3,0.0
map_type_greedy,haggling/vegbrooke,1000,4,0.0
map_type_greedy,haggling/vegbrooke,1000,5,0.0
map_type_greedy,haggling/vegbrooke,1000,6,0.0
map_type_greedy,haggling/vegbrooke,1000,7,0.0
map_type_greedy,haggling/vegbrooke,1000,8,0.0
map_type_greedy,haggling/vegbrooke,1000,9,0.0
map_type_greedy,haggling/vegbrooke,1000,10,0.0
map_type_greedy,haggling/vegbrooke,1000,11,0.0
map_type_greedy,haggling/vegbrooke,1000,12,0.0
map_type_greedy,haggling/vegbrooke,1000,13,0.0
map_type_greedy,haggling/vegbrooke,1000,14,0.0
map_type_greedy,haggling/vegbrooke,1000,15,0.0
map_type_greedy,haggling/vegbrooke,1000,16,0.0
map_type_greedy,haggling/vegbrooke,1000,17,0.0
map_type_greedy,haggling/vegbrooke,1000,18,0.0
map_type_greedy,haggling/vegbrooke,1000,19,0.0
map_type_greedy,haggling/vegbrooke,1000,20,0.0
econ_bne,haggling/vegbrooke,1000,1,0.0
econ_bne,haggling/vegbrooke,1000,2,0.0
econ_bne,haggling/vegbrooke,1000,3,0.0
econ_bne,haggling/vegbrooke,1000,4,0.0
econ_bne,haggling/vegbrooke,1000,5,0.0
econ_bne,haggling/vegbrooke,1000,6,0.0
econ_bne,haggling/vegbrooke,1000,7,0.0
econ_bne,haggling/vegbrooke,1000,8,0.0
econ_bne,haggling/vegbrooke,1000,9,0.0
econ_bne,haggling/vegbrooke,1000,10,0.0
econ_bne,haggling/vegbrooke,1000,11,0.0
econ_bne,haggling/vegbrooke,1000,12,0.0
econ_bne,haggling/vegbrooke,1000,13,0.0
econ_bne,haggling/vegbrooke,1000,14,0.0
econ_bne,haggling/vegbrooke,1000,15,0.0
econ_bne,haggling/vegbrooke,1000,16,0.0
econ_bne,haggling/vegbrooke,1000,17,0.0
econ_bne,haggling/vegbrooke,1000,18,0.0
econ_bne,haggling/vegbrooke,1000,19,0.0
econ_bne,haggling/vegbrooke,1000,20,0.0
atom_tom1,haggling/vegbrooke,1000,1,0.0
atom_tom1,haggling/vegbrooke,1000,2,0.0
atom_tom1,haggling/vegbrooke,1000,3,0.0
atom_tom1,haggling/vegbrooke,1000,4,0.0
atom_tom1,haggling/vegbrooke,1000,5,0.0
atom_tom1,haggling/vegbrooke,1000,6,0.0
atom_tom1,haggling/vegbrooke,1000,7,0.0
atom_tom1,haggling/vegbrooke,1000,8,0.0
atom_tom1,haggling/vegbrooke,1000,9,0.0
atom_tom1,haggling/vegbrooke,1000,10,0.0
atom_tom1,haggling/vegbrooke,1000,11,0.0
atom_tom1,haggling/vegbrooke,1000,12,0.0
atom_tom1,haggling/vegbrooke,1000,13,0.0
atom_tom1,haggling/vegbrooke,1000,14,0.0
atom_tom1,haggling/vegbrooke,1000,15,0.0
atom_tom1,haggling/vegbrooke,1000,16,0.0
atom_tom1,haggling/vegbrooke,1000,17,0.0
atom_tom1,haggling/vegbrooke,1000,18,0.0
atom_tom1,haggling/vegbrooke,1000,19,0.0
atom_tom1,haggling/vegbrooke,1000,20,0.0
random,haggling/vegbrooke,1000,1,0.2785529715762274
random,haggling/vegbrooke,1000,2,0.5229974160206718
random,haggling/vegbrooke,1000,3,0.5229974160206718
random,haggling/vegbrooke,1000,4,0.8444444444444446
random,haggling/vegbrooke,1000,5,0.8444444444444446
random,haggling/vegbrooke,1000,6,1.1658914728682173
random,haggling/vegbrooke,1000,7,1.1658914728682173
random,haggling/vegbrooke,1000,8,1.1658914728682173
random,haggling/vegbrooke,1000,9,1.1658914728682173
random,haggling/vegbrooke,1000,10,1.1658914728682173
random,haggling/vegbrooke,1000,11,1.1658914728682173
random,haggling/vegbrooke,1000,12,1.1658914728682173
random,haggling/vegbrooke,1000,13,1.1658914728682173
random,haggling/vegbrooke,1000,14,1.1658914728682173
random,haggling/vegbrooke,1000,15,1.6754521963824294
random,haggling/vegbrooke,1000,16,1.6754521963824294
random,haggling/vegbrooke,1000,17,1.6754521963824294
random,haggling/vegbrooke,1000,18,1.6754521963824294
random,haggling/vegbrooke,1000,19,2.1850129198966415
random,haggling/vegbrooke,1000,20,2.497674418604652
pact,haggling_multi_item/vegbrooke,1000,1,0.36363636363636365
pact,haggling_multi_item/vegbrooke,1000,2,0.36363636363636365
pact,haggling_multi_item/vegbrooke,1000,3,0.36363636363636365
pact,haggling_multi_item/vegbrooke,1000,4,0.4545454545454547
pact,haggling_multi_item/vegbrooke,1000,5,0.4545454545454547
pact,haggling_multi_item/vegbrooke,1000,6,0.4545454545454547
pact,haggling_multi_item/vegbrooke,1000,7,0.4545454545454547
pact,haggling_multi_item/vegbrooke,1000,8,0.4545454545454547
pact,haggling_multi_item/vegbrooke,1000,9,0.4545454545454547
pact,haggling_multi_item/vegbrooke,1000,10,0.4545454545454547
pact,haggling_multi_item/vegbrooke,1000,11,0.4545454545454547
pact,haggling_multi_item/vegbrooke,1000,12,0.4545454545454547
pact,haggling_multi_item/vegbrooke,1000,13,0.4545454545454547
pact,haggling_multi_item/vegbrooke,1000,14,0.5151515151515155
pact,haggling_multi_item/vegbrooke,1000,15,0.5151515151515155
pact,haggling_multi_item/vegbrooke,1000,16,0.5151515151515155
pact,haggling_multi_item/vegbrooke,1000,17,0.5757575757575762
pact,haggling_multi_item/vegbrooke,1000,18,0.5757575757575762
pact,haggling_multi_item/vegbrooke,1000,19,0.5757575757575762
pact,haggling_multi_item/vegbrooke,1000,20,0.5757575757575762
pact_plus,haggling_multi_item/vegbrooke,1000,1,0.36363636363636365
pact_plus,haggling_multi_item/vegbrooke,1000,2,0.36363636363636365
pact_plus,haggling_multi_item/vegbrooke,1000,3,0.36363636363636365
pact_plus,haggling_multi_item/vegbrooke,1000,4,0.4545454545454547
pact_plus,haggling_multi_item/vegbrooke,1000,5,0.4545454545454547
pact_plus,haggling_multi_item/vegbrooke,1000,6,0.4545454545454547
pact_plus,haggling_multi_item/vegbrooke,1000,7,0.4545454545454547
pact_plus,haggling_multi_item/vegbrooke,1000,8,0.4545454545454547
pact_plus,haggling_multi_item/vegbrooke,1000,9,0.4545454545454547
pact_plus,haggling_multi_item/vegbrooke,1000,10,0.4545454545454547
pact_plus,haggling_multi_item/vegbrooke,1000,11,0.4545454545454547
pact_plus,haggling_multi_item/vegbrooke,1000,12,0.4545454545454547
pact_plus,haggling_multi_item/vegbrooke,1000,13,0.4545454545454547
pact_plus,haggling_multi_item/vegbrooke,1000,14,0.5454545454545457
pact_plus,haggling_multi_item/vegbrooke,1000,15,0.5454545454545457
pact_plus,haggling_multi_item/vegbrooke,1000,16,0.5454545454545457
pact_plus,haggling_multi_item/vegbrooke,1000,17,0.6363636363636368
pact_plus,haggling_multi_item/vegbrooke,1000,18,0.6363636363636368
pact_plus,haggling_multi_item/vegbrooke,1000,19,0.6363636363636368
pact_plus,haggling_multi_item/vegbrooke,1000,20,0.6363636363636368
joint_psrl_uniform,haggling_multi_item/vegbrooke,1000,1,0.060606060606060774
joint_psrl_uniform,haggling_multi_item/vegbrooke,1000,2,0.12121212121212155
joint_psrl_uniform,haggling_multi_item/vegbrooke,1000,3,0.12121212121212155
joint_psrl_uniform,haggling_multi_item/vegbrooke,1000,4,0.18181818181818232
joint_psrl_uniform,haggling_multi_item/vegbrooke,1000,5,0.18181818181818232
joint_psrl_uniform,haggling_multi_item/vegbrooke,1000,6,0.2424242424242431
joint_psrl_uniform,haggling_multi_item/vegbrooke,1000,7,0.2424242424242431
joint_psrl_uniform,haggling_multi_item/vegbrooke,1000,8,0.2424242424242431
joint_psrl_uniform,haggling_multi_item/vegbrooke,1000,9,0.2424242424242431
joint_psrl_uniform,haggling_multi_item/vegbrooke,1000,10,0.2424242424242431
joint_psrl_uniform,haggling_multi_item/vegbrooke,1000,11,0.2424242424242431
joint_psrl_uniform,haggling_multi_item/vegbrooke,1000,12,0.30303030303030387
joint_psrl_uniform,haggling_multi_item/vegbrooke,1000,13,0.36363636363636465
joint_psrl_uniform,haggling_multi_item/vegbrooke,1000,14,0.36363636363636465
joint_psrl_uniform,haggling_multi_item/vegbrooke,1000,15,0.36363636363636465
joint_psrl_uniform,haggling_multi_item/vegbrooke,1000,16,0.36363636363636465
joint_psrl_uniform,haggling_multi_item/vegbrooke,1000,17,0.36363636363636465
joint_psrl_uniform,haggling_multi_item/vegbrooke,1000,18,0.36363636363636465
joint_psrl_uniform,haggling_multi_item/vegbrooke,1000,19,0.36363636363636465
joint_psrl_uniform,haggling_multi_item/vegbrooke,1000,20,0.36363636363636465
psrl_notype,haggling_multi_item/vegbrooke,1000,1,0.0
psrl_notype,haggling_multi_item/vegbrooke,1000,2,0.060606060606060774
psrl_notype,haggling_multi_item/vegbrooke,1000,3,0.12121212121212155
psrl_notype,haggling_multi_item/vegbrooke,1000,4,0.12121212121212155
psrl_notype,haggling_multi_item/vegbrooke,1000,5,0.12121212121212155
psrl_notype,haggling_multi_item/vegbrooke,1000,6,0.12121212121212155
psrl_notype,haggling_multi_item/vegbrooke,1000,7,0.18181818181818232
psrl_notype,haggling_multi_item/vegbrooke,1000,8,0.18181818181818232
psrl_notype,haggling_multi_item/vegbrooke,1000,9,0.18181818181818232
psrl_notype,haggling_multi_item/vegbrooke,1000,10,0.18181818181818232
psrl_notype,haggling_multi_item/vegbrooke,1000,11,0.2424242424242431
psrl_notype,haggling_multi_item/vegbrooke,1000,12,0.6060606060606067
psrl_notype,haggling_multi_item/vegbrooke,1000,13,0.6969696969696978
psrl_notype,haggling_multi_item/vegbrooke,1000,14,1.0606060606060614
psrl_notype,haggling_multi_item/vegbrooke,1000,15,1.0606060606060614
psrl_notype,haggling_multi_item/vegbrooke,1000,16,1.0606060606060614
psrl_notype,haggling_multi_item/vegbrooke,1000,17,1.0606060606060614
psrl_notype,haggling_multi_item/vegbrooke,1000,18,1.4242424242424252
psrl_notype,haggling_multi_item/vegbrooke,1000,19,1.484848484848486
psrl_notype,haggling_multi_item/vegbrooke,1000,20,1.484848484848486
map_type_greedy,haggling_multi_item/vegbrooke,1000,1,0.060606060606060774
map_type_greedy,haggling_multi_item/vegbrooke,1000,2,0.060606060606060774
map_type_greedy,haggling_multi_item/vegbrooke,1000,3,0.060606060606060774
map_type_greedy,haggling_multi_item/vegbrooke,1000,4,0.060606060606060774
map_type_greedy,haggling_multi_item/vegbrooke,1000,5,0.060606060606060774
map_type_greedy,haggling_multi_item/vegbrooke,1000,6,0.060606060606060774
map_type_greedy,haggling_multi_item/vegbrooke,1000,7,0.060606060606060774
map_type_greedy,haggling_multi_item/vegbrooke,1000,8,0.060606060606060774
map_type_greedy,haggling_multi_item/vegbrooke,1000,9,0.060606060606060774
map_type_greedy,haggling_multi_item/vegbrooke,1000,10,0.060606060606060774
map_type_greedy,haggling_multi_item/vegbrooke,1000,11,0.060606060606060774
map_type_greedy,haggling_multi_item/vegbrooke,1000,12,0.060606060606060774
map_type_greedy,haggling_multi_item/vegbrooke,1000,13,0.060606060606060774
map_type_greedy,haggling_multi_item/vegbrooke,1000,14,0.060606060606060774
map_type_greedy,haggling_multi_item/vegbrooke,1000,15,0.060606060606060774
map_type_greedy,haggling_multi_item/vegbrooke,1000,16,0.060606060606060774
map_type_greedy,haggling_multi_item/vegbrooke,1000,17,0.060606060606060774
map_type_greedy,haggling_multi_item/vegbrooke,1000,18,0.060606060606060774
map_type_greedy,haggling_multi_item/vegbrooke,1000,19,0.060606060606060774
map_type_greedy,haggling_multi_item/vegbrooke,1000,20,0.060606060606060774
econ_bne,haggling_multi_item/vegbrooke,1000,1,0.0
econ_bne,haggling_multi_item/vegbrooke,1000,2,0.0
econ_bne,haggling_multi_item/vegbrooke,1000,3,0.0
econ_bne,haggling_multi_item/vegbrooke,1000,4,0.0
econ_bne,haggling_multi_item/vegbrooke,1000,5,0.0
econ_bne,haggling_multi_item/vegbrooke,1000,6,0.0
econ_bne,haggling_multi_item/vegbrooke,1000,7,0.0
econ_bne,haggling_multi_item/vegbrooke,1000,8,0.0
econ_bne,haggling_multi_item/vegbrooke,1000,9,0.0
econ_bne,haggling_multi_item/vegbrooke,1000,10,0.0
econ_bne,haggling_multi_item/vegbrooke,1000,11,0.0
econ_bne,haggling_multi_item/vegbrooke,1000,12,0.0
econ_bne,haggling_multi_item/vegbrooke,1000,13,0.0
econ_bne,haggling_multi_item/vegbrooke,1000,14,0.0
econ_bne,haggling_multi_item/vegbrooke,1000,15,0.0
econ_bne,haggling_multi_item/vegbrooke,1000,16,0.0
econ_bne,haggling_multi_item/vegbrooke,1000,17,0.0
econ_bne,haggling_multi_item/vegbrooke,1000,18,0.0
econ_bne,haggling_multi_item/vegbrooke,1000,19,0.0
econ_bne,haggling_multi_item/vegbrooke,1000,20,0.0
atom_tom1,haggling_multi_item/vegbrooke,1000,1,0.060606060606060774
atom_tom1,haggling_multi_item/vegbrooke,1000,2,0.12121212121212155
atom_tom1,haggling_multi_item/vegbrooke,1000,3,0.18181818181818232
atom_tom1,haggling_multi_item/vegbrooke,1000,4,0.2424242424242431
atom_tom1,haggling_multi_item/vegbrooke,1000,5,0.30303030303030387
atom_tom1,haggling_multi_item/vegbrooke,1000,6,0.36363636363636465
atom_tom1,haggling_multi_item/vegbrooke,1000,7,0.4242424242424254
atom_tom1,haggling_multi_item/vegbrooke,1000,8,0.4848484848484862
atom_tom1,haggling_multi_item/vegbrooke,1000,9,0.545454545454547
atom_tom1,haggling_multi_item/vegbrooke,1000,10,0.6060606060606077
atom_tom1,haggling_multi_item/vegbrooke,1000,11,0.6666666666666685
atom_tom1,haggling_multi_item/vegbrooke,1000,12,0.7272727272727293
atom_tom1,haggling_multi_item/vegbrooke,1000,13,0.7878787878787901
atom_tom1,haggling_multi_item/vegbrooke,1000,14,0.8484848484848508
atom_tom1,haggling_multi_item/vegbrooke,1000,15,0.9090909090909116
atom_tom1,haggling_multi_item/vegbrooke,1000,16,0.9696969696969724
atom_tom1,haggling_multi_item/vegbrooke,1000,17,1.0303030303030332
atom_tom1,haggling_multi_item/vegbrooke,1000,18,1.090909090909094
atom_tom1,haggling_multi_item/vegbrooke,1000,19,1.1515151515151547
atom_tom1,haggling_multi_item/vegbrooke,1000,20,1.2121212121212155
random,haggling_multi_item/vegbrooke,1000,1,0.36363636363636365
random,haggling_multi_item/vegbrooke,1000,2,0.9696969696969698
random,haggling_multi_item/vegbrooke,1000,3,1.5757575757575761
random,haggling_multi_item/vegbrooke,1000,4,2.1818181818181825
random,haggling_multi_item/vegbrooke,1000,5,2.787878787878789
random,haggling_multi_item/vegbrooke,1000,6,2.8181818181818192
random,haggling_multi_item/vegbrooke,1000,7,3.4242424242424256
random,haggling_multi_item/vegbrooke,1000,8,3.4242424242424256
random,haggling_multi_item/vegbrooke,1000,9,4.030303030303032
random,haggling_multi_item/vegbrooke,1000,10,4.6363636363636385
random,haggling_multi_item/vegbrooke,1000,11,4.696969696969699
random,haggling_multi_item/vegbrooke,1000,12,4.727272727272729
random,haggling_multi_item/vegbrooke,1000,13,5.333333333333336
random,haggling_multi_item/vegbrooke,1000,14,5.939393939393942
random,haggling_multi_item/vegbrooke,1000,15,6.303030303030305
random,haggling_multi_item/vegbrooke,1000,16,6.4242424242424265
random,haggling_multi_item/vegbrooke,1000,17,6.484848484848487
random,haggling_multi_item/vegbrooke,1000,18,6.606060606060608
random,haggling_multi_item/vegbrooke,1000,19,6.9696969696969715
random,haggling_multi_item/vegbrooke,1000,20,7.575757575757578
pact,haggling_multi_item/fruitville_multi,1000,1,0.36363636363636365
pact,haggling_multi_item/fruitville_multi,1000,2,0.36363636363636365
pact,haggling_multi_item/fruitville_multi,1000,3,0.36363636363636365
pact,haggling_multi_item/fruitville_multi,1000,4,0.4545454545454547
pact,haggling_multi_item/fruitville_multi,1000,5,0.4545454545454547
pact,haggling_multi_item/fruitville_multi,1000,6,0.4545454545454547
pact,haggling_multi_item/fruitville_multi,1000,7,0.4545454545454547
pact,haggling_multi_item/fruitville_multi,1000,8,0.4545454545454547
pact,haggling_multi_item/fruitville_multi,1000,9,0.4545454545454547
pact,haggling_multi_item/fruitville_multi,1000,10,0.4545454545454547
pact,haggling_multi_item/fruitville_multi,1000,11,0.4545454545454547
pact,haggling_multi_item/fruitville_multi,1000,12,0.4545454545454547
pact,haggling_multi_item/fruitville_multi,1000,13,0.4545454545454547
pact,haggling_multi_item/fruitville_multi,1000,14,0.5151515151515155
pact,haggling_multi_item/fruitville_multi,1000,15,0.5151515151515155
pact,haggling_multi_item/fruitville_multi,1000,16,0.5151515151515155
pact,haggling_multi_item/fruitville_multi,1000,17,0.5757575757575762
pact,haggling_multi_item/fruitville_multi,1000,18,0.5757575757575762
pact,haggling_multi_item/fruitville_multi,1000,19,0.5757575757575762
pact,haggling_multi_item/fruitville_multi,1000,20,0.5757575757575762
pact_plus,haggling_multi_item/fruitville_multi,1000,1,0.36363636363636365
pact_plus,haggling_multi_item/fruitville_multi,1000,2,0.36363636363636365
pact_plus,haggling_multi_item/fruitville_multi,1000,3,0.36363636363636365
pact_plus,haggling_multi_item/fruitville_multi,1000,4,0.4545454545454547
pact_plus,haggling_multi_item/fruitville_multi,1000,5,0.4545454545454547
pact_plus,haggling_multi_item/fruitville_multi,1000,6,0.4545454545454547
pact_plus,haggling_multi_item/fruitville_multi,1000,7,0.4545454545454547
pact_plus,haggling_multi_item/fruitville_multi,1000,8,0.4545454545454547
pact_plus,haggling_multi_item/fruitville_multi,1000,9,0.4545454545454547
pact_plus,haggling_multi_item/fruitville_multi,1000,10,0.4545454545454547
pact_plus,haggling_multi_item/fruitville_multi,1000,11,0.4545454545454547
pact_plus,haggling_multi_item/fruitville_multi,1000,12,0.4545454545454547
pact_plus,haggling_multi_item/fruitville_multi,1000,13,0.4545454545454547
pact_plus,haggling_multi_item/fruitville_multi,1000,14,0.5454545454545457
pact_plus,haggling_multi_item/fruitville_multi,1000,15,0.5454545454545457
pact_plus,haggling_multi_item/fruitville_multi,1000,16,0.5454545454545457
pact_plus,haggling_multi_item/fruitville_multi,1000,17,0.6363636363636368
pact_plus,haggling_multi_item/fruitville_multi,1000,18,0.6363636363636368
pact_plus,haggling_multi_item/fruitville_multi,1000,19,0.6363636363636368
pact_plus,haggling_multi_item/fruitville_multi,1000,20,0.6363636363636368
joint_psrl_uniform,haggling_multi_item/fruitville_multi,1000,1,0.09090909090909105
joint_psrl_uniform,haggling_multi_item/fruitville_multi,1000,2,0.15151515151515182
joint_psrl_uniform,haggling_multi_item/fruitville_multi,1000,3,0.15151515151515182
joint_psrl_uniform,haggling_multi_item/fruitville_multi,1000,4,0.15151515151515182
joint_psrl_uniform,haggling_multi_item/fruitville_multi,1000,5,0.15151515151515182
joint_psrl_uniform,haggling_multi_item/fruitville_multi,1000,6,0.2121212121212126
joint_psrl_uniform,haggling_multi_item/fruitville_multi,1000,7,0.2121212121212126
joint_psrl_uniform,haggling_multi_item/fruitville_multi,1000,8,0.2121212121212126
joint_psrl_uniform,haggling_multi_item/fruitville_multi,1000,9,0.2121212121212126
joint_psrl_uniform,haggling_multi_item/fruitville_multi,1000,10,0.2121212121212126
joint_psrl_uniform,haggling_multi_item/fruitville_multi,1000,11,0.2121212121212126
joint_psrl_uniform,haggling_multi_item/fruitville_multi,1000,12,0.2727272727272734
joint_psrl_uniform,haggling_multi_item/fruitville_multi,1000,13,0.33333333333333415
joint_psrl_uniform,haggling_multi_item/fruitville_multi,1000,14,0.33333333333333415
joint_psrl_uniform,haggling_multi_item/fruitville_multi,1000,15,0.33333333333333415
joint_psrl_uniform,haggling_multi_item/fruitville_multi,1000,16,0.33333333333333415
joint_psrl_uniform,haggling_multi_item/fruitville_multi,1000,17,0.33333333333333415
joint_psrl_uniform,haggling_multi_item/fruitville_multi,1000,18,0.33333333333333415
joint_psrl_uniform,haggling_multi_item/fruitville_multi,1000,19,0.33333333333333415
joint_psrl_uniform,haggling_multi_item/fruitville_multi,1000,20,0.33333333333333415
psrl_notype,haggling_multi_item/fruitville_multi,1000,1,0.0
psrl_notype,haggling_multi_item/fruitville_multi,1000,2,0.09090909090909105
psrl_notype,haggling_multi_item/fruitville_multi,1000,3,0.1818181818181821
psrl_notype,haggling_multi_item/fruitville_multi,1000,4,0.1818181818181821
psrl_notype,haggling_multi_item/fruitville_multi,1000,5,0.1818181818181821
psrl_notype,haggling_multi_item/fruitville_multi,1000,6,0.1818181818181821
psrl_notype,haggling_multi_item/fruitville_multi,1000,7,0.24242424242424288
psrl_notype,haggling_multi_item/fruitville_multi,1000,8,0.24242424242424288
psrl_notype,haggling_multi_item/fruitville_multi,1000,9,0.24242424242424288
psrl_notype,haggling_multi_item/fruitville_multi,1000,10,0.24242424242424288
psrl_notype,haggling_multi_item/fruitville_multi,1000,11,0.30303030303030365
psrl_notype,haggling_multi_item/fruitville_multi,1000,12,0.6666666666666673
psrl_notype,haggling_multi_item/fruitville_multi,1000,13,0.7575757575757583
psrl_notype,haggling_multi_item/fruitville_multi,1000,14,1.121212121212122
psrl_notype,haggling_multi_item/fruitville_multi,1000,15,1.121212121212122
psrl_notype,haggling_multi_item/fruitville_multi,1000,16,1.121212121212122
psrl_notype,haggling_multi_item/fruitville_multi,1000,17,1.121212121212122
psrl_notype,haggling_multi_item/fruitville_multi,1000,18,1.4848484848484858
psrl_notype,haggling_multi_item/fruitville_multi,1000,19,1.5454545454545465
psrl_notype,haggling_multi_item/fruitville_multi,1000,20,1.5454545454545465
map_type_greedy,haggling_multi_item/fruitville_multi,1000,1,0.09090909090909105
map_type_greedy,haggling_multi_item/fruitville_multi,1000,2,0.09090909090909105
map_type_greedy,haggling_multi_item/fruitville_multi,1000,3,0.09090909090909105
map_type_greedy,haggling_multi_item/fruitville_multi,1000,4,0.09090909090909105
map_type_greedy,haggling_multi_item/fruitville_multi,1000,5,0.09090909090909105
map_type_greedy,haggling_multi_item/fruitville_multi,1000,6,0.09090909090909105
map_type_greedy,haggling_multi_item/fruitville_multi,1000,7,0.09090909090909105
map_type_greedy,haggling_multi_item/fruitville_multi,1000,8,0.09090909090909105
map_type_greedy,haggling_multi_item/fruitville_multi,1000,9,0.09090909090909105
map_type_greedy,haggling_multi_item/fruitville_multi,1000,10,0.09090909090909105
map_type_greedy,haggling_multi_item/fruitville_multi,1000,11,0.09090909090909105
map_type_greedy,haggling_multi_item/fruitville_multi,1000,12,0.09090909090909105
map_type_greedy,haggling_multi_item/fruitville_multi,1000,13,0.09090909090909105
map_type_greedy,haggling_multi_item/fruitville_multi,1000,14,0.09090909090909105
map_type_greedy,haggling_multi_item/fruitville_multi,1000,15,0.09090909090909105
map_type_greedy,haggling_multi_item/fruitville_multi,1000,16,0.09090909090909105
map_type_greedy,haggling_multi_item/fruitville_multi,1000,17,0.09090909090909105
map_type_greedy,haggling_multi_item/fruitville_multi,1000,18,0.09090909090909105
map_type_greedy,haggling_multi_item/fruitville_multi,1000,19,0.09090909090909105
map_type_greedy,haggling_multi_item/fruitville_multi,1000,20,0.09090909090909105
econ_bne,haggling_multi_item/fruitville_multi,1000,1,0.030303030303030498
econ_bne,haggling_multi_item/fruitville_multi,1000,2,0.060606060606060996
econ_bne,haggling_multi_item/fruitville_multi,1000,3,0.0909090909090915
econ_bne,haggling_multi_item/fruitville_multi,1000,4,0.12121212121212199
econ_bne,haggling_multi_item/fruitville_multi,1000,5,0.1515151515151525
econ_bne,haggling_multi_item/fruitville_multi,1000,6,0.181818181818183
econ_bne,haggling_multi_item/fruitville_multi,1000,7,0.2121212121212135
econ_bne,haggling_multi_item/fruitville_multi,1000,8,0.24242424242424399
econ_bne,haggling_multi_item/fruitville_multi,1000,9,0.2727272727272745
econ_bne,haggling_multi_item/fruitville_multi,1000,10,0.303030303030305
econ_bne,haggling_multi_item/fruitville_multi,1000,11,0.3333333333333355
econ_bne,haggling_multi_item/fruitville_multi,1000,12,0.363636363636366
econ_bne,haggling_multi_item/fruitville_multi,1000,13,0.3939393939393965
econ_bne,haggling_multi_item/fruitville_multi,1000,14,0.424242424242427
econ_bne,haggling_multi_item/fruitville_multi,1000,15,0.4545454545454575
econ_bne,haggling_multi_item/fruitville_multi,1000,16,0.48484848484848797
econ_bne,haggling_multi_item/fruitville_multi,1000,17,0.5151515151515185
econ_bne,haggling_multi_item/fruitville_multi,1000,18,0.545454545454549
econ_bne,haggling_multi_item/fruitville_multi,1000,19,0.5757575757575795
econ_bne,haggling_multi_item/fruitville_multi,1000,20,0.60606060606061
atom_tom1,haggling_multi_item/fruitville_multi,1000,1,0.19696969696969713
atom_tom1,haggling_multi_item/fruitville_multi,1000,2,0.39393939393939426
atom_tom1,haggling_multi_item/fruitville_multi,1000,3,0.5909090909090914
atom_tom1,haggling_multi_item/fruitville_multi,1000,4,0.7878787878787885
atom_tom1,haggling_multi_item/fruitville_multi,1000,5,0.9848484848484856
atom_tom1,haggling_multi_item/fruitville_multi,1000,6,1.1818181818181828
atom_tom1,haggling_multi_item/fruitville_multi,1000,7,1.3787878787878798
atom_tom1,haggling_multi_item/fruitville_multi,1000,8,1.575757575757577
atom_tom1,haggling_multi_item/fruitville_multi,1000,9,1.7727272727272743
atom_tom1,haggling_multi_item/fruitville_multi,1000,10,1.9696969696969715
atom_tom1,haggling_multi_item/fruitville_multi,1000,11,2.1666666666666687
atom_tom1,haggling_multi_item/fruitville_multi,1000,12,2.363636363636366
atom_tom1,haggling_multi_item/fruitville_multi,1000,13,2.560606060606063
atom_tom1,haggling_multi_item/fruitville_multi,1000,14,2.7575757575757605
atom_tom1,haggling_multi_item/fruitville_multi,1000,15,2.9545454545454577
atom_tom1,haggling_multi_item/fruitville_multi,1000,16,3.151515151515155
atom_tom1,haggling_multi_item/fruitville_multi,1000,17,3.348484848484852
atom_tom1,haggling_multi_item/fruitville_multi,1000,18,3.5454545454545494
atom_tom1,haggling_multi_item/fruitville_multi,1000,19,3.7424242424242466
atom_tom1,haggling_multi_item/fruitville_multi,1000,20,3.939393939393944
random,haggling_multi_item/fruitville_multi,1000,1,0.4545454545454546
random,haggling_multi_item/fruitville_multi,1000,2,1.0606060606060608
random,haggling_multi_item/fruitville_multi,1000,3,1.666666666666667
random,haggling_multi_item/fruitville_multi,1000,4,2.2727272727272734
random,haggling_multi_item/fruitville_multi,1000,5,2.87878787878788
random,haggling_multi_item/fruitville_multi,1000,6,2.90909090909091
random,haggling_multi_item/fruitville_multi,1000,7,3.5151515151515165
random,haggling_multi_item/fruitville_multi,1000,8,3.5151515151515165
random,haggling_multi_item/fruitville_multi,1000,9,4.121212121212123
random,haggling_multi_item/fruitville_multi,1000,10,4.727272727272729
random,haggling_multi_item/fruitville_multi,1000,11,4.78787878787879
random,haggling_multi_item/fruitville_multi,1000,12,4.81818181818182
random,haggling_multi_item/fruitville_multi,1000,13,5.4242424242424265
random,haggling_multi_item/fruitville_multi,1000,14,6.030303030303033
random,haggling_multi_item/fruitville_multi,1000,15,6.393939393939396
random,haggling_multi_item/fruitville_multi,1000,16,6.515151515151517
random,haggling_multi_item/fruitville_multi,1000,17,6.575757575757578
random,haggling_multi_item/fruitville_multi,1000,18,6.696969696969699
random,haggling_multi_item/fruitville_multi,1000,19,7.060606060606062
random,haggling_multi_item/fruitville_multi,1000,20,7.666666666666669
pact,pub/london,1001,1,0.0
pact,pub/london,1001,2,0.0
pact,pub/london,1001,3,0.0
pact,pub/london,1001,4,0.0
pact,pub/london,1001,5,0.0
pact,pub/london,1001,6,0.0
pact,pub/london,1001,7,0.0
pact,pub/london,1001,8,0.0
pact,pub/london,1001,9,0.0
pact,pub/london,1001,10,0.0
pact,pub/london,1001,11,0.0
pact,pub/london,1001,12,0.0
pact,pub/london,1001,13,0.0
pact,pub/london,1001,14,0.0
pact,pub/london,1001,15,0.0
pact,pub/london,1001,16,0.0
pact,pub/london,1001,17,0.0
pact,pub/london,1001,18,0.0
pact,pub/london,1001,19,0.0
pact,pub/london,1001,20,0.0
pact_plus,pub/london,1001,1,0.0
pact_plus,pub/london,1001,2,0.0
pact_plus,pub/london,1001,3,0.0
pact_plus,pub/london,1001,4,0.0
pact_plus,pub/london,1001,5,0.0
pact_plus,pub/london,1001,6,0.0
pact_plus,pub/london,1001,7,0.0
pact_plus,pub/london,1001,8,0.0
pact_plus,pub/london,1001,9,0.0
pact_plus,pub/london,1001,10,0.0
pact_plus,pub/london,1001,11,0.0
pact_plus,pub/london,1001,12,0.0
pact_plus,pub/london,1001,13,0.0
pact_plus,pub/london,1001,14,0.0
pact_plus,pub/london,1001,15,0.0
pact_plus,pub/london,1001,16,0.0
pact_plus,pub/london,1001,17,0.0
pact_plus,pub/london,1001,18,0.0
pact_plus,pub/london,1001,19,0.0
pact_plus,pub/london,1001,20,0.0
joint_psrl_uniform,pub/london,1001,1,0.0
joint_psrl_uniform,pub/london,1001,2,0.0
joint_psrl_uniform,pub/london,1001,3,0.0
joint_psrl_uniform,pub/london,1001,4,0.0
joint_psrl_uniform,pub/london,1001,5,0.0
joint_psrl_uniform,pub/london,1001,6,0.0
joint_psrl_uniform,pub/london,1001,7,0.0
joint_psrl_uniform,pub/london,1001,8,0.0
joint_psrl_uniform,pub/london,1001,9,0.0
joint_psrl_uniform,pub/london,1001,10,0.0
joint_psrl_uniform,pub/london,1001,11,0.0
joint_psrl_uniform,pub/london,1001,12,0.0
joint_psrl_uniform,pub/london,1001,13,0.0
joint_psrl_uniform,pub/london,1001,14,0.0
joint_psrl_uniform,pub/london,1001,15,0.0
joint_psrl_uniform,pub/london,1001,16,0.0
joint_psrl_uniform,pub/london,1001,17,0.0
joint_psrl_uniform,pub/london,1001,18,0.0
joint_psrl_uniform,pub/london,1001,19,0.0
joint_psrl_uniform,pub/london,1001,20,0.0
psrl_notype,pub/london,1001,1,0.0
psrl_notype,pub/london,1001,2,0.0
psrl_notype,pub/london,1001,3,0.0
psrl_notype,pub/london,1001,4,0.0
psrl_notype,pub/london,1001,5,0.0
psrl_notype,pub/london,1001,6,0.0
psrl_notype,pub/london,1001,7,0.0
psrl_notype,pub/london,1001,8,0.0
psrl_notype,pub/london,1001,9,0.0
psrl_notype,pub/london,1001,10,0.0
psrl_notype,pub/london,1001,11,0.0
psrl_notype,pub/london,1001,12,0.0
psrl_notype,pub/london,1001,13,0.0
psrl_notype,pub/london,1001,14,0.0
psrl_notype,pub/london,1001,15,0.0
psrl_notype,pub/london,1001,16,0.0
psrl_notype,pub/london,1001,17,0.0
psrl_notype,pub/london,1001,18,0.0
psrl_notype,pub/london,1001,19,0.0
psrl_notype,pub/london,1001,20,0.0
map_type_greedy,pub/london,1001,1,0.0
map_type_greedy,pub/london,1001,2,0.0
map_type_greedy,pub/london,1001,3,0.0
map_type_greedy,pub/london,1001,4,0.0
map_type_greedy,pub/london,1001,5,0.0
map_type_greedy,pub/london,1001,6,0.0
map_type_greedy,pub/london,1001,7,0.0
map_type_greedy,pub/london,1001,8,0.0
map_type_greedy,pub/london,1001,9,0.0
map_type_greedy,pub/london,1001,10,0.0
map_type_greedy,pub/london,1001,11,0.0
map_type_greedy,pub/london,1001,12,0.0
map_type_greedy,pub/london,1001,13,0.0
map_type_greedy,pub/london,1001,14,0.0
map_type_greedy,pub/london,1001,15,0.0
map_type_greedy,pub/london,1001,16,0.0
map_type_greedy,pub/london,1001,17,0.0
map_type_greedy,pub/london,1001,18,0.0
map_type_greedy,pub/london,1001,19,0.0
map_type_greedy,pub/london,1001,20,0.0
econ_bne,pub/london,1001,1,0.0
econ_bne,pub/london,1001,2,0.0
econ_bne,pub/london,1001,3,0.0
econ_bne,pub/london,1001,4,0.0
econ_bne,pub/london,1001,5,0.0
econ_bne,pub/london,1001,6,0.0
econ_bne,pub/london,1001,7,0.0
econ_bne,pub/london,1001,8,0.0
econ_bne,pub/london,1001,9,0.0
econ_bne,pub/london,1001,10,0.0
econ_bne,pub/london,1001,11,0.0
econ_bne,pub/london,1001,12,0.0
econ_bne,pub/london,1001,13,0.0
econ_bne,pub/london,1001,14,0.0
econ_bne,pub/london,1001,15,0.0
econ_bne,pub/london,1001,16,0.0
econ_bne,pub/london,1001,17,0.0
econ_bne,pub/london,1001,18,0.0
econ_bne,pub/london,1001,19,0.0
econ_bne,pub/london,1001,20,0.0
atom_tom1,pub/london,1001,1,0.0
atom_tom1,pub/london,1001,2,0.0
atom_tom1,pub/london,1001,3,0.0
atom_tom1,pub/london,1001,4,0.0
atom_tom1,pub/london,1001,5,0.0
atom_tom1,pub/london,1001,6,0.0
atom_tom1,pub/london,1001,7,0.0
atom_tom1,pub/london,1001,8,0.0
atom_tom1,pub/london,1001,9,0.0
atom_tom1,pub/london,1001,10,0.0
atom_tom1,pub/london,1001,11,0.0
atom_tom1,pub/london,1001,12,0.0
atom_tom1,pub/london,1001,13,0.0
atom_tom1,pub/london,1001,14,0.0
atom_tom1,pub/london,1001,15,0.0
atom_tom1,pub/london,1001,16,0.0
atom_tom1,pub/london,1001,17,0.0
atom_tom1,pub/london,1001,18,0.0
atom_tom1,pub/london,1001,19,0.0
atom_tom1,pub/london,1001,20,0.0
random,pub/london,1001,1,1.259259259259259
random,pub/london,1001,2,1.259259259259259
random,pub/london,1001,3,3.9873870200475703
random,pub/london,1001,4,5.506068637444784
random,pub/london,1001,5,7.367529731566428
random,pub/london,1001,6,8.005450220863064
random,pub/london,1001,7,8.005450220863064
random,pub/london,1001,8,11.126170574243968
random,pub/london,1001,9,13.85429833503228
random,pub/london,1001,10,14.492218824328916
random,pub/london,1001,11,16.485694869181106
random,pub/london,1001,12,18.300672782874617
random,pub/london,1001,13,19.24898402990146
random,pub/london,1001,14,21.146163778457357
random,pub/london,1001,15,22.66484539585457
random,pub/london,1001,16,25.785565749235474
random,pub/london,1001,17,27.304247366632687
random,pub/london,1001,18,28.8229289840299
random,pub/london,1001,19,30.341610601427114
random,pub/london,1001,20,31.289921848453957
pact,pub/london_mini,1001,1,0.0
pact,pub/london_mini,1001,2,0.0
pact,pub/london_mini,1001,3,0.0
pact,pub/london_mini,1001,4,0.0
pact,pub/london_mini,1001,5,0.0
pact,pub/london_mini,1001,6,0.0
pact,pub/london_mini,1001,7,0.0
pact,pub/london_mini,1001,8,0.0
pact,pub/london_mini,1001,9,0.0
pact,pub/london_mini,1001,10,0.0
pact,pub/london_mini,1001,11,0.0
pact,pub/london_mini,1001,12,0.0
pact,pub/london_mini,1001,13,0.0
pact,pub/london_mini,1001,14,0.0
pact,pub/london_mini,1001,15,0.0
pact,pub/london_mini,1001,16,0.0
pact,pub/london_mini,1001,17,0.0
pact,pub/london_mini,1001,18,0.0
pact,pub/london_mini,1001,19,0.0
pact,pub/london_mini,1001,20,0.0
pact_plus,pub/london_mini,1001,1,0.0
pact_plus,pub/london_mini,1001,2,0.0
pact_plus,pub/london_mini,1001,3,0.0
pact_plus,pub/london_mini,1001,4,0.0
pact_plus,pub/london_mini,1001,5,0.0
pact_plus,pub/london_mini,1001,6,0.0
pact_plus,pub/london_mini,1001,7,0.0
pact_plus,pub/london_mini,1001,8,0.0
pact_plus,pub/london_mini,1001,9,0.0
pact_plus,pub/london_mini,1001,10,0.0
pact_plus,pub/london_mini,1001,11,0.0
pact_plus,pub/london_mini,1001,12,0.0
pact_plus,pub/london_mini,1001,13,0.0
pact_plus,pub/london_mini,1001,14,0.0
pact_plus,pub/london_mini,1001,15,0.0
pact_plus,pub/london_mini,1001,16,0.0
pact_plus,pub/london_mini,1001,17,0.0
pact_plus,pub/london_mini,1001,18,0.0
pact_plus,pub/london_mini,1001,19,0.0
pact_plus,pub/london_mini,1001,20,0.0
joint_psrl_uniform,pub/london_mini,1001,1,0.0
joint_psrl_uniform,pub/london_mini,1001,2,0.0
joint_psrl_uniform,pub/london_mini,1001,3,0.0
joint_psrl_uniform,pub/london_mini,1001,4,0.0
joint_psrl_uniform,pub/london_mini,1001,5,0.0
joint_psrl_uniform,pub/london_mini,1001,6,0.0
joint_psrl_uniform,pub/london_mini,1001,7,0.0
joint_psrl_uniform,pub/london_mini,1001,8,0.0
joint_psrl_uniform,pub/london_mini,1001,9,0.0
joint_psrl_uniform,pub/london_mini,1001,10,0.0
joint_psrl_uniform,pub/london_mini,1001,11,0.0
joint_psrl_uniform,pub/london_mini,1001,12,0.0
joint_psrl_uniform,pub/london_mini,1001,13,0.0
joint_psrl_uniform,pub/london_mini,1001,14,0.0
joint_psrl_uniform,pub/london_mini,1001,15,0.0
joint_psrl_uniform,pub/london_mini,1001,16,0.0
joint_psrl_uniform,pub/london_mini,1001,17,0.0
joint_psrl_uniform,pub/london_mini,1001,18,0.0
joint_psrl_uniform,pub/london_mini,1001,19,0.0
joint_psrl_uniform,pub/london_mini,1001,20,0.0
psrl_notype,pub/london_mini,1001,1,0.0
psrl_notype,pub/london_mini,1001,2,0.0
psrl_notype,pub/london_mini,1001,3,0.0
psrl_notype,pub/london_mini,1001,4,0.0
psrl_notype,pub/london_mini,1001,5,0.0
psrl_notype,pub/london_mini,1001,6,0.0
psrl_notype,pub/london_mini,1001,7,0.0
psrl_notype,pub/london_mini,1001,8,0.0
psrl_notype,pub/london_mini,1001,9,0.0
psrl_notype,pub/london_mini,1001,10,0.0
psrl_notype,pub/london_mini,1001,11,0.0
psrl_notype,pub/london_mini,1001,12,0.0
psrl_notype,pub/london_mini,1001,13,0.0
psrl_notype,pub/london_mini,1001,14,0.0
psrl_notype,pub/london_mini,1001,15,0.0
psrl_notype,pub/london_mini,1001,16,0.0
psrl_notype,pub/london_mini,1001,17,0.0
psrl_notype,pub/london_mini,1001,18,0.0
psrl_notype,pub/london_mini,1001,19,0.0
psrl_notype,pub/london_mini,1001,20,0.0
map_type_greedy,pub/london_mini,1001,1,0.0
map_type_greedy,pub/london_mini,1001,2,0.0
map_type_greedy,pub/london_mini,1001,3,0.0
map_type_greedy,pub/london_mini,1001,4,0.0
map_type_greedy,pub/london_mini,1001,5,0.0
map_type_greedy,pub/london_mini,1001,6,0.0
map_type_greedy,pub/london_mini,1001,7,0.0
map_type_greedy,pub/london_mini,1001,8,0.0
map_type_greedy,pub/london_mini,1001,9,0.0
map_type_greedy,pub/london_mini,1001,10,0.0
map_type_greedy,pub/london_mini,1001,11,0.0
map_type_greedy,pub/london_mini,1001,12,0.0
map_type_greedy,pub/london_mini,1001,13,0.0
map_type_greedy,pub/london_mini,1001,14,0.0
map_type_greedy,pub/london_mini,1001,15,0.0
map_type_greedy,pub/london_mini,1001,16,0.0
map_type_greedy,pub/london_mini,1001,17,0.0
map_type_greedy,pub/london_mini,1001,18,0.0
map_type_greedy,pub/london_mini,1001,19,0.0
map_type_greedy,pub/london_mini,1001,20,0.0
econ_bne,pub/london_mini,1001,1,0.0
econ_bne,pub/london_mini,1001,2,0.0
econ_bne,pub/london_mini,1001,3,0.0
econ_bne,pub/london_mini,1001,4,0.0
econ_bne,pub/london_mini,1001,5,0.0
econ_bne,pub/london_mini,1001,6,0.0
econ_bne,pub/london_mini,1001,7,0.0
econ_bne,pub/london_mini,1001,8,0.0
econ_bne,pub/london_mini,1001,9,0.0
econ_bne,pub/london_mini,1001,10,0.0
econ_bne,pub/london_mini,1001,11,0.0
econ_bne,pub/london_mini,1001,12,0.0
econ_bne,pub/london_mini,1001,13,0.0
econ_bne,pub/london_mini,1001,14,0.0
econ_bne,pub/london_mini,1001,15,0.0
econ_bne,pub/london_mini,1001,16,0.0
econ_bne,pub/london_mini,1001,17,0.0
econ_bne,pub/london_mini,1001,18,0.0
econ_bne,pub/london_mini,1001,19,0.0
econ_bne,pub/london_mini,1001,20,0.0
atom_tom1,pub/london_mini,1001,1,0.0
atom_tom1,pub/london_mini,1001,2,0.0
atom_tom1,pub/london_mini,1001,3,0.0
atom_tom1,pub/london_mini,1001,4,0.0
atom_tom1,pub/london_mini,1001,5,0.0
atom_tom1,pub/london_mini,1001,6,0.0
atom_tom1,pub/london_mini,1001,7,0.0
atom_tom1,pub/london_mini,1001,8,0.0
atom_tom1,pub/london_mini,1001,9,0.0
atom_tom1,pub/london_mini,1001,10,0.0
atom_tom1,pub/london_mini,1001,11,0.0
atom_tom1,pub/london_mini,1001,12,0.0
atom_tom1,pub/london_mini,1001,13,0.0
atom_tom1,pub/london_mini,1001,14,0.0
atom_tom1,pub/london_mini,1001,15,0.0
atom_tom1,pub/london_mini,1001,16,0.0
atom_tom1,pub/london_mini,1001,17,0.0
atom_tom1,pub/london_mini,1001,18,0.0
atom_tom1,pub/london_mini,1001,19,0.0
atom_tom1,pub/london_mini,1001,20,0.0
random,pub/london_mini,1001,1,1.8728813559322035
random,pub/london_mini,1001,2,1.8728813559322035
random,pub/london_mini,1001,3,1.8728813559322035
random,pub/london_mini,1001,4,3.745762711864407
random,pub/london_mini,1001,5,3.745762711864407
random,pub/london_mini,1001,6,3.745762711864407
random,pub/london_mini,1001,7,3.745762711864407
random,pub/london_mini,1001,8,4.618644067796611
random,pub/london_mini,1001,9,6.491525423728814
random,pub/london_mini,1001,10,8.364406779661017
random,pub/london_mini,1001,11,8.364406779661017
random,pub/london_mini,1001,12,8.364406779661017
random,pub/london_mini,1001,13,8.364406779661017
random,pub/london_mini,1001,14,9.364406779661017
random,pub/london_mini,1001,15,9.364406779661017
random,pub/london_mini,1001,16,11.237288135593221
random,pub/london_mini,1001,17,11.237288135593221
random,pub/london_mini,1001,18,12.110169491525426
random,pub/london_mini,1001,19,13.98305084745763
random,pub/london_mini,1001,20,13.98305084745763
pact,haggling/fruitville,1001,1,0.0
pact,haggling/fruitville,1001,2,0.4795865633074936
pact,haggling/fruitville,1001,3,0.4795865633074936
pact,haggling/fruitville,1001,4,0.4795865633074936
pact,haggling/fruitville,1001,5,0.565374677002584
pact,haggling/fruitville,1001,6,0.565374677002584
pact,haggling/fruitville,1001,7,0.565374677002584
pact,haggling/fruitville,1001,8,0.565374677002584
pact,haggling/fruitville,1001,9,0.565374677002584
pact,haggling/fruitville,1001,10,0.565374677002584
pact,haggling/fruitville,1001,11,0.565374677002584
pact,haggling/fruitville,1001,12,0.565374677002584
pact,haggling/fruitville,1001,13,0.565374677002584
pact,haggling/fruitville,1001,14,0.565374677002584
pact,haggling/fruitville,1001,15,0.565374677002584
pact,haggling/fruitville,1001,16,0.565374677002584
pact,haggling/fruitville,1001,17,0.565374677002584
pact,haggling/fruitville,1001,18,0.565374677002584
pact,haggling/fruitville,1001,19,0.565374677002584
pact,haggling/fruitville,1001,20,0.565374677002584
pact_plus,haggling/fruitville,1001,1,0.02532299741602073
pact_plus,haggling/fruitville,1001,2,0.5049095607235143
pact_plus,haggling/fruitville,1001,3,0.5049095607235143
pact_plus,haggling/fruitville,1001,4,0.5049095607235143
pact_plus,haggling/fruitville,1001,5,0.5049095607235143
pact_plus,haggling/fruitville,1001,6,0.5049095607235143
pact_plus,haggling/fruitville,1001,7,0.5049095607235143
pact_plus,haggling/fruitville,1001,8,0.5049095607235143
pact_plus,haggling/fruitville,1001,9,0.5049095607235143
pact_plus,haggling/fruitville,1001,10,0.5049095607235143
pact_plus,haggling/fruitville,1001,11,0.5049095607235143
pact_plus,haggling/fruitville,1001,12,0.5049095607235143
pact_plus,haggling/fruitville,1001,13,0.5049095607235143
pact_plus,haggling/fruitville,1001,14,0.5049095607235143
pact_plus,haggling/fruitville,1001,15,0.5049095607235143
pact_plus,haggling/fruitville,1001,16,0.5049095607235143
pact_plus,haggling/fruitville,1001,17,0.5049095607235143
pact_plus,haggling/fruitville,1001,18,0.5049095607235143
pact_plus,haggling/fruitville,1001,19,0.5049095607235143
pact_plus,haggling/fruitville,1001,20,0.5049095607235143
joint_psrl_uniform,haggling/fruitville,1001,1,0.0
joint_psrl_uniform,haggling/fruitville,1001,2,0.4795865633074936
joint_psrl_uniform,haggling/fruitville,1001,3,0.4795865633074936
joint_psrl_uniform,haggling/fruitville,1001,4,0.5049095607235143
joint_psrl_uniform,haggling/fruitville,1001,5,0.5049095607235143
joint_psrl_uniform,haggling/fruitville,1001,6,0.5049095607235143
joint_psrl_uniform,haggling/fruitville,1001,7,0.5049095607235143
joint_psrl_uniform,haggling/fruitville,1001,8,0.5302325581395351
joint_psrl_uniform,haggling/fruitville,1001,9,0.5302325581395351
joint_psrl_uniform,haggling/fruitville,1001,10,0.5302325581395351
joint_psrl_uniform,haggling/fruitville,1001,11,0.5302325581395351
joint_psrl_uniform,haggling/fruitville,1001,12,0.5302325581395351
joint_psrl_uniform,haggling/fruitville,1001,13,0.5302325581395351
joint_psrl_uniform,haggling/fruitville,1001,14,0.5302325581395351
joint_psrl_uniform,haggling/fruitville,1001,15,0.5302325581395351
joint_psrl_uniform,haggling/fruitville,1001,16,0.5302325581395351
joint_psrl_uniform,haggling/fruitville,1001,17,0.5302325581395351
joint_psrl_uniform,haggling/fruitville,1001,18,0.5302325581395351
joint_psrl_uniform,haggling/fruitville,1001,19,0.5302325581395351
joint_psrl_uniform,haggling/fruitville,1001,20,0.5302325581395351
psrl_notype,haggling/fruitville,1001,1,0.08578811369509043
psrl_notype,haggling/fruitville,1001,2,0.17157622739018086
psrl_notype,haggling/fruitville,1001,3,0.2573643410852713
psrl_notype,haggling/fruitville,1001,4,0.2573643410852713
psrl_notype,haggling/fruitville,1001,5,0.7369509043927649
psrl_notype,haggling/fruitville,1001,6,0.8227390180878553
psrl_notype,haggling/fruitville,1001,7,0.9085271317829458
psrl_notype,haggling/fruitville,1001,8,1.3881136950904394
psrl_notype,haggling/fruitville,1001,9,1.867700258397933
psrl_notype,haggling/fruitville,1001,10,1.9534883720930234
psrl_notype,haggling/fruitville,1001,11,1.9534883720930234
psrl_notype,haggling/fruitville,1001,12,1.9534883720930234
psrl_notype,haggling/fruitville,1001,13,2.433074935400517
psrl_notype,haggling/fruitville,1001,14,2.518863049095607
psrl_notype,haggling/fruitville,1001,15,2.604651162790698
psrl_notype,haggling/fruitville,1001,16,2.604651162790698
psrl_notype,haggling/fruitville,1001,17,3.0842377260981912
psrl_notype,haggling/fruitville,1001,18,3.5638242894056846
psrl_notype,haggling/fruitville,1001,19,3.6496124031007753
psrl_notype,haggling/fruitville,1001,20,4.129198966408269
map_type_greedy,haggling/fruitville,1001,1,0.4795865633074936
map_type_greedy,haggling/fruitville,1001,2,0.4795865633074936
map_type_greedy,haggling/fruitville,1001,3,0.4795865633074936
map_type_greedy,haggling/fruitville,1001,4,0.4795865633074936
map_type_greedy,haggling/fruitville,1001,5,0.4795865633074936
map_type_greedy,haggling/fruitville,1001,6,0.4795865633074936
map_type_greedy,haggling/fruitville,1001,7,0.4795865633074936
map_type_greedy,haggling/fruitville,1001,8,0.4795865633074936
map_type_greedy,haggling/fruitville,1001,9,0.4795865633074936
map_type_greedy,haggling/fruitville,1001,10,0.4795865633074936
map_type_greedy,haggling/fruitville,1001,11,0.4795865633074936
map_type_greedy,haggling/fruitville,1001,12,0.4795865633074936
map_type_greedy,haggling/fruitville,1001,13,0.4795865633074936
map_type_greedy,haggling/fruitville,1001,14,0.4795865633074936
map_type_greedy,haggling/fruitville,1001,15,0.4795865633074936
map_type_greedy,haggling/fruitville,1001,16,0.4795865633074936
map_type_greedy,haggling/fruitville,1001,17,0.4795865633074936
map_type_greedy,haggling/fruitville,1001,18,0.4795865633074936
map_type_greedy,haggling/fruitville,1001,19,0.4795865633074936
map_type_greedy,haggling/fruitville,1001,20,0.4795865633074936
econ_bne,haggling/fruitville,1001,1,0.08578811369509043
econ_bne,haggling/fruitville,1001,2,0.17157622739018086
econ_bne,haggling/fruitville,1001,3,0.2573643410852713
econ_bne,haggling/fruitville,1001,4,0.3431524547803617
econ_bne,haggling/fruitville,1001,5,0.42894056847545214
econ_bne,haggling/fruitville,1001,6,0.5147286821705426
econ_bne,haggling/fruitville,1001,7,0.600516795865633
econ_bne,haggling/fruitville,1001,8,0.6863049095607234
econ_bne,haggling/fruitville,1001,9,0.7720930232558139
econ_bne,haggling/fruitville,1001,10,0.8578811369509043
econ_bne,haggling/fruitville,1001,11,0.9436692506459947
econ_bne,haggling/fruitville,1001,12,1.0294573643410851
econ_bne,haggling/fruitville,1001,13,1.1152454780361756
econ_bne,haggling/fruitville,1001,14,1.201033591731266
econ_bne,haggling/fruitville,1001,15,1.2868217054263564
econ_bne,haggling/fruitville,1001,16,1.3726098191214469
econ_bne,haggling/fruitville,1001,17,1.4583979328165373
econ_bne,haggling/fruitville,1001,18,1.5441860465116277
econ_bne,haggling/fruitville,1001,19,1.6299741602067181
econ_bne,haggling/fruitville,1001,20,1.7157622739018086
atom_tom1,haggling/fruitville,1001,1,0.282687338501292
atom_tom1,haggling/fruitville,1001,2,0.565374677002584
atom_tom1,haggling/fruitville,1001,3,0.848062015503876
atom_tom1,haggling/fruitville,1001,4,1.130749354005168
atom_tom1,haggling/fruitville,1001,5,1.41343669250646
atom_tom1,haggling/fruitville,1001,6,1.696124031007752
atom_tom1,haggling/fruitville,1001,7,1.9788113695090441
atom_tom1,haggling/fruitville,1001,8,2.261498708010336
atom_tom1,haggling/fruitville,1001,9,2.544186046511628
atom_tom1,haggling/fruitville,1001,10,2.82687338501292
atom_tom1,haggling/fruitville,1001,11,3.109560723514212
atom_tom1,haggling/fruitville,1001,12,3.392248062015504
atom_tom1,haggling/fruitville,1001,13,3.6749354005167962
atom_tom1,haggling/fruitville,1001,14,3.9576227390180883
atom_tom1,haggling/fruitville,1001,15,4.24031007751938
atom_tom1,haggling/fruitville,1001,16,4.522997416020672
atom_tom1,haggling/fruitville,1001,17,4.805684754521964
atom_tom1,haggling/fruitville,1001,18,5.088372093023256
atom_tom1,haggling/fruitville,1001,19,5.371059431524548
atom_tom1,haggling/fruitville,1001,20,5.65374677002584
random,haggling/fruitville,1001,1,0.08578811369509043
random,haggling/fruitville,1001,2,0.36847545219638245
random,haggling/fruitville,1001,3,0.6511627906976745
random,haggling/fruitville,1001,4,0.7369509043927649
random,haggling/fruitville,1001,5,1.019638242894057
random,haggling/fruitville,1001,6,1.302325581395349
random,haggling/fruitville,1001,7,1.9718346253229975
random,haggling/fruitville,1001,8,2.451421188630491
random,haggling/fruitville,1001,9,2.5372093023255813
random,haggling/fruitville,1001,10,3.20671834625323
random,haggling/fruitville,1001,11,3.876227390180879
random,haggling/fruitville,1001,12,4.545736434108528
random,haggling/fruitville,1001,13,4.82842377260982
random,haggling/fruitville,1001,14,4.82842377260982
random,haggling/fruitville,1001,15,5.111111111111112
random,haggling/fruitville,1001,16,5.196899224806202
random,haggling/fruitville,1001,17,5.866408268733851
random,haggling/fruitville,1001,18,6.5359173126615
random,haggling/fruitville,1001,19,6.62170542635659
random,haggling/fruitville,1001,20,7.291214470284239
pact,haggling/vegbrooke,1001,1,0.0
pact,haggling/vegbrooke,1001,2,0.5683229813664596
pact,haggling/vegbrooke,1001,3,0.5683229813664596
pact,haggling/vegbrooke,1001,4,0.5683229813664596
pact,haggling/vegbrooke,1001,5,0.5683229813664596
pact,haggling/vegbrooke,1001,6,0.5683229813664596
pact,haggling/vegbrooke,1001,7,0.5683229813664596
pact,haggling/vegbrooke,1001,8,0.5683229813664596
pact,haggling/vegbrooke,1001,9,0.5683229813664596
pact,haggling/vegbrooke,1001,10,0.5683229813664596
pact,haggling/vegbrooke,1001,11,0.5683229813664596
pact,haggling/vegbrooke,1001,12,0.5683229813664596
pact,haggling/vegbrooke,1001,13,0.5683229813664596
pact,haggling/vegbrooke,1001,14,0.5683229813664596
pact,haggling/vegbrooke,1001,15,0.5683229813664596
pact,haggling/vegbrooke,1001,16,0.5683229813664596
pact,haggling/vegbrooke,1001,17,0.5683229813664596
pact,haggling/vegbrooke,1001,18,0.5683229813664596
pact,haggling/vegbrooke,1001,19,0.5683229813664596
pact,haggling/vegbrooke,1001,20,0.5683229813664596
pact_plus,haggling/vegbrooke,1001,1,0.02795031055900621
pact_plus,haggling/vegbrooke,1001,2,0.5962732919254659
pact_plus,haggling/vegbrooke,1001,3,0.5962732919254659
pact_plus,haggling/vegbrooke,1001,4,0.5962732919254659
pact_plus,haggling/vegbrooke,1001,5,0.5962732919254659
pact_plus,haggling/vegbrooke,1001,6,0.5962732919254659
pact_plus,haggling/vegbrooke,1001,7,0.5962732919254659
pact_plus,haggling/vegbrooke,1001,8,0.5962732919254659
pact_plus,haggling/vegbrooke,1001,9,0.5962732919254659
pact_plus,haggling/vegbrooke,1001,10,0.5962732919254659
pact_plus,haggling/vegbrooke,1001,11,0.5962732919254659
pact_plus,haggling/vegbrooke,1001,12,0.5962732919254659
pact_plus,haggling/vegbrooke,1001,13,0.5962732919254659
pact_plus,haggling/vegbrooke,1001,14,0.5962732919254659
pact_plus,haggling/vegbrooke,1001,15,0.5962732919254659
pact_plus,haggling/vegbrooke,1001,16,0.5962732919254659
pact_plus,haggling/vegbrooke,1001,17,0.5962732919254659
pact_plus,haggling/vegbrooke,1001,18,0.6242236024844721
pact_plus,haggling/vegbrooke,1001,19,0.6242236024844721
pact_plus,haggling/vegbrooke,1001,20,0.6242236024844721
joint_psrl_uniform,haggling/vegbrooke,1001,1,0.0
joint_psrl_uniform,haggling/vegbrooke,1001,2,0.5683229813664596
joint_psrl_uniform,haggling/vegbrooke,1001,3,0.5683229813664596
joint_psrl_uniform,haggling/vegbrooke,1001,4,0.5683229813664596
joint_psrl_uniform,haggling/vegbrooke,1001,5,0.5683229813664596
joint_psrl_uniform,haggling/vegbrooke,1001,6,0.5683229813664596
joint_psrl_uniform,haggling/vegbrooke,1001,7,0.5683229813664596
joint_psrl_uniform,haggling/vegbrooke,1001,8,0.5962732919254659
joint_psrl_uniform,haggling/vegbrooke,1001,9,0.5962732919254659
joint_psrl_uniform,haggling/vegbrooke,1001,10,0.5962732919254659
joint_psrl_uniform,haggling/vegbrooke,1001,11,0.5962732919254659
joint_psrl_uniform,haggling/vegbrooke,1001,12,0.5962732919254659
joint_psrl_uniform,haggling/vegbrooke,1001,13,0.5962732919254659
joint_psrl_uniform,haggling/vegbrooke,1001,14,0.5962732919254659
joint_psrl_uniform,haggling/vegbrooke,1001,15,0.5962732919254659
joint_psrl_uniform,haggling/vegbrooke,1001,16,0.5962732919254659
joint_psrl_uniform,haggling/vegbrooke,1001,17,0.5962732919254659
joint_psrl_uniform,haggling/vegbrooke,1001,18,0.5962732919254659
joint_psrl_uniform,haggling/vegbrooke,1001,19,0.5962732919254659
joint_psrl_uniform,haggling/vegbrooke,1001,20,0.6242236024844721
psrl_notype,haggling/vegbrooke,1001,1,0.0
psrl_notype,haggling/vegbrooke,1001,2,0.0
psrl_notype,haggling/vegbrooke,1001,3,0.0
psrl_notype,haggling/vegbrooke,1001,4,0.0
psrl_notype,haggling/vegbrooke,1001,5,0.5683229813664596
psrl_notype,haggling/vegbrooke,1001,6,0.5683229813664596
psrl_notype,haggling/vegbrooke,1001,7,0.5683229813664596
psrl_notype,haggling/vegbrooke,1001,8,1.1366459627329193
psrl_notype,haggling/vegbrooke,1001,9,1.704968944099379
psrl_notype,haggling/vegbrooke,1001,10,1.704968944099379
psrl_notype,haggling/vegbrooke,1001,11,1.704968944099379
psrl_notype,haggling/vegbrooke,1001,12,1.704968944099379
psrl_notype,haggling/vegbrooke,1001,13,2.2732919254658386
psrl_notype,haggling/vegbrooke,1001,14,2.2732919254658386
psrl_notype,haggling/vegbrooke,1001,15,2.2732919254658386
psrl_notype,haggling/vegbrooke,1001,16,2.2732919254658386
psrl_notype,haggling/vegbrooke,1001,17,2.841614906832298
psrl_notype,haggling/vegbrooke,1001,18,3.4099378881987574
psrl_notype,haggling/vegbrooke,1001,19,3.4099378881987574
psrl_notype,haggling/vegbrooke,1001,20,3.978260869565217
map_type_greedy,haggling/vegbrooke,1001,1,0.5683229813664596
map_type_greedy,haggling/vegbrooke,1001,2,0.5683229813664596
map_type_greedy,haggling/vegbrooke,1001,3,0.5683229813664596
map_type_greedy,haggling/vegbrooke,1001,4,0.5683229813664596
map_type_greedy,haggling/vegbrooke,1001,5,0.5683229813664596
map_type_greedy,haggling/vegbrooke,1001,6,0.5683229813664596
map_type_greedy,haggling/vegbrooke,1001,7,0.5683229813664596
map_type_greedy,haggling/vegbrooke,1001,8,0.5683229813664596
map_type_greedy,haggling/vegbrooke,1001,9,0.5683229813664596
map_type_greedy,haggling/vegbrooke,1001,10,0.5683229813664596
map_type_greedy,haggling/vegbrooke,1001,11,0.5683229813664596
map_type_greedy,haggling/vegbrooke,1001,12,0.5683229813664596
map_type_greedy,haggling/vegbrooke,1001,13,0.5683229813664596
map_type_greedy,haggling/vegbrooke,1001,14,0.5683229813664596
map_type_greedy,haggling/vegbrooke,1001,15,0.5683229813664596
map_type_greedy,haggling/vegbrooke,1001,16,0.5683229813664596
map_type_greedy,haggling/vegbrooke,1001,17,0.5683229813664596
map_type_greedy,haggling/vegbrooke,1001,18,0.5683229813664596
map_type_greedy,haggling/vegbrooke,1001,19,0.5683229813664596
map_type_greedy,haggling/vegbrooke,1001,20,0.5683229813664596
econ_bne,haggling/vegbrooke,1001,1,0.18944099378881996
econ_bne,haggling/vegbrooke,1001,2,0.3788819875776399
econ_bne,haggling/vegbrooke,1001,3,0.5683229813664599
econ_bne,haggling/vegbrooke,1001,4,0.7577639751552798
econ_bne,haggling/vegbrooke,1001,5,0.9472049689440998
econ_bne,haggling/vegbrooke,1001,6,1.1366459627329197
econ_bne,haggling/vegbrooke,1001,7,1.3260869565217397
econ_bne,haggling/vegbrooke,1001,8,1.5155279503105596
econ_bne,haggling/vegbrooke,1001,9,1.7049689440993796
econ_bne,haggling/vegbrooke,1001,10,1.8944099378881996
econ_bne,haggling/vegbrooke,1001,11,2.0838509316770195
econ_bne,haggling/vegbrooke,1001,12,2.2732919254658395
econ_bne,haggling/vegbrooke,1001,13,2.4627329192546594
econ_bne,haggling/vegbrooke,1001,14,2.6521739130434794
econ_bne,haggling/vegbrooke,1001,15,2.8416149068322993
econ_bne,haggling/vegbrooke,1001,16,3.0310559006211193
econ_bne,haggling/vegbrooke,1001,17,3.2204968944099392
econ_bne,haggling/vegbrooke,1001,18,3.409937888198759
econ_bne,haggling/vegbrooke,1001,19,3.599378881987579
econ_bne,haggling/vegbrooke,1001,20,3.788819875776399
atom_tom1,haggling/vegbrooke,1001,1,0.18944099378881996
atom_tom1,haggling/vegbrooke,1001,2,0.3788819875776399
atom_tom1,haggling/vegbrooke,1001,3,0.5683229813664599
atom_tom1,haggling/vegbrooke,1001,4,0.7577639751552798
atom_tom1,haggling/vegbrooke,1001,5,0.9472049689440998
atom_tom1,haggling/vegbrooke,1001,6,1.1366459627329197
atom_tom1,haggling/vegbrooke,1001,7,1.3260869565217397
atom_tom1,haggling/vegbrooke,1001,8,1.5155279503105596
atom_tom1,haggling/vegbrooke,1001,9,1.7049689440993796
atom_tom1,haggling/vegbrooke,1001,10,1.8944099378881996
atom_tom1,haggling/vegbrooke,1001,11,2.0838509316770195
atom_tom1,haggling/vegbrooke,1001,12,2.2732919254658395
atom_tom1,haggling/vegbrooke,1001,13,2.4627329192546594
atom_tom1,haggling/vegbrooke,1001,14,2.6521739130434794
atom_tom1,haggling/vegbrooke,1001,15,2.8416149068322993
atom_tom1,haggling/vegbrooke,1001,16,3.0310559006211193
atom_tom1,haggling/vegbrooke,1001,17,3.2204968944099392
atom_tom1,haggling/vegbrooke,1001,18,3.409937888198759
atom_tom1,haggling/vegbrooke,1001,19,3.599378881987579
atom_tom1,haggling/vegbrooke,1001,20,3.788819875776399
random,haggling/vegbrooke,1001,1,0.18944099378881996
random,haggling/vegbrooke,1001,2,0.5683229813664596
random,haggling/vegbrooke,1001,3,0.9472049689440993
random,haggling/vegbrooke,1001,4,1.1366459627329193
random,haggling/vegbrooke,1001,5,1.515527950310559
random,haggling/vegbrooke,1001,6,1.8944099378881987
random,haggling/vegbrooke,1001,7,2.349896480331263
random,haggling/vegbrooke,1001,8,2.9182194616977224
random,haggling/vegbrooke,1001,9,3.1076604554865424
random,haggling/vegbrooke,1001,10,3.563146997929606
random,haggling/vegbrooke,1001,11,4.0186335403726705
random,haggling/vegbrooke,1001,12,4.474120082815735
random,haggling/vegbrooke,1001,13,4.853002070393375
random,haggling/vegbrooke,1001,14,4.853002070393375
random,haggling/vegbrooke,1001,15,5.231884057971015
random,haggling/vegbrooke,1001,16,5.421325051759835
random,haggling/vegbrooke,1001,17,5.876811594202899
random,haggling/vegbrooke,1001,18,6.332298136645964
random,haggling/vegbrooke,1001,19,6.521739130434783
random,haggling/vegbrooke,1001,20,6.9772256728778475
pact,haggling_multi_item/vegbrooke,1001,1,0.018181818181818077
pact,haggling_multi_item/vegbrooke,1001,2,0.036363636363636154
pact,haggling_multi_item/vegbrooke,1001,3,0.036363636363636154
pact,haggling_multi_item/vegbrooke,1001,4,0.036363636363636154
pact,haggling_multi_item/vegbrooke,1001,5,0.036363636363636154
pact,haggling_multi_item/vegbrooke,1001,6,0.036363636363636154
pact,haggling_multi_item/vegbrooke,1001,7,0.036363636363636154
pact,haggling_multi_item/vegbrooke,1001,8,0.036363636363636154
pact,haggling_multi_item/vegbrooke,1001,9,0.036363636363636154
pact,haggling_multi_item/vegbrooke,1001,10,0.036363636363636154
pact,haggling_multi_item/vegbrooke,1001,11,0.036363636363636154
pact,haggling_multi_item/vegbrooke,1001,12,0.036363636363636154
pact,haggling_multi_item/vegbrooke,1001,13,0.036363636363636154
pact,haggling_multi_item/vegbrooke,1001,14,0.036363636363636154
pact,haggling_multi_item/vegbrooke,1001,15,0.036363636363636154
pact,haggling_multi_item/vegbrooke,1001,16,0.036363636363636154
pact,haggling_multi_item/vegbrooke,1001,17,0.036363636363636154
pact,haggling_multi_item/vegbrooke,1001,18,0.05454545454545423
pact,haggling_multi_item/vegbrooke,1001,19,0.05454545454545423
pact,haggling_multi_item/vegbrooke,1001,20,0.05454545454545423
pact_plus,haggling_multi_item/vegbrooke,1001,1,0.018181818181818077
pact_plus,haggling_multi_item/vegbrooke,1001,2,0.036363636363636154
pact_plus,haggling_multi_item/vegbrooke,1001,3,0.036363636363636154
pact_plus,haggling_multi_item/vegbrooke,1001,4,0.036363636363636154
pact_plus,haggling_multi_item/vegbrooke,1001,5,0.036363636363636154
pact_plus,haggling_multi_item/vegbrooke,1001,6,0.036363636363636154
pact_plus,haggling_multi_item/vegbrooke,1001,7,0.036363636363636154
pact_plus,haggling_multi_item/vegbrooke,1001,8,0.036363636363636154
pact_plus,haggling_multi_item/vegbrooke,1001,9,0.036363636363636154
pact_plus,haggling_multi_item/vegbrooke,1001,10,0.036363636363636154
pact_plus,haggling_multi_item/vegbrooke,1001,11,0.036363636363636154
pact_plus,haggling_multi_item/vegbrooke,1001,12,0.036363636363636154
pact_plus,haggling_multi_item/vegbrooke,1001,13,0.036363636363636154
pact_plus,haggling_multi_item/vegbrooke,1001,14,0.036363636363636154
pact_plus,haggling_multi_item/vegbrooke,1001,15,0.036363636363636154
pact_plus,haggling_multi_item/vegbrooke,1001,16,0.036363636363636154
pact_plus,haggling_multi_item/vegbrooke,1001,17,0.036363636363636154
pact_plus,haggling_multi_item/vegbrooke,1001,18,0.05454545454545423
pact_plus,haggling_multi_item/vegbrooke,1001,19,0.05454545454545423
pact_plus,haggling_multi_item/vegbrooke,1001,20,0.05454545454545423
joint_psrl_uniform,haggling_multi_item/vegbrooke,1001,1,0.0
joint_psrl_uniform,haggling_multi_item/vegbrooke,1001,2,0.08181818181818179
joint_psrl_uniform,haggling_multi_item/vegbrooke,1001,3,0.509090909090909
joint_psrl_uniform,haggling_multi_item/vegbrooke,1001,4,0.509090909090909
joint_psrl_uniform,haggling_multi_item/vegbrooke,1001,5,0.509090909090909
joint_psrl_uniform,haggling_multi_item/vegbrooke,1001,6,0.5272727272727271
joint_psrl_uniform,haggling_multi_item/vegbrooke,1001,7,0.5272727272727271
joint_psrl_uniform,haggling_multi_item/vegbrooke,1001,8,0.5454545454545452
joint_psrl_uniform,haggling_multi_item/vegbrooke,1001,9,0.5454545454545452
joint_psrl_uniform,haggling_multi_item/vegbrooke,1001,10,0.5454545454545452
joint_psrl_uniform,haggling_multi_item/vegbrooke,1001,11,0.5454545454545452
joint_psrl_uniform,haggling_multi_item/vegbrooke,1001,12,0.5454545454545452
joint_psrl_uniform,haggling_multi_item/vegbrooke,1001,13,0.5454545454545452
joint_psrl_uniform,haggling_multi_item/vegbrooke,1001,14,0.5454545454545452
joint_psrl_uniform,haggling_multi_item/vegbrooke,1001,15,0.5454545454545452
joint_psrl_uniform,haggling_multi_item/vegbrooke,1001,16,0.5454545454545452
joint_psrl_uniform,haggling_multi_item/vegbrooke,1001,17,0.5454545454545452
joint_psrl_uniform,haggling_multi_item/vegbrooke,1001,18,0.5454545454545452
joint_psrl_uniform,haggling_multi_item/vegbrooke,1001,19,0.5454545454545452
joint_psrl_uniform,haggling_multi_item/vegbrooke,1001,20,0.5454545454545452
psrl_notype,haggling_multi_item/vegbrooke,1001,1,0.0
psrl_notype,haggling_multi_item/vegbrooke,1001,2,0.0
psrl_notype,haggling_multi_item/vegbrooke,1001,3,0.0
psrl_notype,haggling_multi_item/vegbrooke,1001,4,0.009090909090909038
psrl_notype,haggling_multi_item/vegbrooke,1001,5,0.027272727272727115
psrl_notype,haggling_multi_item/vegbrooke,1001,6,0.1090909090909089
psrl_notype,haggling_multi_item/vegbrooke,1001,7,0.1090909090909089
psrl_notype,haggling_multi_item/vegbrooke,1001,8,0.12727272727272698
psrl_notype,haggling_multi_item/vegbrooke,1001,9,0.14545454545454506
psrl_notype,haggling_multi_item/vegbrooke,1001,10,0.22727272727272685
psrl_notype,haggling_multi_item/vegbrooke,1001,11,0.2363636363636359
psrl_notype,haggling_multi_item/vegbrooke,1001,12,0.24545454545454493
psrl_notype,haggling_multi_item/vegbrooke,1001,13,0.263636363636363
psrl_notype,haggling_multi_item/vegbrooke,1001,14,0.3454545454545448
psrl_notype,haggling_multi_item/vegbrooke,1001,15,0.4272727272727266
psrl_notype,haggling_multi_item/vegbrooke,1001,16,0.4272727272727266
psrl_notype,haggling_multi_item/vegbrooke,1001,17,0.8545454545454538
psrl_notype,haggling_multi_item/vegbrooke,1001,18,0.9363636363636356
psrl_notype,haggling_multi_item/vegbrooke,1001,19,1.0181818181818174
psrl_notype,haggling_multi_item/vegbrooke,1001,20,1.4454545454545447
map_type_greedy,haggling_multi_item/vegbrooke,1001,1,0.018181818181818077
map_type_greedy,haggling_multi_item/vegbrooke,1001,2,0.018181818181818077
map_type_greedy,haggling_multi_item/vegbrooke,1001,3,0.018181818181818077
map_type_greedy,haggling_multi_item/vegbrooke,1001,4,0.018181818181818077
map_type_greedy,haggling_multi_item/vegbrooke,1001,5,0.018181818181818077
map_type_greedy,haggling_multi_item/vegbrooke,1001,6,0.018181818181818077
map_type_greedy,haggling_multi_item/vegbrooke,1001,7,0.018181818181818077
map_type_greedy,haggling_multi_item/vegbrooke,1001,8,0.018181818181818077
map_type_greedy,haggling_multi_item/vegbrooke,1001,9,0.018181818181818077
map_type_greedy,haggling_multi_item/vegbrooke,1001,10,0.018181818181818077
map_type_greedy,haggling_multi_item/vegbrooke,1001,11,0.018181818181818077
map_type_greedy,haggling_multi_item/vegbrooke,1001,12,0.018181818181818077
map_type_greedy,haggling_multi_item/vegbrooke,1001,13,0.018181818181818077
map_type_greedy,haggling_multi_item/vegbrooke,1001,14,0.018181818181818077
map_type_greedy,haggling_multi_item/vegbrooke,1001,15,0.018181818181818077
map_type_greedy,haggling_multi_item/vegbrooke,1001,16,0.018181818181818077
map_type_greedy,haggling_multi_item/vegbrooke,1001,17,0.018181818181818077
map_type_greedy,haggling_multi_item/vegbrooke,1001,18,0.018181818181818077
map_type_greedy,haggling_multi_item/vegbrooke,1001,19,0.018181818181818077
map_type_greedy,haggling_multi_item/vegbrooke,1001,20,0.018181818181818077
econ_bne,haggling_multi_item/vegbrooke,1001,1,0.08181818181818179
econ_bne,haggling_multi_item/vegbrooke,1001,2,0.16363636363636358
econ_bne,haggling_multi_item/vegbrooke,1001,3,0.24545454545454537
econ_bne,haggling_multi_item/vegbrooke,1001,4,0.32727272727272716
econ_bne,haggling_multi_item/vegbrooke,1001,5,0.40909090909090895
econ_bne,haggling_multi_item/vegbrooke,1001,6,0.49090909090909074
econ_bne,haggling_multi_item/vegbrooke,1001,7,0.5727272727272725
econ_bne,haggling_multi_item/vegbrooke,1001,8,0.6545454545454543
econ_bne,haggling_multi_item/vegbrooke,1001,9,0.7363636363636361
econ_bne,haggling_multi_item/vegbrooke,1001,10,0.8181818181818179
econ_bne,haggling_multi_item/vegbrooke,1001,11,0.8999999999999997
econ_bne,haggling_multi_item/vegbrooke,1001,12,0.9818181818181815
econ_bne,haggling_multi_item/vegbrooke,1001,13,1.0636363636363633
econ_bne,haggling_multi_item/vegbrooke,1001,14,1.145454545454545
econ_bne,haggling_multi_item/vegbrooke,1001,15,1.2272727272727268
econ_bne,haggling_multi_item/vegbrooke,1001,16,1.3090909090909086
econ_bne,haggling_multi_item/vegbrooke,1001,17,1.3909090909090904
econ_bne,haggling_multi_item/vegbrooke,1001,18,1.4727272727272722
econ_bne,haggling_multi_item/vegbrooke,1001,19,1.554545454545454
econ_bne,haggling_multi_item/vegbrooke,1001,20,1.6363636363636358
atom_tom1,haggling_multi_item/vegbrooke,1001,1,0.42727272727272725
atom_tom1,haggling_multi_item/vegbrooke,1001,2,0.8545454545454545
atom_tom1,haggling_multi_item/vegbrooke,1001,3,1.2818181818181817
atom_tom1,haggling_multi_item/vegbrooke,1001,4,1.709090909090909
atom_tom1,haggling_multi_item/vegbrooke,1001,5,2.1363636363636362
atom_tom1,haggling_multi_item/vegbrooke,1001,6,2.5636363636363635
atom_tom1,haggling_multi_item/vegbrooke,1001,7,2.9909090909090907
atom_tom1,haggling_multi_item/vegbrooke,1001,8,3.418181818181818
atom_tom1,haggling_multi_item/vegbrooke,1001,9,3.8454545454545452
atom_tom1,haggling_multi_item/vegbrooke,1001,10,4.2727272727272725
atom_tom1,haggling_multi_item/vegbrooke,1001,11,4.699999999999999
atom_tom1,haggling_multi_item/vegbrooke,1001,12,5.127272727272727
atom_tom1,haggling_multi_item/vegbrooke,1001,13,5.554545454545455
atom_tom1,haggling_multi_item/vegbrooke,1001,14,5.981818181818182
atom_tom1,haggling_multi_item/vegbrooke,1001,15,6.40909090909091
atom_tom1,haggling_multi_item/vegbrooke,1001,16,6.836363636363638
atom_tom1,haggling_multi_item/vegbrooke,1001,17,7.2636363636363654
atom_tom1,haggling_multi_item/vegbrooke,1001,18,7.690909090909093
atom_tom1,haggling_multi_item/vegbrooke,1001,19,8.11818181818182
atom_tom1,haggling_multi_item/vegbrooke,1001,20,8.545454545454549
random,haggling_multi_item/vegbrooke,1001,1,0.8287878787878787
random,haggling_multi_item/vegbrooke,1001,2,1.6575757575757575
random,haggling_multi_item/vegbrooke,1001,3,2.165151515151515
random,haggling_multi_item/vegbrooke,1001,4,2.9939393939393937
random,haggling_multi_item/vegbrooke,1001,5,3.0121212121212118
random,haggling_multi_item/vegbrooke,1001,6,3.8409090909090904
random,haggling_multi_item/vegbrooke,1001,7,3.8499999999999996
random,haggling_multi_item/vegbrooke,1001,8,4.678787878787879
random,haggling_multi_item/vegbrooke,1001,9,5.507575757575758
random,haggling_multi_item/vegbrooke,1001,10,6.336363636363637
random,haggling_multi_item/vegbrooke,1001,11,6.345454545454546
random,haggling_multi_item/vegbrooke,1001,12,7.174242424242425
random,haggling_multi_item/vegbrooke,1001,13,8.003030303030304
random,haggling_multi_item/vegbrooke,1001,14,8.831818181818182
random,haggling_multi_item/vegbrooke,1001,15,8.85
random,haggling_multi_item/vegbrooke,1001,16,9.678787878787878
random,haggling_multi_item/vegbrooke,1001,17,9.84090909090909
random,haggling_multi_item/vegbrooke,1001,18,10.669696969696968
random,haggling_multi_item/vegbrooke,1001,19,11.498484848484846
random,haggling_multi_item/vegbrooke,1001,20,11.83333333333333
pact,haggling_multi_item/fruitville_multi,1001,1,0.0
pact,haggling_multi_item/fruitville_multi,1001,2,0.40909090909090917
pact,haggling_multi_item/fruitville_multi,1001,3,0.40909090909090917
pact,haggling_multi_item/fruitville_multi,1001,4,0.40909090909090917
pact,haggling_multi_item/fruitville_multi,1001,5,0.40909090909090917
pact,haggling_multi_item/fruitville_multi,1001,6,0.40909090909090917
pact,haggling_multi_item/fruitville_multi,1001,7,0.4545454545454546
pact,haggling_multi_item/fruitville_multi,1001,8,0.4545454545454546
pact,haggling_multi_item/fruitville_multi,1001,9,0.4545454545454546
pact,haggling_multi_item/fruitville_multi,1001,10,0.4545454545454546
pact,haggling_multi_item/fruitville_multi,1001,11,0.4545454545454546
pact,haggling_multi_item/fruitville_multi,1001,12,0.4545454545454546
pact,haggling_multi_item/fruitville_multi,1001,13,0.4545454545454546
pact,haggling_multi_item/fruitville_multi,1001,14,0.4545454545454546
pact,haggling_multi_item/fruitville_multi,1001,15,0.4545454545454546
pact,haggling_multi_item/fruitville_multi,1001,16,0.4545454545454546
pact,haggling_multi_item/fruitville_multi,1001,17,0.4545454545454546
pact,haggling_multi_item/fruitville_multi,1001,18,0.4545454545454546
pact,haggling_multi_item/fruitville_multi,1001,19,0.4545454545454546
pact,haggling_multi_item/fruitville_multi,1001,20,0.4545454545454546
pact_plus,haggling_multi_item/fruitville_multi,1001,1,0.045454545454545414
pact_plus,haggling_multi_item/fruitville_multi,1001,2,0.4545454545454546
pact_plus,haggling_multi_item/fruitville_multi,1001,3,0.4545454545454546
pact_plus,haggling_multi_item/fruitville_multi,1001,4,0.4545454545454546
pact_plus,haggling_multi_item/fruitville_multi,1001,5,0.4545454545454546
pact_plus,haggling_multi_item/fruitville_multi,1001,6,0.4545454545454546
pact_plus,haggling_multi_item/fruitville_multi,1001,7,0.4545454545454546
pact_plus,haggling_multi_item/fruitville_multi,1001,8,0.4545454545454546
pact_plus,haggling_multi_item/fruitville_multi,1001,9,0.4545454545454546
pact_plus,haggling_multi_item/fruitville_multi,1001,10,0.4545454545454546
pact_plus,haggling_multi_item/fruitville_multi,1001,11,0.4545454545454546
pact_plus,haggling_multi_item/fruitville_multi,1001,12,0.4545454545454546
pact_plus,haggling_multi_item/fruitville_multi,1001,13,0.4545454545454546
pact_plus,haggling_multi_item/fruitville_multi,1001,14,0.4545454545454546
pact_plus,haggling_multi_item/fruitville_multi,1001,15,0.4545454545454546
pact_plus,haggling_multi_item/fruitville_multi,1001,16,0.4545454545454546
pact_plus,haggling_multi_item/fruitville_multi,1001,17,0.4545454545454546
pact_plus,haggling_multi_item/fruitville_multi,1001,18,0.4545454545454546
pact_plus,haggling_multi_item/fruitville_multi,1001,19,0.4545454545454546
pact_plus,haggling_multi_item/fruitville_multi,1001,20,0.4545454545454546
joint_psrl_uniform,haggling_multi_item/fruitville_multi,1001,1,0.0
joint_psrl_uniform,haggling_multi_item/fruitville_multi,1001,2,0.2727272727272727
joint_psrl_uniform,haggling_multi_item/fruitville_multi,1001,3,0.3181818181818181
joint_psrl_uniform,haggling_multi_item/fruitville_multi,1001,4,0.3181818181818181
joint_psrl_uniform,haggling_multi_item/fruitville_multi,1001,5,0.3181818181818181
joint_psrl_uniform,haggling_multi_item/fruitville_multi,1001,6,0.3181818181818181
joint_psrl_uniform,haggling_multi_item/fruitville_multi,1001,7,0.3181818181818181
joint_psrl_uniform,haggling_multi_item/fruitville_multi,1001,8,0.36363636363636354
joint_psrl_uniform,haggling_multi_item/fruitville_multi,1001,9,0.36363636363636354
joint_psrl_uniform,haggling_multi_item/fruitville_multi,1001,10,0.36363636363636354
joint_psrl_uniform,haggling_multi_item/fruitville_multi,1001,11,0.36363636363636354
joint_psrl_uniform,haggling_multi_item/fruitville_multi,1001,12,0.36363636363636354
joint_psrl_uniform,haggling_multi_item/fruitville_multi,1001,13,0.36363636363636354
joint_psrl_uniform,haggling_multi_item/fruitville_multi,1001,14,0.36363636363636354
joint_psrl_uniform,haggling_multi_item/fruitville_multi,1001,15,0.36363636363636354
joint_psrl_uniform,haggling_multi_item/fruitville_multi,1001,16,0.36363636363636354
joint_psrl_uniform,haggling_multi_item/fruitville_multi,1001,17,0.36363636363636354
joint_psrl_uniform,haggling_multi_item/fruitville_multi,1001,18,0.36363636363636354
joint_psrl_uniform,haggling_multi_item/fruitville_multi,1001,19,0.36363636363636354
joint_psrl_uniform,haggling_multi_item/fruitville_multi,1001,20,0.36363636363636354
psrl_notype,haggling_multi_item/fruitville_multi,1001,1,0.0
psrl_notype,haggling_multi_item/fruitville_multi,1001,2,0.0
psrl_notype,haggling_multi_item/fruitville_multi,1001,3,0.0
psrl_notype,haggling_multi_item/fruitville_multi,1001,4,0.0
psrl_notype,haggling_multi_item/fruitville_multi,1001,5,0.2727272727272727
psrl_notype,haggling_multi_item/fruitville_multi,1001,6,0.2727272727272727
psrl_notype,haggling_multi_item/fruitville_multi,1001,7,0.2727272727272727
psrl_notype,haggling_multi_item/fruitville_multi,1001,8,0.5454545454545454
psrl_notype,haggling_multi_item/fruitville_multi,1001,9,0.8181818181818181
psrl_notype,haggling_multi_item/fruitville_multi,1001,10,0.8181818181818181
psrl_notype,haggling_multi_item/fruitville_multi,1001,11,0.8181818181818181
psrl_notype,haggling_multi_item/fruitville_multi,1001,12,0.8181818181818181
psrl_notype,haggling_multi_item/fruitville_multi,1001,13,1.0909090909090908
psrl_notype,haggling_multi_item/fruitville_multi,1001,14,1.0909090909090908
psrl_notype,haggling_multi_item/fruitville_multi,1001,15,1.0909090909090908
psrl_notype,haggling_multi_item/fruitville_multi,1001,16,1.0909090909090908
psrl_notype,haggling_multi_item/fruitville_multi,1001,17,1.5
psrl_notype,haggling_multi_item/fruitville_multi,1001,18,1.7727272727272727
psrl_notype,haggling_multi_item/fruitville_multi,1001,19,1.7727272727272727
psrl_notype,haggling_multi_item/fruitville_multi,1001,20,2.1818181818181817
map_type_greedy,haggling_multi_item/fruitville_multi,1001,1,0.2727272727272727
map_type_greedy,haggling_multi_item/fruitville_multi,1001,2,0.2727272727272727
map_type_greedy,haggling_multi_item/fruitville_multi,1001,3,0.2727272727272727
map_type_greedy,haggling_multi_item/fruitville_multi,1001,4,0.2727272727272727
map_type_greedy,haggling_multi_item/fruitville_multi,1001,5,0.2727272727272727
map_type_greedy,haggling_multi_item/fruitville_multi,1001,6,0.2727272727272727
map_type_greedy,haggling_multi_item/fruitville_multi,1001,7,0.2727272727272727
map_type_greedy,haggling_multi_item/fruitville_multi,1001,8,0.2727272727272727
map_type_greedy,haggling_multi_item/fruitville_multi,1001,9,0.2727272727272727
map_type_greedy,haggling_multi_item/fruitville_multi,1001,10,0.2727272727272727
map_type_greedy,haggling_multi_item/fruitville_multi,1001,11,0.2727272727272727
map_type_greedy,haggling_multi_item/fruitville_multi,1001,12,0.2727272727272727
map_type_greedy,haggling_multi_item/fruitville_multi,1001,13,0.2727272727272727
map_type_greedy,haggling_multi_item/fruitville_multi,1001,14,0.2727272727272727
map_type_greedy,haggling_multi_item/fruitville_multi,1001,15,0.2727272727272727
map_type_greedy,haggling_multi_item/fruitville_multi,1001,16,0.2727272727272727
map_type_greedy,haggling_multi_item/fruitville_multi,1001,17,0.2727272727272727
map_type_greedy,haggling_multi_item/fruitville_multi,1001,18,0.2727272727272727
map_type_greedy,haggling_multi_item/fruitville_multi,1001,19,0.2727272727272727
map_type_greedy,haggling_multi_item/fruitville_multi,1001,20,0.2727272727272727
econ_bne,haggling_multi_item/fruitville_multi,1001,1,0.0
econ_bne,haggling_multi_item/fruitville_multi,1001,2,0.0
econ_bne,haggling_multi_item/fruitville_multi,1001,3,0.0
econ_bne,haggling_multi_item/fruitville_multi,1001,4,0.0
econ_bne,haggling_multi_item/fruitville_multi,1001,5,0.0
econ_bne,haggling_multi_item/fruitville_multi,1001,6,0.0
econ_bne,haggling_multi_item/fruitville_multi,1001,7,0.0
econ_bne,haggling_multi_item/fruitville_multi,1001,8,0.0
econ_bne,haggling_multi_item/fruitville_multi,1001,9,0.0
econ_bne,haggling_multi_item/fruitville_multi,1001,10,0.0
econ_bne,haggling_multi_item/fruitville_multi,1001,11,0.0
econ_bne,haggling_multi_item/fruitville_multi,1001,12,0.0
econ_bne,haggling_multi_item/fruitville_multi,1001,13,0.0
econ_bne,haggling_multi_item/fruitville_multi,1001,14,0.0
econ_bne,haggling_multi_item/fruitville_multi,1001,15,0.0
econ_bne,haggling_multi_item/fruitville_multi,1001,16,0.0
econ_bne,haggling_multi_item/fruitville_multi,1001,17,0.0
econ_bne,haggling_multi_item/fruitville_multi,1001,18,0.0
econ_bne,haggling_multi_item/fruitville_multi,1001,19,0.0
econ_bne,haggling_multi_item/fruitville_multi,1001,20,0.0
atom_tom1,haggling_multi_item/fruitville_multi,1001,1,0.2727272727272727
atom_tom1,haggling_multi_item/fruitville_multi,1001,2,0.5454545454545454
atom_tom1,haggling_multi_item/fruitville_multi,1001,3,0.8181818181818181
atom_tom1,haggling_multi_item/fruitville_multi,1001,4,1.0909090909090908
atom_tom1,haggling_multi_item/fruitville_multi,1001,5,1.3636363636363635
atom_tom1,haggling_multi_item/fruitville_multi,1001,6,1.6363636363636362
atom_tom1,haggling_multi_item/fruitville_multi,1001,7,1.909090909090909
atom_tom1,haggling_multi_item/fruitville_multi,1001,8,2.1818181818181817
atom_tom1,haggling_multi_item/fruitville_multi,1001,9,2.454545454545454
atom_tom1,haggling_multi_item/fruitville_multi,1001,10,2.7272727272727266
atom_tom1,haggling_multi_item/fruitville_multi,1001,11,2.999999999999999
atom_tom1,haggling_multi_item/fruitville_multi,1001,12,3.2727272727272716
atom_tom1,haggling_multi_item/fruitville_multi,1001,13,3.545454545454544
atom_tom1,haggling_multi_item/fruitville_multi,1001,14,3.8181818181818166
atom_tom1,haggling_multi_item/fruitville_multi,1001,15,4.090909090909089
atom_tom1,haggling_multi_item/fruitville_multi,1001,16,4.3636363636363615
atom_tom1,haggling_multi_item/fruitville_multi,1001,17,4.636363636363634
atom_tom1,haggling_multi_item/fruitville_multi,1001,18,4.9090909090909065
atom_tom1,haggling_multi_item/fruitville_multi,1001,19,5.181818181818179
atom_tom1,haggling_multi_item/fruitville_multi,1001,20,5.4545454545454515
random,haggling_multi_item/fruitville_multi,1001,1,0.6060606060606062
random,haggling_multi_item/fruitville_multi,1001,2,1.2121212121212124
random,haggling_multi_item/fruitville_multi,1001,3,1.6212121212121215
random,haggling_multi_item/fruitville_multi,1001,4,2.2272727272727275
random,haggling_multi_item/fruitville_multi,1001,5,2.272727272727273
random,haggling_multi_item/fruitville_multi,1001,6,2.878787878787879
random,haggling_multi_item/fruitville_multi,1001,7,2.909090909090909
random,haggling_multi_item/fruitville_multi,1001,8,3.5151515151515156
random,haggling_multi_item/fruitville_multi,1001,9,4.121212121212122
random,haggling_multi_item/fruitville_multi,1001,10,4.727272727272728
random,haggling_multi_item/fruitville_multi,1001,11,4.757575757575759
random,haggling_multi_item/fruitville_multi,1001,12,5.363636363636365
random,haggling_multi_item/fruitville_multi,1001,13,5.9696969696969715
random,haggling_multi_item/fruitville_multi,1001,14,6.575757575757578
random,haggling_multi_item/fruitville_multi,1001,15,6.621212121212123
random,haggling_multi_item/fruitville_multi,1001,16,7.227272727272729
random,haggling_multi_item/fruitville_multi,1001,17,7.363636363636366
random,haggling_multi_item/fruitville_multi,1001,18,7.969696969696972
random,haggling_multi_item/fruitville_multi,1001,19,8.575757575757578
random,haggling_multi_item/fruitville_multi,1001,20,8.848484848484851
pact,pub/london,1002,1,0.0
pact,pub/london,1002,2,0.0
pact,pub/london,1002,3,0.0
pact,pub/london,1002,4,0.0
pact,pub/london,1002,5,0.0
pact,pub/london,1002,6,0.0
pact,pub/london,1002,7,0.0
pact,pub/london,1002,8,0.0
pact,pub/london,1002,9,0.0
pact,pub/london,1002,10,0.0
pact,pub/london,1002,11,0.0
pact,pub/london,1002,12,0.0
pact,pub/london,1002,13,0.0
pact,pub/london,1002,14,0.0
pact,pub/london,1002,15,0.0
pact,pub/london,1002,16,0.0
pact,pub/london,1002,17,0.0
pact,pub/london,1002,18,0.0
pact,pub/london,1002,19,0.0
pact,pub/london,1002,20,0.0
pact_plus,pub/london,1002,1,0.0
pact_plus,pub/london,1002,2,0.0
pact_plus,pub/london,1002,3,0.0
pact_plus,pub/london,1002,4,0.0
pact_plus,pub/london,1002,5,0.0
pact_plus,pub/london,1002,6,0.0
pact_plus,pub/london,1002,7,0.0
pact_plus,pub/london,1002,8,0.0
pact_plus,pub/london,1002,9,0.0
pact_plus,pub/london,1002,10,0.0
pact_plus,pub/london,1002,11,0.0
pact_plus,pub/london,1002,12,0.0
pact_plus,pub/london,1002,13,0.0
pact_plus,pub/london,1002,14,0.0
pact_plus,pub/london,1002,15,0.0
pact_plus,pub/london,1002,16,0.0
pact_plus,pub/london,1002,17,0.0
pact_plus,pub/london,1002,18,0.0
pact_plus,pub/london,1002,19,0.0
pact_plus,pub/london,1002,20,0.0
joint_psrl_uniform,pub/london,1002,1,0.0
joint_psrl_uniform,pub/london,1002,2,0.273942408754416
joint_psrl_uniform,pub/london,1002,3,0.273942408754416
joint_psrl_uniform,pub/london,1002,4,0.273942408754416
joint_psrl_uniform,pub/london,1002,5,0.273942408754416
joint_psrl_uniform,pub/london,1002,6,0.273942408754416
joint_psrl_uniform,pub/london,1002,7,0.273942408754416
joint_psrl_uniform,pub/london,1002,8,0.273942408754416
joint_psrl_uniform,pub/london,1002,9,0.273942408754416
joint_psrl_uniform,pub/london,1002,10,0.273942408754416
joint_psrl_uniform,pub/london,1002,11,0.273942408754416
joint_psrl_uniform,pub/london,1002,12,0.273942408754416
joint_psrl_uniform,pub/london,1002,13,0.273942408754416
joint_psrl_uniform,pub/london,1002,14,0.273942408754416
joint_psrl_uniform,pub/london,1002,15,0.273942408754416
joint_psrl_uniform,pub/london,1002,16,0.273942408754416
joint_psrl_uniform,pub/london,1002,17,0.273942408754416
joint_psrl_uniform,pub/london,1002,18,0.273942408754416
joint_psrl_uniform,pub/london,1002,19,0.273942408754416
joint_psrl_uniform,pub/london,1002,20,0.273942408754416
psrl_notype,pub/london,1002,1,0.273942408754416
psrl_notype,pub/london,1002,2,0.273942408754416
psrl_notype,pub/london,1002,3,0.547884817508832
psrl_notype,pub/london,1002,4,0.547884817508832
psrl_notype,pub/london,1002,5,0.547884817508832
psrl_notype,pub/london,1002,6,0.821827226263248
psrl_notype,pub/london,1002,7,0.821827226263248
psrl_notype,pub/london,1002,8,0.821827226263248
psrl_notype,pub/london,1002,9,1.095769635017664
psrl_notype,pub/london,1002,10,1.36971204377208
psrl_notype,pub/london,1002,11,1.36971204377208
psrl_notype,pub/london,1002,12,1.643654452526496
psrl_notype,pub/london,1002,13,1.643654452526496
psrl_notype,pub/london,1002,14,1.643654452526496
psrl_notype,pub/london,1002,15,1.643654452526496
psrl_notype,pub/london,1002,16,1.643654452526496
psrl_notype,pub/london,1002,17,1.917596861280912
psrl_notype,pub/london,1002,18,2.191539270035328
psrl_notype,pub/london,1002,19,2.465481678789744
psrl_notype,pub/london,1002,20,2.465481678789744
map_type_greedy,pub/london,1002,1,0.273942408754416
map_type_greedy,pub/london,1002,2,0.273942408754416
map_type_greedy,pub/london,1002,3,0.273942408754416
map_type_greedy,pub/london,1002,4,0.273942408754416
map_type_greedy,pub/london,1002,5,0.273942408754416
map_type_greedy,pub/london,1002,6,0.273942408754416
map_type_greedy,pub/london,1002,7,0.273942408754416
map_type_greedy,pub/london,1002,8,0.273942408754416
map_type_greedy,pub/london,1002,9,0.273942408754416
map_type_greedy,pub/london,1002,10,0.273942408754416
map_type_greedy,pub/london,1002,11,0.273942408754416
map_type_greedy,pub/london,1002,12,0.273942408754416
map_type_greedy,pub/london,1002,13,0.273942408754416
map_type_greedy,pub/london,1002,14,0.273942408754416
map_type_greedy,pub/london,1002,15,0.273942408754416
map_type_greedy,pub/london,1002,16,0.273942408754416
map_type_greedy,pub/london,1002,17,0.273942408754416
map_type_greedy,pub/london,1002,18,0.273942408754416
map_type_greedy,pub/london,1002,19,0.273942408754416
map_type_greedy,pub/london,1002,20,0.273942408754416
econ_bne,pub/london,1002,1,0.625
econ_bne,pub/london,1002,2,1.25
econ_bne,pub/london,1002,3,1.875
econ_bne,pub/london,1002,4,2.5
econ_bne,pub/london,1002,5,3.125
econ_bne,pub/london,1002,6,3.75
econ_bne,pub/london,1002,7,4.375
econ_bne,pub/london,1002,8,5.0
econ_bne,pub/london,1002,9,5.625
econ_bne,pub/london,1002,10,6.25
econ_bne,pub/london,1002,11,6.875
econ_bne,pub/london,1002,12,7.5
econ_bne,pub/london,1002,13,8.125
econ_bne,pub/london,1002,14,8.75
econ_bne,pub/london,1002,15,9.375
econ_bne,pub/london,1002,16,10.0
econ_bne,pub/london,1002,17,10.625
econ_bne,pub/london,1002,18,11.25
econ_bne,pub/london,1002,19,11.875
econ_bne,pub/london,1002,20,12.5
atom_tom1,pub/london,1002,1,0.0
atom_tom1,pub/london,1002,2,0.0
atom_tom1,pub/london,1002,3,0.0
atom_tom1,pub/london,1002,4,0.0
atom_tom1,pub/london,1002,5,0.0
atom_tom1,pub/london,1002,6,0.0
atom_tom1,pub/london,1002,7,0.0
atom_tom1,pub/london,1002,8,0.0
atom_tom1,pub/london,1002,9,0.0
atom_tom1,pub/london,1002,10,0.0
atom_tom1,pub/london,1002,11,0.0
atom_tom1,pub/london,1002,12,0.0
atom_tom1,pub/london,1002,13,0.0
atom_tom1,pub/london,1002,14,0.0
atom_tom1,pub/london,1002,15,0.0
atom_tom1,pub/london,1002,16,0.0
atom_tom1,pub/london,1002,17,0.0
atom_tom1,pub/london,1002,18,0.0
atom_tom1,pub/london,1002,19,0.0
atom_tom1,pub/london,1002,20,0.0
random,pub/london,1002,1,1.5823124528072792
random,pub/london,1002,2,2.4812548615616947
random,pub/london,1002,3,2.4812548615616947
random,pub/london,1002,4,4.552508091535854
random,pub/london,1002,5,5.807968692491281
random,pub/london,1002,6,7.254221922465441
random,pub/london,1002,7,8.83653437527272
random,pub/london,1002,8,9.46153437527272
random,pub/london,1002,9,10.758793308214472
random,pub/london,1002,10,12.205046538188633
random,pub/london,1002,11,14.768877183196922
random,pub/london,1002,12,16.066136116138676
random,pub/london,1002,13,17.363395049080427
random,pub/london,1002,14,19.30222569408872
random,pub/london,1002,15,20.59948462703047
random,pub/london,1002,16,21.896743559972222
random,pub/london,1002,17,22.170685968726637
random,pub/london,1002,18,23.426146569682064
random,pub/london,1002,19,25.348405502623816
random,pub/london,1002,20,27.419658732597977
pact,pub/london_mini,1002,1,0.0
pact,pub/london_mini,1002,2,0.0
pact,pub/london_mini,1002,3,0.0
pact,pub/london_mini,1002,4,0.0
pact,pub/london_mini,1002,5,0.0
pact,pub/london_mini,1002,6,0.0
pact,pub/london_mini,1002,7,0.0
pact,pub/london_mini,1002,8,0.0
pact,pub/london_mini,1002,9,0.0
pact,pub/london_mini,1002,10,0.0
pact,pub/london_mini,1002,11,0.0
pact,pub/london_mini,1002,12,0.0
pact,pub/london_mini,1002,13,0.0
pact,pub/london_mini,1002,14,0.0
pact,pub/london_mini,1002,15,0.0
pact,pub/london_mini,1002,16,0.0
pact,pub/london_mini,1002,17,0.0
pact,pub/london_mini,1002,18,0.0
pact,pub/london_mini,1002,19,0.0
pact,pub/london_mini,1002,20,0.0
pact_plus,pub/london_mini,1002,1,0.0
pact_plus,pub/london_mini,1002,2,0.0
pact_plus,pub/london_mini,1002,3,0.0
pact_plus,pub/london_mini,1002,4,0.0
pact_plus,pub/london_mini,1002,5,0.0
pact_plus,pub/london_mini,1002,6,0.0
pact_plus,pub/london_mini,1002,7,0.0
pact_plus,pub/london_mini,1002,8,0.0
pact_plus,pub/london_mini,1002,9,0.0
pact_plus,pub/london_mini,1002,10,0.0
pact_plus,pub/london_mini,1002,11,0.0
pact_plus,pub/london_mini,1002,12,0.0
pact_plus,pub/london_mini,1002,13,0.0
pact_plus,pub/london_mini,1002,14,0.0
pact_plus,pub/london_mini,1002,15,0.0
pact_plus,pub/london_mini,1002,16,0.0
pact_plus,pub/london_mini,1002,17,0.0
pact_plus,pub/london_mini,1002,18,0.0
pact_plus,pub/london_mini,1002,19,0.0
pact_plus,pub/london_mini,1002,20,0.0
joint_psrl_uniform,pub/london_mini,1002,1,0.0
joint_psrl_uniform,pub/london_mini,1002,2,0.0
joint_psrl_uniform,pub/london_mini,1002,3,0.0
joint_psrl_uniform,pub/london_mini,1002,4,0.0
joint_psrl_uniform,pub/london_mini,1002,5,0.0
joint_psrl_uniform,pub/london_mini,1002,6,0.0
joint_psrl_uniform,pub/london_mini,1002,7,0.0
joint_psrl_uniform,pub/london_mini,1002,8,0.0
joint_psrl_uniform,pub/london_mini,1002,9,0.0
joint_psrl_uniform,pub/london_mini,1002,10,0.0
joint_psrl_uniform,pub/london_mini,1002,11,0.0
joint_psrl_uniform,pub/london_mini,1002,12,0.0
joint_psrl_uniform,pub/london_mini,1002,13,0.0
joint_psrl_uniform,pub/london_mini,1002,14,0.0
joint_psrl_uniform,pub/london_mini,1002,15,0.0
joint_psrl_uniform,pub/london_mini,1002,16,0.0
joint_psrl_uniform,pub/london_mini,1002,17,0.0
joint_psrl_uniform,pub/london_mini,1002,18,0.0
joint_psrl_uniform,pub/london_mini,1002,19,0.0
joint_psrl_uniform,pub/london_mini,1002,20,0.0
psrl_notype,pub/london_mini,1002,1,0.0
psrl_notype,pub/london_mini,1002,2,0.0
psrl_notype,pub/london_mini,1002,3,0.0
psrl_notype,pub/london_mini,1002,4,0.0
psrl_notype,pub/london_mini,1002,5,0.0
psrl_notype,pub/london_mini,1002,6,0.0
psrl_notype,pub/london_mini,1002,7,0.0
psrl_notype,pub/london_mini,1002,8,0.0
psrl_notype,pub/london_mini,1002,9,0.0
psrl_notype,pub/london_mini,1002,10,0.0
psrl_notype,pub/london_mini,1002,11,0.0
psrl_notype,pub/london_mini,1002,12,0.0
psrl_notype,pub/london_mini,1002,13,0.0
psrl_notype,pub/london_mini,1002,14,0.0
psrl_notype,pub/london_mini,1002,15,0.0
psrl_notype,pub/london_mini,1002,16,0.0
psrl_notype,pub/london_mini,1002,17,0.0
psrl_notype,pub/london_mini,1002,18,0.0
psrl_notype,pub/london_mini,1002,19,0.0
psrl_notype,pub/london_mini,1002,20,0.0
map_type_greedy,pub/london_mini,1002,1,0.0
map_type_greedy,pub/london_mini,1002,2,0.0
map_type_greedy,pub/london_mini,1002,3,0.0
map_type_greedy,pub/london_mini,1002,4,0.0
map_type_greedy,pub/london_mini,1002,5,0.0
map_type_greedy,pub/london_mini,1002,6,0.0
map_type_greedy,pub/london_mini,1002,7,0.0
map_type_greedy,pub/london_mini,1002,8,0.0
map_type_greedy,pub/london_mini,1002,9,0.0
map_type_greedy,pub/london_mini,1002,10,0.0
map_type_greedy,pub/london_mini,1002,11,0.0
map_type_greedy,pub/london_mini,1002,12,0.0
map_type_greedy,pub/london_mini,1002,13,0.0
map_type_greedy,pub/london_mini,1002,14,0.0
map_type_greedy,pub/london_mini,1002,15,0.0
map_type_greedy,pub/london_mini,1002,16,0.0
map_type_greedy,pub/london_mini,1002,17,0.0
map_type_greedy,pub/london_mini,1002,18,0.0
map_type_greedy,pub/london_mini,1002,19,0.0
map_type_greedy,pub/london_mini,1002,20,0.0
econ_bne,pub/london_mini,1002,1,0.35227272727272707
econ_bne,pub/london_mini,1002,2,0.7045454545454541
econ_bne,pub/london_mini,1002,3,1.0568181818181812
econ_bne,pub/london_mini,1002,4,1.4090909090909083
econ_bne,pub/london_mini,1002,5,1.7613636363636354
econ_bne,pub/london_mini,1002,6,2.1136363636363624
econ_bne,pub/london_mini,1002,7,2.4659090909090895
econ_bne,pub/london_mini,1002,8,2.8181818181818166
econ_bne,pub/london_mini,1002,9,3.1704545454545436
econ_bne,pub/london_mini,1002,10,3.5227272727272707
econ_bne,pub/london_mini,1002,11,3.874999999999998
econ_bne,pub/london_mini,1002,12,4.227272727272725
econ_bne,pub/london_mini,1002,13,4.5795454545454515
econ_bne,pub/london_mini,1002,14,4.931818181818178
econ_bne,pub/london_mini,1002,15,5.284090909090905
econ_bne,pub/london_mini,1002,16,5.636363636363631
econ_bne,pub/london_mini,1002,17,5.988636363636358
econ_bne,pub/london_mini,1002,18,6.340909090909085
econ_bne,pub/london_mini,1002,19,6.693181818181811
econ_bne,pub/london_mini,1002,20,7.045454545454538
atom_tom1,pub/london_mini,1002,1,0.0
atom_tom1,pub/london_mini,1002,2,0.0
atom_tom1,pub/london_mini,1002,3,0.0
atom_tom1,pub/london_mini,1002,4,0.0
atom_tom1,pub/london_mini,1002,5,0.0
atom_tom1,pub/london_mini,1002,6,0.0
atom_tom1,pub/london_mini,1002,7,0.0
atom_tom1,pub/london_mini,1002,8,0.0
atom_tom1,pub/london_mini,1002,9,0.0
atom_tom1,pub/london_mini,1002,10,0.0
atom_tom1,pub/london_mini,1002,11,0.0
atom_tom1,pub/london_mini,1002,12,0.0
atom_tom1,pub/london_mini,1002,13,0.0
atom_tom1,pub/london_mini,1002,14,0.0
atom_tom1,pub/london_mini,1002,15,0.0
atom_tom1,pub/london_mini,1002,16,0.0
atom_tom1,pub/london_mini,1002,17,0.0
atom_tom1,pub/london_mini,1002,18,0.0
atom_tom1,pub/london_mini,1002,19,0.0
atom_tom1,pub/london_mini,1002,20,0.0
random,pub/london_mini,1002,1,1.2251540832049306
random,pub/london_mini,1002,2,1.2251540832049306
random,pub/london_mini,1002,3,1.5774268104776576
random,pub/london_mini,1002,4,2.450308166409861
random,pub/london_mini,1002,5,2.450308166409861
random,pub/london_mini,1002,6,3.6754622496147915
random,pub/london_mini,1002,7,4.027734976887519
random,pub/london_mini,1002,8,4.380007704160246
random,pub/london_mini,1002,9,4.732280431432972
random,pub/london_mini,1002,10,5.605161787365176
random,pub/london_mini,1002,11,6.830315870570106
random,pub/london_mini,1002,12,6.830315870570106
random,pub/london_mini,1002,13,8.055469953775036
random,pub/london_mini,1002,14,8.407742681047763
random,pub/london_mini,1002,15,9.280624036979967
random,pub/london_mini,1002,16,10.505778120184898
random,pub/london_mini,1002,17,10.505778120184898
random,pub/london_mini,1002,18,10.858050847457624
random,pub/london_mini,1002,19,11.210323574730351
random,pub/london_mini,1002,20,11.562596302003078
pact,haggling/fruitville,1002,1,0.1333333333333333
pact,haggling/fruitville,1002,2,0.1333333333333333
pact,haggling/fruitville,1002,3,0.33333333333333326
pact,haggling/fruitville,1002,4,0.33333333333333326
pact,haggling/fruitville,1002,5,0.33333333333333326
pact,haggling/fruitville,1002,6,0.33333333333333326
pact,haggling/fruitville,1002,7,0.33333333333333326
pact,haggling/fruitville,1002,8,0.37777777777777777
pact,haggling/fruitville,1002,9,0.37777777777777777
pact,haggling/fruitville,1002,10,0.37777777777777777
pact,haggling/fruitville,1002,11,0.37777777777777777
pact,haggling/fruitville,1002,12,0.37777777777777777
pact,haggling/fruitville,1002,13,0.37777777777777777
pact,haggling/fruitville,1002,14,0.37777777777777777
pact,haggling/fruitville,1002,15,0.37777777777777777
pact,haggling/fruitville,1002,16,0.37777777777777777
pact,haggling/fruitville,1002,17,0.37777777777777777
pact,haggling/fruitville,1002,18,0.37777777777777777
pact,haggling/fruitville,1002,19,0.37777777777777777
pact,haggling/fruitville,1002,20,0.37777777777777777
pact_plus,haggling/fruitville,1002,1,0.1333333333333333
pact_plus,haggling/fruitville,1002,2,0.1333333333333333
pact_plus,haggling/fruitville,1002,3,0.33333333333333326
pact_plus,haggling/fruitville,1002,4,0.33333333333333326
pact_plus,haggling/fruitville,1002,5,0.33333333333333326
pact_plus,haggling/fruitville,1002,6,0.33333333333333326
pact_plus,haggling/fruitville,1002,7,0.33333333333333326
pact_plus,haggling/fruitville,1002,8,0.37777777777777777
pact_plus,haggling/fruitville,1002,9,0.37777777777777777
pact_plus,haggling/fruitville,1002,10,0.37777777777777777
pact_plus,haggling/fruitville,1002,11,0.37777777777777777
pact_plus,haggling/fruitville,1002,12,0.37777777777777777
pact_plus,haggling/fruitville,1002,13,0.37777777777777777
pact_plus,haggling/fruitville,1002,14,0.37777777777777777
pact_plus,haggling/fruitville,1002,15,0.37777777777777777
pact_plus,haggling/fruitville,1002,16,0.37777777777777777
pact_plus,haggling/fruitville,1002,17,0.37777777777777777
pact_plus,haggling/fruitville,1002,18,0.37777777777777777
pact_plus,haggling/fruitville,1002,19,0.37777777777777777
pact_plus,haggling/fruitville,1002,20,0.37777777777777777
joint_psrl_uniform,haggling/fruitville,1002,1,0.0
joint_psrl_uniform,haggling/fruitville,1002,2,0.0
joint_psrl_uniform,haggling/fruitville,1002,3,0.04444444444444451
joint_psrl_uniform,haggling/fruitville,1002,4,0.08888888888888902
joint_psrl_uniform,haggling/fruitville,1002,5,0.13333333333333353
joint_psrl_uniform,haggling/fruitville,1002,6,0.3333333333333335
joint_psrl_uniform,haggling/fruitville,1002,7,0.377777777777778
joint_psrl_uniform,haggling/fruitville,1002,8,0.4222222222222225
joint_psrl_uniform,haggling/fruitville,1002,9,0.4222222222222225
joint_psrl_uniform,haggling/fruitville,1002,10,0.466666666666667
joint_psrl_uniform,haggling/fruitville,1002,11,0.466666666666667
joint_psrl_uniform,haggling/fruitville,1002,12,0.6000000000000003
joint_psrl_uniform,haggling/fruitville,1002,13,0.6000000000000003
joint_psrl_uniform,haggling/fruitville,1002,14,0.6000000000000003
joint_psrl_uniform,haggling/fruitville,1002,15,0.6000000000000003
joint_psrl_uniform,haggling/fruitville,1002,16,0.6000000000000003
joint_psrl_uniform,haggling/fruitville,1002,17,0.6000000000000003
joint_psrl_uniform,haggling/fruitville,1002,18,0.6000000000000003
joint_psrl_uniform,haggling/fruitville,1002,19,0.6000000000000003
joint_psrl_uniform,haggling/fruitville,1002,20,0.6000000000000003
psrl_notype,haggling/fruitville,1002,1,0.1333333333333333
psrl_notype,haggling/fruitville,1002,2,0.1777777777777778
psrl_notype,haggling/fruitville,1002,3,0.1777777777777778
psrl_notype,haggling/fruitville,1002,4,0.1777777777777778
psrl_notype,haggling/fruitville,1002,5,0.1777777777777778
psrl_notype,haggling/fruitville,1002,6,0.37777777777777777
psrl_notype,haggling/fruitville,1002,7,0.37777777777777777
psrl_notype,haggling/fruitville,1002,8,0.4222222222222223
psrl_notype,haggling/fruitville,1002,9,0.4222222222222223
psrl_notype,haggling/fruitville,1002,10,0.6222222222222222
psrl_notype,haggling/fruitville,1002,11,0.8222222222222222
psrl_notype,haggling/fruitville,1002,12,0.8666666666666667
psrl_notype,haggling/fruitville,1002,13,1.0666666666666667
psrl_notype,haggling/fruitville,1002,14,1.2
psrl_notype,haggling/fruitville,1002,15,1.2444444444444445
psrl_notype,haggling/fruitville,1002,16,1.288888888888889
psrl_notype,haggling/fruitville,1002,17,1.288888888888889
psrl_notype,haggling/fruitville,1002,18,1.3333333333333335
psrl_notype,haggling/fruitville,1002,19,1.3333333333333335
psrl_notype,haggling/fruitville,1002,20,1.377777777777778
map_type_greedy,haggling/fruitville,1002,1,0.19999999999999996
map_type_greedy,haggling/fruitville,1002,2,0.24444444444444446
map_type_greedy,haggling/fruitville,1002,3,0.288888888888889
map_type_greedy,haggling/fruitville,1002,4,0.3333333333333335
map_type_greedy,haggling/fruitville,1002,5,0.377777777777778
map_type_greedy,haggling/fruitville,1002,6,0.4222222222222225
map_type_greedy,haggling/fruitville,1002,7,0.466666666666667
map_type_greedy,haggling/fruitville,1002,8,0.5111111111111115
map_type_greedy,haggling/fruitville,1002,9,0.555555555555556
map_type_greedy,haggling/fruitville,1002,10,0.6000000000000005
map_type_greedy,haggling/fruitville,1002,11,0.644444444444445
map_type_greedy,haggling/fruitville,1002,12,0.6888888888888896
map_type_greedy,haggling/fruitville,1002,13,0.7333333333333341
map_type_greedy,haggling/fruitville,1002,14,0.7777777777777786
map_type_greedy,haggling/fruitville,1002,15,0.8222222222222231
map_type_greedy,haggling/fruitville,1002,16,0.8666666666666676
map_type_greedy,haggling/fruitville,1002,17,0.9111111111111121
map_type_greedy,haggling/fruitville,1002,18,0.9555555555555566
map_type_greedy,haggling/fruitville,1002,19,1.000000000000001
map_type_greedy,haggling/fruitville,1002,20,1.0444444444444456
econ_bne,haggling/fruitville,1002,1,0.0
econ_bne,haggling/fruitville,1002,2,0.0
econ_bne,haggling/fruitville,1002,3,0.0
econ_bne,haggling/fruitville,1002,4,0.0
econ_bne,haggling/fruitville,1002,5,0.0
econ_bne,haggling/fruitville,1002,6,0.0
econ_bne,haggling/fruitville,1002,7,0.0
econ_bne,haggling/fruitville,1002,8,0.0
econ_bne,haggling/fruitville,1002,9,0.0
econ_bne,haggling/fruitville,1002,10,0.0
econ_bne,haggling/fruitville,1002,11,0.0
econ_bne,haggling/fruitville,1002,12,0.0
econ_bne,haggling/fruitville,1002,13,0.0
econ_bne,haggling/fruitville,1002,14,0.0
econ_bne,haggling/fruitville,1002,15,0.0
econ_bne,haggling/fruitville,1002,16,0.0
econ_bne,haggling/fruitville,1002,17,0.0
econ_bne,haggling/fruitville,1002,18,0.0
econ_bne,haggling/fruitville,1002,19,0.0
econ_bne,haggling/fruitville,1002,20,0.0
atom_tom1,haggling/fruitville,1002,1,0.1333333333333333
atom_tom1,haggling/fruitville,1002,2,0.2666666666666666
atom_tom1,haggling/fruitville,1002,3,0.3999999999999999
atom_tom1,haggling/fruitville,1002,4,0.5333333333333332
atom_tom1,haggling/fruitville,1002,5,0.6666666666666665
atom_tom1,haggling/fruitville,1002,6,0.7999999999999998
atom_tom1,haggling/fruitville,1002,7,0.9333333333333331
atom_tom1,haggling/fruitville,1002,8,1.0666666666666664
atom_tom1,haggling/fruitville,1002,9,1.1999999999999997
atom_tom1,haggling/fruitville,1002,10,1.333333333333333
atom_tom1,haggling/fruitville,1002,11,1.4666666666666663
atom_tom1,haggling/fruitville,1002,12,1.5999999999999996
atom_tom1,haggling/fruitville,1002,13,1.733333333333333
atom_tom1,haggling/fruitville,1002,14,1.8666666666666663
atom_tom1,haggling/fruitville,1002,15,1.9999999999999996
atom_tom1,haggling/fruitville,1002,16,2.133333333333333
atom_tom1,haggling/fruitville,1002,17,2.266666666666666
atom_tom1,haggling/fruitville,1002,18,2.3999999999999995
atom_tom1,haggling/fruitville,1002,19,2.5333333333333328
atom_tom1,haggling/fruitville,1002,20,2.666666666666666
random,haggling/fruitville,1002,1,1.0222222222222221
random,haggling/fruitville,1002,2,2.0444444444444443
random,haggling/fruitville,1002,3,3.0666666666666664
random,haggling/fruitville,1002,4,3.1999999999999997
random,haggling/fruitville,1002,5,4.222222222222221
random,haggling/fruitville,1002,6,4.266666666666666
random,haggling/fruitville,1002,7,5.288888888888888
random,haggling/fruitville,1002,8,5.488888888888888
random,haggling/fruitville,1002,9,6.51111111111111
random,haggling/fruitville,1002,10,7.533333333333332
random,haggling/fruitville,1002,11,7.577777777777777
random,haggling/fruitville,1002,12,8.599999999999998
random,haggling/fruitville,1002,13,9.62222222222222
random,haggling/fruitville,1002,14,9.666666666666664
random,haggling/fruitville,1002,15,9.799999999999997
random,haggling/fruitville,1002,16,10.82222222222222
random,haggling/fruitville,1002,17,11.844444444444441
random,haggling/fruitville,1002,18,12.04444444444444
random,haggling/fruitville,1002,19,13.066666666666663
random,haggling/fruitville,1002,20,13.266666666666662
pact,haggling/vegbrooke,1002,1,0.06832298136645965
pact,haggling/vegbrooke,1002,2,0.5776397515527952
pact,haggling/vegbrooke,1002,3,0.5776397515527952
pact,haggling/vegbrooke,1002,4,0.5776397515527952
pact,haggling/vegbrooke,1002,5,0.5776397515527952
pact,haggling/vegbrooke,1002,6,0.5776397515527952
pact,haggling/vegbrooke,1002,7,0.5776397515527952
pact,haggling/vegbrooke,1002,8,0.5776397515527952
pact,haggling/vegbrooke,1002,9,0.5776397515527952
pact,haggling/vegbrooke,1002,10,0.5776397515527952
pact,haggling/vegbrooke,1002,11,0.5776397515527952
pact,haggling/vegbrooke,1002,12,0.5776397515527952
pact,haggling/vegbrooke,1002,13,0.5776397515527952
pact,haggling/vegbrooke,1002,14,0.5776397515527952
pact,haggling/vegbrooke,1002,15,0.5776397515527952
pact,haggling/vegbrooke,1002,16,0.5776397515527952
pact,haggling/vegbrooke,1002,17,0.5776397515527952
pact,haggling/vegbrooke,1002,18,0.5776397515527952
pact,haggling/vegbrooke,1002,19,0.5776397515527952
pact,haggling/vegbrooke,1002,20,0.5776397515527952
pact_plus,haggling/vegbrooke,1002,1,0.06832298136645965
pact_plus,haggling/vegbrooke,1002,2,0.5776397515527952
pact_plus,haggling/vegbrooke,1002,3,0.5776397515527952
pact_plus,haggling/vegbrooke,1002,4,0.5776397515527952
pact_plus,haggling/vegbrooke,1002,5,0.5776397515527952
pact_plus,haggling/vegbrooke,1002,6,0.5776397515527952
pact_plus,haggling/vegbrooke,1002,7,0.5776397515527952
pact_plus,haggling/vegbrooke,1002,8,0.5776397515527952
pact_plus,haggling/vegbrooke,1002,9,0.5776397515527952
pact_plus,haggling/vegbrooke,1002,10,0.5776397515527952
pact_plus,haggling/vegbrooke,1002,11,0.5776397515527952
pact_plus,haggling/vegbrooke,1002,12,0.5776397515527952
pact_plus,haggling/vegbrooke,1002,13,0.5776397515527952
pact_plus,haggling/vegbrooke,1002,14,0.5776397515527952
pact_plus,haggling/vegbrooke,1002,15,0.5776397515527952
pact_plus,haggling/vegbrooke,1002,16,0.5776397515527952
pact_plus,haggling/vegbrooke,1002,17,0.5776397515527952
pact_plus,haggling/vegbrooke,1002,18,0.5776397515527952
pact_plus,haggling/vegbrooke,1002,19,0.5776397515527952
pact_plus,haggling/vegbrooke,1002,20,0.5776397515527952
joint_psrl_uniform,haggling/vegbrooke,1002,1,0.0
joint_psrl_uniform,haggling/vegbrooke,1002,2,0.06832298136645965
joint_psrl_uniform,haggling/vegbrooke,1002,3,0.06832298136645965
joint_psrl_uniform,haggling/vegbrooke,1002,4,0.06832298136645965
joint_psrl_uniform,haggling/vegbrooke,1002,5,0.06832298136645965
joint_psrl_uniform,haggling/vegbrooke,1002,6,0.06832298136645965
joint_psrl_uniform,haggling/vegbrooke,1002,7,0.06832298136645965
joint_psrl_uniform,haggling/vegbrooke,1002,8,0.06832298136645965
joint_psrl_uniform,haggling/vegbrooke,1002,9,0.06832298136645965
joint_psrl_uniform,haggling/vegbrooke,1002,10,0.5776397515527952
joint_psrl_uniform,haggling/vegbrooke,1002,11,0.5776397515527952
joint_psrl_uniform,haggling/vegbrooke,1002,12,0.6459627329192549
joint_psrl_uniform,haggling/vegbrooke,1002,13,0.6459627329192549
joint_psrl_uniform,haggling/vegbrooke,1002,14,0.6459627329192549
joint_psrl_uniform,haggling/vegbrooke,1002,15,0.6459627329192549
joint_psrl_uniform,haggling/vegbrooke,1002,16,0.6459627329192549
joint_psrl_uniform,haggling/vegbrooke,1002,17,0.6459627329192549
joint_psrl_uniform,haggling/vegbrooke,1002,18,0.6459627329192549
joint_psrl_uniform,haggling/vegbrooke,1002,19,0.6459627329192549
joint_psrl_uniform,haggling/vegbrooke,1002,20,0.6459627329192549
psrl_notype,haggling/vegbrooke,1002,1,0.06832298136645965
psrl_notype,haggling/vegbrooke,1002,2,0.06832298136645965
psrl_notype,haggling/vegbrooke,1002,3,0.06832298136645965
psrl_notype,haggling/vegbrooke,1002,4,0.06832298136645965
psrl_notype,haggling/vegbrooke,1002,5,0.06832298136645965
psrl_notype,haggling/vegbrooke,1002,6,0.5776397515527952
psrl_notype,haggling/vegbrooke,1002,7,0.5776397515527952
psrl_notype,haggling/vegbrooke,1002,8,0.5776397515527952
psrl_notype,haggling/vegbrooke,1002,9,0.5776397515527952
psrl_notype,haggling/vegbrooke,1002,10,1.0869565217391308
psrl_notype,haggling/vegbrooke,1002,11,1.5962732919254665
psrl_notype,haggling/vegbrooke,1002,12,1.5962732919254665
psrl_notype,haggling/vegbrooke,1002,13,2.105590062111802
psrl_notype,haggling/vegbrooke,1002,14,2.1739130434782616
psrl_notype,haggling/vegbrooke,1002,15,2.1739130434782616
psrl_notype,haggling/vegbrooke,1002,16,2.1739130434782616
psrl_notype,haggling/vegbrooke,1002,17,2.1739130434782616
psrl_notype,haggling/vegbrooke,1002,18,2.1739130434782616
psrl_notype,haggling/vegbrooke,1002,19,2.1739130434782616
psrl_notype,haggling/vegbrooke,1002,20,2.1739130434782616
map_type_greedy,haggling/vegbrooke,1002,1,0.5093167701863356
map_type_greedy,haggling/vegbrooke,1002,2,0.5093167701863356
map_type_greedy,haggling/vegbrooke,1002,3,0.5093167701863356
map_type_greedy,haggling/vegbrooke,1002,4,0.5093167701863356
map_type_greedy,haggling/vegbrooke,1002,5,0.5093167701863356
map_type_greedy,haggling/vegbrooke,1002,6,0.5093167701863356
map_type_greedy,haggling/vegbrooke,1002,7,0.5093167701863356
map_type_greedy,haggling/vegbrooke,1002,8,0.5093167701863356
map_type_greedy,haggling/vegbrooke,1002,9,0.5093167701863356
map_type_greedy,haggling/vegbrooke,1002,10,0.5093167701863356
map_type_greedy,haggling/vegbrooke,1002,11,0.5093167701863356
map_type_greedy,haggling/vegbrooke,1002,12,0.5093167701863356
map_type_greedy,haggling/vegbrooke,1002,13,0.5093167701863356
map_type_greedy,haggling/vegbrooke,1002,14,0.5093167701863356
map_type_greedy,haggling/vegbrooke,1002,15,0.5093167701863356
map_type_greedy,haggling/vegbrooke,1002,16,0.5093167701863356
map_type_greedy,haggling/vegbrooke,1002,17,0.5093167701863356
map_type_greedy,haggling/vegbrooke,1002,18,0.5093167701863356
map_type_greedy,haggling/vegbrooke,1002,19,0.5093167701863356
map_type_greedy,haggling/vegbrooke,1002,20,0.5093167701863356
econ_bne,haggling/vegbrooke,1002,1,0.0
econ_bne,haggling/vegbrooke,1002,2,0.0
econ_bne,haggling/vegbrooke,1002,3,0.0
econ_bne,haggling/vegbrooke,1002,4,0.0
econ_bne,haggling/vegbrooke,1002,5,0.0
econ_bne,haggling/vegbrooke,1002,6,0.0
econ_bne,haggling/vegbrooke,1002,7,0.0
econ_bne,haggling/vegbrooke,1002,8,0.0
econ_bne,haggling/vegbrooke,1002,9,0.0
econ_bne,haggling/vegbrooke,1002,10,0.0
econ_bne,haggling/vegbrooke,1002,11,0.0
econ_bne,haggling/vegbrooke,1002,12,0.0
econ_bne,haggling/vegbrooke,1002,13,0.0
econ_bne,haggling/vegbrooke,1002,14,0.0
econ_bne,haggling/vegbrooke,1002,15,0.0
econ_bne,haggling/vegbrooke,1002,16,0.0
econ_bne,haggling/vegbrooke,1002,17,0.0
econ_bne,haggling/vegbrooke,1002,18,0.0
econ_bne,haggling/vegbrooke,1002,19,0.0
econ_bne,haggling/vegbrooke,1002,20,0.0
atom_tom1,haggling/vegbrooke,1002,1,0.0
atom_tom1,haggling/vegbrooke,1002,2,0.0
atom_tom1,haggling/vegbrooke,1002,3,0.0
atom_tom1,haggling/vegbrooke,1002,4,0.0
atom_tom1,haggling/vegbrooke,1002,5,0.0
atom_tom1,haggling/vegbrooke,1002,6,0.0
atom_tom1,haggling/vegbrooke,1002,7,0.0
atom_tom1,haggling/vegbrooke,1002,8,0.0
atom_tom1,haggling/vegbrooke,1002,9,0.0
atom_tom1,haggling/vegbrooke,1002,10,0.0
atom_tom1,haggling/vegbrooke,1002,11,0.0
atom_tom1,haggling/vegbrooke,1002,12,0.0
atom_tom1,haggling/vegbrooke,1002,13,0.0
atom_tom1,haggling/vegbrooke,1002,14,0.0
atom_tom1,haggling/vegbrooke,1002,15,0.0
atom_tom1,haggling/vegbrooke,1002,16,0.0
atom_tom1,haggling/vegbrooke,1002,17,0.0
atom_tom1,haggling/vegbrooke,1002,18,0.0
atom_tom1,haggling/vegbrooke,1002,19,0.0
atom_tom1,haggling/vegbrooke,1002,20,0.0
random,haggling/vegbrooke,1002,1,0.0
random,haggling/vegbrooke,1002,2,0.0
random,haggling/vegbrooke,1002,3,0.0
random,haggling/vegbrooke,1002,4,0.06832298136645965
random,haggling/vegbrooke,1002,5,0.06832298136645965
random,haggling/vegbrooke,1002,6,0.40786749482401663
random,haggling/vegbrooke,1002,7,0.40786749482401663
random,haggling/vegbrooke,1002,8,0.9171842650103522
random,haggling/vegbrooke,1002,9,0.9171842650103522
random,haggling/vegbrooke,1002,10,0.9171842650103522
random,haggling/vegbrooke,1002,11,1.256728778467909
random,haggling/vegbrooke,1002,12,1.256728778467909
random,haggling/vegbrooke,1002,13,1.256728778467909
random,haggling/vegbrooke,1002,14,1.596273291925466
random,haggling/vegbrooke,1002,15,1.6645962732919257
random,haggling/vegbrooke,1002,16,1.6645962732919257
random,haggling/vegbrooke,1002,17,1.6645962732919257
random,haggling/vegbrooke,1002,18,2.173913043478261
random,haggling/vegbrooke,1002,19,2.173913043478261
random,haggling/vegbrooke,1002,20,2.683229813664597
pact,haggling_multi_item/vegbrooke,1002,1,0.055944055944055826
pact,haggling_multi_item/vegbrooke,1002,2,0.055944055944055826
pact,haggling_multi_item/vegbrooke,1002,3,0.11188811188811165
pact,haggling_multi_item/vegbrooke,1002,4,0.11188811188811165
pact,haggling_multi_item/vegbrooke,1002,5,0.11188811188811165
pact,haggling_multi_item/vegbrooke,1002,6,0.16783216783216748
pact,haggling_multi_item/vegbrooke,1002,7,0.16783216783216748
pact,haggling_multi_item/vegbrooke,1002,8,0.2237762237762233
pact,haggling_multi_item/vegbrooke,1002,9,0.2237762237762233
pact,haggling_multi_item/vegbrooke,1002,10,0.27972027972027913
pact,haggling_multi_item/vegbrooke,1002,11,0.27972027972027913
pact,haggling_multi_item/vegbrooke,1002,12,0.27972027972027913
pact,haggling_multi_item/vegbrooke,1002,13,0.27972027972027913
pact,haggling_multi_item/vegbrooke,1002,14,0.27972027972027913
pact,haggling_multi_item/vegbrooke,1002,15,0.27972027972027913
pact,haggling_multi_item/vegbrooke,1002,16,0.27972027972027913
pact,haggling_multi_item/vegbrooke,1002,17,0.33566433566433496
pact,haggling_multi_item/vegbrooke,1002,18,0.33566433566433496
pact,haggling_multi_item/vegbrooke,1002,19,0.33566433566433496
pact,haggling_multi_item/vegbrooke,1002,20,0.33566433566433496
pact_plus,haggling_multi_item/vegbrooke,1002,1,0.055944055944055826
pact_plus,haggling_multi_item/vegbrooke,1002,2,0.055944055944055826
pact_plus,haggling_multi_item/vegbrooke,1002,3,0.35081585081585076
pact_plus,haggling_multi_item/vegbrooke,1002,4,0.35081585081585076
pact_plus,haggling_multi_item/vegbrooke,1002,5,0.35081585081585076
pact_plus,haggling_multi_item/vegbrooke,1002,6,0.35081585081585076
pact_plus,haggling_multi_item/vegbrooke,1002,7,0.35081585081585076
pact_plus,haggling_multi_item/vegbrooke,1002,8,0.35081585081585076
pact_plus,haggling_multi_item/vegbrooke,1002,9,0.4067599067599066
pact_plus,haggling_multi_item/vegbrooke,1002,10,0.4067599067599066
pact_plus,haggling_multi_item/vegbrooke,1002,11,0.4067599067599066
pact_plus,haggling_multi_item/vegbrooke,1002,12,0.4067599067599066
pact_plus,haggling_multi_item/vegbrooke,1002,13,0.4067599067599066
pact_plus,haggling_multi_item/vegbrooke,1002,14,0.4067599067599066
pact_plus,haggling_multi_item/vegbrooke,1002,15,0.4067599067599066
pact_plus,haggling_multi_item/vegbrooke,1002,16,0.4067599067599066
pact_plus,haggling_multi_item/vegbrooke,1002,17,0.4067599067599066
pact_plus,haggling_multi_item/vegbrooke,1002,18,0.4067599067599066
pact_plus,haggling_multi_item/vegbrooke,1002,19,0.4067599067599066
pact_plus,haggling_multi_item/vegbrooke,1002,20,0.4067599067599066
joint_psrl_uniform,haggling_multi_item/vegbrooke,1002,1,0.055944055944055826
joint_psrl_uniform,haggling_multi_item/vegbrooke,1002,2,0.11188811188811165
joint_psrl_uniform,haggling_multi_item/vegbrooke,1002,3,0.11188811188811165
joint_psrl_uniform,haggling_multi_item/vegbrooke,1002,4,0.16783216783216748
joint_psrl_uniform,haggling_multi_item/vegbrooke,1002,5,0.16783216783216748
joint_psrl_uniform,haggling_multi_item/vegbrooke,1002,6,0.16783216783216748
joint_psrl_uniform,haggling_multi_item/vegbrooke,1002,7,0.2237762237762233
joint_psrl_uniform,haggling_multi_item/vegbrooke,1002,8,0.27972027972027913
joint_psrl_uniform,haggling_multi_item/vegbrooke,1002,9,0.27972027972027913
joint_psrl_uniform,haggling_multi_item/vegbrooke,1002,10,0.33566433566433496
joint_psrl_uniform,haggling_multi_item/vegbrooke,1002,11,0.33566433566433496
joint_psrl_uniform,haggling_multi_item/vegbrooke,1002,12,0.3916083916083908
joint_psrl_uniform,haggling_multi_item/vegbrooke,1002,13,0.3916083916083908
joint_psrl_uniform,haggling_multi_item/vegbrooke,1002,14,0.3916083916083908
joint_psrl_uniform,haggling_multi_item/vegbrooke,1002,15,0.3916083916083908
joint_psrl_uniform,haggling_multi_item/vegbrooke,1002,16,0.3916083916083908
joint_psrl_uniform,haggling_multi_item/vegbrooke,1002,17,0.3916083916083908
joint_psrl_uniform,haggling_multi_item/vegbrooke,1002,18,0.3916083916083908
joint_psrl_uniform,haggling_multi_item/vegbrooke,1002,19,0.3916083916083908
joint_psrl_uniform,haggling_multi_item/vegbrooke,1002,20,0.3916083916083908
psrl_notype,haggling_multi_item/vegbrooke,1002,1,0.055944055944055826
psrl_notype,haggling_multi_item/vegbrooke,1002,2,0.10372960372960383
psrl_notype,haggling_multi_item/vegbrooke,1002,3,0.10372960372960383
psrl_notype,haggling_multi_item/vegbrooke,1002,4,0.15967365967365965
psrl_notype,haggling_multi_item/vegbrooke,1002,5,0.15967365967365965
psrl_notype,haggling_multi_item/vegbrooke,1002,6,0.4545454545454546
psrl_notype,haggling_multi_item/vegbrooke,1002,7,0.4545454545454546
psrl_notype,haggling_multi_item/vegbrooke,1002,8,0.5023310023310026
psrl_notype,haggling_multi_item/vegbrooke,1002,9,0.5582750582750584
psrl_notype,haggling_multi_item/vegbrooke,1002,10,0.8531468531468533
psrl_notype,haggling_multi_item/vegbrooke,1002,11,1.1480186480186483
psrl_notype,haggling_multi_item/vegbrooke,1002,12,1.1958041958041963
psrl_notype,haggling_multi_item/vegbrooke,1002,13,1.251748251748252
psrl_notype,haggling_multi_item/vegbrooke,1002,14,1.307692307692308
psrl_notype,haggling_multi_item/vegbrooke,1002,15,1.355477855477856
psrl_notype,haggling_multi_item/vegbrooke,1002,16,1.403263403263404
psrl_notype,haggling_multi_item/vegbrooke,1002,17,1.403263403263404
psrl_notype,haggling_multi_item/vegbrooke,1002,18,1.403263403263404
psrl_notype,haggling_multi_item/vegbrooke,1002,19,1.403263403263404
psrl_notype,haggling_multi_item/vegbrooke,1002,20,1.451048951048952
map_type_greedy,haggling_multi_item/vegbrooke,1002,1,0.055944055944055826
map_type_greedy,haggling_multi_item/vegbrooke,1002,2,0.055944055944055826
map_type_greedy,haggling_multi_item/vegbrooke,1002,3,0.055944055944055826
map_type_greedy,haggling_multi_item/vegbrooke,1002,4,0.055944055944055826
map_type_greedy,haggling_multi_item/vegbrooke,1002,5,0.055944055944055826
map_type_greedy,haggling_multi_item/vegbrooke,1002,6,0.055944055944055826
map_type_greedy,haggling_multi_item/vegbrooke,1002,7,0.055944055944055826
map_type_greedy,haggling_multi_item/vegbrooke,1002,8,0.055944055944055826
map_type_greedy,haggling_multi_item/vegbrooke,1002,9,0.055944055944055826
map_type_greedy,haggling_multi_item/vegbrooke,1002,10,0.055944055944055826
map_type_greedy,haggling_multi_item/vegbrooke,1002,11,0.055944055944055826
map_type_greedy,haggling_multi_item/vegbrooke,1002,12,0.055944055944055826
map_type_greedy,haggling_multi_item/vegbrooke,1002,13,0.055944055944055826
map_type_greedy,haggling_multi_item/vegbrooke,1002,14,0.055944055944055826
map_type_greedy,haggling_multi_item/vegbrooke,1002,15,0.055944055944055826
map_type_greedy,haggling_multi_item/vegbrooke,1002,16,0.055944055944055826
map_type_greedy,haggling_multi_item/vegbrooke,1002,17,0.055944055944055826
map_type_greedy,haggling_multi_item/vegbrooke,1002,18,0.055944055944055826
map_type_greedy,haggling_multi_item/vegbrooke,1002,19,0.055944055944055826
map_type_greedy,haggling_multi_item/vegbrooke,1002,20,0.055944055944055826
econ_bne,haggling_multi_item/vegbrooke,1002,1,0.0
econ_bne,haggling_multi_item/vegbrooke,1002,2,0.0
econ_bne,haggling_multi_item/vegbrooke,1002,3,0.0
econ_bne,haggling_multi_item/vegbrooke,1002,4,0.0
econ_bne,haggling_multi_item/vegbrooke,1002,5,0.0
econ_bne,haggling_multi_item/vegbrooke,1002,6,0.0
econ_bne,haggling_multi_item/vegbrooke,1002,7,0.0
econ_bne,haggling_multi_item/vegbrooke,1002,8,0.0
econ_bne,haggling_multi_item/vegbrooke,1002,9,0.0
econ_bne,haggling_multi_item/vegbrooke,1002,10,0.0
econ_bne,haggling_multi_item/vegbrooke,1002,11,0.0
econ_bne,haggling_multi_item/vegbrooke,1002,12,0.0
econ_bne,haggling_multi_item/vegbrooke,1002,13,0.0
econ_bne,haggling_multi_item/vegbrooke,1002,14,0.0
econ_bne,haggling_multi_item/vegbrooke,1002,15,0.0
econ_bne,haggling_multi_item/vegbrooke,1002,16,0.0
econ_bne,haggling_multi_item/vegbrooke,1002,17,0.0
econ_bne,haggling_multi_item/vegbrooke,1002,18,0.0
econ_bne,haggling_multi_item/vegbrooke,1002,19,0.0
econ_bne,haggling_multi_item/vegbrooke,1002,20,0.0
atom_tom1,haggling_multi_item/vegbrooke,1002,1,0.19463869463869465
atom_tom1,haggling_multi_item/vegbrooke,1002,2,0.3892773892773893
atom_tom1,haggling_multi_item/vegbrooke,1002,3,0.583916083916084
atom_tom1,haggling_multi_item/vegbrooke,1002,4,0.7785547785547786
atom_tom1,haggling_multi_item/vegbrooke,1002,5,0.9731934731934733
atom_tom1,haggling_multi_item/vegbrooke,1002,6,1.167832167832168
atom_tom1,haggling_multi_item/vegbrooke,1002,7,1.3624708624708626
atom_tom1,haggling_multi_item/vegbrooke,1002,8,1.5571095571095572
atom_tom1,haggling_multi_item/vegbrooke,1002,9,1.7517482517482519
atom_tom1,haggling_multi_item/vegbrooke,1002,10,1.9463869463869465
atom_tom1,haggling_multi_item/vegbrooke,1002,11,2.1410256410256414
atom_tom1,haggling_multi_item/vegbrooke,1002,12,2.335664335664336
atom_tom1,haggling_multi_item/vegbrooke,1002,13,2.5303030303030303
atom_tom1,haggling_multi_item/vegbrooke,1002,14,2.7249417249417247
atom_tom1,haggling_multi_item/vegbrooke,1002,15,2.919580419580419
atom_tom1,haggling_multi_item/vegbrooke,1002,16,3.1142191142191136
atom_tom1,haggling_multi_item/vegbrooke,1002,17,3.308857808857808
atom_tom1,haggling_multi_item/vegbrooke,1002,18,3.5034965034965024
atom_tom1,haggling_multi_item/vegbrooke,1002,19,3.698135198135197
atom_tom1,haggling_multi_item/vegbrooke,1002,20,3.8927738927738913
random,haggling_multi_item/vegbrooke,1002,1,0.7494172494172493
random,haggling_multi_item/vegbrooke,1002,2,1.4988344988344986
random,haggling_multi_item/vegbrooke,1002,3,1.8519813519813515
random,haggling_multi_item/vegbrooke,1002,4,2.0466200466200464
random,haggling_multi_item/vegbrooke,1002,5,2.308857808857809
random,haggling_multi_item/vegbrooke,1002,6,2.6701631701631703
random,haggling_multi_item/vegbrooke,1002,7,3.4195804195804196
random,haggling_multi_item/vegbrooke,1002,8,4.019813519813519
random,haggling_multi_item/vegbrooke,1002,9,4.769230769230768
random,haggling_multi_item/vegbrooke,1002,10,5.518648018648017
random,haggling_multi_item/vegbrooke,1002,11,6.268065268065266
random,haggling_multi_item/vegbrooke,1002,12,6.268065268065266
random,haggling_multi_item/vegbrooke,1002,13,7.017482517482515
random,haggling_multi_item/vegbrooke,1002,14,7.350815850815848
random,haggling_multi_item/vegbrooke,1002,15,7.4895104895104865
random,haggling_multi_item/vegbrooke,1002,16,8.238927738927735
random,haggling_multi_item/vegbrooke,1002,17,8.988344988344984
random,haggling_multi_item/vegbrooke,1002,18,9.737762237762233
random,haggling_multi_item/vegbrooke,1002,19,10.487179487179482
random,haggling_multi_item/vegbrooke,1002,20,10.96386946386946
pact,haggling_multi_item/fruitville_multi,1002,1,0.061538461538461764
pact,haggling_multi_item/fruitville_multi,1002,2,0.061538461538461764
pact,haggling_multi_item/fruitville_multi,1002,3,0.12307692307692353
pact,haggling_multi_item/fruitville_multi,1002,4,0.12307692307692353
pact,haggling_multi_item/fruitville_multi,1002,5,0.12307692307692353
pact,haggling_multi_item/fruitville_multi,1002,6,0.1846153846153853
pact,haggling_multi_item/fruitville_multi,1002,7,0.1846153846153853
pact,haggling_multi_item/fruitville_multi,1002,8,0.24615384615384706
pact,haggling_multi_item/fruitville_multi,1002,9,0.24615384615384706
pact,haggling_multi_item/fruitville_multi,1002,10,0.3076923076923088
pact,haggling_multi_item/fruitville_multi,1002,11,0.3076923076923088
pact,haggling_multi_item/fruitville_multi,1002,12,0.3076923076923088
pact,haggling_multi_item/fruitville_multi,1002,13,0.3076923076923088
pact,haggling_multi_item/fruitville_multi,1002,14,0.3076923076923088
pact,haggling_multi_item/fruitville_multi,1002,15,0.3076923076923088
pact,haggling_multi_item/fruitville_multi,1002,16,0.3076923076923088
pact,haggling_multi_item/fruitville_multi,1002,17,0.3692307692307706
pact,haggling_multi_item/fruitville_multi,1002,18,0.3692307692307706
pact,haggling_multi_item/fruitville_multi,1002,19,0.3692307692307706
pact,haggling_multi_item/fruitville_multi,1002,20,0.3692307692307706
pact_plus,haggling_multi_item/fruitville_multi,1002,1,0.061538461538461764
pact_plus,haggling_multi_item/fruitville_multi,1002,2,0.061538461538461764
pact_plus,haggling_multi_item/fruitville_multi,1002,3,0.35384615384615414
pact_plus,haggling_multi_item/fruitville_multi,1002,4,0.35384615384615414
pact_plus,haggling_multi_item/fruitville_multi,1002,5,0.35384615384615414
pact_plus,haggling_multi_item/fruitville_multi,1002,6,0.35384615384615414
pact_plus,haggling_multi_item/fruitville_multi,1002,7,0.35384615384615414
pact_plus,haggling_multi_item/fruitville_multi,1002,8,0.35384615384615414
pact_plus,haggling_multi_item/fruitville_multi,1002,9,0.4153846153846159
pact_plus,haggling_multi_item/fruitville_multi,1002,10,0.4153846153846159
pact_plus,haggling_multi_item/fruitville_multi,1002,11,0.4153846153846159
pact_plus,haggling_multi_item/fruitville_multi,1002,12,0.4153846153846159
pact_plus,haggling_multi_item/fruitville_multi,1002,13,0.4153846153846159
pact_plus,haggling_multi_item/fruitville_multi,1002,14,0.4153846153846159
pact_plus,haggling_multi_item/fruitville_multi,1002,15,0.4153846153846159
pact_plus,haggling_multi_item/fruitville_multi,1002,16,0.4153846153846159
pact_plus,haggling_multi_item/fruitville_multi,1002,17,0.4153846153846159
pact_plus,haggling_multi_item/fruitville_multi,1002,18,0.4153846153846159
pact_plus,haggling_multi_item/fruitville_multi,1002,19,0.4153846153846159
pact_plus,haggling_multi_item/fruitville_multi,1002,20,0.4153846153846159
joint_psrl_uniform,haggling_multi_item/fruitville_multi,1002,1,0.061538461538461764
joint_psrl_uniform,haggling_multi_item/fruitville_multi,1002,2,0.12307692307692353
joint_psrl_uniform,haggling_multi_item/fruitville_multi,1002,3,0.12307692307692353
joint_psrl_uniform,haggling_multi_item/fruitville_multi,1002,4,0.1846153846153853
joint_psrl_uniform,haggling_multi_item/fruitville_multi,1002,5,0.1846153846153853
joint_psrl_uniform,haggling_multi_item/fruitville_multi,1002,6,0.1846153846153853
joint_psrl_uniform,haggling_multi_item/fruitville_multi,1002,7,0.24615384615384706
joint_psrl_uniform,haggling_multi_item/fruitville_multi,1002,8,0.3076923076923088
joint_psrl_uniform,haggling_multi_item/fruitville_multi,1002,9,0.3076923076923088
joint_psrl_uniform,haggling_multi_item/fruitville_multi,1002,10,0.3692307692307706
joint_psrl_uniform,haggling_multi_item/fruitville_multi,1002,11,0.3692307692307706
joint_psrl_uniform,haggling_multi_item/fruitville_multi,1002,12,0.43076923076923235
joint_psrl_uniform,haggling_multi_item/fruitville_multi,1002,13,0.43076923076923235
joint_psrl_uniform,haggling_multi_item/fruitville_multi,1002,14,0.43076923076923235
joint_psrl_uniform,haggling_multi_item/fruitville_multi,1002,15,0.43076923076923235
joint_psrl_uniform,haggling_multi_item/fruitville_multi,1002,16,0.43076923076923235
joint_psrl_uniform,haggling_multi_item/fruitville_multi,1002,17,0.43076923076923235
joint_psrl_uniform,haggling_multi_item/fruitville_multi,1002,18,0.43076923076923235
joint_psrl_uniform,haggling_multi_item/fruitville_multi,1002,19,0.43076923076923235
joint_psrl_uniform,haggling_multi_item/fruitville_multi,1002,20,0.43076923076923235
psrl_notype,haggling_multi_item/fruitville_multi,1002,1,0.061538461538461764
psrl_notype,haggling_multi_item/fruitville_multi,1002,2,0.1076923076923082
psrl_notype,haggling_multi_item/fruitville_multi,1002,3,0.1076923076923082
psrl_notype,haggling_multi_item/fruitville_multi,1002,4,0.16923076923076996
psrl_notype,haggling_multi_item/fruitville_multi,1002,5,0.16923076923076996
psrl_notype,haggling_multi_item/fruitville_multi,1002,6,0.46153846153846234
psrl_notype,haggling_multi_item/fruitville_multi,1002,7,0.46153846153846234
psrl_notype,haggling_multi_item/fruitville_multi,1002,8,0.5076923076923088
psrl_notype,haggling_multi_item/fruitville_multi,1002,9,0.5692307692307705
psrl_notype,haggling_multi_item/fruitville_multi,1002,10,0.8615384615384629
psrl_notype,haggling_multi_item/fruitville_multi,1002,11,1.1538461538461553
psrl_notype,haggling_multi_item/fruitville_multi,1002,12,1.2000000000000017
psrl_notype,haggling_multi_item/fruitville_multi,1002,13,1.2615384615384635
psrl_notype,haggling_multi_item/fruitville_multi,1002,14,1.3230769230769253
psrl_notype,haggling_multi_item/fruitville_multi,1002,15,1.3692307692307717
psrl_notype,haggling_multi_item/fruitville_multi,1002,16,1.4153846153846181
psrl_notype,haggling_multi_item/fruitville_multi,1002,17,1.4153846153846181
psrl_notype,haggling_multi_item/fruitville_multi,1002,18,1.4153846153846181
psrl_notype,haggling_multi_item/fruitville_multi,1002,19,1.4153846153846181
psrl_notype,haggling_multi_item/fruitville_multi,1002,20,1.4615384615384646
map_type_greedy,haggling_multi_item/fruitville_multi,1002,1,0.061538461538461764
map_type_greedy,haggling_multi_item/fruitville_multi,1002,2,0.061538461538461764
map_type_greedy,haggling_multi_item/fruitville_multi,1002,3,0.061538461538461764
map_type_greedy,haggling_multi_item/fruitville_multi,1002,4,0.061538461538461764
map_type_greedy,haggling_multi_item/fruitville_multi,1002,5,0.061538461538461764
map_type_greedy,haggling_multi_item/fruitville_multi,1002,6,0.061538461538461764
map_type_greedy,haggling_multi_item/fruitville_multi,1002,7,0.061538461538461764
map_type_greedy,haggling_multi_item/fruitville_multi,1002,8,0.061538461538461764
map_type_greedy,haggling_multi_item/fruitville_multi,1002,9,0.061538461538461764
map_type_greedy,haggling_multi_item/fruitville_multi,1002,10,0.061538461538461764
map_type_greedy,haggling_multi_item/fruitville_multi,1002,11,0.061538461538461764
map_type_greedy,haggling_multi_item/fruitville_multi,1002,12,0.061538461538461764
map_type_greedy,haggling_multi_item/fruitville_multi,1002,13,0.061538461538461764
map_type_greedy,haggling_multi_item/fruitville_multi,1002,14,0.061538461538461764
map_type_greedy,haggling_multi_item/fruitville_multi,1002,15,0.061538461538461764
map_type_greedy,haggling_multi_item/fruitville_multi,1002,16,0.061538461538461764
map_type_greedy,haggling_multi_item/fruitville_multi,1002,17,0.061538461538461764
map_type_greedy,haggling_multi_item/fruitville_multi,1002,18,0.061538461538461764
map_type_greedy,haggling_multi_item/fruitville_multi,1002,19,0.061538461538461764
map_type_greedy,haggling_multi_item/fruitville_multi,1002,20,0.061538461538461764
econ_bne,haggling_multi_item/fruitville_multi,1002,1,0.0
econ_bne,haggling_multi_item/fruitville_multi,1002,2,0.0
econ_bne,haggling_multi_item/fruitville_multi,1002,3,0.0
econ_bne,haggling_multi_item/fruitville_multi,1002,4,0.0
econ_bne,haggling_multi_item/fruitville_multi,1002,5,0.0
econ_bne,haggling_multi_item/fruitville_multi,1002,6,0.0
econ_bne,haggling_multi_item/fruitville_multi,1002,7,0.0
econ_bne,haggling_multi_item/fruitville_multi,1002,8,0.0
econ_bne,haggling_multi_item/fruitville_multi,1002,9,0.0
econ_bne,haggling_multi_item/fruitville_multi,1002,10,0.0
econ_bne,haggling_multi_item/fruitville_multi,1002,11,0.0
econ_bne,haggling_multi_item/fruitville_multi,1002,12,0.0
econ_bne,haggling_multi_item/fruitville_multi,1002,13,0.0
econ_bne,haggling_multi_item/fruitville_multi,1002,14,0.0
econ_bne,haggling_multi_item/fruitville_multi,1002,15,0.0
econ_bne,haggling_multi_item/fruitville_multi,1002,16,0.0
econ_bne,haggling_multi_item/fruitville_multi,1002,17,0.0
econ_bne,haggling_multi_item/fruitville_multi,1002,18,0.0
econ_bne,haggling_multi_item/fruitville_multi,1002,19,0.0
econ_bne,haggling_multi_item/fruitville_multi,1002,20,0.0
atom_tom1,haggling_multi_item/fruitville_multi,1002,1,0.3384615384615386
atom_tom1,haggling_multi_item/fruitville_multi,1002,2,0.6769230769230772
atom_tom1,haggling_multi_item/fruitville_multi,1002,3,1.0153846153846158
atom_tom1,haggling_multi_item/fruitville_multi,1002,4,1.3538461538461544
atom_tom1,haggling_multi_item/fruitville_multi,1002,5,1.692307692307693
atom_tom1,haggling_multi_item/fruitville_multi,1002,6,2.0307692307692315
atom_tom1,haggling_multi_item/fruitville_multi,1002,7,2.36923076923077
atom_tom1,haggling_multi_item/fruitville_multi,1002,8,2.7076923076923087
atom_tom1,haggling_multi_item/fruitville_multi,1002,9,3.0461538461538473
atom_tom1,haggling_multi_item/fruitville_multi,1002,10,3.384615384615386
atom_tom1,haggling_multi_item/fruitville_multi,1002,11,3.7230769230769245
atom_tom1,haggling_multi_item/fruitville_multi,1002,12,4.061538461538463
atom_tom1,haggling_multi_item/fruitville_multi,1002,13,4.400000000000002
atom_tom1,haggling_multi_item/fruitville_multi,1002,14,4.738461538461541
atom_tom1,haggling_multi_item/fruitville_multi,1002,15,5.07692307692308
atom_tom1,haggling_multi_item/fruitville_multi,1002,16,5.415384615384619
atom_tom1,haggling_multi_item/fruitville_multi,1002,17,5.753846153846158
atom_tom1,haggling_multi_item/fruitville_multi,1002,18,6.092307692307697
atom_tom1,haggling_multi_item/fruitville_multi,1002,19,6.430769230769236
atom_tom1,haggling_multi_item/fruitville_multi,1002,20,6.769230769230775
random,haggling_multi_item/fruitville_multi,1002,1,0.7538461538461539
random,haggling_multi_item/fruitville_multi,1002,2,1.5076923076923079
random,haggling_multi_item/fruitville_multi,1002,3,1.5538461538461543
random,haggling_multi_item/fruitville_multi,1002,4,1.892307692307693
random,haggling_multi_item/fruitville_multi,1002,5,2.3692307692307697
random,haggling_multi_item/fruitville_multi,1002,6,2.4307692307692315
random,haggling_multi_item/fruitville_multi,1002,7,3.1846153846153853
random,haggling_multi_item/fruitville_multi,1002,8,3.476923076923078
random,haggling_multi_item/fruitville_multi,1002,9,4.230769230769232
random,haggling_multi_item/fruitville_multi,1002,10,4.984615384615386
random,haggling_multi_item/fruitville_multi,1002,11,5.738461538461539
random,haggling_multi_item/fruitville_multi,1002,12,6.046153846153848
random,haggling_multi_item/fruitville_multi,1002,13,6.800000000000002
random,haggling_multi_item/fruitville_multi,1002,14,6.830769230769232
random,haggling_multi_item/fruitville_multi,1002,15,7.184615384615386
random,haggling_multi_item/fruitville_multi,1002,16,7.93846153846154
random,haggling_multi_item/fruitville_multi,1002,17,8.692307692307693
random,haggling_multi_item/fruitville_multi,1002,18,9.446153846153848
random,haggling_multi_item/fruitville_multi,1002,19,10.200000000000003
random,haggling_multi_item/fruitville_multi,1002,20,10.369230769230771
pact,pub/london,1003,1,0.0
pact,pub/london,1003,2,0.0
pact,pub/london,1003,3,0.0
pact,pub/london,1003,4,0.0
pact,pub/london,1003,5,0.0
pact,pub/london,1003,6,0.0
pact,pub/london,1003,7,0.0
pact,pub/london,1003,8,0.0
pact,pub/london,1003,9,0.0
pact,pub/london,1003,10,0.0
pact,pub/london,1003,11,0.0
pact,pub/london,1003,12,0.0
pact,pub/london,1003,13,0.0
pact,pub/london,1003,14,0.0
pact,pub/london,1003,15,0.0
pact,pub/london,1003,16,0.0
pact,pub/london,1003,17,0.0
pact,pub/london,1003,18,0.0
pact,pub/london,1003,19,0.0
pact,pub/london,1003,20,0.0
pact_plus,pub/london,1003,1,0.0
pact_plus,pub/london,1003,2,0.0
pact_plus,pub/london,1003,3,0.0
pact_plus,pub/london,1003,4,0.0
pact_plus,pub/london,1003,5,0.0
pact_plus,pub/london,1003,6,0.0
pact_plus,pub/london,1003,7,0.0
pact_plus,pub/london,1003,8,0.0
pact_plus,pub/london,1003,9,0.0
pact_plus,pub/london,1003,10,0.0
pact_plus,pub/london,1003,11,0.0
pact_plus,pub/london,1003,12,0.0
pact_plus,pub/london,1003,13,0.0
pact_plus,pub/london,1003,14,0.0
pact_plus,pub/london,1003,15,0.0
pact_plus,pub/london,1003,16,0.0
pact_plus,pub/london,1003,17,0.0
pact_plus,pub/london,1003,18,0.0
pact_plus,pub/london,1003,19,0.0
pact_plus,pub/london,1003,20,0.0
joint_psrl_uniform,pub/london,1003,1,0.0
joint_psrl_uniform,pub/london,1003,2,0.0
joint_psrl_uniform,pub/london,1003,3,0.0
joint_psrl_uniform,pub/london,1003,4,0.0
joint_psrl_uniform,pub/london,1003,5,0.0
joint_psrl_uniform,pub/london,1003,6,0.0
joint_psrl_uniform,pub/london,1003,7,0.0
joint_psrl_uniform,pub/london,1003,8,0.0
joint_psrl_uniform,pub/london,1003,9,0.0
joint_psrl_uniform,pub/london,1003,10,0.0
joint_psrl_uniform,pub/london,1003,11,0.0
joint_psrl_uniform,pub/london,1003,12,0.0
joint_psrl_uniform,pub/london,1003,13,0.0
joint_psrl_uniform,pub/london,1003,14,0.0
joint_psrl_uniform,pub/london,1003,15,0.0
joint_psrl_uniform,pub/london,1003,16,0.0
joint_psrl_uniform,pub/london,1003,17,0.0
joint_psrl_uniform,pub/london,1003,18,0.0
joint_psrl_uniform,pub/london,1003,19,0.0
joint_psrl_uniform,pub/london,1003,20,0.0
psrl_notype,pub/london,1003,1,0.0
psrl_notype,pub/london,1003,2,0.0
psrl_notype,pub/london,1003,3,0.0
psrl_notype,pub/london,1003,4,0.0
psrl_notype,pub/london,1003,5,0.0
psrl_notype,pub/london,1003,6,0.0
psrl_notype,pub/london,1003,7,0.0
psrl_notype,pub/london,1003,8,0.0
psrl_notype,pub/london,1003,9,0.0
psrl_notype,pub/london,1003,10,0.0
psrl_notype,pub/london,1003,11,0.0
psrl_notype,pub/london,1003,12,0.0
psrl_notype,pub/london,1003,13,0.0
psrl_notype,pub/london,1003,14,0.0
psrl_notype,pub/london,1003,15,0.0
psrl_notype,pub/london,1003,16,0.0
psrl_notype,pub/london,1003,17,0.0
psrl_notype,pub/london,1003,18,0.0
psrl_notype,pub/london,1003,19,0.0
psrl_notype,pub/london,1003,20,0.0
map_type_greedy,pub/london,1003,1,0.0
map_type_greedy,pub/london,1003,2,0.0
map_type_greedy,pub/london,1003,3,0.0
map_type_greedy,pub/london,1003,4,0.0
map_type_greedy,pub/london,1003,5,0.0
map_type_greedy,pub/london,1003,6,0.0
map_type_greedy,pub/london,1003,7,0.0
map_type_greedy,pub/london,1003,8,0.0
map_type_greedy,pub/london,1003,9,0.0
map_type_greedy,pub/london,1003,10,0.0
map_type_greedy,pub/london,1003,11,0.0
map_type_greedy,pub/london,1003,12,0.0
map_type_greedy,pub/london,1003,13,0.0
map_type_greedy,pub/london,1003,14,0.0
map_type_greedy,pub/london,1003,15,0.0
map_type_greedy,pub/london,1003,16,0.0
map_type_greedy,pub/london,1003,17,0.0
map_type_greedy,pub/london,1003,18,0.0
map_type_greedy,pub/london,1003,19,0.0
map_type_greedy,pub/london,1003,20,0.0
econ_bne,pub/london,1003,1,0.0
econ_bne,pub/london,1003,2,0.0
econ_bne,pub/london,1003,3,0.0
econ_bne,pub/london,1003,4,0.0
econ_bne,pub/london,1003,5,0.0
econ_bne,pub/london,1003,6,0.0
econ_bne,pub/london,1003,7,0.0
econ_bne,pub/london,1003,8,0.0
econ_bne,pub/london,1003,9,0.0
econ_bne,pub/london,1003,10,0.0
econ_bne,pub/london,1003,11,0.0
econ_bne,pub/london,1003,12,0.0
econ_bne,pub/london,1003,13,0.0
econ_bne,pub/london,1003,14,0.0
econ_bne,pub/london,1003,15,0.0
econ_bne,pub/london,1003,16,0.0
econ_bne,pub/london,1003,17,0.0
econ_bne,pub/london,1003,18,0.0
econ_bne,pub/london,1003,19,0.0
econ_bne,pub/london,1003,20,0.0
atom_tom1,pub/london,1003,1,0.0
atom_tom1,pub/london,1003,2,0.0
atom_tom1,pub/london,1003,3,0.0
atom_tom1,pub/london,1003,4,0.0
atom_tom1,pub/london,1003,5,0.0
atom_tom1,pub/london,1003,6,0.0
atom_tom1,pub/london,1003,7,0.0
atom_tom1,pub/london,1003,8,0.0
atom_tom1,pub/london,1003,9,0.0
atom_tom1,pub/london,1003,10,0.0
atom_tom1,pub/london,1003,11,0.0
atom_tom1,pub/london,1003,12,0.0
atom_tom1,pub/london,1003,13,0.0
atom_tom1,pub/london,1003,14,0.0
atom_tom1,pub/london,1003,15,0.0
atom_tom1,pub/london,1003,16,0.0
atom_tom1,pub/london,1003,17,0.0
atom_tom1,pub/london,1003,18,0.0
atom_tom1,pub/london,1003,19,0.0
atom_tom1,pub/london,1003,20,0.0
random,pub/london,1003,1,1.3881982789159348
random,pub/london,1003,2,2.7763965578318697
random,pub/london,1003,3,4.107446721257325
random,pub/london,1003,4,6.193740839960222
random,pub/london,1003,5,7.524791003385678
random,pub/london,1003,6,9.019347861259254
random,pub/london,1003,7,9.888904719132832
random,pub/london,1003,8,9.888904719132832
random,pub/london,1003,9,11.757117595528044
random,pub/london,1003,10,11.757117595528044
random,pub/london,1003,11,13.145315874443979
random,pub/london,1003,12,15.231609993146876
random,pub/london,1003,13,17.099822869542088
random,pub/london,1003,14,19.186116988244983
random,pub/london,1003,15,20.429329864640195
random,pub/london,1003,16,22.51562398334309
random,pub/london,1003,17,23.903822262259027
random,pub/london,1003,18,25.859872425684483
random,pub/london,1003,19,27.94616654438738
random,pub/london,1003,20,28.57116654438738
pact,pub/london_mini,1003,1,0.0
pact,pub/london_mini,1003,2,0.0
pact,pub/london_mini,1003,3,0.0
pact,pub/london_mini,1003,4,0.0
pact,pub/london_mini,1003,5,0.0
pact,pub/london_mini,1003,6,0.0
pact,pub/london_mini,1003,7,0.0
pact,pub/london_mini,1003,8,0.0
pact,pub/london_mini,1003,9,0.0
pact,pub/london_mini,1003,10,0.0
pact,pub/london_mini,1003,11,0.0
pact,pub/london_mini,1003,12,0.0
pact,pub/london_mini,1003,13,0.0
pact,pub/london_mini,1003,14,0.0
pact,pub/london_mini,1003,15,0.0
pact,pub/london_mini,1003,16,0.0
pact,pub/london_mini,1003,17,0.0
pact,pub/london_mini,1003,18,0.0
pact,pub/london_mini,1003,19,0.0
pact,pub/london_mini,1003,20,0.0
pact_plus,pub/london_mini,1003,1,0.0
pact_plus,pub/london_mini,1003,2,0.0
pact_plus,pub/london_mini,1003,3,0.1869780901198843
pact_plus,pub/london_mini,1003,4,0.1869780901198843
pact_plus,pub/london_mini,1003,5,0.1869780901198843
pact_plus,pub/london_mini,1003,6,0.1869780901198843
pact_plus,pub/london_mini,1003,7,0.3739561802397686
pact_plus,pub/london_mini,1003,8,0.3739561802397686
pact_plus,pub/london_mini,1003,9,0.3739561802397686
pact_plus,pub/london_mini,1003,10,0.3739561802397686
pact_plus,pub/london_mini,1003,11,0.3739561802397686
pact_plus,pub/london_mini,1003,12,0.3739561802397686
pact_plus,pub/london_mini,1003,13,0.3739561802397686
pact_plus,pub/london_mini,1003,14,0.3739561802397686
pact_plus,pub/london_mini,1003,15,0.3739561802397686
pact_plus,pub/london_mini,1003,16,0.3739561802397686
pact_plus,pub/london_mini,1003,17,0.3739561802397686
pact_plus,pub/london_mini,1003,18,0.3739561802397686
pact_plus,pub/london_mini,1003,19,0.3739561802397686
pact_plus,pub/london_mini,1003,20,0.3739561802397686
joint_psrl_uniform,pub/london_mini,1003,1,0.0
joint_psrl_uniform,pub/london_mini,1003,2,0.0
joint_psrl_uniform,pub/london_mini,1003,3,0.0
joint_psrl_uniform,pub/london_mini,1003,4,0.0
joint_psrl_uniform,pub/london_mini,1003,5,0.0
joint_psrl_uniform,pub/london_mini,1003,6,0.0
joint_psrl_uniform,pub/london_mini,1003,7,0.0
joint_psrl_uniform,pub/london_mini,1003,8,0.0
joint_psrl_uniform,pub/london_mini,1003,9,0.0
joint_psrl_uniform,pub/london_mini,1003,10,0.0
joint_psrl_uniform,pub/london_mini,1003,11,0.0
joint_psrl_uniform,pub/london_mini,1003,12,0.1869780901198843
joint_psrl_uniform,pub/london_mini,1003,13,0.1869780901198843
joint_psrl_uniform,pub/london_mini,1003,14,0.1869780901198843
joint_psrl_uniform,pub/london_mini,1003,15,0.1869780901198843
joint_psrl_uniform,pub/london_mini,1003,16,0.1869780901198843
joint_psrl_uniform,pub/london_mini,1003,17,0.1869780901198843
joint_psrl_uniform,pub/london_mini,1003,18,0.1869780901198843
joint_psrl_uniform,pub/london_mini,1003,19,0.1869780901198843
joint_psrl_uniform,pub/london_mini,1003,20,0.1869780901198843
psrl_notype,pub/london_mini,1003,1,0.0
psrl_notype,pub/london_mini,1003,2,0.0
psrl_notype,pub/london_mini,1003,3,0.0
psrl_notype,pub/london_mini,1003,4,0.0
psrl_notype,pub/london_mini,1003,5,0.0
psrl_notype,pub/london_mini,1003,6,0.0
psrl_notype,pub/london_mini,1003,7,0.0
psrl_notype,pub/london_mini,1003,8,0.0
psrl_notype,pub/london_mini,1003,9,0.0
psrl_notype,pub/london_mini,1003,10,0.0
psrl_notype,pub/london_mini,1003,11,0.0
psrl_notype,pub/london_mini,1003,12,0.0
psrl_notype,pub/london_mini,1003,13,0.0
psrl_notype,pub/london_mini,1003,14,0.0
psrl_notype,pub/london_mini,1003,15,0.0
psrl_notype,pub/london_mini,1003,16,0.0
psrl_notype,pub/london_mini,1003,17,0.0
psrl_notype,pub/london_mini,1003,18,0.1869780901198843
psrl_notype,pub/london_mini,1003,19,0.1869780901198843
psrl_notype,pub/london_mini,1003,20,0.1869780901198843
map_type_greedy,pub/london_mini,1003,1,0.1869780901198843
map_type_greedy,pub/london_mini,1003,2,0.1869780901198843
map_type_greedy,pub/london_mini,1003,3,0.1869780901198843
map_type_greedy,pub/london_mini,1003,4,0.1869780901198843
map_type_greedy,pub/london_mini,1003,5,0.1869780901198843
map_type_greedy,pub/london_mini,1003,6,0.1869780901198843
map_type_greedy,pub/london_mini,1003,7,0.1869780901198843
map_type_greedy,pub/london_mini,1003,8,0.1869780901198843
map_type_greedy,pub/london_mini,1003,9,0.1869780901198843
map_type_greedy,pub/london_mini,1003,10,0.1869780901198843
map_type_greedy,pub/london_mini,1003,11,0.1869780901198843
map_type_greedy,pub/london_mini,1003,12,0.1869780901198843
map_type_greedy,pub/london_mini,1003,13,0.1869780901198843
map_type_greedy,pub/london_mini,1003,14,0.1869780901198843
map_type_greedy,pub/london_mini,1003,15,0.1869780901198843
map_type_greedy,pub/london_mini,1003,16,0.1869780901198843
map_type_greedy,pub/london_mini,1003,17,0.1869780901198843
map_type_greedy,pub/london_mini,1003,18,0.1869780901198843
map_type_greedy,pub/london_mini,1003,19,0.1869780901198843
map_type_greedy,pub/london_mini,1003,20,0.1869780901198843
econ_bne,pub/london_mini,1003,1,0.0
econ_bne,pub/london_mini,1003,2,0.0
econ_bne,pub/london_mini,1003,3,0.0
econ_bne,pub/london_mini,1003,4,0.0
econ_bne,pub/london_mini,1003,5,0.0
econ_bne,pub/london_mini,1003,6,0.0
econ_bne,pub/london_mini,1003,7,0.0
econ_bne,pub/london_mini,1003,8,0.0
econ_bne,pub/london_mini,1003,9,0.0
econ_bne,pub/london_mini,1003,10,0.0
econ_bne,pub/london_mini,1003,11,0.0
econ_bne,pub/london_mini,1003,12,0.0
econ_bne,pub/london_mini,1003,13,0.0
econ_bne,pub/london_mini,1003,14,0.0
econ_bne,pub/london_mini,1003,15,0.0
econ_bne,pub/london_mini,1003,16,0.0
econ_bne,pub/london_mini,1003,17,0.0
econ_bne,pub/london_mini,1003,18,0.0
econ_bne,pub/london_mini,1003,19,0.0
econ_bne,pub/london_mini,1003,20,0.0
atom_tom1,pub/london_mini,1003,1,0.0
atom_tom1,pub/london_mini,1003,2,0.0
atom_tom1,pub/london_mini,1003,3,0.0
atom_tom1,pub/london_mini,1003,4,0.0
atom_tom1,pub/london_mini,1003,5,0.0
atom_tom1,pub/london_mini,1003,6,0.0
atom_tom1,pub/london_mini,1003,7,0.0
atom_tom1,pub/london_mini,1003,8,0.0
atom_tom1,pub/london_mini,1003,9,0.0
atom_tom1,pub/london_mini,1003,10,0.0
atom_tom1,pub/london_mini,1003,11,0.0
atom_tom1,pub/london_mini,1003,12,0.0
atom_tom1,pub/london_mini,1003,13,0.0
atom_tom1,pub/london_mini,1003,14,0.0
atom_tom1,pub/london_mini,1003,15,0.0
atom_tom1,pub/london_mini,1003,16,0.0
atom_tom1,pub/london_mini,1003,17,0.0
atom_tom1,pub/london_mini,1003,18,0.0
atom_tom1,pub/london_mini,1003,19,0.0
atom_tom1,pub/london_mini,1003,20,0.0
random,pub/london_mini,1003,1,0.1869780901198843
random,pub/london_mini,1003,2,1.7427862753203807
random,pub/london_mini,1003,3,3.298594460520877
random,pub/london_mini,1003,4,4.482058701942952
random,pub/london_mini,1003,5,6.037866887143449
random,pub/london_mini,1003,6,7.221331128565524
random,pub/london_mini,1003,7,7.4083092186854085
random,pub/london_mini,1003,8,7.4083092186854085
random,pub/london_mini,1003,9,8.591773460107483
random,pub/london_mini,1003,10,9.775237701529559
random,pub/london_mini,1003,11,11.331045886730054
random,pub/london_mini,1003,12,11.331045886730054
random,pub/london_mini,1003,13,12.88685407193055
random,pub/london_mini,1003,14,12.88685407193055
random,pub/london_mini,1003,15,13.073832162050435
random,pub/london_mini,1003,16,14.62964034725093
random,pub/london_mini,1003,17,14.816618437370815
random,pub/london_mini,1003,18,16.37242662257131
random,pub/london_mini,1003,19,17.92823480777181
random,pub/london_mini,1003,20,19.111699049193884
pact,haggling/fruitville,1003,1,0.0
pact,haggling/fruitville,1003,2,0.0
pact,haggling/fruitville,1003,3,0.0
pact,haggling/fruitville,1003,4,0.0
pact,haggling/fruitville,1003,5,0.36363636363636365
pact,haggling/fruitville,1003,6,0.6818181818181819
pact,haggling/fruitville,1003,7,0.6818181818181819
pact,haggling/fruitville,1003,8,0.6818181818181819
pact,haggling/fruitville,1003,9,0.6818181818181819
pact,haggling/fruitville,1003,10,0.6818181818181819
pact,haggling/fruitville,1003,11,0.6818181818181819
pact,haggling/fruitville,1003,12,0.6818181818181819
pact,haggling/fruitville,1003,13,0.6818181818181819
pact,haggling/fruitville,1003,14,0.6818181818181819
pact,haggling/fruitville,1003,15,0.6818181818181819
pact,haggling/fruitville,1003,16,0.6818181818181819
pact,haggling/fruitville,1003,17,0.6818181818181819
pact,haggling/fruitville,1003,18,0.6818181818181819
pact,haggling/fruitville,1003,19,0.6818181818181819
pact,haggling/fruitville,1003,20,0.6818181818181819
pact_plus,haggling/fruitville,1003,1,0.0
pact_plus,haggling/fruitville,1003,2,0.0
pact_plus,haggling/fruitville,1003,3,0.0
pact_plus,haggling/fruitville,1003,4,0.0
pact_plus,haggling/fruitville,1003,5,0.36363636363636365
pact_plus,haggling/fruitville,1003,6,0.6818181818181819
pact_plus,haggling/fruitville,1003,7,0.6818181818181819
pact_plus,haggling/fruitville,1003,8,0.6818181818181819
pact_plus,haggling/fruitville,1003,9,0.6818181818181819
pact_plus,haggling/fruitville,1003,10,0.6818181818181819
pact_plus,haggling/fruitville,1003,11,0.6818181818181819
pact_plus,haggling/fruitville,1003,12,0.6818181818181819
pact_plus,haggling/fruitville,1003,13,0.6818181818181819
pact_plus,haggling/fruitville,1003,14,0.6818181818181819
pact_plus,haggling/fruitville,1003,15,0.6818181818181819
pact_plus,haggling/fruitville,1003,16,0.6818181818181819
pact_plus,haggling/fruitville,1003,17,0.6818181818181819
pact_plus,haggling/fruitville,1003,18,0.6818181818181819
pact_plus,haggling/fruitville,1003,19,0.6818181818181819
pact_plus,haggling/fruitville,1003,20,0.6818181818181819
joint_psrl_uniform,haggling/fruitville,1003,1,0.0
joint_psrl_uniform,haggling/fruitville,1003,2,0.0
joint_psrl_uniform,haggling/fruitville,1003,3,0.0
joint_psrl_uniform,haggling/fruitville,1003,4,0.0
joint_psrl_uniform,haggling/fruitville,1003,5,0.31818181818181823
joint_psrl_uniform,haggling/fruitville,1003,6,0.6818181818181819
joint_psrl_uniform,haggling/fruitville,1003,7,0.6818181818181819
joint_psrl_uniform,haggling/fruitville,1003,8,0.6818181818181819
joint_psrl_uniform,haggling/fruitville,1003,9,0.6818181818181819
joint_psrl_uniform,haggling/fruitville,1003,10,0.6818181818181819
joint_psrl_uniform,haggling/fruitville,1003,11,0.6818181818181819
joint_psrl_uniform,haggling/fruitville,1003,12,0.6818181818181819
joint_psrl_uniform,haggling/fruitville,1003,13,0.6818181818181819
joint_psrl_uniform,haggling/fruitville,1003,14,0.6818181818181819
joint_psrl_uniform,haggling/fruitville,1003,15,0.6818181818181819
joint_psrl_uniform,haggling/fruitville,1003,16,0.6818181818181819
joint_psrl_uniform,haggling/fruitville,1003,17,0.6818181818181819
joint_psrl_uniform,haggling/fruitville,1003,18,0.6818181818181819
joint_psrl_uniform,haggling/fruitville,1003,19,0.6818181818181819
joint_psrl_uniform,haggling/fruitville,1003,20,0.6818181818181819
psrl_notype,haggling/fruitville,1003,1,0.31818181818181823
psrl_notype,haggling/fruitville,1003,2,0.31818181818181823
psrl_notype,haggling/fruitville,1003,3,0.31818181818181823
psrl_notype,haggling/fruitville,1003,4,0.31818181818181823
psrl_notype,haggling/fruitville,1003,5,0.31818181818181823
psrl_notype,haggling/fruitville,1003,6,0.6363636363636365
psrl_notype,haggling/fruitville,1003,7,0.6363636363636365
psrl_notype,haggling/fruitville,1003,8,0.6363636363636365
psrl_notype,haggling/fruitville,1003,9,0.6363636363636365
psrl_notype,haggling/fruitville,1003,10,0.6363636363636365
psrl_notype,haggling/fruitville,1003,11,0.9545454545454547
psrl_notype,haggling/fruitville,1003,12,0.9545454545454547
psrl_notype,haggling/fruitville,1003,13,1.3181818181818183
psrl_notype,haggling/fruitville,1003,14,1.3181818181818183
psrl_notype,haggling/fruitville,1003,15,1.3181818181818183
psrl_notype,haggling/fruitville,1003,16,1.3181818181818183
psrl_notype,haggling/fruitville,1003,17,1.6363636363636367
psrl_notype,haggling/fruitville,1003,18,1.954545454545455
psrl_notype,haggling/fruitville,1003,19,1.954545454545455
psrl_notype,haggling/fruitville,1003,20,1.954545454545455
map_type_greedy,haggling/fruitville,1003,1,0.31818181818181823
map_type_greedy,haggling/fruitville,1003,2,0.31818181818181823
map_type_greedy,haggling/fruitville,1003,3,0.31818181818181823
map_type_greedy,haggling/fruitville,1003,4,0.31818181818181823
map_type_greedy,haggling/fruitville,1003,5,0.31818181818181823
map_type_greedy,haggling/fruitville,1003,6,0.31818181818181823
map_type_greedy,haggling/fruitville,1003,7,0.31818181818181823
map_type_greedy,haggling/fruitville,1003,8,0.31818181818181823
map_type_greedy,haggling/fruitville,1003,9,0.31818181818181823
map_type_greedy,haggling/fruitville,1003,10,0.31818181818181823
map_type_greedy,haggling/fruitville,1003,11,0.31818181818181823
map_type_greedy,haggling/fruitville,1003,12,0.31818181818181823
map_type_greedy,haggling/fruitville,1003,13,0.31818181818181823
map_type_greedy,haggling/fruitville,1003,14,0.31818181818181823
map_type_greedy,haggling/fruitville,1003,15,0.31818181818181823
map_type_greedy,haggling/fruitville,1003,16,0.31818181818181823
map_type_greedy,haggling/fruitville,1003,17,0.31818181818181823
map_type_greedy,haggling/fruitville,1003,18,0.31818181818181823
map_type_greedy,haggling/fruitville,1003,19,0.31818181818181823
map_type_greedy,haggling/fruitville,1003,20,0.31818181818181823
econ_bne,haggling/fruitville,1003,1,0.0
econ_bne,haggling/fruitville,1003,2,0.0
econ_bne,haggling/fruitville,1003,3,0.0
econ_bne,haggling/fruitville,1003,4,0.0
econ_bne,haggling/fruitville,1003,5,0.0
econ_bne,haggling/fruitville,1003,6,0.0
econ_bne,haggling/fruitville,1003,7,0.0
econ_bne,haggling/fruitville,1003,8,0.0
econ_bne,haggling/fruitville,1003,9,0.0
econ_bne,haggling/fruitville,1003,10,0.0
econ_bne,haggling/fruitville,1003,11,0.0
econ_bne,haggling/fruitville,1003,12,0.0
econ_bne,haggling/fruitville,1003,13,0.0
econ_bne,haggling/fruitville,1003,14,0.0
econ_bne,haggling/fruitville,1003,15,0.0
econ_bne,haggling/fruitville,1003,16,0.0
econ_bne,haggling/fruitville,1003,17,0.0
econ_bne,haggling/fruitville,1003,18,0.0
econ_bne,haggling/fruitville,1003,19,0.0
econ_bne,haggling/fruitville,1003,20,0.0
atom_tom1,haggling/fruitville,1003,1,0.31818181818181823
atom_tom1,haggling/fruitville,1003,2,0.6363636363636365
atom_tom1,haggling/fruitville,1003,3,0.9545454545454547
atom_tom1,haggling/fruitville,1003,4,1.272727272727273
atom_tom1,haggling/fruitville,1003,5,1.5909090909090913
atom_tom1,haggling/fruitville,1003,6,1.9090909090909096
atom_tom1,haggling/fruitville,1003,7,2.227272727272728
atom_tom1,haggling/fruitville,1003,8,2.5454545454545463
atom_tom1,haggling/fruitville,1003,9,2.8636363636363646
atom_tom1,haggling/fruitville,1003,10,3.181818181818183
atom_tom1,haggling/fruitville,1003,11,3.5000000000000013
atom_tom1,haggling/fruitville,1003,12,3.8181818181818197
atom_tom1,haggling/fruitville,1003,13,4.136363636363638
atom_tom1,haggling/fruitville,1003,14,4.454545454545456
atom_tom1,haggling/fruitville,1003,15,4.772727272727274
atom_tom1,haggling/fruitville,1003,16,5.090909090909093
atom_tom1,haggling/fruitville,1003,17,5.409090909090911
atom_tom1,haggling/fruitville,1003,18,5.727272727272729
atom_tom1,haggling/fruitville,1003,19,6.045454545454548
atom_tom1,haggling/fruitville,1003,20,6.363636363636366
random,haggling/fruitville,1003,1,0.36363636363636365
random,haggling/fruitville,1003,2,1.2727272727272725
random,haggling/fruitville,1003,3,2.1818181818181817
random,haggling/fruitville,1003,4,2.3636363636363638
random,haggling/fruitville,1003,5,3.2727272727272725
random,haggling/fruitville,1003,6,3.2727272727272725
random,haggling/fruitville,1003,7,3.4545454545454546
random,haggling/fruitville,1003,8,4.363636363636363
random,haggling/fruitville,1003,9,4.363636363636363
random,haggling/fruitville,1003,10,4.363636363636363
random,haggling/fruitville,1003,11,5.2727272727272725
random,haggling/fruitville,1003,12,5.590909090909091
random,haggling/fruitville,1003,13,6.5
random,haggling/fruitville,1003,14,7.409090909090909
random,haggling/fruitville,1003,15,8.318181818181818
random,haggling/fruitville,1003,16,9.227272727272727
random,haggling/fruitville,1003,17,10.136363636363635
random,haggling/fruitville,1003,18,10.295454545454543
random,haggling/fruitville,1003,19,11.204545454545451
random,haggling/fruitville,1003,20,12.11363636363636
pact,haggling/vegbrooke,1003,1,0.003875968992247958
pact,haggling/vegbrooke,1003,2,0.007751937984495916
pact,haggling/vegbrooke,1003,3,0.007751937984495916
pact,haggling/vegbrooke,1003,4,0.007751937984495916
pact,haggling/vegbrooke,1003,5,0.007751937984495916
pact,haggling/vegbrooke,1003,6,0.007751937984495916
pact,haggling/vegbrooke,1003,7,0.007751937984495916
pact,haggling/vegbrooke,1003,8,0.011627906976743874
pact,haggling/vegbrooke,1003,9,0.011627906976743874
pact,haggling/vegbrooke,1003,10,0.011627906976743874
pact,haggling/vegbrooke,1003,11,0.011627906976743874
pact,haggling/vegbrooke,1003,12,0.015503875968991832
pact,haggling/vegbrooke,1003,13,0.01937984496123979
pact,haggling/vegbrooke,1003,14,0.023255813953487747
pact,haggling/vegbrooke,1003,15,0.027131782945735705
pact,haggling/vegbrooke,1003,16,0.027131782945735705
pact,haggling/vegbrooke,1003,17,0.027131782945735705
pact,haggling/vegbrooke,1003,18,0.027131782945735705
pact,haggling/vegbrooke,1003,19,0.027131782945735705
pact,haggling/vegbrooke,1003,20,0.027131782945735705
pact_plus,haggling/vegbrooke,1003,1,0.35529715762273906
pact_plus,haggling/vegbrooke,1003,2,0.5232558139534883
pact_plus,haggling/vegbrooke,1003,3,0.5232558139534883
pact_plus,haggling/vegbrooke,1003,4,0.5232558139534883
pact_plus,haggling/vegbrooke,1003,5,0.5232558139534883
pact_plus,haggling/vegbrooke,1003,6,0.5232558139534883
pact_plus,haggling/vegbrooke,1003,7,0.5232558139534883
pact_plus,haggling/vegbrooke,1003,8,0.5232558139534883
pact_plus,haggling/vegbrooke,1003,9,0.5232558139534883
pact_plus,haggling/vegbrooke,1003,10,0.5271317829457363
pact_plus,haggling/vegbrooke,1003,11,0.5271317829457363
pact_plus,haggling/vegbrooke,1003,12,0.5310077519379842
pact_plus,haggling/vegbrooke,1003,13,0.5310077519379842
pact_plus,haggling/vegbrooke,1003,14,0.5310077519379842
pact_plus,haggling/vegbrooke,1003,15,0.5310077519379842
pact_plus,haggling/vegbrooke,1003,16,0.5310077519379842
pact_plus,haggling/vegbrooke,1003,17,0.5348837209302322
pact_plus,haggling/vegbrooke,1003,18,0.5348837209302322
pact_plus,haggling/vegbrooke,1003,19,0.5348837209302322
pact_plus,haggling/vegbrooke,1003,20,0.5348837209302322
joint_psrl_uniform,haggling/vegbrooke,1003,1,0.003875968992247958
joint_psrl_uniform,haggling/vegbrooke,1003,2,0.359173126614987
joint_psrl_uniform,haggling/vegbrooke,1003,3,0.363049095607235
joint_psrl_uniform,haggling/vegbrooke,1003,4,0.36692506459948293
joint_psrl_uniform,haggling/vegbrooke,1003,5,0.36692506459948293
joint_psrl_uniform,haggling/vegbrooke,1003,6,0.36692506459948293
joint_psrl_uniform,haggling/vegbrooke,1003,7,0.3708010335917309
joint_psrl_uniform,haggling/vegbrooke,1003,8,0.3708010335917309
joint_psrl_uniform,haggling/vegbrooke,1003,9,0.3708010335917309
joint_psrl_uniform,haggling/vegbrooke,1003,10,0.3708010335917309
joint_psrl_uniform,haggling/vegbrooke,1003,11,0.3708010335917309
joint_psrl_uniform,haggling/vegbrooke,1003,12,0.37467700258397885
joint_psrl_uniform,haggling/vegbrooke,1003,13,0.3785529715762268
joint_psrl_uniform,haggling/vegbrooke,1003,14,0.3785529715762268
joint_psrl_uniform,haggling/vegbrooke,1003,15,0.3785529715762268
joint_psrl_uniform,haggling/vegbrooke,1003,16,0.3785529715762268
joint_psrl_uniform,haggling/vegbrooke,1003,17,0.3785529715762268
joint_psrl_uniform,haggling/vegbrooke,1003,18,0.3785529715762268
joint_psrl_uniform,haggling/vegbrooke,1003,19,0.38242894056847476
joint_psrl_uniform,haggling/vegbrooke,1003,20,0.38242894056847476
psrl_notype,haggling/vegbrooke,1003,1,0.0
psrl_notype,haggling/vegbrooke,1003,2,0.0
psrl_notype,haggling/vegbrooke,1003,3,0.0
psrl_notype,haggling/vegbrooke,1003,4,0.35529715762273906
psrl_notype,haggling/vegbrooke,1003,5,0.359173126614987
psrl_notype,haggling/vegbrooke,1003,6,0.5271317829457363
psrl_notype,haggling/vegbrooke,1003,7,0.5310077519379842
psrl_notype,haggling/vegbrooke,1003,8,0.5348837209302322
psrl_notype,haggling/vegbrooke,1003,9,0.5387596899224801
psrl_notype,haggling/vegbrooke,1003,10,0.5426356589147281
psrl_notype,haggling/vegbrooke,1003,11,0.7105943152454773
psrl_notype,haggling/vegbrooke,1003,12,0.7144702842377253
psrl_notype,haggling/vegbrooke,1003,13,1.0697674418604644
psrl_notype,haggling/vegbrooke,1003,14,1.0736434108527124
psrl_notype,haggling/vegbrooke,1003,15,1.0736434108527124
psrl_notype,haggling/vegbrooke,1003,16,1.0775193798449605
psrl_notype,haggling/vegbrooke,1003,17,1.2454780361757098
psrl_notype,haggling/vegbrooke,1003,18,1.600775193798449
psrl_notype,haggling/vegbrooke,1003,19,1.956072351421188
psrl_notype,haggling/vegbrooke,1003,20,1.959948320413436
map_type_greedy,haggling/vegbrooke,1003,1,0.35529715762273906
map_type_greedy,haggling/vegbrooke,1003,2,0.35529715762273906
map_type_greedy,haggling/vegbrooke,1003,3,0.35529715762273906
map_type_greedy,haggling/vegbrooke,1003,4,0.35529715762273906
map_type_greedy,haggling/vegbrooke,1003,5,0.35529715762273906
map_type_greedy,haggling/vegbrooke,1003,6,0.35529715762273906
map_type_greedy,haggling/vegbrooke,1003,7,0.35529715762273906
map_type_greedy,haggling/vegbrooke,1003,8,0.35529715762273906
map_type_greedy,haggling/vegbrooke,1003,9,0.35529715762273906
map_type_greedy,haggling/vegbrooke,1003,10,0.35529715762273906
map_type_greedy,haggling/vegbrooke,1003,11,0.35529715762273906
map_type_greedy,haggling/vegbrooke,1003,12,0.35529715762273906
map_type_greedy,haggling/vegbrooke,1003,13,0.35529715762273906
map_type_greedy,haggling/vegbrooke,1003,14,0.35529715762273906
map_type_greedy,haggling/vegbrooke,1003,15,0.35529715762273906
map_type_greedy,haggling/vegbrooke,1003,16,0.35529715762273906
map_type_greedy,haggling/vegbrooke,1003,17,0.35529715762273906
map_type_greedy,haggling/vegbrooke,1003,18,0.35529715762273906
map_type_greedy,haggling/vegbrooke,1003,19,0.35529715762273906
map_type_greedy,haggling/vegbrooke,1003,20,0.35529715762273906
econ_bne,haggling/vegbrooke,1003,1,0.003875968992247958
econ_bne,haggling/vegbrooke,1003,2,0.007751937984495916
econ_bne,haggling/vegbrooke,1003,3,0.011627906976743874
econ_bne,haggling/vegbrooke,1003,4,0.015503875968991832
econ_bne,haggling/vegbrooke,1003,5,0.01937984496123979
econ_bne,haggling/vegbrooke,1003,6,0.023255813953487747
econ_bne,haggling/vegbrooke,1003,7,0.027131782945735705
econ_bne,haggling/vegbrooke,1003,8,0.031007751937983663
econ_bne,haggling/vegbrooke,1003,9,0.03488372093023162
econ_bne,haggling/vegbrooke,1003,10,0.03875968992247958
econ_bne,haggling/vegbrooke,1003,11,0.04263565891472754
econ_bne,haggling/vegbrooke,1003,12,0.046511627906975495
econ_bne,haggling/vegbrooke,1003,13,0.05038759689922345
econ_bne,haggling/vegbrooke,1003,14,0.05426356589147141
econ_bne,haggling/vegbrooke,1003,15,0.05813953488371937
econ_bne,haggling/vegbrooke,1003,16,0.062015503875967326
econ_bne,haggling/vegbrooke,1003,17,0.06589147286821528
econ_bne,haggling/vegbrooke,1003,18,0.06976744186046324
econ_bne,haggling/vegbrooke,1003,19,0.0736434108527112
econ_bne,haggling/vegbrooke,1003,20,0.07751937984495916
atom_tom1,haggling/vegbrooke,1003,1,0.0
atom_tom1,haggling/vegbrooke,1003,2,0.0
atom_tom1,haggling/vegbrooke,1003,3,0.0
atom_tom1,haggling/vegbrooke,1003,4,0.0
atom_tom1,haggling/vegbrooke,1003,5,0.0
atom_tom1,haggling/vegbrooke,1003,6,0.0
atom_tom1,haggling/vegbrooke,1003,7,0.0
atom_tom1,haggling/vegbrooke,1003,8,0.0
atom_tom1,haggling/vegbrooke,1003,9,0.0
atom_tom1,haggling/vegbrooke,1003,10,0.0
atom_tom1,haggling/vegbrooke,1003,11,0.0
atom_tom1,haggling/vegbrooke,1003,12,0.0
atom_tom1,haggling/vegbrooke,1003,13,0.0
atom_tom1,haggling/vegbrooke,1003,14,0.0
atom_tom1,haggling/vegbrooke,1003,15,0.0
atom_tom1,haggling/vegbrooke,1003,16,0.0
atom_tom1,haggling/vegbrooke,1003,17,0.0
atom_tom1,haggling/vegbrooke,1003,18,0.0
atom_tom1,haggling/vegbrooke,1003,19,0.0
atom_tom1,haggling/vegbrooke,1003,20,0.0
random,haggling/vegbrooke,1003,1,0.35529715762273906
random,haggling/vegbrooke,1003,2,0.49870801033591716
random,haggling/vegbrooke,1003,3,0.6421188630490953
random,haggling/vegbrooke,1003,4,0.8217054263565888
random,haggling/vegbrooke,1003,5,0.9651162790697669
random,haggling/vegbrooke,1003,6,0.9689922480620149
random,haggling/vegbrooke,1003,7,1.1485788113695086
random,haggling/vegbrooke,1003,8,1.2919896640826867
random,haggling/vegbrooke,1003,9,1.2958656330749347
random,haggling/vegbrooke,1003,10,1.2997416020671828
random,haggling/vegbrooke,1003,11,1.443152454780361
random,haggling/vegbrooke,1003,12,1.6111111111111103
random,haggling/vegbrooke,1003,13,1.7545219638242884
random,haggling/vegbrooke,1003,14,1.8979328165374665
random,haggling/vegbrooke,1003,15,2.0413436692506446
random,haggling/vegbrooke,1003,16,2.1847545219638227
random,haggling/vegbrooke,1003,17,2.328165374677001
random,haggling/vegbrooke,1003,18,2.328165374677001
random,haggling/vegbrooke,1003,19,2.471576227390179
random,haggling/vegbrooke,1003,20,2.614987080103357
pact,haggling_multi_item/vegbrooke,1003,1,0.007692307692307887
pact,haggling_multi_item/vegbrooke,1003,2,0.015384615384615774
pact,haggling_multi_item/vegbrooke,1003,3,0.015384615384615774
pact,haggling_multi_item/vegbrooke,1003,4,0.015384615384615774
pact,haggling_multi_item/vegbrooke,1003,5,0.2692307692307696
pact,haggling_multi_item/vegbrooke,1003,6,0.2692307692307696
pact,haggling_multi_item/vegbrooke,1003,7,0.2692307692307696
pact,haggling_multi_item/vegbrooke,1003,8,0.484615384615385
pact,haggling_multi_item/vegbrooke,1003,9,0.484615384615385
pact,haggling_multi_item/vegbrooke,1003,10,0.4923076923076929
pact,haggling_multi_item/vegbrooke,1003,11,0.4923076923076929
pact,haggling_multi_item/vegbrooke,1003,12,0.4923076923076929
pact,haggling_multi_item/vegbrooke,1003,13,0.4923076923076929
pact,haggling_multi_item/vegbrooke,1003,14,0.4923076923076929
pact,haggling_multi_item/vegbrooke,1003,15,0.5000000000000008
pact,haggling_multi_item/vegbrooke,1003,16,0.5000000000000008
pact,haggling_multi_item/vegbrooke,1003,17,0.5000000000000008
pact,haggling_multi_item/vegbrooke,1003,18,0.5000000000000008
pact,haggling_multi_item/vegbrooke,1003,19,0.5000000000000008
pact,haggling_multi_item/vegbrooke,1003,20,0.5000000000000008
pact_plus,haggling_multi_item/vegbrooke,1003,1,0.007692307692307887
pact_plus,haggling_multi_item/vegbrooke,1003,2,0.015384615384615774
pact_plus,haggling_multi_item/vegbrooke,1003,3,0.015384615384615774
pact_plus,haggling_multi_item/vegbrooke,1003,4,0.015384615384615774
pact_plus,haggling_multi_item/vegbrooke,1003,5,0.2692307692307696
pact_plus,haggling_multi_item/vegbrooke,1003,6,0.2692307692307696
pact_plus,haggling_multi_item/vegbrooke,1003,7,0.2692307692307696
pact_plus,haggling_multi_item/vegbrooke,1003,8,0.484615384615385
pact_plus,haggling_multi_item/vegbrooke,1003,9,0.484615384615385
pact_plus,haggling_multi_item/vegbrooke,1003,10,0.4923076923076929
pact_plus,haggling_multi_item/vegbrooke,1003,11,0.4923076923076929
pact_plus,haggling_multi_item/vegbrooke,1003,12,0.4923076923076929
pact_plus,haggling_multi_item/vegbrooke,1003,13,0.4923076923076929
pact_plus,haggling_multi_item/vegbrooke,1003,14,0.4923076923076929
pact_plus,haggling_multi_item/vegbrooke,1003,15,0.5000000000000008
pact_plus,haggling_multi_item/vegbrooke,1003,16,0.5000000000000008
pact_plus,haggling_multi_item/vegbrooke,1003,17,0.5000000000000008
pact_plus,haggling_multi_item/vegbrooke,1003,18,0.5000000000000008
pact_plus,haggling_multi_item/vegbrooke,1003,19,0.5000000000000008
pact_plus,haggling_multi_item/vegbrooke,1003,20,0.5000000000000008
joint_psrl_uniform,haggling_multi_item/vegbrooke,1003,1,0.0
joint_psrl_uniform,haggling_multi_item/vegbrooke,1003,2,0.0
joint_psrl_uniform,haggling_multi_item/vegbrooke,1003,3,0.0
joint_psrl_uniform,haggling_multi_item/vegbrooke,1003,4,0.007692307692307887
joint_psrl_uniform,haggling_multi_item/vegbrooke,1003,5,0.22307692307692328
joint_psrl_uniform,haggling_multi_item/vegbrooke,1003,6,0.4769230769230771
joint_psrl_uniform,haggling_multi_item/vegbrooke,1003,7,0.4769230769230771
joint_psrl_uniform,haggling_multi_item/vegbrooke,1003,8,0.4769230769230771
joint_psrl_uniform,haggling_multi_item/vegbrooke,1003,9,0.4769230769230771
joint_psrl_uniform,haggling_multi_item/vegbrooke,1003,10,0.484615384615385
joint_psrl_uniform,haggling_multi_item/vegbrooke,1003,11,0.484615384615385
joint_psrl_uniform,haggling_multi_item/vegbrooke,1003,12,0.484615384615385
joint_psrl_uniform,haggling_multi_item/vegbrooke,1003,13,0.484615384615385
joint_psrl_uniform,haggling_multi_item/vegbrooke,1003,14,0.484615384615385
joint_psrl_uniform,haggling_multi_item/vegbrooke,1003,15,0.484615384615385
joint_psrl_uniform,haggling_multi_item/vegbrooke,1003,16,0.484615384615385
joint_psrl_uniform,haggling_multi_item/vegbrooke,1003,17,0.484615384615385
joint_psrl_uniform,haggling_multi_item/vegbrooke,1003,18,0.484615384615385
joint_psrl_uniform,haggling_multi_item/vegbrooke,1003,19,0.484615384615385
joint_psrl_uniform,haggling_multi_item/vegbrooke,1003,20,0.484615384615385
psrl_notype,haggling_multi_item/vegbrooke,1003,1,0.2153846153846154
psrl_notype,haggling_multi_item/vegbrooke,1003,2,0.2153846153846154
psrl_notype,haggling_multi_item/vegbrooke,1003,3,0.2153846153846154
psrl_notype,haggling_multi_item/vegbrooke,1003,4,0.22307692307692328
psrl_notype,haggling_multi_item/vegbrooke,1003,5,0.23076923076923117
psrl_notype,haggling_multi_item/vegbrooke,1003,6,0.44615384615384657
psrl_notype,haggling_multi_item/vegbrooke,1003,7,0.45384615384615445
psrl_notype,haggling_multi_item/vegbrooke,1003,8,0.45384615384615445
psrl_notype,haggling_multi_item/vegbrooke,1003,9,0.46153846153846234
psrl_notype,haggling_multi_item/vegbrooke,1003,10,0.46923076923077023
psrl_notype,haggling_multi_item/vegbrooke,1003,11,0.6846153846153856
psrl_notype,haggling_multi_item/vegbrooke,1003,12,0.6846153846153856
psrl_notype,haggling_multi_item/vegbrooke,1003,13,0.9384615384615395
psrl_notype,haggling_multi_item/vegbrooke,1003,14,0.9461538461538473
psrl_notype,haggling_multi_item/vegbrooke,1003,15,0.9461538461538473
psrl_notype,haggling_multi_item/vegbrooke,1003,16,0.9461538461538473
psrl_notype,haggling_multi_item/vegbrooke,1003,17,1.1615384615384627
psrl_notype,haggling_multi_item/vegbrooke,1003,18,1.3769230769230782
psrl_notype,haggling_multi_item/vegbrooke,1003,19,1.3846153846153861
psrl_notype,haggling_multi_item/vegbrooke,1003,20,1.3846153846153861
map_type_greedy,haggling_multi_item/vegbrooke,1003,1,0.2153846153846154
map_type_greedy,haggling_multi_item/vegbrooke,1003,2,0.2153846153846154
map_type_greedy,haggling_multi_item/vegbrooke,1003,3,0.2153846153846154
map_type_greedy,haggling_multi_item/vegbrooke,1003,4,0.2153846153846154
map_type_greedy,haggling_multi_item/vegbrooke,1003,5,0.2153846153846154
map_type_greedy,haggling_multi_item/vegbrooke,1003,6,0.2153846153846154
map_type_greedy,haggling_multi_item/vegbrooke,1003,7,0.2153846153846154
map_type_greedy,haggling_multi_item/vegbrooke,1003,8,0.2153846153846154
map_type_greedy,haggling_multi_item/vegbrooke,1003,9,0.2153846153846154
map_type_greedy,haggling_multi_item/vegbrooke,1003,10,0.2153846153846154
map_type_greedy,haggling_multi_item/vegbrooke,1003,11,0.2153846153846154
map_type_greedy,haggling_multi_item/vegbrooke,1003,12,0.2153846153846154
map_type_greedy,haggling_multi_item/vegbrooke,1003,13,0.2153846153846154
map_type_greedy,haggling_multi_item/vegbrooke,1003,14,0.2153846153846154
map_type_greedy,haggling_multi_item/vegbrooke,1003,15,0.2153846153846154
map_type_greedy,haggling_multi_item/vegbrooke,1003,16,0.2153846153846154
map_type_greedy,haggling_multi_item/vegbrooke,1003,17,0.2153846153846154
map_type_greedy,haggling_multi_item/vegbrooke,1003,18,0.2153846153846154
map_type_greedy,haggling_multi_item/vegbrooke,1003,19,0.2153846153846154
map_type_greedy,haggling_multi_item/vegbrooke,1003,20,0.2153846153846154
econ_bne,haggling_multi_item/vegbrooke,1003,1,0.0
econ_bne,haggling_multi_item/vegbrooke,1003,2,0.0
econ_bne,haggling_multi_item/vegbrooke,1003,3,0.0
econ_bne,haggling_multi_item/vegbrooke,1003,4,0.0
econ_bne,haggling_multi_item/vegbrooke,1003,5,0.0
econ_bne,haggling_multi_item/vegbrooke,1003,6,0.0
econ_bne,haggling_multi_item/vegbrooke,1003,7,0.0
econ_bne,haggling_multi_item/vegbrooke,1003,8,0.0
econ_bne,haggling_multi_item/vegbrooke,1003,9,0.0
econ_bne,haggling_multi_item/vegbrooke,1003,10,0.0
econ_bne,haggling_multi_item/vegbrooke,1003,11,0.0
econ_bne,haggling_multi_item/vegbrooke,1003,12,0.0
econ_bne,haggling_multi_item/vegbrooke,1003,13,0.0
econ_bne,haggling_multi_item/vegbrooke,1003,14,0.0
econ_bne,haggling_multi_item/vegbrooke,1003,15,0.0
econ_bne,haggling_multi_item/vegbrooke,1003,16,0.0
econ_bne,haggling_multi_item/vegbrooke,1003,17,0.0
econ_bne,haggling_multi_item/vegbrooke,1003,18,0.0
econ_bne,haggling_multi_item/vegbrooke,1003,19,0.0
econ_bne,haggling_multi_item/vegbrooke,1003,20,0.0
atom_tom1,haggling_multi_item/vegbrooke,1003,1,0.41538461538461546
atom_tom1,haggling_multi_item/vegbrooke,1003,2,0.8307692307692309
atom_tom1,haggling_multi_item/vegbrooke,1003,3,1.2461538461538464
atom_tom1,haggling_multi_item/vegbrooke,1003,4,1.6615384615384619
atom_tom1,haggling_multi_item/vegbrooke,1003,5,2.0769230769230775
atom_tom1,haggling_multi_item/vegbrooke,1003,6,2.4923076923076932
atom_tom1,haggling_multi_item/vegbrooke,1003,7,2.907692307692309
atom_tom1,haggling_multi_item/vegbrooke,1003,8,3.3230769230769246
atom_tom1,haggling_multi_item/vegbrooke,1003,9,3.7384615384615403
atom_tom1,haggling_multi_item/vegbrooke,1003,10,4.153846153846156
atom_tom1,haggling_multi_item/vegbrooke,1003,11,4.569230769230772
atom_tom1,haggling_multi_item/vegbrooke,1003,12,4.984615384615387
atom_tom1,haggling_multi_item/vegbrooke,1003,13,5.400000000000003
atom_tom1,haggling_multi_item/vegbrooke,1003,14,5.815384615384619
atom_tom1,haggling_multi_item/vegbrooke,1003,15,6.230769230769234
atom_tom1,haggling_multi_item/vegbrooke,1003,16,6.64615384615385
atom_tom1,haggling_multi_item/vegbrooke,1003,17,7.061538461538466
atom_tom1,haggling_multi_item/vegbrooke,1003,18,7.4769230769230814
atom_tom1,haggling_multi_item/vegbrooke,1003,19,7.892307692307697
atom_tom1,haggling_multi_item/vegbrooke,1003,20,8.307692307692312
random,haggling_multi_item/vegbrooke,1003,1,0.13076923076923075
random,haggling_multi_item/vegbrooke,1003,2,0.8461538461538461
random,haggling_multi_item/vegbrooke,1003,3,0.9538461538461539
random,haggling_multi_item/vegbrooke,1003,4,1.6692307692307693
random,haggling_multi_item/vegbrooke,1003,5,1.6692307692307693
random,haggling_multi_item/vegbrooke,1003,6,1.6769230769230772
random,haggling_multi_item/vegbrooke,1003,7,2.3923076923076927
random,haggling_multi_item/vegbrooke,1003,8,3.107692307692308
random,haggling_multi_item/vegbrooke,1003,9,3.115384615384616
random,haggling_multi_item/vegbrooke,1003,10,3.8307692307692314
random,haggling_multi_item/vegbrooke,1003,11,4.546153846153847
random,haggling_multi_item/vegbrooke,1003,12,5.261538461538462
random,haggling_multi_item/vegbrooke,1003,13,5.700000000000001
random,haggling_multi_item/vegbrooke,1003,14,6.223076923076924
random,haggling_multi_item/vegbrooke,1003,15,6.93846153846154
random,haggling_multi_item/vegbrooke,1003,16,7.653846153846155
random,haggling_multi_item/vegbrooke,1003,17,7.653846153846155
random,haggling_multi_item/vegbrooke,1003,18,8.36923076923077
random,haggling_multi_item/vegbrooke,1003,19,8.476923076923077
random,haggling_multi_item/vegbrooke,1003,20,8.73076923076923
pact,haggling_multi_item/fruitville_multi,1003,1,0.11515151515151523
pact,haggling_multi_item/fruitville_multi,1003,2,0.1287878787878789
pact,haggling_multi_item/fruitville_multi,1003,3,0.1287878787878789
pact,haggling_multi_item/fruitville_multi,1003,4,0.1287878787878789
pact,haggling_multi_item/fruitville_multi,1003,5,0.1287878787878789
pact,haggling_multi_item/fruitville_multi,1003,6,0.14242424242424256
pact,haggling_multi_item/fruitville_multi,1003,7,0.14242424242424256
pact,haggling_multi_item/fruitville_multi,1003,8,0.15606060606060623
pact,haggling_multi_item/fruitville_multi,1003,9,0.15606060606060623
pact,haggling_multi_item/fruitville_multi,1003,10,0.1696969696969699
pact,haggling_multi_item/fruitville_multi,1003,11,0.1696969696969699
pact,haggling_multi_item/fruitville_multi,1003,12,0.4681818181818185
pact,haggling_multi_item/fruitville_multi,1003,13,0.4681818181818185
pact,haggling_multi_item/fruitville_multi,1003,14,0.4681818181818185
pact,haggling_multi_item/fruitville_multi,1003,15,0.4681818181818185
pact,haggling_multi_item/fruitville_multi,1003,16,0.4681818181818185
pact,haggling_multi_item/fruitville_multi,1003,17,0.48181818181818215
pact,haggling_multi_item/fruitville_multi,1003,18,0.48181818181818215
pact,haggling_multi_item/fruitville_multi,1003,19,0.48181818181818215
pact,haggling_multi_item/fruitville_multi,1003,20,0.48181818181818215
pact_plus,haggling_multi_item/fruitville_multi,1003,1,0.23030303030303034
pact_plus,haggling_multi_item/fruitville_multi,1003,2,0.5287878787878789
pact_plus,haggling_multi_item/fruitville_multi,1003,3,0.5287878787878789
pact_plus,haggling_multi_item/fruitville_multi,1003,4,0.5287878787878789
pact_plus,haggling_multi_item/fruitville_multi,1003,5,0.5287878787878789
pact_plus,haggling_multi_item/fruitville_multi,1003,6,0.5287878787878789
pact_plus,haggling_multi_item/fruitville_multi,1003,7,0.5287878787878789
pact_plus,haggling_multi_item/fruitville_multi,1003,8,0.5287878787878789
pact_plus,haggling_multi_item/fruitville_multi,1003,9,0.5287878787878789
pact_plus,haggling_multi_item/fruitville_multi,1003,10,0.5287878787878789
pact_plus,haggling_multi_item/fruitville_multi,1003,11,0.5287878787878789
pact_plus,haggling_multi_item/fruitville_multi,1003,12,0.5287878787878789
pact_plus,haggling_multi_item/fruitville_multi,1003,13,0.5287878787878789
pact_plus,haggling_multi_item/fruitville_multi,1003,14,0.5287878787878789
pact_plus,haggling_multi_item/fruitville_multi,1003,15,0.5287878787878789
pact_plus,haggling_multi_item/fruitville_multi,1003,16,0.5287878787878789
pact_plus,haggling_multi_item/fruitville_multi,1003,17,0.5424242424242426
pact_plus,haggling_multi_item/fruitville_multi,1003,18,0.5424242424242426
pact_plus,haggling_multi_item/fruitville_multi,1003,19,0.5424242424242426
pact_plus,haggling_multi_item/fruitville_multi,1003,20,0.5424242424242426
joint_psrl_uniform,haggling_multi_item/fruitville_multi,1003,1,0.0
joint_psrl_uniform,haggling_multi_item/fruitville_multi,1003,2,0.0
joint_psrl_uniform,haggling_multi_item/fruitville_multi,1003,3,0.0
joint_psrl_uniform,haggling_multi_item/fruitville_multi,1003,4,0.2984848484848486
joint_psrl_uniform,haggling_multi_item/fruitville_multi,1003,5,0.2984848484848486
joint_psrl_uniform,haggling_multi_item/fruitville_multi,1003,6,0.2984848484848486
joint_psrl_uniform,haggling_multi_item/fruitville_multi,1003,7,0.2984848484848486
joint_psrl_uniform,haggling_multi_item/fruitville_multi,1003,8,0.2984848484848486
joint_psrl_uniform,haggling_multi_item/fruitville_multi,1003,9,0.2984848484848486
joint_psrl_uniform,haggling_multi_item/fruitville_multi,1003,10,0.2984848484848486
joint_psrl_uniform,haggling_multi_item/fruitville_multi,1003,11,0.4136363636363638
joint_psrl_uniform,haggling_multi_item/fruitville_multi,1003,12,0.4136363636363638
joint_psrl_uniform,haggling_multi_item/fruitville_multi,1003,13,0.4136363636363638
joint_psrl_uniform,haggling_multi_item/fruitville_multi,1003,14,0.4136363636363638
joint_psrl_uniform,haggling_multi_item/fruitville_multi,1003,15,0.4136363636363638
joint_psrl_uniform,haggling_multi_item/fruitville_multi,1003,16,0.4136363636363638
joint_psrl_uniform,haggling_multi_item/fruitville_multi,1003,17,0.4136363636363638
joint_psrl_uniform,haggling_multi_item/fruitville_multi,1003,18,0.4136363636363638
joint_psrl_uniform,haggling_multi_item/fruitville_multi,1003,19,0.4136363636363638
joint_psrl_uniform,haggling_multi_item/fruitville_multi,1003,20,0.4136363636363638
psrl_notype,haggling_multi_item/fruitville_multi,1003,1,0.013636363636363669
psrl_notype,haggling_multi_item/fruitville_multi,1003,2,0.027272727272727337
psrl_notype,haggling_multi_item/fruitville_multi,1003,3,0.027272727272727337
psrl_notype,haggling_multi_item/fruitville_multi,1003,4,0.2575757575757577
psrl_notype,haggling_multi_item/fruitville_multi,1003,5,0.2575757575757577
psrl_notype,haggling_multi_item/fruitville_multi,1003,6,0.5560606060606063
psrl_notype,haggling_multi_item/fruitville_multi,1003,7,0.5560606060606063
psrl_notype,haggling_multi_item/fruitville_multi,1003,8,0.5560606060606063
psrl_notype,haggling_multi_item/fruitville_multi,1003,9,0.5560606060606063
psrl_notype,haggling_multi_item/fruitville_multi,1003,10,0.5560606060606063
psrl_notype,haggling_multi_item/fruitville_multi,1003,11,0.8545454545454548
psrl_notype,haggling_multi_item/fruitville_multi,1003,12,0.8545454545454548
psrl_notype,haggling_multi_item/fruitville_multi,1003,13,1.0848484848484852
psrl_notype,haggling_multi_item/fruitville_multi,1003,14,1.0848484848484852
psrl_notype,haggling_multi_item/fruitville_multi,1003,15,1.0984848484848488
psrl_notype,haggling_multi_item/fruitville_multi,1003,16,1.0984848484848488
psrl_notype,haggling_multi_item/fruitville_multi,1003,17,1.3969696969696974
psrl_notype,haggling_multi_item/fruitville_multi,1003,18,1.6272727272727279
psrl_notype,haggling_multi_item/fruitville_multi,1003,19,1.8575757575757583
psrl_notype,haggling_multi_item/fruitville_multi,1003,20,1.8575757575757583
map_type_greedy,haggling_multi_item/fruitville_multi,1003,1,0.23030303030303034
map_type_greedy,haggling_multi_item/fruitville_multi,1003,2,0.23030303030303034
map_type_greedy,haggling_multi_item/fruitville_multi,1003,3,0.23030303030303034
map_type_greedy,haggling_multi_item/fruitville_multi,1003,4,0.23030303030303034
map_type_greedy,haggling_multi_item/fruitville_multi,1003,5,0.23030303030303034
map_type_greedy,haggling_multi_item/fruitville_multi,1003,6,0.23030303030303034
map_type_greedy,haggling_multi_item/fruitville_multi,1003,7,0.23030303030303034
map_type_greedy,haggling_multi_item/fruitville_multi,1003,8,0.23030303030303034
map_type_greedy,haggling_multi_item/fruitville_multi,1003,9,0.23030303030303034
map_type_greedy,haggling_multi_item/fruitville_multi,1003,10,0.23030303030303034
map_type_greedy,haggling_multi_item/fruitville_multi,1003,11,0.23030303030303034
map_type_greedy,haggling_multi_item/fruitville_multi,1003,12,0.23030303030303034
map_type_greedy,haggling_multi_item/fruitville_multi,1003,13,0.23030303030303034
map_type_greedy,haggling_multi_item/fruitville_multi,1003,14,0.23030303030303034
map_type_greedy,haggling_multi_item/fruitville_multi,1003,15,0.23030303030303034
map_type_greedy,haggling_multi_item/fruitville_multi,1003,16,0.23030303030303034
map_type_greedy,haggling_multi_item/fruitville_multi,1003,17,0.23030303030303034
map_type_greedy,haggling_multi_item/fruitville_multi,1003,18,0.23030303030303034
map_type_greedy,haggling_multi_item/fruitville_multi,1003,19,0.23030303030303034
map_type_greedy,haggling_multi_item/fruitville_multi,1003,20,0.23030303030303034
econ_bne,haggling_multi_item/fruitville_multi,1003,1,0.013636363636363669
econ_bne,haggling_multi_item/fruitville_multi,1003,2,0.027272727272727337
econ_bne,haggling_multi_item/fruitville_multi,1003,3,0.040909090909091006
econ_bne,haggling_multi_item/fruitville_multi,1003,4,0.054545454545454675
econ_bne,haggling_multi_item/fruitville_multi,1003,5,0.06818181818181834
econ_bne,haggling_multi_item/fruitville_multi,1003,6,0.08181818181818201
econ_bne,haggling_multi_item/fruitville_multi,1003,7,0.09545454545454568
econ_bne,haggling_multi_item/fruitville_multi,1003,8,0.10909090909090935
econ_bne,haggling_multi_item/fruitville_multi,1003,9,0.12272727272727302
econ_bne,haggling_multi_item/fruitville_multi,1003,10,0.1363636363636367
econ_bne,haggling_multi_item/fruitville_multi,1003,11,0.15000000000000036
econ_bne,haggling_multi_item/fruitville_multi,1003,12,0.16363636363636402
econ_bne,haggling_multi_item/fruitville_multi,1003,13,0.1772727272727277
econ_bne,haggling_multi_item/fruitville_multi,1003,14,0.19090909090909136
econ_bne,haggling_multi_item/fruitville_multi,1003,15,0.20454545454545503
econ_bne,haggling_multi_item/fruitville_multi,1003,16,0.2181818181818187
econ_bne,haggling_multi_item/fruitville_multi,1003,17,0.23181818181818237
econ_bne,haggling_multi_item/fruitville_multi,1003,18,0.24545454545454604
econ_bne,haggling_multi_item/fruitville_multi,1003,19,0.2590909090909097
econ_bne,haggling_multi_item/fruitville_multi,1003,20,0.2727272727272734
atom_tom1,haggling_multi_item/fruitville_multi,1003,1,0.39393939393939403
atom_tom1,haggling_multi_item/fruitville_multi,1003,2,0.7878787878787881
atom_tom1,haggling_multi_item/fruitville_multi,1003,3,1.181818181818182
atom_tom1,haggling_multi_item/fruitville_multi,1003,4,1.5757575757575761
atom_tom1,haggling_multi_item/fruitville_multi,1003,5,1.9696969696969702
atom_tom1,haggling_multi_item/fruitville_multi,1003,6,2.363636363636364
atom_tom1,haggling_multi_item/fruitville_multi,1003,7,2.7575757575757582
atom_tom1,haggling_multi_item/fruitville_multi,1003,8,3.1515151515151523
atom_tom1,haggling_multi_item/fruitville_multi,1003,9,3.5454545454545463
atom_tom1,haggling_multi_item/fruitville_multi,1003,10,3.9393939393939403
atom_tom1,haggling_multi_item/fruitville_multi,1003,11,4.333333333333334
atom_tom1,haggling_multi_item/fruitville_multi,1003,12,4.727272727272728
atom_tom1,haggling_multi_item/fruitville_multi,1003,13,5.121212121212123
atom_tom1,haggling_multi_item/fruitville_multi,1003,14,5.515151515151517
atom_tom1,haggling_multi_item/fruitville_multi,1003,15,5.909090909090912
atom_tom1,haggling_multi_item/fruitville_multi,1003,16,6.303030303030306
atom_tom1,haggling_multi_item/fruitville_multi,1003,17,6.696969696969701
atom_tom1,haggling_multi_item/fruitville_multi,1003,18,7.090909090909095
atom_tom1,haggling_multi_item/fruitville_multi,1003,19,7.48484848484849
atom_tom1,haggling_multi_item/fruitville_multi,1003,20,7.878787878787884
random,haggling_multi_item/fruitville_multi,1003,1,0.11515151515151523
random,haggling_multi_item/fruitville_multi,1003,2,0.890909090909091
random,haggling_multi_item/fruitville_multi,1003,3,1.1424242424242426
random,haggling_multi_item/fruitville_multi,1003,4,1.9181818181818184
random,haggling_multi_item/fruitville_multi,1003,5,2.0272727272727273
random,haggling_multi_item/fruitville_multi,1003,6,2.251515151515152
random,haggling_multi_item/fruitville_multi,1003,7,3.027272727272728
random,haggling_multi_item/fruitville_multi,1003,8,3.8030303030303036
random,haggling_multi_item/fruitville_multi,1003,9,4.027272727272728
random,haggling_multi_item/fruitville_multi,1003,10,4.803030303030304
random,haggling_multi_item/fruitville_multi,1003,11,5.578787878787879
random,haggling_multi_item/fruitville_multi,1003,12,6.3545454545454545
random,haggling_multi_item/fruitville_multi,1003,13,6.693939393939394
random,haggling_multi_item/fruitville_multi,1003,14,7.087878787878788
random,haggling_multi_item/fruitville_multi,1003,15,7.863636363636363
random,haggling_multi_item/fruitville_multi,1003,16,8.639393939393939
random,haggling_multi_item/fruitville_multi,1003,17,8.653030303030302
random,haggling_multi_item/fruitville_multi,1003,18,9.428787878787878
random,haggling_multi_item/fruitville_multi,1003,19,9.68030303030303
random,haggling_multi_item/fruitville_multi,1003,20,10.134848484848485
pact,pub/london,1004,1,0.08945391595734797
pact,pub/london,1004,2,0.08945391595734797
pact,pub/london,1004,3,0.08945391595734797
pact,pub/london,1004,4,0.08945391595734797
pact,pub/london,1004,5,0.17890783191469595
pact,pub/london,1004,6,0.17890783191469595
pact,pub/london,1004,7,0.17890783191469595
pact,pub/london,1004,8,0.17890783191469595
pact,pub/london,1004,9,0.17890783191469595
pact,pub/london,1004,10,0.17890783191469595
pact,pub/london,1004,11,0.17890783191469595
pact,pub/london,1004,12,0.17890783191469595
pact,pub/london,1004,13,0.17890783191469595
pact,pub/london,1004,14,0.17890783191469595
pact,pub/london,1004,15,0.17890783191469595
pact,pub/london,1004,16,0.17890783191469595
pact,pub/london,1004,17,0.17890783191469595
pact,pub/london,1004,18,0.17890783191469595
pact,pub/london,1004,19,0.17890783191469595
pact,pub/london,1004,20,0.17890783191469595
pact_plus,pub/london,1004,1,0.08945391595734797
pact_plus,pub/london,1004,2,0.08945391595734797
pact_plus,pub/london,1004,3,0.08945391595734797
pact_plus,pub/london,1004,4,0.08945391595734797
pact_plus,pub/london,1004,5,0.17890783191469595
pact_plus,pub/london,1004,6,0.17890783191469595
pact_plus,pub/london,1004,7,0.17890783191469595
pact_plus,pub/london,1004,8,0.17890783191469595
pact_plus,pub/london,1004,9,0.17890783191469595
pact_plus,pub/london,1004,10,0.17890783191469595
pact_plus,pub/london,1004,11,0.17890783191469595
pact_plus,pub/london,1004,12,0.17890783191469595
pact_plus,pub/london,1004,13,0.17890783191469595
pact_plus,pub/london,1004,14,0.17890783191469595
pact_plus,pub/london,1004,15,0.17890783191469595
pact_plus,pub/london,1004,16,0.17890783191469595
pact_plus,pub/london,1004,17,0.17890783191469595
pact_plus,pub/london,1004,18,0.17890783191469595
pact_plus,pub/london,1004,19,0.17890783191469595
pact_plus,pub/london,1004,20,0.17890783191469595
joint_psrl_uniform,pub/london,1004,1,0.0
joint_psrl_uniform,pub/london,1004,2,0.0
joint_psrl_uniform,pub/london,1004,3,0.0
joint_psrl_uniform,pub/london,1004,4,0.0
joint_psrl_uniform,pub/london,1004,5,0.0
joint_psrl_uniform,pub/london,1004,6,0.0
joint_psrl_uniform,pub/london,1004,7,0.0
joint_psrl_uniform,pub/london,1004,8,0.0
joint_psrl_uniform,pub/london,1004,9,0.0
joint_psrl_uniform,pub/london,1004,10,0.0
joint_psrl_uniform,pub/london,1004,11,0.0
joint_psrl_uniform,pub/london,1004,12,0.0
joint_psrl_uniform,pub/london,1004,13,0.0
joint_psrl_uniform,pub/london,1004,14,0.0
joint_psrl_uniform,pub/london,1004,15,0.0
joint_psrl_uniform,pub/london,1004,16,0.0
joint_psrl_uniform,pub/london,1004,17,0.0
joint_psrl_uniform,pub/london,1004,18,0.0
joint_psrl_uniform,pub/london,1004,19,0.0
joint_psrl_uniform,pub/london,1004,20,0.0
psrl_notype,pub/london,1004,1,0.08945391595734797
psrl_notype,pub/london,1004,2,0.17890783191469595
psrl_notype,pub/london,1004,3,0.17890783191469595
psrl_notype,pub/london,1004,4,0.17890783191469595
psrl_notype,pub/london,1004,5,0.2683617478720439
psrl_notype,pub/london,1004,6,0.3578156638293919
psrl_notype,pub/london,1004,7,0.3578156638293919
psrl_notype,pub/london,1004,8,0.44726957978673987
psrl_notype,pub/london,1004,9,0.5367234957440878
psrl_notype,pub/london,1004,10,0.5367234957440878
psrl_notype,pub/london,1004,11,0.5367234957440878
psrl_notype,pub/london,1004,12,0.5367234957440878
psrl_notype,pub/london,1004,13,0.5367234957440878
psrl_notype,pub/london,1004,14,0.5367234957440878
psrl_notype,pub/london,1004,15,0.5367234957440878
psrl_notype,pub/london,1004,16,0.5367234957440878
psrl_notype,pub/london,1004,17,0.5367234957440878
psrl_notype,pub/london,1004,18,0.5367234957440878
psrl_notype,pub/london,1004,19,0.5367234957440878
psrl_notype,pub/london,1004,20,0.6261774117014358
map_type_greedy,pub/london,1004,1,0.0
map_type_greedy,pub/london,1004,2,0.0
map_type_greedy,pub/london,1004,3,0.0
map_type_greedy,pub/london,1004,4,0.0
map_type_greedy,pub/london,1004,5,0.0
map_type_greedy,pub/london,1004,6,0.0
map_type_greedy,pub/london,1004,7,0.0
map_type_greedy,pub/london,1004,8,0.0
map_type_greedy,pub/london,1004,9,0.0
map_type_greedy,pub/london,1004,10,0.0
map_type_greedy,pub/london,1004,11,0.0
map_type_greedy,pub/london,1004,12,0.0
map_type_greedy,pub/london,1004,13,0.0
map_type_greedy,pub/london,1004,14,0.0
map_type_greedy,pub/london,1004,15,0.0
map_type_greedy,pub/london,1004,16,0.0
map_type_greedy,pub/london,1004,17,0.0
map_type_greedy,pub/london,1004,18,0.0
map_type_greedy,pub/london,1004,19,0.0
map_type_greedy,pub/london,1004,20,0.0
econ_bne,pub/london,1004,1,0.3544564747822614
econ_bne,pub/london,1004,2,0.7089129495645228
econ_bne,pub/london,1004,3,1.0633694243467842
econ_bne,pub/london,1004,4,1.4178258991290456
econ_bne,pub/london,1004,5,1.772282373911307
econ_bne,pub/london,1004,6,2.1267388486935683
econ_bne,pub/london,1004,7,2.4811953234758297
econ_bne,pub/london,1004,8,2.835651798258091
econ_bne,pub/london,1004,9,3.1901082730403525
econ_bne,pub/london,1004,10,3.544564747822614
econ_bne,pub/london,1004,11,3.8990212226048753
econ_bne,pub/london,1004,12,4.253477697387137
econ_bne,pub/london,1004,13,4.607934172169398
econ_bne,pub/london,1004,14,4.962390646951659
econ_bne,pub/london,1004,15,5.316847121733921
econ_bne,pub/london,1004,16,5.671303596516182
econ_bne,pub/london,1004,17,6.025760071298444
econ_bne,pub/london,1004,18,6.380216546080705
econ_bne,pub/london,1004,19,6.734673020862966
econ_bne,pub/london,1004,20,7.089129495645228
atom_tom1,pub/london,1004,1,0.3544564747822614
atom_tom1,pub/london,1004,2,0.7089129495645228
atom_tom1,pub/london,1004,3,1.0633694243467842
atom_tom1,pub/london,1004,4,1.4178258991290456
atom_tom1,pub/london,1004,5,1.772282373911307
atom_tom1,pub/london,1004,6,2.1267388486935683
atom_tom1,pub/london,1004,7,2.4811953234758297
atom_tom1,pub/london,1004,8,2.835651798258091
atom_tom1,pub/london,1004,9,3.1901082730403525
atom_tom1,pub/london,1004,10,3.544564747822614
atom_tom1,pub/london,1004,11,3.8990212226048753
atom_tom1,pub/london,1004,12,4.253477697387137
atom_tom1,pub/london,1004,13,4.607934172169398
atom_tom1,pub/london,1004,14,4.962390646951659
atom_tom1,pub/london,1004,15,5.316847121733921
atom_tom1,pub/london,1004,16,5.671303596516182
atom_tom1,pub/london,1004,17,6.025760071298444
atom_tom1,pub/london,1004,18,6.380216546080705
atom_tom1,pub/london,1004,19,6.734673020862966
atom_tom1,pub/london,1004,20,7.089129495645228
random,pub/london,1004,1,0.9888888888888889
random,pub/london,1004,2,2.442702636524991
random,pub/london,1004,3,4.885405273049982
random,pub/london,1004,4,7.328107909574973
random,pub/london,1004,5,7.417561825532321
random,pub/london,1004,6,9.629549560048485
random,pub/london,1004,7,10.707892364894722
random,pub/london,1004,8,11.786235169740959
random,pub/london,1004,9,13.697315243806383
random,pub/london,1004,10,14.051771718588643
random,pub/london,1004,11,14.406228193370904
random,pub/london,1004,12,15.749573557042055
random,pub/london,1004,13,15.749573557042055
random,pub/london,1004,14,17.092918920713206
random,pub/london,1004,15,19.00399899477863
random,pub/london,1004,16,20.34734435844978
random,pub/london,1004,17,21.690689722120933
random,pub/london,1004,18,21.78014363807828
random,pub/london,1004,19,22.769032526967166
random,pub/london,1004,20,24.222846274603267
pact,pub/london_mini,1004,1,0.0
pact,pub/london_mini,1004,2,0.0
pact,pub/london_mini,1004,3,0.0
pact,pub/london_mini,1004,4,0.0
pact,pub/london_mini,1004,5,0.0
pact,pub/london_mini,1004,6,0.0
pact,pub/london_mini,1004,7,0.0
pact,pub/london_mini,1004,8,0.0
pact,pub/london_mini,1004,9,0.0
pact,pub/london_mini,1004,10,0.0
pact,pub/london_mini,1004,11,0.0
pact,pub/london_mini,1004,12,0.0
pact,pub/london_mini,1004,13,0.0
pact,pub/london_mini,1004,14,0.0
pact,pub/london_mini,1004,15,0.0
pact,pub/london_mini,1004,16,0.0
pact,pub/london_mini,1004,17,0.0
pact,pub/london_mini,1004,18,0.0
pact,pub/london_mini,1004,19,0.0
pact,pub/london_mini,1004,20,0.0
pact_plus,pub/london_mini,1004,1,0.0
pact_plus,pub/london_mini,1004,2,0.0
pact_plus,pub/london_mini,1004,3,0.0
pact_plus,pub/london_mini,1004,4,0.0
pact_plus,pub/london_mini,1004,5,0.0
pact_plus,pub/london_mini,1004,6,0.0
pact_plus,pub/london_mini,1004,7,0.0
pact_plus,pub/london_mini,1004,8,0.0
pact_plus,pub/london_mini,1004,9,0.0
pact_plus,pub/london_mini,1004,10,0.0
pact_plus,pub/london_mini,1004,11,0.0
pact_plus,pub/london_mini,1004,12,0.0
pact_plus,pub/london_mini,1004,13,0.0
pact_plus,pub/london_mini,1004,14,0.0
pact_plus,pub/london_mini,1004,15,0.0
pact_plus,pub/london_mini,1004,16,0.0
pact_plus,pub/london_mini,1004,17,0.0
pact_plus,pub/london_mini,1004,18,0.0
pact_plus,pub/london_mini,1004,19,0.0
pact_plus,pub/london_mini,1004,20,0.0
joint_psrl_uniform,pub/london_mini,1004,1,0.0
joint_psrl_uniform,pub/london_mini,1004,2,0.0
joint_psrl_uniform,pub/london_mini,1004,3,0.0
joint_psrl_uniform,pub/london_mini,1004,4,0.0
joint_psrl_uniform,pub/london_mini,1004,5,0.0
joint_psrl_uniform,pub/london_mini,1004,6,0.0
joint_psrl_uniform,pub/london_mini,1004,7,0.0
joint_psrl_uniform,pub/london_mini,1004,8,0.0
joint_psrl_uniform,pub/london_mini,1004,9,0.0
joint_psrl_uniform,pub/london_mini,1004,10,0.0
joint_psrl_uniform,pub/london_mini,1004,11,0.0
joint_psrl_uniform,pub/london_mini,1004,12,0.0
joint_psrl_uniform,pub/london_mini,1004,13,0.0
joint_psrl_uniform,pub/london_mini,1004,14,0.0
joint_psrl_uniform,pub/london_mini,1004,15,0.0
joint_psrl_uniform,pub/london_mini,1004,16,0.0
joint_psrl_uniform,pub/london_mini,1004,17,0.0
joint_psrl_uniform,pub/london_mini,1004,18,0.0
joint_psrl_uniform,pub/london_mini,1004,19,0.0
joint_psrl_uniform,pub/london_mini,1004,20,0.0
psrl_notype,pub/london_mini,1004,1,0.0
psrl_notype,pub/london_mini,1004,2,0.0
psrl_notype,pub/london_mini,1004,3,0.0
psrl_notype,pub/london_mini,1004,4,0.0
psrl_notype,pub/london_mini,1004,5,0.0
psrl_notype,pub/london_mini,1004,6,0.0
psrl_notype,pub/london_mini,1004,7,0.0
psrl_notype,pub/london_mini,1004,8,0.0
psrl_notype,pub/london_mini,1004,9,0.0
psrl_notype,pub/london_mini,1004,10,0.0
psrl_notype,pub/london_mini,1004,11,0.0
psrl_notype,pub/london_mini,1004,12,0.0
psrl_notype,pub/london_mini,1004,13,0.0
psrl_notype,pub/london_mini,1004,14,0.0
psrl_notype,pub/london_mini,1004,15,0.0
psrl_notype,pub/london_mini,1004,16,0.0
psrl_notype,pub/london_mini,1004,17,0.0
psrl_notype,pub/london_mini,1004,18,0.0
psrl_notype,pub/london_mini,1004,19,0.0
psrl_notype,pub/london_mini,1004,20,0.0
map_type_greedy,pub/london_mini,1004,1,0.0
map_type_greedy,pub/london_mini,1004,2,0.0
map_type_greedy,pub/london_mini,1004,3,0.0
map_type_greedy,pub/london_mini,1004,4,0.0
map_type_greedy,pub/london_mini,1004,5,0.0
map_type_greedy,pub/london_mini,1004,6,0.0
map_type_greedy,pub/london_mini,1004,7,0.0
map_type_greedy,pub/london_mini,1004,8,0.0
map_type_greedy,pub/london_mini,1004,9,0.0
map_type_greedy,pub/london_mini,1004,10,0.0
map_type_greedy,pub/london_mini,1004,11,0.0
map_type_greedy,pub/london_mini,1004,12,0.0
map_type_greedy,pub/london_mini,1004,13,0.0
map_type_greedy,pub/london_mini,1004,14,0.0
map_type_greedy,pub/london_mini,1004,15,0.0
map_type_greedy,pub/london_mini,1004,16,0.0
map_type_greedy,pub/london_mini,1004,17,0.0
map_type_greedy,pub/london_mini,1004,18,0.0
map_type_greedy,pub/london_mini,1004,19,0.0
map_type_greedy,pub/london_mini,1004,20,0.0
econ_bne,pub/london_mini,1004,1,0.0
econ_bne,pub/london_mini,1004,2,0.0
econ_bne,pub/london_mini,1004,3,0.0
econ_bne,pub/london_mini,1004,4,0.0
econ_bne,pub/london_mini,1004,5,0.0
econ_bne,pub/london_mini,1004,6,0.0
econ_bne,pub/london_mini,1004,7,0.0
econ_bne,pub/london_mini,1004,8,0.0
econ_bne,pub/london_mini,1004,9,0.0
econ_bne,pub/london_mini,1004,10,0.0
econ_bne,pub/london_mini,1004,11,0.0
econ_bne,pub/london_mini,1004,12,0.0
econ_bne,pub/london_mini,1004,13,0.0
econ_bne,pub/london_mini,1004,14,0.0
econ_bne,pub/london_mini,1004,15,0.0
econ_bne,pub/london_mini,1004,16,0.0
econ_bne,pub/london_mini,1004,17,0.0
econ_bne,pub/london_mini,1004,18,0.0
econ_bne,pub/london_mini,1004,19,0.0
econ_bne,pub/london_mini,1004,20,0.0
atom_tom1,pub/london_mini,1004,1,0.0
atom_tom1,pub/london_mini,1004,2,0.0
atom_tom1,pub/london_mini,1004,3,0.0
atom_tom1,pub/london_mini,1004,4,0.0
atom_tom1,pub/london_mini,1004,5,0.0
atom_tom1,pub/london_mini,1004,6,0.0
atom_tom1,pub/london_mini,1004,7,0.0
atom_tom1,pub/london_mini,1004,8,0.0
atom_tom1,pub/london_mini,1004,9,0.0
atom_tom1,pub/london_mini,1004,10,0.0
atom_tom1,pub/london_mini,1004,11,0.0
atom_tom1,pub/london_mini,1004,12,0.0
atom_tom1,pub/london_mini,1004,13,0.0
atom_tom1,pub/london_mini,1004,14,0.0
atom_tom1,pub/london_mini,1004,15,0.0
atom_tom1,pub/london_mini,1004,16,0.0
atom_tom1,pub/london_mini,1004,17,0.0
atom_tom1,pub/london_mini,1004,18,0.0
atom_tom1,pub/london_mini,1004,19,0.0
atom_tom1,pub/london_mini,1004,20,0.0
random,pub/london_mini,1004,1,0.5902439024390245
random,pub/london_mini,1004,2,2.0025217031831337
random,pub/london_mini,1004,3,2.8245556014882185
random,pub/london_mini,1004,4,3.414799503927243
random,pub/london_mini,1004,5,4.005043406366267
random,pub/london_mini,1004,6,4.827077304671352
random,pub/london_mini,1004,7,5.417321207110376
random,pub/london_mini,1004,8,6.829599007854485
random,pub/london_mini,1004,9,8.241876808598594
random,pub/london_mini,1004,10,8.832120711037618
random,pub/london_mini,1004,11,9.654154609342703
random,pub/london_mini,1004,12,9.654154609342703
random,pub/london_mini,1004,13,10.476188507647787
random,pub/london_mini,1004,14,10.476188507647787
random,pub/london_mini,1004,15,11.888466308391896
random,pub/london_mini,1004,16,11.888466308391896
random,pub/london_mini,1004,17,11.888466308391896
random,pub/london_mini,1004,18,13.300744109136005
random,pub/london_mini,1004,19,13.890988011575029
random,pub/london_mini,1004,20,14.481231914014053
pact,haggling/fruitville,1004,1,0.0
pact,haggling/fruitville,1004,2,0.0888888888888888
pact,haggling/fruitville,1004,3,0.1055555555555554
pact,haggling/fruitville,1004,4,0.1055555555555554
pact,haggling/fruitville,1004,5,0.1944444444444442
pact,haggling/fruitville,1004,6,0.1944444444444442
pact,haggling/fruitville,1004,7,0.1944444444444442
pact,haggling/fruitville,1004,8,0.2111111111111108
pact,haggling/fruitville,1004,9,0.2111111111111108
pact,haggling/fruitville,1004,10,0.2111111111111108
pact,haggling/fruitville,1004,11,0.2277777777777774
pact,haggling/fruitville,1004,12,0.2277777777777774
pact,haggling/fruitville,1004,13,0.24444444444444402
pact,haggling/fruitville,1004,14,0.24444444444444402
pact,haggling/fruitville,1004,15,0.24444444444444402
pact,haggling/fruitville,1004,16,0.24444444444444402
pact,haggling/fruitville,1004,17,0.24444444444444402
pact,haggling/fruitville,1004,18,0.24444444444444402
pact,haggling/fruitville,1004,19,0.2611111111111106
pact,haggling/fruitville,1004,20,0.2611111111111106
pact_plus,haggling/fruitville,1004,1,0.0
pact_plus,haggling/fruitville,1004,2,0.0888888888888888
pact_plus,haggling/fruitville,1004,3,0.34999999999999987
pact_plus,haggling/fruitville,1004,4,0.34999999999999987
pact_plus,haggling/fruitville,1004,5,0.43888888888888866
pact_plus,haggling/fruitville,1004,6,0.43888888888888866
pact_plus,haggling/fruitville,1004,7,0.43888888888888866
pact_plus,haggling/fruitville,1004,8,0.43888888888888866
pact_plus,haggling/fruitville,1004,9,0.43888888888888866
pact_plus,haggling/fruitville,1004,10,0.43888888888888866
pact_plus,haggling/fruitville,1004,11,0.43888888888888866
pact_plus,haggling/fruitville,1004,12,0.43888888888888866
pact_plus,haggling/fruitville,1004,13,0.43888888888888866
pact_plus,haggling/fruitville,1004,14,0.43888888888888866
pact_plus,haggling/fruitville,1004,15,0.43888888888888866
pact_plus,haggling/fruitville,1004,16,0.43888888888888866
pact_plus,haggling/fruitville,1004,17,0.43888888888888866
pact_plus,haggling/fruitville,1004,18,0.43888888888888866
pact_plus,haggling/fruitville,1004,19,0.43888888888888866
pact_plus,haggling/fruitville,1004,20,0.43888888888888866
joint_psrl_uniform,haggling/fruitville,1004,1,0.0
joint_psrl_uniform,haggling/fruitville,1004,2,0.016666666666666607
joint_psrl_uniform,haggling/fruitville,1004,3,0.016666666666666607
joint_psrl_uniform,haggling/fruitville,1004,4,0.033333333333333215
joint_psrl_uniform,haggling/fruitville,1004,5,0.04999999999999982
joint_psrl_uniform,haggling/fruitville,1004,6,0.13888888888888862
joint_psrl_uniform,haggling/fruitville,1004,7,0.13888888888888862
joint_psrl_uniform,haggling/fruitville,1004,8,0.13888888888888862
joint_psrl_uniform,haggling/fruitville,1004,9,0.13888888888888862
joint_psrl_uniform,haggling/fruitville,1004,10,0.15555555555555522
joint_psrl_uniform,haggling/fruitville,1004,11,0.15555555555555522
joint_psrl_uniform,haggling/fruitville,1004,12,0.17222222222222183
joint_psrl_uniform,haggling/fruitville,1004,13,0.18888888888888844
joint_psrl_uniform,haggling/fruitville,1004,14,0.18888888888888844
joint_psrl_uniform,haggling/fruitville,1004,15,0.18888888888888844
joint_psrl_uniform,haggling/fruitville,1004,16,0.18888888888888844
joint_psrl_uniform,haggling/fruitville,1004,17,0.18888888888888844
joint_psrl_uniform,haggling/fruitville,1004,18,0.18888888888888844
joint_psrl_uniform,haggling/fruitville,1004,19,0.18888888888888844
joint_psrl_uniform,haggling/fruitville,1004,20,0.4499999999999995
psrl_notype,haggling/fruitville,1004,1,0.0888888888888888
psrl_notype,haggling/fruitville,1004,2,0.1777777777777776
psrl_notype,haggling/fruitville,1004,3,0.2666666666666664
psrl_notype,haggling/fruitville,1004,4,0.3555555555555552
psrl_notype,haggling/fruitville,1004,5,0.444444444444444
psrl_notype,haggling/fruitville,1004,6,0.705555555555555
psrl_notype,haggling/fruitville,1004,7,0.9666666666666661
psrl_notype,haggling/fruitville,1004,8,0.9666666666666661
psrl_notype,haggling/fruitville,1004,9,0.9833333333333327
psrl_notype,haggling/fruitville,1004,10,0.9833333333333327
psrl_notype,haggling/fruitville,1004,11,1.0722222222222215
psrl_notype,haggling/fruitville,1004,12,1.0888888888888881
psrl_notype,haggling/fruitville,1004,13,1.0888888888888881
psrl_notype,haggling/fruitville,1004,14,1.0888888888888881
psrl_notype,haggling/fruitville,1004,15,1.0888888888888881
psrl_notype,haggling/fruitville,1004,16,1.177777777777777
psrl_notype,haggling/fruitville,1004,17,1.177777777777777
psrl_notype,haggling/fruitville,1004,18,1.177777777777777
psrl_notype,haggling/fruitville,1004,19,1.2666666666666657
psrl_notype,haggling/fruitville,1004,20,1.3555555555555545
map_type_greedy,haggling/fruitville,1004,1,0.0888888888888888
map_type_greedy,haggling/fruitville,1004,2,0.0888888888888888
map_type_greedy,haggling/fruitville,1004,3,0.0888888888888888
map_type_greedy,haggling/fruitville,1004,4,0.0888888888888888
map_type_greedy,haggling/fruitville,1004,5,0.0888888888888888
map_type_greedy,haggling/fruitville,1004,6,0.0888888888888888
map_type_greedy,haggling/fruitville,1004,7,0.0888888888888888
map_type_greedy,haggling/fruitville,1004,8,0.0888888888888888
map_type_greedy,haggling/fruitville,1004,9,0.0888888888888888
map_type_greedy,haggling/fruitville,1004,10,0.0888888888888888
map_type_greedy,haggling/fruitville,1004,11,0.0888888888888888
map_type_greedy,haggling/fruitville,1004,12,0.0888888888888888
map_type_greedy,haggling/fruitville,1004,13,0.0888888888888888
map_type_greedy,haggling/fruitville,1004,14,0.0888888888888888
map_type_greedy,haggling/fruitville,1004,15,0.0888888888888888
map_type_greedy,haggling/fruitville,1004,16,0.0888888888888888
map_type_greedy,haggling/fruitville,1004,17,0.0888888888888888
map_type_greedy,haggling/fruitville,1004,18,0.0888888888888888
map_type_greedy,haggling/fruitville,1004,19,0.0888888888888888
map_type_greedy,haggling/fruitville,1004,20,0.0888888888888888
econ_bne,haggling/fruitville,1004,1,0.016666666666666607
econ_bne,haggling/fruitville,1004,2,0.033333333333333215
econ_bne,haggling/fruitville,1004,3,0.04999999999999982
econ_bne,haggling/fruitville,1004,4,0.06666666666666643
econ_bne,haggling/fruitville,1004,5,0.08333333333333304
econ_bne,haggling/fruitville,1004,6,0.09999999999999964
econ_bne,haggling/fruitville,1004,7,0.11666666666666625
econ_bne,haggling/fruitville,1004,8,0.13333333333333286
econ_bne,haggling/fruitville,1004,9,0.14999999999999947
econ_bne,haggling/fruitville,1004,10,0.16666666666666607
econ_bne,haggling/fruitville,1004,11,0.18333333333333268
econ_bne,haggling/fruitville,1004,12,0.1999999999999993
econ_bne,haggling/fruitville,1004,13,0.2166666666666659
econ_bne,haggling/fruitville,1004,14,0.2333333333333325
econ_bne,haggling/fruitville,1004,15,0.2499999999999991
econ_bne,haggling/fruitville,1004,16,0.2666666666666657
econ_bne,haggling/fruitville,1004,17,0.2833333333333323
econ_bne,haggling/fruitville,1004,18,0.29999999999999893
econ_bne,haggling/fruitville,1004,19,0.31666666666666554
econ_bne,haggling/fruitville,1004,20,0.33333333333333215
atom_tom1,haggling/fruitville,1004,1,0.26111111111111107
atom_tom1,haggling/fruitville,1004,2,0.5222222222222221
atom_tom1,haggling/fruitville,1004,3,0.7833333333333332
atom_tom1,haggling/fruitville,1004,4,1.0444444444444443
atom_tom1,haggling/fruitville,1004,5,1.3055555555555554
atom_tom1,haggling/fruitville,1004,6,1.5666666666666664
atom_tom1,haggling/fruitville,1004,7,1.8277777777777775
atom_tom1,haggling/fruitville,1004,8,2.0888888888888886
atom_tom1,haggling/fruitville,1004,9,2.3499999999999996
atom_tom1,haggling/fruitville,1004,10,2.6111111111111107
atom_tom1,haggling/fruitville,1004,11,2.872222222222222
atom_tom1,haggling/fruitville,1004,12,3.133333333333333
atom_tom1,haggling/fruitville,1004,13,3.394444444444444
atom_tom1,haggling/fruitville,1004,14,3.655555555555555
atom_tom1,haggling/fruitville,1004,15,3.916666666666666
atom_tom1,haggling/fruitville,1004,16,4.177777777777777
atom_tom1,haggling/fruitville,1004,17,4.438888888888888
atom_tom1,haggling/fruitville,1004,18,4.699999999999999
atom_tom1,haggling/fruitville,1004,19,4.96111111111111
atom_tom1,haggling/fruitville,1004,20,5.222222222222221
random,haggling/fruitville,1004,1,1.011111111111111
random,haggling/fruitville,1004,2,2.022222222222222
random,haggling/fruitville,1004,3,2.283333333333333
random,haggling/fruitville,1004,4,2.372222222222222
random,haggling/fruitville,1004,5,2.4611111111111104
random,haggling/fruitville,1004,6,3.4722222222222214
random,haggling/fruitville,1004,7,3.56111111111111
random,haggling/fruitville,1004,8,3.5777777777777766
random,haggling/fruitville,1004,9,3.594444444444443
random,haggling/fruitville,1004,10,3.594444444444443
random,haggling/fruitville,1004,11,3.8555555555555543
random,haggling/fruitville,1004,12,3.994444444444443
random,haggling/fruitville,1004,13,5.005555555555555
random,haggling/fruitville,1004,14,5.144444444444444
random,haggling/fruitville,1004,15,5.1611111111111105
random,haggling/fruitville,1004,16,6.172222222222222
random,haggling/fruitville,1004,17,6.31111111111111
random,haggling/fruitville,1004,18,7.322222222222221
random,haggling/fruitville,1004,19,7.41111111111111
random,haggling/fruitville,1004,20,7.499999999999998
pact,haggling/vegbrooke,1004,1,0.0
pact,haggling/vegbrooke,1004,2,0.29503105590062106
pact,haggling/vegbrooke,1004,3,0.29503105590062106
pact,haggling/vegbrooke,1004,4,0.4244306418219461
pact,haggling/vegbrooke,1004,5,0.4244306418219461
pact,haggling/vegbrooke,1004,6,0.4244306418219461
pact,haggling/vegbrooke,1004,7,0.4244306418219461
pact,haggling/vegbrooke,1004,8,0.4244306418219461
pact,haggling/vegbrooke,1004,9,0.4244306418219461
pact,haggling/vegbrooke,1004,10,0.4244306418219461
pact,haggling/vegbrooke,1004,11,0.4244306418219461
pact,haggling/vegbrooke,1004,12,0.4244306418219461
pact,haggling/vegbrooke,1004,13,0.4244306418219461
pact,haggling/vegbrooke,1004,14,0.4244306418219461
pact,haggling/vegbrooke,1004,15,0.4244306418219461
pact,haggling/vegbrooke,1004,16,0.4244306418219461
pact,haggling/vegbrooke,1004,17,0.4244306418219461
pact,haggling/vegbrooke,1004,18,0.4244306418219461
pact,haggling/vegbrooke,1004,19,0.4244306418219461
pact,haggling/vegbrooke,1004,20,0.4244306418219461
pact_plus,haggling/vegbrooke,1004,1,0.0
pact_plus,haggling/vegbrooke,1004,2,0.29503105590062106
pact_plus,haggling/vegbrooke,1004,3,0.29503105590062106
pact_plus,haggling/vegbrooke,1004,4,0.4244306418219461
pact_plus,haggling/vegbrooke,1004,5,0.4244306418219461
pact_plus,haggling/vegbrooke,1004,6,0.4244306418219461
pact_plus,haggling/vegbrooke,1004,7,0.4244306418219461
pact_plus,haggling/vegbrooke,1004,8,0.4244306418219461
pact_plus,haggling/vegbrooke,1004,9,0.4244306418219461
pact_plus,haggling/vegbrooke,1004,10,0.4244306418219461
pact_plus,haggling/vegbrooke,1004,11,0.4244306418219461
pact_plus,haggling/vegbrooke,1004,12,0.4244306418219461
pact_plus,haggling/vegbrooke,1004,13,0.4244306418219461
pact_plus,haggling/vegbrooke,1004,14,0.4244306418219461
pact_plus,haggling/vegbrooke,1004,15,0.4244306418219461
pact_plus,haggling/vegbrooke,1004,16,0.4244306418219461
pact_plus,haggling/vegbrooke,1004,17,0.4244306418219461
pact_plus,haggling/vegbrooke,1004,18,0.4244306418219461
pact_plus,haggling/vegbrooke,1004,19,0.4244306418219461
pact_plus,haggling/vegbrooke,1004,20,0.4244306418219461
joint_psrl_uniform,haggling/vegbrooke,1004,1,0.0
joint_psrl_uniform,haggling/vegbrooke,1004,2,0.29503105590062106
joint_psrl_uniform,haggling/vegbrooke,1004,3,0.29503105590062106
joint_psrl_uniform,haggling/vegbrooke,1004,4,0.29503105590062106
joint_psrl_uniform,haggling/vegbrooke,1004,5,0.29503105590062106
joint_psrl_uniform,haggling/vegbrooke,1004,6,0.29503105590062106
joint_psrl_uniform,haggling/vegbrooke,1004,7,0.29503105590062106
joint_psrl_uniform,haggling/vegbrooke,1004,8,0.29503105590062106
joint_psrl_uniform,haggling/vegbrooke,1004,9,0.29503105590062106
joint_psrl_uniform,haggling/vegbrooke,1004,10,0.29503105590062106
joint_psrl_uniform,haggling/vegbrooke,1004,11,0.4244306418219461
joint_psrl_uniform,haggling/vegbrooke,1004,12,0.4244306418219461
joint_psrl_uniform,haggling/vegbrooke,1004,13,0.4244306418219461
joint_psrl_uniform,haggling/vegbrooke,1004,14,0.4244306418219461
joint_psrl_uniform,haggling/vegbrooke,1004,15,0.4244306418219461
joint_psrl_uniform,haggling/vegbrooke,1004,16,0.4244306418219461
joint_psrl_uniform,haggling/vegbrooke,1004,17,0.4244306418219461
joint_psrl_uniform,haggling/vegbrooke,1004,18,0.4244306418219461
joint_psrl_uniform,haggling/vegbrooke,1004,19,0.4244306418219461
joint_psrl_uniform,haggling/vegbrooke,1004,20,0.4244306418219461
psrl_notype,haggling/vegbrooke,1004,1,0.0
psrl_notype,haggling/vegbrooke,1004,2,0.29503105590062106
psrl_notype,haggling/vegbrooke,1004,3,0.5900621118012421
psrl_notype,haggling/vegbrooke,1004,4,0.7194616977225672
psrl_notype,haggling/vegbrooke,1004,5,1.0144927536231882
psrl_notype,haggling/vegbrooke,1004,6,1.3095238095238093
psrl_notype,haggling/vegbrooke,1004,7,1.6045548654244304
psrl_notype,haggling/vegbrooke,1004,8,1.6045548654244304
psrl_notype,haggling/vegbrooke,1004,9,1.6045548654244304
psrl_notype,haggling/vegbrooke,1004,10,1.6045548654244304
psrl_notype,haggling/vegbrooke,1004,11,1.8995859213250514
psrl_notype,haggling/vegbrooke,1004,12,1.8995859213250514
psrl_notype,haggling/vegbrooke,1004,13,1.8995859213250514
psrl_notype,haggling/vegbrooke,1004,14,1.8995859213250514
psrl_notype,haggling/vegbrooke,1004,15,1.8995859213250514
psrl_notype,haggling/vegbrooke,1004,16,2.1946169772256727
psrl_notype,haggling/vegbrooke,1004,17,2.1946169772256727
psrl_notype,haggling/vegbrooke,1004,18,2.1946169772256727
psrl_notype,haggling/vegbrooke,1004,19,2.1946169772256727
psrl_notype,haggling/vegbrooke,1004,20,2.1946169772256727
map_type_greedy,haggling/vegbrooke,1004,1,0.29503105590062106
map_type_greedy,haggling/vegbrooke,1004,2,0.29503105590062106
map_type_greedy,haggling/vegbrooke,1004,3,0.29503105590062106
map_type_greedy,haggling/vegbrooke,1004,4,0.29503105590062106
map_type_greedy,haggling/vegbrooke,1004,5,0.29503105590062106
map_type_greedy,haggling/vegbrooke,1004,6,0.29503105590062106
map_type_greedy,haggling/vegbrooke,1004,7,0.29503105590062106
map_type_greedy,haggling/vegbrooke,1004,8,0.29503105590062106
map_type_greedy,haggling/vegbrooke,1004,9,0.29503105590062106
map_type_greedy,haggling/vegbrooke,1004,10,0.29503105590062106
map_type_greedy,haggling/vegbrooke,1004,11,0.29503105590062106
map_type_greedy,haggling/vegbrooke,1004,12,0.29503105590062106
map_type_greedy,haggling/vegbrooke,1004,13,0.29503105590062106
map_type_greedy,haggling/vegbrooke,1004,14,0.29503105590062106
map_type_greedy,haggling/vegbrooke,1004,15,0.29503105590062106
map_type_greedy,haggling/vegbrooke,1004,16,0.29503105590062106
map_type_greedy,haggling/vegbrooke,1004,17,0.29503105590062106
map_type_greedy,haggling/vegbrooke,1004,18,0.29503105590062106
map_type_greedy,haggling/vegbrooke,1004,19,0.29503105590062106
map_type_greedy,haggling/vegbrooke,1004,20,0.29503105590062106
econ_bne,haggling/vegbrooke,1004,1,0.0983436853002071
econ_bne,haggling/vegbrooke,1004,2,0.1966873706004142
econ_bne,haggling/vegbrooke,1004,3,0.2950310559006213
econ_bne,haggling/vegbrooke,1004,4,0.3933747412008284
econ_bne,haggling/vegbrooke,1004,5,0.4917184265010355
econ_bne,haggling/vegbrooke,1004,6,0.5900621118012426
econ_bne,haggling/vegbrooke,1004,7,0.6884057971014497
econ_bne,haggling/vegbrooke,1004,8,0.7867494824016568
econ_bne,haggling/vegbrooke,1004,9,0.8850931677018639
econ_bne,haggling/vegbrooke,1004,10,0.983436853002071
econ_bne,haggling/vegbrooke,1004,11,1.081780538302278
econ_bne,haggling/vegbrooke,1004,12,1.1801242236024851
econ_bne,haggling/vegbrooke,1004,13,1.2784679089026922
econ_bne,haggling/vegbrooke,1004,14,1.3768115942028993
econ_bne,haggling/vegbrooke,1004,15,1.4751552795031064
econ_bne,haggling/vegbrooke,1004,16,1.5734989648033135
econ_bne,haggling/vegbrooke,1004,17,1.6718426501035206
econ_bne,haggling/vegbrooke,1004,18,1.7701863354037277
econ_bne,haggling/vegbrooke,1004,19,1.8685300207039348
econ_bne,haggling/vegbrooke,1004,20,1.966873706004142
atom_tom1,haggling/vegbrooke,1004,1,0.0983436853002071
atom_tom1,haggling/vegbrooke,1004,2,0.1966873706004142
atom_tom1,haggling/vegbrooke,1004,3,0.2950310559006213
atom_tom1,haggling/vegbrooke,1004,4,0.3933747412008284
atom_tom1,haggling/vegbrooke,1004,5,0.4917184265010355
atom_tom1,haggling/vegbrooke,1004,6,0.5900621118012426
atom_tom1,haggling/vegbrooke,1004,7,0.6884057971014497
atom_tom1,haggling/vegbrooke,1004,8,0.7867494824016568
atom_tom1,haggling/vegbrooke,1004,9,0.8850931677018639
atom_tom1,haggling/vegbrooke,1004,10,0.983436853002071
atom_tom1,haggling/vegbrooke,1004,11,1.081780538302278
atom_tom1,haggling/vegbrooke,1004,12,1.1801242236024851
atom_tom1,haggling/vegbrooke,1004,13,1.2784679089026922
atom_tom1,haggling/vegbrooke,1004,14,1.3768115942028993
atom_tom1,haggling/vegbrooke,1004,15,1.4751552795031064
atom_tom1,haggling/vegbrooke,1004,16,1.5734989648033135
atom_tom1,haggling/vegbrooke,1004,17,1.6718426501035206
atom_tom1,haggling/vegbrooke,1004,18,1.7701863354037277
atom_tom1,haggling/vegbrooke,1004,19,1.8685300207039348
atom_tom1,haggling/vegbrooke,1004,20,1.966873706004142
random,haggling/vegbrooke,1004,1,0.4554865424430641
random,haggling/vegbrooke,1004,2,0.9109730848861282
random,haggling/vegbrooke,1004,3,1.2060041407867492
random,haggling/vegbrooke,1004,4,1.3354037267080743
random,haggling/vegbrooke,1004,5,1.4648033126293993
random,haggling/vegbrooke,1004,6,1.9202898550724634
random,haggling/vegbrooke,1004,7,2.0496894409937885
random,haggling/vegbrooke,1004,8,2.1480331262939956
random,haggling/vegbrooke,1004,9,2.2463768115942027
random,haggling/vegbrooke,1004,10,2.2463768115942027
random,haggling/vegbrooke,1004,11,2.541407867494824
random,haggling/vegbrooke,1004,12,2.738095238095238
random,haggling/vegbrooke,1004,13,3.1935817805383024
random,haggling/vegbrooke,1004,14,3.3902691511387166
random,haggling/vegbrooke,1004,15,3.4886128364389237
random,haggling/vegbrooke,1004,16,3.9440993788819876
random,haggling/vegbrooke,1004,17,4.140786749482402
random,haggling/vegbrooke,1004,18,4.596273291925466
random,haggling/vegbrooke,1004,19,4.725672877846791
random,haggling/vegbrooke,1004,20,4.855072463768116
pact,haggling_multi_item/vegbrooke,1004,1,0.0
pact,haggling_multi_item/vegbrooke,1004,2,0.1291208791208791
pact,haggling_multi_item/vegbrooke,1004,3,0.1291208791208791
pact,haggling_multi_item/vegbrooke,1004,4,0.1291208791208791
pact,haggling_multi_item/vegbrooke,1004,5,0.2582417582417582
pact,haggling_multi_item/vegbrooke,1004,6,0.2582417582417582
pact,haggling_multi_item/vegbrooke,1004,7,0.2582417582417582
pact,haggling_multi_item/vegbrooke,1004,8,0.2582417582417582
pact,haggling_multi_item/vegbrooke,1004,9,0.2582417582417582
pact,haggling_multi_item/vegbrooke,1004,10,0.2582417582417582
pact,haggling_multi_item/vegbrooke,1004,11,0.2582417582417582
pact,haggling_multi_item/vegbrooke,1004,12,0.2582417582417582
pact,haggling_multi_item/vegbrooke,1004,13,0.2582417582417582
pact,haggling_multi_item/vegbrooke,1004,14,0.2582417582417582
pact,haggling_multi_item/vegbrooke,1004,15,0.2582417582417582
pact,haggling_multi_item/vegbrooke,1004,16,0.2582417582417582
pact,haggling_multi_item/vegbrooke,1004,17,0.2582417582417582
pact,haggling_multi_item/vegbrooke,1004,18,0.2582417582417582
pact,haggling_multi_item/vegbrooke,1004,19,0.5631868131868131
pact,haggling_multi_item/vegbrooke,1004,20,0.5631868131868131
pact_plus,haggling_multi_item/vegbrooke,1004,1,0.0
pact_plus,haggling_multi_item/vegbrooke,1004,2,0.1291208791208791
pact_plus,haggling_multi_item/vegbrooke,1004,3,0.43406593406593397
pact_plus,haggling_multi_item/vegbrooke,1004,4,0.43406593406593397
pact_plus,haggling_multi_item/vegbrooke,1004,5,0.5631868131868131
pact_plus,haggling_multi_item/vegbrooke,1004,6,0.5631868131868131
pact_plus,haggling_multi_item/vegbrooke,1004,7,0.5631868131868131
pact_plus,haggling_multi_item/vegbrooke,1004,8,0.5631868131868131
pact_plus,haggling_multi_item/vegbrooke,1004,9,0.5631868131868131
pact_plus,haggling_multi_item/vegbrooke,1004,10,0.5631868131868131
pact_plus,haggling_multi_item/vegbrooke,1004,11,0.5631868131868131
pact_plus,haggling_multi_item/vegbrooke,1004,12,0.5631868131868131
pact_plus,haggling_multi_item/vegbrooke,1004,13,0.5631868131868131
pact_plus,haggling_multi_item/vegbrooke,1004,14,0.5631868131868131
pact_plus,haggling_multi_item/vegbrooke,1004,15,0.5631868131868131
pact_plus,haggling_multi_item/vegbrooke,1004,16,0.5631868131868131
pact_plus,haggling_multi_item/vegbrooke,1004,17,0.5631868131868131
pact_plus,haggling_multi_item/vegbrooke,1004,18,0.5631868131868131
pact_plus,haggling_multi_item/vegbrooke,1004,19,0.5631868131868131
pact_plus,haggling_multi_item/vegbrooke,1004,20,0.5631868131868131
joint_psrl_uniform,haggling_multi_item/vegbrooke,1004,1,0.0
joint_psrl_uniform,haggling_multi_item/vegbrooke,1004,2,0.0
joint_psrl_uniform,haggling_multi_item/vegbrooke,1004,3,0.0
joint_psrl_uniform,haggling_multi_item/vegbrooke,1004,4,0.1291208791208791
joint_psrl_uniform,haggling_multi_item/vegbrooke,1004,5,0.1291208791208791
joint_psrl_uniform,haggling_multi_item/vegbrooke,1004,6,0.1291208791208791
joint_psrl_uniform,haggling_multi_item/vegbrooke,1004,7,0.1291208791208791
joint_psrl_uniform,haggling_multi_item/vegbrooke,1004,8,0.1291208791208791
joint_psrl_uniform,haggling_multi_item/vegbrooke,1004,9,0.2582417582417582
joint_psrl_uniform,haggling_multi_item/vegbrooke,1004,10,0.2582417582417582
joint_psrl_uniform,haggling_multi_item/vegbrooke,1004,11,0.2582417582417582
joint_psrl_uniform,haggling_multi_item/vegbrooke,1004,12,0.2582417582417582
joint_psrl_uniform,haggling_multi_item/vegbrooke,1004,13,0.2582417582417582
joint_psrl_uniform,haggling_multi_item/vegbrooke,1004,14,0.2582417582417582
joint_psrl_uniform,haggling_multi_item/vegbrooke,1004,15,0.2582417582417582
joint_psrl_uniform,haggling_multi_item/vegbrooke,1004,16,0.2582417582417582
joint_psrl_uniform,haggling_multi_item/vegbrooke,1004,17,0.2582417582417582
joint_psrl_uniform,haggling_multi_item/vegbrooke,1004,18,0.2582417582417582
joint_psrl_uniform,haggling_multi_item/vegbrooke,1004,19,0.2582417582417582
joint_psrl_uniform,haggling_multi_item/vegbrooke,1004,20,0.2582417582417582
psrl_notype,haggling_multi_item/vegbrooke,1004,1,0.1291208791208791
psrl_notype,haggling_multi_item/vegbrooke,1004,2,0.2582417582417582
psrl_notype,haggling_multi_item/vegbrooke,1004,3,0.3873626373626373
psrl_notype,haggling_multi_item/vegbrooke,1004,4,0.5164835164835164
psrl_notype,haggling_multi_item/vegbrooke,1004,5,0.6456043956043955
psrl_notype,haggling_multi_item/vegbrooke,1004,6,0.9505494505494504
psrl_notype,haggling_multi_item/vegbrooke,1004,7,1.2554945054945053
psrl_notype,haggling_multi_item/vegbrooke,1004,8,1.2554945054945053
psrl_notype,haggling_multi_item/vegbrooke,1004,9,1.2554945054945053
psrl_notype,haggling_multi_item/vegbrooke,1004,10,1.2554945054945053
psrl_notype,haggling_multi_item/vegbrooke,1004,11,1.3846153846153844
psrl_notype,haggling_multi_item/vegbrooke,1004,12,1.3846153846153844
psrl_notype,haggling_multi_item/vegbrooke,1004,13,1.3846153846153844
psrl_notype,haggling_multi_item/vegbrooke,1004,14,1.3846153846153844
psrl_notype,haggling_multi_item/vegbrooke,1004,15,1.3846153846153844
psrl_notype,haggling_multi_item/vegbrooke,1004,16,1.5137362637362635
psrl_notype,haggling_multi_item/vegbrooke,1004,17,1.5137362637362635
psrl_notype,haggling_multi_item/vegbrooke,1004,18,1.5137362637362635
psrl_notype,haggling_multi_item/vegbrooke,1004,19,1.6428571428571426
psrl_notype,haggling_multi_item/vegbrooke,1004,20,1.7719780219780217
map_type_greedy,haggling_multi_item/vegbrooke,1004,1,0.1291208791208791
map_type_greedy,haggling_multi_item/vegbrooke,1004,2,0.1291208791208791
map_type_greedy,haggling_multi_item/vegbrooke,1004,3,0.1291208791208791
map_type_greedy,haggling_multi_item/vegbrooke,1004,4,0.1291208791208791
map_type_greedy,haggling_multi_item/vegbrooke,1004,5,0.1291208791208791
map_type_greedy,haggling_multi_item/vegbrooke,1004,6,0.1291208791208791
map_type_greedy,haggling_multi_item/vegbrooke,1004,7,0.1291208791208791
map_type_greedy,haggling_multi_item/vegbrooke,1004,8,0.1291208791208791
map_type_greedy,haggling_multi_item/vegbrooke,1004,9,0.1291208791208791
map_type_greedy,haggling_multi_item/vegbrooke,1004,10,0.1291208791208791
map_type_greedy,haggling_multi_item/vegbrooke,1004,11,0.1291208791208791
map_type_greedy,haggling_multi_item/vegbrooke,1004,12,0.1291208791208791
map_type_greedy,haggling_multi_item/vegbrooke,1004,13,0.1291208791208791
map_type_greedy,haggling_multi_item/vegbrooke,1004,14,0.1291208791208791
map_type_greedy,haggling_multi_item/vegbrooke,1004,15,0.1291208791208791
map_type_greedy,haggling_multi_item/vegbrooke,1004,16,0.1291208791208791
map_type_greedy,haggling_multi_item/vegbrooke,1004,17,0.1291208791208791
map_type_greedy,haggling_multi_item/vegbrooke,1004,18,0.1291208791208791
map_type_greedy,haggling_multi_item/vegbrooke,1004,19,0.1291208791208791
map_type_greedy,haggling_multi_item/vegbrooke,1004,20,0.1291208791208791
econ_bne,haggling_multi_item/vegbrooke,1004,1,0.10164835164835151
econ_bne,haggling_multi_item/vegbrooke,1004,2,0.20329670329670302
econ_bne,haggling_multi_item/vegbrooke,1004,3,0.30494505494505453
econ_bne,haggling_multi_item/vegbrooke,1004,4,0.40659340659340604
econ_bne,haggling_multi_item/vegbrooke,1004,5,0.5082417582417575
econ_bne,haggling_multi_item/vegbrooke,1004,6,0.6098901098901091
econ_bne,haggling_multi_item/vegbrooke,1004,7,0.7115384615384606
econ_bne,haggling_multi_item/vegbrooke,1004,8,0.8131868131868121
econ_bne,haggling_multi_item/vegbrooke,1004,9,0.9148351648351636
econ_bne,haggling_multi_item/vegbrooke,1004,10,1.016483516483515
econ_bne,haggling_multi_item/vegbrooke,1004,11,1.1181318681318666
econ_bne,haggling_multi_item/vegbrooke,1004,12,1.2197802197802181
econ_bne,haggling_multi_item/vegbrooke,1004,13,1.3214285714285696
econ_bne,haggling_multi_item/vegbrooke,1004,14,1.4230769230769211
econ_bne,haggling_multi_item/vegbrooke,1004,15,1.5247252747252726
econ_bne,haggling_multi_item/vegbrooke,1004,16,1.6263736263736241
econ_bne,haggling_multi_item/vegbrooke,1004,17,1.7280219780219757
econ_bne,haggling_multi_item/vegbrooke,1004,18,1.8296703296703272
econ_bne,haggling_multi_item/vegbrooke,1004,19,1.9313186813186787
econ_bne,haggling_multi_item/vegbrooke,1004,20,2.03296703296703
atom_tom1,haggling_multi_item/vegbrooke,1004,1,0.20329670329670324
atom_tom1,haggling_multi_item/vegbrooke,1004,2,0.4065934065934065
atom_tom1,haggling_multi_item/vegbrooke,1004,3,0.6098901098901097
atom_tom1,haggling_multi_item/vegbrooke,1004,4,0.813186813186813
atom_tom1,haggling_multi_item/vegbrooke,1004,5,1.0164835164835162
atom_tom1,haggling_multi_item/vegbrooke,1004,6,1.2197802197802194
atom_tom1,haggling_multi_item/vegbrooke,1004,7,1.4230769230769227
atom_tom1,haggling_multi_item/vegbrooke,1004,8,1.626373626373626
atom_tom1,haggling_multi_item/vegbrooke,1004,9,1.8296703296703292
atom_tom1,haggling_multi_item/vegbrooke,1004,10,2.0329670329670324
atom_tom1,haggling_multi_item/vegbrooke,1004,11,2.2362637362637354
atom_tom1,haggling_multi_item/vegbrooke,1004,12,2.439560439560439
atom_tom1,haggling_multi_item/vegbrooke,1004,13,2.6428571428571423
atom_tom1,haggling_multi_item/vegbrooke,1004,14,2.846153846153846
atom_tom1,haggling_multi_item/vegbrooke,1004,15,3.0494505494505493
atom_tom1,haggling_multi_item/vegbrooke,1004,16,3.2527472527472527
atom_tom1,haggling_multi_item/vegbrooke,1004,17,3.456043956043956
atom_tom1,haggling_multi_item/vegbrooke,1004,18,3.6593406593406597
atom_tom1,haggling_multi_item/vegbrooke,1004,19,3.862637362637363
atom_tom1,haggling_multi_item/vegbrooke,1004,20,4.065934065934067
random,haggling_multi_item/vegbrooke,1004,1,0.21703296703296693
random,haggling_multi_item/vegbrooke,1004,2,0.544642857142857
random,haggling_multi_item/vegbrooke,1004,3,1.209478021978022
random,haggling_multi_item/vegbrooke,1004,4,1.8743131868131866
random,haggling_multi_item/vegbrooke,1004,5,2.2019230769230766
random,haggling_multi_item/vegbrooke,1004,6,2.8667582417582413
random,haggling_multi_item/vegbrooke,1004,7,3.1298076923076916
random,haggling_multi_item/vegbrooke,1004,8,3.3282967032967026
random,haggling_multi_item/vegbrooke,1004,9,3.5267857142857135
random,haggling_multi_item/vegbrooke,1004,10,4.191620879120879
random,haggling_multi_item/vegbrooke,1004,11,4.856456043956044
random,haggling_multi_item/vegbrooke,1004,12,5.521291208791209
random,haggling_multi_item/vegbrooke,1004,13,6.186126373626374
random,haggling_multi_item/vegbrooke,1004,14,6.850961538461539
random,haggling_multi_item/vegbrooke,1004,15,7.11401098901099
random,haggling_multi_item/vegbrooke,1004,16,7.432692307692308
random,haggling_multi_item/vegbrooke,1004,17,8.097527472527473
random,haggling_multi_item/vegbrooke,1004,18,8.360576923076923
random,haggling_multi_item/vegbrooke,1004,19,9.025412087912088
random,haggling_multi_item/vegbrooke,1004,20,9.690247252747252
pact,haggling_multi_item/fruitville_multi,1004,1,0.0
pact,haggling_multi_item/fruitville_multi,1004,2,0.15384615384615374
pact,haggling_multi_item/fruitville_multi,1004,3,0.15384615384615374
pact,haggling_multi_item/fruitville_multi,1004,4,0.3076923076923075
pact,haggling_multi_item/fruitville_multi,1004,5,0.46153846153846123
pact,haggling_multi_item/fruitville_multi,1004,6,0.46153846153846123
pact,haggling_multi_item/fruitville_multi,1004,7,0.46153846153846123
pact,haggling_multi_item/fruitville_multi,1004,8,0.46153846153846123
pact,haggling_multi_item/fruitville_multi,1004,9,0.46153846153846123
pact,haggling_multi_item/fruitville_multi,1004,10,0.46153846153846123
pact,haggling_multi_item/fruitville_multi,1004,11,0.46153846153846123
pact,haggling_multi_item/fruitville_multi,1004,12,0.46153846153846123
pact,haggling_multi_item/fruitville_multi,1004,13,0.46153846153846123
pact,haggling_multi_item/fruitville_multi,1004,14,0.46153846153846123
pact,haggling_multi_item/fruitville_multi,1004,15,0.46153846153846123
pact,haggling_multi_item/fruitville_multi,1004,16,0.46153846153846123
pact,haggling_multi_item/fruitville_multi,1004,17,0.46153846153846123
pact,haggling_multi_item/fruitville_multi,1004,18,0.46153846153846123
pact,haggling_multi_item/fruitville_multi,1004,19,0.46153846153846123
pact,haggling_multi_item/fruitville_multi,1004,20,0.46153846153846123
pact_plus,haggling_multi_item/fruitville_multi,1004,1,0.0
pact_plus,haggling_multi_item/fruitville_multi,1004,2,0.15384615384615374
pact_plus,haggling_multi_item/fruitville_multi,1004,3,0.3076923076923075
pact_plus,haggling_multi_item/fruitville_multi,1004,4,0.3076923076923075
pact_plus,haggling_multi_item/fruitville_multi,1004,5,0.3076923076923075
pact_plus,haggling_multi_item/fruitville_multi,1004,6,0.3076923076923075
pact_plus,haggling_multi_item/fruitville_multi,1004,7,0.3076923076923075
pact_plus,haggling_multi_item/fruitville_multi,1004,8,0.3076923076923075
pact_plus,haggling_multi_item/fruitville_multi,1004,9,0.3076923076923075
pact_plus,haggling_multi_item/fruitville_multi,1004,10,0.3076923076923075
pact_plus,haggling_multi_item/fruitville_multi,1004,11,0.3076923076923075
pact_plus,haggling_multi_item/fruitville_multi,1004,12,0.3076923076923075
pact_plus,haggling_multi_item/fruitville_multi,1004,13,0.3076923076923075
pact_plus,haggling_multi_item/fruitville_multi,1004,14,0.3076923076923075
pact_plus,haggling_multi_item/fruitville_multi,1004,15,0.3076923076923075
pact_plus,haggling_multi_item/fruitville_multi,1004,16,0.3076923076923075
pact_plus,haggling_multi_item/fruitville_multi,1004,17,0.3076923076923075
pact_plus,haggling_multi_item/fruitville_multi,1004,18,0.3076923076923075
pact_plus,haggling_multi_item/fruitville_multi,1004,19,0.3076923076923075
pact_plus,haggling_multi_item/fruitville_multi,1004,20,0.3076923076923075
joint_psrl_uniform,haggling_multi_item/fruitville_multi,1004,1,0.0
joint_psrl_uniform,haggling_multi_item/fruitville_multi,1004,2,0.15384615384615374
joint_psrl_uniform,haggling_multi_item/fruitville_multi,1004,3,0.15384615384615374
joint_psrl_uniform,haggling_multi_item/fruitville_multi,1004,4,0.15384615384615374
joint_psrl_uniform,haggling_multi_item/fruitville_multi,1004,5,0.15384615384615374
joint_psrl_uniform,haggling_multi_item/fruitville_multi,1004,6,0.15384615384615374
joint_psrl_uniform,haggling_multi_item/fruitville_multi,1004,7,0.15384615384615374
joint_psrl_uniform,haggling_multi_item/fruitville_multi,1004,8,0.15384615384615374
joint_psrl_uniform,haggling_multi_item/fruitville_multi,1004,9,0.15384615384615374
joint_psrl_uniform,haggling_multi_item/fruitville_multi,1004,10,0.15384615384615374
joint_psrl_uniform,haggling_multi_item/fruitville_multi,1004,11,0.15384615384615374
joint_psrl_uniform,haggling_multi_item/fruitville_multi,1004,12,0.15384615384615374
joint_psrl_uniform,haggling_multi_item/fruitville_multi,1004,13,0.15384615384615374
joint_psrl_uniform,haggling_multi_item/fruitville_multi,1004,14,0.15384615384615374
joint_psrl_uniform,haggling_multi_item/fruitville_multi,1004,15,0.15384615384615374
joint_psrl_uniform,haggling_multi_item/fruitville_multi,1004,16,0.15384615384615374
joint_psrl_uniform,haggling_multi_item/fruitville_multi,1004,17,0.15384615384615374
joint_psrl_uniform,haggling_multi_item/fruitville_multi,1004,18,0.15384615384615374
joint_psrl_uniform,haggling_multi_item/fruitville_multi,1004,19,0.15384615384615374
joint_psrl_uniform,haggling_multi_item/fruitville_multi,1004,20,0.15384615384615374
psrl_notype,haggling_multi_item/fruitville_multi,1004,1,0.0
psrl_notype,haggling_multi_item/fruitville_multi,1004,2,0.15384615384615374
psrl_notype,haggling_multi_item/fruitville_multi,1004,3,0.3076923076923075
psrl_notype,haggling_multi_item/fruitville_multi,1004,4,0.46153846153846123
psrl_notype,haggling_multi_item/fruitville_multi,1004,5,0.615384615384615
psrl_notype,haggling_multi_item/fruitville_multi,1004,6,0.7692307692307687
psrl_notype,haggling_multi_item/fruitville_multi,1004,7,0.9230769230769225
psrl_notype,haggling_multi_item/fruitville_multi,1004,8,0.9230769230769225
psrl_notype,haggling_multi_item/fruitville_multi,1004,9,0.9230769230769225
psrl_notype,haggling_multi_item/fruitville_multi,1004,10,0.9230769230769225
psrl_notype,haggling_multi_item/fruitville_multi,1004,11,1.0769230769230762
psrl_notype,haggling_multi_item/fruitville_multi,1004,12,1.0769230769230762
psrl_notype,haggling_multi_item/fruitville_multi,1004,13,1.0769230769230762
psrl_notype,haggling_multi_item/fruitville_multi,1004,14,1.0769230769230762
psrl_notype,haggling_multi_item/fruitville_multi,1004,15,1.0769230769230762
psrl_notype,haggling_multi_item/fruitville_multi,1004,16,1.23076923076923
psrl_notype,haggling_multi_item/fruitville_multi,1004,17,1.23076923076923
psrl_notype,haggling_multi_item/fruitville_multi,1004,18,1.23076923076923
psrl_notype,haggling_multi_item/fruitville_multi,1004,19,1.23076923076923
psrl_notype,haggling_multi_item/fruitville_multi,1004,20,1.23076923076923
map_type_greedy,haggling_multi_item/fruitville_multi,1004,1,0.15384615384615374
map_type_greedy,haggling_multi_item/fruitville_multi,1004,2,0.15384615384615374
map_type_greedy,haggling_multi_item/fruitville_multi,1004,3,0.15384615384615374
map_type_greedy,haggling_multi_item/fruitville_multi,1004,4,0.15384615384615374
map_type_greedy,haggling_multi_item/fruitville_multi,1004,5,0.15384615384615374
map_type_greedy,haggling_multi_item/fruitville_multi,1004,6,0.15384615384615374
map_type_greedy,haggling_multi_item/fruitville_multi,1004,7,0.15384615384615374
map_type_greedy,haggling_multi_item/fruitville_multi,1004,8,0.15384615384615374
map_type_greedy,haggling_multi_item/fruitville_multi,1004,9,0.15384615384615374
map_type_greedy,haggling_multi_item/fruitville_multi,1004,10,0.15384615384615374
map_type_greedy,haggling_multi_item/fruitville_multi,1004,11,0.15384615384615374
map_type_greedy,haggling_multi_item/fruitville_multi,1004,12,0.15384615384615374
map_type_greedy,haggling_multi_item/fruitville_multi,1004,13,0.15384615384615374
map_type_greedy,haggling_multi_item/fruitville_multi,1004,14,0.15384615384615374
map_type_greedy,haggling_multi_item/fruitville_multi,1004,15,0.15384615384615374
map_type_greedy,haggling_multi_item/fruitville_multi,1004,16,0.15384615384615374
map_type_greedy,haggling_multi_item/fruitville_multi,1004,17,0.15384615384615374
map_type_greedy,haggling_multi_item/fruitville_multi,1004,18,0.15384615384615374
map_type_greedy,haggling_multi_item/fruitville_multi,1004,19,0.15384615384615374
map_type_greedy,haggling_multi_item/fruitville_multi,1004,20,0.15384615384615374
econ_bne,haggling_multi_item/fruitville_multi,1004,1,0.0
econ_bne,haggling_multi_item/fruitville_multi,1004,2,0.0
econ_bne,haggling_multi_item/fruitville_multi,1004,3,0.0
econ_bne,haggling_multi_item/fruitville_multi,1004,4,0.0
econ_bne,haggling_multi_item/fruitville_multi,1004,5,0.0
econ_bne,haggling_multi_item/fruitville_multi,1004,6,0.0
econ_bne,haggling_multi_item/fruitville_multi,1004,7,0.0
econ_bne,haggling_multi_item/fruitville_multi,1004,8,0.0
econ_bne,haggling_multi_item/fruitville_multi,1004,9,0.0
econ_bne,haggling_multi_item/fruitville_multi,1004,10,0.0
econ_bne,haggling_multi_item/fruitville_multi,1004,11,0.0
econ_bne,haggling_multi_item/fruitville_multi,1004,12,0.0
econ_bne,haggling_multi_item/fruitville_multi,1004,13,0.0
econ_bne,haggling_multi_item/fruitville_multi,1004,14,0.0
econ_bne,haggling_multi_item/fruitville_multi,1004,15,0.0
econ_bne,haggling_multi_item/fruitville_multi,1004,16,0.0
econ_bne,haggling_multi_item/fruitville_multi,1004,17,0.0
econ_bne,haggling_multi_item/fruitville_multi,1004,18,0.0
econ_bne,haggling_multi_item/fruitville_multi,1004,19,0.0
econ_bne,haggling_multi_item/fruitville_multi,1004,20,0.0
atom_tom1,haggling_multi_item/fruitville_multi,1004,1,0.3846153846153846
atom_tom1,haggling_multi_item/fruitville_multi,1004,2,0.7692307692307692
atom_tom1,haggling_multi_item/fruitville_multi,1004,3,1.1538461538461537
atom_tom1,haggling_multi_item/fruitville_multi,1004,4,1.5384615384615383
atom_tom1,haggling_multi_item/fruitville_multi,1004,5,1.923076923076923
atom_tom1,haggling_multi_item/fruitville_multi,1004,6,2.3076923076923075
atom_tom1,haggling_multi_item/fruitville_multi,1004,7,2.692307692307692
atom_tom1,haggling_multi_item/fruitville_multi,1004,8,3.0769230769230766
atom_tom1,haggling_multi_item/fruitville_multi,1004,9,3.4615384615384612
atom_tom1,haggling_multi_item/fruitville_multi,1004,10,3.846153846153846
atom_tom1,haggling_multi_item/fruitville_multi,1004,11,4.23076923076923
atom_tom1,haggling_multi_item/fruitville_multi,1004,12,4.615384615384615
atom_tom1,haggling_multi_item/fruitville_multi,1004,13,5.0
atom_tom1,haggling_multi_item/fruitville_multi,1004,14,5.384615384615385
atom_tom1,haggling_multi_item/fruitville_multi,1004,15,5.76923076923077
atom_tom1,haggling_multi_item/fruitville_multi,1004,16,6.153846153846155
atom_tom1,haggling_multi_item/fruitville_multi,1004,17,6.53846153846154
atom_tom1,haggling_multi_item/fruitville_multi,1004,18,6.923076923076925
atom_tom1,haggling_multi_item/fruitville_multi,1004,19,7.30769230769231
atom_tom1,haggling_multi_item/fruitville_multi,1004,20,7.692307692307695
random,haggling_multi_item/fruitville_multi,1004,1,0.0
random,haggling_multi_item/fruitville_multi,1004,2,0.46153846153846145
random,haggling_multi_item/fruitville_multi,1004,3,1.192307692307692
random,haggling_multi_item/fruitville_multi,1004,4,1.923076923076923
random,haggling_multi_item/fruitville_multi,1004,5,2.0769230769230766
random,haggling_multi_item/fruitville_multi,1004,6,2.8076923076923075
random,haggling_multi_item/fruitville_multi,1004,7,2.884615384615384
random,haggling_multi_item/fruitville_multi,1004,8,3.1923076923076916
random,haggling_multi_item/fruitville_multi,1004,9,3.499999999999999
random,haggling_multi_item/fruitville_multi,1004,10,4.23076923076923
random,haggling_multi_item/fruitville_multi,1004,11,4.961538461538461
random,haggling_multi_item/fruitville_multi,1004,12,5.692307692307692
random,haggling_multi_item/fruitville_multi,1004,13,6.4230769230769225
random,haggling_multi_item/fruitville_multi,1004,14,7.153846153846153
random,haggling_multi_item/fruitville_multi,1004,15,7.538461538461538
random,haggling_multi_item/fruitville_multi,1004,16,7.923076923076923
random,haggling_multi_item/fruitville_multi,1004,17,8.653846153846153
random,haggling_multi_item/fruitville_multi,1004,18,9.038461538461538
random,haggling_multi_item/fruitville_multi,1004,19,9.769230769230768
random,haggling_multi_item/fruitville_multi,1004,20,10.499999999999998
