phase,H,n,m,seed,agent,true_type,first_turn,censored,rho_action,first_episode
type_horizon,1,3,4,2000,0,1,6.0,False,0.07433819726669055,6
type_horizon,1,3,4,2000,1,2,4.0,False,0.07433819726669055,4
type_horizon,1,3,4,2000,2,1,38.0,False,0.07433819726669055,38
type_horizon,1,3,4,2001,0,0,3.0,False,0.07433819726669055,3
type_horizon,1,3,4,2001,1,1,10.0,False,0.07433819726669055,10
type_horizon,1,3,4,2001,2,3,3.0,False,0.07433819726669055,3
type_horizon,1,3,4,2002,0,2,5.0,False,0.07433819726669055,5
type_horizon,1,3,4,2002,1,2,4.0,False,0.07433819726669055,4
type_horizon,1,3,4,2002,2,3,9.0,False,0.07433819726669055,9
type_horizon,1,3,4,2003,0,3,7.0,False,0.07433819726669055,7
type_horizon,1,3,4,2003,1,1,8.0,False,0.07433819726669055,8
type_horizon,1,3,4,2003,2,0,12.0,False,0.07433819726669055,12
type_horizon,1,3,4,2004,0,2,4.0,False,0.07433819726669055,4
type_horizon,1,3,4,2004,1,3,6.0,False,0.07433819726669055,6
type_horizon,1,3,4,2004,2,1,7.0,False,0.07433819726669055,7
type_horizon,1,3,4,2005,0,1,6.0,False,0.07433819726669055,6
type_horizon,1,3,4,2005,1,3,5.0,False,0.07433819726669055,5
type_horizon,1,3,4,2005,2,0,5.0,False,0.07433819726669055,5
type_horizon,1,3,4,2006,0,0,6.0,False,0.07433819726669055,6
type_horizon,1,3,4,2006,1,2,5.0,False,0.07433819726669055,5
type_horizon,1,3,4,2006,2,1,6.0,False,0.07433819726669055,6
type_horizon,1,3,4,2007,0,3,1.0,False,0.07433819726669055,1
type_horizon,1,3,4,2007,1,1,8.0,False,0.07433819726669055,8
type_horizon,1,3,4,2007,2,0,5.0,False,0.07433819726669055,5
type_horizon,1,3,4,2008,0,1,7.0,False,0.07433819726669055,7
type_horizon,1,3,4,2008,1,0,15.0,False,0.07433819726669055,15
type_horizon,1,3,4,2008,2,1,8.0,False,0.07433819726669055,8
type_horizon,1,3,4,2009,0,0,29.0,False,0.07433819726669055,29
type_horizon,1,3,4,2009,1,1,21.0,False,0.07433819726669055,21
type_horizon,1,3,4,2009,2,3,2.0,False,0.07433819726669055,2
type_horizon,1,3,4,2010,0,2,11.0,False,0.07433819726669055,11
type_horizon,1,3,4,2010,1,1,7.0,False,0.07433819726669055,7
type_horizon,1,3,4,2010,2,3,2.0,False,0.07433819726669055,2
type_horizon,1,3,4,2011,0,2,5.0,False,0.07433819726669055,5
type_horizon,1,3,4,2011,1,3,1.0,False,0.07433819726669055,1
type_horizon,1,3,4,2011,2,3,1.0,False,0.07433819726669055,1
type_horizon,1,3,4,2012,0,0,8.0,False,0.07433819726669055,8
type_horizon,1,3,4,2012,1,0,12.0,False,0.07433819726669055,12
type_horizon,1,3,4,2012,2,0,14.0,False,0.07433819726669055,14
type_horizon,1,3,4,2013,0,1,6.0,False,0.07433819726669055,6
type_horizon,1,3,4,2013,1,3,1.0,False,0.07433819726669055,1
type_horizon,1,3,4,2013,2,0,6.0,False,0.07433819726669055,6
type_horizon,1,3,4,2014,0,3,3.0,False,0.07433819726669055,3
type_horizon,1,3,4,2014,1,2,3.0,False,0.07433819726669055,3
type_horizon,1,3,4,2014,2,0,25.0,False,0.07433819726669055,25
type_horizon,1,3,4,2015,0,0,2.0,False,0.07433819726669055,2
type_horizon,1,3,4,2015,1,2,3.0,False,0.07433819726669055,3
type_horizon,1,3,4,2015,2,1,12.0,False,0.07433819726669055,12
type_horizon,1,3,4,2016,0,3,2.0,False,0.07433819726669055,2
type_horizon,1,3,4,2016,1,3,4.0,False,0.07433819726669055,4
type_horizon,1,3,4,2016,2,3,1.0,False,0.07433819726669055,1
type_horizon,1,3,4,2017,0,3,1.0,False,0.07433819726669055,1
type_horizon,1,3,4,2017,1,0,8.0,False,0.07433819726669055,8
type_horizon,1,3,4,2017,2,0,6.0,False,0.07433819726669055,6
type_horizon,1,3,4,2018,0,3,5.0,False,0.07433819726669055,5
type_horizon,1,3,4,2018,1,1,8.0,False,0.07433819726669055,8
type_horizon,1,3,4,2018,2,0,12.0,False,0.07433819726669055,12
type_horizon,1,3,4,2019,0,2,6.0,False,0.07433819726669055,6
type_horizon,1,3,4,2019,1,3,1.0,False,0.07433819726669055,1
type_horizon,1,3,4,2019,2,2,4.0,False,0.07433819726669055,4
type_horizon,1,3,4,2020,0,3,5.0,False,0.07433819726669055,5
type_horizon,1,3,4,2020,1,3,2.0,False,0.07433819726669055,2
type_horizon,1,3,4,2020,2,1,7.0,False,0.07433819726669055,7
type_horizon,1,3,4,2021,0,1,33.0,False,0.07433819726669055,33
type_horizon,1,3,4,2021,1,3,2.0,False,0.07433819726669055,2
type_horizon,1,3,4,2021,2,1,6.0,False,0.07433819726669055,6
type_horizon,1,3,4,2022,0,3,1.0,False,0.07433819726669055,1
type_horizon,1,3,4,2022,1,0,3.0,False,0.07433819726669055,3
type_horizon,1,3,4,2022,2,3,8.0,False,0.07433819726669055,8
type_horizon,1,3,4,2023,0,2,5.0,False,0.07433819726669055,5
type_horizon,1,3,4,2023,1,0,3.0,False,0.07433819726669055,3
type_horizon,1,3,4,2023,2,0,35.0,False,0.07433819726669055,35
type_horizon,1,3,4,2024,0,1,18.0,False,0.07433819726669055,18
type_horizon,1,3,4,2024,1,3,3.0,False,0.07433819726669055,3
type_horizon,1,3,4,2024,2,0,13.0,False,0.07433819726669055,13
type_horizon,1,3,4,2025,0,0,7.0,False,0.07433819726669055,7
type_horizon,1,3,4,2025,1,2,5.0,False,0.07433819726669055,5
type_horizon,1,3,4,2025,2,2,6.0,False,0.07433819726669055,6
type_horizon,1,3,4,2026,0,1,7.0,False,0.07433819726669055,7
type_horizon,1,3,4,2026,1,3,5.0,False,0.07433819726669055,5
type_horizon,1,3,4,2026,2,0,4.0,False,0.07433819726669055,4
type_horizon,1,3,4,2027,0,1,7.0,False,0.07433819726669055,7
type_horizon,1,3,4,2027,1,0,7.0,False,0.07433819726669055,7
type_horizon,1,3,4,2027,2,0,14.0,False,0.07433819726669055,14
type_horizon,1,3,4,2028,0,1,8.0,False,0.07433819726669055,8
type_horizon,1,3,4,2028,1,1,9.0,False,0.07433819726669055,9
type_horizon,1,3,4,2028,2,3,3.0,False,0.07433819726669055,3
type_horizon,1,3,4,2029,0,1,6.0,False,0.07433819726669055,6
type_horizon,1,3,4,2029,1,1,11.0,False,0.07433819726669055,11
type_horizon,1,3,4,2029,2,3,3.0,False,0.07433819726669055,3
type_horizon,1,3,4,2030,0,0,9.0,False,0.07433819726669055,9
type_horizon,1,3,4,2030,1,1,6.0,False,0.07433819726669055,6
type_horizon,1,3,4,2030,2,2,5.0,False,0.07433819726669055,5
type_horizon,1,3,4,2031,0,3,2.0,False,0.07433819726669055,2
type_horizon,1,3,4,2031,1,2,6.0,False,0.07433819726669055,6
type_horizon,1,3,4,2031,2,0,2.0,False,0.07433819726669055,2
type_horizon,1,3,4,2032,0,1,7.0,False,0.07433819726669055,7
type_horizon,1,3,4,2032,1,1,6.0,False,0.07433819726669055,6
type_horizon,1,3,4,2032,2,2,4.0,False,0.07433819726669055,4
type_horizon,1,3,4,2033,0,3,11.0,False,0.07433819726669055,11
type_horizon,1,3,4,2033,1,2,4.0,False,0.07433819726669055,4
type_horizon,1,3,4,2033,2,0,10.0,False,0.07433819726669055,10
type_horizon,1,3,4,2034,0,0,25.0,False,0.07433819726669055,25
type_horizon,1,3,4,2034,1,3,2.0,False,0.07433819726669055,2
type_horizon,1,3,4,2034,2,2,4.0,False,0.07433819726669055,4
type_horizon,1,3,4,2035,0,2,6.0,False,0.07433819726669055,6
type_horizon,1,3,4,2035,1,3,1.0,False,0.07433819726669055,1
type_horizon,1,3,4,2035,2,2,4.0,False,0.07433819726669055,4
type_horizon,1,3,4,2036,0,0,3.0,False,0.07433819726669055,3
type_horizon,1,3,4,2036,1,1,6.0,False,0.07433819726669055,6
type_horizon,1,3,4,2036,2,1,8.0,False,0.07433819726669055,8
type_horizon,1,3,4,2037,0,2,3.0,False,0.07433819726669055,3
type_horizon,1,3,4,2037,1,0,4.0,False,0.07433819726669055,4
type_horizon,1,3,4,2037,2,3,2.0,False,0.07433819726669055,2
type_horizon,1,3,4,2038,0,0,4.0,False,0.07433819726669055,4
type_horizon,1,3,4,2038,1,2,5.0,False,0.07433819726669055,5
type_horizon,1,3,4,2038,2,0,5.0,False,0.07433819726669055,5
type_horizon,1,3,4,2039,0,3,1.0,False,0.07433819726669055,1
type_horizon,1,3,4,2039,1,2,4.0,False,0.07433819726669055,4
type_horizon,1,3,4,2039,2,1,6.0,False,0.07433819726669055,6
type_horizon,1,3,4,2040,0,3,1.0,False,0.07433819726669055,1
type_horizon,1,3,4,2040,1,0,11.0,False,0.07433819726669055,11
type_horizon,1,3,4,2040,2,2,5.0,False,0.07433819726669055,5
type_horizon,1,3,4,2041,0,0,3.0,False,0.07433819726669055,3
type_horizon,1,3,4,2041,1,3,4.0,False,0.07433819726669055,4
type_horizon,1,3,4,2041,2,3,2.0,False,0.07433819726669055,2
type_horizon,1,3,4,2042,0,1,11.0,False,0.07433819726669055,11
type_horizon,1,3,4,2042,1,2,4.0,False,0.07433819726669055,4
type_horizon,1,3,4,2042,2,0,13.0,False,0.07433819726669055,13
type_horizon,1,3,4,2043,0,3,3.0,False,0.07433819726669055,3
type_horizon,1,3,4,2043,1,0,2.0,False,0.07433819726669055,2
type_horizon,1,3,4,2043,2,2,3.0,False,0.07433819726669055,3
type_horizon,1,3,4,2044,0,3,2.0,False,0.07433819726669055,2
type_horizon,1,3,4,2044,1,0,4.0,False,0.07433819726669055,4
type_horizon,1,3,4,2044,2,1,11.0,False,0.07433819726669055,11
type_horizon,1,3,4,2045,0,3,1.0,False,0.07433819726669055,1
type_horizon,1,3,4,2045,1,1,8.0,False,0.07433819726669055,8
type_horizon,1,3,4,2045,2,1,10.0,False,0.07433819726669055,10
type_horizon,1,3,4,2046,0,2,6.0,False,0.07433819726669055,6
type_horizon,1,3,4,2046,1,0,20.0,False,0.07433819726669055,20
type_horizon,1,3,4,2046,2,3,2.0,False,0.07433819726669055,2
type_horizon,1,3,4,2047,0,1,6.0,False,0.07433819726669055,6
type_horizon,1,3,4,2047,1,0,4.0,False,0.07433819726669055,4
type_horizon,1,3,4,2047,2,2,6.0,False,0.07433819726669055,6
type_horizon,1,3,4,2048,0,3,5.0,False,0.07433819726669055,5
type_horizon,1,3,4,2048,1,1,9.0,False,0.07433819726669055,9
type_horizon,1,3,4,2048,2,2,5.0,False,0.07433819726669055,5
type_horizon,1,3,4,2049,0,0,6.0,False,0.07433819726669055,6
type_horizon,1,3,4,2049,1,3,7.0,False,0.07433819726669055,7
type_horizon,1,3,4,2049,2,3,8.0,False,0.07433819726669055,8
type_horizon,1,3,4,2050,0,0,21.0,False,0.07433819726669055,21
type_horizon,1,3,4,2050,1,3,2.0,False,0.07433819726669055,2
type_horizon,1,3,4,2050,2,2,14.0,False,0.07433819726669055,14
type_horizon,1,3,4,2051,0,1,10.0,False,0.07433819726669055,10
type_horizon,1,3,4,2051,1,2,4.0,False,0.07433819726669055,4
type_horizon,1,3,4,2051,2,0,2.0,False,0.07433819726669055,2
type_horizon,1,3,4,2052,0,1,9.0,False,0.07433819726669055,9
type_horizon,1,3,4,2052,1,0,14.0,False,0.07433819726669055,14
type_horizon,1,3,4,2052,2,2,3.0,False,0.07433819726669055,3
type_horizon,1,3,4,2053,0,3,4.0,False,0.07433819726669055,4
type_horizon,1,3,4,2053,1,3,2.0,False,0.07433819726669055,2
type_horizon,1,3,4,2053,2,1,7.0,False,0.07433819726669055,7
type_horizon,1,3,4,2054,0,3,3.0,False,0.07433819726669055,3
type_horizon,1,3,4,2054,1,0,6.0,False,0.07433819726669055,6
type_horizon,1,3,4,2054,2,3,4.0,False,0.07433819726669055,4
type_horizon,1,3,4,2055,0,0,6.0,False,0.07433819726669055,6
type_horizon,1,3,4,2055,1,0,3.0,False,0.07433819726669055,3
type_horizon,1,3,4,2055,2,2,5.0,False,0.07433819726669055,5
type_horizon,1,3,4,2056,0,1,7.0,False,0.07433819726669055,7
type_horizon,1,3,4,2056,1,2,4.0,False,0.07433819726669055,4
type_horizon,1,3,4,2056,2,0,21.0,False,0.07433819726669055,21
type_horizon,1,3,4,2057,0,2,11.0,False,0.07433819726669055,11
type_horizon,1,3,4,2057,1,2,6.0,False,0.07433819726669055,6
type_horizon,1,3,4,2057,2,2,12.0,False,0.07433819726669055,12
type_horizon,1,3,4,2058,0,0,6.0,False,0.07433819726669055,6
type_horizon,1,3,4,2058,1,2,7.0,False,0.07433819726669055,7
type_horizon,1,3,4,2058,2,1,7.0,False,0.07433819726669055,7
type_horizon,1,3,4,2059,0,0,3.0,False,0.07433819726669055,3
type_horizon,1,3,4,2059,1,0,12.0,False,0.07433819726669055,12
type_horizon,1,3,4,2059,2,3,1.0,False,0.07433819726669055,1
type_horizon,1,3,4,2060,0,2,5.0,False,0.07433819726669055,5
type_horizon,1,3,4,2060,1,2,4.0,False,0.07433819726669055,4
type_horizon,1,3,4,2060,2,2,3.0,False,0.07433819726669055,3
type_horizon,1,3,4,2061,0,2,6.0,False,0.07433819726669055,6
type_horizon,1,3,4,2061,1,0,19.0,False,0.07433819726669055,19
type_horizon,1,3,4,2061,2,1,11.0,False,0.07433819726669055,11
type_horizon,1,3,4,2062,0,1,19.0,False,0.07433819726669055,19
type_horizon,1,3,4,2062,1,3,2.0,False,0.07433819726669055,2
type_horizon,1,3,4,2062,2,2,5.0,False,0.07433819726669055,5
type_horizon,1,3,4,2063,0,2,8.0,False,0.07433819726669055,8
type_horizon,1,3,4,2063,1,0,35.0,False,0.07433819726669055,35
type_horizon,1,3,4,2063,2,2,4.0,False,0.07433819726669055,4
type_horizon,1,3,4,2064,0,2,3.0,False,0.07433819726669055,3
type_horizon,1,3,4,2064,1,2,5.0,False,0.07433819726669055,5
type_horizon,1,3,4,2064,2,1,9.0,False,0.07433819726669055,9
type_horizon,1,3,4,2065,0,0,6.0,False,0.07433819726669055,6
type_horizon,1,3,4,2065,1,2,6.0,False,0.07433819726669055,6
type_horizon,1,3,4,2065,2,1,6.0,False,0.07433819726669055,6
type_horizon,1,3,4,2066,0,3,2.0,False,0.07433819726669055,2
type_horizon,1,3,4,2066,1,1,13.0,False,0.07433819726669055,13
type_horizon,1,3,4,2066,2,3,2.0,False,0.07433819726669055,2
type_horizon,1,3,4,2067,0,1,16.0,False,0.07433819726669055,16
type_horizon,1,3,4,2067,1,0,4.0,False,0.07433819726669055,4
type_horizon,1,3,4,2067,2,3,4.0,False,0.07433819726669055,4
type_horizon,1,3,4,2068,0,2,3.0,False,0.07433819726669055,3
type_horizon,1,3,4,2068,1,2,5.0,False,0.07433819726669055,5
type_horizon,1,3,4,2068,2,2,5.0,False,0.07433819726669055,5
type_horizon,1,3,4,2069,0,1,6.0,False,0.07433819726669055,6
type_horizon,1,3,4,2069,1,0,7.0,False,0.07433819726669055,7
type_horizon,1,3,4,2069,2,1,6.0,False,0.07433819726669055,6
type_horizon,1,3,4,2070,0,0,18.0,False,0.07433819726669055,18
type_horizon,1,3,4,2070,1,0,14.0,False,0.07433819726669055,14
type_horizon,1,3,4,2070,2,3,2.0,False,0.07433819726669055,2
type_horizon,1,3,4,2071,0,1,10.0,False,0.07433819726669055,10
type_horizon,1,3,4,2071,1,3,9.0,False,0.07433819726669055,9
type_horizon,1,3,4,2071,2,1,10.0,False,0.07433819726669055,10
type_horizon,1,3,4,2072,0,0,2.0,False,0.07433819726669055,2
type_horizon,1,3,4,2072,1,2,4.0,False,0.07433819726669055,4
type_horizon,1,3,4,2072,2,1,9.0,False,0.07433819726669055,9
type_horizon,1,3,4,2073,0,1,9.0,False,0.07433819726669055,9
type_horizon,1,3,4,2073,1,3,2.0,False,0.07433819726669055,2
type_horizon,1,3,4,2073,2,0,6.0,False,0.07433819726669055,6
type_horizon,1,3,4,2074,0,3,1.0,False,0.07433819726669055,1
type_horizon,1,3,4,2074,1,3,2.0,False,0.07433819726669055,2
type_horizon,1,3,4,2074,2,0,5.0,False,0.07433819726669055,5
type_horizon,1,3,4,2075,0,1,11.0,False,0.07433819726669055,11
type_horizon,1,3,4,2075,1,2,11.0,False,0.07433819726669055,11
type_horizon,1,3,4,2075,2,1,16.0,False,0.07433819726669055,16
type_horizon,1,3,4,2076,0,3,5.0,False,0.07433819726669055,5
type_horizon,1,3,4,2076,1,0,2.0,False,0.07433819726669055,2
type_horizon,1,3,4,2076,2,0,21.0,False,0.07433819726669055,21
type_horizon,1,3,4,2077,0,3,3.0,False,0.07433819726669055,3
type_horizon,1,3,4,2077,1,1,9.0,False,0.07433819726669055,9
type_horizon,1,3,4,2077,2,1,13.0,False,0.07433819726669055,13
type_horizon,1,3,4,2078,0,3,3.0,False,0.07433819726669055,3
type_horizon,1,3,4,2078,1,1,6.0,False,0.07433819726669055,6
type_horizon,1,3,4,2078,2,2,5.0,False,0.07433819726669055,5
type_horizon,1,3,4,2079,0,1,11.0,False,0.07433819726669055,11
type_horizon,1,3,4,2079,1,1,6.0,False,0.07433819726669055,6
type_horizon,1,3,4,2079,2,2,7.0,False,0.07433819726669055,7
type_horizon,1,3,4,2080,0,2,5.0,False,0.07433819726669055,5
type_horizon,1,3,4,2080,1,0,5.0,False,0.07433819726669055,5
type_horizon,1,3,4,2080,2,0,18.0,False,0.07433819726669055,18
type_horizon,1,3,4,2081,0,2,7.0,False,0.07433819726669055,7
type_horizon,1,3,4,2081,1,1,6.0,False,0.07433819726669055,6
type_horizon,1,3,4,2081,2,0,14.0,False,0.07433819726669055,14
type_horizon,1,3,4,2082,0,2,4.0,False,0.07433819726669055,4
type_horizon,1,3,4,2082,1,2,3.0,False,0.07433819726669055,3
type_horizon,1,3,4,2082,2,3,1.0,False,0.07433819726669055,1
type_horizon,1,3,4,2083,0,1,6.0,False,0.07433819726669055,6
type_horizon,1,3,4,2083,1,2,5.0,False,0.07433819726669055,5
type_horizon,1,3,4,2083,2,2,4.0,False,0.07433819726669055,4
type_horizon,1,3,4,2084,0,2,6.0,False,0.07433819726669055,6
type_horizon,1,3,4,2084,1,3,1.0,False,0.07433819726669055,1
type_horizon,1,3,4,2084,2,3,2.0,False,0.07433819726669055,2
type_horizon,1,3,4,2085,0,2,6.0,False,0.07433819726669055,6
type_horizon,1,3,4,2085,1,0,28.0,False,0.07433819726669055,28
type_horizon,1,3,4,2085,2,0,10.0,False,0.07433819726669055,10
type_horizon,1,3,4,2086,0,1,6.0,False,0.07433819726669055,6
type_horizon,1,3,4,2086,1,0,3.0,False,0.07433819726669055,3
type_horizon,1,3,4,2086,2,3,3.0,False,0.07433819726669055,3
type_horizon,1,3,4,2087,0,0,10.0,False,0.07433819726669055,10
type_horizon,1,3,4,2087,1,1,9.0,False,0.07433819726669055,9
type_horizon,1,3,4,2087,2,2,6.0,False,0.07433819726669055,6
type_horizon,1,3,4,2088,0,0,2.0,False,0.07433819726669055,2
type_horizon,1,3,4,2088,1,0,7.0,False,0.07433819726669055,7
type_horizon,1,3,4,2088,2,2,7.0,False,0.07433819726669055,7
type_horizon,1,3,4,2089,0,2,4.0,False,0.07433819726669055,4
type_horizon,1,3,4,2089,1,1,13.0,False,0.07433819726669055,13
type_horizon,1,3,4,2089,2,3,4.0,False,0.07433819726669055,4
type_horizon,1,3,4,2090,0,2,6.0,False,0.07433819726669055,6
type_horizon,1,3,4,2090,1,2,8.0,False,0.07433819726669055,8
type_horizon,1,3,4,2090,2,3,5.0,False,0.07433819726669055,5
type_horizon,1,3,4,2091,0,0,10.0,False,0.07433819726669055,10
type_horizon,1,3,4,2091,1,1,26.0,False,0.07433819726669055,26
type_horizon,1,3,4,2091,2,0,12.0,False,0.07433819726669055,12
type_horizon,1,3,4,2092,0,1,6.0,False,0.07433819726669055,6
type_horizon,1,3,4,2092,1,1,8.0,False,0.07433819726669055,8
type_horizon,1,3,4,2092,2,0,6.0,False,0.07433819726669055,6
type_horizon,1,3,4,2093,0,2,4.0,False,0.07433819726669055,4
type_horizon,1,3,4,2093,1,3,4.0,False,0.07433819726669055,4
type_horizon,1,3,4,2093,2,1,6.0,False,0.07433819726669055,6
type_horizon,1,3,4,2094,0,0,8.0,False,0.07433819726669055,8
type_horizon,1,3,4,2094,1,0,5.0,False,0.07433819726669055,5
type_horizon,1,3,4,2094,2,1,11.0,False,0.07433819726669055,11
type_horizon,1,3,4,2095,0,2,3.0,False,0.07433819726669055,3
type_horizon,1,3,4,2095,1,2,3.0,False,0.07433819726669055,3
type_horizon,1,3,4,2095,2,2,7.0,False,0.07433819726669055,7
type_horizon,1,3,4,2096,0,0,6.0,False,0.07433819726669055,6
type_horizon,1,3,4,2096,1,2,4.0,False,0.07433819726669055,4
type_horizon,1,3,4,2096,2,0,1.0,False,0.07433819726669055,1
type_horizon,1,3,4,2097,0,3,1.0,False,0.07433819726669055,1
type_horizon,1,3,4,2097,1,1,16.0,False,0.07433819726669055,16
type_horizon,1,3,4,2097,2,0,34.0,False,0.07433819726669055,34
type_horizon,1,3,4,2098,0,2,4.0,False,0.07433819726669055,4
type_horizon,1,3,4,2098,1,2,5.0,False,0.07433819726669055,5
type_horizon,1,3,4,2098,2,1,6.0,False,0.07433819726669055,6
type_horizon,1,3,4,2099,0,3,2.0,False,0.07433819726669055,2
type_horizon,1,3,4,2099,1,1,6.0,False,0.07433819726669055,6
type_horizon,1,3,4,2099,2,1,7.0,False,0.07433819726669055,7
type_horizon,1,3,4,2100,0,0,40.0,False,0.07433819726669055,40
type_horizon,1,3,4,2100,1,2,3.0,False,0.07433819726669055,3
type_horizon,1,3,4,2100,2,2,5.0,False,0.07433819726669055,5
type_horizon,1,3,4,2101,0,1,6.0,False,0.07433819726669055,6
type_horizon,1,3,4,2101,1,3,2.0,False,0.07433819726669055,2
type_horizon,1,3,4,2101,2,0,8.0,False,0.07433819726669055,8
type_horizon,1,3,4,2102,0,0,6.0,False,0.07433819726669055,6
type_horizon,1,3,4,2102,1,3,4.0,False,0.07433819726669055,4
type_horizon,1,3,4,2102,2,3,3.0,False,0.07433819726669055,3
type_horizon,1,3,4,2103,0,0,11.0,False,0.07433819726669055,11
type_horizon,1,3,4,2103,1,3,4.0,False,0.07433819726669055,4
type_horizon,1,3,4,2103,2,3,9.0,False,0.07433819726669055,9
type_horizon,1,3,4,2104,0,2,6.0,False,0.07433819726669055,6
type_horizon,1,3,4,2104,1,1,6.0,False,0.07433819726669055,6
type_horizon,1,3,4,2104,2,0,3.0,False,0.07433819726669055,3
type_horizon,1,3,4,2105,0,2,4.0,False,0.07433819726669055,4
type_horizon,1,3,4,2105,1,2,6.0,False,0.07433819726669055,6
type_horizon,1,3,4,2105,2,0,3.0,False,0.07433819726669055,3
type_horizon,1,3,4,2106,0,0,1.0,False,0.07433819726669055,1
type_horizon,1,3,4,2106,1,3,1.0,False,0.07433819726669055,1
type_horizon,1,3,4,2106,2,2,5.0,False,0.07433819726669055,5
type_horizon,1,3,4,2107,0,3,2.0,False,0.07433819726669055,2
type_horizon,1,3,4,2107,1,1,6.0,False,0.07433819726669055,6
type_horizon,1,3,4,2107,2,2,4.0,False,0.07433819726669055,4
type_horizon,1,3,4,2108,0,1,17.0,False,0.07433819726669055,17
type_horizon,1,3,4,2108,1,0,3.0,False,0.07433819726669055,3
type_horizon,1,3,4,2108,2,2,4.0,False,0.07433819726669055,4
type_horizon,1,3,4,2109,0,2,5.0,False,0.07433819726669055,5
type_horizon,1,3,4,2109,1,3,3.0,False,0.07433819726669055,3
type_horizon,1,3,4,2109,2,1,14.0,False,0.07433819726669055,14
type_horizon,1,3,4,2110,0,2,9.0,False,0.07433819726669055,9
type_horizon,1,3,4,2110,1,0,3.0,False,0.07433819726669055,3
type_horizon,1,3,4,2110,2,3,2.0,False,0.07433819726669055,2
type_horizon,1,3,4,2111,0,2,3.0,False,0.07433819726669055,3
type_horizon,1,3,4,2111,1,0,5.0,False,0.07433819726669055,5
type_horizon,1,3,4,2111,2,3,3.0,False,0.07433819726669055,3
type_horizon,1,3,4,2112,0,1,9.0,False,0.07433819726669055,9
type_horizon,1,3,4,2112,1,0,19.0,False,0.07433819726669055,19
type_horizon,1,3,4,2112,2,0,6.0,False,0.07433819726669055,6
type_horizon,1,3,4,2113,0,3,5.0,False,0.07433819726669055,5
type_horizon,1,3,4,2113,1,3,6.0,False,0.07433819726669055,6
type_horizon,1,3,4,2113,2,0,4.0,False,0.07433819726669055,4
type_horizon,1,3,4,2114,0,2,5.0,False,0.07433819726669055,5
type_horizon,1,3,4,2114,1,3,1.0,False,0.07433819726669055,1
type_horizon,1,3,4,2114,2,1,12.0,False,0.07433819726669055,12
type_horizon,1,3,4,2115,0,1,32.0,False,0.07433819726669055,32
type_horizon,1,3,4,2115,1,2,4.0,False,0.07433819726669055,4
type_horizon,1,3,4,2115,2,2,4.0,False,0.07433819726669055,4
type_horizon,1,3,4,2116,0,0,14.0,False,0.07433819726669055,14
type_horizon,1,3,4,2116,1,2,7.0,False,0.07433819726669055,7
type_horizon,1,3,4,2116,2,0,8.0,False,0.07433819726669055,8
type_horizon,1,3,4,2117,0,1,8.0,False,0.07433819726669055,8
type_horizon,1,3,4,2117,1,0,16.0,False,0.07433819726669055,16
type_horizon,1,3,4,2117,2,3,3.0,False,0.07433819726669055,3
type_horizon,1,3,4,2118,0,1,9.0,False,0.07433819726669055,9
type_horizon,1,3,4,2118,1,0,9.0,False,0.07433819726669055,9
type_horizon,1,3,4,2118,2,2,5.0,False,0.07433819726669055,5
type_horizon,1,3,4,2119,0,3,2.0,False,0.07433819726669055,2
type_horizon,1,3,4,2119,1,0,39.0,False,0.07433819726669055,39
type_horizon,1,3,4,2119,2,3,2.0,False,0.07433819726669055,2
type_horizon,1,3,4,2120,0,3,3.0,False,0.07433819726669055,3
type_horizon,1,3,4,2120,1,1,11.0,False,0.07433819726669055,11
type_horizon,1,3,4,2120,2,1,29.0,False,0.07433819726669055,29
type_horizon,1,3,4,2121,0,3,2.0,False,0.07433819726669055,2
type_horizon,1,3,4,2121,1,3,2.0,False,0.07433819726669055,2
type_horizon,1,3,4,2121,2,3,10.0,False,0.07433819726669055,10
type_horizon,1,3,4,2122,0,3,1.0,False,0.07433819726669055,1
type_horizon,1,3,4,2122,1,3,2.0,False,0.07433819726669055,2
type_horizon,1,3,4,2122,2,1,6.0,False,0.07433819726669055,6
type_horizon,1,3,4,2123,0,1,9.0,False,0.07433819726669055,9
type_horizon,1,3,4,2123,1,2,4.0,False,0.07433819726669055,4
type_horizon,1,3,4,2123,2,2,4.0,False,0.07433819726669055,4
type_horizon,1,3,4,2124,0,0,4.0,False,0.07433819726669055,4
type_horizon,1,3,4,2124,1,0,3.0,False,0.07433819726669055,3
type_horizon,1,3,4,2124,2,2,13.0,False,0.07433819726669055,13
type_horizon,1,3,4,2125,0,3,5.0,False,0.07433819726669055,5
type_horizon,1,3,4,2125,1,2,4.0,False,0.07433819726669055,4
type_horizon,1,3,4,2125,2,2,5.0,False,0.07433819726669055,5
type_horizon,1,3,4,2126,0,2,5.0,False,0.07433819726669055,5
type_horizon,1,3,4,2126,1,3,6.0,False,0.07433819726669055,6
type_horizon,1,3,4,2126,2,0,7.0,False,0.07433819726669055,7
type_horizon,1,3,4,2127,0,0,4.0,False,0.07433819726669055,4
type_horizon,1,3,4,2127,1,0,7.0,False,0.07433819726669055,7
type_horizon,1,3,4,2127,2,2,6.0,False,0.07433819726669055,6
type_horizon,1,3,4,2128,0,0,4.0,False,0.07433819726669055,4
type_horizon,1,3,4,2128,1,0,5.0,False,0.07433819726669055,5
type_horizon,1,3,4,2128,2,2,5.0,False,0.07433819726669055,5
type_horizon,1,3,4,2129,0,2,9.0,False,0.07433819726669055,9
type_horizon,1,3,4,2129,1,1,8.0,False,0.07433819726669055,8
type_horizon,1,3,4,2129,2,3,4.0,False,0.07433819726669055,4
type_horizon,1,3,4,2130,0,1,17.0,False,0.07433819726669055,17
type_horizon,1,3,4,2130,1,0,7.0,False,0.07433819726669055,7
type_horizon,1,3,4,2130,2,2,6.0,False,0.07433819726669055,6
type_horizon,1,3,4,2131,0,0,6.0,False,0.07433819726669055,6
type_horizon,1,3,4,2131,1,0,3.0,False,0.07433819726669055,3
type_horizon,1,3,4,2131,2,1,6.0,False,0.07433819726669055,6
type_horizon,1,3,4,2132,0,1,10.0,False,0.07433819726669055,10
type_horizon,1,3,4,2132,1,1,7.0,False,0.07433819726669055,7
type_horizon,1,3,4,2132,2,3,3.0,False,0.07433819726669055,3
type_horizon,1,3,4,2133,0,2,6.0,False,0.07433819726669055,6
type_horizon,1,3,4,2133,1,1,6.0,False,0.07433819726669055,6
type_horizon,1,3,4,2133,2,3,7.0,False,0.07433819726669055,7
type_horizon,1,3,4,2134,0,2,3.0,False,0.07433819726669055,3
type_horizon,1,3,4,2134,1,2,6.0,False,0.07433819726669055,6
type_horizon,1,3,4,2134,2,1,9.0,False,0.07433819726669055,9
type_horizon,1,3,4,2135,0,0,15.0,False,0.07433819726669055,15
type_horizon,1,3,4,2135,1,1,18.0,False,0.07433819726669055,18
type_horizon,1,3,4,2135,2,1,8.0,False,0.07433819726669055,8
type_horizon,1,3,4,2136,0,1,8.0,False,0.07433819726669055,8
type_horizon,1,3,4,2136,1,1,7.0,False,0.07433819726669055,7
type_horizon,1,3,4,2136,2,2,4.0,False,0.07433819726669055,4
type_horizon,1,3,4,2137,0,2,6.0,False,0.07433819726669055,6
type_horizon,1,3,4,2137,1,1,9.0,False,0.07433819726669055,9
type_horizon,1,3,4,2137,2,0,10.0,False,0.07433819726669055,10
type_horizon,1,3,4,2138,0,3,2.0,False,0.07433819726669055,2
type_horizon,1,3,4,2138,1,2,3.0,False,0.07433819726669055,3
type_horizon,1,3,4,2138,2,2,7.0,False,0.07433819726669055,7
type_horizon,1,3,4,2139,0,1,9.0,False,0.07433819726669055,9
type_horizon,1,3,4,2139,1,3,1.0,False,0.07433819726669055,1
type_horizon,1,3,4,2139,2,1,6.0,False,0.07433819726669055,6
type_horizon,1,3,4,2140,0,0,7.0,False,0.07433819726669055,7
type_horizon,1,3,4,2140,1,1,8.0,False,0.07433819726669055,8
type_horizon,1,3,4,2140,2,2,5.0,False,0.07433819726669055,5
type_horizon,1,3,4,2141,0,0,8.0,False,0.07433819726669055,8
type_horizon,1,3,4,2141,1,3,5.0,False,0.07433819726669055,5
type_horizon,1,3,4,2141,2,1,22.0,False,0.07433819726669055,22
type_horizon,1,3,4,2142,0,3,3.0,False,0.07433819726669055,3
type_horizon,1,3,4,2142,1,0,7.0,False,0.07433819726669055,7
type_horizon,1,3,4,2142,2,1,6.0,False,0.07433819726669055,6
type_horizon,1,3,4,2143,0,3,2.0,False,0.07433819726669055,2
type_horizon,1,3,4,2143,1,1,7.0,False,0.07433819726669055,7
type_horizon,1,3,4,2143,2,1,8.0,False,0.07433819726669055,8
type_horizon,1,3,4,2144,0,2,6.0,False,0.07433819726669055,6
type_horizon,1,3,4,2144,1,3,11.0,False,0.07433819726669055,11
type_horizon,1,3,4,2144,2,2,9.0,False,0.07433819726669055,9
type_horizon,1,3,4,2145,0,3,4.0,False,0.07433819726669055,4
type_horizon,1,3,4,2145,1,3,6.0,False,0.07433819726669055,6
type_horizon,1,3,4,2145,2,3,5.0,False,0.07433819726669055,5
type_horizon,1,3,4,2146,0,1,8.0,False,0.07433819726669055,8
type_horizon,1,3,4,2146,1,0,3.0,False,0.07433819726669055,3
type_horizon,1,3,4,2146,2,1,6.0,False,0.07433819726669055,6
type_horizon,1,3,4,2147,0,1,17.0,False,0.07433819726669055,17
type_horizon,1,3,4,2147,1,1,6.0,False,0.07433819726669055,6
type_horizon,1,3,4,2147,2,0,6.0,False,0.07433819726669055,6
type_horizon,1,3,4,2148,0,0,3.0,False,0.07433819726669055,3
type_horizon,1,3,4,2148,1,1,9.0,False,0.07433819726669055,9
type_horizon,1,3,4,2148,2,3,4.0,False,0.07433819726669055,4
type_horizon,1,3,4,2149,0,2,3.0,False,0.07433819726669055,3
type_horizon,1,3,4,2149,1,2,4.0,False,0.07433819726669055,4
type_horizon,1,3,4,2149,2,0,6.0,False,0.07433819726669055,6
type_horizon,1,3,4,2150,0,0,2.0,False,0.07433819726669055,2
type_horizon,1,3,4,2150,1,2,8.0,False,0.07433819726669055,8
type_horizon,1,3,4,2150,2,3,4.0,False,0.07433819726669055,4
type_horizon,1,3,4,2151,0,1,10.0,False,0.07433819726669055,10
type_horizon,1,3,4,2151,1,3,1.0,False,0.07433819726669055,1
type_horizon,1,3,4,2151,2,0,5.0,False,0.07433819726669055,5
type_horizon,1,3,4,2152,0,0,8.0,False,0.07433819726669055,8
type_horizon,1,3,4,2152,1,3,3.0,False,0.07433819726669055,3
type_horizon,1,3,4,2152,2,0,13.0,False,0.07433819726669055,13
type_horizon,1,3,4,2153,0,2,8.0,False,0.07433819726669055,8
type_horizon,1,3,4,2153,1,3,4.0,False,0.07433819726669055,4
type_horizon,1,3,4,2153,2,3,7.0,False,0.07433819726669055,7
type_horizon,1,3,4,2154,0,3,4.0,False,0.07433819726669055,4
type_horizon,1,3,4,2154,1,1,10.0,False,0.07433819726669055,10
type_horizon,1,3,4,2154,2,3,2.0,False,0.07433819726669055,2
type_horizon,1,3,4,2155,0,0,9.0,False,0.07433819726669055,9
type_horizon,1,3,4,2155,1,1,6.0,False,0.07433819726669055,6
type_horizon,1,3,4,2155,2,1,6.0,False,0.07433819726669055,6
type_horizon,1,3,4,2156,0,1,7.0,False,0.07433819726669055,7
type_horizon,1,3,4,2156,1,1,19.0,False,0.07433819726669055,19
type_horizon,1,3,4,2156,2,2,4.0,False,0.07433819726669055,4
type_horizon,1,3,4,2157,0,3,4.0,False,0.07433819726669055,4
type_horizon,1,3,4,2157,1,3,2.0,False,0.07433819726669055,2
type_horizon,1,3,4,2157,2,2,5.0,False,0.07433819726669055,5
type_horizon,1,3,4,2158,0,2,4.0,False,0.07433819726669055,4
type_horizon,1,3,4,2158,1,1,12.0,False,0.07433819726669055,12
type_horizon,1,3,4,2158,2,0,5.0,False,0.07433819726669055,5
type_horizon,1,3,4,2159,0,1,6.0,False,0.07433819726669055,6
type_horizon,1,3,4,2159,1,0,2.0,False,0.07433819726669055,2
type_horizon,1,3,4,2159,2,1,6.0,False,0.07433819726669055,6
type_horizon,1,3,4,2160,0,1,6.0,False,0.07433819726669055,6
type_horizon,1,3,4,2160,1,0,4.0,False,0.07433819726669055,4
type_horizon,1,3,4,2160,2,0,4.0,False,0.07433819726669055,4
type_horizon,1,3,4,2161,0,3,4.0,False,0.07433819726669055,4
type_horizon,1,3,4,2161,1,0,4.0,False,0.07433819726669055,4
type_horizon,1,3,4,2161,2,1,10.0,False,0.07433819726669055,10
type_horizon,1,3,4,2162,0,2,14.0,False,0.07433819726669055,14
type_horizon,1,3,4,2162,1,0,12.0,False,0.07433819726669055,12
type_horizon,1,3,4,2162,2,3,3.0,False,0.07433819726669055,3
type_horizon,1,3,4,2163,0,1,10.0,False,0.07433819726669055,10
type_horizon,1,3,4,2163,1,3,2.0,False,0.07433819726669055,2
type_horizon,1,3,4,2163,2,1,6.0,False,0.07433819726669055,6
type_horizon,1,3,4,2164,0,0,15.0,False,0.07433819726669055,15
type_horizon,1,3,4,2164,1,0,6.0,False,0.07433819726669055,6
type_horizon,1,3,4,2164,2,1,14.0,False,0.07433819726669055,14
type_horizon,1,3,4,2165,0,2,4.0,False,0.07433819726669055,4
type_horizon,1,3,4,2165,1,0,5.0,False,0.07433819726669055,5
type_horizon,1,3,4,2165,2,1,20.0,False,0.07433819726669055,20
type_horizon,1,3,4,2166,0,1,8.0,False,0.07433819726669055,8
type_horizon,1,3,4,2166,1,3,3.0,False,0.07433819726669055,3
type_horizon,1,3,4,2166,2,3,1.0,False,0.07433819726669055,1
type_horizon,1,3,4,2167,0,1,9.0,False,0.07433819726669055,9
type_horizon,1,3,4,2167,1,1,7.0,False,0.07433819726669055,7
type_horizon,1,3,4,2167,2,0,3.0,False,0.07433819726669055,3
type_horizon,1,3,4,2168,0,3,2.0,False,0.07433819726669055,2
type_horizon,1,3,4,2168,1,1,15.0,False,0.07433819726669055,15
type_horizon,1,3,4,2168,2,0,4.0,False,0.07433819726669055,4
type_horizon,1,3,4,2169,0,1,17.0,False,0.07433819726669055,17
type_horizon,1,3,4,2169,1,3,7.0,False,0.07433819726669055,7
type_horizon,1,3,4,2169,2,1,9.0,False,0.07433819726669055,9
type_horizon,1,3,4,2170,0,0,4.0,False,0.07433819726669055,4
type_horizon,1,3,4,2170,1,2,8.0,False,0.07433819726669055,8
type_horizon,1,3,4,2170,2,2,4.0,False,0.07433819726669055,4
type_horizon,1,3,4,2171,0,0,15.0,False,0.07433819726669055,15
type_horizon,1,3,4,2171,1,2,6.0,False,0.07433819726669055,6
type_horizon,1,3,4,2171,2,0,9.0,False,0.07433819726669055,9
type_horizon,1,3,4,2172,0,3,1.0,False,0.07433819726669055,1
type_horizon,1,3,4,2172,1,3,2.0,False,0.07433819726669055,2
type_horizon,1,3,4,2172,2,3,3.0,False,0.07433819726669055,3
type_horizon,1,3,4,2173,0,0,9.0,False,0.07433819726669055,9
type_horizon,1,3,4,2173,1,0,4.0,False,0.07433819726669055,4
type_horizon,1,3,4,2173,2,2,3.0,False,0.07433819726669055,3
type_horizon,1,3,4,2174,0,0,17.0,False,0.07433819726669055,17
type_horizon,1,3,4,2174,1,0,7.0,False,0.07433819726669055,7
type_horizon,1,3,4,2174,2,2,4.0,False,0.07433819726669055,4
type_horizon,1,3,4,2175,0,1,7.0,False,0.07433819726669055,7
type_horizon,1,3,4,2175,1,1,6.0,False,0.07433819726669055,6
type_horizon,1,3,4,2175,2,2,4.0,False,0.07433819726669055,4
type_horizon,1,3,4,2176,0,0,7.0,False,0.07433819726669055,7
type_horizon,1,3,4,2176,1,2,4.0,False,0.07433819726669055,4
type_horizon,1,3,4,2176,2,1,17.0,False,0.07433819726669055,17
type_horizon,1,3,4,2177,0,3,5.0,False,0.07433819726669055,5
type_horizon,1,3,4,2177,1,2,5.0,False,0.07433819726669055,5
type_horizon,1,3,4,2177,2,2,4.0,False,0.07433819726669055,4
type_horizon,1,3,4,2178,0,0,14.0,False,0.07433819726669055,14
type_horizon,1,3,4,2178,1,0,28.0,False,0.07433819726669055,28
type_horizon,1,3,4,2178,2,3,2.0,False,0.07433819726669055,2
type_horizon,1,3,4,2179,0,2,4.0,False,0.07433819726669055,4
type_horizon,1,3,4,2179,1,2,6.0,False,0.07433819726669055,6
type_horizon,1,3,4,2179,2,3,2.0,False,0.07433819726669055,2
type_horizon,1,3,4,2180,0,0,6.0,False,0.07433819726669055,6
type_horizon,1,3,4,2180,1,1,23.0,False,0.07433819726669055,23
type_horizon,1,3,4,2180,2,0,5.0,False,0.07433819726669055,5
type_horizon,1,3,4,2181,0,3,5.0,False,0.07433819726669055,5
type_horizon,1,3,4,2181,1,3,4.0,False,0.07433819726669055,4
type_horizon,1,3,4,2181,2,2,6.0,False,0.07433819726669055,6
type_horizon,1,3,4,2182,0,3,1.0,False,0.07433819726669055,1
type_horizon,1,3,4,2182,1,2,5.0,False,0.07433819726669055,5
type_horizon,1,3,4,2182,2,1,6.0,False,0.07433819726669055,6
type_horizon,1,3,4,2183,0,2,4.0,False,0.07433819726669055,4
type_horizon,1,3,4,2183,1,3,3.0,False,0.07433819726669055,3
type_horizon,1,3,4,2183,2,0,4.0,False,0.07433819726669055,4
type_horizon,1,3,4,2184,0,2,4.0,False,0.07433819726669055,4
type_horizon,1,3,4,2184,1,0,4.0,False,0.07433819726669055,4
type_horizon,1,3,4,2184,2,2,15.0,False,0.07433819726669055,15
type_horizon,1,3,4,2185,0,0,14.0,False,0.07433819726669055,14
type_horizon,1,3,4,2185,1,3,6.0,False,0.07433819726669055,6
type_horizon,1,3,4,2185,2,0,3.0,False,0.07433819726669055,3
type_horizon,1,3,4,2186,0,0,5.0,False,0.07433819726669055,5
type_horizon,1,3,4,2186,1,0,3.0,False,0.07433819726669055,3
type_horizon,1,3,4,2186,2,3,4.0,False,0.07433819726669055,4
type_horizon,1,3,4,2187,0,2,4.0,False,0.07433819726669055,4
type_horizon,1,3,4,2187,1,0,6.0,False,0.07433819726669055,6
type_horizon,1,3,4,2187,2,2,4.0,False,0.07433819726669055,4
type_horizon,1,3,4,2188,0,3,5.0,False,0.07433819726669055,5
type_horizon,1,3,4,2188,1,2,5.0,False,0.07433819726669055,5
type_horizon,1,3,4,2188,2,3,4.0,False,0.07433819726669055,4
type_horizon,1,3,4,2189,0,3,3.0,False,0.07433819726669055,3
type_horizon,1,3,4,2189,1,0,5.0,False,0.07433819726669055,5
type_horizon,1,3,4,2189,2,2,4.0,False,0.07433819726669055,4
type_horizon,1,3,4,2190,0,3,12.0,False,0.07433819726669055,12
type_horizon,1,3,4,2190,1,1,18.0,False,0.07433819726669055,18
type_horizon,1,3,4,2190,2,2,4.0,False,0.07433819726669055,4
type_horizon,1,3,4,2191,0,3,2.0,False,0.07433819726669055,2
type_horizon,1,3,4,2191,1,2,5.0,False,0.07433819726669055,5
type_horizon,1,3,4,2191,2,2,3.0,False,0.07433819726669055,3
type_horizon,1,3,4,2192,0,0,12.0,False,0.07433819726669055,12
type_horizon,1,3,4,2192,1,2,3.0,False,0.07433819726669055,3
type_horizon,1,3,4,2192,2,2,7.0,False,0.07433819726669055,7
type_horizon,1,3,4,2193,0,2,4.0,False,0.07433819726669055,4
type_horizon,1,3,4,2193,1,0,16.0,False,0.07433819726669055,16
type_horizon,1,3,4,2193,2,0,3.0,False,0.07433819726669055,3
type_horizon,1,3,4,2194,0,3,2.0,False,0.07433819726669055,2
type_horizon,1,3,4,2194,1,3,2.0,False,0.07433819726669055,2
type_horizon,1,3,4,2194,2,1,7.0,False,0.07433819726669055,7
type_horizon,1,3,4,2195,0,1,6.0,False,0.07433819726669055,6
type_horizon,1,3,4,2195,1,0,36.0,False,0.07433819726669055,36
type_horizon,1,3,4,2195,2,3,2.0,False,0.07433819726669055,2
type_horizon,1,3,4,2196,0,2,5.0,False,0.07433819726669055,5
type_horizon,1,3,4,2196,1,2,5.0,False,0.07433819726669055,5
type_horizon,1,3,4,2196,2,3,3.0,False,0.07433819726669055,3
type_horizon,1,3,4,2197,0,3,2.0,False,0.07433819726669055,2
type_horizon,1,3,4,2197,1,3,5.0,False,0.07433819726669055,5
type_horizon,1,3,4,2197,2,2,4.0,False,0.07433819726669055,4
type_horizon,1,3,4,2198,0,1,16.0,False,0.07433819726669055,16
type_horizon,1,3,4,2198,1,2,5.0,False,0.07433819726669055,5
type_horizon,1,3,4,2198,2,0,7.0,False,0.07433819726669055,7
type_horizon,1,3,4,2199,0,3,3.0,False,0.07433819726669055,3
type_horizon,1,3,4,2199,1,0,7.0,False,0.07433819726669055,7
type_horizon,1,3,4,2199,2,1,7.0,False,0.07433819726669055,7
type_horizon,4,3,4,2000,0,1,6.0,False,0.07433819726669055,2
type_horizon,4,3,4,2000,1,2,4.0,False,0.07433819726669055,1
type_horizon,4,3,4,2000,2,1,38.0,False,0.07433819726669055,10
type_horizon,4,3,4,2001,0,0,3.0,False,0.07433819726669055,1
type_horizon,4,3,4,2001,1,1,10.0,False,0.07433819726669055,3
type_horizon,4,3,4,2001,2,3,3.0,False,0.07433819726669055,1
type_horizon,4,3,4,2002,0,2,5.0,False,0.07433819726669055,2
type_horizon,4,3,4,2002,1,2,4.0,False,0.07433819726669055,1
type_horizon,4,3,4,2002,2,3,9.0,False,0.07433819726669055,3
type_horizon,4,3,4,2003,0,3,7.0,False,0.07433819726669055,2
type_horizon,4,3,4,2003,1,1,8.0,False,0.07433819726669055,2
type_horizon,4,3,4,2003,2,0,12.0,False,0.07433819726669055,3
type_horizon,4,3,4,2004,0,2,4.0,False,0.07433819726669055,1
type_horizon,4,3,4,2004,1,3,6.0,False,0.07433819726669055,2
type_horizon,4,3,4,2004,2,1,7.0,False,0.07433819726669055,2
type_horizon,4,3,4,2005,0,1,6.0,False,0.07433819726669055,2
type_horizon,4,3,4,2005,1,3,5.0,False,0.07433819726669055,2
type_horizon,4,3,4,2005,2,0,5.0,False,0.07433819726669055,2
type_horizon,4,3,4,2006,0,0,6.0,False,0.07433819726669055,2
type_horizon,4,3,4,2006,1,2,5.0,False,0.07433819726669055,2
type_horizon,4,3,4,2006,2,1,6.0,False,0.07433819726669055,2
type_horizon,4,3,4,2007,0,3,1.0,False,0.07433819726669055,1
type_horizon,4,3,4,2007,1,1,8.0,False,0.07433819726669055,2
type_horizon,4,3,4,2007,2,0,5.0,False,0.07433819726669055,2
type_horizon,4,3,4,2008,0,1,7.0,False,0.07433819726669055,2
type_horizon,4,3,4,2008,1,0,15.0,False,0.07433819726669055,4
type_horizon,4,3,4,2008,2,1,8.0,False,0.07433819726669055,2
type_horizon,4,3,4,2009,0,0,29.0,False,0.07433819726669055,8
type_horizon,4,3,4,2009,1,1,21.0,False,0.07433819726669055,6
type_horizon,4,3,4,2009,2,3,2.0,False,0.07433819726669055,1
type_horizon,4,3,4,2010,0,2,11.0,False,0.07433819726669055,3
type_horizon,4,3,4,2010,1,1,7.0,False,0.07433819726669055,2
type_horizon,4,3,4,2010,2,3,2.0,False,0.07433819726669055,1
type_horizon,4,3,4,2011,0,2,5.0,False,0.07433819726669055,2
type_horizon,4,3,4,2011,1,3,1.0,False,0.07433819726669055,1
type_horizon,4,3,4,2011,2,3,1.0,False,0.07433819726669055,1
type_horizon,4,3,4,2012,0,0,8.0,False,0.07433819726669055,2
type_horizon,4,3,4,2012,1,0,12.0,False,0.07433819726669055,3
type_horizon,4,3,4,2012,2,0,14.0,False,0.07433819726669055,4
type_horizon,4,3,4,2013,0,1,6.0,False,0.07433819726669055,2
type_horizon,4,3,4,2013,1,3,1.0,False,0.07433819726669055,1
type_horizon,4,3,4,2013,2,0,6.0,False,0.07433819726669055,2
type_horizon,4,3,4,2014,0,3,3.0,False,0.07433819726669055,1
type_horizon,4,3,4,2014,1,2,3.0,False,0.07433819726669055,1
type_horizon,4,3,4,2014,2,0,25.0,False,0.07433819726669055,7
type_horizon,4,3,4,2015,0,0,2.0,False,0.07433819726669055,1
type_horizon,4,3,4,2015,1,2,3.0,False,0.07433819726669055,1
type_horizon,4,3,4,2015,2,1,12.0,False,0.07433819726669055,3
type_horizon,4,3,4,2016,0,3,2.0,False,0.07433819726669055,1
type_horizon,4,3,4,2016,1,3,4.0,False,0.07433819726669055,1
type_horizon,4,3,4,2016,2,3,1.0,False,0.07433819726669055,1
type_horizon,4,3,4,2017,0,3,1.0,False,0.07433819726669055,1
type_horizon,4,3,4,2017,1,0,8.0,False,0.07433819726669055,2
type_horizon,4,3,4,2017,2,0,6.0,False,0.07433819726669055,2
type_horizon,4,3,4,2018,0,3,5.0,False,0.07433819726669055,2
type_horizon,4,3,4,2018,1,1,8.0,False,0.07433819726669055,2
type_horizon,4,3,4,2018,2,0,12.0,False,0.07433819726669055,3
type_horizon,4,3,4,2019,0,2,6.0,False,0.07433819726669055,2
type_horizon,4,3,4,2019,1,3,1.0,False,0.07433819726669055,1
type_horizon,4,3,4,2019,2,2,4.0,False,0.07433819726669055,1
type_horizon,4,3,4,2020,0,3,5.0,False,0.07433819726669055,2
type_horizon,4,3,4,2020,1,3,2.0,False,0.07433819726669055,1
type_horizon,4,3,4,2020,2,1,7.0,False,0.07433819726669055,2
type_horizon,4,3,4,2021,0,1,33.0,False,0.07433819726669055,9
type_horizon,4,3,4,2021,1,3,2.0,False,0.07433819726669055,1
type_horizon,4,3,4,2021,2,1,6.0,False,0.07433819726669055,2
type_horizon,4,3,4,2022,0,3,1.0,False,0.07433819726669055,1
type_horizon,4,3,4,2022,1,0,3.0,False,0.07433819726669055,1
type_horizon,4,3,4,2022,2,3,8.0,False,0.07433819726669055,2
type_horizon,4,3,4,2023,0,2,5.0,False,0.07433819726669055,2
type_horizon,4,3,4,2023,1,0,3.0,False,0.07433819726669055,1
type_horizon,4,3,4,2023,2,0,35.0,False,0.07433819726669055,9
type_horizon,4,3,4,2024,0,1,18.0,False,0.07433819726669055,5
type_horizon,4,3,4,2024,1,3,3.0,False,0.07433819726669055,1
type_horizon,4,3,4,2024,2,0,13.0,False,0.07433819726669055,4
type_horizon,4,3,4,2025,0,0,7.0,False,0.07433819726669055,2
type_horizon,4,3,4,2025,1,2,5.0,False,0.07433819726669055,2
type_horizon,4,3,4,2025,2,2,6.0,False,0.07433819726669055,2
type_horizon,4,3,4,2026,0,1,7.0,False,0.07433819726669055,2
type_horizon,4,3,4,2026,1,3,5.0,False,0.07433819726669055,2
type_horizon,4,3,4,2026,2,0,4.0,False,0.07433819726669055,1
type_horizon,4,3,4,2027,0,1,7.0,False,0.07433819726669055,2
type_horizon,4,3,4,2027,1,0,7.0,False,0.07433819726669055,2
type_horizon,4,3,4,2027,2,0,14.0,False,0.07433819726669055,4
type_horizon,4,3,4,2028,0,1,8.0,False,0.07433819726669055,2
type_horizon,4,3,4,2028,1,1,9.0,False,0.07433819726669055,3
type_horizon,4,3,4,2028,2,3,3.0,False,0.07433819726669055,1
type_horizon,4,3,4,2029,0,1,6.0,False,0.07433819726669055,2
type_horizon,4,3,4,2029,1,1,11.0,False,0.07433819726669055,3
type_horizon,4,3,4,2029,2,3,3.0,False,0.07433819726669055,1
type_horizon,4,3,4,2030,0,0,9.0,False,0.07433819726669055,3
type_horizon,4,3,4,2030,1,1,6.0,False,0.07433819726669055,2
type_horizon,4,3,4,2030,2,2,5.0,False,0.07433819726669055,2
type_horizon,4,3,4,2031,0,3,2.0,False,0.07433819726669055,1
type_horizon,4,3,4,2031,1,2,6.0,False,0.07433819726669055,2
type_horizon,4,3,4,2031,2,0,2.0,False,0.07433819726669055,1
type_horizon,4,3,4,2032,0,1,7.0,False,0.07433819726669055,2
type_horizon,4,3,4,2032,1,1,6.0,False,0.07433819726669055,2
type_horizon,4,3,4,2032,2,2,4.0,False,0.07433819726669055,1
type_horizon,4,3,4,2033,0,3,11.0,False,0.07433819726669055,3
type_horizon,4,3,4,2033,1,2,4.0,False,0.07433819726669055,1
type_horizon,4,3,4,2033,2,0,10.0,False,0.07433819726669055,3
type_horizon,4,3,4,2034,0,0,25.0,False,0.07433819726669055,7
type_horizon,4,3,4,2034,1,3,2.0,False,0.07433819726669055,1
type_horizon,4,3,4,2034,2,2,4.0,False,0.07433819726669055,1
type_horizon,4,3,4,2035,0,2,6.0,False,0.07433819726669055,2
type_horizon,4,3,4,2035,1,3,1.0,False,0.07433819726669055,1
type_horizon,4,3,4,2035,2,2,4.0,False,0.07433819726669055,1
type_horizon,4,3,4,2036,0,0,3.0,False,0.07433819726669055,1
type_horizon,4,3,4,2036,1,1,6.0,False,0.07433819726669055,2
type_horizon,4,3,4,2036,2,1,8.0,False,0.07433819726669055,2
type_horizon,4,3,4,2037,0,2,3.0,False,0.07433819726669055,1
type_horizon,4,3,4,2037,1,0,4.0,False,0.07433819726669055,1
type_horizon,4,3,4,2037,2,3,2.0,False,0.07433819726669055,1
type_horizon,4,3,4,2038,0,0,4.0,False,0.07433819726669055,1
type_horizon,4,3,4,2038,1,2,5.0,False,0.07433819726669055,2
type_horizon,4,3,4,2038,2,0,5.0,False,0.07433819726669055,2
type_horizon,4,3,4,2039,0,3,1.0,False,0.07433819726669055,1
type_horizon,4,3,4,2039,1,2,4.0,False,0.07433819726669055,1
type_horizon,4,3,4,2039,2,1,6.0,False,0.07433819726669055,2
type_horizon,4,3,4,2040,0,3,1.0,False,0.07433819726669055,1
type_horizon,4,3,4,2040,1,0,11.0,False,0.07433819726669055,3
type_horizon,4,3,4,2040,2,2,5.0,False,0.07433819726669055,2
type_horizon,4,3,4,2041,0,0,3.0,False,0.07433819726669055,1
type_horizon,4,3,4,2041,1,3,4.0,False,0.07433819726669055,1
type_horizon,4,3,4,2041,2,3,2.0,False,0.07433819726669055,1
type_horizon,4,3,4,2042,0,1,11.0,False,0.07433819726669055,3
type_horizon,4,3,4,2042,1,2,4.0,False,0.07433819726669055,1
type_horizon,4,3,4,2042,2,0,13.0,False,0.07433819726669055,4
type_horizon,4,3,4,2043,0,3,3.0,False,0.07433819726669055,1
type_horizon,4,3,4,2043,1,0,2.0,False,0.07433819726669055,1
type_horizon,4,3,4,2043,2,2,3.0,False,0.07433819726669055,1
type_horizon,4,3,4,2044,0,3,2.0,False,0.07433819726669055,1
type_horizon,4,3,4,2044,1,0,4.0,False,0.07433819726669055,1
type_horizon,4,3,4,2044,2,1,11.0,False,0.07433819726669055,3
type_horizon,4,3,4,2045,0,3,1.0,False,0.07433819726669055,1
type_horizon,4,3,4,2045,1,1,8.0,False,0.07433819726669055,2
type_horizon,4,3,4,2045,2,1,10.0,False,0.07433819726669055,3
type_horizon,4,3,4,2046,0,2,6.0,False,0.07433819726669055,2
type_horizon,4,3,4,2046,1,0,20.0,False,0.07433819726669055,5
type_horizon,4,3,4,2046,2,3,2.0,False,0.07433819726669055,1
type_horizon,4,3,4,2047,0,1,6.0,False,0.07433819726669055,2
type_horizon,4,3,4,2047,1,0,4.0,False,0.07433819726669055,1
type_horizon,4,3,4,2047,2,2,6.0,False,0.07433819726669055,2
type_horizon,4,3,4,2048,0,3,5.0,False,0.07433819726669055,2
type_horizon,4,3,4,2048,1,1,9.0,False,0.07433819726669055,3
type_horizon,4,3,4,2048,2,2,5.0,False,0.07433819726669055,2
type_horizon,4,3,4,2049,0,0,6.0,False,0.07433819726669055,2
type_horizon,4,3,4,2049,1,3,7.0,False,0.07433819726669055,2
type_horizon,4,3,4,2049,2,3,8.0,False,0.07433819726669055,2
type_horizon,4,3,4,2050,0,0,21.0,False,0.07433819726669055,6
type_horizon,4,3,4,2050,1,3,2.0,False,0.07433819726669055,1
type_horizon,4,3,4,2050,2,2,14.0,False,0.07433819726669055,4
type_horizon,4,3,4,2051,0,1,10.0,False,0.07433819726669055,3
type_horizon,4,3,4,2051,1,2,4.0,False,0.07433819726669055,1
type_horizon,4,3,4,2051,2,0,2.0,False,0.07433819726669055,1
type_horizon,4,3,4,2052,0,1,9.0,False,0.07433819726669055,3
type_horizon,4,3,4,2052,1,0,14.0,False,0.07433819726669055,4
type_horizon,4,3,4,2052,2,2,3.0,False,0.07433819726669055,1
type_horizon,4,3,4,2053,0,3,4.0,False,0.07433819726669055,1
type_horizon,4,3,4,2053,1,3,2.0,False,0.07433819726669055,1
type_horizon,4,3,4,2053,2,1,7.0,False,0.07433819726669055,2
type_horizon,4,3,4,2054,0,3,3.0,False,0.07433819726669055,1
type_horizon,4,3,4,2054,1,0,6.0,False,0.07433819726669055,2
type_horizon,4,3,4,2054,2,3,4.0,False,0.07433819726669055,1
type_horizon,4,3,4,2055,0,0,6.0,False,0.07433819726669055,2
type_horizon,4,3,4,2055,1,0,3.0,False,0.07433819726669055,1
type_horizon,4,3,4,2055,2,2,5.0,False,0.07433819726669055,2
type_horizon,4,3,4,2056,0,1,7.0,False,0.07433819726669055,2
type_horizon,4,3,4,2056,1,2,4.0,False,0.07433819726669055,1
type_horizon,4,3,4,2056,2,0,21.0,False,0.07433819726669055,6
type_horizon,4,3,4,2057,0,2,11.0,False,0.07433819726669055,3
type_horizon,4,3,4,2057,1,2,6.0,False,0.07433819726669055,2
type_horizon,4,3,4,2057,2,2,12.0,False,0.07433819726669055,3
type_horizon,4,3,4,2058,0,0,6.0,False,0.07433819726669055,2
type_horizon,4,3,4,2058,1,2,7.0,False,0.07433819726669055,2
type_horizon,4,3,4,2058,2,1,7.0,False,0.07433819726669055,2
type_horizon,4,3,4,2059,0,0,3.0,False,0.07433819726669055,1
type_horizon,4,3,4,2059,1,0,12.0,False,0.07433819726669055,3
type_horizon,4,3,4,2059,2,3,1.0,False,0.07433819726669055,1
type_horizon,4,3,4,2060,0,2,5.0,False,0.07433819726669055,2
type_horizon,4,3,4,2060,1,2,4.0,False,0.07433819726669055,1
type_horizon,4,3,4,2060,2,2,3.0,False,0.07433819726669055,1
type_horizon,4,3,4,2061,0,2,6.0,False,0.07433819726669055,2
type_horizon,4,3,4,2061,1,0,19.0,False,0.07433819726669055,5
type_horizon,4,3,4,2061,2,1,11.0,False,0.07433819726669055,3
type_horizon,4,3,4,2062,0,1,19.0,False,0.07433819726669055,5
type_horizon,4,3,4,2062,1,3,2.0,False,0.07433819726669055,1
type_horizon,4,3,4,2062,2,2,5.0,False,0.07433819726669055,2
type_horizon,4,3,4,2063,0,2,8.0,False,0.07433819726669055,2
type_horizon,4,3,4,2063,1,0,35.0,False,0.07433819726669055,9
type_horizon,4,3,4,2063,2,2,4.0,False,0.07433819726669055,1
type_horizon,4,3,4,2064,0,2,3.0,False,0.07433819726669055,1
type_horizon,4,3,4,2064,1,2,5.0,False,0.07433819726669055,2
type_horizon,4,3,4,2064,2,1,9.0,False,0.07433819726669055,3
type_horizon,4,3,4,2065,0,0,6.0,False,0.07433819726669055,2
type_horizon,4,3,4,2065,1,2,6.0,False,0.07433819726669055,2
type_horizon,4,3,4,2065,2,1,6.0,False,0.07433819726669055,2
type_horizon,4,3,4,2066,0,3,2.0,False,0.07433819726669055,1
type_horizon,4,3,4,2066,1,1,13.0,False,0.07433819726669055,4
type_horizon,4,3,4,2066,2,3,2.0,False,0.07433819726669055,1
type_horizon,4,3,4,2067,0,1,16.0,False,0.07433819726669055,4
type_horizon,4,3,4,2067,1,0,4.0,False,0.07433819726669055,1
type_horizon,4,3,4,2067,2,3,4.0,False,0.07433819726669055,1
type_horizon,4,3,4,2068,0,2,3.0,False,0.07433819726669055,1
type_horizon,4,3,4,2068,1,2,5.0,False,0.07433819726669055,2
type_horizon,4,3,4,2068,2,2,5.0,False,0.07433819726669055,2
type_horizon,4,3,4,2069,0,1,6.0,False,0.07433819726669055,2
type_horizon,4,3,4,2069,1,0,7.0,False,0.07433819726669055,2
type_horizon,4,3,4,2069,2,1,6.0,False,0.07433819726669055,2
type_horizon,4,3,4,2070,0,0,18.0,False,0.07433819726669055,5
type_horizon,4,3,4,2070,1,0,14.0,False,0.07433819726669055,4
type_horizon,4,3,4,2070,2,3,2.0,False,0.07433819726669055,1
type_horizon,4,3,4,2071,0,1,10.0,False,0.07433819726669055,3
type_horizon,4,3,4,2071,1,3,9.0,False,0.07433819726669055,3
type_horizon,4,3,4,2071,2,1,10.0,False,0.07433819726669055,3
type_horizon,4,3,4,2072,0,0,2.0,False,0.07433819726669055,1
type_horizon,4,3,4,2072,1,2,4.0,False,0.07433819726669055,1
type_horizon,4,3,4,2072,2,1,9.0,False,0.07433819726669055,3
type_horizon,4,3,4,2073,0,1,9.0,False,0.07433819726669055,3
type_horizon,4,3,4,2073,1,3,2.0,False,0.07433819726669055,1
type_horizon,4,3,4,2073,2,0,6.0,False,0.07433819726669055,2
type_horizon,4,3,4,2074,0,3,1.0,False,0.07433819726669055,1
type_horizon,4,3,4,2074,1,3,2.0,False,0.07433819726669055,1
type_horizon,4,3,4,2074,2,0,5.0,False,0.07433819726669055,2
type_horizon,4,3,4,2075,0,1,11.0,False,0.07433819726669055,3
type_horizon,4,3,4,2075,1,2,11.0,False,0.07433819726669055,3
type_horizon,4,3,4,2075,2,1,16.0,False,0.07433819726669055,4
type_horizon,4,3,4,2076,0,3,5.0,False,0.07433819726669055,2
type_horizon,4,3,4,2076,1,0,2.0,False,0.07433819726669055,1
type_horizon,4,3,4,2076,2,0,21.0,False,0.07433819726669055,6
type_horizon,4,3,4,2077,0,3,3.0,False,0.07433819726669055,1
type_horizon,4,3,4,2077,1,1,9.0,False,0.07433819726669055,3
type_horizon,4,3,4,2077,2,1,13.0,False,0.07433819726669055,4
type_horizon,4,3,4,2078,0,3,3.0,False,0.07433819726669055,1
type_horizon,4,3,4,2078,1,1,6.0,False,0.07433819726669055,2
type_horizon,4,3,4,2078,2,2,5.0,False,0.07433819726669055,2
type_horizon,4,3,4,2079,0,1,11.0,False,0.07433819726669055,3
type_horizon,4,3,4,2079,1,1,6.0,False,0.07433819726669055,2
type_horizon,4,3,4,2079,2,2,7.0,False,0.07433819726669055,2
type_horizon,4,3,4,2080,0,2,5.0,False,0.07433819726669055,2
type_horizon,4,3,4,2080,1,0,5.0,False,0.07433819726669055,2
type_horizon,4,3,4,2080,2,0,18.0,False,0.07433819726669055,5
type_horizon,4,3,4,2081,0,2,7.0,False,0.07433819726669055,2
type_horizon,4,3,4,2081,1,1,6.0,False,0.07433819726669055,2
type_horizon,4,3,4,2081,2,0,14.0,False,0.07433819726669055,4
type_horizon,4,3,4,2082,0,2,4.0,False,0.07433819726669055,1
type_horizon,4,3,4,2082,1,2,3.0,False,0.07433819726669055,1
type_horizon,4,3,4,2082,2,3,1.0,False,0.07433819726669055,1
type_horizon,4,3,4,2083,0,1,6.0,False,0.07433819726669055,2
type_horizon,4,3,4,2083,1,2,5.0,False,0.07433819726669055,2
type_horizon,4,3,4,2083,2,2,4.0,False,0.07433819726669055,1
type_horizon,4,3,4,2084,0,2,6.0,False,0.07433819726669055,2
type_horizon,4,3,4,2084,1,3,1.0,False,0.07433819726669055,1
type_horizon,4,3,4,2084,2,3,2.0,False,0.07433819726669055,1
type_horizon,4,3,4,2085,0,2,6.0,False,0.07433819726669055,2
type_horizon,4,3,4,2085,1,0,28.0,False,0.07433819726669055,7
type_horizon,4,3,4,2085,2,0,10.0,False,0.07433819726669055,3
type_horizon,4,3,4,2086,0,1,6.0,False,0.07433819726669055,2
type_horizon,4,3,4,2086,1,0,3.0,False,0.07433819726669055,1
type_horizon,4,3,4,2086,2,3,3.0,False,0.07433819726669055,1
type_horizon,4,3,4,2087,0,0,10.0,False,0.07433819726669055,3
type_horizon,4,3,4,2087,1,1,9.0,False,0.07433819726669055,3
type_horizon,4,3,4,2087,2,2,6.0,False,0.07433819726669055,2
type_horizon,4,3,4,2088,0,0,2.0,False,0.07433819726669055,1
type_horizon,4,3,4,2088,1,0,7.0,False,0.07433819726669055,2
type_horizon,4,3,4,2088,2,2,7.0,False,0.07433819726669055,2
type_horizon,4,3,4,2089,0,2,4.0,False,0.07433819726669055,1
type_horizon,4,3,4,2089,1,1,13.0,False,0.07433819726669055,4
type_horizon,4,3,4,2089,2,3,4.0,False,0.07433819726669055,1
type_horizon,4,3,4,2090,0,2,6.0,False,0.07433819726669055,2
type_horizon,4,3,4,2090,1,2,8.0,False,0.07433819726669055,2
type_horizon,4,3,4,2090,2,3,5.0,False,0.07433819726669055,2
type_horizon,4,3,4,2091,0,0,10.0,False,0.07433819726669055,3
type_horizon,4,3,4,2091,1,1,26.0,False,0.07433819726669055,7
type_horizon,4,3,4,2091,2,0,12.0,False,0.07433819726669055,3
type_horizon,4,3,4,2092,0,1,6.0,False,0.07433819726669055,2
type_horizon,4,3,4,2092,1,1,8.0,False,0.07433819726669055,2
type_horizon,4,3,4,2092,2,0,6.0,False,0.07433819726669055,2
type_horizon,4,3,4,2093,0,2,4.0,False,0.07433819726669055,1
type_horizon,4,3,4,2093,1,3,4.0,False,0.07433819726669055,1
type_horizon,4,3,4,2093,2,1,6.0,False,0.07433819726669055,2
type_horizon,4,3,4,2094,0,0,8.0,False,0.07433819726669055,2
type_horizon,4,3,4,2094,1,0,5.0,False,0.07433819726669055,2
type_horizon,4,3,4,2094,2,1,11.0,False,0.07433819726669055,3
type_horizon,4,3,4,2095,0,2,3.0,False,0.07433819726669055,1
type_horizon,4,3,4,2095,1,2,3.0,False,0.07433819726669055,1
type_horizon,4,3,4,2095,2,2,7.0,False,0.07433819726669055,2
type_horizon,4,3,4,2096,0,0,6.0,False,0.07433819726669055,2
type_horizon,4,3,4,2096,1,2,4.0,False,0.07433819726669055,1
type_horizon,4,3,4,2096,2,0,1.0,False,0.07433819726669055,1
type_horizon,4,3,4,2097,0,3,1.0,False,0.07433819726669055,1
type_horizon,4,3,4,2097,1,1,16.0,False,0.07433819726669055,4
type_horizon,4,3,4,2097,2,0,34.0,False,0.07433819726669055,9
type_horizon,4,3,4,2098,0,2,4.0,False,0.07433819726669055,1
type_horizon,4,3,4,2098,1,2,5.0,False,0.07433819726669055,2
type_horizon,4,3,4,2098,2,1,6.0,False,0.07433819726669055,2
type_horizon,4,3,4,2099,0,3,2.0,False,0.07433819726669055,1
type_horizon,4,3,4,2099,1,1,6.0,False,0.07433819726669055,2
type_horizon,4,3,4,2099,2,1,7.0,False,0.07433819726669055,2
type_horizon,4,3,4,2100,0,0,40.0,False,0.07433819726669055,10
type_horizon,4,3,4,2100,1,2,3.0,False,0.07433819726669055,1
type_horizon,4,3,4,2100,2,2,5.0,False,0.07433819726669055,2
type_horizon,4,3,4,2101,0,1,6.0,False,0.07433819726669055,2
type_horizon,4,3,4,2101,1,3,2.0,False,0.07433819726669055,1
type_horizon,4,3,4,2101,2,0,8.0,False,0.07433819726669055,2
type_horizon,4,3,4,2102,0,0,6.0,False,0.07433819726669055,2
type_horizon,4,3,4,2102,1,3,4.0,False,0.07433819726669055,1
type_horizon,4,3,4,2102,2,3,3.0,False,0.07433819726669055,1
type_horizon,4,3,4,2103,0,0,11.0,False,0.07433819726669055,3
type_horizon,4,3,4,2103,1,3,4.0,False,0.07433819726669055,1
type_horizon,4,3,4,2103,2,3,9.0,False,0.07433819726669055,3
type_horizon,4,3,4,2104,0,2,6.0,False,0.07433819726669055,2
type_horizon,4,3,4,2104,1,1,6.0,False,0.07433819726669055,2
type_horizon,4,3,4,2104,2,0,3.0,False,0.07433819726669055,1
type_horizon,4,3,4,2105,0,2,4.0,False,0.07433819726669055,1
type_horizon,4,3,4,2105,1,2,6.0,False,0.07433819726669055,2
type_horizon,4,3,4,2105,2,0,3.0,False,0.07433819726669055,1
type_horizon,4,3,4,2106,0,0,1.0,False,0.07433819726669055,1
type_horizon,4,3,4,2106,1,3,1.0,False,0.07433819726669055,1
type_horizon,4,3,4,2106,2,2,5.0,False,0.07433819726669055,2
type_horizon,4,3,4,2107,0,3,2.0,False,0.07433819726669055,1
type_horizon,4,3,4,2107,1,1,6.0,False,0.07433819726669055,2
type_horizon,4,3,4,2107,2,2,4.0,False,0.07433819726669055,1
type_horizon,4,3,4,2108,0,1,17.0,False,0.07433819726669055,5
type_horizon,4,3,4,2108,1,0,3.0,False,0.07433819726669055,1
type_horizon,4,3,4,2108,2,2,4.0,False,0.07433819726669055,1
type_horizon,4,3,4,2109,0,2,5.0,False,0.07433819726669055,2
type_horizon,4,3,4,2109,1,3,3.0,False,0.07433819726669055,1
type_horizon,4,3,4,2109,2,1,14.0,False,0.07433819726669055,4
type_horizon,4,3,4,2110,0,2,9.0,False,0.07433819726669055,3
type_horizon,4,3,4,2110,1,0,3.0,False,0.07433819726669055,1
type_horizon,4,3,4,2110,2,3,2.0,False,0.07433819726669055,1
type_horizon,4,3,4,2111,0,2,3.0,False,0.07433819726669055,1
type_horizon,4,3,4,2111,1,0,5.0,False,0.07433819726669055,2
type_horizon,4,3,4,2111,2,3,3.0,False,0.07433819726669055,1
type_horizon,4,3,4,2112,0,1,9.0,False,0.07433819726669055,3
type_horizon,4,3,4,2112,1,0,19.0,False,0.07433819726669055,5
type_horizon,4,3,4,2112,2,0,6.0,False,0.07433819726669055,2
type_horizon,4,3,4,2113,0,3,5.0,False,0.07433819726669055,2
type_horizon,4,3,4,2113,1,3,6.0,False,0.07433819726669055,2
type_horizon,4,3,4,2113,2,0,4.0,False,0.07433819726669055,1
type_horizon,4,3,4,2114,0,2,5.0,False,0.07433819726669055,2
type_horizon,4,3,4,2114,1,3,1.0,False,0.07433819726669055,1
type_horizon,4,3,4,2114,2,1,12.0,False,0.07433819726669055,3
type_horizon,4,3,4,2115,0,1,32.0,False,0.07433819726669055,8
type_horizon,4,3,4,2115,1,2,4.0,False,0.07433819726669055,1
type_horizon,4,3,4,2115,2,2,4.0,False,0.07433819726669055,1
type_horizon,4,3,4,2116,0,0,14.0,False,0.07433819726669055,4
type_horizon,4,3,4,2116,1,2,7.0,False,0.07433819726669055,2
type_horizon,4,3,4,2116,2,0,8.0,False,0.07433819726669055,2
type_horizon,4,3,4,2117,0,1,8.0,False,0.07433819726669055,2
type_horizon,4,3,4,2117,1,0,16.0,False,0.07433819726669055,4
type_horizon,4,3,4,2117,2,3,3.0,False,0.07433819726669055,1
type_horizon,4,3,4,2118,0,1,9.0,False,0.07433819726669055,3
type_horizon,4,3,4,2118,1,0,9.0,False,0.07433819726669055,3
type_horizon,4,3,4,2118,2,2,5.0,False,0.07433819726669055,2
type_horizon,4,3,4,2119,0,3,2.0,False,0.07433819726669055,1
type_horizon,4,3,4,2119,1,0,39.0,False,0.07433819726669055,10
type_horizon,4,3,4,2119,2,3,2.0,False,0.07433819726669055,1
type_horizon,4,3,4,2120,0,3,3.0,False,0.07433819726669055,1
type_horizon,4,3,4,2120,1,1,11.0,False,0.07433819726669055,3
type_horizon,4,3,4,2120,2,1,29.0,False,0.07433819726669055,8
type_horizon,4,3,4,2121,0,3,2.0,False,0.07433819726669055,1
type_horizon,4,3,4,2121,1,3,2.0,False,0.07433819726669055,1
type_horizon,4,3,4,2121,2,3,10.0,False,0.07433819726669055,3
type_horizon,4,3,4,2122,0,3,1.0,False,0.07433819726669055,1
type_horizon,4,3,4,2122,1,3,2.0,False,0.07433819726669055,1
type_horizon,4,3,4,2122,2,1,6.0,False,0.07433819726669055,2
type_horizon,4,3,4,2123,0,1,9.0,False,0.07433819726669055,3
type_horizon,4,3,4,2123,1,2,4.0,False,0.07433819726669055,1
type_horizon,4,3,4,2123,2,2,4.0,False,0.07433819726669055,1
type_horizon,4,3,4,2124,0,0,4.0,False,0.07433819726669055,1
type_horizon,4,3,4,2124,1,0,3.0,False,0.07433819726669055,1
type_horizon,4,3,4,2124,2,2,13.0,False,0.07433819726669055,4
type_horizon,4,3,4,2125,0,3,5.0,False,0.07433819726669055,2
type_horizon,4,3,4,2125,1,2,4.0,False,0.07433819726669055,1
type_horizon,4,3,4,2125,2,2,5.0,False,0.07433819726669055,2
type_horizon,4,3,4,2126,0,2,5.0,False,0.07433819726669055,2
type_horizon,4,3,4,2126,1,3,6.0,False,0.07433819726669055,2
type_horizon,4,3,4,2126,2,0,7.0,False,0.07433819726669055,2
type_horizon,4,3,4,2127,0,0,4.0,False,0.07433819726669055,1
type_horizon,4,3,4,2127,1,0,7.0,False,0.07433819726669055,2
type_horizon,4,3,4,2127,2,2,6.0,False,0.07433819726669055,2
type_horizon,4,3,4,2128,0,0,4.0,False,0.07433819726669055,1
type_horizon,4,3,4,2128,1,0,5.0,False,0.07433819726669055,2
type_horizon,4,3,4,2128,2,2,5.0,False,0.07433819726669055,2
type_horizon,4,3,4,2129,0,2,9.0,False,0.07433819726669055,3
type_horizon,4,3,4,2129,1,1,8.0,False,0.07433819726669055,2
type_horizon,4,3,4,2129,2,3,4.0,False,0.07433819726669055,1
type_horizon,4,3,4,2130,0,1,17.0,False,0.07433819726669055,5
type_horizon,4,3,4,2130,1,0,7.0,False,0.07433819726669055,2
type_horizon,4,3,4,2130,2,2,6.0,False,0.07433819726669055,2
type_horizon,4,3,4,2131,0,0,6.0,False,0.07433819726669055,2
type_horizon,4,3,4,2131,1,0,3.0,False,0.07433819726669055,1
type_horizon,4,3,4,2131,2,1,6.0,False,0.07433819726669055,2
type_horizon,4,3,4,2132,0,1,10.0,False,0.07433819726669055,3
type_horizon,4,3,4,2132,1,1,7.0,False,0.07433819726669055,2
type_horizon,4,3,4,2132,2,3,3.0,False,0.07433819726669055,1
type_horizon,4,3,4,2133,0,2,6.0,False,0.07433819726669055,2
type_horizon,4,3,4,2133,1,1,6.0,False,0.07433819726669055,2
type_horizon,4,3,4,2133,2,3,7.0,False,0.07433819726669055,2
type_horizon,4,3,4,2134,0,2,3.0,False,0.07433819726669055,1
type_horizon,4,3,4,2134,1,2,6.0,False,0.07433819726669055,2
type_horizon,4,3,4,2134,2,1,9.0,False,0.07433819726669055,3
type_horizon,4,3,4,2135,0,0,15.0,False,0.07433819726669055,4
type_horizon,4,3,4,2135,1,1,18.0,False,0.07433819726669055,5
type_horizon,4,3,4,2135,2,1,8.0,False,0.07433819726669055,2
type_horizon,4,3,4,2136,0,1,8.0,False,0.07433819726669055,2
type_horizon,4,3,4,2136,1,1,7.0,False,0.07433819726669055,2
type_horizon,4,3,4,2136,2,2,4.0,False,0.07433819726669055,1
type_horizon,4,3,4,2137,0,2,6.0,False,0.07433819726669055,2
type_horizon,4,3,4,2137,1,1,9.0,False,0.07433819726669055,3
type_horizon,4,3,4,2137,2,0,10.0,False,0.07433819726669055,3
type_horizon,4,3,4,2138,0,3,2.0,False,0.07433819726669055,1
type_horizon,4,3,4,2138,1,2,3.0,False,0.07433819726669055,1
type_horizon,4,3,4,2138,2,2,7.0,False,0.07433819726669055,2
type_horizon,4,3,4,2139,0,1,9.0,False,0.07433819726669055,3
type_horizon,4,3,4,2139,1,3,1.0,False,0.07433819726669055,1
type_horizon,4,3,4,2139,2,1,6.0,False,0.07433819726669055,2
type_horizon,4,3,4,2140,0,0,7.0,False,0.07433819726669055,2
type_horizon,4,3,4,2140,1,1,8.0,False,0.07433819726669055,2
type_horizon,4,3,4,2140,2,2,5.0,False,0.07433819726669055,2
type_horizon,4,3,4,2141,0,0,8.0,False,0.07433819726669055,2
type_horizon,4,3,4,2141,1,3,5.0,False,0.07433819726669055,2
type_horizon,4,3,4,2141,2,1,22.0,False,0.07433819726669055,6
type_horizon,4,3,4,2142,0,3,3.0,False,0.07433819726669055,1
type_horizon,4,3,4,2142,1,0,7.0,False,0.07433819726669055,2
type_horizon,4,3,4,2142,2,1,6.0,False,0.07433819726669055,2
type_horizon,4,3,4,2143,0,3,2.0,False,0.07433819726669055,1
type_horizon,4,3,4,2143,1,1,7.0,False,0.07433819726669055,2
type_horizon,4,3,4,2143,2,1,8.0,False,0.07433819726669055,2
type_horizon,4,3,4,2144,0,2,6.0,False,0.07433819726669055,2
type_horizon,4,3,4,2144,1,3,11.0,False,0.07433819726669055,3
type_horizon,4,3,4,2144,2,2,9.0,False,0.07433819726669055,3
type_horizon,4,3,4,2145,0,3,4.0,False,0.07433819726669055,1
type_horizon,4,3,4,2145,1,3,6.0,False,0.07433819726669055,2
type_horizon,4,3,4,2145,2,3,5.0,False,0.07433819726669055,2
type_horizon,4,3,4,2146,0,1,8.0,False,0.07433819726669055,2
type_horizon,4,3,4,2146,1,0,3.0,False,0.07433819726669055,1
type_horizon,4,3,4,2146,2,1,6.0,False,0.07433819726669055,2
type_horizon,4,3,4,2147,0,1,17.0,False,0.07433819726669055,5
type_horizon,4,3,4,2147,1,1,6.0,False,0.07433819726669055,2
type_horizon,4,3,4,2147,2,0,6.0,False,0.07433819726669055,2
type_horizon,4,3,4,2148,0,0,3.0,False,0.07433819726669055,1
type_horizon,4,3,4,2148,1,1,9.0,False,0.07433819726669055,3
type_horizon,4,3,4,2148,2,3,4.0,False,0.07433819726669055,1
type_horizon,4,3,4,2149,0,2,3.0,False,0.07433819726669055,1
type_horizon,4,3,4,2149,1,2,4.0,False,0.07433819726669055,1
type_horizon,4,3,4,2149,2,0,6.0,False,0.07433819726669055,2
type_horizon,4,3,4,2150,0,0,2.0,False,0.07433819726669055,1
type_horizon,4,3,4,2150,1,2,8.0,False,0.07433819726669055,2
type_horizon,4,3,4,2150,2,3,4.0,False,0.07433819726669055,1
type_horizon,4,3,4,2151,0,1,10.0,False,0.07433819726669055,3
type_horizon,4,3,4,2151,1,3,1.0,False,0.07433819726669055,1
type_horizon,4,3,4,2151,2,0,5.0,False,0.07433819726669055,2
type_horizon,4,3,4,2152,0,0,8.0,False,0.07433819726669055,2
type_horizon,4,3,4,2152,1,3,3.0,False,0.07433819726669055,1
type_horizon,4,3,4,2152,2,0,13.0,False,0.07433819726669055,4
type_horizon,4,3,4,2153,0,2,8.0,False,0.07433819726669055,2
type_horizon,4,3,4,2153,1,3,4.0,False,0.07433819726669055,1
type_horizon,4,3,4,2153,2,3,7.0,False,0.07433819726669055,2
type_horizon,4,3,4,2154,0,3,4.0,False,0.07433819726669055,1
type_horizon,4,3,4,2154,1,1,10.0,False,0.07433819726669055,3
type_horizon,4,3,4,2154,2,3,2.0,False,0.07433819726669055,1
type_horizon,4,3,4,2155,0,0,9.0,False,0.07433819726669055,3
type_horizon,4,3,4,2155,1,1,6.0,False,0.07433819726669055,2
type_horizon,4,3,4,2155,2,1,6.0,False,0.07433819726669055,2
type_horizon,4,3,4,2156,0,1,7.0,False,0.07433819726669055,2
type_horizon,4,3,4,2156,1,1,19.0,False,0.07433819726669055,5
type_horizon,4,3,4,2156,2,2,4.0,False,0.07433819726669055,1
type_horizon,4,3,4,2157,0,3,4.0,False,0.07433819726669055,1
type_horizon,4,3,4,2157,1,3,2.0,False,0.07433819726669055,1
type_horizon,4,3,4,2157,2,2,5.0,False,0.07433819726669055,2
type_horizon,4,3,4,2158,0,2,4.0,False,0.07433819726669055,1
type_horizon,4,3,4,2158,1,1,12.0,False,0.07433819726669055,3
type_horizon,4,3,4,2158,2,0,5.0,False,0.07433819726669055,2
type_horizon,4,3,4,2159,0,1,6.0,False,0.07433819726669055,2
type_horizon,4,3,4,2159,1,0,2.0,False,0.07433819726669055,1
type_horizon,4,3,4,2159,2,1,6.0,False,0.07433819726669055,2
type_horizon,4,3,4,2160,0,1,6.0,False,0.07433819726669055,2
type_horizon,4,3,4,2160,1,0,4.0,False,0.07433819726669055,1
type_horizon,4,3,4,2160,2,0,4.0,False,0.07433819726669055,1
type_horizon,4,3,4,2161,0,3,4.0,False,0.07433819726669055,1
type_horizon,4,3,4,2161,1,0,4.0,False,0.07433819726669055,1
type_horizon,4,3,4,2161,2,1,10.0,False,0.07433819726669055,3
type_horizon,4,3,4,2162,0,2,14.0,False,0.07433819726669055,4
type_horizon,4,3,4,2162,1,0,12.0,False,0.07433819726669055,3
type_horizon,4,3,4,2162,2,3,3.0,False,0.07433819726669055,1
type_horizon,4,3,4,2163,0,1,10.0,False,0.07433819726669055,3
type_horizon,4,3,4,2163,1,3,2.0,False,0.07433819726669055,1
type_horizon,4,3,4,2163,2,1,6.0,False,0.07433819726669055,2
type_horizon,4,3,4,2164,0,0,15.0,False,0.07433819726669055,4
type_horizon,4,3,4,2164,1,0,6.0,False,0.07433819726669055,2
type_horizon,4,3,4,2164,2,1,14.0,False,0.07433819726669055,4
type_horizon,4,3,4,2165,0,2,4.0,False,0.07433819726669055,1
type_horizon,4,3,4,2165,1,0,5.0,False,0.07433819726669055,2
type_horizon,4,3,4,2165,2,1,20.0,False,0.07433819726669055,5
type_horizon,4,3,4,2166,0,1,8.0,False,0.07433819726669055,2
type_horizon,4,3,4,2166,1,3,3.0,False,0.07433819726669055,1
type_horizon,4,3,4,2166,2,3,1.0,False,0.07433819726669055,1
type_horizon,4,3,4,2167,0,1,9.0,False,0.07433819726669055,3
type_horizon,4,3,4,2167,1,1,7.0,False,0.07433819726669055,2
type_horizon,4,3,4,2167,2,0,3.0,False,0.07433819726669055,1
type_horizon,4,3,4,2168,0,3,2.0,False,0.07433819726669055,1
type_horizon,4,3,4,2168,1,1,15.0,False,0.07433819726669055,4
type_horizon,4,3,4,2168,2,0,4.0,False,0.07433819726669055,1
type_horizon,4,3,4,2169,0,1,17.0,False,0.07433819726669055,5
type_horizon,4,3,4,2169,1,3,7.0,False,0.07433819726669055,2
type_horizon,4,3,4,2169,2,1,9.0,False,0.07433819726669055,3
type_horizon,4,3,4,2170,0,0,4.0,False,0.07433819726669055,1
type_horizon,4,3,4,2170,1,2,8.0,False,0.07433819726669055,2
type_horizon,4,3,4,2170,2,2,4.0,False,0.07433819726669055,1
type_horizon,4,3,4,2171,0,0,15.0,False,0.07433819726669055,4
type_horizon,4,3,4,2171,1,2,6.0,False,0.07433819726669055,2
type_horizon,4,3,4,2171,2,0,9.0,False,0.07433819726669055,3
type_horizon,4,3,4,2172,0,3,1.0,False,0.07433819726669055,1
type_horizon,4,3,4,2172,1,3,2.0,False,0.07433819726669055,1
type_horizon,4,3,4,2172,2,3,3.0,False,0.07433819726669055,1
type_horizon,4,3,4,2173,0,0,9.0,False,0.07433819726669055,3
type_horizon,4,3,4,2173,1,0,4.0,False,0.07433819726669055,1
type_horizon,4,3,4,2173,2,2,3.0,False,0.07433819726669055,1
type_horizon,4,3,4,2174,0,0,17.0,False,0.07433819726669055,5
type_horizon,4,3,4,2174,1,0,7.0,False,0.07433819726669055,2
type_horizon,4,3,4,2174,2,2,4.0,False,0.07433819726669055,1
type_horizon,4,3,4,2175,0,1,7.0,False,0.07433819726669055,2
type_horizon,4,3,4,2175,1,1,6.0,False,0.07433819726669055,2
type_horizon,4,3,4,2175,2,2,4.0,False,0.07433819726669055,1
type_horizon,4,3,4,2176,0,0,7.0,False,0.07433819726669055,2
type_horizon,4,3,4,2176,1,2,4.0,False,0.07433819726669055,1
type_horizon,4,3,4,2176,2,1,17.0,False,0.07433819726669055,5
type_horizon,4,3,4,2177,0,3,5.0,False,0.07433819726669055,2
type_horizon,4,3,4,2177,1,2,5.0,False,0.07433819726669055,2
type_horizon,4,3,4,2177,2,2,4.0,False,0.07433819726669055,1
type_horizon,4,3,4,2178,0,0,14.0,False,0.07433819726669055,4
type_horizon,4,3,4,2178,1,0,28.0,False,0.07433819726669055,7
type_horizon,4,3,4,2178,2,3,2.0,False,0.07433819726669055,1
type_horizon,4,3,4,2179,0,2,4.0,False,0.07433819726669055,1
type_horizon,4,3,4,2179,1,2,6.0,False,0.07433819726669055,2
type_horizon,4,3,4,2179,2,3,2.0,False,0.07433819726669055,1
type_horizon,4,3,4,2180,0,0,6.0,False,0.07433819726669055,2
type_horizon,4,3,4,2180,1,1,23.0,False,0.07433819726669055,6
type_horizon,4,3,4,2180,2,0,5.0,False,0.07433819726669055,2
type_horizon,4,3,4,2181,0,3,5.0,False,0.07433819726669055,2
type_horizon,4,3,4,2181,1,3,4.0,False,0.07433819726669055,1
type_horizon,4,3,4,2181,2,2,6.0,False,0.07433819726669055,2
type_horizon,4,3,4,2182,0,3,1.0,False,0.07433819726669055,1
type_horizon,4,3,4,2182,1,2,5.0,False,0.07433819726669055,2
type_horizon,4,3,4,2182,2,1,6.0,False,0.07433819726669055,2
type_horizon,4,3,4,2183,0,2,4.0,False,0.07433819726669055,1
type_horizon,4,3,4,2183,1,3,3.0,False,0.07433819726669055,1
type_horizon,4,3,4,2183,2,0,4.0,False,0.07433819726669055,1
type_horizon,4,3,4,2184,0,2,4.0,False,0.07433819726669055,1
type_horizon,4,3,4,2184,1,0,4.0,False,0.07433819726669055,1
type_horizon,4,3,4,2184,2,2,15.0,False,0.07433819726669055,4
type_horizon,4,3,4,2185,0,0,14.0,False,0.07433819726669055,4
type_horizon,4,3,4,2185,1,3,6.0,False,0.07433819726669055,2
type_horizon,4,3,4,2185,2,0,3.0,False,0.07433819726669055,1
type_horizon,4,3,4,2186,0,0,5.0,False,0.07433819726669055,2
type_horizon,4,3,4,2186,1,0,3.0,False,0.07433819726669055,1
type_horizon,4,3,4,2186,2,3,4.0,False,0.07433819726669055,1
type_horizon,4,3,4,2187,0,2,4.0,False,0.07433819726669055,1
type_horizon,4,3,4,2187,1,0,6.0,False,0.07433819726669055,2
type_horizon,4,3,4,2187,2,2,4.0,False,0.07433819726669055,1
type_horizon,4,3,4,2188,0,3,5.0,False,0.07433819726669055,2
type_horizon,4,3,4,2188,1,2,5.0,False,0.07433819726669055,2
type_horizon,4,3,4,2188,2,3,4.0,False,0.07433819726669055,1
type_horizon,4,3,4,2189,0,3,3.0,False,0.07433819726669055,1
type_horizon,4,3,4,2189,1,0,5.0,False,0.07433819726669055,2
type_horizon,4,3,4,2189,2,2,4.0,False,0.07433819726669055,1
type_horizon,4,3,4,2190,0,3,12.0,False,0.07433819726669055,3
type_horizon,4,3,4,2190,1,1,18.0,False,0.07433819726669055,5
type_horizon,4,3,4,2190,2,2,4.0,False,0.07433819726669055,1
type_horizon,4,3,4,2191,0,3,2.0,False,0.07433819726669055,1
type_horizon,4,3,4,2191,1,2,5.0,False,0.07433819726669055,2
type_horizon,4,3,4,2191,2,2,3.0,False,0.07433819726669055,1
type_horizon,4,3,4,2192,0,0,12.0,False,0.07433819726669055,3
type_horizon,4,3,4,2192,1,2,3.0,False,0.07433819726669055,1
type_horizon,4,3,4,2192,2,2,7.0,False,0.07433819726669055,2
type_horizon,4,3,4,2193,0,2,4.0,False,0.07433819726669055,1
type_horizon,4,3,4,2193,1,0,16.0,False,0.07433819726669055,4
type_horizon,4,3,4,2193,2,0,3.0,False,0.07433819726669055,1
type_horizon,4,3,4,2194,0,3,2.0,False,0.07433819726669055,1
type_horizon,4,3,4,2194,1,3,2.0,False,0.07433819726669055,1
type_horizon,4,3,4,2194,2,1,7.0,False,0.07433819726669055,2
type_horizon,4,3,4,2195,0,1,6.0,False,0.07433819726669055,2
type_horizon,4,3,4,2195,1,0,36.0,False,0.07433819726669055,9
type_horizon,4,3,4,2195,2,3,2.0,False,0.07433819726669055,1
type_horizon,4,3,4,2196,0,2,5.0,False,0.07433819726669055,2
type_horizon,4,3,4,2196,1,2,5.0,False,0.07433819726669055,2
type_horizon,4,3,4,2196,2,3,3.0,False,0.07433819726669055,1
type_horizon,4,3,4,2197,0,3,2.0,False,0.07433819726669055,1
type_horizon,4,3,4,2197,1,3,5.0,False,0.07433819726669055,2
type_horizon,4,3,4,2197,2,2,4.0,False,0.07433819726669055,1
type_horizon,4,3,4,2198,0,1,16.0,False,0.07433819726669055,4
type_horizon,4,3,4,2198,1,2,5.0,False,0.07433819726669055,2
type_horizon,4,3,4,2198,2,0,7.0,False,0.07433819726669055,2
type_horizon,4,3,4,2199,0,3,3.0,False,0.07433819726669055,1
type_horizon,4,3,4,2199,1,0,7.0,False,0.07433819726669055,2
type_horizon,4,3,4,2199,2,1,7.0,False,0.07433819726669055,2
type_horizon,16,3,4,2000,0,1,6.0,False,0.07433819726669055,1
type_horizon,16,3,4,2000,1,2,4.0,False,0.07433819726669055,1
type_horizon,16,3,4,2000,2,1,38.0,False,0.07433819726669055,3
type_horizon,16,3,4,2001,0,0,3.0,False,0.07433819726669055,1
type_horizon,16,3,4,2001,1,1,10.0,False,0.07433819726669055,1
type_horizon,16,3,4,2001,2,3,3.0,False,0.07433819726669055,1
type_horizon,16,3,4,2002,0,2,5.0,False,0.07433819726669055,1
type_horizon,16,3,4,2002,1,2,4.0,False,0.07433819726669055,1
type_horizon,16,3,4,2002,2,3,9.0,False,0.07433819726669055,1
type_horizon,16,3,4,2003,0,3,7.0,False,0.07433819726669055,1
type_horizon,16,3,4,2003,1,1,8.0,False,0.07433819726669055,1
type_horizon,16,3,4,2003,2,0,12.0,False,0.07433819726669055,1
type_horizon,16,3,4,2004,0,2,4.0,False,0.07433819726669055,1
type_horizon,16,3,4,2004,1,3,6.0,False,0.07433819726669055,1
type_horizon,16,3,4,2004,2,1,7.0,False,0.07433819726669055,1
type_horizon,16,3,4,2005,0,1,6.0,False,0.07433819726669055,1
type_horizon,16,3,4,2005,1,3,5.0,False,0.07433819726669055,1
type_horizon,16,3,4,2005,2,0,5.0,False,0.07433819726669055,1
type_horizon,16,3,4,2006,0,0,6.0,False,0.07433819726669055,1
type_horizon,16,3,4,2006,1,2,5.0,False,0.07433819726669055,1
type_horizon,16,3,4,2006,2,1,6.0,False,0.07433819726669055,1
type_horizon,16,3,4,2007,0,3,1.0,False,0.07433819726669055,1
type_horizon,16,3,4,2007,1,1,8.0,False,0.07433819726669055,1
type_horizon,16,3,4,2007,2,0,5.0,False,0.07433819726669055,1
type_horizon,16,3,4,2008,0,1,7.0,False,0.07433819726669055,1
type_horizon,16,3,4,2008,1,0,15.0,False,0.07433819726669055,1
type_horizon,16,3,4,2008,2,1,8.0,False,0.07433819726669055,1
type_horizon,16,3,4,2009,0,0,29.0,False,0.07433819726669055,2
type_horizon,16,3,4,2009,1,1,21.0,False,0.07433819726669055,2
type_horizon,16,3,4,2009,2,3,2.0,False,0.07433819726669055,1
type_horizon,16,3,4,2010,0,2,11.0,False,0.07433819726669055,1
type_horizon,16,3,4,2010,1,1,7.0,False,0.07433819726669055,1
type_horizon,16,3,4,2010,2,3,2.0,False,0.07433819726669055,1
type_horizon,16,3,4,2011,0,2,5.0,False,0.07433819726669055,1
type_horizon,16,3,4,2011,1,3,1.0,False,0.07433819726669055,1
type_horizon,16,3,4,2011,2,3,1.0,False,0.07433819726669055,1
type_horizon,16,3,4,2012,0,0,8.0,False,0.07433819726669055,1
type_horizon,16,3,4,2012,1,0,12.0,False,0.07433819726669055,1
type_horizon,16,3,4,2012,2,0,14.0,False,0.07433819726669055,1
type_horizon,16,3,4,2013,0,1,6.0,False,0.07433819726669055,1
type_horizon,16,3,4,2013,1,3,1.0,False,0.07433819726669055,1
type_horizon,16,3,4,2013,2,0,6.0,False,0.07433819726669055,1
type_horizon,16,3,4,2014,0,3,3.0,False,0.07433819726669055,1
type_horizon,16,3,4,2014,1,2,3.0,False,0.07433819726669055,1
type_horizon,16,3,4,2014,2,0,25.0,False,0.07433819726669055,2
type_horizon,16,3,4,2015,0,0,2.0,False,0.07433819726669055,1
type_horizon,16,3,4,2015,1,2,3.0,False,0.07433819726669055,1
type_horizon,16,3,4,2015,2,1,12.0,False,0.07433819726669055,1
type_horizon,16,3,4,2016,0,3,2.0,False,0.07433819726669055,1
type_horizon,16,3,4,2016,1,3,4.0,False,0.07433819726669055,1
type_horizon,16,3,4,2016,2,3,1.0,False,0.07433819726669055,1
type_horizon,16,3,4,2017,0,3,1.0,False,0.07433819726669055,1
type_horizon,16,3,4,2017,1,0,8.0,False,0.07433819726669055,1
type_horizon,16,3,4,2017,2,0,6.0,False,0.07433819726669055,1
type_horizon,16,3,4,2018,0,3,5.0,False,0.07433819726669055,1
type_horizon,16,3,4,2018,1,1,8.0,False,0.07433819726669055,1
type_horizon,16,3,4,2018,2,0,12.0,False,0.07433819726669055,1
type_horizon,16,3,4,2019,0,2,6.0,False,0.07433819726669055,1
type_horizon,16,3,4,2019,1,3,1.0,False,0.07433819726669055,1
type_horizon,16,3,4,2019,2,2,4.0,False,0.07433819726669055,1
type_horizon,16,3,4,2020,0,3,5.0,False,0.07433819726669055,1
type_horizon,16,3,4,2020,1,3,2.0,False,0.07433819726669055,1
type_horizon,16,3,4,2020,2,1,7.0,False,0.07433819726669055,1
type_horizon,16,3,4,2021,0,1,33.0,False,0.07433819726669055,3
type_horizon,16,3,4,2021,1,3,2.0,False,0.07433819726669055,1
type_horizon,16,3,4,2021,2,1,6.0,False,0.07433819726669055,1
type_horizon,16,3,4,2022,0,3,1.0,False,0.07433819726669055,1
type_horizon,16,3,4,2022,1,0,3.0,False,0.07433819726669055,1
type_horizon,16,3,4,2022,2,3,8.0,False,0.07433819726669055,1
type_horizon,16,3,4,2023,0,2,5.0,False,0.07433819726669055,1
type_horizon,16,3,4,2023,1,0,3.0,False,0.07433819726669055,1
type_horizon,16,3,4,2023,2,0,35.0,False,0.07433819726669055,3
type_horizon,16,3,4,2024,0,1,18.0,False,0.07433819726669055,2
type_horizon,16,3,4,2024,1,3,3.0,False,0.07433819726669055,1
type_horizon,16,3,4,2024,2,0,13.0,False,0.07433819726669055,1
type_horizon,16,3,4,2025,0,0,7.0,False,0.07433819726669055,1
type_horizon,16,3,4,2025,1,2,5.0,False,0.07433819726669055,1
type_horizon,16,3,4,2025,2,2,6.0,False,0.07433819726669055,1
type_horizon,16,3,4,2026,0,1,7.0,False,0.07433819726669055,1
type_horizon,16,3,4,2026,1,3,5.0,False,0.07433819726669055,1
type_horizon,16,3,4,2026,2,0,4.0,False,0.07433819726669055,1
type_horizon,16,3,4,2027,0,1,7.0,False,0.07433819726669055,1
type_horizon,16,3,4,2027,1,0,7.0,False,0.07433819726669055,1
type_horizon,16,3,4,2027,2,0,14.0,False,0.07433819726669055,1
type_horizon,16,3,4,2028,0,1,8.0,False,0.07433819726669055,1
type_horizon,16,3,4,2028,1,1,9.0,False,0.07433819726669055,1
type_horizon,16,3,4,2028,2,3,3.0,False,0.07433819726669055,1
type_horizon,16,3,4,2029,0,1,6.0,False,0.07433819726669055,1
type_horizon,16,3,4,2029,1,1,11.0,False,0.07433819726669055,1
type_horizon,16,3,4,2029,2,3,3.0,False,0.07433819726669055,1
type_horizon,16,3,4,2030,0,0,9.0,False,0.07433819726669055,1
type_horizon,16,3,4,2030,1,1,6.0,False,0.07433819726669055,1
type_horizon,16,3,4,2030,2,2,5.0,False,0.07433819726669055,1
type_horizon,16,3,4,2031,0,3,2.0,False,0.07433819726669055,1
type_horizon,16,3,4,2031,1,2,6.0,False,0.07433819726669055,1
type_horizon,16,3,4,2031,2,0,2.0,False,0.07433819726669055,1
type_horizon,16,3,4,2032,0,1,7.0,False,0.07433819726669055,1
type_horizon,16,3,4,2032,1,1,6.0,False,0.07433819726669055,1
type_horizon,16,3,4,2032,2,2,4.0,False,0.07433819726669055,1
type_horizon,16,3,4,2033,0,3,11.0,False,0.07433819726669055,1
type_horizon,16,3,4,2033,1,2,4.0,False,0.07433819726669055,1
type_horizon,16,3,4,2033,2,0,10.0,False,0.07433819726669055,1
type_horizon,16,3,4,2034,0,0,25.0,False,0.07433819726669055,2
type_horizon,16,3,4,2034,1,3,2.0,False,0.07433819726669055,1
type_horizon,16,3,4,2034,2,2,4.0,False,0.07433819726669055,1
type_horizon,16,3,4,2035,0,2,6.0,False,0.07433819726669055,1
type_horizon,16,3,4,2035,1,3,1.0,False,0.07433819726669055,1
type_horizon,16,3,4,2035,2,2,4.0,False,0.07433819726669055,1
type_horizon,16,3,4,2036,0,0,3.0,False,0.07433819726669055,1
type_horizon,16,3,4,2036,1,1,6.0,False,0.07433819726669055,1
type_horizon,16,3,4,2036,2,1,8.0,False,0.07433819726669055,1
type_horizon,16,3,4,2037,0,2,3.0,False,0.07433819726669055,1
type_horizon,16,3,4,2037,1,0,4.0,False,0.07433819726669055,1
type_horizon,16,3,4,2037,2,3,2.0,False,0.07433819726669055,1
type_horizon,16,3,4,2038,0,0,4.0,False,0.07433819726669055,1
type_horizon,16,3,4,2038,1,2,5.0,False,0.07433819726669055,1
type_horizon,16,3,4,2038,2,0,5.0,False,0.07433819726669055,1
type_horizon,16,3,4,2039,0,3,1.0,False,0.07433819726669055,1
type_horizon,16,3,4,2039,1,2,4.0,False,0.07433819726669055,1
type_horizon,16,3,4,2039,2,1,6.0,False,0.07433819726669055,1
type_horizon,16,3,4,2040,0,3,1.0,False,0.07433819726669055,1
type_horizon,16,3,4,2040,1,0,11.0,False,0.07433819726669055,1
type_horizon,16,3,4,2040,2,2,5.0,False,0.07433819726669055,1
type_horizon,16,3,4,2041,0,0,3.0,False,0.07433819726669055,1
type_horizon,16,3,4,2041,1,3,4.0,False,0.07433819726669055,1
type_horizon,16,3,4,2041,2,3,2.0,False,0.07433819726669055,1
type_horizon,16,3,4,2042,0,1,11.0,False,0.07433819726669055,1
type_horizon,16,3,4,2042,1,2,4.0,False,0.07433819726669055,1
type_horizon,16,3,4,2042,2,0,13.0,False,0.07433819726669055,1
type_horizon,16,3,4,2043,0,3,3.0,False,0.07433819726669055,1
type_horizon,16,3,4,2043,1,0,2.0,False,0.07433819726669055,1
type_horizon,16,3,4,2043,2,2,3.0,False,0.07433819726669055,1
type_horizon,16,3,4,2044,0,3,2.0,False,0.07433819726669055,1
type_horizon,16,3,4,2044,1,0,4.0,False,0.07433819726669055,1
type_horizon,16,3,4,2044,2,1,11.0,False,0.07433819726669055,1
type_horizon,16,3,4,2045,0,3,1.0,False,0.07433819726669055,1
type_horizon,16,3,4,2045,1,1,8.0,False,0.07433819726669055,1
type_horizon,16,3,4,2045,2,1,10.0,False,0.07433819726669055,1
type_horizon,16,3,4,2046,0,2,6.0,False,0.07433819726669055,1
type_horizon,16,3,4,2046,1,0,20.0,False,0.07433819726669055,2
type_horizon,16,3,4,2046,2,3,2.0,False,0.07433819726669055,1
type_horizon,16,3,4,2047,0,1,6.0,False,0.07433819726669055,1
type_horizon,16,3,4,2047,1,0,4.0,False,0.07433819726669055,1
type_horizon,16,3,4,2047,2,2,6.0,False,0.07433819726669055,1
type_horizon,16,3,4,2048,0,3,5.0,False,0.07433819726669055,1
type_horizon,16,3,4,2048,1,1,9.0,False,0.07433819726669055,1
type_horizon,16,3,4,2048,2,2,5.0,False,0.07433819726669055,1
type_horizon,16,3,4,2049,0,0,6.0,False,0.07433819726669055,1
type_horizon,16,3,4,2049,1,3,7.0,False,0.07433819726669055,1
type_horizon,16,3,4,2049,2,3,8.0,False,0.07433819726669055,1
type_horizon,16,3,4,2050,0,0,21.0,False,0.07433819726669055,2
type_horizon,16,3,4,2050,1,3,2.0,False,0.07433819726669055,1
type_horizon,16,3,4,2050,2,2,14.0,False,0.07433819726669055,1
type_horizon,16,3,4,2051,0,1,10.0,False,0.07433819726669055,1
type_horizon,16,3,4,2051,1,2,4.0,False,0.07433819726669055,1
type_horizon,16,3,4,2051,2,0,2.0,False,0.07433819726669055,1
type_horizon,16,3,4,2052,0,1,9.0,False,0.07433819726669055,1
type_horizon,16,3,4,2052,1,0,14.0,False,0.07433819726669055,1
type_horizon,16,3,4,2052,2,2,3.0,False,0.07433819726669055,1
type_horizon,16,3,4,2053,0,3,4.0,False,0.07433819726669055,1
type_horizon,16,3,4,2053,1,3,2.0,False,0.07433819726669055,1
type_horizon,16,3,4,2053,2,1,7.0,False,0.07433819726669055,1
type_horizon,16,3,4,2054,0,3,3.0,False,0.07433819726669055,1
type_horizon,16,3,4,2054,1,0,6.0,False,0.07433819726669055,1
type_horizon,16,3,4,2054,2,3,4.0,False,0.07433819726669055,1
type_horizon,16,3,4,2055,0,0,6.0,False,0.07433819726669055,1
type_horizon,16,3,4,2055,1,0,3.0,False,0.07433819726669055,1
type_horizon,16,3,4,2055,2,2,5.0,False,0.07433819726669055,1
type_horizon,16,3,4,2056,0,1,7.0,False,0.07433819726669055,1
type_horizon,16,3,4,2056,1,2,4.0,False,0.07433819726669055,1
type_horizon,16,3,4,2056,2,0,21.0,False,0.07433819726669055,2
type_horizon,16,3,4,2057,0,2,11.0,False,0.07433819726669055,1
type_horizon,16,3,4,2057,1,2,6.0,False,0.07433819726669055,1
type_horizon,16,3,4,2057,2,2,12.0,False,0.07433819726669055,1
type_horizon,16,3,4,2058,0,0,6.0,False,0.07433819726669055,1
type_horizon,16,3,4,2058,1,2,7.0,False,0.07433819726669055,1
type_horizon,16,3,4,2058,2,1,7.0,False,0.07433819726669055,1
type_horizon,16,3,4,2059,0,0,3.0,False,0.07433819726669055,1
type_horizon,16,3,4,2059,1,0,12.0,False,0.07433819726669055,1
type_horizon,16,3,4,2059,2,3,1.0,False,0.07433819726669055,1
type_horizon,16,3,4,2060,0,2,5.0,False,0.07433819726669055,1
type_horizon,16,3,4,2060,1,2,4.0,False,0.07433819726669055,1
type_horizon,16,3,4,2060,2,2,3.0,False,0.07433819726669055,1
type_horizon,16,3,4,2061,0,2,6.0,False,0.07433819726669055,1
type_horizon,16,3,4,2061,1,0,19.0,False,0.07433819726669055,2
type_horizon,16,3,4,2061,2,1,11.0,False,0.07433819726669055,1
type_horizon,16,3,4,2062,0,1,19.0,False,0.07433819726669055,2
type_horizon,16,3,4,2062,1,3,2.0,False,0.07433819726669055,1
type_horizon,16,3,4,2062,2,2,5.0,False,0.07433819726669055,1
type_horizon,16,3,4,2063,0,2,8.0,False,0.07433819726669055,1
type_horizon,16,3,4,2063,1,0,35.0,False,0.07433819726669055,3
type_horizon,16,3,4,2063,2,2,4.0,False,0.07433819726669055,1
type_horizon,16,3,4,2064,0,2,3.0,False,0.07433819726669055,1
type_horizon,16,3,4,2064,1,2,5.0,False,0.07433819726669055,1
type_horizon,16,3,4,2064,2,1,9.0,False,0.07433819726669055,1
type_horizon,16,3,4,2065,0,0,6.0,False,0.07433819726669055,1
type_horizon,16,3,4,2065,1,2,6.0,False,0.07433819726669055,1
type_horizon,16,3,4,2065,2,1,6.0,False,0.07433819726669055,1
type_horizon,16,3,4,2066,0,3,2.0,False,0.07433819726669055,1
type_horizon,16,3,4,2066,1,1,13.0,False,0.07433819726669055,1
type_horizon,16,3,4,2066,2,3,2.0,False,0.07433819726669055,1
type_horizon,16,3,4,2067,0,1,16.0,False,0.07433819726669055,1
type_horizon,16,3,4,2067,1,0,4.0,False,0.07433819726669055,1
type_horizon,16,3,4,2067,2,3,4.0,False,0.07433819726669055,1
type_horizon,16,3,4,2068,0,2,3.0,False,0.07433819726669055,1
type_horizon,16,3,4,2068,1,2,5.0,False,0.07433819726669055,1
type_horizon,16,3,4,2068,2,2,5.0,False,0.07433819726669055,1
type_horizon,16,3,4,2069,0,1,6.0,False,0.07433819726669055,1
type_horizon,16,3,4,2069,1,0,7.0,False,0.07433819726669055,1
type_horizon,16,3,4,2069,2,1,6.0,False,0.07433819726669055,1
type_horizon,16,3,4,2070,0,0,18.0,False,0.07433819726669055,2
type_horizon,16,3,4,2070,1,0,14.0,False,0.07433819726669055,1
type_horizon,16,3,4,2070,2,3,2.0,False,0.07433819726669055,1
type_horizon,16,3,4,2071,0,1,10.0,False,0.07433819726669055,1
type_horizon,16,3,4,2071,1,3,9.0,False,0.07433819726669055,1
type_horizon,16,3,4,2071,2,1,10.0,False,0.07433819726669055,1
type_horizon,16,3,4,2072,0,0,2.0,False,0.07433819726669055,1
type_horizon,16,3,4,2072,1,2,4.0,False,0.07433819726669055,1
type_horizon,16,3,4,2072,2,1,9.0,False,0.07433819726669055,1
type_horizon,16,3,4,2073,0,1,9.0,False,0.07433819726669055,1
type_horizon,16,3,4,2073,1,3,2.0,False,0.07433819726669055,1
type_horizon,16,3,4,2073,2,0,6.0,False,0.07433819726669055,1
type_horizon,16,3,4,2074,0,3,1.0,False,0.07433819726669055,1
type_horizon,16,3,4,2074,1,3,2.0,False,0.07433819726669055,1
type_horizon,16,3,4,2074,2,0,5.0,False,0.07433819726669055,1
type_horizon,16,3,4,2075,0,1,11.0,False,0.07433819726669055,1
type_horizon,16,3,4,2075,1,2,11.0,False,0.07433819726669055,1
type_horizon,16,3,4,2075,2,1,16.0,False,0.07433819726669055,1
type_horizon,16,3,4,2076,0,3,5.0,False,0.07433819726669055,1
type_horizon,16,3,4,2076,1,0,2.0,False,0.07433819726669055,1
type_horizon,16,3,4,2076,2,0,21.0,False,0.07433819726669055,2
type_horizon,16,3,4,2077,0,3,3.0,False,0.07433819726669055,1
type_horizon,16,3,4,2077,1,1,9.0,False,0.07433819726669055,1
type_horizon,16,3,4,2077,2,1,13.0,False,0.07433819726669055,1
type_horizon,16,3,4,2078,0,3,3.0,False,0.07433819726669055,1
type_horizon,16,3,4,2078,1,1,6.0,False,0.07433819726669055,1
type_horizon,16,3,4,2078,2,2,5.0,False,0.07433819726669055,1
type_horizon,16,3,4,2079,0,1,11.0,False,0.07433819726669055,1
type_horizon,16,3,4,2079,1,1,6.0,False,0.07433819726669055,1
type_horizon,16,3,4,2079,2,2,7.0,False,0.07433819726669055,1
type_horizon,16,3,4,2080,0,2,5.0,False,0.07433819726669055,1
type_horizon,16,3,4,2080,1,0,5.0,False,0.07433819726669055,1
type_horizon,16,3,4,2080,2,0,18.0,False,0.07433819726669055,2
type_horizon,16,3,4,2081,0,2,7.0,False,0.07433819726669055,1
type_horizon,16,3,4,2081,1,1,6.0,False,0.07433819726669055,1
type_horizon,16,3,4,2081,2,0,14.0,False,0.07433819726669055,1
type_horizon,16,3,4,2082,0,2,4.0,False,0.07433819726669055,1
type_horizon,16,3,4,2082,1,2,3.0,False,0.07433819726669055,1
type_horizon,16,3,4,2082,2,3,1.0,False,0.07433819726669055,1
type_horizon,16,3,4,2083,0,1,6.0,False,0.07433819726669055,1
type_horizon,16,3,4,2083,1,2,5.0,False,0.07433819726669055,1
type_horizon,16,3,4,2083,2,2,4.0,False,0.07433819726669055,1
type_horizon,16,3,4,2084,0,2,6.0,False,0.07433819726669055,1
type_horizon,16,3,4,2084,1,3,1.0,False,0.07433819726669055,1
type_horizon,16,3,4,2084,2,3,2.0,False,0.07433819726669055,1
type_horizon,16,3,4,2085,0,2,6.0,False,0.07433819726669055,1
type_horizon,16,3,4,2085,1,0,28.0,False,0.07433819726669055,2
type_horizon,16,3,4,2085,2,0,10.0,False,0.07433819726669055,1
type_horizon,16,3,4,2086,0,1,6.0,False,0.07433819726669055,1
type_horizon,16,3,4,2086,1,0,3.0,False,0.07433819726669055,1
type_horizon,16,3,4,2086,2,3,3.0,False,0.07433819726669055,1
type_horizon,16,3,4,2087,0,0,10.0,False,0.07433819726669055,1
type_horizon,16,3,4,2087,1,1,9.0,False,0.07433819726669055,1
type_horizon,16,3,4,2087,2,2,6.0,False,0.07433819726669055,1
type_horizon,16,3,4,2088,0,0,2.0,False,0.07433819726669055,1
type_horizon,16,3,4,2088,1,0,7.0,False,0.07433819726669055,1
type_horizon,16,3,4,2088,2,2,7.0,False,0.07433819726669055,1
type_horizon,16,3,4,2089,0,2,4.0,False,0.07433819726669055,1
type_horizon,16,3,4,2089,1,1,13.0,False,0.07433819726669055,1
type_horizon,16,3,4,2089,2,3,4.0,False,0.07433819726669055,1
type_horizon,16,3,4,2090,0,2,6.0,False,0.07433819726669055,1
type_horizon,16,3,4,2090,1,2,8.0,False,0.07433819726669055,1
type_horizon,16,3,4,2090,2,3,5.0,False,0.07433819726669055,1
type_horizon,16,3,4,2091,0,0,10.0,False,0.07433819726669055,1
type_horizon,16,3,4,2091,1,1,26.0,False,0.07433819726669055,2
type_horizon,16,3,4,2091,2,0,12.0,False,0.07433819726669055,1
type_horizon,16,3,4,2092,0,1,6.0,False,0.07433819726669055,1
type_horizon,16,3,4,2092,1,1,8.0,False,0.07433819726669055,1
type_horizon,16,3,4,2092,2,0,6.0,False,0.07433819726669055,1
type_horizon,16,3,4,2093,0,2,4.0,False,0.07433819726669055,1
type_horizon,16,3,4,2093,1,3,4.0,False,0.07433819726669055,1
type_horizon,16,3,4,2093,2,1,6.0,False,0.07433819726669055,1
type_horizon,16,3,4,2094,0,0,8.0,False,0.07433819726669055,1
type_horizon,16,3,4,2094,1,0,5.0,False,0.07433819726669055,1
type_horizon,16,3,4,2094,2,1,11.0,False,0.07433819726669055,1
type_horizon,16,3,4,2095,0,2,3.0,False,0.07433819726669055,1
type_horizon,16,3,4,2095,1,2,3.0,False,0.07433819726669055,1
type_horizon,16,3,4,2095,2,2,7.0,False,0.07433819726669055,1
type_horizon,16,3,4,2096,0,0,6.0,False,0.07433819726669055,1
type_horizon,16,3,4,2096,1,2,4.0,False,0.07433819726669055,1
type_horizon,16,3,4,2096,2,0,1.0,False,0.07433819726669055,1
type_horizon,16,3,4,2097,0,3,1.0,False,0.07433819726669055,1
type_horizon,16,3,4,2097,1,1,16.0,False,0.07433819726669055,1
type_horizon,16,3,4,2097,2,0,34.0,False,0.07433819726669055,3
type_horizon,16,3,4,2098,0,2,4.0,False,0.07433819726669055,1
type_horizon,16,3,4,2098,1,2,5.0,False,0.07433819726669055,1
type_horizon,16,3,4,2098,2,1,6.0,False,0.07433819726669055,1
type_horizon,16,3,4,2099,0,3,2.0,False,0.07433819726669055,1
type_horizon,16,3,4,2099,1,1,6.0,False,0.07433819726669055,1
type_horizon,16,3,4,2099,2,1,7.0,False,0.07433819726669055,1
type_horizon,16,3,4,2100,0,0,40.0,False,0.07433819726669055,3
type_horizon,16,3,4,2100,1,2,3.0,False,0.07433819726669055,1
type_horizon,16,3,4,2100,2,2,5.0,False,0.07433819726669055,1
type_horizon,16,3,4,2101,0,1,6.0,False,0.07433819726669055,1
type_horizon,16,3,4,2101,1,3,2.0,False,0.07433819726669055,1
type_horizon,16,3,4,2101,2,0,8.0,False,0.07433819726669055,1
type_horizon,16,3,4,2102,0,0,6.0,False,0.07433819726669055,1
type_horizon,16,3,4,2102,1,3,4.0,False,0.07433819726669055,1
type_horizon,16,3,4,2102,2,3,3.0,False,0.07433819726669055,1
type_horizon,16,3,4,2103,0,0,11.0,False,0.07433819726669055,1
type_horizon,16,3,4,2103,1,3,4.0,False,0.07433819726669055,1
type_horizon,16,3,4,2103,2,3,9.0,False,0.07433819726669055,1
type_horizon,16,3,4,2104,0,2,6.0,False,0.07433819726669055,1
type_horizon,16,3,4,2104,1,1,6.0,False,0.07433819726669055,1
type_horizon,16,3,4,2104,2,0,3.0,False,0.07433819726669055,1
type_horizon,16,3,4,2105,0,2,4.0,False,0.07433819726669055,1
type_horizon,16,3,4,2105,1,2,6.0,False,0.07433819726669055,1
type_horizon,16,3,4,2105,2,0,3.0,False,0.07433819726669055,1
type_horizon,16,3,4,2106,0,0,1.0,False,0.07433819726669055,1
type_horizon,16,3,4,2106,1,3,1.0,False,0.07433819726669055,1
type_horizon,16,3,4,2106,2,2,5.0,False,0.07433819726669055,1
type_horizon,16,3,4,2107,0,3,2.0,False,0.07433819726669055,1
type_horizon,16,3,4,2107,1,1,6.0,False,0.07433819726669055,1
type_horizon,16,3,4,2107,2,2,4.0,False,0.07433819726669055,1
type_horizon,16,3,4,2108,0,1,17.0,False,0.07433819726669055,2
type_horizon,16,3,4,2108,1,0,3.0,False,0.07433819726669055,1
type_horizon,16,3,4,2108,2,2,4.0,False,0.07433819726669055,1
type_horizon,16,3,4,2109,0,2,5.0,False,0.07433819726669055,1
type_horizon,16,3,4,2109,1,3,3.0,False,0.07433819726669055,1
type_horizon,16,3,4,2109,2,1,14.0,False,0.07433819726669055,1
type_horizon,16,3,4,2110,0,2,9.0,False,0.07433819726669055,1
type_horizon,16,3,4,2110,1,0,3.0,False,0.07433819726669055,1
type_horizon,16,3,4,2110,2,3,2.0,False,0.07433819726669055,1
type_horizon,16,3,4,2111,0,2,3.0,False,0.07433819726669055,1
type_horizon,16,3,4,2111,1,0,5.0,False,0.07433819726669055,1
type_horizon,16,3,4,2111,2,3,3.0,False,0.07433819726669055,1
type_horizon,16,3,4,2112,0,1,9.0,False,0.07433819726669055,1
type_horizon,16,3,4,2112,1,0,19.0,False,0.07433819726669055,2
type_horizon,16,3,4,2112,2,0,6.0,False,0.07433819726669055,1
type_horizon,16,3,4,2113,0,3,5.0,False,0.07433819726669055,1
type_horizon,16,3,4,2113,1,3,6.0,False,0.07433819726669055,1
type_horizon,16,3,4,2113,2,0,4.0,False,0.07433819726669055,1
type_horizon,16,3,4,2114,0,2,5.0,False,0.07433819726669055,1
type_horizon,16,3,4,2114,1,3,1.0,False,0.07433819726669055,1
type_horizon,16,3,4,2114,2,1,12.0,False,0.07433819726669055,1
type_horizon,16,3,4,2115,0,1,32.0,False,0.07433819726669055,2
type_horizon,16,3,4,2115,1,2,4.0,False,0.07433819726669055,1
type_horizon,16,3,4,2115,2,2,4.0,False,0.07433819726669055,1
type_horizon,16,3,4,2116,0,0,14.0,False,0.07433819726669055,1
type_horizon,16,3,4,2116,1,2,7.0,False,0.07433819726669055,1
type_horizon,16,3,4,2116,2,0,8.0,False,0.07433819726669055,1
type_horizon,16,3,4,2117,0,1,8.0,False,0.07433819726669055,1
type_horizon,16,3,4,2117,1,0,16.0,False,0.07433819726669055,1
type_horizon,16,3,4,2117,2,3,3.0,False,0.07433819726669055,1
type_horizon,16,3,4,2118,0,1,9.0,False,0.07433819726669055,1
type_horizon,16,3,4,2118,1,0,9.0,False,0.07433819726669055,1
type_horizon,16,3,4,2118,2,2,5.0,False,0.07433819726669055,1
type_horizon,16,3,4,2119,0,3,2.0,False,0.07433819726669055,1
type_horizon,16,3,4,2119,1,0,39.0,False,0.07433819726669055,3
type_horizon,16,3,4,2119,2,3,2.0,False,0.07433819726669055,1
type_horizon,16,3,4,2120,0,3,3.0,False,0.07433819726669055,1
type_horizon,16,3,4,2120,1,1,11.0,False,0.07433819726669055,1
type_horizon,16,3,4,2120,2,1,29.0,False,0.07433819726669055,2
type_horizon,16,3,4,2121,0,3,2.0,False,0.07433819726669055,1
type_horizon,16,3,4,2121,1,3,2.0,False,0.07433819726669055,1
type_horizon,16,3,4,2121,2,3,10.0,False,0.07433819726669055,1
type_horizon,16,3,4,2122,0,3,1.0,False,0.07433819726669055,1
type_horizon,16,3,4,2122,1,3,2.0,False,0.07433819726669055,1
type_horizon,16,3,4,2122,2,1,6.0,False,0.07433819726669055,1
type_horizon,16,3,4,2123,0,1,9.0,False,0.07433819726669055,1
type_horizon,16,3,4,2123,1,2,4.0,False,0.07433819726669055,1
type_horizon,16,3,4,2123,2,2,4.0,False,0.07433819726669055,1
type_horizon,16,3,4,2124,0,0,4.0,False,0.07433819726669055,1
type_horizon,16,3,4,2124,1,0,3.0,False,0.07433819726669055,1
type_horizon,16,3,4,2124,2,2,13.0,False,0.07433819726669055,1
type_horizon,16,3,4,2125,0,3,5.0,False,0.07433819726669055,1
type_horizon,16,3,4,2125,1,2,4.0,False,0.07433819726669055,1
type_horizon,16,3,4,2125,2,2,5.0,False,0.07433819726669055,1
type_horizon,16,3,4,2126,0,2,5.0,False,0.07433819726669055,1
type_horizon,16,3,4,2126,1,3,6.0,False,0.07433819726669055,1
type_horizon,16,3,4,2126,2,0,7.0,False,0.07433819726669055,1
type_horizon,16,3,4,2127,0,0,4.0,False,0.07433819726669055,1
type_horizon,16,3,4,2127,1,0,7.0,False,0.07433819726669055,1
type_horizon,16,3,4,2127,2,2,6.0,False,0.07433819726669055,1
type_horizon,16,3,4,2128,0,0,4.0,False,0.07433819726669055,1
type_horizon,16,3,4,2128,1,0,5.0,False,0.07433819726669055,1
type_horizon,16,3,4,2128,2,2,5.0,False,0.07433819726669055,1
type_horizon,16,3,4,2129,0,2,9.0,False,0.07433819726669055,1
type_horizon,16,3,4,2129,1,1,8.0,False,0.07433819726669055,1
type_horizon,16,3,4,2129,2,3,4.0,False,0.07433819726669055,1
type_horizon,16,3,4,2130,0,1,17.0,False,0.07433819726669055,2
type_horizon,16,3,4,2130,1,0,7.0,False,0.07433819726669055,1
type_horizon,16,3,4,2130,2,2,6.0,False,0.07433819726669055,1
type_horizon,16,3,4,2131,0,0,6.0,False,0.07433819726669055,1
type_horizon,16,3,4,2131,1,0,3.0,False,0.07433819726669055,1
type_horizon,16,3,4,2131,2,1,6.0,False,0.07433819726669055,1
type_horizon,16,3,4,2132,0,1,10.0,False,0.07433819726669055,1
type_horizon,16,3,4,2132,1,1,7.0,False,0.07433819726669055,1
type_horizon,16,3,4,2132,2,3,3.0,False,0.07433819726669055,1
type_horizon,16,3,4,2133,0,2,6.0,False,0.07433819726669055,1
type_horizon,16,3,4,2133,1,1,6.0,False,0.07433819726669055,1
type_horizon,16,3,4,2133,2,3,7.0,False,0.07433819726669055,1
type_horizon,16,3,4,2134,0,2,3.0,False,0.07433819726669055,1
type_horizon,16,3,4,2134,1,2,6.0,False,0.07433819726669055,1
type_horizon,16,3,4,2134,2,1,9.0,False,0.07433819726669055,1
type_horizon,16,3,4,2135,0,0,15.0,False,0.07433819726669055,1
type_horizon,16,3,4,2135,1,1,18.0,False,0.07433819726669055,2
type_horizon,16,3,4,2135,2,1,8.0,False,0.07433819726669055,1
type_horizon,16,3,4,2136,0,1,8.0,False,0.07433819726669055,1
type_horizon,16,3,4,2136,1,1,7.0,False,0.07433819726669055,1
type_horizon,16,3,4,2136,2,2,4.0,False,0.07433819726669055,1
type_horizon,16,3,4,2137,0,2,6.0,False,0.07433819726669055,1
type_horizon,16,3,4,2137,1,1,9.0,False,0.07433819726669055,1
type_horizon,16,3,4,2137,2,0,10.0,False,0.07433819726669055,1
type_horizon,16,3,4,2138,0,3,2.0,False,0.07433819726669055,1
type_horizon,16,3,4,2138,1,2,3.0,False,0.07433819726669055,1
type_horizon,16,3,4,2138,2,2,7.0,False,0.07433819726669055,1
type_horizon,16,3,4,2139,0,1,9.0,False,0.07433819726669055,1
type_horizon,16,3,4,2139,1,3,1.0,False,0.07433819726669055,1
type_horizon,16,3,4,2139,2,1,6.0,False,0.07433819726669055,1
type_horizon,16,3,4,2140,0,0,7.0,False,0.07433819726669055,1
type_horizon,16,3,4,2140,1,1,8.0,False,0.07433819726669055,1
type_horizon,16,3,4,2140,2,2,5.0,False,0.07433819726669055,1
type_horizon,16,3,4,2141,0,0,8.0,False,0.07433819726669055,1
type_horizon,16,3,4,2141,1,3,5.0,False,0.07433819726669055,1
type_horizon,16,3,4,2141,2,1,22.0,False,0.07433819726669055,2
type_horizon,16,3,4,2142,0,3,3.0,False,0.07433819726669055,1
type_horizon,16,3,4,2142,1,0,7.0,False,0.07433819726669055,1
type_horizon,16,3,4,2142,2,1,6.0,False,0.07433819726669055,1
type_horizon,16,3,4,2143,0,3,2.0,False,0.07433819726669055,1
type_horizon,16,3,4,2143,1,1,7.0,False,0.07433819726669055,1
type_horizon,16,3,4,2143,2,1,8.0,False,0.07433819726669055,1
type_horizon,16,3,4,2144,0,2,6.0,False,0.07433819726669055,1
type_horizon,16,3,4,2144,1,3,11.0,False,0.07433819726669055,1
type_horizon,16,3,4,2144,2,2,9.0,False,0.07433819726669055,1
type_horizon,16,3,4,2145,0,3,4.0,False,0.07433819726669055,1
type_horizon,16,3,4,2145,1,3,6.0,False,0.07433819726669055,1
type_horizon,16,3,4,2145,2,3,5.0,False,0.07433819726669055,1
type_horizon,16,3,4,2146,0,1,8.0,False,0.07433819726669055,1
type_horizon,16,3,4,2146,1,0,3.0,False,0.07433819726669055,1
type_horizon,16,3,4,2146,2,1,6.0,False,0.07433819726669055,1
type_horizon,16,3,4,2147,0,1,17.0,False,0.07433819726669055,2
type_horizon,16,3,4,2147,1,1,6.0,False,0.07433819726669055,1
type_horizon,16,3,4,2147,2,0,6.0,False,0.07433819726669055,1
type_horizon,16,3,4,2148,0,0,3.0,False,0.07433819726669055,1
type_horizon,16,3,4,2148,1,1,9.0,False,0.07433819726669055,1
type_horizon,16,3,4,2148,2,3,4.0,False,0.07433819726669055,1
type_horizon,16,3,4,2149,0,2,3.0,False,0.07433819726669055,1
type_horizon,16,3,4,2149,1,2,4.0,False,0.07433819726669055,1
type_horizon,16,3,4,2149,2,0,6.0,False,0.07433819726669055,1
type_horizon,16,3,4,2150,0,0,2.0,False,0.07433819726669055,1
type_horizon,16,3,4,2150,1,2,8.0,False,0.07433819726669055,1
type_horizon,16,3,4,2150,2,3,4.0,False,0.07433819726669055,1
type_horizon,16,3,4,2151,0,1,10.0,False,0.07433819726669055,1
type_horizon,16,3,4,2151,1,3,1.0,False,0.07433819726669055,1
type_horizon,16,3,4,2151,2,0,5.0,False,0.07433819726669055,1
type_horizon,16,3,4,2152,0,0,8.0,False,0.07433819726669055,1
type_horizon,16,3,4,2152,1,3,3.0,False,0.07433819726669055,1
type_horizon,16,3,4,2152,2,0,13.0,False,0.07433819726669055,1
type_horizon,16,3,4,2153,0,2,8.0,False,0.07433819726669055,1
type_horizon,16,3,4,2153,1,3,4.0,False,0.07433819726669055,1
type_horizon,16,3,4,2153,2,3,7.0,False,0.07433819726669055,1
type_horizon,16,3,4,2154,0,3,4.0,False,0.07433819726669055,1
type_horizon,16,3,4,2154,1,1,10.0,False,0.07433819726669055,1
type_horizon,16,3,4,2154,2,3,2.0,False,0.07433819726669055,1
type_horizon,16,3,4,2155,0,0,9.0,False,0.07433819726669055,1
type_horizon,16,3,4,2155,1,1,6.0,False,0.07433819726669055,1
type_horizon,16,3,4,2155,2,1,6.0,False,0.07433819726669055,1
type_horizon,16,3,4,2156,0,1,7.0,False,0.07433819726669055,1
type_horizon,16,3,4,2156,1,1,19.0,False,0.07433819726669055,2
type_horizon,16,3,4,2156,2,2,4.0,False,0.07433819726669055,1
type_horizon,16,3,4,2157,0,3,4.0,False,0.07433819726669055,1
type_horizon,16,3,4,2157,1,3,2.0,False,0.07433819726669055,1
type_horizon,16,3,4,2157,2,2,5.0,False,0.07433819726669055,1
type_horizon,16,3,4,2158,0,2,4.0,False,0.07433819726669055,1
type_horizon,16,3,4,2158,1,1,12.0,False,0.07433819726669055,1
type_horizon,16,3,4,2158,2,0,5.0,False,0.07433819726669055,1
type_horizon,16,3,4,2159,0,1,6.0,False,0.07433819726669055,1
type_horizon,16,3,4,2159,1,0,2.0,False,0.07433819726669055,1
type_horizon,16,3,4,2159,2,1,6.0,False,0.07433819726669055,1
type_horizon,16,3,4,2160,0,1,6.0,False,0.07433819726669055,1
type_horizon,16,3,4,2160,1,0,4.0,False,0.07433819726669055,1
type_horizon,16,3,4,2160,2,0,4.0,False,0.07433819726669055,1
type_horizon,16,3,4,2161,0,3,4.0,False,0.07433819726669055,1
type_horizon,16,3,4,2161,1,0,4.0,False,0.07433819726669055,1
type_horizon,16,3,4,2161,2,1,10.0,False,0.07433819726669055,1
type_horizon,16,3,4,2162,0,2,14.0,False,0.07433819726669055,1
type_horizon,16,3,4,2162,1,0,12.0,False,0.07433819726669055,1
type_horizon,16,3,4,2162,2,3,3.0,False,0.07433819726669055,1
type_horizon,16,3,4,2163,0,1,10.0,False,0.07433819726669055,1
type_horizon,16,3,4,2163,1,3,2.0,False,0.07433819726669055,1
type_horizon,16,3,4,2163,2,1,6.0,False,0.07433819726669055,1
type_horizon,16,3,4,2164,0,0,15.0,False,0.07433819726669055,1
type_horizon,16,3,4,2164,1,0,6.0,False,0.07433819726669055,1
type_horizon,16,3,4,2164,2,1,14.0,False,0.07433819726669055,1
type_horizon,16,3,4,2165,0,2,4.0,False,0.07433819726669055,1
type_horizon,16,3,4,2165,1,0,5.0,False,0.07433819726669055,1
type_horizon,16,3,4,2165,2,1,20.0,False,0.07433819726669055,2
type_horizon,16,3,4,2166,0,1,8.0,False,0.07433819726669055,1
type_horizon,16,3,4,2166,1,3,3.0,False,0.07433819726669055,1
type_horizon,16,3,4,2166,2,3,1.0,False,0.07433819726669055,1
type_horizon,16,3,4,2167,0,1,9.0,False,0.07433819726669055,1
type_horizon,16,3,4,2167,1,1,7.0,False,0.07433819726669055,1
type_horizon,16,3,4,2167,2,0,3.0,False,0.07433819726669055,1
type_horizon,16,3,4,2168,0,3,2.0,False,0.07433819726669055,1
type_horizon,16,3,4,2168,1,1,15.0,False,0.07433819726669055,1
type_horizon,16,3,4,2168,2,0,4.0,False,0.07433819726669055,1
type_horizon,16,3,4,2169,0,1,17.0,False,0.07433819726669055,2
type_horizon,16,3,4,2169,1,3,7.0,False,0.07433819726669055,1
type_horizon,16,3,4,2169,2,1,9.0,False,0.07433819726669055,1
type_horizon,16,3,4,2170,0,0,4.0,False,0.07433819726669055,1
type_horizon,16,3,4,2170,1,2,8.0,False,0.07433819726669055,1
type_horizon,16,3,4,2170,2,2,4.0,False,0.07433819726669055,1
type_horizon,16,3,4,2171,0,0,15.0,False,0.07433819726669055,1
type_horizon,16,3,4,2171,1,2,6.0,False,0.07433819726669055,1
type_horizon,16,3,4,2171,2,0,9.0,False,0.07433819726669055,1
type_horizon,16,3,4,2172,0,3,1.0,False,0.07433819726669055,1
type_horizon,16,3,4,2172,1,3,2.0,False,0.07433819726669055,1
type_horizon,16,3,4,2172,2,3,3.0,False,0.07433819726669055,1
type_horizon,16,3,4,2173,0,0,9.0,False,0.07433819726669055,1
type_horizon,16,3,4,2173,1,0,4.0,False,0.07433819726669055,1
type_horizon,16,3,4,2173,2,2,3.0,False,0.07433819726669055,1
type_horizon,16,3,4,2174,0,0,17.0,False,0.07433819726669055,2
type_horizon,16,3,4,2174,1,0,7.0,False,0.07433819726669055,1
type_horizon,16,3,4,2174,2,2,4.0,False,0.07433819726669055,1
type_horizon,16,3,4,2175,0,1,7.0,False,0.07433819726669055,1
type_horizon,16,3,4,2175,1,1,6.0,False,0.07433819726669055,1
type_horizon,16,3,4,2175,2,2,4.0,False,0.07433819726669055,1
type_horizon,16,3,4,2176,0,0,7.0,False,0.07433819726669055,1
type_horizon,16,3,4,2176,1,2,4.0,False,0.07433819726669055,1
type_horizon,16,3,4,2176,2,1,17.0,False,0.07433819726669055,2
type_horizon,16,3,4,2177,0,3,5.0,False,0.07433819726669055,1
type_horizon,16,3,4,2177,1,2,5.0,False,0.07433819726669055,1
type_horizon,16,3,4,2177,2,2,4.0,False,0.07433819726669055,1
type_horizon,16,3,4,2178,0,0,14.0,False,0.07433819726669055,1
type_horizon,16,3,4,2178,1,0,28.0,False,0.07433819726669055,2
type_horizon,16,3,4,2178,2,3,2.0,False,0.07433819726669055,1
type_horizon,16,3,4,2179,0,2,4.0,False,0.07433819726669055,1
type_horizon,16,3,4,2179,1,2,6.0,False,0.07433819726669055,1
type_horizon,16,3,4,2179,2,3,2.0,False,0.07433819726669055,1
type_horizon,16,3,4,2180,0,0,6.0,False,0.07433819726669055,1
type_horizon,16,3,4,2180,1,1,23.0,False,0.07433819726669055,2
type_horizon,16,3,4,2180,2,0,5.0,False,0.07433819726669055,1
type_horizon,16,3,4,2181,0,3,5.0,False,0.07433819726669055,1
type_horizon,16,3,4,2181,1,3,4.0,False,0.07433819726669055,1
type_horizon,16,3,4,2181,2,2,6.0,False,0.07433819726669055,1
type_horizon,16,3,4,2182,0,3,1.0,False,0.07433819726669055,1
type_horizon,16,3,4,2182,1,2,5.0,False,0.07433819726669055,1
type_horizon,16,3,4,2182,2,1,6.0,False,0.07433819726669055,1
type_horizon,16,3,4,2183,0,2,4.0,False,0.07433819726669055,1
type_horizon,16,3,4,2183,1,3,3.0,False,0.07433819726669055,1
type_horizon,16,3,4,2183,2,0,4.0,False,0.07433819726669055,1
type_horizon,16,3,4,2184,0,2,4.0,False,0.07433819726669055,1
type_horizon,16,3,4,2184,1,0,4.0,False,0.07433819726669055,1
type_horizon,16,3,4,2184,2,2,15.0,False,0.07433819726669055,1
type_horizon,16,3,4,2185,0,0,14.0,False,0.07433819726669055,1
type_horizon,16,3,4,2185,1,3,6.0,False,0.07433819726669055,1
type_horizon,16,3,4,2185,2,0,3.0,False,0.07433819726669055,1
type_horizon,16,3,4,2186,0,0,5.0,False,0.07433819726669055,1
type_horizon,16,3,4,2186,1,0,3.0,False,0.07433819726669055,1
type_horizon,16,3,4,2186,2,3,4.0,False,0.07433819726669055,1
type_horizon,16,3,4,2187,0,2,4.0,False,0.07433819726669055,1
type_horizon,16,3,4,2187,1,0,6.0,False,0.07433819726669055,1
type_horizon,16,3,4,2187,2,2,4.0,False,0.07433819726669055,1
type_horizon,16,3,4,2188,0,3,5.0,False,0.07433819726669055,1
type_horizon,16,3,4,2188,1,2,5.0,False,0.07433819726669055,1
type_horizon,16,3,4,2188,2,3,4.0,False,0.07433819726669055,1
type_horizon,16,3,4,2189,0,3,3.0,False,0.07433819726669055,1
type_horizon,16,3,4,2189,1,0,5.0,False,0.07433819726669055,1
type_horizon,16,3,4,2189,2,2,4.0,False,0.07433819726669055,1
type_horizon,16,3,4,2190,0,3,12.0,False,0.07433819726669055,1
type_horizon,16,3,4,2190,1,1,18.0,False,0.07433819726669055,2
type_horizon,16,3,4,2190,2,2,4.0,False,0.07433819726669055,1
type_horizon,16,3,4,2191,0,3,2.0,False,0.07433819726669055,1
type_horizon,16,3,4,2191,1,2,5.0,False,0.07433819726669055,1
type_horizon,16,3,4,2191,2,2,3.0,False,0.07433819726669055,1
type_horizon,16,3,4,2192,0,0,12.0,False,0.07433819726669055,1
type_horizon,16,3,4,2192,1,2,3.0,False,0.07433819726669055,1
type_horizon,16,3,4,2192,2,2,7.0,False,0.07433819726669055,1
type_horizon,16,3,4,2193,0,2,4.0,False,0.07433819726669055,1
type_horizon,16,3,4,2193,1,0,16.0,False,0.07433819726669055,1
type_horizon,16,3,4,2193,2,0,3.0,False,0.07433819726669055,1
type_horizon,16,3,4,2194,0,3,2.0,False,0.07433819726669055,1
type_horizon,16,3,4,2194,1,3,2.0,False,0.07433819726669055,1
type_horizon,16,3,4,2194,2,1,7.0,False,0.07433819726669055,1
type_horizon,16,3,4,2195,0,1,6.0,False,0.07433819726669055,1
type_horizon,16,3,4,2195,1,0,36.0,False,0.07433819726669055,3
type_horizon,16,3,4,2195,2,3,2.0,False,0.07433819726669055,1
type_horizon,16,3,4,2196,0,2,5.0,False,0.07433819726669055,1
type_horizon,16,3,4,2196,1,2,5.0,False,0.07433819726669055,1
type_horizon,16,3,4,2196,2,3,3.0,False,0.07433819726669055,1
type_horizon,16,3,4,2197,0,3,2.0,False,0.07433819726669055,1
type_horizon,16,3,4,2197,1,3,5.0,False,0.07433819726669055,1
type_horizon,16,3,4,2197,2,2,4.0,False,0.07433819726669055,1
type_horizon,16,3,4,2198,0,1,16.0,False,0.07433819726669055,1
type_horizon,16,3,4,2198,1,2,5.0,False,0.07433819726669055,1
type_horizon,16,3,4,2198,2,0,7.0,False,0.07433819726669055,1
type_horizon,16,3,4,2199,0,3,3.0,False,0.07433819726669055,1
type_horizon,16,3,4,2199,1,0,7.0,False,0.07433819726669055,1
type_horizon,16,3,4,2199,2,1,7.0,False,0.07433819726669055,1
type_horizon,1,3,8,2000,0,3,49.0,False,0.015992267610175137,49
type_horizon,1,3,8,2000,1,6,55.0,False,0.015992267610175137,55
type_horizon,1,3,8,2000,2,2,62.0,False,0.015992267610175137,62
type_horizon,1,3,8,2001,0,2,58.0,False,0.015992267610175137,58
type_horizon,1,3,8,2001,1,2,47.0,False,0.015992267610175137,47
type_horizon,1,3,8,2001,2,2,48.0,False,0.015992267610175137,48
type_horizon,1,3,8,2002,0,6,56.0,False,0.015992267610175137,56
type_horizon,1,3,8,2002,1,3,82.0,False,0.015992267610175137,82
type_horizon,1,3,8,2002,2,0,13.0,False,0.015992267610175137,13
type_horizon,1,3,8,2003,0,3,78.0,False,0.015992267610175137,78
type_horizon,1,3,8,2003,1,1,46.0,False,0.015992267610175137,46
type_horizon,1,3,8,2003,2,3,54.0,False,0.015992267610175137,54
type_horizon,1,3,8,2004,0,3,70.0,False,0.015992267610175137,70
type_horizon,1,3,8,2004,1,2,64.0,False,0.015992267610175137,64
type_horizon,1,3,8,2004,2,7,36.0,False,0.015992267610175137,36
type_horizon,1,3,8,2005,0,5,48.0,False,0.015992267610175137,48
type_horizon,1,3,8,2005,1,1,48.0,False,0.015992267610175137,48
type_horizon,1,3,8,2005,2,7,28.0,False,0.015992267610175137,28
type_horizon,1,3,8,2006,0,6,51.0,False,0.015992267610175137,51
type_horizon,1,3,8,2006,1,2,46.0,False,0.015992267610175137,46
type_horizon,1,3,8,2006,2,7,10.0,False,0.015992267610175137,10
type_horizon,1,3,8,2007,0,7,24.0,False,0.015992267610175137,24
type_horizon,1,3,8,2007,1,5,99.0,False,0.015992267610175137,99
type_horizon,1,3,8,2007,2,5,50.0,False,0.015992267610175137,50
type_horizon,1,3,8,2008,0,2,48.0,False,0.015992267610175137,48
type_horizon,1,3,8,2008,1,2,56.0,False,0.015992267610175137,56
type_horizon,1,3,8,2008,2,2,46.0,False,0.015992267610175137,46
type_horizon,1,3,8,2009,0,6,142.0,False,0.015992267610175137,142
type_horizon,1,3,8,2009,1,2,85.0,False,0.015992267610175137,85
type_horizon,1,3,8,2009,2,4,47.0,False,0.015992267610175137,47
type_horizon,1,3,8,2010,0,4,46.0,False,0.015992267610175137,46
type_horizon,1,3,8,2010,1,3,49.0,False,0.015992267610175137,49
type_horizon,1,3,8,2010,2,7,26.0,False,0.015992267610175137,26
type_horizon,1,3,8,2011,0,6,51.0,False,0.015992267610175137,51
type_horizon,1,3,8,2011,1,1,46.0,False,0.015992267610175137,46
type_horizon,1,3,8,2011,2,1,121.0,False,0.015992267610175137,121
type_horizon,1,3,8,2012,0,0,52.0,False,0.015992267610175137,52
type_horizon,1,3,8,2012,1,6,46.0,False,0.015992267610175137,46
type_horizon,1,3,8,2012,2,1,99.0,False,0.015992267610175137,99
type_horizon,1,3,8,2013,0,6,48.0,False,0.015992267610175137,48
type_horizon,1,3,8,2013,1,2,52.0,False,0.015992267610175137,52
type_horizon,1,3,8,2013,2,3,117.0,False,0.015992267610175137,117
type_horizon,1,3,8,2014,0,4,46.0,False,0.015992267610175137,46
type_horizon,1,3,8,2014,1,1,52.0,False,0.015992267610175137,52
type_horizon,1,3,8,2014,2,7,23.0,False,0.015992267610175137,23
type_horizon,1,3,8,2015,0,6,50.0,False,0.015992267610175137,50
type_horizon,1,3,8,2015,1,0,31.0,False,0.015992267610175137,31
type_horizon,1,3,8,2015,2,4,48.0,False,0.015992267610175137,48
type_horizon,1,3,8,2016,0,5,48.0,False,0.015992267610175137,48
type_horizon,1,3,8,2016,1,4,160.0,False,0.015992267610175137,160
type_horizon,1,3,8,2016,2,7,13.0,False,0.015992267610175137,13
type_horizon,1,3,8,2017,0,4,45.0,False,0.015992267610175137,45
type_horizon,1,3,8,2017,1,4,47.0,False,0.015992267610175137,47
type_horizon,1,3,8,2017,2,7,6.0,False,0.015992267610175137,6
type_horizon,1,3,8,2018,0,1,48.0,False,0.015992267610175137,48
type_horizon,1,3,8,2018,1,2,107.0,False,0.015992267610175137,107
type_horizon,1,3,8,2018,2,2,65.0,False,0.015992267610175137,65
type_horizon,1,3,8,2019,0,3,46.0,False,0.015992267610175137,46
type_horizon,1,3,8,2019,1,6,57.0,False,0.015992267610175137,57
type_horizon,1,3,8,2019,2,6,113.0,False,0.015992267610175137,113
type_horizon,1,3,8,2020,0,1,69.0,False,0.015992267610175137,69
type_horizon,1,3,8,2020,1,2,48.0,False,0.015992267610175137,48
type_horizon,1,3,8,2020,2,6,48.0,False,0.015992267610175137,48
type_horizon,1,3,8,2021,0,7,55.0,False,0.015992267610175137,55
type_horizon,1,3,8,2021,1,2,59.0,False,0.015992267610175137,59
type_horizon,1,3,8,2021,2,5,59.0,False,0.015992267610175137,59
type_horizon,1,3,8,2022,0,6,59.0,False,0.015992267610175137,59
type_horizon,1,3,8,2022,1,7,111.0,False,0.015992267610175137,111
type_horizon,1,3,8,2022,2,1,46.0,False,0.015992267610175137,46
type_horizon,1,3,8,2023,0,7,11.0,False,0.015992267610175137,11
type_horizon,1,3,8,2023,1,0,99.0,False,0.015992267610175137,99
type_horizon,1,3,8,2023,2,6,54.0,False,0.015992267610175137,54
type_horizon,1,3,8,2024,0,5,66.0,False,0.015992267610175137,66
type_horizon,1,3,8,2024,1,0,211.0,False,0.015992267610175137,211
type_horizon,1,3,8,2024,2,5,71.0,False,0.015992267610175137,71
type_horizon,1,3,8,2025,0,6,57.0,False,0.015992267610175137,57
type_horizon,1,3,8,2025,1,2,46.0,False,0.015992267610175137,46
type_horizon,1,3,8,2025,2,0,73.0,False,0.015992267610175137,73
type_horizon,1,3,8,2026,0,5,110.0,False,0.015992267610175137,110
type_horizon,1,3,8,2026,1,0,74.0,False,0.015992267610175137,74
type_horizon,1,3,8,2026,2,4,53.0,False,0.015992267610175137,53
type_horizon,1,3,8,2027,0,0,16.0,False,0.015992267610175137,16
type_horizon,1,3,8,2027,1,0,24.0,False,0.015992267610175137,24
type_horizon,1,3,8,2027,2,2,46.0,False,0.015992267610175137,46
type_horizon,1,3,8,2028,0,7,22.0,False,0.015992267610175137,22
type_horizon,1,3,8,2028,1,6,60.0,False,0.015992267610175137,60
type_horizon,1,3,8,2028,2,0,16.0,False,0.015992267610175137,16
type_horizon,1,3,8,2029,0,4,48.0,False,0.015992267610175137,48
type_horizon,1,3,8,2029,1,7,52.0,False,0.015992267610175137,52
type_horizon,1,3,8,2029,2,7,43.0,False,0.015992267610175137,43
type_horizon,1,3,8,2030,0,7,32.0,False,0.015992267610175137,32
type_horizon,1,3,8,2030,1,1,46.0,False,0.015992267610175137,46
type_horizon,1,3,8,2030,2,7,25.0,False,0.015992267610175137,25
type_horizon,1,3,8,2031,0,5,53.0,False,0.015992267610175137,53
type_horizon,1,3,8,2031,1,0,24.0,False,0.015992267610175137,24
type_horizon,1,3,8,2031,2,6,49.0,False,0.015992267610175137,49
type_horizon,1,3,8,2032,0,3,64.0,False,0.015992267610175137,64
type_horizon,1,3,8,2032,1,6,62.0,False,0.015992267610175137,62
type_horizon,1,3,8,2032,2,3,72.0,False,0.015992267610175137,72
type_horizon,1,3,8,2033,0,1,54.0,False,0.015992267610175137,54
type_horizon,1,3,8,2033,1,4,49.0,False,0.015992267610175137,49
type_horizon,1,3,8,2033,2,5,46.0,False,0.015992267610175137,46
type_horizon,1,3,8,2034,0,4,72.0,False,0.015992267610175137,72
type_horizon,1,3,8,2034,1,3,53.0,False,0.015992267610175137,53
type_horizon,1,3,8,2034,2,5,67.0,False,0.015992267610175137,67
type_horizon,1,3,8,2035,0,7,13.0,False,0.015992267610175137,13
type_horizon,1,3,8,2035,1,6,46.0,False,0.015992267610175137,46
type_horizon,1,3,8,2035,2,5,48.0,False,0.015992267610175137,48
type_horizon,1,3,8,2036,0,2,47.0,False,0.015992267610175137,47
type_horizon,1,3,8,2036,1,7,5.0,False,0.015992267610175137,5
type_horizon,1,3,8,2036,2,6,49.0,False,0.015992267610175137,49
type_horizon,1,3,8,2037,0,2,112.0,False,0.015992267610175137,112
type_horizon,1,3,8,2037,1,3,66.0,False,0.015992267610175137,66
type_horizon,1,3,8,2037,2,5,173.0,False,0.015992267610175137,173
type_horizon,1,3,8,2038,0,3,108.0,False,0.015992267610175137,108
type_horizon,1,3,8,2038,1,1,47.0,False,0.015992267610175137,47
type_horizon,1,3,8,2038,2,3,47.0,False,0.015992267610175137,47
type_horizon,1,3,8,2039,0,7,52.0,False,0.015992267610175137,52
type_horizon,1,3,8,2039,1,5,46.0,False,0.015992267610175137,46
type_horizon,1,3,8,2039,2,6,186.0,False,0.015992267610175137,186
type_horizon,1,3,8,2040,0,1,112.0,False,0.015992267610175137,112
type_horizon,1,3,8,2040,1,5,55.0,False,0.015992267610175137,55
type_horizon,1,3,8,2040,2,2,55.0,False,0.015992267610175137,55
type_horizon,1,3,8,2041,0,4,47.0,False,0.015992267610175137,47
type_horizon,1,3,8,2041,1,0,39.0,False,0.015992267610175137,39
type_horizon,1,3,8,2041,2,7,33.0,False,0.015992267610175137,33
type_horizon,1,3,8,2042,0,1,57.0,False,0.015992267610175137,57
type_horizon,1,3,8,2042,1,4,45.0,False,0.015992267610175137,45
type_horizon,1,3,8,2042,2,2,47.0,False,0.015992267610175137,47
type_horizon,1,3,8,2043,0,1,68.0,False,0.015992267610175137,68
type_horizon,1,3,8,2043,1,5,59.0,False,0.015992267610175137,59
type_horizon,1,3,8,2043,2,4,86.0,False,0.015992267610175137,86
type_horizon,1,3,8,2044,0,0,19.0,False,0.015992267610175137,19
type_horizon,1,3,8,2044,1,4,48.0,False,0.015992267610175137,48
type_horizon,1,3,8,2044,2,5,45.0,False,0.015992267610175137,45
type_horizon,1,3,8,2045,0,1,49.0,False,0.015992267610175137,49
type_horizon,1,3,8,2045,1,0,5.0,False,0.015992267610175137,5
type_horizon,1,3,8,2045,2,2,45.0,False,0.015992267610175137,45
type_horizon,1,3,8,2046,0,7,54.0,False,0.015992267610175137,54
type_horizon,1,3,8,2046,1,5,67.0,False,0.015992267610175137,67
type_horizon,1,3,8,2046,2,5,52.0,False,0.015992267610175137,52
type_horizon,1,3,8,2047,0,2,95.0,False,0.015992267610175137,95
type_horizon,1,3,8,2047,1,5,46.0,False,0.015992267610175137,46
type_horizon,1,3,8,2047,2,0,58.0,False,0.015992267610175137,58
type_horizon,1,3,8,2048,0,2,162.0,False,0.015992267610175137,162
type_horizon,1,3,8,2048,1,4,55.0,False,0.015992267610175137,55
type_horizon,1,3,8,2048,2,7,43.0,False,0.015992267610175137,43
type_horizon,1,3,8,2049,0,1,45.0,False,0.015992267610175137,45
type_horizon,1,3,8,2049,1,4,53.0,False,0.015992267610175137,53
type_horizon,1,3,8,2049,2,4,53.0,False,0.015992267610175137,53
type_horizon,1,3,8,2050,0,5,84.0,False,0.015992267610175137,84
type_horizon,1,3,8,2050,1,2,48.0,False,0.015992267610175137,48
type_horizon,1,3,8,2050,2,1,46.0,False,0.015992267610175137,46
type_horizon,1,3,8,2051,0,1,46.0,False,0.015992267610175137,46
type_horizon,1,3,8,2051,1,3,64.0,False,0.015992267610175137,64
type_horizon,1,3,8,2051,2,6,74.0,False,0.015992267610175137,74
type_horizon,1,3,8,2052,0,5,55.0,False,0.015992267610175137,55
type_horizon,1,3,8,2052,1,5,49.0,False,0.015992267610175137,49
type_horizon,1,3,8,2052,2,5,50.0,False,0.015992267610175137,50
type_horizon,1,3,8,2053,0,3,69.0,False,0.015992267610175137,69
type_horizon,1,3,8,2053,1,0,25.0,False,0.015992267610175137,25
type_horizon,1,3,8,2053,2,5,85.0,False,0.015992267610175137,85
type_horizon,1,3,8,2054,0,3,58.0,False,0.015992267610175137,58
type_horizon,1,3,8,2054,1,7,13.0,False,0.015992267610175137,13
type_horizon,1,3,8,2054,2,1,66.0,False,0.015992267610175137,66
type_horizon,1,3,8,2055,0,1,61.0,False,0.015992267610175137,61
type_horizon,1,3,8,2055,1,0,14.0,False,0.015992267610175137,14
type_horizon,1,3,8,2055,2,5,74.0,False,0.015992267610175137,74
type_horizon,1,3,8,2056,0,3,48.0,False,0.015992267610175137,48
type_horizon,1,3,8,2056,1,3,51.0,False,0.015992267610175137,51
type_horizon,1,3,8,2056,2,1,98.0,False,0.015992267610175137,98
type_horizon,1,3,8,2057,0,7,136.0,False,0.015992267610175137,136
type_horizon,1,3,8,2057,1,0,156.0,False,0.015992267610175137,156
type_horizon,1,3,8,2057,2,7,213.0,False,0.015992267610175137,213
type_horizon,1,3,8,2058,0,6,95.0,False,0.015992267610175137,95
type_horizon,1,3,8,2058,1,5,49.0,False,0.015992267610175137,49
type_horizon,1,3,8,2058,2,3,55.0,False,0.015992267610175137,55
type_horizon,1,3,8,2059,0,5,46.0,False,0.015992267610175137,46
type_horizon,1,3,8,2059,1,4,47.0,False,0.015992267610175137,47
type_horizon,1,3,8,2059,2,1,60.0,False,0.015992267610175137,60
type_horizon,1,3,8,2060,0,7,46.0,False,0.015992267610175137,46
type_horizon,1,3,8,2060,1,6,57.0,False,0.015992267610175137,57
type_horizon,1,3,8,2060,2,4,51.0,False,0.015992267610175137,51
type_horizon,1,3,8,2061,0,6,121.0,False,0.015992267610175137,121
type_horizon,1,3,8,2061,1,2,75.0,False,0.015992267610175137,75
type_horizon,1,3,8,2061,2,1,256.0,False,0.015992267610175137,256
type_horizon,1,3,8,2062,0,1,49.0,False,0.015992267610175137,49
type_horizon,1,3,8,2062,1,5,232.0,False,0.015992267610175137,232
type_horizon,1,3,8,2062,2,1,91.0,False,0.015992267610175137,91
type_horizon,1,3,8,2063,0,5,72.0,False,0.015992267610175137,72
type_horizon,1,3,8,2063,1,4,61.0,False,0.015992267610175137,61
type_horizon,1,3,8,2063,2,2,48.0,False,0.015992267610175137,48
type_horizon,1,3,8,2064,0,0,9.0,False,0.015992267610175137,9
type_horizon,1,3,8,2064,1,1,48.0,False,0.015992267610175137,48
type_horizon,1,3,8,2064,2,0,47.0,False,0.015992267610175137,47
type_horizon,1,3,8,2065,0,7,5.0,False,0.015992267610175137,5
type_horizon,1,3,8,2065,1,0,38.0,False,0.015992267610175137,38
type_horizon,1,3,8,2065,2,2,60.0,False,0.015992267610175137,60
type_horizon,1,3,8,2066,0,7,27.0,False,0.015992267610175137,27
type_horizon,1,3,8,2066,1,6,85.0,False,0.015992267610175137,85
type_horizon,1,3,8,2066,2,0,32.0,False,0.015992267610175137,32
type_horizon,1,3,8,2067,0,7,42.0,False,0.015992267610175137,42
type_horizon,1,3,8,2067,1,6,48.0,False,0.015992267610175137,48
type_horizon,1,3,8,2067,2,2,53.0,False,0.015992267610175137,53
type_horizon,1,3,8,2068,0,5,61.0,False,0.015992267610175137,61
type_horizon,1,3,8,2068,1,5,175.0,False,0.015992267610175137,175
type_horizon,1,3,8,2068,2,2,58.0,False,0.015992267610175137,58
type_horizon,1,3,8,2069,0,7,16.0,False,0.015992267610175137,16
type_horizon,1,3,8,2069,1,0,71.0,False,0.015992267610175137,71
type_horizon,1,3,8,2069,2,3,50.0,False,0.015992267610175137,50
type_horizon,1,3,8,2070,0,0,19.0,False,0.015992267610175137,19
type_horizon,1,3,8,2070,1,1,100.0,False,0.015992267610175137,100
type_horizon,1,3,8,2070,2,4,117.0,False,0.015992267610175137,117
type_horizon,1,3,8,2071,0,5,48.0,False,0.015992267610175137,48
type_horizon,1,3,8,2071,1,5,128.0,False,0.015992267610175137,128
type_horizon,1,3,8,2071,2,6,46.0,False,0.015992267610175137,46
type_horizon,1,3,8,2072,0,4,60.0,False,0.015992267610175137,60
type_horizon,1,3,8,2072,1,4,80.0,False,0.015992267610175137,80
type_horizon,1,3,8,2072,2,5,83.0,False,0.015992267610175137,83
type_horizon,1,3,8,2073,0,0,19.0,False,0.015992267610175137,19
type_horizon,1,3,8,2073,1,4,47.0,False,0.015992267610175137,47
type_horizon,1,3,8,2073,2,7,22.0,False,0.015992267610175137,22
type_horizon,1,3,8,2074,0,7,66.0,False,0.015992267610175137,66
type_horizon,1,3,8,2074,1,6,77.0,False,0.015992267610175137,77
type_horizon,1,3,8,2074,2,2,55.0,False,0.015992267610175137,55
type_horizon,1,3,8,2075,0,6,49.0,False,0.015992267610175137,49
type_horizon,1,3,8,2075,1,4,69.0,False,0.015992267610175137,69
type_horizon,1,3,8,2075,2,5,46.0,False,0.015992267610175137,46
type_horizon,1,3,8,2076,0,3,48.0,False,0.015992267610175137,48
type_horizon,1,3,8,2076,1,1,51.0,False,0.015992267610175137,51
type_horizon,1,3,8,2076,2,1,65.0,False,0.015992267610175137,65
type_horizon,1,3,8,2077,0,4,45.0,False,0.015992267610175137,45
type_horizon,1,3,8,2077,1,7,10.0,False,0.015992267610175137,10
type_horizon,1,3,8,2077,2,7,25.0,False,0.015992267610175137,25
type_horizon,1,3,8,2078,0,4,74.0,False,0.015992267610175137,74
type_horizon,1,3,8,2078,1,2,46.0,False,0.015992267610175137,46
type_horizon,1,3,8,2078,2,5,48.0,False,0.015992267610175137,48
type_horizon,1,3,8,2079,0,0,41.0,False,0.015992267610175137,41
type_horizon,1,3,8,2079,1,3,238.0,False,0.015992267610175137,238
type_horizon,1,3,8,2079,2,0,24.0,False,0.015992267610175137,24
type_horizon,1,3,8,2080,0,1,81.0,False,0.015992267610175137,81
type_horizon,1,3,8,2080,1,2,58.0,False,0.015992267610175137,58
type_horizon,1,3,8,2080,2,6,55.0,False,0.015992267610175137,55
type_horizon,1,3,8,2081,0,3,114.0,False,0.015992267610175137,114
type_horizon,1,3,8,2081,1,4,153.0,False,0.015992267610175137,153
type_horizon,1,3,8,2081,2,5,230.0,False,0.015992267610175137,230
type_horizon,1,3,8,2082,0,5,48.0,False,0.015992267610175137,48
type_horizon,1,3,8,2082,1,1,51.0,False,0.015992267610175137,51
type_horizon,1,3,8,2082,2,7,36.0,False,0.015992267610175137,36
type_horizon,1,3,8,2083,0,2,49.0,False,0.015992267610175137,49
type_horizon,1,3,8,2083,1,3,72.0,False,0.015992267610175137,72
type_horizon,1,3,8,2083,2,6,47.0,False,0.015992267610175137,47
type_horizon,1,3,8,2084,0,3,47.0,False,0.015992267610175137,47
type_horizon,1,3,8,2084,1,5,46.0,False,0.015992267610175137,46
type_horizon,1,3,8,2084,2,2,58.0,False,0.015992267610175137,58
type_horizon,1,3,8,2085,0,0,18.0,False,0.015992267610175137,18
type_horizon,1,3,8,2085,1,1,96.0,False,0.015992267610175137,96
type_horizon,1,3,8,2085,2,5,92.0,False,0.015992267610175137,92
type_horizon,1,3,8,2086,0,1,96.0,False,0.015992267610175137,96
type_horizon,1,3,8,2086,1,4,64.0,False,0.015992267610175137,64
type_horizon,1,3,8,2086,2,4,52.0,False,0.015992267610175137,52
type_horizon,1,3,8,2087,0,5,50.0,False,0.015992267610175137,50
type_horizon,1,3,8,2087,1,7,66.0,False,0.015992267610175137,66
type_horizon,1,3,8,2087,2,0,10.0,False,0.015992267610175137,10
type_horizon,1,3,8,2088,0,5,60.0,False,0.015992267610175137,60
type_horizon,1,3,8,2088,1,0,69.0,False,0.015992267610175137,69
type_horizon,1,3,8,2088,2,0,141.0,False,0.015992267610175137,141
type_horizon,1,3,8,2089,0,7,38.0,False,0.015992267610175137,38
type_horizon,1,3,8,2089,1,5,47.0,False,0.015992267610175137,47
type_horizon,1,3,8,2089,2,2,74.0,False,0.015992267610175137,74
type_horizon,1,3,8,2090,0,7,13.0,False,0.015992267610175137,13
type_horizon,1,3,8,2090,1,2,238.0,False,0.015992267610175137,238
type_horizon,1,3,8,2090,2,0,26.0,False,0.015992267610175137,26
type_horizon,1,3,8,2091,0,1,166.0,False,0.015992267610175137,166
type_horizon,1,3,8,2091,1,4,49.0,False,0.015992267610175137,49
type_horizon,1,3,8,2091,2,6,56.0,False,0.015992267610175137,56
type_horizon,1,3,8,2092,0,6,49.0,False,0.015992267610175137,49
type_horizon,1,3,8,2092,1,4,63.0,False,0.015992267610175137,63
type_horizon,1,3,8,2092,2,5,69.0,False,0.015992267610175137,69
type_horizon,1,3,8,2093,0,0,14.0,False,0.015992267610175137,14
type_horizon,1,3,8,2093,1,3,49.0,False,0.015992267610175137,49
type_horizon,1,3,8,2093,2,3,46.0,False,0.015992267610175137,46
type_horizon,1,3,8,2094,0,4,107.0,False,0.015992267610175137,107
type_horizon,1,3,8,2094,1,7,18.0,False,0.015992267610175137,18
type_horizon,1,3,8,2094,2,3,64.0,False,0.015992267610175137,64
type_horizon,1,3,8,2095,0,7,64.0,False,0.015992267610175137,64
type_horizon,1,3,8,2095,1,4,105.0,False,0.015992267610175137,105
type_horizon,1,3,8,2095,2,4,152.0,False,0.015992267610175137,152
type_horizon,1,3,8,2096,0,6,198.0,False,0.015992267610175137,198
type_horizon,1,3,8,2096,1,3,178.0,False,0.015992267610175137,178
type_horizon,1,3,8,2096,2,3,157.0,False,0.015992267610175137,157
type_horizon,1,3,8,2097,0,0,18.0,False,0.015992267610175137,18
type_horizon,1,3,8,2097,1,0,11.0,False,0.015992267610175137,11
type_horizon,1,3,8,2097,2,6,74.0,False,0.015992267610175137,74
type_horizon,1,3,8,2098,0,3,60.0,False,0.015992267610175137,60
type_horizon,1,3,8,2098,1,3,102.0,False,0.015992267610175137,102
type_horizon,1,3,8,2098,2,4,177.0,False,0.015992267610175137,177
type_horizon,1,3,8,2099,0,2,47.0,False,0.015992267610175137,47
type_horizon,1,3,8,2099,1,0,12.0,False,0.015992267610175137,12
type_horizon,1,3,8,2099,2,7,44.0,False,0.015992267610175137,44
type_horizon,1,3,8,2100,0,5,46.0,False,0.015992267610175137,46
type_horizon,1,3,8,2100,1,6,48.0,False,0.015992267610175137,48
type_horizon,1,3,8,2100,2,0,21.0,False,0.015992267610175137,21
type_horizon,1,3,8,2101,0,5,68.0,False,0.015992267610175137,68
type_horizon,1,3,8,2101,1,1,130.0,False,0.015992267610175137,130
type_horizon,1,3,8,2101,2,6,47.0,False,0.015992267610175137,47
type_horizon,1,3,8,2102,0,6,56.0,False,0.015992267610175137,56
type_horizon,1,3,8,2102,1,3,213.0,False,0.015992267610175137,213
type_horizon,1,3,8,2102,2,7,6.0,False,0.015992267610175137,6
type_horizon,1,3,8,2103,0,0,20.0,False,0.015992267610175137,20
type_horizon,1,3,8,2103,1,2,50.0,False,0.015992267610175137,50
type_horizon,1,3,8,2103,2,3,45.0,False,0.015992267610175137,45
type_horizon,1,3,8,2104,0,6,127.0,False,0.015992267610175137,127
type_horizon,1,3,8,2104,1,5,67.0,False,0.015992267610175137,67
type_horizon,1,3,8,2104,2,6,80.0,False,0.015992267610175137,80
type_horizon,1,3,8,2105,0,5,70.0,False,0.015992267610175137,70
type_horizon,1,3,8,2105,1,6,70.0,False,0.015992267610175137,70
type_horizon,1,3,8,2105,2,0,32.0,False,0.015992267610175137,32
type_horizon,1,3,8,2106,0,2,48.0,False,0.015992267610175137,48
type_horizon,1,3,8,2106,1,3,47.0,False,0.015992267610175137,47
type_horizon,1,3,8,2106,2,3,45.0,False,0.015992267610175137,45
type_horizon,1,3,8,2107,0,1,45.0,False,0.015992267610175137,45
type_horizon,1,3,8,2107,1,4,64.0,False,0.015992267610175137,64
type_horizon,1,3,8,2107,2,7,104.0,False,0.015992267610175137,104
type_horizon,1,3,8,2108,0,6,138.0,False,0.015992267610175137,138
type_horizon,1,3,8,2108,1,1,49.0,False,0.015992267610175137,49
type_horizon,1,3,8,2108,2,6,69.0,False,0.015992267610175137,69
type_horizon,1,3,8,2109,0,2,54.0,False,0.015992267610175137,54
type_horizon,1,3,8,2109,1,5,50.0,False,0.015992267610175137,50
type_horizon,1,3,8,2109,2,7,19.0,False,0.015992267610175137,19
type_horizon,1,3,8,2110,0,3,53.0,False,0.015992267610175137,53
type_horizon,1,3,8,2110,1,5,64.0,False,0.015992267610175137,64
type_horizon,1,3,8,2110,2,0,99.0,False,0.015992267610175137,99
type_horizon,1,3,8,2111,0,3,70.0,False,0.015992267610175137,70
type_horizon,1,3,8,2111,1,6,70.0,False,0.015992267610175137,70
type_horizon,1,3,8,2111,2,1,51.0,False,0.015992267610175137,51
type_horizon,1,3,8,2112,0,5,65.0,False,0.015992267610175137,65
type_horizon,1,3,8,2112,1,5,51.0,False,0.015992267610175137,51
type_horizon,1,3,8,2112,2,4,50.0,False,0.015992267610175137,50
type_horizon,1,3,8,2113,0,0,24.0,False,0.015992267610175137,24
type_horizon,1,3,8,2113,1,4,48.0,False,0.015992267610175137,48
type_horizon,1,3,8,2113,2,4,130.0,False,0.015992267610175137,130
type_horizon,1,3,8,2114,0,6,56.0,False,0.015992267610175137,56
type_horizon,1,3,8,2114,1,4,77.0,False,0.015992267610175137,77
type_horizon,1,3,8,2114,2,2,47.0,False,0.015992267610175137,47
type_horizon,1,3,8,2115,0,5,71.0,False,0.015992267610175137,71
type_horizon,1,3,8,2115,1,6,116.0,False,0.015992267610175137,116
type_horizon,1,3,8,2115,2,5,210.0,False,0.015992267610175137,210
type_horizon,1,3,8,2116,0,1,110.0,False,0.015992267610175137,110
type_horizon,1,3,8,2116,1,1,48.0,False,0.015992267610175137,48
type_horizon,1,3,8,2116,2,6,61.0,False,0.015992267610175137,61
type_horizon,1,3,8,2117,0,5,58.0,False,0.015992267610175137,58
type_horizon,1,3,8,2117,1,7,6.0,False,0.015992267610175137,6
type_horizon,1,3,8,2117,2,6,61.0,False,0.015992267610175137,61
type_horizon,1,3,8,2118,0,4,79.0,False,0.015992267610175137,79
type_horizon,1,3,8,2118,1,6,158.0,False,0.015992267610175137,158
type_horizon,1,3,8,2118,2,0,153.0,False,0.015992267610175137,153
type_horizon,1,3,8,2119,0,2,73.0,False,0.015992267610175137,73
type_horizon,1,3,8,2119,1,7,26.0,False,0.015992267610175137,26
type_horizon,1,3,8,2119,2,5,50.0,False,0.015992267610175137,50
type_horizon,1,3,8,2120,0,6,48.0,False,0.015992267610175137,48
type_horizon,1,3,8,2120,1,4,64.0,False,0.015992267610175137,64
type_horizon,1,3,8,2120,2,2,54.0,False,0.015992267610175137,54
type_horizon,1,3,8,2121,0,0,70.0,False,0.015992267610175137,70
type_horizon,1,3,8,2121,1,0,10.0,False,0.015992267610175137,10
type_horizon,1,3,8,2121,2,7,17.0,False,0.015992267610175137,17
type_horizon,1,3,8,2122,0,4,170.0,False,0.015992267610175137,170
type_horizon,1,3,8,2122,1,5,243.0,False,0.015992267610175137,243
type_horizon,1,3,8,2122,2,7,64.0,False,0.015992267610175137,64
type_horizon,1,3,8,2123,0,1,46.0,False,0.015992267610175137,46
type_horizon,1,3,8,2123,1,4,49.0,False,0.015992267610175137,49
type_horizon,1,3,8,2123,2,5,66.0,False,0.015992267610175137,66
type_horizon,1,3,8,2124,0,6,122.0,False,0.015992267610175137,122
type_horizon,1,3,8,2124,1,4,73.0,False,0.015992267610175137,73
type_horizon,1,3,8,2124,2,6,47.0,False,0.015992267610175137,47
type_horizon,1,3,8,2125,0,2,54.0,False,0.015992267610175137,54
type_horizon,1,3,8,2125,1,7,32.0,False,0.015992267610175137,32
type_horizon,1,3,8,2125,2,7,14.0,False,0.015992267610175137,14
type_horizon,1,3,8,2126,0,2,49.0,False,0.015992267610175137,49
type_horizon,1,3,8,2126,1,1,117.0,False,0.015992267610175137,117
type_horizon,1,3,8,2126,2,0,127.0,False,0.015992267610175137,127
type_horizon,1,3,8,2127,0,0,8.0,False,0.015992267610175137,8
type_horizon,1,3,8,2127,1,2,64.0,False,0.015992267610175137,64
type_horizon,1,3,8,2127,2,2,89.0,False,0.015992267610175137,89
type_horizon,1,3,8,2128,0,6,67.0,False,0.015992267610175137,67
type_horizon,1,3,8,2128,1,5,95.0,False,0.015992267610175137,95
type_horizon,1,3,8,2128,2,2,53.0,False,0.015992267610175137,53
type_horizon,1,3,8,2129,0,0,50.0,False,0.015992267610175137,50
type_horizon,1,3,8,2129,1,1,47.0,False,0.015992267610175137,47
type_horizon,1,3,8,2129,2,4,98.0,False,0.015992267610175137,98
type_horizon,1,3,8,2130,0,0,45.0,False,0.015992267610175137,45
type_horizon,1,3,8,2130,1,5,75.0,False,0.015992267610175137,75
type_horizon,1,3,8,2130,2,4,61.0,False,0.015992267610175137,61
type_horizon,1,3,8,2131,0,2,61.0,False,0.015992267610175137,61
type_horizon,1,3,8,2131,1,2,55.0,False,0.015992267610175137,55
type_horizon,1,3,8,2131,2,5,138.0,False,0.015992267610175137,138
type_horizon,1,3,8,2132,0,1,165.0,False,0.015992267610175137,165
type_horizon,1,3,8,2132,1,4,59.0,False,0.015992267610175137,59
type_horizon,1,3,8,2132,2,5,50.0,False,0.015992267610175137,50
type_horizon,1,3,8,2133,0,1,46.0,False,0.015992267610175137,46
type_horizon,1,3,8,2133,1,4,47.0,False,0.015992267610175137,47
type_horizon,1,3,8,2133,2,2,110.0,False,0.015992267610175137,110
type_horizon,1,3,8,2134,0,6,63.0,False,0.015992267610175137,63
type_horizon,1,3,8,2134,1,4,46.0,False,0.015992267610175137,46
type_horizon,1,3,8,2134,2,7,31.0,False,0.015992267610175137,31
type_horizon,1,3,8,2135,0,7,39.0,False,0.015992267610175137,39
type_horizon,1,3,8,2135,1,2,47.0,False,0.015992267610175137,47
type_horizon,1,3,8,2135,2,6,48.0,False,0.015992267610175137,48
type_horizon,1,3,8,2136,0,0,29.0,False,0.015992267610175137,29
type_horizon,1,3,8,2136,1,7,118.0,False,0.015992267610175137,118
type_horizon,1,3,8,2136,2,1,120.0,False,0.015992267610175137,120
type_horizon,1,3,8,2137,0,5,79.0,False,0.015992267610175137,79
type_horizon,1,3,8,2137,1,0,10.0,False,0.015992267610175137,10
type_horizon,1,3,8,2137,2,3,46.0,False,0.015992267610175137,46
type_horizon,1,3,8,2138,0,3,46.0,False,0.015992267610175137,46
type_horizon,1,3,8,2138,1,0,50.0,False,0.015992267610175137,50
type_horizon,1,3,8,2138,2,6,68.0,False,0.015992267610175137,68
type_horizon,1,3,8,2139,0,3,45.0,False,0.015992267610175137,45
type_horizon,1,3,8,2139,1,6,67.0,False,0.015992267610175137,67
type_horizon,1,3,8,2139,2,6,45.0,False,0.015992267610175137,45
type_horizon,1,3,8,2140,0,2,46.0,False,0.015992267610175137,46
type_horizon,1,3,8,2140,1,2,133.0,False,0.015992267610175137,133
type_horizon,1,3,8,2140,2,1,72.0,False,0.015992267610175137,72
type_horizon,1,3,8,2141,0,3,54.0,False,0.015992267610175137,54
type_horizon,1,3,8,2141,1,4,52.0,False,0.015992267610175137,52
type_horizon,1,3,8,2141,2,3,53.0,False,0.015992267610175137,53
type_horizon,1,3,8,2142,0,7,118.0,False,0.015992267610175137,118
type_horizon,1,3,8,2142,1,1,103.0,False,0.015992267610175137,103
type_horizon,1,3,8,2142,2,3,76.0,False,0.015992267610175137,76
type_horizon,1,3,8,2143,0,2,69.0,False,0.015992267610175137,69
type_horizon,1,3,8,2143,1,2,45.0,False,0.015992267610175137,45
type_horizon,1,3,8,2143,2,5,47.0,False,0.015992267610175137,47
type_horizon,1,3,8,2144,0,1,91.0,False,0.015992267610175137,91
type_horizon,1,3,8,2144,1,7,50.0,False,0.015992267610175137,50
type_horizon,1,3,8,2144,2,7,33.0,False,0.015992267610175137,33
type_horizon,1,3,8,2145,0,0,87.0,False,0.015992267610175137,87
type_horizon,1,3,8,2145,1,1,48.0,False,0.015992267610175137,48
type_horizon,1,3,8,2145,2,7,28.0,False,0.015992267610175137,28
type_horizon,1,3,8,2146,0,6,51.0,False,0.015992267610175137,51
type_horizon,1,3,8,2146,1,6,74.0,False,0.015992267610175137,74
type_horizon,1,3,8,2146,2,7,71.0,False,0.015992267610175137,71
type_horizon,1,3,8,2147,0,4,66.0,False,0.015992267610175137,66
type_horizon,1,3,8,2147,1,7,38.0,False,0.015992267610175137,38
type_horizon,1,3,8,2147,2,4,49.0,False,0.015992267610175137,49
type_horizon,1,3,8,2148,0,1,69.0,False,0.015992267610175137,69
type_horizon,1,3,8,2148,1,6,57.0,False,0.015992267610175137,57
type_horizon,1,3,8,2148,2,4,55.0,False,0.015992267610175137,55
type_horizon,1,3,8,2149,0,3,49.0,False,0.015992267610175137,49
type_horizon,1,3,8,2149,1,4,46.0,False,0.015992267610175137,46
type_horizon,1,3,8,2149,2,5,107.0,False,0.015992267610175137,107
type_horizon,1,3,8,2150,0,6,127.0,False,0.015992267610175137,127
type_horizon,1,3,8,2150,1,1,72.0,False,0.015992267610175137,72
type_horizon,1,3,8,2150,2,6,51.0,False,0.015992267610175137,51
type_horizon,1,3,8,2151,0,2,60.0,False,0.015992267610175137,60
type_horizon,1,3,8,2151,1,4,46.0,False,0.015992267610175137,46
type_horizon,1,3,8,2151,2,3,77.0,False,0.015992267610175137,77
type_horizon,1,3,8,2152,0,0,47.0,False,0.015992267610175137,47
type_horizon,1,3,8,2152,1,3,51.0,False,0.015992267610175137,51
type_horizon,1,3,8,2152,2,4,59.0,False,0.015992267610175137,59
type_horizon,1,3,8,2153,0,2,72.0,False,0.015992267610175137,72
type_horizon,1,3,8,2153,1,4,52.0,False,0.015992267610175137,52
type_horizon,1,3,8,2153,2,0,26.0,False,0.015992267610175137,26
type_horizon,1,3,8,2154,0,7,20.0,False,0.015992267610175137,20
type_horizon,1,3,8,2154,1,1,48.0,False,0.015992267610175137,48
type_horizon,1,3,8,2154,2,0,56.0,False,0.015992267610175137,56
type_horizon,1,3,8,2155,0,7,24.0,False,0.015992267610175137,24
type_horizon,1,3,8,2155,1,4,49.0,False,0.015992267610175137,49
type_horizon,1,3,8,2155,2,5,320.0,False,0.015992267610175137,320
type_horizon,1,3,8,2156,0,6,63.0,False,0.015992267610175137,63
type_horizon,1,3,8,2156,1,3,50.0,False,0.015992267610175137,50
type_horizon,1,3,8,2156,2,3,65.0,False,0.015992267610175137,65
type_horizon,1,3,8,2157,0,5,49.0,False,0.015992267610175137,49
type_horizon,1,3,8,2157,1,4,56.0,False,0.015992267610175137,56
type_horizon,1,3,8,2157,2,0,23.0,False,0.015992267610175137,23
type_horizon,1,3,8,2158,0,3,46.0,False,0.015992267610175137,46
type_horizon,1,3,8,2158,1,4,101.0,False,0.015992267610175137,101
type_horizon,1,3,8,2158,2,0,36.0,False,0.015992267610175137,36
type_horizon,1,3,8,2159,0,2,103.0,False,0.015992267610175137,103
type_horizon,1,3,8,2159,1,0,34.0,False,0.015992267610175137,34
type_horizon,1,3,8,2159,2,3,48.0,False,0.015992267610175137,48
type_horizon,1,3,8,2160,0,0,9.0,False,0.015992267610175137,9
type_horizon,1,3,8,2160,1,6,53.0,False,0.015992267610175137,53
type_horizon,1,3,8,2160,2,6,159.0,False,0.015992267610175137,159
type_horizon,1,3,8,2161,0,3,51.0,False,0.015992267610175137,51
type_horizon,1,3,8,2161,1,1,49.0,False,0.015992267610175137,49
type_horizon,1,3,8,2161,2,3,65.0,False,0.015992267610175137,65
type_horizon,1,3,8,2162,0,6,74.0,False,0.015992267610175137,74
type_horizon,1,3,8,2162,1,5,47.0,False,0.015992267610175137,47
type_horizon,1,3,8,2162,2,5,47.0,False,0.015992267610175137,47
type_horizon,1,3,8,2163,0,3,45.0,False,0.015992267610175137,45
type_horizon,1,3,8,2163,1,1,49.0,False,0.015992267610175137,49
type_horizon,1,3,8,2163,2,2,68.0,False,0.015992267610175137,68
type_horizon,1,3,8,2164,0,4,149.0,False,0.015992267610175137,149
type_horizon,1,3,8,2164,1,2,45.0,False,0.015992267610175137,45
type_horizon,1,3,8,2164,2,1,55.0,False,0.015992267610175137,55
type_horizon,1,3,8,2165,0,2,46.0,False,0.015992267610175137,46
type_horizon,1,3,8,2165,1,7,31.0,False,0.015992267610175137,31
type_horizon,1,3,8,2165,2,2,61.0,False,0.015992267610175137,61
type_horizon,1,3,8,2166,0,1,73.0,False,0.015992267610175137,73
type_horizon,1,3,8,2166,1,1,45.0,False,0.015992267610175137,45
type_horizon,1,3,8,2166,2,5,55.0,False,0.015992267610175137,55
type_horizon,1,3,8,2167,0,0,28.0,False,0.015992267610175137,28
type_horizon,1,3,8,2167,1,3,116.0,False,0.015992267610175137,116
type_horizon,1,3,8,2167,2,6,187.0,False,0.015992267610175137,187
type_horizon,1,3,8,2168,0,4,60.0,False,0.015992267610175137,60
type_horizon,1,3,8,2168,1,4,46.0,False,0.015992267610175137,46
type_horizon,1,3,8,2168,2,7,37.0,False,0.015992267610175137,37
type_horizon,1,3,8,2169,0,1,46.0,False,0.015992267610175137,46
type_horizon,1,3,8,2169,1,1,48.0,False,0.015992267610175137,48
type_horizon,1,3,8,2169,2,4,50.0,False,0.015992267610175137,50
type_horizon,1,3,8,2170,0,5,50.0,False,0.015992267610175137,50
type_horizon,1,3,8,2170,1,2,52.0,False,0.015992267610175137,52
type_horizon,1,3,8,2170,2,3,90.0,False,0.015992267610175137,90
type_horizon,1,3,8,2171,0,2,46.0,False,0.015992267610175137,46
type_horizon,1,3,8,2171,1,2,101.0,False,0.015992267610175137,101
type_horizon,1,3,8,2171,2,2,56.0,False,0.015992267610175137,56
type_horizon,1,3,8,2172,0,4,89.0,False,0.015992267610175137,89
type_horizon,1,3,8,2172,1,7,48.0,False,0.015992267610175137,48
type_horizon,1,3,8,2172,2,3,46.0,False,0.015992267610175137,46
type_horizon,1,3,8,2173,0,0,39.0,False,0.015992267610175137,39
type_horizon,1,3,8,2173,1,1,51.0,False,0.015992267610175137,51
type_horizon,1,3,8,2173,2,5,54.0,False,0.015992267610175137,54
type_horizon,1,3,8,2174,0,4,46.0,False,0.015992267610175137,46
type_horizon,1,3,8,2174,1,2,47.0,False,0.015992267610175137,47
type_horizon,1,3,8,2174,2,3,55.0,False,0.015992267610175137,55
type_horizon,1,3,8,2175,0,0,38.0,False,0.015992267610175137,38
type_horizon,1,3,8,2175,1,0,52.0,False,0.015992267610175137,52
type_horizon,1,3,8,2175,2,5,55.0,False,0.015992267610175137,55
type_horizon,1,3,8,2176,0,5,54.0,False,0.015992267610175137,54
type_horizon,1,3,8,2176,1,6,50.0,False,0.015992267610175137,50
type_horizon,1,3,8,2176,2,2,69.0,False,0.015992267610175137,69
type_horizon,1,3,8,2177,0,6,47.0,False,0.015992267610175137,47
type_horizon,1,3,8,2177,1,7,68.0,False,0.015992267610175137,68
type_horizon,1,3,8,2177,2,3,55.0,False,0.015992267610175137,55
type_horizon,1,3,8,2178,0,5,48.0,False,0.015992267610175137,48
type_horizon,1,3,8,2178,1,3,55.0,False,0.015992267610175137,55
type_horizon,1,3,8,2178,2,4,46.0,False,0.015992267610175137,46
type_horizon,1,3,8,2179,0,6,110.0,False,0.015992267610175137,110
type_horizon,1,3,8,2179,1,6,57.0,False,0.015992267610175137,57
type_horizon,1,3,8,2179,2,0,93.0,False,0.015992267610175137,93
type_horizon,1,3,8,2180,0,4,62.0,False,0.015992267610175137,62
type_horizon,1,3,8,2180,1,1,94.0,False,0.015992267610175137,94
type_horizon,1,3,8,2180,2,7,49.0,False,0.015992267610175137,49
type_horizon,1,3,8,2181,0,5,86.0,False,0.015992267610175137,86
type_horizon,1,3,8,2181,1,0,13.0,False,0.015992267610175137,13
type_horizon,1,3,8,2181,2,4,54.0,False,0.015992267610175137,54
type_horizon,1,3,8,2182,0,6,72.0,False,0.015992267610175137,72
type_horizon,1,3,8,2182,1,7,13.0,False,0.015992267610175137,13
type_horizon,1,3,8,2182,2,2,123.0,False,0.015992267610175137,123
type_horizon,1,3,8,2183,0,6,177.0,False,0.015992267610175137,177
type_horizon,1,3,8,2183,1,0,38.0,False,0.015992267610175137,38
type_horizon,1,3,8,2183,2,7,127.0,False,0.015992267610175137,127
type_horizon,1,3,8,2184,0,2,45.0,False,0.015992267610175137,45
type_horizon,1,3,8,2184,1,6,52.0,False,0.015992267610175137,52
type_horizon,1,3,8,2184,2,7,20.0,False,0.015992267610175137,20
type_horizon,1,3,8,2185,0,3,49.0,False,0.015992267610175137,49
type_horizon,1,3,8,2185,1,5,57.0,False,0.015992267610175137,57
type_horizon,1,3,8,2185,2,7,26.0,False,0.015992267610175137,26
type_horizon,1,3,8,2186,0,7,27.0,False,0.015992267610175137,27
type_horizon,1,3,8,2186,1,5,46.0,False,0.015992267610175137,46
type_horizon,1,3,8,2186,2,4,45.0,False,0.015992267610175137,45
type_horizon,1,3,8,2187,0,4,97.0,False,0.015992267610175137,97
type_horizon,1,3,8,2187,1,2,55.0,False,0.015992267610175137,55
type_horizon,1,3,8,2187,2,6,46.0,False,0.015992267610175137,46
type_horizon,1,3,8,2188,0,0,28.0,False,0.015992267610175137,28
type_horizon,1,3,8,2188,1,4,52.0,False,0.015992267610175137,52
type_horizon,1,3,8,2188,2,4,56.0,False,0.015992267610175137,56
type_horizon,1,3,8,2189,0,2,49.0,False,0.015992267610175137,49
type_horizon,1,3,8,2189,1,6,47.0,False,0.015992267610175137,47
type_horizon,1,3,8,2189,2,3,46.0,False,0.015992267610175137,46
type_horizon,1,3,8,2190,0,3,135.0,False,0.015992267610175137,135
type_horizon,1,3,8,2190,1,5,52.0,False,0.015992267610175137,52
type_horizon,1,3,8,2190,2,0,11.0,False,0.015992267610175137,11
type_horizon,1,3,8,2191,0,7,28.0,False,0.015992267610175137,28
type_horizon,1,3,8,2191,1,2,46.0,False,0.015992267610175137,46
type_horizon,1,3,8,2191,2,3,71.0,False,0.015992267610175137,71
type_horizon,1,3,8,2192,0,7,13.0,False,0.015992267610175137,13
type_horizon,1,3,8,2192,1,6,72.0,False,0.015992267610175137,72
type_horizon,1,3,8,2192,2,2,330.0,False,0.015992267610175137,330
type_horizon,1,3,8,2193,0,2,56.0,False,0.015992267610175137,56
type_horizon,1,3,8,2193,1,7,24.0,False,0.015992267610175137,24
type_horizon,1,3,8,2193,2,1,49.0,False,0.015992267610175137,49
type_horizon,1,3,8,2194,0,0,10.0,False,0.015992267610175137,10
type_horizon,1,3,8,2194,1,0,25.0,False,0.015992267610175137,25
type_horizon,1,3,8,2194,2,0,15.0,False,0.015992267610175137,15
type_horizon,1,3,8,2195,0,7,20.0,False,0.015992267610175137,20
type_horizon,1,3,8,2195,1,0,15.0,False,0.015992267610175137,15
type_horizon,1,3,8,2195,2,6,55.0,False,0.015992267610175137,55
type_horizon,1,3,8,2196,0,1,52.0,False,0.015992267610175137,52
type_horizon,1,3,8,2196,1,4,46.0,False,0.015992267610175137,46
type_horizon,1,3,8,2196,2,5,77.0,False,0.015992267610175137,77
type_horizon,1,3,8,2197,0,0,46.0,False,0.015992267610175137,46
type_horizon,1,3,8,2197,1,7,26.0,False,0.015992267610175137,26
type_horizon,1,3,8,2197,2,5,46.0,False,0.015992267610175137,46
type_horizon,1,3,8,2198,0,4,51.0,False,0.015992267610175137,51
type_horizon,1,3,8,2198,1,4,57.0,False,0.015992267610175137,57
type_horizon,1,3,8,2198,2,5,49.0,False,0.015992267610175137,49
type_horizon,1,3,8,2199,0,0,55.0,False,0.015992267610175137,55
type_horizon,1,3,8,2199,1,7,80.0,False,0.015992267610175137,80
type_horizon,1,3,8,2199,2,5,78.0,False,0.015992267610175137,78
type_horizon,4,3,8,2000,0,3,49.0,False,0.015992267610175137,13
type_horizon,4,3,8,2000,1,6,55.0,False,0.015992267610175137,14
type_horizon,4,3,8,2000,2,2,62.0,False,0.015992267610175137,16
type_horizon,4,3,8,2001,0,2,58.0,False,0.015992267610175137,15
type_horizon,4,3,8,2001,1,2,47.0,False,0.015992267610175137,12
type_horizon,4,3,8,2001,2,2,48.0,False,0.015992267610175137,12
type_horizon,4,3,8,2002,0,6,56.0,False,0.015992267610175137,14
type_horizon,4,3,8,2002,1,3,82.0,False,0.015992267610175137,21
type_horizon,4,3,8,2002,2,0,13.0,False,0.015992267610175137,4
type_horizon,4,3,8,2003,0,3,78.0,False,0.015992267610175137,20
type_horizon,4,3,8,2003,1,1,46.0,False,0.015992267610175137,12
type_horizon,4,3,8,2003,2,3,54.0,False,0.015992267610175137,14
type_horizon,4,3,8,2004,0,3,70.0,False,0.015992267610175137,18
type_horizon,4,3,8,2004,1,2,64.0,False,0.015992267610175137,16
type_horizon,4,3,8,2004,2,7,36.0,False,0.015992267610175137,9
type_horizon,4,3,8,2005,0,5,48.0,False,0.015992267610175137,12
type_horizon,4,3,8,2005,1,1,48.0,False,0.015992267610175137,12
type_horizon,4,3,8,2005,2,7,28.0,False,0.015992267610175137,7
type_horizon,4,3,8,2006,0,6,51.0,False,0.015992267610175137,13
type_horizon,4,3,8,2006,1,2,46.0,False,0.015992267610175137,12
type_horizon,4,3,8,2006,2,7,10.0,False,0.015992267610175137,3
type_horizon,4,3,8,2007,0,7,24.0,False,0.015992267610175137,6
type_horizon,4,3,8,2007,1,5,99.0,False,0.015992267610175137,25
type_horizon,4,3,8,2007,2,5,50.0,False,0.015992267610175137,13
type_horizon,4,3,8,2008,0,2,48.0,False,0.015992267610175137,12
type_horizon,4,3,8,2008,1,2,56.0,False,0.015992267610175137,14
type_horizon,4,3,8,2008,2,2,46.0,False,0.015992267610175137,12
type_horizon,4,3,8,2009,0,6,142.0,False,0.015992267610175137,36
type_horizon,4,3,8,2009,1,2,85.0,False,0.015992267610175137,22
type_horizon,4,3,8,2009,2,4,47.0,False,0.015992267610175137,12
type_horizon,4,3,8,2010,0,4,46.0,False,0.015992267610175137,12
type_horizon,4,3,8,2010,1,3,49.0,False,0.015992267610175137,13
type_horizon,4,3,8,2010,2,7,26.0,False,0.015992267610175137,7
type_horizon,4,3,8,2011,0,6,51.0,False,0.015992267610175137,13
type_horizon,4,3,8,2011,1,1,46.0,False,0.015992267610175137,12
type_horizon,4,3,8,2011,2,1,121.0,False,0.015992267610175137,31
type_horizon,4,3,8,2012,0,0,52.0,False,0.015992267610175137,13
type_horizon,4,3,8,2012,1,6,46.0,False,0.015992267610175137,12
type_horizon,4,3,8,2012,2,1,99.0,False,0.015992267610175137,25
type_horizon,4,3,8,2013,0,6,48.0,False,0.015992267610175137,12
type_horizon,4,3,8,2013,1,2,52.0,False,0.015992267610175137,13
type_horizon,4,3,8,2013,2,3,117.0,False,0.015992267610175137,30
type_horizon,4,3,8,2014,0,4,46.0,False,0.015992267610175137,12
type_horizon,4,3,8,2014,1,1,52.0,False,0.015992267610175137,13
type_horizon,4,3,8,2014,2,7,23.0,False,0.015992267610175137,6
type_horizon,4,3,8,2015,0,6,50.0,False,0.015992267610175137,13
type_horizon,4,3,8,2015,1,0,31.0,False,0.015992267610175137,8
type_horizon,4,3,8,2015,2,4,48.0,False,0.015992267610175137,12
type_horizon,4,3,8,2016,0,5,48.0,False,0.015992267610175137,12
type_horizon,4,3,8,2016,1,4,160.0,False,0.015992267610175137,40
type_horizon,4,3,8,2016,2,7,13.0,False,0.015992267610175137,4
type_horizon,4,3,8,2017,0,4,45.0,False,0.015992267610175137,12
type_horizon,4,3,8,2017,1,4,47.0,False,0.015992267610175137,12
type_horizon,4,3,8,2017,2,7,6.0,False,0.015992267610175137,2
type_horizon,4,3,8,2018,0,1,48.0,False,0.015992267610175137,12
type_horizon,4,3,8,2018,1,2,107.0,False,0.015992267610175137,27
type_horizon,4,3,8,2018,2,2,65.0,False,0.015992267610175137,17
type_horizon,4,3,8,2019,0,3,46.0,False,0.015992267610175137,12
type_horizon,4,3,8,2019,1,6,57.0,False,0.015992267610175137,15
type_horizon,4,3,8,2019,2,6,113.0,False,0.015992267610175137,29
type_horizon,4,3,8,2020,0,1,69.0,False,0.015992267610175137,18
type_horizon,4,3,8,2020,1,2,48.0,False,0.015992267610175137,12
type_horizon,4,3,8,2020,2,6,48.0,False,0.015992267610175137,12
type_horizon,4,3,8,2021,0,7,55.0,False,0.015992267610175137,14
type_horizon,4,3,8,2021,1,2,59.0,False,0.015992267610175137,15
type_horizon,4,3,8,2021,2,5,59.0,False,0.015992267610175137,15
type_horizon,4,3,8,2022,0,6,59.0,False,0.015992267610175137,15
type_horizon,4,3,8,2022,1,7,111.0,False,0.015992267610175137,28
type_horizon,4,3,8,2022,2,1,46.0,False,0.015992267610175137,12
type_horizon,4,3,8,2023,0,7,11.0,False,0.015992267610175137,3
type_horizon,4,3,8,2023,1,0,99.0,False,0.015992267610175137,25
type_horizon,4,3,8,2023,2,6,54.0,False,0.015992267610175137,14
type_horizon,4,3,8,2024,0,5,66.0,False,0.015992267610175137,17
type_horizon,4,3,8,2024,1,0,211.0,False,0.015992267610175137,53
type_horizon,4,3,8,2024,2,5,71.0,False,0.015992267610175137,18
type_horizon,4,3,8,2025,0,6,57.0,False,0.015992267610175137,15
type_horizon,4,3,8,2025,1,2,46.0,False,0.015992267610175137,12
type_horizon,4,3,8,2025,2,0,73.0,False,0.015992267610175137,19
type_horizon,4,3,8,2026,0,5,110.0,False,0.015992267610175137,28
type_horizon,4,3,8,2026,1,0,74.0,False,0.015992267610175137,19
type_horizon,4,3,8,2026,2,4,53.0,False,0.015992267610175137,14
type_horizon,4,3,8,2027,0,0,16.0,False,0.015992267610175137,4
type_horizon,4,3,8,2027,1,0,24.0,False,0.015992267610175137,6
type_horizon,4,3,8,2027,2,2,46.0,False,0.015992267610175137,12
type_horizon,4,3,8,2028,0,7,22.0,False,0.015992267610175137,6
type_horizon,4,3,8,2028,1,6,60.0,False,0.015992267610175137,15
type_horizon,4,3,8,2028,2,0,16.0,False,0.015992267610175137,4
type_horizon,4,3,8,2029,0,4,48.0,False,0.015992267610175137,12
type_horizon,4,3,8,2029,1,7,52.0,False,0.015992267610175137,13
type_horizon,4,3,8,2029,2,7,43.0,False,0.015992267610175137,11
type_horizon,4,3,8,2030,0,7,32.0,False,0.015992267610175137,8
type_horizon,4,3,8,2030,1,1,46.0,False,0.015992267610175137,12
type_horizon,4,3,8,2030,2,7,25.0,False,0.015992267610175137,7
type_horizon,4,3,8,2031,0,5,53.0,False,0.015992267610175137,14
type_horizon,4,3,8,2031,1,0,24.0,False,0.015992267610175137,6
type_horizon,4,3,8,2031,2,6,49.0,False,0.015992267610175137,13
type_horizon,4,3,8,2032,0,3,64.0,False,0.015992267610175137,16
type_horizon,4,3,8,2032,1,6,62.0,False,0.015992267610175137,16
type_horizon,4,3,8,2032,2,3,72.0,False,0.015992267610175137,18
type_horizon,4,3,8,2033,0,1,54.0,False,0.015992267610175137,14
type_horizon,4,3,8,2033,1,4,49.0,False,0.015992267610175137,13
type_horizon,4,3,8,2033,2,5,46.0,False,0.015992267610175137,12
type_horizon,4,3,8,2034,0,4,72.0,False,0.015992267610175137,18
type_horizon,4,3,8,2034,1,3,53.0,False,0.015992267610175137,14
type_horizon,4,3,8,2034,2,5,67.0,False,0.015992267610175137,17
type_horizon,4,3,8,2035,0,7,13.0,False,0.015992267610175137,4
type_horizon,4,3,8,2035,1,6,46.0,False,0.015992267610175137,12
type_horizon,4,3,8,2035,2,5,48.0,False,0.015992267610175137,12
type_horizon,4,3,8,2036,0,2,47.0,False,0.015992267610175137,12
type_horizon,4,3,8,2036,1,7,5.0,False,0.015992267610175137,2
type_horizon,4,3,8,2036,2,6,49.0,False,0.015992267610175137,13
type_horizon,4,3,8,2037,0,2,112.0,False,0.015992267610175137,28
type_horizon,4,3,8,2037,1,3,66.0,False,0.015992267610175137,17
type_horizon,4,3,8,2037,2,5,173.0,False,0.015992267610175137,44
type_horizon,4,3,8,2038,0,3,108.0,False,0.015992267610175137,27
type_horizon,4,3,8,2038,1,1,47.0,False,0.015992267610175137,12
type_horizon,4,3,8,2038,2,3,47.0,False,0.015992267610175137,12
type_horizon,4,3,8,2039,0,7,52.0,False,0.015992267610175137,13
type_horizon,4,3,8,2039,1,5,46.0,False,0.015992267610175137,12
type_horizon,4,3,8,2039,2,6,186.0,False,0.015992267610175137,47
type_horizon,4,3,8,2040,0,1,112.0,False,0.015992267610175137,28
type_horizon,4,3,8,2040,1,5,55.0,False,0.015992267610175137,14
type_horizon,4,3,8,2040,2,2,55.0,False,0.015992267610175137,14
type_horizon,4,3,8,2041,0,4,47.0,False,0.015992267610175137,12
type_horizon,4,3,8,2041,1,0,39.0,False,0.015992267610175137,10
type_horizon,4,3,8,2041,2,7,33.0,False,0.015992267610175137,9
type_horizon,4,3,8,2042,0,1,57.0,False,0.015992267610175137,15
type_horizon,4,3,8,2042,1,4,45.0,False,0.015992267610175137,12
type_horizon,4,3,8,2042,2,2,47.0,False,0.015992267610175137,12
type_horizon,4,3,8,2043,0,1,68.0,False,0.015992267610175137,17
type_horizon,4,3,8,2043,1,5,59.0,False,0.015992267610175137,15
type_horizon,4,3,8,2043,2,4,86.0,False,0.015992267610175137,22
type_horizon,4,3,8,2044,0,0,19.0,False,0.015992267610175137,5
type_horizon,4,3,8,2044,1,4,48.0,False,0.015992267610175137,12
type_horizon,4,3,8,2044,2,5,45.0,False,0.015992267610175137,12
type_horizon,4,3,8,2045,0,1,49.0,False,0.015992267610175137,13
type_horizon,4,3,8,2045,1,0,5.0,False,0.015992267610175137,2
type_horizon,4,3,8,2045,2,2,45.0,False,0.015992267610175137,12
type_horizon,4,3,8,2046,0,7,54.0,False,0.015992267610175137,14
type_horizon,4,3,8,2046,1,5,67.0,False,0.015992267610175137,17
type_horizon,4,3,8,2046,2,5,52.0,False,0.015992267610175137,13
type_horizon,4,3,8,2047,0,2,95.0,False,0.015992267610175137,24
type_horizon,4,3,8,2047,1,5,46.0,False,0.015992267610175137,12
type_horizon,4,3,8,2047,2,0,58.0,False,0.015992267610175137,15
type_horizon,4,3,8,2048,0,2,162.0,False,0.015992267610175137,41
type_horizon,4,3,8,2048,1,4,55.0,False,0.015992267610175137,14
type_horizon,4,3,8,2048,2,7,43.0,False,0.015992267610175137,11
type_horizon,4,3,8,2049,0,1,45.0,False,0.015992267610175137,12
type_horizon,4,3,8,2049,1,4,53.0,False,0.015992267610175137,14
type_horizon,4,3,8,2049,2,4,53.0,False,0.015992267610175137,14
type_horizon,4,3,8,2050,0,5,84.0,False,0.015992267610175137,21
type_horizon,4,3,8,2050,1,2,48.0,False,0.015992267610175137,12
type_horizon,4,3,8,2050,2,1,46.0,False,0.015992267610175137,12
type_horizon,4,3,8,2051,0,1,46.0,False,0.015992267610175137,12
type_horizon,4,3,8,2051,1,3,64.0,False,0.015992267610175137,16
type_horizon,4,3,8,2051,2,6,74.0,False,0.015992267610175137,19
type_horizon,4,3,8,2052,0,5,55.0,False,0.015992267610175137,14
type_horizon,4,3,8,2052,1,5,49.0,False,0.015992267610175137,13
type_horizon,4,3,8,2052,2,5,50.0,False,0.015992267610175137,13
type_horizon,4,3,8,2053,0,3,69.0,False,0.015992267610175137,18
type_horizon,4,3,8,2053,1,0,25.0,False,0.015992267610175137,7
type_horizon,4,3,8,2053,2,5,85.0,False,0.015992267610175137,22
type_horizon,4,3,8,2054,0,3,58.0,False,0.015992267610175137,15
type_horizon,4,3,8,2054,1,7,13.0,False,0.015992267610175137,4
type_horizon,4,3,8,2054,2,1,66.0,False,0.015992267610175137,17
type_horizon,4,3,8,2055,0,1,61.0,False,0.015992267610175137,16
type_horizon,4,3,8,2055,1,0,14.0,False,0.015992267610175137,4
type_horizon,4,3,8,2055,2,5,74.0,False,0.015992267610175137,19
type_horizon,4,3,8,2056,0,3,48.0,False,0.015992267610175137,12
type_horizon,4,3,8,2056,1,3,51.0,False,0.015992267610175137,13
type_horizon,4,3,8,2056,2,1,98.0,False,0.015992267610175137,25
type_horizon,4,3,8,2057,0,7,136.0,False,0.015992267610175137,34
type_horizon,4,3,8,2057,1,0,156.0,False,0.015992267610175137,39
type_horizon,4,3,8,2057,2,7,213.0,False,0.015992267610175137,54
type_horizon,4,3,8,2058,0,6,95.0,False,0.015992267610175137,24
type_horizon,4,3,8,2058,1,5,49.0,False,0.015992267610175137,13
type_horizon,4,3,8,2058,2,3,55.0,False,0.015992267610175137,14
type_horizon,4,3,8,2059,0,5,46.0,False,0.015992267610175137,12
type_horizon,4,3,8,2059,1,4,47.0,False,0.015992267610175137,12
type_horizon,4,3,8,2059,2,1,60.0,False,0.015992267610175137,15
type_horizon,4,3,8,2060,0,7,46.0,False,0.015992267610175137,12
type_horizon,4,3,8,2060,1,6,57.0,False,0.015992267610175137,15
type_horizon,4,3,8,2060,2,4,51.0,False,0.015992267610175137,13
type_horizon,4,3,8,2061,0,6,121.0,False,0.015992267610175137,31
type_horizon,4,3,8,2061,1,2,75.0,False,0.015992267610175137,19
type_horizon,4,3,8,2061,2,1,256.0,False,0.015992267610175137,64
type_horizon,4,3,8,2062,0,1,49.0,False,0.015992267610175137,13
type_horizon,4,3,8,2062,1,5,232.0,False,0.015992267610175137,58
type_horizon,4,3,8,2062,2,1,91.0,False,0.015992267610175137,23
type_horizon,4,3,8,2063,0,5,72.0,False,0.015992267610175137,18
type_horizon,4,3,8,2063,1,4,61.0,False,0.015992267610175137,16
type_horizon,4,3,8,2063,2,2,48.0,False,0.015992267610175137,12
type_horizon,4,3,8,2064,0,0,9.0,False,0.015992267610175137,3
type_horizon,4,3,8,2064,1,1,48.0,False,0.015992267610175137,12
type_horizon,4,3,8,2064,2,0,47.0,False,0.015992267610175137,12
type_horizon,4,3,8,2065,0,7,5.0,False,0.015992267610175137,2
type_horizon,4,3,8,2065,1,0,38.0,False,0.015992267610175137,10
type_horizon,4,3,8,2065,2,2,60.0,False,0.015992267610175137,15
type_horizon,4,3,8,2066,0,7,27.0,False,0.015992267610175137,7
type_horizon,4,3,8,2066,1,6,85.0,False,0.015992267610175137,22
type_horizon,4,3,8,2066,2,0,32.0,False,0.015992267610175137,8
type_horizon,4,3,8,2067,0,7,42.0,False,0.015992267610175137,11
type_horizon,4,3,8,2067,1,6,48.0,False,0.015992267610175137,12
type_horizon,4,3,8,2067,2,2,53.0,False,0.015992267610175137,14
type_horizon,4,3,8,2068,0,5,61.0,False,0.015992267610175137,16
type_horizon,4,3,8,2068,1,5,175.0,False,0.015992267610175137,44
type_horizon,4,3,8,2068,2,2,58.0,False,0.015992267610175137,15
type_horizon,4,3,8,2069,0,7,16.0,False,0.015992267610175137,4
type_horizon,4,3,8,2069,1,0,71.0,False,0.015992267610175137,18
type_horizon,4,3,8,2069,2,3,50.0,False,0.015992267610175137,13
type_horizon,4,3,8,2070,0,0,19.0,False,0.015992267610175137,5
type_horizon,4,3,8,2070,1,1,100.0,False,0.015992267610175137,25
type_horizon,4,3,8,2070,2,4,117.0,False,0.015992267610175137,30
type_horizon,4,3,8,2071,0,5,48.0,False,0.015992267610175137,12
type_horizon,4,3,8,2071,1,5,128.0,False,0.015992267610175137,32
type_horizon,4,3,8,2071,2,6,46.0,False,0.015992267610175137,12
type_horizon,4,3,8,2072,0,4,60.0,False,0.015992267610175137,15
type_horizon,4,3,8,2072,1,4,80.0,False,0.015992267610175137,20
type_horizon,4,3,8,2072,2,5,83.0,False,0.015992267610175137,21
type_horizon,4,3,8,2073,0,0,19.0,False,0.015992267610175137,5
type_horizon,4,3,8,2073,1,4,47.0,False,0.015992267610175137,12
type_horizon,4,3,8,2073,2,7,22.0,False,0.015992267610175137,6
type_horizon,4,3,8,2074,0,7,66.0,False,0.015992267610175137,17
type_horizon,4,3,8,2074,1,6,77.0,False,0.015992267610175137,20
type_horizon,4,3,8,2074,2,2,55.0,False,0.015992267610175137,14
type_horizon,4,3,8,2075,0,6,49.0,False,0.015992267610175137,13
type_horizon,4,3,8,2075,1,4,69.0,False,0.015992267610175137,18
type_horizon,4,3,8,2075,2,5,46.0,False,0.015992267610175137,12
type_horizon,4,3,8,2076,0,3,48.0,False,0.015992267610175137,12
type_horizon,4,3,8,2076,1,1,51.0,False,0.015992267610175137,13
type_horizon,4,3,8,2076,2,1,65.0,False,0.015992267610175137,17
type_horizon,4,3,8,2077,0,4,45.0,False,0.015992267610175137,12
type_horizon,4,3,8,2077,1,7,10.0,False,0.015992267610175137,3
type_horizon,4,3,8,2077,2,7,25.0,False,0.015992267610175137,7
type_horizon,4,3,8,2078,0,4,74.0,False,0.015992267610175137,19
type_horizon,4,3,8,2078,1,2,46.0,False,0.015992267610175137,12
type_horizon,4,3,8,2078,2,5,48.0,False,0.015992267610175137,12
type_horizon,4,3,8,2079,0,0,41.0,False,0.015992267610175137,11
type_horizon,4,3,8,2079,1,3,238.0,False,0.015992267610175137,60
type_horizon,4,3,8,2079,2,0,24.0,False,0.015992267610175137,6
type_horizon,4,3,8,2080,0,1,81.0,False,0.015992267610175137,21
type_horizon,4,3,8,2080,1,2,58.0,False,0.015992267610175137,15
type_horizon,4,3,8,2080,2,6,55.0,False,0.015992267610175137,14
type_horizon,4,3,8,2081,0,3,114.0,False,0.015992267610175137,29
type_horizon,4,3,8,2081,1,4,153.0,False,0.015992267610175137,39
type_horizon,4,3,8,2081,2,5,230.0,False,0.015992267610175137,58
type_horizon,4,3,8,2082,0,5,48.0,False,0.015992267610175137,12
type_horizon,4,3,8,2082,1,1,51.0,False,0.015992267610175137,13
type_horizon,4,3,8,2082,2,7,36.0,False,0.015992267610175137,9
type_horizon,4,3,8,2083,0,2,49.0,False,0.015992267610175137,13
type_horizon,4,3,8,2083,1,3,72.0,False,0.015992267610175137,18
type_horizon,4,3,8,2083,2,6,47.0,False,0.015992267610175137,12
type_horizon,4,3,8,2084,0,3,47.0,False,0.015992267610175137,12
type_horizon,4,3,8,2084,1,5,46.0,False,0.015992267610175137,12
type_horizon,4,3,8,2084,2,2,58.0,False,0.015992267610175137,15
type_horizon,4,3,8,2085,0,0,18.0,False,0.015992267610175137,5
type_horizon,4,3,8,2085,1,1,96.0,False,0.015992267610175137,24
type_horizon,4,3,8,2085,2,5,92.0,False,0.015992267610175137,23
type_horizon,4,3,8,2086,0,1,96.0,False,0.015992267610175137,24
type_horizon,4,3,8,2086,1,4,64.0,False,0.015992267610175137,16
type_horizon,4,3,8,2086,2,4,52.0,False,0.015992267610175137,13
type_horizon,4,3,8,2087,0,5,50.0,False,0.015992267610175137,13
type_horizon,4,3,8,2087,1,7,66.0,False,0.015992267610175137,17
type_horizon,4,3,8,2087,2,0,10.0,False,0.015992267610175137,3
type_horizon,4,3,8,2088,0,5,60.0,False,0.015992267610175137,15
type_horizon,4,3,8,2088,1,0,69.0,False,0.015992267610175137,18
type_horizon,4,3,8,2088,2,0,141.0,False,0.015992267610175137,36
type_horizon,4,3,8,2089,0,7,38.0,False,0.015992267610175137,10
type_horizon,4,3,8,2089,1,5,47.0,False,0.015992267610175137,12
type_horizon,4,3,8,2089,2,2,74.0,False,0.015992267610175137,19
type_horizon,4,3,8,2090,0,7,13.0,False,0.015992267610175137,4
type_horizon,4,3,8,2090,1,2,238.0,False,0.015992267610175137,60
type_horizon,4,3,8,2090,2,0,26.0,False,0.015992267610175137,7
type_horizon,4,3,8,2091,0,1,166.0,False,0.015992267610175137,42
type_horizon,4,3,8,2091,1,4,49.0,False,0.015992267610175137,13
type_horizon,4,3,8,2091,2,6,56.0,False,0.015992267610175137,14
type_horizon,4,3,8,2092,0,6,49.0,False,0.015992267610175137,13
type_horizon,4,3,8,2092,1,4,63.0,False,0.015992267610175137,16
type_horizon,4,3,8,2092,2,5,69.0,False,0.015992267610175137,18
type_horizon,4,3,8,2093,0,0,14.0,False,0.015992267610175137,4
type_horizon,4,3,8,2093,1,3,49.0,False,0.015992267610175137,13
type_horizon,4,3,8,2093,2,3,46.0,False,0.015992267610175137,12
type_horizon,4,3,8,2094,0,4,107.0,False,0.015992267610175137,27
type_horizon,4,3,8,2094,1,7,18.0,False,0.015992267610175137,5
type_horizon,4,3,8,2094,2,3,64.0,False,0.015992267610175137,16
type_horizon,4,3,8,2095,0,7,64.0,False,0.015992267610175137,16
type_horizon,4,3,8,2095,1,4,105.0,False,0.015992267610175137,27
type_horizon,4,3,8,2095,2,4,152.0,False,0.015992267610175137,38
type_horizon,4,3,8,2096,0,6,198.0,False,0.015992267610175137,50
type_horizon,4,3,8,2096,1,3,178.0,False,0.015992267610175137,45
type_horizon,4,3,8,2096,2,3,157.0,False,0.015992267610175137,40
type_horizon,4,3,8,2097,0,0,18.0,False,0.015992267610175137,5
type_horizon,4,3,8,2097,1,0,11.0,False,0.015992267610175137,3
type_horizon,4,3,8,2097,2,6,74.0,False,0.015992267610175137,19
type_horizon,4,3,8,2098,0,3,60.0,False,0.015992267610175137,15
type_horizon,4,3,8,2098,1,3,102.0,False,0.015992267610175137,26
type_horizon,4,3,8,2098,2,4,177.0,False,0.015992267610175137,45
type_horizon,4,3,8,2099,0,2,47.0,False,0.015992267610175137,12
type_horizon,4,3,8,2099,1,0,12.0,False,0.015992267610175137,3
type_horizon,4,3,8,2099,2,7,44.0,False,0.015992267610175137,11
type_horizon,4,3,8,2100,0,5,46.0,False,0.015992267610175137,12
type_horizon,4,3,8,2100,1,6,48.0,False,0.015992267610175137,12
type_horizon,4,3,8,2100,2,0,21.0,False,0.015992267610175137,6
type_horizon,4,3,8,2101,0,5,68.0,False,0.015992267610175137,17
type_horizon,4,3,8,2101,1,1,130.0,False,0.015992267610175137,33
type_horizon,4,3,8,2101,2,6,47.0,False,0.015992267610175137,12
type_horizon,4,3,8,2102,0,6,56.0,False,0.015992267610175137,14
type_horizon,4,3,8,2102,1,3,213.0,False,0.015992267610175137,54
type_horizon,4,3,8,2102,2,7,6.0,False,0.015992267610175137,2
type_horizon,4,3,8,2103,0,0,20.0,False,0.015992267610175137,5
type_horizon,4,3,8,2103,1,2,50.0,False,0.015992267610175137,13
type_horizon,4,3,8,2103,2,3,45.0,False,0.015992267610175137,12
type_horizon,4,3,8,2104,0,6,127.0,False,0.015992267610175137,32
type_horizon,4,3,8,2104,1,5,67.0,False,0.015992267610175137,17
type_horizon,4,3,8,2104,2,6,80.0,False,0.015992267610175137,20
type_horizon,4,3,8,2105,0,5,70.0,False,0.015992267610175137,18
type_horizon,4,3,8,2105,1,6,70.0,False,0.015992267610175137,18
type_horizon,4,3,8,2105,2,0,32.0,False,0.015992267610175137,8
type_horizon,4,3,8,2106,0,2,48.0,False,0.015992267610175137,12
type_horizon,4,3,8,2106,1,3,47.0,False,0.015992267610175137,12
type_horizon,4,3,8,2106,2,3,45.0,False,0.015992267610175137,12
type_horizon,4,3,8,2107,0,1,45.0,False,0.015992267610175137,12
type_horizon,4,3,8,2107,1,4,64.0,False,0.015992267610175137,16
type_horizon,4,3,8,2107,2,7,104.0,False,0.015992267610175137,26
type_horizon,4,3,8,2108,0,6,138.0,False,0.015992267610175137,35
type_horizon,4,3,8,2108,1,1,49.0,False,0.015992267610175137,13
type_horizon,4,3,8,2108,2,6,69.0,False,0.015992267610175137,18
type_horizon,4,3,8,2109,0,2,54.0,False,0.015992267610175137,14
type_horizon,4,3,8,2109,1,5,50.0,False,0.015992267610175137,13
type_horizon,4,3,8,2109,2,7,19.0,False,0.015992267610175137,5
type_horizon,4,3,8,2110,0,3,53.0,False,0.015992267610175137,14
type_horizon,4,3,8,2110,1,5,64.0,False,0.015992267610175137,16
type_horizon,4,3,8,2110,2,0,99.0,False,0.015992267610175137,25
type_horizon,4,3,8,2111,0,3,70.0,False,0.015992267610175137,18
type_horizon,4,3,8,2111,1,6,70.0,False,0.015992267610175137,18
type_horizon,4,3,8,2111,2,1,51.0,False,0.015992267610175137,13
type_horizon,4,3,8,2112,0,5,65.0,False,0.015992267610175137,17
type_horizon,4,3,8,2112,1,5,51.0,False,0.015992267610175137,13
type_horizon,4,3,8,2112,2,4,50.0,False,0.015992267610175137,13
type_horizon,4,3,8,2113,0,0,24.0,False,0.015992267610175137,6
type_horizon,4,3,8,2113,1,4,48.0,False,0.015992267610175137,12
type_horizon,4,3,8,2113,2,4,130.0,False,0.015992267610175137,33
type_horizon,4,3,8,2114,0,6,56.0,False,0.015992267610175137,14
type_horizon,4,3,8,2114,1,4,77.0,False,0.015992267610175137,20
type_horizon,4,3,8,2114,2,2,47.0,False,0.015992267610175137,12
type_horizon,4,3,8,2115,0,5,71.0,False,0.015992267610175137,18
type_horizon,4,3,8,2115,1,6,116.0,False,0.015992267610175137,29
type_horizon,4,3,8,2115,2,5,210.0,False,0.015992267610175137,53
type_horizon,4,3,8,2116,0,1,110.0,False,0.015992267610175137,28
type_horizon,4,3,8,2116,1,1,48.0,False,0.015992267610175137,12
type_horizon,4,3,8,2116,2,6,61.0,False,0.015992267610175137,16
type_horizon,4,3,8,2117,0,5,58.0,False,0.015992267610175137,15
type_horizon,4,3,8,2117,1,7,6.0,False,0.015992267610175137,2
type_horizon,4,3,8,2117,2,6,61.0,False,0.015992267610175137,16
type_horizon,4,3,8,2118,0,4,79.0,False,0.015992267610175137,20
type_horizon,4,3,8,2118,1,6,158.0,False,0.015992267610175137,40
type_horizon,4,3,8,2118,2,0,153.0,False,0.015992267610175137,39
type_horizon,4,3,8,2119,0,2,73.0,False,0.015992267610175137,19
type_horizon,4,3,8,2119,1,7,26.0,False,0.015992267610175137,7
type_horizon,4,3,8,2119,2,5,50.0,False,0.015992267610175137,13
type_horizon,4,3,8,2120,0,6,48.0,False,0.015992267610175137,12
type_horizon,4,3,8,2120,1,4,64.0,False,0.015992267610175137,16
type_horizon,4,3,8,2120,2,2,54.0,False,0.015992267610175137,14
type_horizon,4,3,8,2121,0,0,70.0,False,0.015992267610175137,18
type_horizon,4,3,8,2121,1,0,10.0,False,0.015992267610175137,3
type_horizon,4,3,8,2121,2,7,17.0,False,0.015992267610175137,5
type_horizon,4,3,8,2122,0,4,170.0,False,0.015992267610175137,43
type_horizon,4,3,8,2122,1,5,243.0,False,0.015992267610175137,61
type_horizon,4,3,8,2122,2,7,64.0,False,0.015992267610175137,16
type_horizon,4,3,8,2123,0,1,46.0,False,0.015992267610175137,12
type_horizon,4,3,8,2123,1,4,49.0,False,0.015992267610175137,13
type_horizon,4,3,8,2123,2,5,66.0,False,0.015992267610175137,17
type_horizon,4,3,8,2124,0,6,122.0,False,0.015992267610175137,31
type_horizon,4,3,8,2124,1,4,73.0,False,0.015992267610175137,19
type_horizon,4,3,8,2124,2,6,47.0,False,0.015992267610175137,12
type_horizon,4,3,8,2125,0,2,54.0,False,0.015992267610175137,14
type_horizon,4,3,8,2125,1,7,32.0,False,0.015992267610175137,8
type_horizon,4,3,8,2125,2,7,14.0,False,0.015992267610175137,4
type_horizon,4,3,8,2126,0,2,49.0,False,0.015992267610175137,13
type_horizon,4,3,8,2126,1,1,117.0,False,0.015992267610175137,30
type_horizon,4,3,8,2126,2,0,127.0,False,0.015992267610175137,32
type_horizon,4,3,8,2127,0,0,8.0,False,0.015992267610175137,2
type_horizon,4,3,8,2127,1,2,64.0,False,0.015992267610175137,16
type_horizon,4,3,8,2127,2,2,89.0,False,0.015992267610175137,23
type_horizon,4,3,8,2128,0,6,67.0,False,0.015992267610175137,17
type_horizon,4,3,8,2128,1,5,95.0,False,0.015992267610175137,24
type_horizon,4,3,8,2128,2,2,53.0,False,0.015992267610175137,14
type_horizon,4,3,8,2129,0,0,50.0,False,0.015992267610175137,13
type_horizon,4,3,8,2129,1,1,47.0,False,0.015992267610175137,12
type_horizon,4,3,8,2129,2,4,98.0,False,0.015992267610175137,25
type_horizon,4,3,8,2130,0,0,45.0,False,0.015992267610175137,12
type_horizon,4,3,8,2130,1,5,75.0,False,0.015992267610175137,19
type_horizon,4,3,8,2130,2,4,61.0,False,0.015992267610175137,16
type_horizon,4,3,8,2131,0,2,61.0,False,0.015992267610175137,16
type_horizon,4,3,8,2131,1,2,55.0,False,0.015992267610175137,14
type_horizon,4,3,8,2131,2,5,138.0,False,0.015992267610175137,35
type_horizon,4,3,8,2132,0,1,165.0,False,0.015992267610175137,42
type_horizon,4,3,8,2132,1,4,59.0,False,0.015992267610175137,15
type_horizon,4,3,8,2132,2,5,50.0,False,0.015992267610175137,13
type_horizon,4,3,8,2133,0,1,46.0,False,0.015992267610175137,12
type_horizon,4,3,8,2133,1,4,47.0,False,0.015992267610175137,12
type_horizon,4,3,8,2133,2,2,110.0,False,0.015992267610175137,28
type_horizon,4,3,8,2134,0,6,63.0,False,0.015992267610175137,16
type_horizon,4,3,8,2134,1,4,46.0,False,0.015992267610175137,12
type_horizon,4,3,8,2134,2,7,31.0,False,0.015992267610175137,8
type_horizon,4,3,8,2135,0,7,39.0,False,0.015992267610175137,10
type_horizon,4,3,8,2135,1,2,47.0,False,0.015992267610175137,12
type_horizon,4,3,8,2135,2,6,48.0,False,0.015992267610175137,12
type_horizon,4,3,8,2136,0,0,29.0,False,0.015992267610175137,8
type_horizon,4,3,8,2136,1,7,118.0,False,0.015992267610175137,30
type_horizon,4,3,8,2136,2,1,120.0,False,0.015992267610175137,30
type_horizon,4,3,8,2137,0,5,79.0,False,0.015992267610175137,20
type_horizon,4,3,8,2137,1,0,10.0,False,0.015992267610175137,3
type_horizon,4,3,8,2137,2,3,46.0,False,0.015992267610175137,12
type_horizon,4,3,8,2138,0,3,46.0,False,0.015992267610175137,12
type_horizon,4,3,8,2138,1,0,50.0,False,0.015992267610175137,13
type_horizon,4,3,8,2138,2,6,68.0,False,0.015992267610175137,17
type_horizon,4,3,8,2139,0,3,45.0,False,0.015992267610175137,12
type_horizon,4,3,8,2139,1,6,67.0,False,0.015992267610175137,17
type_horizon,4,3,8,2139,2,6,45.0,False,0.015992267610175137,12
type_horizon,4,3,8,2140,0,2,46.0,False,0.015992267610175137,12
type_horizon,4,3,8,2140,1,2,133.0,False,0.015992267610175137,34
type_horizon,4,3,8,2140,2,1,72.0,False,0.015992267610175137,18
type_horizon,4,3,8,2141,0,3,54.0,False,0.015992267610175137,14
type_horizon,4,3,8,2141,1,4,52.0,False,0.015992267610175137,13
type_horizon,4,3,8,2141,2,3,53.0,False,0.015992267610175137,14
type_horizon,4,3,8,2142,0,7,118.0,False,0.015992267610175137,30
type_horizon,4,3,8,2142,1,1,103.0,False,0.015992267610175137,26
type_horizon,4,3,8,2142,2,3,76.0,False,0.015992267610175137,19
type_horizon,4,3,8,2143,0,2,69.0,False,0.015992267610175137,18
type_horizon,4,3,8,2143,1,2,45.0,False,0.015992267610175137,12
type_horizon,4,3,8,2143,2,5,47.0,False,0.015992267610175137,12
type_horizon,4,3,8,2144,0,1,91.0,False,0.015992267610175137,23
type_horizon,4,3,8,2144,1,7,50.0,False,0.015992267610175137,13
type_horizon,4,3,8,2144,2,7,33.0,False,0.015992267610175137,9
type_horizon,4,3,8,2145,0,0,87.0,False,0.015992267610175137,22
type_horizon,4,3,8,2145,1,1,48.0,False,0.015992267610175137,12
type_horizon,4,3,8,2145,2,7,28.0,False,0.015992267610175137,7
type_horizon,4,3,8,2146,0,6,51.0,False,0.015992267610175137,13
type_horizon,4,3,8,2146,1,6,74.0,False,0.015992267610175137,19
type_horizon,4,3,8,2146,2,7,71.0,False,0.015992267610175137,18
type_horizon,4,3,8,2147,0,4,66.0,False,0.015992267610175137,17
type_horizon,4,3,8,2147,1,7,38.0,False,0.015992267610175137,10
type_horizon,4,3,8,2147,2,4,49.0,False,0.015992267610175137,13
type_horizon,4,3,8,2148,0,1,69.0,False,0.015992267610175137,18
type_horizon,4,3,8,2148,1,6,57.0,False,0.015992267610175137,15
type_horizon,4,3,8,2148,2,4,55.0,False,0.015992267610175137,14
type_horizon,4,3,8,2149,0,3,49.0,False,0.015992267610175137,13
type_horizon,4,3,8,2149,1,4,46.0,False,0.015992267610175137,12
type_horizon,4,3,8,2149,2,5,107.0,False,0.015992267610175137,27
type_horizon,4,3,8,2150,0,6,127.0,False,0.015992267610175137,32
type_horizon,4,3,8,2150,1,1,72.0,False,0.015992267610175137,18
type_horizon,4,3,8,2150,2,6,51.0,False,0.015992267610175137,13
type_horizon,4,3,8,2151,0,2,60.0,False,0.015992267610175137,15
type_horizon,4,3,8,2151,1,4,46.0,False,0.015992267610175137,12
type_horizon,4,3,8,2151,2,3,77.0,False,0.015992267610175137,20
type_horizon,4,3,8,2152,0,0,47.0,False,0.015992267610175137,12
type_horizon,4,3,8,2152,1,3,51.0,False,0.015992267610175137,13
type_horizon,4,3,8,2152,2,4,59.0,False,0.015992267610175137,15
type_horizon,4,3,8,2153,0,2,72.0,False,0.015992267610175137,18
type_horizon,4,3,8,2153,1,4,52.0,False,0.015992267610175137,13
type_horizon,4,3,8,2153,2,0,26.0,False,0.015992267610175137,7
type_horizon,4,3,8,2154,0,7,20.0,False,0.015992267610175137,5
type_horizon,4,3,8,2154,1,1,48.0,False,0.015992267610175137,12
type_horizon,4,3,8,2154,2,0,56.0,False,0.015992267610175137,14
type_horizon,4,3,8,2155,0,7,24.0,False,0.015992267610175137,6
type_horizon,4,3,8,2155,1,4,49.0,False,0.015992267610175137,13
type_horizon,4,3,8,2155,2,5,320.0,False,0.015992267610175137,80
type_horizon,4,3,8,2156,0,6,63.0,False,0.015992267610175137,16
type_horizon,4,3,8,2156,1,3,50.0,False,0.015992267610175137,13
type_horizon,4,3,8,2156,2,3,65.0,False,0.015992267610175137,17
type_horizon,4,3,8,2157,0,5,49.0,False,0.015992267610175137,13
type_horizon,4,3,8,2157,1,4,56.0,False,0.015992267610175137,14
type_horizon,4,3,8,2157,2,0,23.0,False,0.015992267610175137,6
type_horizon,4,3,8,2158,0,3,46.0,False,0.015992267610175137,12
type_horizon,4,3,8,2158,1,4,101.0,False,0.015992267610175137,26
type_horizon,4,3,8,2158,2,0,36.0,False,0.015992267610175137,9
type_horizon,4,3,8,2159,0,2,103.0,False,0.015992267610175137,26
type_horizon,4,3,8,2159,1,0,34.0,False,0.015992267610175137,9
type_horizon,4,3,8,2159,2,3,48.0,False,0.015992267610175137,12
type_horizon,4,3,8,2160,0,0,9.0,False,0.015992267610175137,3
type_horizon,4,3,8,2160,1,6,53.0,False,0.015992267610175137,14
type_horizon,4,3,8,2160,2,6,159.0,False,0.015992267610175137,40
type_horizon,4,3,8,2161,0,3,51.0,False,0.015992267610175137,13
type_horizon,4,3,8,2161,1,1,49.0,False,0.015992267610175137,13
type_horizon,4,3,8,2161,2,3,65.0,False,0.015992267610175137,17
type_horizon,4,3,8,2162,0,6,74.0,False,0.015992267610175137,19
type_horizon,4,3,8,2162,1,5,47.0,False,0.015992267610175137,12
type_horizon,4,3,8,2162,2,5,47.0,False,0.015992267610175137,12
type_horizon,4,3,8,2163,0,3,45.0,False,0.015992267610175137,12
type_horizon,4,3,8,2163,1,1,49.0,False,0.015992267610175137,13
type_horizon,4,3,8,2163,2,2,68.0,False,0.015992267610175137,17
type_horizon,4,3,8,2164,0,4,149.0,False,0.015992267610175137,38
type_horizon,4,3,8,2164,1,2,45.0,False,0.015992267610175137,12
type_horizon,4,3,8,2164,2,1,55.0,False,0.015992267610175137,14
type_horizon,4,3,8,2165,0,2,46.0,False,0.015992267610175137,12
type_horizon,4,3,8,2165,1,7,31.0,False,0.015992267610175137,8
type_horizon,4,3,8,2165,2,2,61.0,False,0.015992267610175137,16
type_horizon,4,3,8,2166,0,1,73.0,False,0.015992267610175137,19
type_horizon,4,3,8,2166,1,1,45.0,False,0.015992267610175137,12
type_horizon,4,3,8,2166,2,5,55.0,False,0.015992267610175137,14
type_horizon,4,3,8,2167,0,0,28.0,False,0.015992267610175137,7
type_horizon,4,3,8,2167,1,3,116.0,False,0.015992267610175137,29
type_horizon,4,3,8,2167,2,6,187.0,False,0.015992267610175137,47
type_horizon,4,3,8,2168,0,4,60.0,False,0.015992267610175137,15
type_horizon,4,3,8,2168,1,4,46.0,False,0.015992267610175137,12
type_horizon,4,3,8,2168,2,7,37.0,False,0.015992267610175137,10
type_horizon,4,3,8,2169,0,1,46.0,False,0.015992267610175137,12
type_horizon,4,3,8,2169,1,1,48.0,False,0.015992267610175137,12
type_horizon,4,3,8,2169,2,4,50.0,False,0.015992267610175137,13
type_horizon,4,3,8,2170,0,5,50.0,False,0.015992267610175137,13
type_horizon,4,3,8,2170,1,2,52.0,False,0.015992267610175137,13
type_horizon,4,3,8,2170,2,3,90.0,False,0.015992267610175137,23
type_horizon,4,3,8,2171,0,2,46.0,False,0.015992267610175137,12
type_horizon,4,3,8,2171,1,2,101.0,False,0.015992267610175137,26
type_horizon,4,3,8,2171,2,2,56.0,False,0.015992267610175137,14
type_horizon,4,3,8,2172,0,4,89.0,False,0.015992267610175137,23
type_horizon,4,3,8,2172,1,7,48.0,False,0.015992267610175137,12
type_horizon,4,3,8,2172,2,3,46.0,False,0.015992267610175137,12
type_horizon,4,3,8,2173,0,0,39.0,False,0.015992267610175137,10
type_horizon,4,3,8,2173,1,1,51.0,False,0.015992267610175137,13
type_horizon,4,3,8,2173,2,5,54.0,False,0.015992267610175137,14
type_horizon,4,3,8,2174,0,4,46.0,False,0.015992267610175137,12
type_horizon,4,3,8,2174,1,2,47.0,False,0.015992267610175137,12
type_horizon,4,3,8,2174,2,3,55.0,False,0.015992267610175137,14
type_horizon,4,3,8,2175,0,0,38.0,False,0.015992267610175137,10
type_horizon,4,3,8,2175,1,0,52.0,False,0.015992267610175137,13
type_horizon,4,3,8,2175,2,5,55.0,False,0.015992267610175137,14
type_horizon,4,3,8,2176,0,5,54.0,False,0.015992267610175137,14
type_horizon,4,3,8,2176,1,6,50.0,False,0.015992267610175137,13
type_horizon,4,3,8,2176,2,2,69.0,False,0.015992267610175137,18
type_horizon,4,3,8,2177,0,6,47.0,False,0.015992267610175137,12
type_horizon,4,3,8,2177,1,7,68.0,False,0.015992267610175137,17
type_horizon,4,3,8,2177,2,3,55.0,False,0.015992267610175137,14
type_horizon,4,3,8,2178,0,5,48.0,False,0.015992267610175137,12
type_horizon,4,3,8,2178,1,3,55.0,False,0.015992267610175137,14
type_horizon,4,3,8,2178,2,4,46.0,False,0.015992267610175137,12
type_horizon,4,3,8,2179,0,6,110.0,False,0.015992267610175137,28
type_horizon,4,3,8,2179,1,6,57.0,False,0.015992267610175137,15
type_horizon,4,3,8,2179,2,0,93.0,False,0.015992267610175137,24
type_horizon,4,3,8,2180,0,4,62.0,False,0.015992267610175137,16
type_horizon,4,3,8,2180,1,1,94.0,False,0.015992267610175137,24
type_horizon,4,3,8,2180,2,7,49.0,False,0.015992267610175137,13
type_horizon,4,3,8,2181,0,5,86.0,False,0.015992267610175137,22
type_horizon,4,3,8,2181,1,0,13.0,False,0.015992267610175137,4
type_horizon,4,3,8,2181,2,4,54.0,False,0.015992267610175137,14
type_horizon,4,3,8,2182,0,6,72.0,False,0.015992267610175137,18
type_horizon,4,3,8,2182,1,7,13.0,False,0.015992267610175137,4
type_horizon,4,3,8,2182,2,2,123.0,False,0.015992267610175137,31
type_horizon,4,3,8,2183,0,6,177.0,False,0.015992267610175137,45
type_horizon,4,3,8,2183,1,0,38.0,False,0.015992267610175137,10
type_horizon,4,3,8,2183,2,7,127.0,False,0.015992267610175137,32
type_horizon,4,3,8,2184,0,2,45.0,False,0.015992267610175137,12
type_horizon,4,3,8,2184,1,6,52.0,False,0.015992267610175137,13
type_horizon,4,3,8,2184,2,7,20.0,False,0.015992267610175137,5
type_horizon,4,3,8,2185,0,3,49.0,False,0.015992267610175137,13
type_horizon,4,3,8,2185,1,5,57.0,False,0.015992267610175137,15
type_horizon,4,3,8,2185,2,7,26.0,False,0.015992267610175137,7
type_horizon,4,3,8,2186,0,7,27.0,False,0.015992267610175137,7
type_horizon,4,3,8,2186,1,5,46.0,False,0.015992267610175137,12
type_horizon,4,3,8,2186,2,4,45.0,False,0.015992267610175137,12
type_horizon,4,3,8,2187,0,4,97.0,False,0.015992267610175137,25
type_horizon,4,3,8,2187,1,2,55.0,False,0.015992267610175137,14
type_horizon,4,3,8,2187,2,6,46.0,False,0.015992267610175137,12
type_horizon,4,3,8,2188,0,0,28.0,False,0.015992267610175137,7
type_horizon,4,3,8,2188,1,4,52.0,False,0.015992267610175137,13
type_horizon,4,3,8,2188,2,4,56.0,False,0.015992267610175137,14
type_horizon,4,3,8,2189,0,2,49.0,False,0.015992267610175137,13
type_horizon,4,3,8,2189,1,6,47.0,False,0.015992267610175137,12
type_horizon,4,3,8,2189,2,3,46.0,False,0.015992267610175137,12
type_horizon,4,3,8,2190,0,3,135.0,False,0.015992267610175137,34
type_horizon,4,3,8,2190,1,5,52.0,False,0.015992267610175137,13
type_horizon,4,3,8,2190,2,0,11.0,False,0.015992267610175137,3
type_horizon,4,3,8,2191,0,7,28.0,False,0.015992267610175137,7
type_horizon,4,3,8,2191,1,2,46.0,False,0.015992267610175137,12
type_horizon,4,3,8,2191,2,3,71.0,False,0.015992267610175137,18
type_horizon,4,3,8,2192,0,7,13.0,False,0.015992267610175137,4
type_horizon,4,3,8,2192,1,6,72.0,False,0.015992267610175137,18
type_horizon,4,3,8,2192,2,2,330.0,False,0.015992267610175137,83
type_horizon,4,3,8,2193,0,2,56.0,False,0.015992267610175137,14
type_horizon,4,3,8,2193,1,7,24.0,False,0.015992267610175137,6
type_horizon,4,3,8,2193,2,1,49.0,False,0.015992267610175137,13
type_horizon,4,3,8,2194,0,0,10.0,False,0.015992267610175137,3
type_horizon,4,3,8,2194,1,0,25.0,False,0.015992267610175137,7
type_horizon,4,3,8,2194,2,0,15.0,False,0.015992267610175137,4
type_horizon,4,3,8,2195,0,7,20.0,False,0.015992267610175137,5
type_horizon,4,3,8,2195,1,0,15.0,False,0.015992267610175137,4
type_horizon,4,3,8,2195,2,6,55.0,False,0.015992267610175137,14
type_horizon,4,3,8,2196,0,1,52.0,False,0.015992267610175137,13
type_horizon,4,3,8,2196,1,4,46.0,False,0.015992267610175137,12
type_horizon,4,3,8,2196,2,5,77.0,False,0.015992267610175137,20
type_horizon,4,3,8,2197,0,0,46.0,False,0.015992267610175137,12
type_horizon,4,3,8,2197,1,7,26.0,False,0.015992267610175137,7
type_horizon,4,3,8,2197,2,5,46.0,False,0.015992267610175137,12
type_horizon,4,3,8,2198,0,4,51.0,False,0.015992267610175137,13
type_horizon,4,3,8,2198,1,4,57.0,False,0.015992267610175137,15
type_horizon,4,3,8,2198,2,5,49.0,False,0.015992267610175137,13
type_horizon,4,3,8,2199,0,0,55.0,False,0.015992267610175137,14
type_horizon,4,3,8,2199,1,7,80.0,False,0.015992267610175137,20
type_horizon,4,3,8,2199,2,5,78.0,False,0.015992267610175137,20
type_horizon,16,3,8,2000,0,3,49.0,False,0.015992267610175137,4
type_horizon,16,3,8,2000,1,6,55.0,False,0.015992267610175137,4
type_horizon,16,3,8,2000,2,2,62.0,False,0.015992267610175137,4
type_horizon,16,3,8,2001,0,2,58.0,False,0.015992267610175137,4
type_horizon,16,3,8,2001,1,2,47.0,False,0.015992267610175137,3
type_horizon,16,3,8,2001,2,2,48.0,False,0.015992267610175137,3
type_horizon,16,3,8,2002,0,6,56.0,False,0.015992267610175137,4
type_horizon,16,3,8,2002,1,3,82.0,False,0.015992267610175137,6
type_horizon,16,3,8,2002,2,0,13.0,False,0.015992267610175137,1
type_horizon,16,3,8,2003,0,3,78.0,False,0.015992267610175137,5
type_horizon,16,3,8,2003,1,1,46.0,False,0.015992267610175137,3
type_horizon,16,3,8,2003,2,3,54.0,False,0.015992267610175137,4
type_horizon,16,3,8,2004,0,3,70.0,False,0.015992267610175137,5
type_horizon,16,3,8,2004,1,2,64.0,False,0.015992267610175137,4
type_horizon,16,3,8,2004,2,7,36.0,False,0.015992267610175137,3
type_horizon,16,3,8,2005,0,5,48.0,False,0.015992267610175137,3
type_horizon,16,3,8,2005,1,1,48.0,False,0.015992267610175137,3
type_horizon,16,3,8,2005,2,7,28.0,False,0.015992267610175137,2
type_horizon,16,3,8,2006,0,6,51.0,False,0.015992267610175137,4
type_horizon,16,3,8,2006,1,2,46.0,False,0.015992267610175137,3
type_horizon,16,3,8,2006,2,7,10.0,False,0.015992267610175137,1
type_horizon,16,3,8,2007,0,7,24.0,False,0.015992267610175137,2
type_horizon,16,3,8,2007,1,5,99.0,False,0.015992267610175137,7
type_horizon,16,3,8,2007,2,5,50.0,False,0.015992267610175137,4
type_horizon,16,3,8,2008,0,2,48.0,False,0.015992267610175137,3
type_horizon,16,3,8,2008,1,2,56.0,False,0.015992267610175137,4
type_horizon,16,3,8,2008,2,2,46.0,False,0.015992267610175137,3
type_horizon,16,3,8,2009,0,6,142.0,False,0.015992267610175137,9
type_horizon,16,3,8,2009,1,2,85.0,False,0.015992267610175137,6
type_horizon,16,3,8,2009,2,4,47.0,False,0.015992267610175137,3
type_horizon,16,3,8,2010,0,4,46.0,False,0.015992267610175137,3
type_horizon,16,3,8,2010,1,3,49.0,False,0.015992267610175137,4
type_horizon,16,3,8,2010,2,7,26.0,False,0.015992267610175137,2
type_horizon,16,3,8,2011,0,6,51.0,False,0.015992267610175137,4
type_horizon,16,3,8,2011,1,1,46.0,False,0.015992267610175137,3
type_horizon,16,3,8,2011,2,1,121.0,False,0.015992267610175137,8
type_horizon,16,3,8,2012,0,0,52.0,False,0.015992267610175137,4
type_horizon,16,3,8,2012,1,6,46.0,False,0.015992267610175137,3
type_horizon,16,3,8,2012,2,1,99.0,False,0.015992267610175137,7
type_horizon,16,3,8,2013,0,6,48.0,False,0.015992267610175137,3
type_horizon,16,3,8,2013,1,2,52.0,False,0.015992267610175137,4
type_horizon,16,3,8,2013,2,3,117.0,False,0.015992267610175137,8
type_horizon,16,3,8,2014,0,4,46.0,False,0.015992267610175137,3
type_horizon,16,3,8,2014,1,1,52.0,False,0.015992267610175137,4
type_horizon,16,3,8,2014,2,7,23.0,False,0.015992267610175137,2
type_horizon,16,3,8,2015,0,6,50.0,False,0.015992267610175137,4
type_horizon,16,3,8,2015,1,0,31.0,False,0.015992267610175137,2
type_horizon,16,3,8,2015,2,4,48.0,False,0.015992267610175137,3
type_horizon,16,3,8,2016,0,5,48.0,False,0.015992267610175137,3
type_horizon,16,3,8,2016,1,4,160.0,False,0.015992267610175137,10
type_horizon,16,3,8,2016,2,7,13.0,False,0.015992267610175137,1
type_horizon,16,3,8,2017,0,4,45.0,False,0.015992267610175137,3
type_horizon,16,3,8,2017,1,4,47.0,False,0.015992267610175137,3
type_horizon,16,3,8,2017,2,7,6.0,False,0.015992267610175137,1
type_horizon,16,3,8,2018,0,1,48.0,False,0.015992267610175137,3
type_horizon,16,3,8,2018,1,2,107.0,False,0.015992267610175137,7
type_horizon,16,3,8,2018,2,2,65.0,False,0.015992267610175137,5
type_horizon,16,3,8,2019,0,3,46.0,False,0.015992267610175137,3
type_horizon,16,3,8,2019,1,6,57.0,False,0.015992267610175137,4
type_horizon,16,3,8,2019,2,6,113.0,False,0.015992267610175137,8
type_horizon,16,3,8,2020,0,1,69.0,False,0.015992267610175137,5
type_horizon,16,3,8,2020,1,2,48.0,False,0.015992267610175137,3
type_horizon,16,3,8,2020,2,6,48.0,False,0.015992267610175137,3
type_horizon,16,3,8,2021,0,7,55.0,False,0.015992267610175137,4
type_horizon,16,3,8,2021,1,2,59.0,False,0.015992267610175137,4
type_horizon,16,3,8,2021,2,5,59.0,False,0.015992267610175137,4
type_horizon,16,3,8,2022,0,6,59.0,False,0.015992267610175137,4
type_horizon,16,3,8,2022,1,7,111.0,False,0.015992267610175137,7
type_horizon,16,3,8,2022,2,1,46.0,False,0.015992267610175137,3
type_horizon,16,3,8,2023,0,7,11.0,False,0.015992267610175137,1
type_horizon,16,3,8,2023,1,0,99.0,False,0.015992267610175137,7
type_horizon,16,3,8,2023,2,6,54.0,False,0.015992267610175137,4
type_horizon,16,3,8,2024,0,5,66.0,False,0.015992267610175137,5
type_horizon,16,3,8,2024,1,0,211.0,False,0.015992267610175137,14
type_horizon,16,3,8,2024,2,5,71.0,False,0.015992267610175137,5
type_horizon,16,3,8,2025,0,6,57.0,False,0.015992267610175137,4
type_horizon,16,3,8,2025,1,2,46.0,False,0.015992267610175137,3
type_horizon,16,3,8,2025,2,0,73.0,False,0.015992267610175137,5
type_horizon,16,3,8,2026,0,5,110.0,False,0.015992267610175137,7
type_horizon,16,3,8,2026,1,0,74.0,False,0.015992267610175137,5
type_horizon,16,3,8,2026,2,4,53.0,False,0.015992267610175137,4
type_horizon,16,3,8,2027,0,0,16.0,False,0.015992267610175137,1
type_horizon,16,3,8,2027,1,0,24.0,False,0.015992267610175137,2
type_horizon,16,3,8,2027,2,2,46.0,False,0.015992267610175137,3
type_horizon,16,3,8,2028,0,7,22.0,False,0.015992267610175137,2
type_horizon,16,3,8,2028,1,6,60.0,False,0.015992267610175137,4
type_horizon,16,3,8,2028,2,0,16.0,False,0.015992267610175137,1
type_horizon,16,3,8,2029,0,4,48.0,False,0.015992267610175137,3
type_horizon,16,3,8,2029,1,7,52.0,False,0.015992267610175137,4
type_horizon,16,3,8,2029,2,7,43.0,False,0.015992267610175137,3
type_horizon,16,3,8,2030,0,7,32.0,False,0.015992267610175137,2
type_horizon,16,3,8,2030,1,1,46.0,False,0.015992267610175137,3
type_horizon,16,3,8,2030,2,7,25.0,False,0.015992267610175137,2
type_horizon,16,3,8,2031,0,5,53.0,False,0.015992267610175137,4
type_horizon,16,3,8,2031,1,0,24.0,False,0.015992267610175137,2
type_horizon,16,3,8,2031,2,6,49.0,False,0.015992267610175137,4
type_horizon,16,3,8,2032,0,3,64.0,False,0.015992267610175137,4
type_horizon,16,3,8,2032,1,6,62.0,False,0.015992267610175137,4
type_horizon,16,3,8,2032,2,3,72.0,False,0.015992267610175137,5
type_horizon,16,3,8,2033,0,1,54.0,False,0.015992267610175137,4
type_horizon,16,3,8,2033,1,4,49.0,False,0.015992267610175137,4
type_horizon,16,3,8,2033,2,5,46.0,False,0.015992267610175137,3
type_horizon,16,3,8,2034,0,4,72.0,False,0.015992267610175137,5
type_horizon,16,3,8,2034,1,3,53.0,False,0.015992267610175137,4
type_horizon,16,3,8,2034,2,5,67.0,False,0.015992267610175137,5
type_horizon,16,3,8,2035,0,7,13.0,False,0.015992267610175137,1
type_horizon,16,3,8,2035,1,6,46.0,False,0.015992267610175137,3
type_horizon,16,3,8,2035,2,5,48.0,False,0.015992267610175137,3
type_horizon,16,3,8,2036,0,2,47.0,False,0.015992267610175137,3
type_horizon,16,3,8,2036,1,7,5.0,False,0.015992267610175137,1
type_horizon,16,3,8,2036,2,6,49.0,False,0.015992267610175137,4
type_horizon,16,3,8,2037,0,2,112.0,False,0.015992267610175137,7
type_horizon,16,3,8,2037,1,3,66.0,False,0.015992267610175137,5
type_horizon,16,3,8,2037,2,5,173.0,False,0.015992267610175137,11
type_horizon,16,3,8,2038,0,3,108.0,False,0.015992267610175137,7
type_horizon,16,3,8,2038,1,1,47.0,False,0.015992267610175137,3
type_horizon,16,3,8,2038,2,3,47.0,False,0.015992267610175137,3
type_horizon,16,3,8,2039,0,7,52.0,False,0.015992267610175137,4
type_horizon,16,3,8,2039,1,5,46.0,False,0.015992267610175137,3
type_horizon,16,3,8,2039,2,6,186.0,False,0.015992267610175137,12
type_horizon,16,3,8,2040,0,1,112.0,False,0.015992267610175137,7
type_horizon,16,3,8,2040,1,5,55.0,False,0.015992267610175137,4
type_horizon,16,3,8,2040,2,2,55.0,False,0.015992267610175137,4
type_horizon,16,3,8,2041,0,4,47.0,False,0.015992267610175137,3
type_horizon,16,3,8,2041,1,0,39.0,False,0.015992267610175137,3
type_horizon,16,3,8,2041,2,7,33.0,False,0.015992267610175137,3
type_horizon,16,3,8,2042,0,1,57.0,False,0.015992267610175137,4
type_horizon,16,3,8,2042,1,4,45.0,False,0.015992267610175137,3
type_horizon,16,3,8,2042,2,2,47.0,False,0.015992267610175137,3
type_horizon,16,3,8,2043,0,1,68.0,False,0.015992267610175137,5
type_horizon,16,3,8,2043,1,5,59.0,False,0.015992267610175137,4
type_horizon,16,3,8,2043,2,4,86.0,False,0.015992267610175137,6
type_horizon,16,3,8,2044,0,0,19.0,False,0.015992267610175137,2
type_horizon,16,3,8,2044,1,4,48.0,False,0.015992267610175137,3
type_horizon,16,3,8,2044,2,5,45.0,False,0.015992267610175137,3
type_horizon,16,3,8,2045,0,1,49.0,False,0.015992267610175137,4
type_horizon,16,3,8,2045,1,0,5.0,False,0.015992267610175137,1
type_horizon,16,3,8,2045,2,2,45.0,False,0.015992267610175137,3
type_horizon,16,3,8,2046,0,7,54.0,False,0.015992267610175137,4
type_horizon,16,3,8,2046,1,5,67.0,False,0.015992267610175137,5
type_horizon,16,3,8,2046,2,5,52.0,False,0.015992267610175137,4
type_horizon,16,3,8,2047,0,2,95.0,False,0.015992267610175137,6
type_horizon,16,3,8,2047,1,5,46.0,False,0.015992267610175137,3
type_horizon,16,3,8,2047,2,0,58.0,False,0.015992267610175137,4
type_horizon,16,3,8,2048,0,2,162.0,False,0.015992267610175137,11
type_horizon,16,3,8,2048,1,4,55.0,False,0.015992267610175137,4
type_horizon,16,3,8,2048,2,7,43.0,False,0.015992267610175137,3
type_horizon,16,3,8,2049,0,1,45.0,False,0.015992267610175137,3
type_horizon,16,3,8,2049,1,4,53.0,False,0.015992267610175137,4
type_horizon,16,3,8,2049,2,4,53.0,False,0.015992267610175137,4
type_horizon,16,3,8,2050,0,5,84.0,False,0.015992267610175137,6
type_horizon,16,3,8,2050,1,2,48.0,False,0.015992267610175137,3
type_horizon,16,3,8,2050,2,1,46.0,False,0.015992267610175137,3
type_horizon,16,3,8,2051,0,1,46.0,False,0.015992267610175137,3
type_horizon,16,3,8,2051,1,3,64.0,False,0.015992267610175137,4
type_horizon,16,3,8,2051,2,6,74.0,False,0.015992267610175137,5
type_horizon,16,3,8,2052,0,5,55.0,False,0.015992267610175137,4
type_horizon,16,3,8,2052,1,5,49.0,False,0.015992267610175137,4
type_horizon,16,3,8,2052,2,5,50.0,False,0.015992267610175137,4
type_horizon,16,3,8,2053,0,3,69.0,False,0.015992267610175137,5
type_horizon,16,3,8,2053,1,0,25.0,False,0.015992267610175137,2
type_horizon,16,3,8,2053,2,5,85.0,False,0.015992267610175137,6
type_horizon,16,3,8,2054,0,3,58.0,False,0.015992267610175137,4
type_horizon,16,3,8,2054,1,7,13.0,False,0.015992267610175137,1
type_horizon,16,3,8,2054,2,1,66.0,False,0.015992267610175137,5
type_horizon,16,3,8,2055,0,1,61.0,False,0.015992267610175137,4
type_horizon,16,3,8,2055,1,0,14.0,False,0.015992267610175137,1
type_horizon,16,3,8,2055,2,5,74.0,False,0.015992267610175137,5
type_horizon,16,3,8,2056,0,3,48.0,False,0.015992267610175137,3
type_horizon,16,3,8,2056,1,3,51.0,False,0.015992267610175137,4
type_horizon,16,3,8,2056,2,1,98.0,False,0.015992267610175137,7
type_horizon,16,3,8,2057,0,7,136.0,False,0.015992267610175137,9
type_horizon,16,3,8,2057,1,0,156.0,False,0.015992267610175137,10
type_horizon,16,3,8,2057,2,7,213.0,False,0.015992267610175137,14
type_horizon,16,3,8,2058,0,6,95.0,False,0.015992267610175137,6
type_horizon,16,3,8,2058,1,5,49.0,False,0.015992267610175137,4
type_horizon,16,3,8,2058,2,3,55.0,False,0.015992267610175137,4
type_horizon,16,3,8,2059,0,5,46.0,False,0.015992267610175137,3
type_horizon,16,3,8,2059,1,4,47.0,False,0.015992267610175137,3
type_horizon,16,3,8,2059,2,1,60.0,False,0.015992267610175137,4
type_horizon,16,3,8,2060,0,7,46.0,False,0.015992267610175137,3
type_horizon,16,3,8,2060,1,6,57.0,False,0.015992267610175137,4
type_horizon,16,3,8,2060,2,4,51.0,False,0.015992267610175137,4
type_horizon,16,3,8,2061,0,6,121.0,False,0.015992267610175137,8
type_horizon,16,3,8,2061,1,2,75.0,False,0.015992267610175137,5
type_horizon,16,3,8,2061,2,1,256.0,False,0.015992267610175137,16
type_horizon,16,3,8,2062,0,1,49.0,False,0.015992267610175137,4
type_horizon,16,3,8,2062,1,5,232.0,False,0.015992267610175137,15
type_horizon,16,3,8,2062,2,1,91.0,False,0.015992267610175137,6
type_horizon,16,3,8,2063,0,5,72.0,False,0.015992267610175137,5
type_horizon,16,3,8,2063,1,4,61.0,False,0.015992267610175137,4
type_horizon,16,3,8,2063,2,2,48.0,False,0.015992267610175137,3
type_horizon,16,3,8,2064,0,0,9.0,False,0.015992267610175137,1
type_horizon,16,3,8,2064,1,1,48.0,False,0.015992267610175137,3
type_horizon,16,3,8,2064,2,0,47.0,False,0.015992267610175137,3
type_horizon,16,3,8,2065,0,7,5.0,False,0.015992267610175137,1
type_horizon,16,3,8,2065,1,0,38.0,False,0.015992267610175137,3
type_horizon,16,3,8,2065,2,2,60.0,False,0.015992267610175137,4
type_horizon,16,3,8,2066,0,7,27.0,False,0.015992267610175137,2
type_horizon,16,3,8,2066,1,6,85.0,False,0.015992267610175137,6
type_horizon,16,3,8,2066,2,0,32.0,False,0.015992267610175137,2
type_horizon,16,3,8,2067,0,7,42.0,False,0.015992267610175137,3
type_horizon,16,3,8,2067,1,6,48.0,False,0.015992267610175137,3
type_horizon,16,3,8,2067,2,2,53.0,False,0.015992267610175137,4
type_horizon,16,3,8,2068,0,5,61.0,False,0.015992267610175137,4
type_horizon,16,3,8,2068,1,5,175.0,False,0.015992267610175137,11
type_horizon,16,3,8,2068,2,2,58.0,False,0.015992267610175137,4
type_horizon,16,3,8,2069,0,7,16.0,False,0.015992267610175137,1
type_horizon,16,3,8,2069,1,0,71.0,False,0.015992267610175137,5
type_horizon,16,3,8,2069,2,3,50.0,False,0.015992267610175137,4
type_horizon,16,3,8,2070,0,0,19.0,False,0.015992267610175137,2
type_horizon,16,3,8,2070,1,1,100.0,False,0.015992267610175137,7
type_horizon,16,3,8,2070,2,4,117.0,False,0.015992267610175137,8
type_horizon,16,3,8,2071,0,5,48.0,False,0.015992267610175137,3
type_horizon,16,3,8,2071,1,5,128.0,False,0.015992267610175137,8
type_horizon,16,3,8,2071,2,6,46.0,False,0.015992267610175137,3
type_horizon,16,3,8,2072,0,4,60.0,False,0.015992267610175137,4
type_horizon,16,3,8,2072,1,4,80.0,False,0.015992267610175137,5
type_horizon,16,3,8,2072,2,5,83.0,False,0.015992267610175137,6
type_horizon,16,3,8,2073,0,0,19.0,False,0.015992267610175137,2
type_horizon,16,3,8,2073,1,4,47.0,False,0.015992267610175137,3
type_horizon,16,3,8,2073,2,7,22.0,False,0.015992267610175137,2
type_horizon,16,3,8,2074,0,7,66.0,False,0.015992267610175137,5
type_horizon,16,3,8,2074,1,6,77.0,False,0.015992267610175137,5
type_horizon,16,3,8,2074,2,2,55.0,False,0.015992267610175137,4
type_horizon,16,3,8,2075,0,6,49.0,False,0.015992267610175137,4
type_horizon,16,3,8,2075,1,4,69.0,False,0.015992267610175137,5
type_horizon,16,3,8,2075,2,5,46.0,False,0.015992267610175137,3
type_horizon,16,3,8,2076,0,3,48.0,False,0.015992267610175137,3
type_horizon,16,3,8,2076,1,1,51.0,False,0.015992267610175137,4
type_horizon,16,3,8,2076,2,1,65.0,False,0.015992267610175137,5
type_horizon,16,3,8,2077,0,4,45.0,False,0.015992267610175137,3
type_horizon,16,3,8,2077,1,7,10.0,False,0.015992267610175137,1
type_horizon,16,3,8,2077,2,7,25.0,False,0.015992267610175137,2
type_horizon,16,3,8,2078,0,4,74.0,False,0.015992267610175137,5
type_horizon,16,3,8,2078,1,2,46.0,False,0.015992267610175137,3
type_horizon,16,3,8,2078,2,5,48.0,False,0.015992267610175137,3
type_horizon,16,3,8,2079,0,0,41.0,False,0.015992267610175137,3
type_horizon,16,3,8,2079,1,3,238.0,False,0.015992267610175137,15
type_horizon,16,3,8,2079,2,0,24.0,False,0.015992267610175137,2
type_horizon,16,3,8,2080,0,1,81.0,False,0.015992267610175137,6
type_horizon,16,3,8,2080,1,2,58.0,False,0.015992267610175137,4
type_horizon,16,3,8,2080,2,6,55.0,False,0.015992267610175137,4
type_horizon,16,3,8,2081,0,3,114.0,False,0.015992267610175137,8
type_horizon,16,3,8,2081,1,4,153.0,False,0.015992267610175137,10
type_horizon,16,3,8,2081,2,5,230.0,False,0.015992267610175137,15
type_horizon,16,3,8,2082,0,5,48.0,False,0.015992267610175137,3
type_horizon,16,3,8,2082,1,1,51.0,False,0.015992267610175137,4
type_horizon,16,3,8,2082,2,7,36.0,False,0.015992267610175137,3
type_horizon,16,3,8,2083,0,2,49.0,False,0.015992267610175137,4
type_horizon,16,3,8,2083,1,3,72.0,False,0.015992267610175137,5
type_horizon,16,3,8,2083,2,6,47.0,False,0.015992267610175137,3
type_horizon,16,3,8,2084,0,3,47.0,False,0.015992267610175137,3
type_horizon,16,3,8,2084,1,5,46.0,False,0.015992267610175137,3
type_horizon,16,3,8,2084,2,2,58.0,False,0.015992267610175137,4
type_horizon,16,3,8,2085,0,0,18.0,False,0.015992267610175137,2
type_horizon,16,3,8,2085,1,1,96.0,False,0.015992267610175137,6
type_horizon,16,3,8,2085,2,5,92.0,False,0.015992267610175137,6
type_horizon,16,3,8,2086,0,1,96.0,False,0.015992267610175137,6
type_horizon,16,3,8,2086,1,4,64.0,False,0.015992267610175137,4
type_horizon,16,3,8,2086,2,4,52.0,False,0.015992267610175137,4
type_horizon,16,3,8,2087,0,5,50.0,False,0.015992267610175137,4
type_horizon,16,3,8,2087,1,7,66.0,False,0.015992267610175137,5
type_horizon,16,3,8,2087,2,0,10.0,False,0.015992267610175137,1
type_horizon,16,3,8,2088,0,5,60.0,False,0.015992267610175137,4
type_horizon,16,3,8,2088,1,0,69.0,False,0.015992267610175137,5
type_horizon,16,3,8,2088,2,0,141.0,False,0.015992267610175137,9
type_horizon,16,3,8,2089,0,7,38.0,False,0.015992267610175137,3
type_horizon,16,3,8,2089,1,5,47.0,False,0.015992267610175137,3
type_horizon,16,3,8,2089,2,2,74.0,False,0.015992267610175137,5
type_horizon,16,3,8,2090,0,7,13.0,False,0.015992267610175137,1
type_horizon,16,3,8,2090,1,2,238.0,False,0.015992267610175137,15
type_horizon,16,3,8,2090,2,0,26.0,False,0.015992267610175137,2
type_horizon,16,3,8,2091,0,1,166.0,False,0.015992267610175137,11
type_horizon,16,3,8,2091,1,4,49.0,False,0.015992267610175137,4
type_horizon,16,3,8,2091,2,6,56.0,False,0.015992267610175137,4
type_horizon,16,3,8,2092,0,6,49.0,False,0.015992267610175137,4
type_horizon,16,3,8,2092,1,4,63.0,False,0.015992267610175137,4
type_horizon,16,3,8,2092,2,5,69.0,False,0.015992267610175137,5
type_horizon,16,3,8,2093,0,0,14.0,False,0.015992267610175137,1
type_horizon,16,3,8,2093,1,3,49.0,False,0.015992267610175137,4
type_horizon,16,3,8,2093,2,3,46.0,False,0.015992267610175137,3
type_horizon,16,3,8,2094,0,4,107.0,False,0.015992267610175137,7
type_horizon,16,3,8,2094,1,7,18.0,False,0.015992267610175137,2
type_horizon,16,3,8,2094,2,3,64.0,False,0.015992267610175137,4
type_horizon,16,3,8,2095,0,7,64.0,False,0.015992267610175137,4
type_horizon,16,3,8,2095,1,4,105.0,False,0.015992267610175137,7
type_horizon,16,3,8,2095,2,4,152.0,False,0.015992267610175137,10
type_horizon,16,3,8,2096,0,6,198.0,False,0.015992267610175137,13
type_horizon,16,3,8,2096,1,3,178.0,False,0.015992267610175137,12
type_horizon,16,3,8,2096,2,3,157.0,False,0.015992267610175137,10
type_horizon,16,3,8,2097,0,0,18.0,False,0.015992267610175137,2
type_horizon,16,3,8,2097,1,0,11.0,False,0.015992267610175137,1
type_horizon,16,3,8,2097,2,6,74.0,False,0.015992267610175137,5
type_horizon,16,3,8,2098,0,3,60.0,False,0.015992267610175137,4
type_horizon,16,3,8,2098,1,3,102.0,False,0.015992267610175137,7
type_horizon,16,3,8,2098,2,4,177.0,False,0.015992267610175137,12
type_horizon,16,3,8,2099,0,2,47.0,False,0.015992267610175137,3
type_horizon,16,3,8,2099,1,0,12.0,False,0.015992267610175137,1
type_horizon,16,3,8,2099,2,7,44.0,False,0.015992267610175137,3
type_horizon,16,3,8,2100,0,5,46.0,False,0.015992267610175137,3
type_horizon,16,3,8,2100,1,6,48.0,False,0.015992267610175137,3
type_horizon,16,3,8,2100,2,0,21.0,False,0.015992267610175137,2
type_horizon,16,3,8,2101,0,5,68.0,False,0.015992267610175137,5
type_horizon,16,3,8,2101,1,1,130.0,False,0.015992267610175137,9
type_horizon,16,3,8,2101,2,6,47.0,False,0.015992267610175137,3
type_horizon,16,3,8,2102,0,6,56.0,False,0.015992267610175137,4
type_horizon,16,3,8,2102,1,3,213.0,False,0.015992267610175137,14
type_horizon,16,3,8,2102,2,7,6.0,False,0.015992267610175137,1
type_horizon,16,3,8,2103,0,0,20.0,False,0.015992267610175137,2
type_horizon,16,3,8,2103,1,2,50.0,False,0.015992267610175137,4
type_horizon,16,3,8,2103,2,3,45.0,False,0.015992267610175137,3
type_horizon,16,3,8,2104,0,6,127.0,False,0.015992267610175137,8
type_horizon,16,3,8,2104,1,5,67.0,False,0.015992267610175137,5
type_horizon,16,3,8,2104,2,6,80.0,False,0.015992267610175137,5
type_horizon,16,3,8,2105,0,5,70.0,False,0.015992267610175137,5
type_horizon,16,3,8,2105,1,6,70.0,False,0.015992267610175137,5
type_horizon,16,3,8,2105,2,0,32.0,False,0.015992267610175137,2
type_horizon,16,3,8,2106,0,2,48.0,False,0.015992267610175137,3
type_horizon,16,3,8,2106,1,3,47.0,False,0.015992267610175137,3
type_horizon,16,3,8,2106,2,3,45.0,False,0.015992267610175137,3
type_horizon,16,3,8,2107,0,1,45.0,False,0.015992267610175137,3
type_horizon,16,3,8,2107,1,4,64.0,False,0.015992267610175137,4
type_horizon,16,3,8,2107,2,7,104.0,False,0.015992267610175137,7
type_horizon,16,3,8,2108,0,6,138.0,False,0.015992267610175137,9
type_horizon,16,3,8,2108,1,1,49.0,False,0.015992267610175137,4
type_horizon,16,3,8,2108,2,6,69.0,False,0.015992267610175137,5
type_horizon,16,3,8,2109,0,2,54.0,False,0.015992267610175137,4
type_horizon,16,3,8,2109,1,5,50.0,False,0.015992267610175137,4
type_horizon,16,3,8,2109,2,7,19.0,False,0.015992267610175137,2
type_horizon,16,3,8,2110,0,3,53.0,False,0.015992267610175137,4
type_horizon,16,3,8,2110,1,5,64.0,False,0.015992267610175137,4
type_horizon,16,3,8,2110,2,0,99.0,False,0.015992267610175137,7
type_horizon,16,3,8,2111,0,3,70.0,False,0.015992267610175137,5
type_horizon,16,3,8,2111,1,6,70.0,False,0.015992267610175137,5
type_horizon,16,3,8,2111,2,1,51.0,False,0.015992267610175137,4
type_horizon,16,3,8,2112,0,5,65.0,False,0.015992267610175137,5
type_horizon,16,3,8,2112,1,5,51.0,False,0.015992267610175137,4
type_horizon,16,3,8,2112,2,4,50.0,False,0.015992267610175137,4
type_horizon,16,3,8,2113,0,0,24.0,False,0.015992267610175137,2
type_horizon,16,3,8,2113,1,4,48.0,False,0.015992267610175137,3
type_horizon,16,3,8,2113,2,4,130.0,False,0.015992267610175137,9
type_horizon,16,3,8,2114,0,6,56.0,False,0.015992267610175137,4
type_horizon,16,3,8,2114,1,4,77.0,False,0.015992267610175137,5
type_horizon,16,3,8,2114,2,2,47.0,False,0.015992267610175137,3
type_horizon,16,3,8,2115,0,5,71.0,False,0.015992267610175137,5
type_horizon,16,3,8,2115,1,6,116.0,False,0.015992267610175137,8
type_horizon,16,3,8,2115,2,5,210.0,False,0.015992267610175137,14
type_horizon,16,3,8,2116,0,1,110.0,False,0.015992267610175137,7
type_horizon,16,3,8,2116,1,1,48.0,False,0.015992267610175137,3
type_horizon,16,3,8,2116,2,6,61.0,False,0.015992267610175137,4
type_horizon,16,3,8,2117,0,5,58.0,False,0.015992267610175137,4
type_horizon,16,3,8,2117,1,7,6.0,False,0.015992267610175137,1
type_horizon,16,3,8,2117,2,6,61.0,False,0.015992267610175137,4
type_horizon,16,3,8,2118,0,4,79.0,False,0.015992267610175137,5
type_horizon,16,3,8,2118,1,6,158.0,False,0.015992267610175137,10
type_horizon,16,3,8,2118,2,0,153.0,False,0.015992267610175137,10
type_horizon,16,3,8,2119,0,2,73.0,False,0.015992267610175137,5
type_horizon,16,3,8,2119,1,7,26.0,False,0.015992267610175137,2
type_horizon,16,3,8,2119,2,5,50.0,False,0.015992267610175137,4
type_horizon,16,3,8,2120,0,6,48.0,False,0.015992267610175137,3
type_horizon,16,3,8,2120,1,4,64.0,False,0.015992267610175137,4
type_horizon,16,3,8,2120,2,2,54.0,False,0.015992267610175137,4
type_horizon,16,3,8,2121,0,0,70.0,False,0.015992267610175137,5
type_horizon,16,3,8,2121,1,0,10.0,False,0.015992267610175137,1
type_horizon,16,3,8,2121,2,7,17.0,False,0.015992267610175137,2
type_horizon,16,3,8,2122,0,4,170.0,False,0.015992267610175137,11
type_horizon,16,3,8,2122,1,5,243.0,False,0.015992267610175137,16
type_horizon,16,3,8,2122,2,7,64.0,False,0.015992267610175137,4
type_horizon,16,3,8,2123,0,1,46.0,False,0.015992267610175137,3
type_horizon,16,3,8,2123,1,4,49.0,False,0.015992267610175137,4
type_horizon,16,3,8,2123,2,5,66.0,False,0.015992267610175137,5
type_horizon,16,3,8,2124,0,6,122.0,False,0.015992267610175137,8
type_horizon,16,3,8,2124,1,4,73.0,False,0.015992267610175137,5
type_horizon,16,3,8,2124,2,6,47.0,False,0.015992267610175137,3
type_horizon,16,3,8,2125,0,2,54.0,False,0.015992267610175137,4
type_horizon,16,3,8,2125,1,7,32.0,False,0.015992267610175137,2
type_horizon,16,3,8,2125,2,7,14.0,False,0.015992267610175137,1
type_horizon,16,3,8,2126,0,2,49.0,False,0.015992267610175137,4
type_horizon,16,3,8,2126,1,1,117.0,False,0.015992267610175137,8
type_horizon,16,3,8,2126,2,0,127.0,False,0.015992267610175137,8
type_horizon,16,3,8,2127,0,0,8.0,False,0.015992267610175137,1
type_horizon,16,3,8,2127,1,2,64.0,False,0.015992267610175137,4
type_horizon,16,3,8,2127,2,2,89.0,False,0.015992267610175137,6
type_horizon,16,3,8,2128,0,6,67.0,False,0.015992267610175137,5
type_horizon,16,3,8,2128,1,5,95.0,False,0.015992267610175137,6
type_horizon,16,3,8,2128,2,2,53.0,False,0.015992267610175137,4
type_horizon,16,3,8,2129,0,0,50.0,False,0.015992267610175137,4
type_horizon,16,3,8,2129,1,1,47.0,False,0.015992267610175137,3
type_horizon,16,3,8,2129,2,4,98.0,False,0.015992267610175137,7
type_horizon,16,3,8,2130,0,0,45.0,False,0.015992267610175137,3
type_horizon,16,3,8,2130,1,5,75.0,False,0.015992267610175137,5
type_horizon,16,3,8,2130,2,4,61.0,False,0.015992267610175137,4
type_horizon,16,3,8,2131,0,2,61.0,False,0.015992267610175137,4
type_horizon,16,3,8,2131,1,2,55.0,False,0.015992267610175137,4
type_horizon,16,3,8,2131,2,5,138.0,False,0.015992267610175137,9
type_horizon,16,3,8,2132,0,1,165.0,False,0.015992267610175137,11
type_horizon,16,3,8,2132,1,4,59.0,False,0.015992267610175137,4
type_horizon,16,3,8,2132,2,5,50.0,False,0.015992267610175137,4
type_horizon,16,3,8,2133,0,1,46.0,False,0.015992267610175137,3
type_horizon,16,3,8,2133,1,4,47.0,False,0.015992267610175137,3
type_horizon,16,3,8,2133,2,2,110.0,False,0.015992267610175137,7
type_horizon,16,3,8,2134,0,6,63.0,False,0.015992267610175137,4
type_horizon,16,3,8,2134,1,4,46.0,False,0.015992267610175137,3
type_horizon,16,3,8,2134,2,7,31.0,False,0.015992267610175137,2
type_horizon,16,3,8,2135,0,7,39.0,False,0.015992267610175137,3
type_horizon,16,3,8,2135,1,2,47.0,False,0.015992267610175137,3
type_horizon,16,3,8,2135,2,6,48.0,False,0.015992267610175137,3
type_horizon,16,3,8,2136,0,0,29.0,False,0.015992267610175137,2
type_horizon,16,3,8,2136,1,7,118.0,False,0.015992267610175137,8
type_horizon,16,3,8,2136,2,1,120.0,False,0.015992267610175137,8
type_horizon,16,3,8,2137,0,5,79.0,False,0.015992267610175137,5
type_horizon,16,3,8,2137,1,0,10.0,False,0.015992267610175137,1
type_horizon,16,3,8,2137,2,3,46.0,False,0.015992267610175137,3
type_horizon,16,3,8,2138,0,3,46.0,False,0.015992267610175137,3
type_horizon,16,3,8,2138,1,0,50.0,False,0.015992267610175137,4
type_horizon,16,3,8,2138,2,6,68.0,False,0.015992267610175137,5
type_horizon,16,3,8,2139,0,3,45.0,False,0.015992267610175137,3
type_horizon,16,3,8,2139,1,6,67.0,False,0.015992267610175137,5
type_horizon,16,3,8,2139,2,6,45.0,False,0.015992267610175137,3
type_horizon,16,3,8,2140,0,2,46.0,False,0.015992267610175137,3
type_horizon,16,3,8,2140,1,2,133.0,False,0.015992267610175137,9
type_horizon,16,3,8,2140,2,1,72.0,False,0.015992267610175137,5
type_horizon,16,3,8,2141,0,3,54.0,False,0.015992267610175137,4
type_horizon,16,3,8,2141,1,4,52.0,False,0.015992267610175137,4
type_horizon,16,3,8,2141,2,3,53.0,False,0.015992267610175137,4
type_horizon,16,3,8,2142,0,7,118.0,False,0.015992267610175137,8
type_horizon,16,3,8,2142,1,1,103.0,False,0.015992267610175137,7
type_horizon,16,3,8,2142,2,3,76.0,False,0.015992267610175137,5
type_horizon,16,3,8,2143,0,2,69.0,False,0.015992267610175137,5
type_horizon,16,3,8,2143,1,2,45.0,False,0.015992267610175137,3
type_horizon,16,3,8,2143,2,5,47.0,False,0.015992267610175137,3
type_horizon,16,3,8,2144,0,1,91.0,False,0.015992267610175137,6
type_horizon,16,3,8,2144,1,7,50.0,False,0.015992267610175137,4
type_horizon,16,3,8,2144,2,7,33.0,False,0.015992267610175137,3
type_horizon,16,3,8,2145,0,0,87.0,False,0.015992267610175137,6
type_horizon,16,3,8,2145,1,1,48.0,False,0.015992267610175137,3
type_horizon,16,3,8,2145,2,7,28.0,False,0.015992267610175137,2
type_horizon,16,3,8,2146,0,6,51.0,False,0.015992267610175137,4
type_horizon,16,3,8,2146,1,6,74.0,False,0.015992267610175137,5
type_horizon,16,3,8,2146,2,7,71.0,False,0.015992267610175137,5
type_horizon,16,3,8,2147,0,4,66.0,False,0.015992267610175137,5
type_horizon,16,3,8,2147,1,7,38.0,False,0.015992267610175137,3
type_horizon,16,3,8,2147,2,4,49.0,False,0.015992267610175137,4
type_horizon,16,3,8,2148,0,1,69.0,False,0.015992267610175137,5
type_horizon,16,3,8,2148,1,6,57.0,False,0.015992267610175137,4
type_horizon,16,3,8,2148,2,4,55.0,False,0.015992267610175137,4
type_horizon,16,3,8,2149,0,3,49.0,False,0.015992267610175137,4
type_horizon,16,3,8,2149,1,4,46.0,False,0.015992267610175137,3
type_horizon,16,3,8,2149,2,5,107.0,False,0.015992267610175137,7
type_horizon,16,3,8,2150,0,6,127.0,False,0.015992267610175137,8
type_horizon,16,3,8,2150,1,1,72.0,False,0.015992267610175137,5
type_horizon,16,3,8,2150,2,6,51.0,False,0.015992267610175137,4
type_horizon,16,3,8,2151,0,2,60.0,False,0.015992267610175137,4
type_horizon,16,3,8,2151,1,4,46.0,False,0.015992267610175137,3
type_horizon,16,3,8,2151,2,3,77.0,False,0.015992267610175137,5
type_horizon,16,3,8,2152,0,0,47.0,False,0.015992267610175137,3
type_horizon,16,3,8,2152,1,3,51.0,False,0.015992267610175137,4
type_horizon,16,3,8,2152,2,4,59.0,False,0.015992267610175137,4
type_horizon,16,3,8,2153,0,2,72.0,False,0.015992267610175137,5
type_horizon,16,3,8,2153,1,4,52.0,False,0.015992267610175137,4
type_horizon,16,3,8,2153,2,0,26.0,False,0.015992267610175137,2
type_horizon,16,3,8,2154,0,7,20.0,False,0.015992267610175137,2
type_horizon,16,3,8,2154,1,1,48.0,False,0.015992267610175137,3
type_horizon,16,3,8,2154,2,0,56.0,False,0.015992267610175137,4
type_horizon,16,3,8,2155,0,7,24.0,False,0.015992267610175137,2
type_horizon,16,3,8,2155,1,4,49.0,False,0.015992267610175137,4
type_horizon,16,3,8,2155,2,5,320.0,False,0.015992267610175137,20
type_horizon,16,3,8,2156,0,6,63.0,False,0.015992267610175137,4
type_horizon,16,3,8,2156,1,3,50.0,False,0.015992267610175137,4
type_horizon,16,3,8,2156,2,3,65.0,False,0.015992267610175137,5
type_horizon,16,3,8,2157,0,5,49.0,False,0.015992267610175137,4
type_horizon,16,3,8,2157,1,4,56.0,False,0.015992267610175137,4
type_horizon,16,3,8,2157,2,0,23.0,False,0.015992267610175137,2
type_horizon,16,3,8,2158,0,3,46.0,False,0.015992267610175137,3
type_horizon,16,3,8,2158,1,4,101.0,False,0.015992267610175137,7
type_horizon,16,3,8,2158,2,0,36.0,False,0.015992267610175137,3
type_horizon,16,3,8,2159,0,2,103.0,False,0.015992267610175137,7
type_horizon,16,3,8,2159,1,0,34.0,False,0.015992267610175137,3
type_horizon,16,3,8,2159,2,3,48.0,False,0.015992267610175137,3
type_horizon,16,3,8,2160,0,0,9.0,False,0.015992267610175137,1
type_horizon,16,3,8,2160,1,6,53.0,False,0.015992267610175137,4
type_horizon,16,3,8,2160,2,6,159.0,False,0.015992267610175137,10
type_horizon,16,3,8,2161,0,3,51.0,False,0.015992267610175137,4
type_horizon,16,3,8,2161,1,1,49.0,False,0.015992267610175137,4
type_horizon,16,3,8,2161,2,3,65.0,False,0.015992267610175137,5
type_horizon,16,3,8,2162,0,6,74.0,False,0.015992267610175137,5
type_horizon,16,3,8,2162,1,5,47.0,False,0.015992267610175137,3
type_horizon,16,3,8,2162,2,5,47.0,False,0.015992267610175137,3
type_horizon,16,3,8,2163,0,3,45.0,False,0.015992267610175137,3
type_horizon,16,3,8,2163,1,1,49.0,False,0.015992267610175137,4
type_horizon,16,3,8,2163,2,2,68.0,False,0.015992267610175137,5
type_horizon,16,3,8,2164,0,4,149.0,False,0.015992267610175137,10
type_horizon,16,3,8,2164,1,2,45.0,False,0.015992267610175137,3
type_horizon,16,3,8,2164,2,1,55.0,False,0.015992267610175137,4
type_horizon,16,3,8,2165,0,2,46.0,False,0.015992267610175137,3
type_horizon,16,3,8,2165,1,7,31.0,False,0.015992267610175137,2
type_horizon,16,3,8,2165,2,2,61.0,False,0.015992267610175137,4
type_horizon,16,3,8,2166,0,1,73.0,False,0.015992267610175137,5
type_horizon,16,3,8,2166,1,1,45.0,False,0.015992267610175137,3
type_horizon,16,3,8,2166,2,5,55.0,False,0.015992267610175137,4
type_horizon,16,3,8,2167,0,0,28.0,False,0.015992267610175137,2
type_horizon,16,3,8,2167,1,3,116.0,False,0.015992267610175137,8
type_horizon,16,3,8,2167,2,6,187.0,False,0.015992267610175137,12
type_horizon,16,3,8,2168,0,4,60.0,False,0.015992267610175137,4
type_horizon,16,3,8,2168,1,4,46.0,False,0.015992267610175137,3
type_horizon,16,3,8,2168,2,7,37.0,False,0.015992267610175137,3
type_horizon,16,3,8,2169,0,1,46.0,False,0.015992267610175137,3
type_horizon,16,3,8,2169,1,1,48.0,False,0.015992267610175137,3
type_horizon,16,3,8,2169,2,4,50.0,False,0.015992267610175137,4
type_horizon,16,3,8,2170,0,5,50.0,False,0.015992267610175137,4
type_horizon,16,3,8,2170,1,2,52.0,False,0.015992267610175137,4
type_horizon,16,3,8,2170,2,3,90.0,False,0.015992267610175137,6
type_horizon,16,3,8,2171,0,2,46.0,False,0.015992267610175137,3
type_horizon,16,3,8,2171,1,2,101.0,False,0.015992267610175137,7
type_horizon,16,3,8,2171,2,2,56.0,False,0.015992267610175137,4
type_horizon,16,3,8,2172,0,4,89.0,False,0.015992267610175137,6
type_horizon,16,3,8,2172,1,7,48.0,False,0.015992267610175137,3
type_horizon,16,3,8,2172,2,3,46.0,False,0.015992267610175137,3
type_horizon,16,3,8,2173,0,0,39.0,False,0.015992267610175137,3
type_horizon,16,3,8,2173,1,1,51.0,False,0.015992267610175137,4
type_horizon,16,3,8,2173,2,5,54.0,False,0.015992267610175137,4
type_horizon,16,3,8,2174,0,4,46.0,False,0.015992267610175137,3
type_horizon,16,3,8,2174,1,2,47.0,False,0.015992267610175137,3
type_horizon,16,3,8,2174,2,3,55.0,False,0.015992267610175137,4
type_horizon,16,3,8,2175,0,0,38.0,False,0.015992267610175137,3
type_horizon,16,3,8,2175,1,0,52.0,False,0.015992267610175137,4
type_horizon,16,3,8,2175,2,5,55.0,False,0.015992267610175137,4
type_horizon,16,3,8,2176,0,5,54.0,False,0.015992267610175137,4
type_horizon,16,3,8,2176,1,6,50.0,False,0.015992267610175137,4
type_horizon,16,3,8,2176,2,2,69.0,False,0.015992267610175137,5
type_horizon,16,3,8,2177,0,6,47.0,False,0.015992267610175137,3
type_horizon,16,3,8,2177,1,7,68.0,False,0.015992267610175137,5
type_horizon,16,3,8,2177,2,3,55.0,False,0.015992267610175137,4
type_horizon,16,3,8,2178,0,5,48.0,False,0.015992267610175137,3
type_horizon,16,3,8,2178,1,3,55.0,False,0.015992267610175137,4
type_horizon,16,3,8,2178,2,4,46.0,False,0.015992267610175137,3
type_horizon,16,3,8,2179,0,6,110.0,False,0.015992267610175137,7
type_horizon,16,3,8,2179,1,6,57.0,False,0.015992267610175137,4
type_horizon,16,3,8,2179,2,0,93.0,False,0.015992267610175137,6
type_horizon,16,3,8,2180,0,4,62.0,False,0.015992267610175137,4
type_horizon,16,3,8,2180,1,1,94.0,False,0.015992267610175137,6
type_horizon,16,3,8,2180,2,7,49.0,False,0.015992267610175137,4
type_horizon,16,3,8,2181,0,5,86.0,False,0.015992267610175137,6
type_horizon,16,3,8,2181,1,0,13.0,False,0.015992267610175137,1
type_horizon,16,3,8,2181,2,4,54.0,False,0.015992267610175137,4
type_horizon,16,3,8,2182,0,6,72.0,False,0.015992267610175137,5
type_horizon,16,3,8,2182,1,7,13.0,False,0.015992267610175137,1
type_horizon,16,3,8,2182,2,2,123.0,False,0.015992267610175137,8
type_horizon,16,3,8,2183,0,6,177.0,False,0.015992267610175137,12
type_horizon,16,3,8,2183,1,0,38.0,False,0.015992267610175137,3
type_horizon,16,3,8,2183,2,7,127.0,False,0.015992267610175137,8
type_horizon,16,3,8,2184,0,2,45.0,False,0.015992267610175137,3
type_horizon,16,3,8,2184,1,6,52.0,False,0.015992267610175137,4
type_horizon,16,3,8,2184,2,7,20.0,False,0.015992267610175137,2
type_horizon,16,3,8,2185,0,3,49.0,False,0.015992267610175137,4
type_horizon,16,3,8,2185,1,5,57.0,False,0.015992267610175137,4
type_horizon,16,3,8,2185,2,7,26.0,False,0.015992267610175137,2
type_horizon,16,3,8,2186,0,7,27.0,False,0.015992267610175137,2
type_horizon,16,3,8,2186,1,5,46.0,False,0.015992267610175137,3
type_horizon,16,3,8,2186,2,4,45.0,False,0.015992267610175137,3
type_horizon,16,3,8,2187,0,4,97.0,False,0.015992267610175137,7
type_horizon,16,3,8,2187,1,2,55.0,False,0.015992267610175137,4
type_horizon,16,3,8,2187,2,6,46.0,False,0.015992267610175137,3
type_horizon,16,3,8,2188,0,0,28.0,False,0.015992267610175137,2
type_horizon,16,3,8,2188,1,4,52.0,False,0.015992267610175137,4
type_horizon,16,3,8,2188,2,4,56.0,False,0.015992267610175137,4
type_horizon,16,3,8,2189,0,2,49.0,False,0.015992267610175137,4
type_horizon,16,3,8,2189,1,6,47.0,False,0.015992267610175137,3
type_horizon,16,3,8,2189,2,3,46.0,False,0.015992267610175137,3
type_horizon,16,3,8,2190,0,3,135.0,False,0.015992267610175137,9
type_horizon,16,3,8,2190,1,5,52.0,False,0.015992267610175137,4
type_horizon,16,3,8,2190,2,0,11.0,False,0.015992267610175137,1
type_horizon,16,3,8,2191,0,7,28.0,False,0.015992267610175137,2
type_horizon,16,3,8,2191,1,2,46.0,False,0.015992267610175137,3
type_horizon,16,3,8,2191,2,3,71.0,False,0.015992267610175137,5
type_horizon,16,3,8,2192,0,7,13.0,False,0.015992267610175137,1
type_horizon,16,3,8,2192,1,6,72.0,False,0.015992267610175137,5
type_horizon,16,3,8,2192,2,2,330.0,False,0.015992267610175137,21
type_horizon,16,3,8,2193,0,2,56.0,False,0.015992267610175137,4
type_horizon,16,3,8,2193,1,7,24.0,False,0.015992267610175137,2
type_horizon,16,3,8,2193,2,1,49.0,False,0.015992267610175137,4
type_horizon,16,3,8,2194,0,0,10.0,False,0.015992267610175137,1
type_horizon,16,3,8,2194,1,0,25.0,False,0.015992267610175137,2
type_horizon,16,3,8,2194,2,0,15.0,False,0.015992267610175137,1
type_horizon,16,3,8,2195,0,7,20.0,False,0.015992267610175137,2
type_horizon,16,3,8,2195,1,0,15.0,False,0.015992267610175137,1
type_horizon,16,3,8,2195,2,6,55.0,False,0.015992267610175137,4
type_horizon,16,3,8,2196,0,1,52.0,False,0.015992267610175137,4
type_horizon,16,3,8,2196,1,4,46.0,False,0.015992267610175137,3
type_horizon,16,3,8,2196,2,5,77.0,False,0.015992267610175137,5
type_horizon,16,3,8,2197,0,0,46.0,False,0.015992267610175137,3
type_horizon,16,3,8,2197,1,7,26.0,False,0.015992267610175137,2
type_horizon,16,3,8,2197,2,5,46.0,False,0.015992267610175137,3
type_horizon,16,3,8,2198,0,4,51.0,False,0.015992267610175137,4
type_horizon,16,3,8,2198,1,4,57.0,False,0.015992267610175137,4
type_horizon,16,3,8,2198,2,5,49.0,False,0.015992267610175137,4
type_horizon,16,3,8,2199,0,0,55.0,False,0.015992267610175137,4
type_horizon,16,3,8,2199,1,7,80.0,False,0.015992267610175137,5
type_horizon,16,3,8,2199,2,5,78.0,False,0.015992267610175137,5
type_horizon,1,3,16,2000,0,5,302.0,False,0.0035047535997874135,302
type_horizon,1,3,16,2000,1,9,239.0,False,0.0035047535997874135,239
type_horizon,1,3,16,2000,2,7,323.0,False,0.0035047535997874135,323
type_horizon,1,3,16,2001,0,1,214.0,False,0.0035047535997874135,214
type_horizon,1,3,16,2001,1,5,398.0,False,0.0035047535997874135,398
type_horizon,1,3,16,2001,2,7,393.0,False,0.0035047535997874135,393
type_horizon,1,3,16,2002,0,8,232.0,False,0.0035047535997874135,232
type_horizon,1,3,16,2002,1,1,460.0,False,0.0035047535997874135,460
type_horizon,1,3,16,2002,2,8,324.0,False,0.0035047535997874135,324
type_horizon,1,3,16,2003,0,12,223.0,False,0.0035047535997874135,223
type_horizon,1,3,16,2003,1,4,215.0,False,0.0035047535997874135,215
type_horizon,1,3,16,2003,2,0,750.0,False,0.0035047535997874135,750
type_horizon,1,3,16,2004,0,7,232.0,False,0.0035047535997874135,232
type_horizon,1,3,16,2004,1,7,244.0,False,0.0035047535997874135,244
type_horizon,1,3,16,2004,2,14,347.0,False,0.0035047535997874135,347
type_horizon,1,3,16,2005,0,12,294.0,False,0.0035047535997874135,294
type_horizon,1,3,16,2005,1,15,182.0,False,0.0035047535997874135,182
type_horizon,1,3,16,2005,2,12,208.0,False,0.0035047535997874135,208
type_horizon,1,3,16,2006,0,13,313.0,False,0.0035047535997874135,313
type_horizon,1,3,16,2006,1,4,350.0,False,0.0035047535997874135,350
type_horizon,1,3,16,2006,2,13,281.0,False,0.0035047535997874135,281
type_horizon,1,3,16,2007,0,7,381.0,False,0.0035047535997874135,381
type_horizon,1,3,16,2007,1,5,303.0,False,0.0035047535997874135,303
type_horizon,1,3,16,2007,2,8,206.0,False,0.0035047535997874135,206
type_horizon,1,3,16,2008,0,13,206.0,False,0.0035047535997874135,206
type_horizon,1,3,16,2008,1,11,220.0,False,0.0035047535997874135,220
type_horizon,1,3,16,2008,2,3,265.0,False,0.0035047535997874135,265
type_horizon,1,3,16,2009,0,3,235.0,False,0.0035047535997874135,235
type_horizon,1,3,16,2009,1,4,228.0,False,0.0035047535997874135,228
type_horizon,1,3,16,2009,2,3,228.0,False,0.0035047535997874135,228
type_horizon,1,3,16,2010,0,10,296.0,False,0.0035047535997874135,296
type_horizon,1,3,16,2010,1,12,228.0,False,0.0035047535997874135,228
type_horizon,1,3,16,2010,2,6,250.0,False,0.0035047535997874135,250
type_horizon,1,3,16,2011,0,0,63.0,False,0.0035047535997874135,63
type_horizon,1,3,16,2011,1,7,324.0,False,0.0035047535997874135,324
type_horizon,1,3,16,2011,2,8,210.0,False,0.0035047535997874135,210
type_horizon,1,3,16,2012,0,13,243.0,False,0.0035047535997874135,243
type_horizon,1,3,16,2012,1,7,228.0,False,0.0035047535997874135,228
type_horizon,1,3,16,2012,2,12,208.0,False,0.0035047535997874135,208
type_horizon,1,3,16,2013,0,2,253.0,False,0.0035047535997874135,253
type_horizon,1,3,16,2013,1,12,234.0,False,0.0035047535997874135,234
type_horizon,1,3,16,2013,2,15,62.0,False,0.0035047535997874135,62
type_horizon,1,3,16,2014,0,10,234.0,False,0.0035047535997874135,234
type_horizon,1,3,16,2014,1,14,282.0,False,0.0035047535997874135,282
type_horizon,1,3,16,2014,2,5,376.0,False,0.0035047535997874135,376
type_horizon,1,3,16,2015,0,0,37.0,False,0.0035047535997874135,37
type_horizon,1,3,16,2015,1,3,237.0,False,0.0035047535997874135,237
type_horizon,1,3,16,2015,2,0,279.0,False,0.0035047535997874135,279
type_horizon,1,3,16,2016,0,0,739.0,False,0.0035047535997874135,739
type_horizon,1,3,16,2016,1,3,450.0,False,0.0035047535997874135,450
type_horizon,1,3,16,2016,2,0,75.0,False,0.0035047535997874135,75
type_horizon,1,3,16,2017,0,1,420.0,False,0.0035047535997874135,420
type_horizon,1,3,16,2017,1,14,270.0,False,0.0035047535997874135,270
type_horizon,1,3,16,2017,2,11,210.0,False,0.0035047535997874135,210
type_horizon,1,3,16,2018,0,13,208.0,False,0.0035047535997874135,208
type_horizon,1,3,16,2018,1,5,226.0,False,0.0035047535997874135,226
type_horizon,1,3,16,2018,2,13,207.0,False,0.0035047535997874135,207
type_horizon,1,3,16,2019,0,9,310.0,False,0.0035047535997874135,310
type_horizon,1,3,16,2019,1,11,294.0,False,0.0035047535997874135,294
type_horizon,1,3,16,2019,2,0,72.0,False,0.0035047535997874135,72
type_horizon,1,3,16,2020,0,11,352.0,False,0.0035047535997874135,352
type_horizon,1,3,16,2020,1,0,126.0,False,0.0035047535997874135,126
type_horizon,1,3,16,2020,2,4,208.0,False,0.0035047535997874135,208
type_horizon,1,3,16,2021,0,9,227.0,False,0.0035047535997874135,227
type_horizon,1,3,16,2021,1,11,343.0,False,0.0035047535997874135,343
type_horizon,1,3,16,2021,2,9,228.0,False,0.0035047535997874135,228
type_horizon,1,3,16,2022,0,12,444.0,False,0.0035047535997874135,444
type_horizon,1,3,16,2022,1,15,124.0,False,0.0035047535997874135,124
type_horizon,1,3,16,2022,2,7,525.0,False,0.0035047535997874135,525
type_horizon,1,3,16,2023,0,11,211.0,False,0.0035047535997874135,211
type_horizon,1,3,16,2023,1,13,247.0,False,0.0035047535997874135,247
type_horizon,1,3,16,2023,2,9,233.0,False,0.0035047535997874135,233
type_horizon,1,3,16,2024,0,0,57.0,False,0.0035047535997874135,57
type_horizon,1,3,16,2024,1,13,536.0,False,0.0035047535997874135,536
type_horizon,1,3,16,2024,2,11,232.0,False,0.0035047535997874135,232
type_horizon,1,3,16,2025,0,11,329.0,False,0.0035047535997874135,329
type_horizon,1,3,16,2025,1,5,268.0,False,0.0035047535997874135,268
type_horizon,1,3,16,2025,2,6,209.0,False,0.0035047535997874135,209
type_horizon,1,3,16,2026,0,12,241.0,False,0.0035047535997874135,241
type_horizon,1,3,16,2026,1,0,246.0,False,0.0035047535997874135,246
type_horizon,1,3,16,2026,2,11,208.0,False,0.0035047535997874135,208
type_horizon,1,3,16,2027,0,15,44.0,False,0.0035047535997874135,44
type_horizon,1,3,16,2027,1,1,566.0,False,0.0035047535997874135,566
type_horizon,1,3,16,2027,2,4,725.0,False,0.0035047535997874135,725
type_horizon,1,3,16,2028,0,0,52.0,False,0.0035047535997874135,52
type_horizon,1,3,16,2028,1,10,656.0,False,0.0035047535997874135,656
type_horizon,1,3,16,2028,2,10,206.0,False,0.0035047535997874135,206
type_horizon,1,3,16,2029,0,5,239.0,False,0.0035047535997874135,239
type_horizon,1,3,16,2029,1,6,445.0,False,0.0035047535997874135,445
type_horizon,1,3,16,2029,2,14,310.0,False,0.0035047535997874135,310
type_horizon,1,3,16,2030,0,11,463.0,False,0.0035047535997874135,463
type_horizon,1,3,16,2030,1,11,249.0,False,0.0035047535997874135,249
type_horizon,1,3,16,2030,2,2,226.0,False,0.0035047535997874135,226
type_horizon,1,3,16,2031,0,12,209.0,False,0.0035047535997874135,209
type_horizon,1,3,16,2031,1,1,720.0,False,0.0035047535997874135,720
type_horizon,1,3,16,2031,2,6,228.0,False,0.0035047535997874135,228
type_horizon,1,3,16,2032,0,11,212.0,False,0.0035047535997874135,212
type_horizon,1,3,16,2032,1,4,207.0,False,0.0035047535997874135,207
type_horizon,1,3,16,2032,2,9,863.0,False,0.0035047535997874135,863
type_horizon,1,3,16,2033,0,14,209.0,False,0.0035047535997874135,209
type_horizon,1,3,16,2033,1,3,452.0,False,0.0035047535997874135,452
type_horizon,1,3,16,2033,2,9,229.0,False,0.0035047535997874135,229
type_horizon,1,3,16,2034,0,14,278.0,False,0.0035047535997874135,278
type_horizon,1,3,16,2034,1,6,879.0,False,0.0035047535997874135,879
type_horizon,1,3,16,2034,2,15,314.0,False,0.0035047535997874135,314
type_horizon,1,3,16,2035,0,15,137.0,False,0.0035047535997874135,137
type_horizon,1,3,16,2035,1,10,244.0,False,0.0035047535997874135,244
type_horizon,1,3,16,2035,2,4,299.0,False,0.0035047535997874135,299
type_horizon,1,3,16,2036,0,0,441.0,False,0.0035047535997874135,441
type_horizon,1,3,16,2036,1,12,210.0,False,0.0035047535997874135,210
type_horizon,1,3,16,2036,2,15,154.0,False,0.0035047535997874135,154
type_horizon,1,3,16,2037,0,4,341.0,False,0.0035047535997874135,341
type_horizon,1,3,16,2037,1,1,229.0,False,0.0035047535997874135,229
type_horizon,1,3,16,2037,2,14,241.0,False,0.0035047535997874135,241
type_horizon,1,3,16,2038,0,7,216.0,False,0.0035047535997874135,216
type_horizon,1,3,16,2038,1,12,817.0,False,0.0035047535997874135,817
type_horizon,1,3,16,2038,2,13,260.0,False,0.0035047535997874135,260
type_horizon,1,3,16,2039,0,13,246.0,False,0.0035047535997874135,246
type_horizon,1,3,16,2039,1,14,309.0,False,0.0035047535997874135,309
type_horizon,1,3,16,2039,2,4,209.0,False,0.0035047535997874135,209
type_horizon,1,3,16,2040,0,5,243.0,False,0.0035047535997874135,243
type_horizon,1,3,16,2040,1,1,368.0,False,0.0035047535997874135,368
type_horizon,1,3,16,2040,2,11,536.0,False,0.0035047535997874135,536
type_horizon,1,3,16,2041,0,5,302.0,False,0.0035047535997874135,302
type_horizon,1,3,16,2041,1,10,212.0,False,0.0035047535997874135,212
type_horizon,1,3,16,2041,2,5,302.0,False,0.0035047535997874135,302
type_horizon,1,3,16,2042,0,2,240.0,False,0.0035047535997874135,240
type_horizon,1,3,16,2042,1,15,129.0,False,0.0035047535997874135,129
type_horizon,1,3,16,2042,2,11,268.0,False,0.0035047535997874135,268
type_horizon,1,3,16,2043,0,5,238.0,False,0.0035047535997874135,238
type_horizon,1,3,16,2043,1,2,310.0,False,0.0035047535997874135,310
type_horizon,1,3,16,2043,2,7,500.0,False,0.0035047535997874135,500
type_horizon,1,3,16,2044,0,4,301.0,False,0.0035047535997874135,301
type_horizon,1,3,16,2044,1,13,255.0,False,0.0035047535997874135,255
type_horizon,1,3,16,2044,2,9,335.0,False,0.0035047535997874135,335
type_horizon,1,3,16,2045,0,12,245.0,False,0.0035047535997874135,245
type_horizon,1,3,16,2045,1,7,297.0,False,0.0035047535997874135,297
type_horizon,1,3,16,2045,2,9,301.0,False,0.0035047535997874135,301
type_horizon,1,3,16,2046,0,11,316.0,False,0.0035047535997874135,316
type_horizon,1,3,16,2046,1,13,209.0,False,0.0035047535997874135,209
type_horizon,1,3,16,2046,2,6,506.0,False,0.0035047535997874135,506
type_horizon,1,3,16,2047,0,5,490.0,False,0.0035047535997874135,490
type_horizon,1,3,16,2047,1,8,240.0,False,0.0035047535997874135,240
type_horizon,1,3,16,2047,2,5,228.0,False,0.0035047535997874135,228
type_horizon,1,3,16,2048,0,10,291.0,False,0.0035047535997874135,291
type_horizon,1,3,16,2048,1,11,288.0,False,0.0035047535997874135,288
type_horizon,1,3,16,2048,2,13,207.0,False,0.0035047535997874135,207
type_horizon,1,3,16,2049,0,3,302.0,False,0.0035047535997874135,302
type_horizon,1,3,16,2049,1,7,399.0,False,0.0035047535997874135,399
type_horizon,1,3,16,2049,2,15,88.0,False,0.0035047535997874135,88
type_horizon,1,3,16,2050,0,9,246.0,False,0.0035047535997874135,246
type_horizon,1,3,16,2050,1,3,214.0,False,0.0035047535997874135,214
type_horizon,1,3,16,2050,2,14,346.0,False,0.0035047535997874135,346
type_horizon,1,3,16,2051,0,1,235.0,False,0.0035047535997874135,235
type_horizon,1,3,16,2051,1,2,245.0,False,0.0035047535997874135,245
type_horizon,1,3,16,2051,2,13,360.0,False,0.0035047535997874135,360
type_horizon,1,3,16,2052,0,15,45.0,False,0.0035047535997874135,45
type_horizon,1,3,16,2052,1,15,175.0,False,0.0035047535997874135,175
type_horizon,1,3,16,2052,2,0,66.0,False,0.0035047535997874135,66
type_horizon,1,3,16,2053,0,15,192.0,False,0.0035047535997874135,192
type_horizon,1,3,16,2053,1,5,209.0,False,0.0035047535997874135,209
type_horizon,1,3,16,2053,2,11,251.0,False,0.0035047535997874135,251
type_horizon,1,3,16,2054,0,1,421.0,False,0.0035047535997874135,421
type_horizon,1,3,16,2054,1,6,208.0,False,0.0035047535997874135,208
type_horizon,1,3,16,2054,2,11,280.0,False,0.0035047535997874135,280
type_horizon,1,3,16,2055,0,3,225.0,False,0.0035047535997874135,225
type_horizon,1,3,16,2055,1,3,219.0,False,0.0035047535997874135,219
type_horizon,1,3,16,2055,2,8,346.0,False,0.0035047535997874135,346
type_horizon,1,3,16,2056,0,12,320.0,False,0.0035047535997874135,320
type_horizon,1,3,16,2056,1,8,264.0,False,0.0035047535997874135,264
type_horizon,1,3,16,2056,2,4,224.0,False,0.0035047535997874135,224
type_horizon,1,3,16,2057,0,8,222.0,False,0.0035047535997874135,222
type_horizon,1,3,16,2057,1,1,209.0,False,0.0035047535997874135,209
type_horizon,1,3,16,2057,2,14,577.0,False,0.0035047535997874135,577
type_horizon,1,3,16,2058,0,12,293.0,False,0.0035047535997874135,293
type_horizon,1,3,16,2058,1,13,956.0,False,0.0035047535997874135,956
type_horizon,1,3,16,2058,2,12,214.0,False,0.0035047535997874135,214
type_horizon,1,3,16,2059,0,7,206.0,False,0.0035047535997874135,206
type_horizon,1,3,16,2059,1,11,332.0,False,0.0035047535997874135,332
type_horizon,1,3,16,2059,2,15,267.0,False,0.0035047535997874135,267
type_horizon,1,3,16,2060,0,6,211.0,False,0.0035047535997874135,211
type_horizon,1,3,16,2060,1,9,226.0,False,0.0035047535997874135,226
type_horizon,1,3,16,2060,2,2,209.0,False,0.0035047535997874135,209
type_horizon,1,3,16,2061,0,6,422.0,False,0.0035047535997874135,422
type_horizon,1,3,16,2061,1,9,314.0,False,0.0035047535997874135,314
type_horizon,1,3,16,2061,2,8,252.0,False,0.0035047535997874135,252
type_horizon,1,3,16,2062,0,10,385.0,False,0.0035047535997874135,385
type_horizon,1,3,16,2062,1,10,207.0,False,0.0035047535997874135,207
type_horizon,1,3,16,2062,2,14,208.0,False,0.0035047535997874135,208
type_horizon,1,3,16,2063,0,15,114.0,False,0.0035047535997874135,114
type_horizon,1,3,16,2063,1,7,795.0,False,0.0035047535997874135,795
type_horizon,1,3,16,2063,2,2,210.0,False,0.0035047535997874135,210
type_horizon,1,3,16,2064,0,1,331.0,False,0.0035047535997874135,331
type_horizon,1,3,16,2064,1,12,259.0,False,0.0035047535997874135,259
type_horizon,1,3,16,2064,2,15,126.0,False,0.0035047535997874135,126
type_horizon,1,3,16,2065,0,6,409.0,False,0.0035047535997874135,409
type_horizon,1,3,16,2065,1,6,217.0,False,0.0035047535997874135,217
type_horizon,1,3,16,2065,2,0,108.0,False,0.0035047535997874135,108
type_horizon,1,3,16,2066,0,13,290.0,False,0.0035047535997874135,290
type_horizon,1,3,16,2066,1,14,548.0,False,0.0035047535997874135,548
type_horizon,1,3,16,2066,2,4,254.0,False,0.0035047535997874135,254
type_horizon,1,3,16,2067,0,0,48.0,False,0.0035047535997874135,48
type_horizon,1,3,16,2067,1,4,671.0,False,0.0035047535997874135,671
type_horizon,1,3,16,2067,2,15,66.0,False,0.0035047535997874135,66
type_horizon,1,3,16,2068,0,10,304.0,False,0.0035047535997874135,304
type_horizon,1,3,16,2068,1,9,358.0,False,0.0035047535997874135,358
type_horizon,1,3,16,2068,2,11,218.0,False,0.0035047535997874135,218
type_horizon,1,3,16,2069,0,10,209.0,False,0.0035047535997874135,209
type_horizon,1,3,16,2069,1,0,428.0,False,0.0035047535997874135,428
type_horizon,1,3,16,2069,2,5,273.0,False,0.0035047535997874135,273
type_horizon,1,3,16,2070,0,14,258.0,False,0.0035047535997874135,258
type_horizon,1,3,16,2070,1,13,219.0,False,0.0035047535997874135,219
type_horizon,1,3,16,2070,2,1,227.0,False,0.0035047535997874135,227
type_horizon,1,3,16,2071,0,7,272.0,False,0.0035047535997874135,272
type_horizon,1,3,16,2071,1,1,436.0,False,0.0035047535997874135,436
type_horizon,1,3,16,2071,2,9,244.0,False,0.0035047535997874135,244
type_horizon,1,3,16,2072,0,6,218.0,False,0.0035047535997874135,218
type_horizon,1,3,16,2072,1,14,243.0,False,0.0035047535997874135,243
type_horizon,1,3,16,2072,2,12,232.0,False,0.0035047535997874135,232
type_horizon,1,3,16,2073,0,10,223.0,False,0.0035047535997874135,223
type_horizon,1,3,16,2073,1,11,282.0,False,0.0035047535997874135,282
type_horizon,1,3,16,2073,2,15,103.0,False,0.0035047535997874135,103
type_horizon,1,3,16,2074,0,11,234.0,False,0.0035047535997874135,234
type_horizon,1,3,16,2074,1,10,272.0,False,0.0035047535997874135,272
type_horizon,1,3,16,2074,2,15,61.0,False,0.0035047535997874135,61
type_horizon,1,3,16,2075,0,1,517.0,False,0.0035047535997874135,517
type_horizon,1,3,16,2075,1,4,224.0,False,0.0035047535997874135,224
type_horizon,1,3,16,2075,2,4,216.0,False,0.0035047535997874135,216
type_horizon,1,3,16,2076,0,1,538.0,False,0.0035047535997874135,538
type_horizon,1,3,16,2076,1,15,81.0,False,0.0035047535997874135,81
type_horizon,1,3,16,2076,2,10,977.0,False,0.0035047535997874135,977
type_horizon,1,3,16,2077,0,15,1162.0,False,0.0035047535997874135,1162
type_horizon,1,3,16,2077,1,11,247.0,False,0.0035047535997874135,247
type_horizon,1,3,16,2077,2,11,228.0,False,0.0035047535997874135,228
type_horizon,1,3,16,2078,0,10,388.0,False,0.0035047535997874135,388
type_horizon,1,3,16,2078,1,1,227.0,False,0.0035047535997874135,227
type_horizon,1,3,16,2078,2,0,145.0,False,0.0035047535997874135,145
type_horizon,1,3,16,2079,0,2,327.0,False,0.0035047535997874135,327
type_horizon,1,3,16,2079,1,14,742.0,False,0.0035047535997874135,742
type_horizon,1,3,16,2079,2,9,370.0,False,0.0035047535997874135,370
type_horizon,1,3,16,2080,0,6,208.0,False,0.0035047535997874135,208
type_horizon,1,3,16,2080,1,4,233.0,False,0.0035047535997874135,233
type_horizon,1,3,16,2080,2,7,247.0,False,0.0035047535997874135,247
type_horizon,1,3,16,2081,0,12,222.0,False,0.0035047535997874135,222
type_horizon,1,3,16,2081,1,1,207.0,False,0.0035047535997874135,207
type_horizon,1,3,16,2081,2,8,272.0,False,0.0035047535997874135,272
type_horizon,1,3,16,2082,0,0,59.0,False,0.0035047535997874135,59
type_horizon,1,3,16,2082,1,11,253.0,False,0.0035047535997874135,253
type_horizon,1,3,16,2082,2,3,207.0,False,0.0035047535997874135,207
type_horizon,1,3,16,2083,0,14,220.0,False,0.0035047535997874135,220
type_horizon,1,3,16,2083,1,1,246.0,False,0.0035047535997874135,246
type_horizon,1,3,16,2083,2,0,134.0,False,0.0035047535997874135,134
type_horizon,1,3,16,2084,0,5,210.0,False,0.0035047535997874135,210
type_horizon,1,3,16,2084,1,5,216.0,False,0.0035047535997874135,216
type_horizon,1,3,16,2084,2,1,206.0,False,0.0035047535997874135,206
type_horizon,1,3,16,2085,0,15,186.0,False,0.0035047535997874135,186
type_horizon,1,3,16,2085,1,15,69.0,False,0.0035047535997874135,69
type_horizon,1,3,16,2085,2,7,375.0,False,0.0035047535997874135,375
type_horizon,1,3,16,2086,0,6,702.0,False,0.0035047535997874135,702
type_horizon,1,3,16,2086,1,11,231.0,False,0.0035047535997874135,231
type_horizon,1,3,16,2086,2,5,323.0,False,0.0035047535997874135,323
type_horizon,1,3,16,2087,0,4,402.0,False,0.0035047535997874135,402
type_horizon,1,3,16,2087,1,0,86.0,False,0.0035047535997874135,86
type_horizon,1,3,16,2087,2,12,214.0,False,0.0035047535997874135,214
type_horizon,1,3,16,2088,0,2,223.0,False,0.0035047535997874135,223
type_horizon,1,3,16,2088,1,10,309.0,False,0.0035047535997874135,309
type_horizon,1,3,16,2088,2,7,237.0,False,0.0035047535997874135,237
type_horizon,1,3,16,2089,0,12,209.0,False,0.0035047535997874135,209
type_horizon,1,3,16,2089,1,12,216.0,False,0.0035047535997874135,216
type_horizon,1,3,16,2089,2,12,220.0,False,0.0035047535997874135,220
type_horizon,1,3,16,2090,0,5,218.0,False,0.0035047535997874135,218
type_horizon,1,3,16,2090,1,7,329.0,False,0.0035047535997874135,329
type_horizon,1,3,16,2090,2,5,208.0,False,0.0035047535997874135,208
type_horizon,1,3,16,2091,0,5,239.0,False,0.0035047535997874135,239
type_horizon,1,3,16,2091,1,12,288.0,False,0.0035047535997874135,288
type_horizon,1,3,16,2091,2,13,379.0,False,0.0035047535997874135,379
type_horizon,1,3,16,2092,0,7,210.0,False,0.0035047535997874135,210
type_horizon,1,3,16,2092,1,5,219.0,False,0.0035047535997874135,219
type_horizon,1,3,16,2092,2,9,235.0,False,0.0035047535997874135,235
type_horizon,1,3,16,2093,0,7,220.0,False,0.0035047535997874135,220
type_horizon,1,3,16,2093,1,14,276.0,False,0.0035047535997874135,276
type_horizon,1,3,16,2093,2,1,483.0,False,0.0035047535997874135,483
type_horizon,1,3,16,2094,0,15,42.0,False,0.0035047535997874135,42
type_horizon,1,3,16,2094,1,12,278.0,False,0.0035047535997874135,278
type_horizon,1,3,16,2094,2,4,272.0,False,0.0035047535997874135,272
type_horizon,1,3,16,2095,0,9,267.0,False,0.0035047535997874135,267
type_horizon,1,3,16,2095,1,10,256.0,False,0.0035047535997874135,256
type_horizon,1,3,16,2095,2,2,206.0,False,0.0035047535997874135,206
type_horizon,1,3,16,2096,0,8,260.0,False,0.0035047535997874135,260
type_horizon,1,3,16,2096,1,10,234.0,False,0.0035047535997874135,234
type_horizon,1,3,16,2096,2,1,292.0,False,0.0035047535997874135,292
type_horizon,1,3,16,2097,0,9,266.0,False,0.0035047535997874135,266
type_horizon,1,3,16,2097,1,0,153.0,False,0.0035047535997874135,153
type_horizon,1,3,16,2097,2,11,286.0,False,0.0035047535997874135,286
type_horizon,1,3,16,2098,0,1,428.0,False,0.0035047535997874135,428
type_horizon,1,3,16,2098,1,14,304.0,False,0.0035047535997874135,304
type_horizon,1,3,16,2098,2,10,251.0,False,0.0035047535997874135,251
type_horizon,1,3,16,2099,0,5,239.0,False,0.0035047535997874135,239
type_horizon,1,3,16,2099,1,4,227.0,False,0.0035047535997874135,227
type_horizon,1,3,16,2099,2,8,269.0,False,0.0035047535997874135,269
type_horizon,1,3,16,2100,0,12,597.0,False,0.0035047535997874135,597
type_horizon,1,3,16,2100,1,10,262.0,False,0.0035047535997874135,262
type_horizon,1,3,16,2100,2,2,392.0,False,0.0035047535997874135,392
type_horizon,1,3,16,2101,0,10,566.0,False,0.0035047535997874135,566
type_horizon,1,3,16,2101,1,13,218.0,False,0.0035047535997874135,218
type_horizon,1,3,16,2101,2,1,627.0,False,0.0035047535997874135,627
type_horizon,1,3,16,2102,0,1,258.0,False,0.0035047535997874135,258
type_horizon,1,3,16,2102,1,15,54.0,False,0.0035047535997874135,54
type_horizon,1,3,16,2102,2,14,461.0,False,0.0035047535997874135,461
type_horizon,1,3,16,2103,0,0,156.0,False,0.0035047535997874135,156
type_horizon,1,3,16,2103,1,12,207.0,False,0.0035047535997874135,207
type_horizon,1,3,16,2103,2,0,325.0,False,0.0035047535997874135,325
type_horizon,1,3,16,2104,0,3,212.0,False,0.0035047535997874135,212
type_horizon,1,3,16,2104,1,3,209.0,False,0.0035047535997874135,209
type_horizon,1,3,16,2104,2,15,340.0,False,0.0035047535997874135,340
type_horizon,1,3,16,2105,0,14,269.0,False,0.0035047535997874135,269
type_horizon,1,3,16,2105,1,2,235.0,False,0.0035047535997874135,235
type_horizon,1,3,16,2105,2,9,208.0,False,0.0035047535997874135,208
type_horizon,1,3,16,2106,0,9,257.0,False,0.0035047535997874135,257
type_horizon,1,3,16,2106,1,6,248.0,False,0.0035047535997874135,248
type_horizon,1,3,16,2106,2,11,236.0,False,0.0035047535997874135,236
type_horizon,1,3,16,2107,0,6,210.0,False,0.0035047535997874135,210
type_horizon,1,3,16,2107,1,9,206.0,False,0.0035047535997874135,206
type_horizon,1,3,16,2107,2,3,321.0,False,0.0035047535997874135,321
type_horizon,1,3,16,2108,0,13,222.0,False,0.0035047535997874135,222
type_horizon,1,3,16,2108,1,1,247.0,False,0.0035047535997874135,247
type_horizon,1,3,16,2108,2,13,645.0,False,0.0035047535997874135,645
type_horizon,1,3,16,2109,0,5,301.0,False,0.0035047535997874135,301
type_horizon,1,3,16,2109,1,4,282.0,False,0.0035047535997874135,282
type_horizon,1,3,16,2109,2,13,221.0,False,0.0035047535997874135,221
type_horizon,1,3,16,2110,0,6,216.0,False,0.0035047535997874135,216
type_horizon,1,3,16,2110,1,15,79.0,False,0.0035047535997874135,79
type_horizon,1,3,16,2110,2,10,248.0,False,0.0035047535997874135,248
type_horizon,1,3,16,2111,0,5,527.0,False,0.0035047535997874135,527
type_horizon,1,3,16,2111,1,4,251.0,False,0.0035047535997874135,251
type_horizon,1,3,16,2111,2,13,244.0,False,0.0035047535997874135,244
type_horizon,1,3,16,2112,0,15,59.0,False,0.0035047535997874135,59
type_horizon,1,3,16,2112,1,9,212.0,False,0.0035047535997874135,212
type_horizon,1,3,16,2112,2,4,255.0,False,0.0035047535997874135,255
type_horizon,1,3,16,2113,0,15,211.0,False,0.0035047535997874135,211
type_horizon,1,3,16,2113,1,4,319.0,False,0.0035047535997874135,319
type_horizon,1,3,16,2113,2,4,919.0,False,0.0035047535997874135,919
type_horizon,1,3,16,2114,0,2,227.0,False,0.0035047535997874135,227
type_horizon,1,3,16,2114,1,0,118.0,False,0.0035047535997874135,118
type_horizon,1,3,16,2114,2,6,304.0,False,0.0035047535997874135,304
type_horizon,1,3,16,2115,0,10,231.0,False,0.0035047535997874135,231
type_horizon,1,3,16,2115,1,14,303.0,False,0.0035047535997874135,303
type_horizon,1,3,16,2115,2,5,274.0,False,0.0035047535997874135,274
type_horizon,1,3,16,2116,0,2,289.0,False,0.0035047535997874135,289
type_horizon,1,3,16,2116,1,12,347.0,False,0.0035047535997874135,347
type_horizon,1,3,16,2116,2,8,431.0,False,0.0035047535997874135,431
type_horizon,1,3,16,2117,0,15,44.0,False,0.0035047535997874135,44
type_horizon,1,3,16,2117,1,14,354.0,False,0.0035047535997874135,354
type_horizon,1,3,16,2117,2,15,60.0,False,0.0035047535997874135,60
type_horizon,1,3,16,2118,0,0,101.0,False,0.0035047535997874135,101
type_horizon,1,3,16,2118,1,6,241.0,False,0.0035047535997874135,241
type_horizon,1,3,16,2118,2,6,209.0,False,0.0035047535997874135,209
type_horizon,1,3,16,2119,0,3,284.0,False,0.0035047535997874135,284
type_horizon,1,3,16,2119,1,3,232.0,False,0.0035047535997874135,232
type_horizon,1,3,16,2119,2,1,215.0,False,0.0035047535997874135,215
type_horizon,1,3,16,2120,0,0,43.0,False,0.0035047535997874135,43
type_horizon,1,3,16,2120,1,0,53.0,False,0.0035047535997874135,53
type_horizon,1,3,16,2120,2,3,815.0,False,0.0035047535997874135,815
type_horizon,1,3,16,2121,0,6,356.0,False,0.0035047535997874135,356
type_horizon,1,3,16,2121,1,12,609.0,False,0.0035047535997874135,609
type_horizon,1,3,16,2121,2,3,247.0,False,0.0035047535997874135,247
type_horizon,1,3,16,2122,0,9,267.0,False,0.0035047535997874135,267
type_horizon,1,3,16,2122,1,15,153.0,False,0.0035047535997874135,153
type_horizon,1,3,16,2122,2,10,212.0,False,0.0035047535997874135,212
type_horizon,1,3,16,2123,0,2,410.0,False,0.0035047535997874135,410
type_horizon,1,3,16,2123,1,0,173.0,False,0.0035047535997874135,173
type_horizon,1,3,16,2123,2,8,236.0,False,0.0035047535997874135,236
type_horizon,1,3,16,2124,0,13,233.0,False,0.0035047535997874135,233
type_horizon,1,3,16,2124,1,1,435.0,False,0.0035047535997874135,435
type_horizon,1,3,16,2124,2,8,224.0,False,0.0035047535997874135,224
type_horizon,1,3,16,2125,0,15,631.0,False,0.0035047535997874135,631
type_horizon,1,3,16,2125,1,4,239.0,False,0.0035047535997874135,239
type_horizon,1,3,16,2125,2,9,250.0,False,0.0035047535997874135,250
type_horizon,1,3,16,2126,0,7,208.0,False,0.0035047535997874135,208
type_horizon,1,3,16,2126,1,9,302.0,False,0.0035047535997874135,302
type_horizon,1,3,16,2126,2,3,211.0,False,0.0035047535997874135,211
type_horizon,1,3,16,2127,0,5,219.0,False,0.0035047535997874135,219
type_horizon,1,3,16,2127,1,1,207.0,False,0.0035047535997874135,207
type_horizon,1,3,16,2127,2,4,207.0,False,0.0035047535997874135,207
type_horizon,1,3,16,2128,0,5,207.0,False,0.0035047535997874135,207
type_horizon,1,3,16,2128,1,11,207.0,False,0.0035047535997874135,207
type_horizon,1,3,16,2128,2,15,178.0,False,0.0035047535997874135,178
type_horizon,1,3,16,2129,0,10,217.0,False,0.0035047535997874135,217
type_horizon,1,3,16,2129,1,0,112.0,False,0.0035047535997874135,112
type_horizon,1,3,16,2129,2,12,217.0,False,0.0035047535997874135,217
type_horizon,1,3,16,2130,0,1,982.0,False,0.0035047535997874135,982
type_horizon,1,3,16,2130,1,14,207.0,False,0.0035047535997874135,207
type_horizon,1,3,16,2130,2,6,208.0,False,0.0035047535997874135,208
type_horizon,1,3,16,2131,0,11,226.0,False,0.0035047535997874135,226
type_horizon,1,3,16,2131,1,15,360.0,False,0.0035047535997874135,360
type_horizon,1,3,16,2131,2,6,209.0,False,0.0035047535997874135,209
type_horizon,1,3,16,2132,0,0,93.0,False,0.0035047535997874135,93
type_horizon,1,3,16,2132,1,9,222.0,False,0.0035047535997874135,222
type_horizon,1,3,16,2132,2,4,228.0,False,0.0035047535997874135,228
type_horizon,1,3,16,2133,0,5,506.0,False,0.0035047535997874135,506
type_horizon,1,3,16,2133,1,11,358.0,False,0.0035047535997874135,358
type_horizon,1,3,16,2133,2,15,64.0,False,0.0035047535997874135,64
type_horizon,1,3,16,2134,0,13,292.0,False,0.0035047535997874135,292
type_horizon,1,3,16,2134,1,5,209.0,False,0.0035047535997874135,209
type_horizon,1,3,16,2134,2,10,382.0,False,0.0035047535997874135,382
type_horizon,1,3,16,2135,0,14,281.0,False,0.0035047535997874135,281
type_horizon,1,3,16,2135,1,15,111.0,False,0.0035047535997874135,111
type_horizon,1,3,16,2135,2,6,213.0,False,0.0035047535997874135,213
type_horizon,1,3,16,2136,0,15,255.0,False,0.0035047535997874135,255
type_horizon,1,3,16,2136,1,2,209.0,False,0.0035047535997874135,209
type_horizon,1,3,16,2136,2,0,209.0,False,0.0035047535997874135,209
type_horizon,1,3,16,2137,0,3,610.0,False,0.0035047535997874135,610
type_horizon,1,3,16,2137,1,9,254.0,False,0.0035047535997874135,254
type_horizon,1,3,16,2137,2,13,280.0,False,0.0035047535997874135,280
type_horizon,1,3,16,2138,0,8,214.0,False,0.0035047535997874135,214
type_horizon,1,3,16,2138,1,6,365.0,False,0.0035047535997874135,365
type_horizon,1,3,16,2138,2,5,249.0,False,0.0035047535997874135,249
type_horizon,1,3,16,2139,0,12,281.0,False,0.0035047535997874135,281
type_horizon,1,3,16,2139,1,4,207.0,False,0.0035047535997874135,207
type_horizon,1,3,16,2139,2,3,207.0,False,0.0035047535997874135,207
type_horizon,1,3,16,2140,0,11,230.0,False,0.0035047535997874135,230
type_horizon,1,3,16,2140,1,15,128.0,False,0.0035047535997874135,128
type_horizon,1,3,16,2140,2,4,240.0,False,0.0035047535997874135,240
type_horizon,1,3,16,2141,0,3,252.0,False,0.0035047535997874135,252
type_horizon,1,3,16,2141,1,2,209.0,False,0.0035047535997874135,209
type_horizon,1,3,16,2141,2,2,208.0,False,0.0035047535997874135,208
type_horizon,1,3,16,2142,0,7,213.0,False,0.0035047535997874135,213
type_horizon,1,3,16,2142,1,8,336.0,False,0.0035047535997874135,336
type_horizon,1,3,16,2142,2,4,210.0,False,0.0035047535997874135,210
type_horizon,1,3,16,2143,0,0,130.0,False,0.0035047535997874135,130
type_horizon,1,3,16,2143,1,2,206.0,False,0.0035047535997874135,206
type_horizon,1,3,16,2143,2,6,234.0,False,0.0035047535997874135,234
type_horizon,1,3,16,2144,0,2,242.0,False,0.0035047535997874135,242
type_horizon,1,3,16,2144,1,0,113.0,False,0.0035047535997874135,113
type_horizon,1,3,16,2144,2,10,282.0,False,0.0035047535997874135,282
type_horizon,1,3,16,2145,0,2,281.0,False,0.0035047535997874135,281
type_horizon,1,3,16,2145,1,12,213.0,False,0.0035047535997874135,213
type_horizon,1,3,16,2145,2,11,329.0,False,0.0035047535997874135,329
type_horizon,1,3,16,2146,0,12,257.0,False,0.0035047535997874135,257
type_horizon,1,3,16,2146,1,13,213.0,False,0.0035047535997874135,213
type_horizon,1,3,16,2146,2,6,319.0,False,0.0035047535997874135,319
type_horizon,1,3,16,2147,0,9,332.0,False,0.0035047535997874135,332
type_horizon,1,3,16,2147,1,9,521.0,False,0.0035047535997874135,521
type_horizon,1,3,16,2147,2,4,282.0,False,0.0035047535997874135,282
type_horizon,1,3,16,2148,0,4,253.0,False,0.0035047535997874135,253
type_horizon,1,3,16,2148,1,14,207.0,False,0.0035047535997874135,207
type_horizon,1,3,16,2148,2,0,56.0,False,0.0035047535997874135,56
type_horizon,1,3,16,2149,0,7,432.0,False,0.0035047535997874135,432
type_horizon,1,3,16,2149,1,10,251.0,False,0.0035047535997874135,251
type_horizon,1,3,16,2149,2,12,350.0,False,0.0035047535997874135,350
type_horizon,1,3,16,2150,0,4,414.0,False,0.0035047535997874135,414
type_horizon,1,3,16,2150,1,1,472.0,False,0.0035047535997874135,472
type_horizon,1,3,16,2150,2,13,362.0,False,0.0035047535997874135,362
type_horizon,1,3,16,2151,0,12,577.0,False,0.0035047535997874135,577
type_horizon,1,3,16,2151,1,2,615.0,False,0.0035047535997874135,615
type_horizon,1,3,16,2151,2,9,206.0,False,0.0035047535997874135,206
type_horizon,1,3,16,2152,0,13,215.0,False,0.0035047535997874135,215
type_horizon,1,3,16,2152,1,14,208.0,False,0.0035047535997874135,208
type_horizon,1,3,16,2152,2,14,532.0,False,0.0035047535997874135,532
type_horizon,1,3,16,2153,0,1,866.0,False,0.0035047535997874135,866
type_horizon,1,3,16,2153,1,10,233.0,False,0.0035047535997874135,233
type_horizon,1,3,16,2153,2,7,222.0,False,0.0035047535997874135,222
type_horizon,1,3,16,2154,0,6,393.0,False,0.0035047535997874135,393
type_horizon,1,3,16,2154,1,6,325.0,False,0.0035047535997874135,325
type_horizon,1,3,16,2154,2,6,235.0,False,0.0035047535997874135,235
type_horizon,1,3,16,2155,0,6,218.0,False,0.0035047535997874135,218
type_horizon,1,3,16,2155,1,5,253.0,False,0.0035047535997874135,253
type_horizon,1,3,16,2155,2,0,30.0,False,0.0035047535997874135,30
type_horizon,1,3,16,2156,0,3,209.0,False,0.0035047535997874135,209
type_horizon,1,3,16,2156,1,12,516.0,False,0.0035047535997874135,516
type_horizon,1,3,16,2156,2,5,206.0,False,0.0035047535997874135,206
type_horizon,1,3,16,2157,0,0,255.0,False,0.0035047535997874135,255
type_horizon,1,3,16,2157,1,11,222.0,False,0.0035047535997874135,222
type_horizon,1,3,16,2157,2,0,84.0,False,0.0035047535997874135,84
type_horizon,1,3,16,2158,0,11,257.0,False,0.0035047535997874135,257
type_horizon,1,3,16,2158,1,14,361.0,False,0.0035047535997874135,361
type_horizon,1,3,16,2158,2,4,238.0,False,0.0035047535997874135,238
type_horizon,1,3,16,2159,0,2,324.0,False,0.0035047535997874135,324
type_horizon,1,3,16,2159,1,7,228.0,False,0.0035047535997874135,228
type_horizon,1,3,16,2159,2,11,237.0,False,0.0035047535997874135,237
type_horizon,1,3,16,2160,0,8,385.0,False,0.0035047535997874135,385
type_horizon,1,3,16,2160,1,3,261.0,False,0.0035047535997874135,261
type_horizon,1,3,16,2160,2,5,371.0,False,0.0035047535997874135,371
type_horizon,1,3,16,2161,0,13,604.0,False,0.0035047535997874135,604
type_horizon,1,3,16,2161,1,12,294.0,False,0.0035047535997874135,294
type_horizon,1,3,16,2161,2,12,216.0,False,0.0035047535997874135,216
type_horizon,1,3,16,2162,0,4,263.0,False,0.0035047535997874135,263
type_horizon,1,3,16,2162,1,14,534.0,False,0.0035047535997874135,534
type_horizon,1,3,16,2162,2,0,52.0,False,0.0035047535997874135,52
type_horizon,1,3,16,2163,0,11,445.0,False,0.0035047535997874135,445
type_horizon,1,3,16,2163,1,2,232.0,False,0.0035047535997874135,232
type_horizon,1,3,16,2163,2,7,209.0,False,0.0035047535997874135,209
type_horizon,1,3,16,2164,0,14,211.0,False,0.0035047535997874135,211
type_horizon,1,3,16,2164,1,2,230.0,False,0.0035047535997874135,230
type_horizon,1,3,16,2164,2,9,218.0,False,0.0035047535997874135,218
type_horizon,1,3,16,2165,0,5,250.0,False,0.0035047535997874135,250
type_horizon,1,3,16,2165,1,3,271.0,False,0.0035047535997874135,271
type_horizon,1,3,16,2165,2,1,235.0,False,0.0035047535997874135,235
type_horizon,1,3,16,2166,0,6,358.0,False,0.0035047535997874135,358
type_horizon,1,3,16,2166,1,14,333.0,False,0.0035047535997874135,333
type_horizon,1,3,16,2166,2,12,207.0,False,0.0035047535997874135,207
type_horizon,1,3,16,2167,0,4,255.0,False,0.0035047535997874135,255
type_horizon,1,3,16,2167,1,8,249.0,False,0.0035047535997874135,249
type_horizon,1,3,16,2167,2,4,514.0,False,0.0035047535997874135,514
type_horizon,1,3,16,2168,0,6,310.0,False,0.0035047535997874135,310
type_horizon,1,3,16,2168,1,14,210.0,False,0.0035047535997874135,210
type_horizon,1,3,16,2168,2,7,535.0,False,0.0035047535997874135,535
type_horizon,1,3,16,2169,0,5,213.0,False,0.0035047535997874135,213
type_horizon,1,3,16,2169,1,2,211.0,False,0.0035047535997874135,211
type_horizon,1,3,16,2169,2,8,698.0,False,0.0035047535997874135,698
type_horizon,1,3,16,2170,0,13,230.0,False,0.0035047535997874135,230
type_horizon,1,3,16,2170,1,2,398.0,False,0.0035047535997874135,398
type_horizon,1,3,16,2170,2,12,298.0,False,0.0035047535997874135,298
type_horizon,1,3,16,2171,0,8,212.0,False,0.0035047535997874135,212
type_horizon,1,3,16,2171,1,2,209.0,False,0.0035047535997874135,209
type_horizon,1,3,16,2171,2,12,349.0,False,0.0035047535997874135,349
type_horizon,1,3,16,2172,0,5,234.0,False,0.0035047535997874135,234
type_horizon,1,3,16,2172,1,10,389.0,False,0.0035047535997874135,389
type_horizon,1,3,16,2172,2,1,609.0,False,0.0035047535997874135,609
type_horizon,1,3,16,2173,0,14,213.0,False,0.0035047535997874135,213
type_horizon,1,3,16,2173,1,7,222.0,False,0.0035047535997874135,222
type_horizon,1,3,16,2173,2,14,221.0,False,0.0035047535997874135,221
type_horizon,1,3,16,2174,0,10,207.0,False,0.0035047535997874135,207
type_horizon,1,3,16,2174,1,7,278.0,False,0.0035047535997874135,278
type_horizon,1,3,16,2174,2,5,234.0,False,0.0035047535997874135,234
type_horizon,1,3,16,2175,0,2,378.0,False,0.0035047535997874135,378
type_horizon,1,3,16,2175,1,8,340.0,False,0.0035047535997874135,340
type_horizon,1,3,16,2175,2,9,490.0,False,0.0035047535997874135,490
type_horizon,1,3,16,2176,0,2,585.0,False,0.0035047535997874135,585
type_horizon,1,3,16,2176,1,2,372.0,False,0.0035047535997874135,372
type_horizon,1,3,16,2176,2,4,210.0,False,0.0035047535997874135,210
type_horizon,1,3,16,2177,0,0,198.0,False,0.0035047535997874135,198
type_horizon,1,3,16,2177,1,7,210.0,False,0.0035047535997874135,210
type_horizon,1,3,16,2177,2,1,222.0,False,0.0035047535997874135,222
type_horizon,1,3,16,2178,0,10,403.0,False,0.0035047535997874135,403
type_horizon,1,3,16,2178,1,3,1086.0,False,0.0035047535997874135,1086
type_horizon,1,3,16,2178,2,2,644.0,False,0.0035047535997874135,644
type_horizon,1,3,16,2179,0,6,248.0,False,0.0035047535997874135,248
type_horizon,1,3,16,2179,1,6,208.0,False,0.0035047535997874135,208
type_horizon,1,3,16,2179,2,7,360.0,False,0.0035047535997874135,360
type_horizon,1,3,16,2180,0,10,220.0,False,0.0035047535997874135,220
type_horizon,1,3,16,2180,1,10,266.0,False,0.0035047535997874135,266
type_horizon,1,3,16,2180,2,11,211.0,False,0.0035047535997874135,211
type_horizon,1,3,16,2181,0,6,213.0,False,0.0035047535997874135,213
type_horizon,1,3,16,2181,1,11,861.0,False,0.0035047535997874135,861
type_horizon,1,3,16,2181,2,3,209.0,False,0.0035047535997874135,209
type_horizon,1,3,16,2182,0,7,450.0,False,0.0035047535997874135,450
type_horizon,1,3,16,2182,1,11,363.0,False,0.0035047535997874135,363
type_horizon,1,3,16,2182,2,11,236.0,False,0.0035047535997874135,236
type_horizon,1,3,16,2183,0,5,311.0,False,0.0035047535997874135,311
type_horizon,1,3,16,2183,1,2,370.0,False,0.0035047535997874135,370
type_horizon,1,3,16,2183,2,3,228.0,False,0.0035047535997874135,228
type_horizon,1,3,16,2184,0,10,253.0,False,0.0035047535997874135,253
type_horizon,1,3,16,2184,1,3,224.0,False,0.0035047535997874135,224
type_horizon,1,3,16,2184,2,3,694.0,False,0.0035047535997874135,694
type_horizon,1,3,16,2185,0,6,513.0,False,0.0035047535997874135,513
type_horizon,1,3,16,2185,1,6,411.0,False,0.0035047535997874135,411
type_horizon,1,3,16,2185,2,4,625.0,False,0.0035047535997874135,625
type_horizon,1,3,16,2186,0,7,393.0,False,0.0035047535997874135,393
type_horizon,1,3,16,2186,1,8,441.0,False,0.0035047535997874135,441
type_horizon,1,3,16,2186,2,11,329.0,False,0.0035047535997874135,329
type_horizon,1,3,16,2187,0,13,252.0,False,0.0035047535997874135,252
type_horizon,1,3,16,2187,1,9,241.0,False,0.0035047535997874135,241
type_horizon,1,3,16,2187,2,10,209.0,False,0.0035047535997874135,209
type_horizon,1,3,16,2188,0,1,255.0,False,0.0035047535997874135,255
type_horizon,1,3,16,2188,1,1,215.0,False,0.0035047535997874135,215
type_horizon,1,3,16,2188,2,14,206.0,False,0.0035047535997874135,206
type_horizon,1,3,16,2189,0,13,207.0,False,0.0035047535997874135,207
type_horizon,1,3,16,2189,1,3,250.0,False,0.0035047535997874135,250
type_horizon,1,3,16,2189,2,14,207.0,False,0.0035047535997874135,207
type_horizon,1,3,16,2190,0,0,82.0,False,0.0035047535997874135,82
type_horizon,1,3,16,2190,1,0,45.0,False,0.0035047535997874135,45
type_horizon,1,3,16,2190,2,4,245.0,False,0.0035047535997874135,245
type_horizon,1,3,16,2191,0,8,288.0,False,0.0035047535997874135,288
type_horizon,1,3,16,2191,1,2,213.0,False,0.0035047535997874135,213
type_horizon,1,3,16,2191,2,3,210.0,False,0.0035047535997874135,210
type_horizon,1,3,16,2192,0,4,218.0,False,0.0035047535997874135,218
type_horizon,1,3,16,2192,1,15,94.0,False,0.0035047535997874135,94
type_horizon,1,3,16,2192,2,5,212.0,False,0.0035047535997874135,212
type_horizon,1,3,16,2193,0,12,620.0,False,0.0035047535997874135,620
type_horizon,1,3,16,2193,1,11,221.0,False,0.0035047535997874135,221
type_horizon,1,3,16,2193,2,8,207.0,False,0.0035047535997874135,207
type_horizon,1,3,16,2194,0,2,263.0,False,0.0035047535997874135,263
type_horizon,1,3,16,2194,1,10,212.0,False,0.0035047535997874135,212
type_horizon,1,3,16,2194,2,14,458.0,False,0.0035047535997874135,458
type_horizon,1,3,16,2195,0,2,208.0,False,0.0035047535997874135,208
type_horizon,1,3,16,2195,1,11,211.0,False,0.0035047535997874135,211
type_horizon,1,3,16,2195,2,2,490.0,False,0.0035047535997874135,490
type_horizon,1,3,16,2196,0,9,250.0,False,0.0035047535997874135,250
type_horizon,1,3,16,2196,1,7,294.0,False,0.0035047535997874135,294
type_horizon,1,3,16,2196,2,5,294.0,False,0.0035047535997874135,294
type_horizon,1,3,16,2197,0,6,231.0,False,0.0035047535997874135,231
type_horizon,1,3,16,2197,1,8,503.0,False,0.0035047535997874135,503
type_horizon,1,3,16,2197,2,15,44.0,False,0.0035047535997874135,44
type_horizon,1,3,16,2198,0,1,234.0,False,0.0035047535997874135,234
type_horizon,1,3,16,2198,1,5,223.0,False,0.0035047535997874135,223
type_horizon,1,3,16,2198,2,12,383.0,False,0.0035047535997874135,383
type_horizon,1,3,16,2199,0,0,35.0,False,0.0035047535997874135,35
type_horizon,1,3,16,2199,1,3,219.0,False,0.0035047535997874135,219
type_horizon,1,3,16,2199,2,6,531.0,False,0.0035047535997874135,531
type_horizon,4,3,16,2000,0,5,302.0,False,0.0035047535997874135,76
type_horizon,4,3,16,2000,1,9,239.0,False,0.0035047535997874135,60
type_horizon,4,3,16,2000,2,7,323.0,False,0.0035047535997874135,81
type_horizon,4,3,16,2001,0,1,214.0,False,0.0035047535997874135,54
type_horizon,4,3,16,2001,1,5,398.0,False,0.0035047535997874135,100
type_horizon,4,3,16,2001,2,7,393.0,False,0.0035047535997874135,99
type_horizon,4,3,16,2002,0,8,232.0,False,0.0035047535997874135,58
type_horizon,4,3,16,2002,1,1,460.0,False,0.0035047535997874135,115
type_horizon,4,3,16,2002,2,8,324.0,False,0.0035047535997874135,81
type_horizon,4,3,16,2003,0,12,223.0,False,0.0035047535997874135,56
type_horizon,4,3,16,2003,1,4,215.0,False,0.0035047535997874135,54
type_horizon,4,3,16,2003,2,0,750.0,False,0.0035047535997874135,188
type_horizon,4,3,16,2004,0,7,232.0,False,0.0035047535997874135,58
type_horizon,4,3,16,2004,1,7,244.0,False,0.0035047535997874135,61
type_horizon,4,3,16,2004,2,14,347.0,False,0.0035047535997874135,87
type_horizon,4,3,16,2005,0,12,294.0,False,0.0035047535997874135,74
type_horizon,4,3,16,2005,1,15,182.0,False,0.0035047535997874135,46
type_horizon,4,3,16,2005,2,12,208.0,False,0.0035047535997874135,52
type_horizon,4,3,16,2006,0,13,313.0,False,0.0035047535997874135,79
type_horizon,4,3,16,2006,1,4,350.0,False,0.0035047535997874135,88
type_horizon,4,3,16,2006,2,13,281.0,False,0.0035047535997874135,71
type_horizon,4,3,16,2007,0,7,381.0,False,0.0035047535997874135,96
type_horizon,4,3,16,2007,1,5,303.0,False,0.0035047535997874135,76
type_horizon,4,3,16,2007,2,8,206.0,False,0.0035047535997874135,52
type_horizon,4,3,16,2008,0,13,206.0,False,0.0035047535997874135,52
type_horizon,4,3,16,2008,1,11,220.0,False,0.0035047535997874135,55
type_horizon,4,3,16,2008,2,3,265.0,False,0.0035047535997874135,67
type_horizon,4,3,16,2009,0,3,235.0,False,0.0035047535997874135,59
type_horizon,4,3,16,2009,1,4,228.0,False,0.0035047535997874135,57
type_horizon,4,3,16,2009,2,3,228.0,False,0.0035047535997874135,57
type_horizon,4,3,16,2010,0,10,296.0,False,0.0035047535997874135,74
type_horizon,4,3,16,2010,1,12,228.0,False,0.0035047535997874135,57
type_horizon,4,3,16,2010,2,6,250.0,False,0.0035047535997874135,63
type_horizon,4,3,16,2011,0,0,63.0,False,0.0035047535997874135,16
type_horizon,4,3,16,2011,1,7,324.0,False,0.0035047535997874135,81
type_horizon,4,3,16,2011,2,8,210.0,False,0.0035047535997874135,53
type_horizon,4,3,16,2012,0,13,243.0,False,0.0035047535997874135,61
type_horizon,4,3,16,2012,1,7,228.0,False,0.0035047535997874135,57
type_horizon,4,3,16,2012,2,12,208.0,False,0.0035047535997874135,52
type_horizon,4,3,16,2013,0,2,253.0,False,0.0035047535997874135,64
type_horizon,4,3,16,2013,1,12,234.0,False,0.0035047535997874135,59
type_horizon,4,3,16,2013,2,15,62.0,False,0.0035047535997874135,16
type_horizon,4,3,16,2014,0,10,234.0,False,0.0035047535997874135,59
type_horizon,4,3,16,2014,1,14,282.0,False,0.0035047535997874135,71
type_horizon,4,3,16,2014,2,5,376.0,False,0.0035047535997874135,94
type_horizon,4,3,16,2015,0,0,37.0,False,0.0035047535997874135,10
type_horizon,4,3,16,2015,1,3,237.0,False,0.0035047535997874135,60
type_horizon,4,3,16,2015,2,0,279.0,False,0.0035047535997874135,70
type_horizon,4,3,16,2016,0,0,739.0,False,0.0035047535997874135,185
type_horizon,4,3,16,2016,1,3,450.0,False,0.0035047535997874135,113
type_horizon,4,3,16,2016,2,0,75.0,False,0.0035047535997874135,19
type_horizon,4,3,16,2017,0,1,420.0,False,0.0035047535997874135,105
type_horizon,4,3,16,2017,1,14,270.0,False,0.0035047535997874135,68
type_horizon,4,3,16,2017,2,11,210.0,False,0.0035047535997874135,53
type_horizon,4,3,16,2018,0,13,208.0,False,0.0035047535997874135,52
type_horizon,4,3,16,2018,1,5,226.0,False,0.0035047535997874135,57
type_horizon,4,3,16,2018,2,13,207.0,False,0.0035047535997874135,52
type_horizon,4,3,16,2019,0,9,310.0,False,0.0035047535997874135,78
type_horizon,4,3,16,2019,1,11,294.0,False,0.0035047535997874135,74
type_horizon,4,3,16,2019,2,0,72.0,False,0.0035047535997874135,18
type_horizon,4,3,16,2020,0,11,352.0,False,0.0035047535997874135,88
type_horizon,4,3,16,2020,1,0,126.0,False,0.0035047535997874135,32
type_horizon,4,3,16,2020,2,4,208.0,False,0.0035047535997874135,52
type_horizon,4,3,16,2021,0,9,227.0,False,0.0035047535997874135,57
type_horizon,4,3,16,2021,1,11,343.0,False,0.0035047535997874135,86
type_horizon,4,3,16,2021,2,9,228.0,False,0.0035047535997874135,57
type_horizon,4,3,16,2022,0,12,444.0,False,0.0035047535997874135,111
type_horizon,4,3,16,2022,1,15,124.0,False,0.0035047535997874135,31
type_horizon,4,3,16,2022,2,7,525.0,False,0.0035047535997874135,132
type_horizon,4,3,16,2023,0,11,211.0,False,0.0035047535997874135,53
type_horizon,4,3,16,2023,1,13,247.0,False,0.0035047535997874135,62
type_horizon,4,3,16,2023,2,9,233.0,False,0.0035047535997874135,59
type_horizon,4,3,16,2024,0,0,57.0,False,0.0035047535997874135,15
type_horizon,4,3,16,2024,1,13,536.0,False,0.0035047535997874135,134
type_horizon,4,3,16,2024,2,11,232.0,False,0.0035047535997874135,58
type_horizon,4,3,16,2025,0,11,329.0,False,0.0035047535997874135,83
type_horizon,4,3,16,2025,1,5,268.0,False,0.0035047535997874135,67
type_horizon,4,3,16,2025,2,6,209.0,False,0.0035047535997874135,53
type_horizon,4,3,16,2026,0,12,241.0,False,0.0035047535997874135,61
type_horizon,4,3,16,2026,1,0,246.0,False,0.0035047535997874135,62
type_horizon,4,3,16,2026,2,11,208.0,False,0.0035047535997874135,52
type_horizon,4,3,16,2027,0,15,44.0,False,0.0035047535997874135,11
type_horizon,4,3,16,2027,1,1,566.0,False,0.0035047535997874135,142
type_horizon,4,3,16,2027,2,4,725.0,False,0.0035047535997874135,182
type_horizon,4,3,16,2028,0,0,52.0,False,0.0035047535997874135,13
type_horizon,4,3,16,2028,1,10,656.0,False,0.0035047535997874135,164
type_horizon,4,3,16,2028,2,10,206.0,False,0.0035047535997874135,52
type_horizon,4,3,16,2029,0,5,239.0,False,0.0035047535997874135,60
type_horizon,4,3,16,2029,1,6,445.0,False,0.0035047535997874135,112
type_horizon,4,3,16,2029,2,14,310.0,False,0.0035047535997874135,78
type_horizon,4,3,16,2030,0,11,463.0,False,0.0035047535997874135,116
type_horizon,4,3,16,2030,1,11,249.0,False,0.0035047535997874135,63
type_horizon,4,3,16,2030,2,2,226.0,False,0.0035047535997874135,57
type_horizon,4,3,16,2031,0,12,209.0,False,0.0035047535997874135,53
type_horizon,4,3,16,2031,1,1,720.0,False,0.0035047535997874135,180
type_horizon,4,3,16,2031,2,6,228.0,False,0.0035047535997874135,57
type_horizon,4,3,16,2032,0,11,212.0,False,0.0035047535997874135,53
type_horizon,4,3,16,2032,1,4,207.0,False,0.0035047535997874135,52
type_horizon,4,3,16,2032,2,9,863.0,False,0.0035047535997874135,216
type_horizon,4,3,16,2033,0,14,209.0,False,0.0035047535997874135,53
type_horizon,4,3,16,2033,1,3,452.0,False,0.0035047535997874135,113
type_horizon,4,3,16,2033,2,9,229.0,False,0.0035047535997874135,58
type_horizon,4,3,16,2034,0,14,278.0,False,0.0035047535997874135,70
type_horizon,4,3,16,2034,1,6,879.0,False,0.0035047535997874135,220
type_horizon,4,3,16,2034,2,15,314.0,False,0.0035047535997874135,79
type_horizon,4,3,16,2035,0,15,137.0,False,0.0035047535997874135,35
type_horizon,4,3,16,2035,1,10,244.0,False,0.0035047535997874135,61
type_horizon,4,3,16,2035,2,4,299.0,False,0.0035047535997874135,75
type_horizon,4,3,16,2036,0,0,441.0,False,0.0035047535997874135,111
type_horizon,4,3,16,2036,1,12,210.0,False,0.0035047535997874135,53
type_horizon,4,3,16,2036,2,15,154.0,False,0.0035047535997874135,39
type_horizon,4,3,16,2037,0,4,341.0,False,0.0035047535997874135,86
type_horizon,4,3,16,2037,1,1,229.0,False,0.0035047535997874135,58
type_horizon,4,3,16,2037,2,14,241.0,False,0.0035047535997874135,61
type_horizon,4,3,16,2038,0,7,216.0,False,0.0035047535997874135,54
type_horizon,4,3,16,2038,1,12,817.0,False,0.0035047535997874135,205
type_horizon,4,3,16,2038,2,13,260.0,False,0.0035047535997874135,65
type_horizon,4,3,16,2039,0,13,246.0,False,0.0035047535997874135,62
type_horizon,4,3,16,2039,1,14,309.0,False,0.0035047535997874135,78
type_horizon,4,3,16,2039,2,4,209.0,False,0.0035047535997874135,53
type_horizon,4,3,16,2040,0,5,243.0,False,0.0035047535997874135,61
type_horizon,4,3,16,2040,1,1,368.0,False,0.0035047535997874135,92
type_horizon,4,3,16,2040,2,11,536.0,False,0.0035047535997874135,134
type_horizon,4,3,16,2041,0,5,302.0,False,0.0035047535997874135,76
type_horizon,4,3,16,2041,1,10,212.0,False,0.0035047535997874135,53
type_horizon,4,3,16,2041,2,5,302.0,False,0.0035047535997874135,76
type_horizon,4,3,16,2042,0,2,240.0,False,0.0035047535997874135,60
type_horizon,4,3,16,2042,1,15,129.0,False,0.0035047535997874135,33
type_horizon,4,3,16,2042,2,11,268.0,False,0.0035047535997874135,67
type_horizon,4,3,16,2043,0,5,238.0,False,0.0035047535997874135,60
type_horizon,4,3,16,2043,1,2,310.0,False,0.0035047535997874135,78
type_horizon,4,3,16,2043,2,7,500.0,False,0.0035047535997874135,125
type_horizon,4,3,16,2044,0,4,301.0,False,0.0035047535997874135,76
type_horizon,4,3,16,2044,1,13,255.0,False,0.0035047535997874135,64
type_horizon,4,3,16,2044,2,9,335.0,False,0.0035047535997874135,84
type_horizon,4,3,16,2045,0,12,245.0,False,0.0035047535997874135,62
type_horizon,4,3,16,2045,1,7,297.0,False,0.0035047535997874135,75
type_horizon,4,3,16,2045,2,9,301.0,False,0.0035047535997874135,76
type_horizon,4,3,16,2046,0,11,316.0,False,0.0035047535997874135,79
type_horizon,4,3,16,2046,1,13,209.0,False,0.0035047535997874135,53
type_horizon,4,3,16,2046,2,6,506.0,False,0.0035047535997874135,127
type_horizon,4,3,16,2047,0,5,490.0,False,0.0035047535997874135,123
type_horizon,4,3,16,2047,1,8,240.0,False,0.0035047535997874135,60
type_horizon,4,3,16,2047,2,5,228.0,False,0.0035047535997874135,57
type_horizon,4,3,16,2048,0,10,291.0,False,0.0035047535997874135,73
type_horizon,4,3,16,2048,1,11,288.0,False,0.0035047535997874135,72
type_horizon,4,3,16,2048,2,13,207.0,False,0.0035047535997874135,52
type_horizon,4,3,16,2049,0,3,302.0,False,0.0035047535997874135,76
type_horizon,4,3,16,2049,1,7,399.0,False,0.0035047535997874135,100
type_horizon,4,3,16,2049,2,15,88.0,False,0.0035047535997874135,22
type_horizon,4,3,16,2050,0,9,246.0,False,0.0035047535997874135,62
type_horizon,4,3,16,2050,1,3,214.0,False,0.0035047535997874135,54
type_horizon,4,3,16,2050,2,14,346.0,False,0.0035047535997874135,87
type_horizon,4,3,16,2051,0,1,235.0,False,0.0035047535997874135,59
type_horizon,4,3,16,2051,1,2,245.0,False,0.0035047535997874135,62
type_horizon,4,3,16,2051,2,13,360.0,False,0.0035047535997874135,90
type_horizon,4,3,16,2052,0,15,45.0,False,0.0035047535997874135,12
type_horizon,4,3,16,2052,1,15,175.0,False,0.0035047535997874135,44
type_horizon,4,3,16,2052,2,0,66.0,False,0.0035047535997874135,17
type_horizon,4,3,16,2053,0,15,192.0,False,0.0035047535997874135,48
type_horizon,4,3,16,2053,1,5,209.0,False,0.0035047535997874135,53
type_horizon,4,3,16,2053,2,11,251.0,False,0.0035047535997874135,63
type_horizon,4,3,16,2054,0,1,421.0,False,0.0035047535997874135,106
type_horizon,4,3,16,2054,1,6,208.0,False,0.0035047535997874135,52
type_horizon,4,3,16,2054,2,11,280.0,False,0.0035047535997874135,70
type_horizon,4,3,16,2055,0,3,225.0,False,0.0035047535997874135,57
type_horizon,4,3,16,2055,1,3,219.0,False,0.0035047535997874135,55
type_horizon,4,3,16,2055,2,8,346.0,False,0.0035047535997874135,87
type_horizon,4,3,16,2056,0,12,320.0,False,0.0035047535997874135,80
type_horizon,4,3,16,2056,1,8,264.0,False,0.0035047535997874135,66
type_horizon,4,3,16,2056,2,4,224.0,False,0.0035047535997874135,56
type_horizon,4,3,16,2057,0,8,222.0,False,0.0035047535997874135,56
type_horizon,4,3,16,2057,1,1,209.0,False,0.0035047535997874135,53
type_horizon,4,3,16,2057,2,14,577.0,False,0.0035047535997874135,145
type_horizon,4,3,16,2058,0,12,293.0,False,0.0035047535997874135,74
type_horizon,4,3,16,2058,1,13,956.0,False,0.0035047535997874135,239
type_horizon,4,3,16,2058,2,12,214.0,False,0.0035047535997874135,54
type_horizon,4,3,16,2059,0,7,206.0,False,0.0035047535997874135,52
type_horizon,4,3,16,2059,1,11,332.0,False,0.0035047535997874135,83
type_horizon,4,3,16,2059,2,15,267.0,False,0.0035047535997874135,67
type_horizon,4,3,16,2060,0,6,211.0,False,0.0035047535997874135,53
type_horizon,4,3,16,2060,1,9,226.0,False,0.0035047535997874135,57
type_horizon,4,3,16,2060,2,2,209.0,False,0.0035047535997874135,53
type_horizon,4,3,16,2061,0,6,422.0,False,0.0035047535997874135,106
type_horizon,4,3,16,2061,1,9,314.0,False,0.0035047535997874135,79
type_horizon,4,3,16,2061,2,8,252.0,False,0.0035047535997874135,63
type_horizon,4,3,16,2062,0,10,385.0,False,0.0035047535997874135,97
type_horizon,4,3,16,2062,1,10,207.0,False,0.0035047535997874135,52
type_horizon,4,3,16,2062,2,14,208.0,False,0.0035047535997874135,52
type_horizon,4,3,16,2063,0,15,114.0,False,0.0035047535997874135,29
type_horizon,4,3,16,2063,1,7,795.0,False,0.0035047535997874135,199
type_horizon,4,3,16,2063,2,2,210.0,False,0.0035047535997874135,53
type_horizon,4,3,16,2064,0,1,331.0,False,0.0035047535997874135,83
type_horizon,4,3,16,2064,1,12,259.0,False,0.0035047535997874135,65
type_horizon,4,3,16,2064,2,15,126.0,False,0.0035047535997874135,32
type_horizon,4,3,16,2065,0,6,409.0,False,0.0035047535997874135,103
type_horizon,4,3,16,2065,1,6,217.0,False,0.0035047535997874135,55
type_horizon,4,3,16,2065,2,0,108.0,False,0.0035047535997874135,27
type_horizon,4,3,16,2066,0,13,290.0,False,0.0035047535997874135,73
type_horizon,4,3,16,2066,1,14,548.0,False,0.0035047535997874135,137
type_horizon,4,3,16,2066,2,4,254.0,False,0.0035047535997874135,64
type_horizon,4,3,16,2067,0,0,48.0,False,0.0035047535997874135,12
type_horizon,4,3,16,2067,1,4,671.0,False,0.0035047535997874135,168
type_horizon,4,3,16,2067,2,15,66.0,False,0.0035047535997874135,17
type_horizon,4,3,16,2068,0,10,304.0,False,0.0035047535997874135,76
type_horizon,4,3,16,2068,1,9,358.0,False,0.0035047535997874135,90
type_horizon,4,3,16,2068,2,11,218.0,False,0.0035047535997874135,55
type_horizon,4,3,16,2069,0,10,209.0,False,0.0035047535997874135,53
type_horizon,4,3,16,2069,1,0,428.0,False,0.0035047535997874135,107
type_horizon,4,3,16,2069,2,5,273.0,False,0.0035047535997874135,69
type_horizon,4,3,16,2070,0,14,258.0,False,0.0035047535997874135,65
type_horizon,4,3,16,2070,1,13,219.0,False,0.0035047535997874135,55
type_horizon,4,3,16,2070,2,1,227.0,False,0.0035047535997874135,57
type_horizon,4,3,16,2071,0,7,272.0,False,0.0035047535997874135,68
type_horizon,4,3,16,2071,1,1,436.0,False,0.0035047535997874135,109
type_horizon,4,3,16,2071,2,9,244.0,False,0.0035047535997874135,61
type_horizon,4,3,16,2072,0,6,218.0,False,0.0035047535997874135,55
type_horizon,4,3,16,2072,1,14,243.0,False,0.0035047535997874135,61
type_horizon,4,3,16,2072,2,12,232.0,False,0.0035047535997874135,58
type_horizon,4,3,16,2073,0,10,223.0,False,0.0035047535997874135,56
type_horizon,4,3,16,2073,1,11,282.0,False,0.0035047535997874135,71
type_horizon,4,3,16,2073,2,15,103.0,False,0.0035047535997874135,26
type_horizon,4,3,16,2074,0,11,234.0,False,0.0035047535997874135,59
type_horizon,4,3,16,2074,1,10,272.0,False,0.0035047535997874135,68
type_horizon,4,3,16,2074,2,15,61.0,False,0.0035047535997874135,16
type_horizon,4,3,16,2075,0,1,517.0,False,0.0035047535997874135,130
type_horizon,4,3,16,2075,1,4,224.0,False,0.0035047535997874135,56
type_horizon,4,3,16,2075,2,4,216.0,False,0.0035047535997874135,54
type_horizon,4,3,16,2076,0,1,538.0,False,0.0035047535997874135,135
type_horizon,4,3,16,2076,1,15,81.0,False,0.0035047535997874135,21
type_horizon,4,3,16,2076,2,10,977.0,False,0.0035047535997874135,245
type_horizon,4,3,16,2077,0,15,1162.0,False,0.0035047535997874135,291
type_horizon,4,3,16,2077,1,11,247.0,False,0.0035047535997874135,62
type_horizon,4,3,16,2077,2,11,228.0,False,0.0035047535997874135,57
type_horizon,4,3,16,2078,0,10,388.0,False,0.0035047535997874135,97
type_horizon,4,3,16,2078,1,1,227.0,False,0.0035047535997874135,57
type_horizon,4,3,16,2078,2,0,145.0,False,0.0035047535997874135,37
type_horizon,4,3,16,2079,0,2,327.0,False,0.0035047535997874135,82
type_horizon,4,3,16,2079,1,14,742.0,False,0.0035047535997874135,186
type_horizon,4,3,16,2079,2,9,370.0,False,0.0035047535997874135,93
type_horizon,4,3,16,2080,0,6,208.0,False,0.0035047535997874135,52
type_horizon,4,3,16,2080,1,4,233.0,False,0.0035047535997874135,59
type_horizon,4,3,16,2080,2,7,247.0,False,0.0035047535997874135,62
type_horizon,4,3,16,2081,0,12,222.0,False,0.0035047535997874135,56
type_horizon,4,3,16,2081,1,1,207.0,False,0.0035047535997874135,52
type_horizon,4,3,16,2081,2,8,272.0,False,0.0035047535997874135,68
type_horizon,4,3,16,2082,0,0,59.0,False,0.0035047535997874135,15
type_horizon,4,3,16,2082,1,11,253.0,False,0.0035047535997874135,64
type_horizon,4,3,16,2082,2,3,207.0,False,0.0035047535997874135,52
type_horizon,4,3,16,2083,0,14,220.0,False,0.0035047535997874135,55
type_horizon,4,3,16,2083,1,1,246.0,False,0.0035047535997874135,62
type_horizon,4,3,16,2083,2,0,134.0,False,0.0035047535997874135,34
type_horizon,4,3,16,2084,0,5,210.0,False,0.0035047535997874135,53
type_horizon,4,3,16,2084,1,5,216.0,False,0.0035047535997874135,54
type_horizon,4,3,16,2084,2,1,206.0,False,0.0035047535997874135,52
type_horizon,4,3,16,2085,0,15,186.0,False,0.0035047535997874135,47
type_horizon,4,3,16,2085,1,15,69.0,False,0.0035047535997874135,18
type_horizon,4,3,16,2085,2,7,375.0,False,0.0035047535997874135,94
type_horizon,4,3,16,2086,0,6,702.0,False,0.0035047535997874135,176
type_horizon,4,3,16,2086,1,11,231.0,False,0.0035047535997874135,58
type_horizon,4,3,16,2086,2,5,323.0,False,0.0035047535997874135,81
type_horizon,4,3,16,2087,0,4,402.0,False,0.0035047535997874135,101
type_horizon,4,3,16,2087,1,0,86.0,False,0.0035047535997874135,22
type_horizon,4,3,16,2087,2,12,214.0,False,0.0035047535997874135,54
type_horizon,4,3,16,2088,0,2,223.0,False,0.0035047535997874135,56
type_horizon,4,3,16,2088,1,10,309.0,False,0.0035047535997874135,78
type_horizon,4,3,16,2088,2,7,237.0,False,0.0035047535997874135,60
type_horizon,4,3,16,2089,0,12,209.0,False,0.0035047535997874135,53
type_horizon,4,3,16,2089,1,12,216.0,False,0.0035047535997874135,54
type_horizon,4,3,16,2089,2,12,220.0,False,0.0035047535997874135,55
type_horizon,4,3,16,2090,0,5,218.0,False,0.0035047535997874135,55
type_horizon,4,3,16,2090,1,7,329.0,False,0.0035047535997874135,83
type_horizon,4,3,16,2090,2,5,208.0,False,0.0035047535997874135,52
type_horizon,4,3,16,2091,0,5,239.0,False,0.0035047535997874135,60
type_horizon,4,3,16,2091,1,12,288.0,False,0.0035047535997874135,72
type_horizon,4,3,16,2091,2,13,379.0,False,0.0035047535997874135,95
type_horizon,4,3,16,2092,0,7,210.0,False,0.0035047535997874135,53
type_horizon,4,3,16,2092,1,5,219.0,False,0.0035047535997874135,55
type_horizon,4,3,16,2092,2,9,235.0,False,0.0035047535997874135,59
type_horizon,4,3,16,2093,0,7,220.0,False,0.0035047535997874135,55
type_horizon,4,3,16,2093,1,14,276.0,False,0.0035047535997874135,69
type_horizon,4,3,16,2093,2,1,483.0,False,0.0035047535997874135,121
type_horizon,4,3,16,2094,0,15,42.0,False,0.0035047535997874135,11
type_horizon,4,3,16,2094,1,12,278.0,False,0.0035047535997874135,70
type_horizon,4,3,16,2094,2,4,272.0,False,0.0035047535997874135,68
type_horizon,4,3,16,2095,0,9,267.0,False,0.0035047535997874135,67
type_horizon,4,3,16,2095,1,10,256.0,False,0.0035047535997874135,64
type_horizon,4,3,16,2095,2,2,206.0,False,0.0035047535997874135,52
type_horizon,4,3,16,2096,0,8,260.0,False,0.0035047535997874135,65
type_horizon,4,3,16,2096,1,10,234.0,False,0.0035047535997874135,59
type_horizon,4,3,16,2096,2,1,292.0,False,0.0035047535997874135,73
type_horizon,4,3,16,2097,0,9,266.0,False,0.0035047535997874135,67
type_horizon,4,3,16,2097,1,0,153.0,False,0.0035047535997874135,39
type_horizon,4,3,16,2097,2,11,286.0,False,0.0035047535997874135,72
type_horizon,4,3,16,2098,0,1,428.0,False,0.0035047535997874135,107
type_horizon,4,3,16,2098,1,14,304.0,False,0.0035047535997874135,76
type_horizon,4,3,16,2098,2,10,251.0,False,0.0035047535997874135,63
type_horizon,4,3,16,2099,0,5,239.0,False,0.0035047535997874135,60
type_horizon,4,3,16,2099,1,4,227.0,False,0.0035047535997874135,57
type_horizon,4,3,16,2099,2,8,269.0,False,0.0035047535997874135,68
type_horizon,4,3,16,2100,0,12,597.0,False,0.0035047535997874135,150
type_horizon,4,3,16,2100,1,10,262.0,False,0.0035047535997874135,66
type_horizon,4,3,16,2100,2,2,392.0,False,0.0035047535997874135,98
type_horizon,4,3,16,2101,0,10,566.0,False,0.0035047535997874135,142
type_horizon,4,3,16,2101,1,13,218.0,False,0.0035047535997874135,55
type_horizon,4,3,16,2101,2,1,627.0,False,0.0035047535997874135,157
type_horizon,4,3,16,2102,0,1,258.0,False,0.0035047535997874135,65
type_horizon,4,3,16,2102,1,15,54.0,False,0.0035047535997874135,14
type_horizon,4,3,16,2102,2,14,461.0,False,0.0035047535997874135,116
type_horizon,4,3,16,2103,0,0,156.0,False,0.0035047535997874135,39
type_horizon,4,3,16,2103,1,12,207.0,False,0.0035047535997874135,52
type_horizon,4,3,16,2103,2,0,325.0,False,0.0035047535997874135,82
type_horizon,4,3,16,2104,0,3,212.0,False,0.0035047535997874135,53
type_horizon,4,3,16,2104,1,3,209.0,False,0.0035047535997874135,53
type_horizon,4,3,16,2104,2,15,340.0,False,0.0035047535997874135,85
type_horizon,4,3,16,2105,0,14,269.0,False,0.0035047535997874135,68
type_horizon,4,3,16,2105,1,2,235.0,False,0.0035047535997874135,59
type_horizon,4,3,16,2105,2,9,208.0,False,0.0035047535997874135,52
type_horizon,4,3,16,2106,0,9,257.0,False,0.0035047535997874135,65
type_horizon,4,3,16,2106,1,6,248.0,False,0.0035047535997874135,62
type_horizon,4,3,16,2106,2,11,236.0,False,0.0035047535997874135,59
type_horizon,4,3,16,2107,0,6,210.0,False,0.0035047535997874135,53
type_horizon,4,3,16,2107,1,9,206.0,False,0.0035047535997874135,52
type_horizon,4,3,16,2107,2,3,321.0,False,0.0035047535997874135,81
type_horizon,4,3,16,2108,0,13,222.0,False,0.0035047535997874135,56
type_horizon,4,3,16,2108,1,1,247.0,False,0.0035047535997874135,62
type_horizon,4,3,16,2108,2,13,645.0,False,0.0035047535997874135,162
type_horizon,4,3,16,2109,0,5,301.0,False,0.0035047535997874135,76
type_horizon,4,3,16,2109,1,4,282.0,False,0.0035047535997874135,71
type_horizon,4,3,16,2109,2,13,221.0,False,0.0035047535997874135,56
type_horizon,4,3,16,2110,0,6,216.0,False,0.0035047535997874135,54
type_horizon,4,3,16,2110,1,15,79.0,False,0.0035047535997874135,20
type_horizon,4,3,16,2110,2,10,248.0,False,0.0035047535997874135,62
type_horizon,4,3,16,2111,0,5,527.0,False,0.0035047535997874135,132
type_horizon,4,3,16,2111,1,4,251.0,False,0.0035047535997874135,63
type_horizon,4,3,16,2111,2,13,244.0,False,0.0035047535997874135,61
type_horizon,4,3,16,2112,0,15,59.0,False,0.0035047535997874135,15
type_horizon,4,3,16,2112,1,9,212.0,False,0.0035047535997874135,53
type_horizon,4,3,16,2112,2,4,255.0,False,0.0035047535997874135,64
type_horizon,4,3,16,2113,0,15,211.0,False,0.0035047535997874135,53
type_horizon,4,3,16,2113,1,4,319.0,False,0.0035047535997874135,80
type_horizon,4,3,16,2113,2,4,919.0,False,0.0035047535997874135,230
type_horizon,4,3,16,2114,0,2,227.0,False,0.0035047535997874135,57
type_horizon,4,3,16,2114,1,0,118.0,False,0.0035047535997874135,30
type_horizon,4,3,16,2114,2,6,304.0,False,0.0035047535997874135,76
type_horizon,4,3,16,2115,0,10,231.0,False,0.0035047535997874135,58
type_horizon,4,3,16,2115,1,14,303.0,False,0.0035047535997874135,76
type_horizon,4,3,16,2115,2,5,274.0,False,0.0035047535997874135,69
type_horizon,4,3,16,2116,0,2,289.0,False,0.0035047535997874135,73
type_horizon,4,3,16,2116,1,12,347.0,False,0.0035047535997874135,87
type_horizon,4,3,16,2116,2,8,431.0,False,0.0035047535997874135,108
type_horizon,4,3,16,2117,0,15,44.0,False,0.0035047535997874135,11
type_horizon,4,3,16,2117,1,14,354.0,False,0.0035047535997874135,89
type_horizon,4,3,16,2117,2,15,60.0,False,0.0035047535997874135,15
type_horizon,4,3,16,2118,0,0,101.0,False,0.0035047535997874135,26
type_horizon,4,3,16,2118,1,6,241.0,False,0.0035047535997874135,61
type_horizon,4,3,16,2118,2,6,209.0,False,0.0035047535997874135,53
type_horizon,4,3,16,2119,0,3,284.0,False,0.0035047535997874135,71
type_horizon,4,3,16,2119,1,3,232.0,False,0.0035047535997874135,58
type_horizon,4,3,16,2119,2,1,215.0,False,0.0035047535997874135,54
type_horizon,4,3,16,2120,0,0,43.0,False,0.0035047535997874135,11
type_horizon,4,3,16,2120,1,0,53.0,False,0.0035047535997874135,14
type_horizon,4,3,16,2120,2,3,815.0,False,0.0035047535997874135,204
type_horizon,4,3,16,2121,0,6,356.0,False,0.0035047535997874135,89
type_horizon,4,3,16,2121,1,12,609.0,False,0.0035047535997874135,153
type_horizon,4,3,16,2121,2,3,247.0,False,0.0035047535997874135,62
type_horizon,4,3,16,2122,0,9,267.0,False,0.0035047535997874135,67
type_horizon,4,3,16,2122,1,15,153.0,False,0.0035047535997874135,39
type_horizon,4,3,16,2122,2,10,212.0,False,0.0035047535997874135,53
type_horizon,4,3,16,2123,0,2,410.0,False,0.0035047535997874135,103
type_horizon,4,3,16,2123,1,0,173.0,False,0.0035047535997874135,44
type_horizon,4,3,16,2123,2,8,236.0,False,0.0035047535997874135,59
type_horizon,4,3,16,2124,0,13,233.0,False,0.0035047535997874135,59
type_horizon,4,3,16,2124,1,1,435.0,False,0.0035047535997874135,109
type_horizon,4,3,16,2124,2,8,224.0,False,0.0035047535997874135,56
type_horizon,4,3,16,2125,0,15,631.0,False,0.0035047535997874135,158
type_horizon,4,3,16,2125,1,4,239.0,False,0.0035047535997874135,60
type_horizon,4,3,16,2125,2,9,250.0,False,0.0035047535997874135,63
type_horizon,4,3,16,2126,0,7,208.0,False,0.0035047535997874135,52
type_horizon,4,3,16,2126,1,9,302.0,False,0.0035047535997874135,76
type_horizon,4,3,16,2126,2,3,211.0,False,0.0035047535997874135,53
type_horizon,4,3,16,2127,0,5,219.0,False,0.0035047535997874135,55
type_horizon,4,3,16,2127,1,1,207.0,False,0.0035047535997874135,52
type_horizon,4,3,16,2127,2,4,207.0,False,0.0035047535997874135,52
type_horizon,4,3,16,2128,0,5,207.0,False,0.0035047535997874135,52
type_horizon,4,3,16,2128,1,11,207.0,False,0.0035047535997874135,52
type_horizon,4,3,16,2128,2,15,178.0,False,0.0035047535997874135,45
type_horizon,4,3,16,2129,0,10,217.0,False,0.0035047535997874135,55
type_horizon,4,3,16,2129,1,0,112.0,False,0.0035047535997874135,28
type_horizon,4,3,16,2129,2,12,217.0,False,0.0035047535997874135,55
type_horizon,4,3,16,2130,0,1,982.0,False,0.0035047535997874135,246
type_horizon,4,3,16,2130,1,14,207.0,False,0.0035047535997874135,52
type_horizon,4,3,16,2130,2,6,208.0,False,0.0035047535997874135,52
type_horizon,4,3,16,2131,0,11,226.0,False,0.0035047535997874135,57
type_horizon,4,3,16,2131,1,15,360.0,False,0.0035047535997874135,90
type_horizon,4,3,16,2131,2,6,209.0,False,0.0035047535997874135,53
type_horizon,4,3,16,2132,0,0,93.0,False,0.0035047535997874135,24
type_horizon,4,3,16,2132,1,9,222.0,False,0.0035047535997874135,56
type_horizon,4,3,16,2132,2,4,228.0,False,0.0035047535997874135,57
type_horizon,4,3,16,2133,0,5,506.0,False,0.0035047535997874135,127
type_horizon,4,3,16,2133,1,11,358.0,False,0.0035047535997874135,90
type_horizon,4,3,16,2133,2,15,64.0,False,0.0035047535997874135,16
type_horizon,4,3,16,2134,0,13,292.0,False,0.0035047535997874135,73
type_horizon,4,3,16,2134,1,5,209.0,False,0.0035047535997874135,53
type_horizon,4,3,16,2134,2,10,382.0,False,0.0035047535997874135,96
type_horizon,4,3,16,2135,0,14,281.0,False,0.0035047535997874135,71
type_horizon,4,3,16,2135,1,15,111.0,False,0.0035047535997874135,28
type_horizon,4,3,16,2135,2,6,213.0,False,0.0035047535997874135,54
type_horizon,4,3,16,2136,0,15,255.0,False,0.0035047535997874135,64
type_horizon,4,3,16,2136,1,2,209.0,False,0.0035047535997874135,53
type_horizon,4,3,16,2136,2,0,209.0,False,0.0035047535997874135,53
type_horizon,4,3,16,2137,0,3,610.0,False,0.0035047535997874135,153
type_horizon,4,3,16,2137,1,9,254.0,False,0.0035047535997874135,64
type_horizon,4,3,16,2137,2,13,280.0,False,0.0035047535997874135,70
type_horizon,4,3,16,2138,0,8,214.0,False,0.0035047535997874135,54
type_horizon,4,3,16,2138,1,6,365.0,False,0.0035047535997874135,92
type_horizon,4,3,16,2138,2,5,249.0,False,0.0035047535997874135,63
type_horizon,4,3,16,2139,0,12,281.0,False,0.0035047535997874135,71
type_horizon,4,3,16,2139,1,4,207.0,False,0.0035047535997874135,52
type_horizon,4,3,16,2139,2,3,207.0,False,0.0035047535997874135,52
type_horizon,4,3,16,2140,0,11,230.0,False,0.0035047535997874135,58
type_horizon,4,3,16,2140,1,15,128.0,False,0.0035047535997874135,32
type_horizon,4,3,16,2140,2,4,240.0,False,0.0035047535997874135,60
type_horizon,4,3,16,2141,0,3,252.0,False,0.0035047535997874135,63
type_horizon,4,3,16,2141,1,2,209.0,False,0.0035047535997874135,53
type_horizon,4,3,16,2141,2,2,208.0,False,0.0035047535997874135,52
type_horizon,4,3,16,2142,0,7,213.0,False,0.0035047535997874135,54
type_horizon,4,3,16,2142,1,8,336.0,False,0.0035047535997874135,84
type_horizon,4,3,16,2142,2,4,210.0,False,0.0035047535997874135,53
type_horizon,4,3,16,2143,0,0,130.0,False,0.0035047535997874135,33
type_horizon,4,3,16,2143,1,2,206.0,False,0.0035047535997874135,52
type_horizon,4,3,16,2143,2,6,234.0,False,0.0035047535997874135,59
type_horizon,4,3,16,2144,0,2,242.0,False,0.0035047535997874135,61
type_horizon,4,3,16,2144,1,0,113.0,False,0.0035047535997874135,29
type_horizon,4,3,16,2144,2,10,282.0,False,0.0035047535997874135,71
type_horizon,4,3,16,2145,0,2,281.0,False,0.0035047535997874135,71
type_horizon,4,3,16,2145,1,12,213.0,False,0.0035047535997874135,54
type_horizon,4,3,16,2145,2,11,329.0,False,0.0035047535997874135,83
type_horizon,4,3,16,2146,0,12,257.0,False,0.0035047535997874135,65
type_horizon,4,3,16,2146,1,13,213.0,False,0.0035047535997874135,54
type_horizon,4,3,16,2146,2,6,319.0,False,0.0035047535997874135,80
type_horizon,4,3,16,2147,0,9,332.0,False,0.0035047535997874135,83
type_horizon,4,3,16,2147,1,9,521.0,False,0.0035047535997874135,131
type_horizon,4,3,16,2147,2,4,282.0,False,0.0035047535997874135,71
type_horizon,4,3,16,2148,0,4,253.0,False,0.0035047535997874135,64
type_horizon,4,3,16,2148,1,14,207.0,False,0.0035047535997874135,52
type_horizon,4,3,16,2148,2,0,56.0,False,0.0035047535997874135,14
type_horizon,4,3,16,2149,0,7,432.0,False,0.0035047535997874135,108
type_horizon,4,3,16,2149,1,10,251.0,False,0.0035047535997874135,63
type_horizon,4,3,16,2149,2,12,350.0,False,0.0035047535997874135,88
type_horizon,4,3,16,2150,0,4,414.0,False,0.0035047535997874135,104
type_horizon,4,3,16,2150,1,1,472.0,False,0.0035047535997874135,118
type_horizon,4,3,16,2150,2,13,362.0,False,0.0035047535997874135,91
type_horizon,4,3,16,2151,0,12,577.0,False,0.0035047535997874135,145
type_horizon,4,3,16,2151,1,2,615.0,False,0.0035047535997874135,154
type_horizon,4,3,16,2151,2,9,206.0,False,0.0035047535997874135,52
type_horizon,4,3,16,2152,0,13,215.0,False,0.0035047535997874135,54
type_horizon,4,3,16,2152,1,14,208.0,False,0.0035047535997874135,52
type_horizon,4,3,16,2152,2,14,532.0,False,0.0035047535997874135,133
type_horizon,4,3,16,2153,0,1,866.0,False,0.0035047535997874135,217
type_horizon,4,3,16,2153,1,10,233.0,False,0.0035047535997874135,59
type_horizon,4,3,16,2153,2,7,222.0,False,0.0035047535997874135,56
type_horizon,4,3,16,2154,0,6,393.0,False,0.0035047535997874135,99
type_horizon,4,3,16,2154,1,6,325.0,False,0.0035047535997874135,82
type_horizon,4,3,16,2154,2,6,235.0,False,0.0035047535997874135,59
type_horizon,4,3,16,2155,0,6,218.0,False,0.0035047535997874135,55
type_horizon,4,3,16,2155,1,5,253.0,False,0.0035047535997874135,64
type_horizon,4,3,16,2155,2,0,30.0,False,0.0035047535997874135,8
type_horizon,4,3,16,2156,0,3,209.0,False,0.0035047535997874135,53
type_horizon,4,3,16,2156,1,12,516.0,False,0.0035047535997874135,129
type_horizon,4,3,16,2156,2,5,206.0,False,0.0035047535997874135,52
type_horizon,4,3,16,2157,0,0,255.0,False,0.0035047535997874135,64
type_horizon,4,3,16,2157,1,11,222.0,False,0.0035047535997874135,56
type_horizon,4,3,16,2157,2,0,84.0,False,0.0035047535997874135,21
type_horizon,4,3,16,2158,0,11,257.0,False,0.0035047535997874135,65
type_horizon,4,3,16,2158,1,14,361.0,False,0.0035047535997874135,91
type_horizon,4,3,16,2158,2,4,238.0,False,0.0035047535997874135,60
type_horizon,4,3,16,2159,0,2,324.0,False,0.0035047535997874135,81
type_horizon,4,3,16,2159,1,7,228.0,False,0.0035047535997874135,57
type_horizon,4,3,16,2159,2,11,237.0,False,0.0035047535997874135,60
type_horizon,4,3,16,2160,0,8,385.0,False,0.0035047535997874135,97
type_horizon,4,3,16,2160,1,3,261.0,False,0.0035047535997874135,66
type_horizon,4,3,16,2160,2,5,371.0,False,0.0035047535997874135,93
type_horizon,4,3,16,2161,0,13,604.0,False,0.0035047535997874135,151
type_horizon,4,3,16,2161,1,12,294.0,False,0.0035047535997874135,74
type_horizon,4,3,16,2161,2,12,216.0,False,0.0035047535997874135,54
type_horizon,4,3,16,2162,0,4,263.0,False,0.0035047535997874135,66
type_horizon,4,3,16,2162,1,14,534.0,False,0.0035047535997874135,134
type_horizon,4,3,16,2162,2,0,52.0,False,0.0035047535997874135,13
type_horizon,4,3,16,2163,0,11,445.0,False,0.0035047535997874135,112
type_horizon,4,3,16,2163,1,2,232.0,False,0.0035047535997874135,58
type_horizon,4,3,16,2163,2,7,209.0,False,0.0035047535997874135,53
type_horizon,4,3,16,2164,0,14,211.0,False,0.0035047535997874135,53
type_horizon,4,3,16,2164,1,2,230.0,False,0.0035047535997874135,58
type_horizon,4,3,16,2164,2,9,218.0,False,0.0035047535997874135,55
type_horizon,4,3,16,2165,0,5,250.0,False,0.0035047535997874135,63
type_horizon,4,3,16,2165,1,3,271.0,False,0.0035047535997874135,68
type_horizon,4,3,16,2165,2,1,235.0,False,0.0035047535997874135,59
type_horizon,4,3,16,2166,0,6,358.0,False,0.0035047535997874135,90
type_horizon,4,3,16,2166,1,14,333.0,False,0.0035047535997874135,84
type_horizon,4,3,16,2166,2,12,207.0,False,0.0035047535997874135,52
type_horizon,4,3,16,2167,0,4,255.0,False,0.0035047535997874135,64
type_horizon,4,3,16,2167,1,8,249.0,False,0.0035047535997874135,63
type_horizon,4,3,16,2167,2,4,514.0,False,0.0035047535997874135,129
type_horizon,4,3,16,2168,0,6,310.0,False,0.0035047535997874135,78
type_horizon,4,3,16,2168,1,14,210.0,False,0.0035047535997874135,53
type_horizon,4,3,16,2168,2,7,535.0,False,0.0035047535997874135,134
type_horizon,4,3,16,2169,0,5,213.0,False,0.0035047535997874135,54
type_horizon,4,3,16,2169,1,2,211.0,False,0.0035047535997874135,53
type_horizon,4,3,16,2169,2,8,698.0,False,0.0035047535997874135,175
type_horizon,4,3,16,2170,0,13,230.0,False,0.0035047535997874135,58
type_horizon,4,3,16,2170,1,2,398.0,False,0.0035047535997874135,100
type_horizon,4,3,16,2170,2,12,298.0,False,0.0035047535997874135,75
type_horizon,4,3,16,2171,0,8,212.0,False,0.0035047535997874135,53
type_horizon,4,3,16,2171,1,2,209.0,False,0.0035047535997874135,53
type_horizon,4,3,16,2171,2,12,349.0,False,0.0035047535997874135,88
type_horizon,4,3,16,2172,0,5,234.0,False,0.0035047535997874135,59
type_horizon,4,3,16,2172,1,10,389.0,False,0.0035047535997874135,98
type_horizon,4,3,16,2172,2,1,609.0,False,0.0035047535997874135,153
type_horizon,4,3,16,2173,0,14,213.0,False,0.0035047535997874135,54
type_horizon,4,3,16,2173,1,7,222.0,False,0.0035047535997874135,56
type_horizon,4,3,16,2173,2,14,221.0,False,0.0035047535997874135,56
type_horizon,4,3,16,2174,0,10,207.0,False,0.0035047535997874135,52
type_horizon,4,3,16,2174,1,7,278.0,False,0.0035047535997874135,70
type_horizon,4,3,16,2174,2,5,234.0,False,0.0035047535997874135,59
type_horizon,4,3,16,2175,0,2,378.0,False,0.0035047535997874135,95
type_horizon,4,3,16,2175,1,8,340.0,False,0.0035047535997874135,85
type_horizon,4,3,16,2175,2,9,490.0,False,0.0035047535997874135,123
type_horizon,4,3,16,2176,0,2,585.0,False,0.0035047535997874135,147
type_horizon,4,3,16,2176,1,2,372.0,False,0.0035047535997874135,93
type_horizon,4,3,16,2176,2,4,210.0,False,0.0035047535997874135,53
type_horizon,4,3,16,2177,0,0,198.0,False,0.0035047535997874135,50
type_horizon,4,3,16,2177,1,7,210.0,False,0.0035047535997874135,53
type_horizon,4,3,16,2177,2,1,222.0,False,0.0035047535997874135,56
type_horizon,4,3,16,2178,0,10,403.0,False,0.0035047535997874135,101
type_horizon,4,3,16,2178,1,3,1086.0,False,0.0035047535997874135,272
type_horizon,4,3,16,2178,2,2,644.0,False,0.0035047535997874135,161
type_horizon,4,3,16,2179,0,6,248.0,False,0.0035047535997874135,62
type_horizon,4,3,16,2179,1,6,208.0,False,0.0035047535997874135,52
type_horizon,4,3,16,2179,2,7,360.0,False,0.0035047535997874135,90
type_horizon,4,3,16,2180,0,10,220.0,False,0.0035047535997874135,55
type_horizon,4,3,16,2180,1,10,266.0,False,0.0035047535997874135,67
type_horizon,4,3,16,2180,2,11,211.0,False,0.0035047535997874135,53
type_horizon,4,3,16,2181,0,6,213.0,False,0.0035047535997874135,54
type_horizon,4,3,16,2181,1,11,861.0,False,0.0035047535997874135,216
type_horizon,4,3,16,2181,2,3,209.0,False,0.0035047535997874135,53
type_horizon,4,3,16,2182,0,7,450.0,False,0.0035047535997874135,113
type_horizon,4,3,16,2182,1,11,363.0,False,0.0035047535997874135,91
type_horizon,4,3,16,2182,2,11,236.0,False,0.0035047535997874135,59
type_horizon,4,3,16,2183,0,5,311.0,False,0.0035047535997874135,78
type_horizon,4,3,16,2183,1,2,370.0,False,0.0035047535997874135,93
type_horizon,4,3,16,2183,2,3,228.0,False,0.0035047535997874135,57
type_horizon,4,3,16,2184,0,10,253.0,False,0.0035047535997874135,64
type_horizon,4,3,16,2184,1,3,224.0,False,0.0035047535997874135,56
type_horizon,4,3,16,2184,2,3,694.0,False,0.0035047535997874135,174
type_horizon,4,3,16,2185,0,6,513.0,False,0.0035047535997874135,129
type_horizon,4,3,16,2185,1,6,411.0,False,0.0035047535997874135,103
type_horizon,4,3,16,2185,2,4,625.0,False,0.0035047535997874135,157
type_horizon,4,3,16,2186,0,7,393.0,False,0.0035047535997874135,99
type_horizon,4,3,16,2186,1,8,441.0,False,0.0035047535997874135,111
type_horizon,4,3,16,2186,2,11,329.0,False,0.0035047535997874135,83
type_horizon,4,3,16,2187,0,13,252.0,False,0.0035047535997874135,63
type_horizon,4,3,16,2187,1,9,241.0,False,0.0035047535997874135,61
type_horizon,4,3,16,2187,2,10,209.0,False,0.0035047535997874135,53
type_horizon,4,3,16,2188,0,1,255.0,False,0.0035047535997874135,64
type_horizon,4,3,16,2188,1,1,215.0,False,0.0035047535997874135,54
type_horizon,4,3,16,2188,2,14,206.0,False,0.0035047535997874135,52
type_horizon,4,3,16,2189,0,13,207.0,False,0.0035047535997874135,52
type_horizon,4,3,16,2189,1,3,250.0,False,0.0035047535997874135,63
type_horizon,4,3,16,2189,2,14,207.0,False,0.0035047535997874135,52
type_horizon,4,3,16,2190,0,0,82.0,False,0.0035047535997874135,21
type_horizon,4,3,16,2190,1,0,45.0,False,0.0035047535997874135,12
type_horizon,4,3,16,2190,2,4,245.0,False,0.0035047535997874135,62
type_horizon,4,3,16,2191,0,8,288.0,False,0.0035047535997874135,72
type_horizon,4,3,16,2191,1,2,213.0,False,0.0035047535997874135,54
type_horizon,4,3,16,2191,2,3,210.0,False,0.0035047535997874135,53
type_horizon,4,3,16,2192,0,4,218.0,False,0.0035047535997874135,55
type_horizon,4,3,16,2192,1,15,94.0,False,0.0035047535997874135,24
type_horizon,4,3,16,2192,2,5,212.0,False,0.0035047535997874135,53
type_horizon,4,3,16,2193,0,12,620.0,False,0.0035047535997874135,155
type_horizon,4,3,16,2193,1,11,221.0,False,0.0035047535997874135,56
type_horizon,4,3,16,2193,2,8,207.0,False,0.0035047535997874135,52
type_horizon,4,3,16,2194,0,2,263.0,False,0.0035047535997874135,66
type_horizon,4,3,16,2194,1,10,212.0,False,0.0035047535997874135,53
type_horizon,4,3,16,2194,2,14,458.0,False,0.0035047535997874135,115
type_horizon,4,3,16,2195,0,2,208.0,False,0.0035047535997874135,52
type_horizon,4,3,16,2195,1,11,211.0,False,0.0035047535997874135,53
type_horizon,4,3,16,2195,2,2,490.0,False,0.0035047535997874135,123
type_horizon,4,3,16,2196,0,9,250.0,False,0.0035047535997874135,63
type_horizon,4,3,16,2196,1,7,294.0,False,0.0035047535997874135,74
type_horizon,4,3,16,2196,2,5,294.0,False,0.0035047535997874135,74
type_horizon,4,3,16,2197,0,6,231.0,False,0.0035047535997874135,58
type_horizon,4,3,16,2197,1,8,503.0,False,0.0035047535997874135,126
type_horizon,4,3,16,2197,2,15,44.0,False,0.0035047535997874135,11
type_horizon,4,3,16,2198,0,1,234.0,False,0.0035047535997874135,59
type_horizon,4,3,16,2198,1,5,223.0,False,0.0035047535997874135,56
type_horizon,4,3,16,2198,2,12,383.0,False,0.0035047535997874135,96
type_horizon,4,3,16,2199,0,0,35.0,False,0.0035047535997874135,9
type_horizon,4,3,16,2199,1,3,219.0,False,0.0035047535997874135,55
type_horizon,4,3,16,2199,2,6,531.0,False,0.0035047535997874135,133
type_horizon,16,3,16,2000,0,5,302.0,False,0.0035047535997874135,19
type_horizon,16,3,16,2000,1,9,239.0,False,0.0035047535997874135,15
type_horizon,16,3,16,2000,2,7,323.0,False,0.0035047535997874135,21
type_horizon,16,3,16,2001,0,1,214.0,False,0.0035047535997874135,14
type_horizon,16,3,16,2001,1,5,398.0,False,0.0035047535997874135,25
type_horizon,16,3,16,2001,2,7,393.0,False,0.0035047535997874135,25
type_horizon,16,3,16,2002,0,8,232.0,False,0.0035047535997874135,15
type_horizon,16,3,16,2002,1,1,460.0,False,0.0035047535997874135,29
type_horizon,16,3,16,2002,2,8,324.0,False,0.0035047535997874135,21
type_horizon,16,3,16,2003,0,12,223.0,False,0.0035047535997874135,14
type_horizon,16,3,16,2003,1,4,215.0,False,0.0035047535997874135,14
type_horizon,16,3,16,2003,2,0,750.0,False,0.0035047535997874135,47
type_horizon,16,3,16,2004,0,7,232.0,False,0.0035047535997874135,15
type_horizon,16,3,16,2004,1,7,244.0,False,0.0035047535997874135,16
type_horizon,16,3,16,2004,2,14,347.0,False,0.0035047535997874135,22
type_horizon,16,3,16,2005,0,12,294.0,False,0.0035047535997874135,19
type_horizon,16,3,16,2005,1,15,182.0,False,0.0035047535997874135,12
type_horizon,16,3,16,2005,2,12,208.0,False,0.0035047535997874135,13
type_horizon,16,3,16,2006,0,13,313.0,False,0.0035047535997874135,20
type_horizon,16,3,16,2006,1,4,350.0,False,0.0035047535997874135,22
type_horizon,16,3,16,2006,2,13,281.0,False,0.0035047535997874135,18
type_horizon,16,3,16,2007,0,7,381.0,False,0.0035047535997874135,24
type_horizon,16,3,16,2007,1,5,303.0,False,0.0035047535997874135,19
type_horizon,16,3,16,2007,2,8,206.0,False,0.0035047535997874135,13
type_horizon,16,3,16,2008,0,13,206.0,False,0.0035047535997874135,13
type_horizon,16,3,16,2008,1,11,220.0,False,0.0035047535997874135,14
type_horizon,16,3,16,2008,2,3,265.0,False,0.0035047535997874135,17
type_horizon,16,3,16,2009,0,3,235.0,False,0.0035047535997874135,15
type_horizon,16,3,16,2009,1,4,228.0,False,0.0035047535997874135,15
type_horizon,16,3,16,2009,2,3,228.0,False,0.0035047535997874135,15
type_horizon,16,3,16,2010,0,10,296.0,False,0.0035047535997874135,19
type_horizon,16,3,16,2010,1,12,228.0,False,0.0035047535997874135,15
type_horizon,16,3,16,2010,2,6,250.0,False,0.0035047535997874135,16
type_horizon,16,3,16,2011,0,0,63.0,False,0.0035047535997874135,4
type_horizon,16,3,16,2011,1,7,324.0,False,0.0035047535997874135,21
type_horizon,16,3,16,2011,2,8,210.0,False,0.0035047535997874135,14
type_horizon,16,3,16,2012,0,13,243.0,False,0.0035047535997874135,16
type_horizon,16,3,16,2012,1,7,228.0,False,0.0035047535997874135,15
type_horizon,16,3,16,2012,2,12,208.0,False,0.0035047535997874135,13
type_horizon,16,3,16,2013,0,2,253.0,False,0.0035047535997874135,16
type_horizon,16,3,16,2013,1,12,234.0,False,0.0035047535997874135,15
type_horizon,16,3,16,2013,2,15,62.0,False,0.0035047535997874135,4
type_horizon,16,3,16,2014,0,10,234.0,False,0.0035047535997874135,15
type_horizon,16,3,16,2014,1,14,282.0,False,0.0035047535997874135,18
type_horizon,16,3,16,2014,2,5,376.0,False,0.0035047535997874135,24
type_horizon,16,3,16,2015,0,0,37.0,False,0.0035047535997874135,3
type_horizon,16,3,16,2015,1,3,237.0,False,0.0035047535997874135,15
type_horizon,16,3,16,2015,2,0,279.0,False,0.0035047535997874135,18
type_horizon,16,3,16,2016,0,0,739.0,False,0.0035047535997874135,47
type_horizon,16,3,16,2016,1,3,450.0,False,0.0035047535997874135,29
type_horizon,16,3,16,2016,2,0,75.0,False,0.0035047535997874135,5
type_horizon,16,3,16,2017,0,1,420.0,False,0.0035047535997874135,27
type_horizon,16,3,16,2017,1,14,270.0,False,0.0035047535997874135,17
type_horizon,16,3,16,2017,2,11,210.0,False,0.0035047535997874135,14
type_horizon,16,3,16,2018,0,13,208.0,False,0.0035047535997874135,13
type_horizon,16,3,16,2018,1,5,226.0,False,0.0035047535997874135,15
type_horizon,16,3,16,2018,2,13,207.0,False,0.0035047535997874135,13
type_horizon,16,3,16,2019,0,9,310.0,False,0.0035047535997874135,20
type_horizon,16,3,16,2019,1,11,294.0,False,0.0035047535997874135,19
type_horizon,16,3,16,2019,2,0,72.0,False,0.0035047535997874135,5
type_horizon,16,3,16,2020,0,11,352.0,False,0.0035047535997874135,22
type_horizon,16,3,16,2020,1,0,126.0,False,0.0035047535997874135,8
type_horizon,16,3,16,2020,2,4,208.0,False,0.0035047535997874135,13
type_horizon,16,3,16,2021,0,9,227.0,False,0.0035047535997874135,15
type_horizon,16,3,16,2021,1,11,343.0,False,0.0035047535997874135,22
type_horizon,16,3,16,2021,2,9,228.0,False,0.0035047535997874135,15
type_horizon,16,3,16,2022,0,12,444.0,False,0.0035047535997874135,28
type_horizon,16,3,16,2022,1,15,124.0,False,0.0035047535997874135,8
type_horizon,16,3,16,2022,2,7,525.0,False,0.0035047535997874135,33
type_horizon,16,3,16,2023,0,11,211.0,False,0.0035047535997874135,14
type_horizon,16,3,16,2023,1,13,247.0,False,0.0035047535997874135,16
type_horizon,16,3,16,2023,2,9,233.0,False,0.0035047535997874135,15
type_horizon,16,3,16,2024,0,0,57.0,False,0.0035047535997874135,4
type_horizon,16,3,16,2024,1,13,536.0,False,0.0035047535997874135,34
type_horizon,16,3,16,2024,2,11,232.0,False,0.0035047535997874135,15
type_horizon,16,3,16,2025,0,11,329.0,False,0.0035047535997874135,21
type_horizon,16,3,16,2025,1,5,268.0,False,0.0035047535997874135,17
type_horizon,16,3,16,2025,2,6,209.0,False,0.0035047535997874135,14
type_horizon,16,3,16,2026,0,12,241.0,False,0.0035047535997874135,16
type_horizon,16,3,16,2026,1,0,246.0,False,0.0035047535997874135,16
type_horizon,16,3,16,2026,2,11,208.0,False,0.0035047535997874135,13
type_horizon,16,3,16,2027,0,15,44.0,False,0.0035047535997874135,3
type_horizon,16,3,16,2027,1,1,566.0,False,0.0035047535997874135,36
type_horizon,16,3,16,2027,2,4,725.0,False,0.0035047535997874135,46
type_horizon,16,3,16,2028,0,0,52.0,False,0.0035047535997874135,4
type_horizon,16,3,16,2028,1,10,656.0,False,0.0035047535997874135,41
type_horizon,16,3,16,2028,2,10,206.0,False,0.0035047535997874135,13
type_horizon,16,3,16,2029,0,5,239.0,False,0.0035047535997874135,15
type_horizon,16,3,16,2029,1,6,445.0,False,0.0035047535997874135,28
type_horizon,16,3,16,2029,2,14,310.0,False,0.0035047535997874135,20
type_horizon,16,3,16,2030,0,11,463.0,False,0.0035047535997874135,29
type_horizon,16,3,16,2030,1,11,249.0,False,0.0035047535997874135,16
type_horizon,16,3,16,2030,2,2,226.0,False,0.0035047535997874135,15
type_horizon,16,3,16,2031,0,12,209.0,False,0.0035047535997874135,14
type_horizon,16,3,16,2031,1,1,720.0,False,0.0035047535997874135,45
type_horizon,16,3,16,2031,2,6,228.0,False,0.0035047535997874135,15
type_horizon,16,3,16,2032,0,11,212.0,False,0.0035047535997874135,14
type_horizon,16,3,16,2032,1,4,207.0,False,0.0035047535997874135,13
type_horizon,16,3,16,2032,2,9,863.0,False,0.0035047535997874135,54
type_horizon,16,3,16,2033,0,14,209.0,False,0.0035047535997874135,14
type_horizon,16,3,16,2033,1,3,452.0,False,0.0035047535997874135,29
type_horizon,16,3,16,2033,2,9,229.0,False,0.0035047535997874135,15
type_horizon,16,3,16,2034,0,14,278.0,False,0.0035047535997874135,18
type_horizon,16,3,16,2034,1,6,879.0,False,0.0035047535997874135,55
type_horizon,16,3,16,2034,2,15,314.0,False,0.0035047535997874135,20
type_horizon,16,3,16,2035,0,15,137.0,False,0.0035047535997874135,9
type_horizon,16,3,16,2035,1,10,244.0,False,0.0035047535997874135,16
type_horizon,16,3,16,2035,2,4,299.0,False,0.0035047535997874135,19
type_horizon,16,3,16,2036,0,0,441.0,False,0.0035047535997874135,28
type_horizon,16,3,16,2036,1,12,210.0,False,0.0035047535997874135,14
type_horizon,16,3,16,2036,2,15,154.0,False,0.0035047535997874135,10
type_horizon,16,3,16,2037,0,4,341.0,False,0.0035047535997874135,22
type_horizon,16,3,16,2037,1,1,229.0,False,0.0035047535997874135,15
type_horizon,16,3,16,2037,2,14,241.0,False,0.0035047535997874135,16
type_horizon,16,3,16,2038,0,7,216.0,False,0.0035047535997874135,14
type_horizon,16,3,16,2038,1,12,817.0,False,0.0035047535997874135,52
type_horizon,16,3,16,2038,2,13,260.0,False,0.0035047535997874135,17
type_horizon,16,3,16,2039,0,13,246.0,False,0.0035047535997874135,16
type_horizon,16,3,16,2039,1,14,309.0,False,0.0035047535997874135,20
type_horizon,16,3,16,2039,2,4,209.0,False,0.0035047535997874135,14
type_horizon,16,3,16,2040,0,5,243.0,False,0.0035047535997874135,16
type_horizon,16,3,16,2040,1,1,368.0,False,0.0035047535997874135,23
type_horizon,16,3,16,2040,2,11,536.0,False,0.0035047535997874135,34
type_horizon,16,3,16,2041,0,5,302.0,False,0.0035047535997874135,19
type_horizon,16,3,16,2041,1,10,212.0,False,0.0035047535997874135,14
type_horizon,16,3,16,2041,2,5,302.0,False,0.0035047535997874135,19
type_horizon,16,3,16,2042,0,2,240.0,False,0.0035047535997874135,15
type_horizon,16,3,16,2042,1,15,129.0,False,0.0035047535997874135,9
type_horizon,16,3,16,2042,2,11,268.0,False,0.0035047535997874135,17
type_horizon,16,3,16,2043,0,5,238.0,False,0.0035047535997874135,15
type_horizon,16,3,16,2043,1,2,310.0,False,0.0035047535997874135,20
type_horizon,16,3,16,2043,2,7,500.0,False,0.0035047535997874135,32
type_horizon,16,3,16,2044,0,4,301.0,False,0.0035047535997874135,19
type_horizon,16,3,16,2044,1,13,255.0,False,0.0035047535997874135,16
type_horizon,16,3,16,2044,2,9,335.0,False,0.0035047535997874135,21
type_horizon,16,3,16,2045,0,12,245.0,False,0.0035047535997874135,16
type_horizon,16,3,16,2045,1,7,297.0,False,0.0035047535997874135,19
type_horizon,16,3,16,2045,2,9,301.0,False,0.0035047535997874135,19
type_horizon,16,3,16,2046,0,11,316.0,False,0.0035047535997874135,20
type_horizon,16,3,16,2046,1,13,209.0,False,0.0035047535997874135,14
type_horizon,16,3,16,2046,2,6,506.0,False,0.0035047535997874135,32
type_horizon,16,3,16,2047,0,5,490.0,False,0.0035047535997874135,31
type_horizon,16,3,16,2047,1,8,240.0,False,0.0035047535997874135,15
type_horizon,16,3,16,2047,2,5,228.0,False,0.0035047535997874135,15
type_horizon,16,3,16,2048,0,10,291.0,False,0.0035047535997874135,19
type_horizon,16,3,16,2048,1,11,288.0,False,0.0035047535997874135,18
type_horizon,16,3,16,2048,2,13,207.0,False,0.0035047535997874135,13
type_horizon,16,3,16,2049,0,3,302.0,False,0.0035047535997874135,19
type_horizon,16,3,16,2049,1,7,399.0,False,0.0035047535997874135,25
type_horizon,16,3,16,2049,2,15,88.0,False,0.0035047535997874135,6
type_horizon,16,3,16,2050,0,9,246.0,False,0.0035047535997874135,16
type_horizon,16,3,16,2050,1,3,214.0,False,0.0035047535997874135,14
type_horizon,16,3,16,2050,2,14,346.0,False,0.0035047535997874135,22
type_horizon,16,3,16,2051,0,1,235.0,False,0.0035047535997874135,15
type_horizon,16,3,16,2051,1,2,245.0,False,0.0035047535997874135,16
type_horizon,16,3,16,2051,2,13,360.0,False,0.0035047535997874135,23
type_horizon,16,3,16,2052,0,15,45.0,False,0.0035047535997874135,3
type_horizon,16,3,16,2052,1,15,175.0,False,0.0035047535997874135,11
type_horizon,16,3,16,2052,2,0,66.0,False,0.0035047535997874135,5
type_horizon,16,3,16,2053,0,15,192.0,False,0.0035047535997874135,12
type_horizon,16,3,16,2053,1,5,209.0,False,0.0035047535997874135,14
type_horizon,16,3,16,2053,2,11,251.0,False,0.0035047535997874135,16
type_horizon,16,3,16,2054,0,1,421.0,False,0.0035047535997874135,27
type_horizon,16,3,16,2054,1,6,208.0,False,0.0035047535997874135,13
type_horizon,16,3,16,2054,2,11,280.0,False,0.0035047535997874135,18
type_horizon,16,3,16,2055,0,3,225.0,False,0.0035047535997874135,15
type_horizon,16,3,16,2055,1,3,219.0,False,0.0035047535997874135,14
type_horizon,16,3,16,2055,2,8,346.0,False,0.0035047535997874135,22
type_horizon,16,3,16,2056,0,12,320.0,False,0.0035047535997874135,20
type_horizon,16,3,16,2056,1,8,264.0,False,0.0035047535997874135,17
type_horizon,16,3,16,2056,2,4,224.0,False,0.0035047535997874135,14
type_horizon,16,3,16,2057,0,8,222.0,False,0.0035047535997874135,14
type_horizon,16,3,16,2057,1,1,209.0,False,0.0035047535997874135,14
type_horizon,16,3,16,2057,2,14,577.0,False,0.0035047535997874135,37
type_horizon,16,3,16,2058,0,12,293.0,False,0.0035047535997874135,19
type_horizon,16,3,16,2058,1,13,956.0,False,0.0035047535997874135,60
type_horizon,16,3,16,2058,2,12,214.0,False,0.0035047535997874135,14
type_horizon,16,3,16,2059,0,7,206.0,False,0.0035047535997874135,13
type_horizon,16,3,16,2059,1,11,332.0,False,0.0035047535997874135,21
type_horizon,16,3,16,2059,2,15,267.0,False,0.0035047535997874135,17
type_horizon,16,3,16,2060,0,6,211.0,False,0.0035047535997874135,14
type_horizon,16,3,16,2060,1,9,226.0,False,0.0035047535997874135,15
type_horizon,16,3,16,2060,2,2,209.0,False,0.0035047535997874135,14
type_horizon,16,3,16,2061,0,6,422.0,False,0.0035047535997874135,27
type_horizon,16,3,16,2061,1,9,314.0,False,0.0035047535997874135,20
type_horizon,16,3,16,2061,2,8,252.0,False,0.0035047535997874135,16
type_horizon,16,3,16,2062,0,10,385.0,False,0.0035047535997874135,25
type_horizon,16,3,16,2062,1,10,207.0,False,0.0035047535997874135,13
type_horizon,16,3,16,2062,2,14,208.0,False,0.0035047535997874135,13
type_horizon,16,3,16,2063,0,15,114.0,False,0.0035047535997874135,8
type_horizon,16,3,16,2063,1,7,795.0,False,0.0035047535997874135,50
type_horizon,16,3,16,2063,2,2,210.0,False,0.0035047535997874135,14
type_horizon,16,3,16,2064,0,1,331.0,False,0.0035047535997874135,21
type_horizon,16,3,16,2064,1,12,259.0,False,0.0035047535997874135,17
type_horizon,16,3,16,2064,2,15,126.0,False,0.0035047535997874135,8
type_horizon,16,3,16,2065,0,6,409.0,False,0.0035047535997874135,26
type_horizon,16,3,16,2065,1,6,217.0,False,0.0035047535997874135,14
type_horizon,16,3,16,2065,2,0,108.0,False,0.0035047535997874135,7
type_horizon,16,3,16,2066,0,13,290.0,False,0.0035047535997874135,19
type_horizon,16,3,16,2066,1,14,548.0,False,0.0035047535997874135,35
type_horizon,16,3,16,2066,2,4,254.0,False,0.0035047535997874135,16
type_horizon,16,3,16,2067,0,0,48.0,False,0.0035047535997874135,3
type_horizon,16,3,16,2067,1,4,671.0,False,0.0035047535997874135,42
type_horizon,16,3,16,2067,2,15,66.0,False,0.0035047535997874135,5
type_horizon,16,3,16,2068,0,10,304.0,False,0.0035047535997874135,19
type_horizon,16,3,16,2068,1,9,358.0,False,0.0035047535997874135,23
type_horizon,16,3,16,2068,2,11,218.0,False,0.0035047535997874135,14
type_horizon,16,3,16,2069,0,10,209.0,False,0.0035047535997874135,14
type_horizon,16,3,16,2069,1,0,428.0,False,0.0035047535997874135,27
type_horizon,16,3,16,2069,2,5,273.0,False,0.0035047535997874135,18
type_horizon,16,3,16,2070,0,14,258.0,False,0.0035047535997874135,17
type_horizon,16,3,16,2070,1,13,219.0,False,0.0035047535997874135,14
type_horizon,16,3,16,2070,2,1,227.0,False,0.0035047535997874135,15
type_horizon,16,3,16,2071,0,7,272.0,False,0.0035047535997874135,17
type_horizon,16,3,16,2071,1,1,436.0,False,0.0035047535997874135,28
type_horizon,16,3,16,2071,2,9,244.0,False,0.0035047535997874135,16
type_horizon,16,3,16,2072,0,6,218.0,False,0.0035047535997874135,14
type_horizon,16,3,16,2072,1,14,243.0,False,0.0035047535997874135,16
type_horizon,16,3,16,2072,2,12,232.0,False,0.0035047535997874135,15
type_horizon,16,3,16,2073,0,10,223.0,False,0.0035047535997874135,14
type_horizon,16,3,16,2073,1,11,282.0,False,0.0035047535997874135,18
type_horizon,16,3,16,2073,2,15,103.0,False,0.0035047535997874135,7
type_horizon,16,3,16,2074,0,11,234.0,False,0.0035047535997874135,15
type_horizon,16,3,16,2074,1,10,272.0,False,0.0035047535997874135,17
type_horizon,16,3,16,2074,2,15,61.0,False,0.0035047535997874135,4
type_horizon,16,3,16,2075,0,1,517.0,False,0.0035047535997874135,33
type_horizon,16,3,16,2075,1,4,224.0,False,0.0035047535997874135,14
type_horizon,16,3,16,2075,2,4,216.0,False,0.0035047535997874135,14
type_horizon,16,3,16,2076,0,1,538.0,False,0.0035047535997874135,34
type_horizon,16,3,16,2076,1,15,81.0,False,0.0035047535997874135,6
type_horizon,16,3,16,2076,2,10,977.0,False,0.0035047535997874135,62
type_horizon,16,3,16,2077,0,15,1162.0,False,0.0035047535997874135,73
type_horizon,16,3,16,2077,1,11,247.0,False,0.0035047535997874135,16
type_horizon,16,3,16,2077,2,11,228.0,False,0.0035047535997874135,15
type_horizon,16,3,16,2078,0,10,388.0,False,0.0035047535997874135,25
type_horizon,16,3,16,2078,1,1,227.0,False,0.0035047535997874135,15
type_horizon,16,3,16,2078,2,0,145.0,False,0.0035047535997874135,10
type_horizon,16,3,16,2079,0,2,327.0,False,0.0035047535997874135,21
type_horizon,16,3,16,2079,1,14,742.0,False,0.0035047535997874135,47
type_horizon,16,3,16,2079,2,9,370.0,False,0.0035047535997874135,24
type_horizon,16,3,16,2080,0,6,208.0,False,0.0035047535997874135,13
type_horizon,16,3,16,2080,1,4,233.0,False,0.0035047535997874135,15
type_horizon,16,3,16,2080,2,7,247.0,False,0.0035047535997874135,16
type_horizon,16,3,16,2081,0,12,222.0,False,0.0035047535997874135,14
type_horizon,16,3,16,2081,1,1,207.0,False,0.0035047535997874135,13
type_horizon,16,3,16,2081,2,8,272.0,False,0.0035047535997874135,17
type_horizon,16,3,16,2082,0,0,59.0,False,0.0035047535997874135,4
type_horizon,16,3,16,2082,1,11,253.0,False,0.0035047535997874135,16
type_horizon,16,3,16,2082,2,3,207.0,False,0.0035047535997874135,13
type_horizon,16,3,16,2083,0,14,220.0,False,0.0035047535997874135,14
type_horizon,16,3,16,2083,1,1,246.0,False,0.0035047535997874135,16
type_horizon,16,3,16,2083,2,0,134.0,False,0.0035047535997874135,9
type_horizon,16,3,16,2084,0,5,210.0,False,0.0035047535997874135,14
type_horizon,16,3,16,2084,1,5,216.0,False,0.0035047535997874135,14
type_horizon,16,3,16,2084,2,1,206.0,False,0.0035047535997874135,13
type_horizon,16,3,16,2085,0,15,186.0,False,0.0035047535997874135,12
type_horizon,16,3,16,2085,1,15,69.0,False,0.0035047535997874135,5
type_horizon,16,3,16,2085,2,7,375.0,False,0.0035047535997874135,24
type_horizon,16,3,16,2086,0,6,702.0,False,0.0035047535997874135,44
type_horizon,16,3,16,2086,1,11,231.0,False,0.0035047535997874135,15
type_horizon,16,3,16,2086,2,5,323.0,False,0.0035047535997874135,21
type_horizon,16,3,16,2087,0,4,402.0,False,0.0035047535997874135,26
type_horizon,16,3,16,2087,1,0,86.0,False,0.0035047535997874135,6
type_horizon,16,3,16,2087,2,12,214.0,False,0.0035047535997874135,14
type_horizon,16,3,16,2088,0,2,223.0,False,0.0035047535997874135,14
type_horizon,16,3,16,2088,1,10,309.0,False,0.0035047535997874135,20
type_horizon,16,3,16,2088,2,7,237.0,False,0.0035047535997874135,15
type_horizon,16,3,16,2089,0,12,209.0,False,0.0035047535997874135,14
type_horizon,16,3,16,2089,1,12,216.0,False,0.0035047535997874135,14
type_horizon,16,3,16,2089,2,12,220.0,False,0.0035047535997874135,14
type_horizon,16,3,16,2090,0,5,218.0,False,0.0035047535997874135,14
type_horizon,16,3,16,2090,1,7,329.0,False,0.0035047535997874135,21
type_horizon,16,3,16,2090,2,5,208.0,False,0.0035047535997874135,13
type_horizon,16,3,16,2091,0,5,239.0,False,0.0035047535997874135,15
type_horizon,16,3,16,2091,1,12,288.0,False,0.0035047535997874135,18
type_horizon,16,3,16,2091,2,13,379.0,False,0.0035047535997874135,24
type_horizon,16,3,16,2092,0,7,210.0,False,0.0035047535997874135,14
type_horizon,16,3,16,2092,1,5,219.0,False,0.0035047535997874135,14
type_horizon,16,3,16,2092,2,9,235.0,False,0.0035047535997874135,15
type_horizon,16,3,16,2093,0,7,220.0,False,0.0035047535997874135,14
type_horizon,16,3,16,2093,1,14,276.0,False,0.0035047535997874135,18
type_horizon,16,3,16,2093,2,1,483.0,False,0.0035047535997874135,31
type_horizon,16,3,16,2094,0,15,42.0,False,0.0035047535997874135,3
type_horizon,16,3,16,2094,1,12,278.0,False,0.0035047535997874135,18
type_horizon,16,3,16,2094,2,4,272.0,False,0.0035047535997874135,17
type_horizon,16,3,16,2095,0,9,267.0,False,0.0035047535997874135,17
type_horizon,16,3,16,2095,1,10,256.0,False,0.0035047535997874135,16
type_horizon,16,3,16,2095,2,2,206.0,False,0.0035047535997874135,13
type_horizon,16,3,16,2096,0,8,260.0,False,0.0035047535997874135,17
type_horizon,16,3,16,2096,1,10,234.0,False,0.0035047535997874135,15
type_horizon,16,3,16,2096,2,1,292.0,False,0.0035047535997874135,19
type_horizon,16,3,16,2097,0,9,266.0,False,0.0035047535997874135,17
type_horizon,16,3,16,2097,1,0,153.0,False,0.0035047535997874135,10
type_horizon,16,3,16,2097,2,11,286.0,False,0.0035047535997874135,18
type_horizon,16,3,16,2098,0,1,428.0,False,0.0035047535997874135,27
type_horizon,16,3,16,2098,1,14,304.0,False,0.0035047535997874135,19
type_horizon,16,3,16,2098,2,10,251.0,False,0.0035047535997874135,16
type_horizon,16,3,16,2099,0,5,239.0,False,0.0035047535997874135,15
type_horizon,16,3,16,2099,1,4,227.0,False,0.0035047535997874135,15
type_horizon,16,3,16,2099,2,8,269.0,False,0.0035047535997874135,17
type_horizon,16,3,16,2100,0,12,597.0,False,0.0035047535997874135,38
type_horizon,16,3,16,2100,1,10,262.0,False,0.0035047535997874135,17
type_horizon,16,3,16,2100,2,2,392.0,False,0.0035047535997874135,25
type_horizon,16,3,16,2101,0,10,566.0,False,0.0035047535997874135,36
type_horizon,16,3,16,2101,1,13,218.0,False,0.0035047535997874135,14
type_horizon,16,3,16,2101,2,1,627.0,False,0.0035047535997874135,40
type_horizon,16,3,16,2102,0,1,258.0,False,0.0035047535997874135,17
type_horizon,16,3,16,2102,1,15,54.0,False,0.0035047535997874135,4
type_horizon,16,3,16,2102,2,14,461.0,False,0.0035047535997874135,29
type_horizon,16,3,16,2103,0,0,156.0,False,0.0035047535997874135,10
type_horizon,16,3,16,2103,1,12,207.0,False,0.0035047535997874135,13
type_horizon,16,3,16,2103,2,0,325.0,False,0.0035047535997874135,21
type_horizon,16,3,16,2104,0,3,212.0,False,0.0035047535997874135,14
type_horizon,16,3,16,2104,1,3,209.0,False,0.0035047535997874135,14
type_horizon,16,3,16,2104,2,15,340.0,False,0.0035047535997874135,22
type_horizon,16,3,16,2105,0,14,269.0,False,0.0035047535997874135,17
type_horizon,16,3,16,2105,1,2,235.0,False,0.0035047535997874135,15
type_horizon,16,3,16,2105,2,9,208.0,False,0.0035047535997874135,13
type_horizon,16,3,16,2106,0,9,257.0,False,0.0035047535997874135,17
type_horizon,16,3,16,2106,1,6,248.0,False,0.0035047535997874135,16
type_horizon,16,3,16,2106,2,11,236.0,False,0.0035047535997874135,15
type_horizon,16,3,16,2107,0,6,210.0,False,0.0035047535997874135,14
type_horizon,16,3,16,2107,1,9,206.0,False,0.0035047535997874135,13
type_horizon,16,3,16,2107,2,3,321.0,False,0.0035047535997874135,21
type_horizon,16,3,16,2108,0,13,222.0,False,0.0035047535997874135,14
type_horizon,16,3,16,2108,1,1,247.0,False,0.0035047535997874135,16
type_horizon,16,3,16,2108,2,13,645.0,False,0.0035047535997874135,41
type_horizon,16,3,16,2109,0,5,301.0,False,0.0035047535997874135,19
type_horizon,16,3,16,2109,1,4,282.0,False,0.0035047535997874135,18
type_horizon,16,3,16,2109,2,13,221.0,False,0.0035047535997874135,14
type_horizon,16,3,16,2110,0,6,216.0,False,0.0035047535997874135,14
type_horizon,16,3,16,2110,1,15,79.0,False,0.0035047535997874135,5
type_horizon,16,3,16,2110,2,10,248.0,False,0.0035047535997874135,16
type_horizon,16,3,16,2111,0,5,527.0,False,0.0035047535997874135,33
type_horizon,16,3,16,2111,1,4,251.0,False,0.0035047535997874135,16
type_horizon,16,3,16,2111,2,13,244.0,False,0.0035047535997874135,16
type_horizon,16,3,16,2112,0,15,59.0,False,0.0035047535997874135,4
type_horizon,16,3,16,2112,1,9,212.0,False,0.0035047535997874135,14
type_horizon,16,3,16,2112,2,4,255.0,False,0.0035047535997874135,16
type_horizon,16,3,16,2113,0,15,211.0,False,0.0035047535997874135,14
type_horizon,16,3,16,2113,1,4,319.0,False,0.0035047535997874135,20
type_horizon,16,3,16,2113,2,4,919.0,False,0.0035047535997874135,58
type_horizon,16,3,16,2114,0,2,227.0,False,0.0035047535997874135,15
type_horizon,16,3,16,2114,1,0,118.0,False,0.0035047535997874135,8
type_horizon,16,3,16,2114,2,6,304.0,False,0.0035047535997874135,19
type_horizon,16,3,16,2115,0,10,231.0,False,0.0035047535997874135,15
type_horizon,16,3,16,2115,1,14,303.0,False,0.0035047535997874135,19
type_horizon,16,3,16,2115,2,5,274.0,False,0.0035047535997874135,18
type_horizon,16,3,16,2116,0,2,289.0,False,0.0035047535997874135,19
type_horizon,16,3,16,2116,1,12,347.0,False,0.0035047535997874135,22
type_horizon,16,3,16,2116,2,8,431.0,False,0.0035047535997874135,27
type_horizon,16,3,16,2117,0,15,44.0,False,0.0035047535997874135,3
type_horizon,16,3,16,2117,1,14,354.0,False,0.0035047535997874135,23
type_horizon,16,3,16,2117,2,15,60.0,False,0.0035047535997874135,4
type_horizon,16,3,16,2118,0,0,101.0,False,0.0035047535997874135,7
type_horizon,16,3,16,2118,1,6,241.0,False,0.0035047535997874135,16
type_horizon,16,3,16,2118,2,6,209.0,False,0.0035047535997874135,14
type_horizon,16,3,16,2119,0,3,284.0,False,0.0035047535997874135,18
type_horizon,16,3,16,2119,1,3,232.0,False,0.0035047535997874135,15
type_horizon,16,3,16,2119,2,1,215.0,False,0.0035047535997874135,14
type_horizon,16,3,16,2120,0,0,43.0,False,0.0035047535997874135,3
type_horizon,16,3,16,2120,1,0,53.0,False,0.0035047535997874135,4
type_horizon,16,3,16,2120,2,3,815.0,False,0.0035047535997874135,51
type_horizon,16,3,16,2121,0,6,356.0,False,0.0035047535997874135,23
type_horizon,16,3,16,2121,1,12,609.0,False,0.0035047535997874135,39
type_horizon,16,3,16,2121,2,3,247.0,False,0.0035047535997874135,16
type_horizon,16,3,16,2122,0,9,267.0,False,0.0035047535997874135,17
type_horizon,16,3,16,2122,1,15,153.0,False,0.0035047535997874135,10
type_horizon,16,3,16,2122,2,10,212.0,False,0.0035047535997874135,14
type_horizon,16,3,16,2123,0,2,410.0,False,0.0035047535997874135,26
type_horizon,16,3,16,2123,1,0,173.0,False,0.0035047535997874135,11
type_horizon,16,3,16,2123,2,8,236.0,False,0.0035047535997874135,15
type_horizon,16,3,16,2124,0,13,233.0,False,0.0035047535997874135,15
type_horizon,16,3,16,2124,1,1,435.0,False,0.0035047535997874135,28
type_horizon,16,3,16,2124,2,8,224.0,False,0.0035047535997874135,14
type_horizon,16,3,16,2125,0,15,631.0,False,0.0035047535997874135,40
type_horizon,16,3,16,2125,1,4,239.0,False,0.0035047535997874135,15
type_horizon,16,3,16,2125,2,9,250.0,False,0.0035047535997874135,16
type_horizon,16,3,16,2126,0,7,208.0,False,0.0035047535997874135,13
type_horizon,16,3,16,2126,1,9,302.0,False,0.0035047535997874135,19
type_horizon,16,3,16,2126,2,3,211.0,False,0.0035047535997874135,14
type_horizon,16,3,16,2127,0,5,219.0,False,0.0035047535997874135,14
type_horizon,16,3,16,2127,1,1,207.0,False,0.0035047535997874135,13
type_horizon,16,3,16,2127,2,4,207.0,False,0.0035047535997874135,13
type_horizon,16,3,16,2128,0,5,207.0,False,0.0035047535997874135,13
type_horizon,16,3,16,2128,1,11,207.0,False,0.0035047535997874135,13
type_horizon,16,3,16,2128,2,15,178.0,False,0.0035047535997874135,12
type_horizon,16,3,16,2129,0,10,217.0,False,0.0035047535997874135,14
type_horizon,16,3,16,2129,1,0,112.0,False,0.0035047535997874135,7
type_horizon,16,3,16,2129,2,12,217.0,False,0.0035047535997874135,14
type_horizon,16,3,16,2130,0,1,982.0,False,0.0035047535997874135,62
type_horizon,16,3,16,2130,1,14,207.0,False,0.0035047535997874135,13
type_horizon,16,3,16,2130,2,6,208.0,False,0.0035047535997874135,13
type_horizon,16,3,16,2131,0,11,226.0,False,0.0035047535997874135,15
type_horizon,16,3,16,2131,1,15,360.0,False,0.0035047535997874135,23
type_horizon,16,3,16,2131,2,6,209.0,False,0.0035047535997874135,14
type_horizon,16,3,16,2132,0,0,93.0,False,0.0035047535997874135,6
type_horizon,16,3,16,2132,1,9,222.0,False,0.0035047535997874135,14
type_horizon,16,3,16,2132,2,4,228.0,False,0.0035047535997874135,15
type_horizon,16,3,16,2133,0,5,506.0,False,0.0035047535997874135,32
type_horizon,16,3,16,2133,1,11,358.0,False,0.0035047535997874135,23
type_horizon,16,3,16,2133,2,15,64.0,False,0.0035047535997874135,4
type_horizon,16,3,16,2134,0,13,292.0,False,0.0035047535997874135,19
type_horizon,16,3,16,2134,1,5,209.0,False,0.0035047535997874135,14
type_horizon,16,3,16,2134,2,10,382.0,False,0.0035047535997874135,24
type_horizon,16,3,16,2135,0,14,281.0,False,0.0035047535997874135,18
type_horizon,16,3,16,2135,1,15,111.0,False,0.0035047535997874135,7
type_horizon,16,3,16,2135,2,6,213.0,False,0.0035047535997874135,14
type_horizon,16,3,16,2136,0,15,255.0,False,0.0035047535997874135,16
type_horizon,16,3,16,2136,1,2,209.0,False,0.0035047535997874135,14
type_horizon,16,3,16,2136,2,0,209.0,False,0.0035047535997874135,14
type_horizon,16,3,16,2137,0,3,610.0,False,0.0035047535997874135,39
type_horizon,16,3,16,2137,1,9,254.0,False,0.0035047535997874135,16
type_horizon,16,3,16,2137,2,13,280.0,False,0.0035047535997874135,18
type_horizon,16,3,16,2138,0,8,214.0,False,0.0035047535997874135,14
type_horizon,16,3,16,2138,1,6,365.0,False,0.0035047535997874135,23
type_horizon,16,3,16,2138,2,5,249.0,False,0.0035047535997874135,16
type_horizon,16,3,16,2139,0,12,281.0,False,0.0035047535997874135,18
type_horizon,16,3,16,2139,1,4,207.0,False,0.0035047535997874135,13
type_horizon,16,3,16,2139,2,3,207.0,False,0.0035047535997874135,13
type_horizon,16,3,16,2140,0,11,230.0,False,0.0035047535997874135,15
type_horizon,16,3,16,2140,1,15,128.0,False,0.0035047535997874135,8
type_horizon,16,3,16,2140,2,4,240.0,False,0.0035047535997874135,15
type_horizon,16,3,16,2141,0,3,252.0,False,0.0035047535997874135,16
type_horizon,16,3,16,2141,1,2,209.0,False,0.0035047535997874135,14
type_horizon,16,3,16,2141,2,2,208.0,False,0.0035047535997874135,13
type_horizon,16,3,16,2142,0,7,213.0,False,0.0035047535997874135,14
type_horizon,16,3,16,2142,1,8,336.0,False,0.0035047535997874135,21
type_horizon,16,3,16,2142,2,4,210.0,False,0.0035047535997874135,14
type_horizon,16,3,16,2143,0,0,130.0,False,0.0035047535997874135,9
type_horizon,16,3,16,2143,1,2,206.0,False,0.0035047535997874135,13
type_horizon,16,3,16,2143,2,6,234.0,False,0.0035047535997874135,15
type_horizon,16,3,16,2144,0,2,242.0,False,0.0035047535997874135,16
type_horizon,16,3,16,2144,1,0,113.0,False,0.0035047535997874135,8
type_horizon,16,3,16,2144,2,10,282.0,False,0.0035047535997874135,18
type_horizon,16,3,16,2145,0,2,281.0,False,0.0035047535997874135,18
type_horizon,16,3,16,2145,1,12,213.0,False,0.0035047535997874135,14
type_horizon,16,3,16,2145,2,11,329.0,False,0.0035047535997874135,21
type_horizon,16,3,16,2146,0,12,257.0,False,0.0035047535997874135,17
type_horizon,16,3,16,2146,1,13,213.0,False,0.0035047535997874135,14
type_horizon,16,3,16,2146,2,6,319.0,False,0.0035047535997874135,20
type_horizon,16,3,16,2147,0,9,332.0,False,0.0035047535997874135,21
type_horizon,16,3,16,2147,1,9,521.0,False,0.0035047535997874135,33
type_horizon,16,3,16,2147,2,4,282.0,False,0.0035047535997874135,18
type_horizon,16,3,16,2148,0,4,253.0,False,0.0035047535997874135,16
type_horizon,16,3,16,2148,1,14,207.0,False,0.0035047535997874135,13
type_horizon,16,3,16,2148,2,0,56.0,False,0.0035047535997874135,4
type_horizon,16,3,16,2149,0,7,432.0,False,0.0035047535997874135,27
type_horizon,16,3,16,2149,1,10,251.0,False,0.0035047535997874135,16
type_horizon,16,3,16,2149,2,12,350.0,False,0.0035047535997874135,22
type_horizon,16,3,16,2150,0,4,414.0,False,0.0035047535997874135,26
type_horizon,16,3,16,2150,1,1,472.0,False,0.0035047535997874135,30
type_horizon,16,3,16,2150,2,13,362.0,False,0.0035047535997874135,23
type_horizon,16,3,16,2151,0,12,577.0,False,0.0035047535997874135,37
type_horizon,16,3,16,2151,1,2,615.0,False,0.0035047535997874135,39
type_horizon,16,3,16,2151,2,9,206.0,False,0.0035047535997874135,13
type_horizon,16,3,16,2152,0,13,215.0,False,0.0035047535997874135,14
type_horizon,16,3,16,2152,1,14,208.0,False,0.0035047535997874135,13
type_horizon,16,3,16,2152,2,14,532.0,False,0.0035047535997874135,34
type_horizon,16,3,16,2153,0,1,866.0,False,0.0035047535997874135,55
type_horizon,16,3,16,2153,1,10,233.0,False,0.0035047535997874135,15
type_horizon,16,3,16,2153,2,7,222.0,False,0.0035047535997874135,14
type_horizon,16,3,16,2154,0,6,393.0,False,0.0035047535997874135,25
type_horizon,16,3,16,2154,1,6,325.0,False,0.0035047535997874135,21
type_horizon,16,3,16,2154,2,6,235.0,False,0.0035047535997874135,15
type_horizon,16,3,16,2155,0,6,218.0,False,0.0035047535997874135,14
type_horizon,16,3,16,2155,1,5,253.0,False,0.0035047535997874135,16
type_horizon,16,3,16,2155,2,0,30.0,False,0.0035047535997874135,2
type_horizon,16,3,16,2156,0,3,209.0,False,0.0035047535997874135,14
type_horizon,16,3,16,2156,1,12,516.0,False,0.0035047535997874135,33
type_horizon,16,3,16,2156,2,5,206.0,False,0.0035047535997874135,13
type_horizon,16,3,16,2157,0,0,255.0,False,0.0035047535997874135,16
type_horizon,16,3,16,2157,1,11,222.0,False,0.0035047535997874135,14
type_horizon,16,3,16,2157,2,0,84.0,False,0.0035047535997874135,6
type_horizon,16,3,16,2158,0,11,257.0,False,0.0035047535997874135,17
type_horizon,16,3,16,2158,1,14,361.0,False,0.0035047535997874135,23
type_horizon,16,3,16,2158,2,4,238.0,False,0.0035047535997874135,15
type_horizon,16,3,16,2159,0,2,324.0,False,0.0035047535997874135,21
type_horizon,16,3,16,2159,1,7,228.0,False,0.0035047535997874135,15
type_horizon,16,3,16,2159,2,11,237.0,False,0.0035047535997874135,15
type_horizon,16,3,16,2160,0,8,385.0,False,0.0035047535997874135,25
type_horizon,16,3,16,2160,1,3,261.0,False,0.0035047535997874135,17
type_horizon,16,3,16,2160,2,5,371.0,False,0.0035047535997874135,24
type_horizon,16,3,16,2161,0,13,604.0,False,0.0035047535997874135,38
type_horizon,16,3,16,2161,1,12,294.0,False,0.0035047535997874135,19
type_horizon,16,3,16,2161,2,12,216.0,False,0.0035047535997874135,14
type_horizon,16,3,16,2162,0,4,263.0,False,0.0035047535997874135,17
type_horizon,16,3,16,2162,1,14,534.0,False,0.0035047535997874135,34
type_horizon,16,3,16,2162,2,0,52.0,False,0.0035047535997874135,4
type_horizon,16,3,16,2163,0,11,445.0,False,0.0035047535997874135,28
type_horizon,16,3,16,2163,1,2,232.0,False,0.0035047535997874135,15
type_horizon,16,3,16,2163,2,7,209.0,False,0.0035047535997874135,14
type_horizon,16,3,16,2164,0,14,211.0,False,0.0035047535997874135,14
type_horizon,16,3,16,2164,1,2,230.0,False,0.0035047535997874135,15
type_horizon,16,3,16,2164,2,9,218.0,False,0.0035047535997874135,14
type_horizon,16,3,16,2165,0,5,250.0,False,0.0035047535997874135,16
type_horizon,16,3,16,2165,1,3,271.0,False,0.0035047535997874135,17
type_horizon,16,3,16,2165,2,1,235.0,False,0.0035047535997874135,15
type_horizon,16,3,16,2166,0,6,358.0,False,0.0035047535997874135,23
type_horizon,16,3,16,2166,1,14,333.0,False,0.0035047535997874135,21
type_horizon,16,3,16,2166,2,12,207.0,False,0.0035047535997874135,13
type_horizon,16,3,16,2167,0,4,255.0,False,0.0035047535997874135,16
type_horizon,16,3,16,2167,1,8,249.0,False,0.0035047535997874135,16
type_horizon,16,3,16,2167,2,4,514.0,False,0.0035047535997874135,33
type_horizon,16,3,16,2168,0,6,310.0,False,0.0035047535997874135,20
type_horizon,16,3,16,2168,1,14,210.0,False,0.0035047535997874135,14
type_horizon,16,3,16,2168,2,7,535.0,False,0.0035047535997874135,34
type_horizon,16,3,16,2169,0,5,213.0,False,0.0035047535997874135,14
type_horizon,16,3,16,2169,1,2,211.0,False,0.0035047535997874135,14
type_horizon,16,3,16,2169,2,8,698.0,False,0.0035047535997874135,44
type_horizon,16,3,16,2170,0,13,230.0,False,0.0035047535997874135,15
type_horizon,16,3,16,2170,1,2,398.0,False,0.0035047535997874135,25
type_horizon,16,3,16,2170,2,12,298.0,False,0.0035047535997874135,19
type_horizon,16,3,16,2171,0,8,212.0,False,0.0035047535997874135,14
type_horizon,16,3,16,2171,1,2,209.0,False,0.0035047535997874135,14
type_horizon,16,3,16,2171,2,12,349.0,False,0.0035047535997874135,22
type_horizon,16,3,16,2172,0,5,234.0,False,0.0035047535997874135,15
type_horizon,16,3,16,2172,1,10,389.0,False,0.0035047535997874135,25
type_horizon,16,3,16,2172,2,1,609.0,False,0.0035047535997874135,39
type_horizon,16,3,16,2173,0,14,213.0,False,0.0035047535997874135,14
type_horizon,16,3,16,2173,1,7,222.0,False,0.0035047535997874135,14
type_horizon,16,3,16,2173,2,14,221.0,False,0.0035047535997874135,14
type_horizon,16,3,16,2174,0,10,207.0,False,0.0035047535997874135,13
type_horizon,16,3,16,2174,1,7,278.0,False,0.0035047535997874135,18
type_horizon,16,3,16,2174,2,5,234.0,False,0.0035047535997874135,15
type_horizon,16,3,16,2175,0,2,378.0,False,0.0035047535997874135,24
type_horizon,16,3,16,2175,1,8,340.0,False,0.0035047535997874135,22
type_horizon,16,3,16,2175,2,9,490.0,False,0.0035047535997874135,31
type_horizon,16,3,16,2176,0,2,585.0,False,0.0035047535997874135,37
type_horizon,16,3,16,2176,1,2,372.0,False,0.0035047535997874135,24
type_horizon,16,3,16,2176,2,4,210.0,False,0.0035047535997874135,14
type_horizon,16,3,16,2177,0,0,198.0,False,0.0035047535997874135,13
type_horizon,16,3,16,2177,1,7,210.0,False,0.0035047535997874135,14
type_horizon,16,3,16,2177,2,1,222.0,False,0.0035047535997874135,14
type_horizon,16,3,16,2178,0,10,403.0,False,0.0035047535997874135,26
type_horizon,16,3,16,2178,1,3,1086.0,False,0.0035047535997874135,68
type_horizon,16,3,16,2178,2,2,644.0,False,0.0035047535997874135,41
type_horizon,16,3,16,2179,0,6,248.0,False,0.0035047535997874135,16
type_horizon,16,3,16,2179,1,6,208.0,False,0.0035047535997874135,13
type_horizon,16,3,16,2179,2,7,360.0,False,0.0035047535997874135,23
type_horizon,16,3,16,2180,0,10,220.0,False,0.0035047535997874135,14
type_horizon,16,3,16,2180,1,10,266.0,False,0.0035047535997874135,17
type_horizon,16,3,16,2180,2,11,211.0,False,0.0035047535997874135,14
type_horizon,16,3,16,2181,0,6,213.0,False,0.0035047535997874135,14
type_horizon,16,3,16,2181,1,11,861.0,False,0.0035047535997874135,54
type_horizon,16,3,16,2181,2,3,209.0,False,0.0035047535997874135,14
type_horizon,16,3,16,2182,0,7,450.0,False,0.0035047535997874135,29
type_horizon,16,3,16,2182,1,11,363.0,False,0.0035047535997874135,23
type_horizon,16,3,16,2182,2,11,236.0,False,0.0035047535997874135,15
type_horizon,16,3,16,2183,0,5,311.0,False,0.0035047535997874135,20
type_horizon,16,3,16,2183,1,2,370.0,False,0.0035047535997874135,24
type_horizon,16,3,16,2183,2,3,228.0,False,0.0035047535997874135,15
type_horizon,16,3,16,2184,0,10,253.0,False,0.0035047535997874135,16
type_horizon,16,3,16,2184,1,3,224.0,False,0.0035047535997874135,14
type_horizon,16,3,16,2184,2,3,694.0,False,0.0035047535997874135,44
type_horizon,16,3,16,2185,0,6,513.0,False,0.0035047535997874135,33
type_horizon,16,3,16,2185,1,6,411.0,False,0.0035047535997874135,26
type_horizon,16,3,16,2185,2,4,625.0,False,0.0035047535997874135,40
type_horizon,16,3,16,2186,0,7,393.0,False,0.0035047535997874135,25
type_horizon,16,3,16,2186,1,8,441.0,False,0.0035047535997874135,28
type_horizon,16,3,16,2186,2,11,329.0,False,0.0035047535997874135,21
type_horizon,16,3,16,2187,0,13,252.0,False,0.0035047535997874135,16
type_horizon,16,3,16,2187,1,9,241.0,False,0.0035047535997874135,16
type_horizon,16,3,16,2187,2,10,209.0,False,0.0035047535997874135,14
type_horizon,16,3,16,2188,0,1,255.0,False,0.0035047535997874135,16
type_horizon,16,3,16,2188,1,1,215.0,False,0.0035047535997874135,14
type_horizon,16,3,16,2188,2,14,206.0,False,0.0035047535997874135,13
type_horizon,16,3,16,2189,0,13,207.0,False,0.0035047535997874135,13
type_horizon,16,3,16,2189,1,3,250.0,False,0.0035047535997874135,16
type_horizon,16,3,16,2189,2,14,207.0,False,0.0035047535997874135,13
type_horizon,16,3,16,2190,0,0,82.0,False,0.0035047535997874135,6
type_horizon,16,3,16,2190,1,0,45.0,False,0.0035047535997874135,3
type_horizon,16,3,16,2190,2,4,245.0,False,0.0035047535997874135,16
type_horizon,16,3,16,2191,0,8,288.0,False,0.0035047535997874135,18
type_horizon,16,3,16,2191,1,2,213.0,False,0.0035047535997874135,14
type_horizon,16,3,16,2191,2,3,210.0,False,0.0035047535997874135,14
type_horizon,16,3,16,2192,0,4,218.0,False,0.0035047535997874135,14
type_horizon,16,3,16,2192,1,15,94.0,False,0.0035047535997874135,6
type_horizon,16,3,16,2192,2,5,212.0,False,0.0035047535997874135,14
type_horizon,16,3,16,2193,0,12,620.0,False,0.0035047535997874135,39
type_horizon,16,3,16,2193,1,11,221.0,False,0.0035047535997874135,14
type_horizon,16,3,16,2193,2,8,207.0,False,0.0035047535997874135,13
type_horizon,16,3,16,2194,0,2,263.0,False,0.0035047535997874135,17
type_horizon,16,3,16,2194,1,10,212.0,False,0.0035047535997874135,14
type_horizon,16,3,16,2194,2,14,458.0,False,0.0035047535997874135,29
type_horizon,16,3,16,2195,0,2,208.0,False,0.0035047535997874135,13
type_horizon,16,3,16,2195,1,11,211.0,False,0.0035047535997874135,14
type_horizon,16,3,16,2195,2,2,490.0,False,0.0035047535997874135,31
type_horizon,16,3,16,2196,0,9,250.0,False,0.0035047535997874135,16
type_horizon,16,3,16,2196,1,7,294.0,False,0.0035047535997874135,19
type_horizon,16,3,16,2196,2,5,294.0,False,0.0035047535997874135,19
type_horizon,16,3,16,2197,0,6,231.0,False,0.0035047535997874135,15
type_horizon,16,3,16,2197,1,8,503.0,False,0.0035047535997874135,32
type_horizon,16,3,16,2197,2,15,44.0,False,0.0035047535997874135,3
type_horizon,16,3,16,2198,0,1,234.0,False,0.0035047535997874135,15
type_horizon,16,3,16,2198,1,5,223.0,False,0.0035047535997874135,14
type_horizon,16,3,16,2198,2,12,383.0,False,0.0035047535997874135,24
type_horizon,16,3,16,2199,0,0,35.0,False,0.0035047535997874135,3
type_horizon,16,3,16,2199,1,3,219.0,False,0.0035047535997874135,14
type_horizon,16,3,16,2199,2,6,531.0,False,0.0035047535997874135,34
population,4,2,8,2000,0,6,48.0,False,0.015992267610175137,12
population,4,2,8,2000,1,2,48.0,False,0.015992267610175137,12
population,4,2,8,2001,0,2,48.0,False,0.015992267610175137,12
population,4,2,8,2001,1,7,23.0,False,0.015992267610175137,6
population,4,2,8,2002,0,4,65.0,False,0.015992267610175137,17
population,4,2,8,2002,1,6,65.0,False,0.015992267610175137,17
population,4,2,8,2003,0,7,18.0,False,0.015992267610175137,5
population,4,2,8,2003,1,0,34.0,False,0.015992267610175137,9
population,4,2,8,2004,0,7,13.0,False,0.015992267610175137,4
population,4,2,8,2004,1,2,70.0,False,0.015992267610175137,18
population,4,2,8,2005,0,1,47.0,False,0.015992267610175137,12
population,4,2,8,2005,1,5,51.0,False,0.015992267610175137,13
population,4,2,8,2006,0,6,54.0,False,0.015992267610175137,14
population,4,2,8,2006,1,2,72.0,False,0.015992267610175137,18
population,4,2,8,2007,0,0,28.0,False,0.015992267610175137,7
population,4,2,8,2007,1,6,46.0,False,0.015992267610175137,12
population,4,2,8,2008,0,1,74.0,False,0.015992267610175137,19
population,4,2,8,2008,1,6,220.0,False,0.015992267610175137,55
population,4,2,8,2009,0,0,13.0,False,0.015992267610175137,4
population,4,2,8,2009,1,4,168.0,False,0.015992267610175137,42
population,4,2,8,2010,0,0,62.0,False,0.015992267610175137,16
population,4,2,8,2010,1,6,71.0,False,0.015992267610175137,18
population,4,2,8,2011,0,1,69.0,False,0.015992267610175137,18
population,4,2,8,2011,1,0,19.0,False,0.015992267610175137,5
population,4,2,8,2012,0,0,23.0,False,0.015992267610175137,6
population,4,2,8,2012,1,6,45.0,False,0.015992267610175137,12
population,4,2,8,2013,0,1,71.0,False,0.015992267610175137,18
population,4,2,8,2013,1,6,92.0,False,0.015992267610175137,23
population,4,2,8,2014,0,4,251.0,False,0.015992267610175137,63
population,4,2,8,2014,1,6,47.0,False,0.015992267610175137,12
population,4,2,8,2015,0,0,35.0,False,0.015992267610175137,9
population,4,2,8,2015,1,7,47.0,False,0.015992267610175137,12
population,4,2,8,2016,0,1,79.0,False,0.015992267610175137,20
population,4,2,8,2016,1,1,51.0,False,0.015992267610175137,13
population,4,2,8,2017,0,2,48.0,False,0.015992267610175137,12
population,4,2,8,2017,1,6,48.0,False,0.015992267610175137,12
population,4,2,8,2018,0,5,45.0,False,0.015992267610175137,12
population,4,2,8,2018,1,2,47.0,False,0.015992267610175137,12
population,4,2,8,2019,0,3,168.0,False,0.015992267610175137,42
population,4,2,8,2019,1,3,70.0,False,0.015992267610175137,18
population,4,2,8,2020,0,2,53.0,False,0.015992267610175137,14
population,4,2,8,2020,1,2,82.0,False,0.015992267610175137,21
population,4,2,8,2021,0,2,53.0,False,0.015992267610175137,14
population,4,2,8,2021,1,1,110.0,False,0.015992267610175137,28
population,4,2,8,2022,0,2,58.0,False,0.015992267610175137,15
population,4,2,8,2022,1,6,61.0,False,0.015992267610175137,16
population,4,2,8,2023,0,6,97.0,False,0.015992267610175137,25
population,4,2,8,2023,1,2,89.0,False,0.015992267610175137,23
population,4,2,8,2024,0,4,171.0,False,0.015992267610175137,43
population,4,2,8,2024,1,3,115.0,False,0.015992267610175137,29
population,4,2,8,2025,0,7,9.0,False,0.015992267610175137,3
population,4,2,8,2025,1,2,73.0,False,0.015992267610175137,19
population,4,2,8,2026,0,7,65.0,False,0.015992267610175137,17
population,4,2,8,2026,1,0,29.0,False,0.015992267610175137,8
population,4,2,8,2027,0,3,111.0,False,0.015992267610175137,28
population,4,2,8,2027,1,6,69.0,False,0.015992267610175137,18
population,4,2,8,2028,0,5,64.0,False,0.015992267610175137,16
population,4,2,8,2028,1,7,26.0,False,0.015992267610175137,7
population,4,2,8,2029,0,6,49.0,False,0.015992267610175137,13
population,4,2,8,2029,1,4,90.0,False,0.015992267610175137,23
population,4,2,8,2030,0,5,50.0,False,0.015992267610175137,13
population,4,2,8,2030,1,0,20.0,False,0.015992267610175137,5
population,4,2,8,2031,0,0,10.0,False,0.015992267610175137,3
population,4,2,8,2031,1,7,13.0,False,0.015992267610175137,4
population,4,2,8,2032,0,0,10.0,False,0.015992267610175137,3
population,4,2,8,2032,1,4,126.0,False,0.015992267610175137,32
population,4,2,8,2033,0,3,107.0,False,0.015992267610175137,27
population,4,2,8,2033,1,4,63.0,False,0.015992267610175137,16
population,4,2,8,2034,0,5,55.0,False,0.015992267610175137,14
population,4,2,8,2034,1,6,78.0,False,0.015992267610175137,20
population,4,2,8,2035,0,0,18.0,False,0.015992267610175137,5
population,4,2,8,2035,1,3,52.0,False,0.015992267610175137,13
population,4,2,8,2036,0,0,9.0,False,0.015992267610175137,3
population,4,2,8,2036,1,4,48.0,False,0.015992267610175137,12
population,4,2,8,2037,0,0,26.0,False,0.015992267610175137,7
population,4,2,8,2037,1,1,58.0,False,0.015992267610175137,15
population,4,2,8,2038,0,0,28.0,False,0.015992267610175137,7
population,4,2,8,2038,1,6,103.0,False,0.015992267610175137,26
population,4,2,8,2039,0,5,48.0,False,0.015992267610175137,12
population,4,2,8,2039,1,6,55.0,False,0.015992267610175137,14
population,4,2,8,2040,0,3,45.0,False,0.015992267610175137,12
population,4,2,8,2040,1,3,48.0,False,0.015992267610175137,12
population,4,2,8,2041,0,1,50.0,False,0.015992267610175137,13
population,4,2,8,2041,1,4,49.0,False,0.015992267610175137,13
population,4,2,8,2042,0,4,58.0,False,0.015992267610175137,15
population,4,2,8,2042,1,7,13.0,False,0.015992267610175137,4
population,4,2,8,2043,0,7,23.0,False,0.015992267610175137,6
population,4,2,8,2043,1,1,76.0,False,0.015992267610175137,19
population,4,2,8,2044,0,4,47.0,False,0.015992267610175137,12
population,4,2,8,2044,1,1,53.0,False,0.015992267610175137,14
population,4,2,8,2045,0,6,50.0,False,0.015992267610175137,13
population,4,2,8,2045,1,2,107.0,False,0.015992267610175137,27
population,4,2,8,2046,0,1,47.0,False,0.015992267610175137,12
population,4,2,8,2046,1,6,46.0,False,0.015992267610175137,12
population,4,2,8,2047,0,3,55.0,False,0.015992267610175137,14
population,4,2,8,2047,1,5,50.0,False,0.015992267610175137,13
population,4,2,8,2048,0,6,51.0,False,0.015992267610175137,13
population,4,2,8,2048,1,4,73.0,False,0.015992267610175137,19
population,4,2,8,2049,0,7,23.0,False,0.015992267610175137,6
population,4,2,8,2049,1,0,22.0,False,0.015992267610175137,6
population,4,2,8,2050,0,5,68.0,False,0.015992267610175137,17
population,4,2,8,2050,1,5,58.0,False,0.015992267610175137,15
population,4,2,8,2051,0,5,52.0,False,0.015992267610175137,13
population,4,2,8,2051,1,4,47.0,False,0.015992267610175137,12
population,4,2,8,2052,0,4,47.0,False,0.015992267610175137,12
population,4,2,8,2052,1,1,47.0,False,0.015992267610175137,12
population,4,2,8,2053,0,0,21.0,False,0.015992267610175137,6
population,4,2,8,2053,1,3,49.0,False,0.015992267610175137,13
population,4,2,8,2054,0,0,47.0,False,0.015992267610175137,12
population,4,2,8,2054,1,7,10.0,False,0.015992267610175137,3
population,4,2,8,2055,0,0,22.0,False,0.015992267610175137,6
population,4,2,8,2055,1,5,47.0,False,0.015992267610175137,12
population,4,2,8,2056,0,3,75.0,False,0.015992267610175137,19
population,4,2,8,2056,1,1,46.0,False,0.015992267610175137,12
population,4,2,8,2057,0,2,49.0,False,0.015992267610175137,13
population,4,2,8,2057,1,6,49.0,False,0.015992267610175137,13
population,4,2,8,2058,0,0,30.0,False,0.015992267610175137,8
population,4,2,8,2058,1,0,12.0,False,0.015992267610175137,3
population,4,2,8,2059,0,0,31.0,False,0.015992267610175137,8
population,4,2,8,2059,1,3,52.0,False,0.015992267610175137,13
population,4,2,8,2060,0,4,57.0,False,0.015992267610175137,15
population,4,2,8,2060,1,0,102.0,False,0.015992267610175137,26
population,4,2,8,2061,0,4,47.0,False,0.015992267610175137,12
population,4,2,8,2061,1,2,85.0,False,0.015992267610175137,22
population,4,2,8,2062,0,6,53.0,False,0.015992267610175137,14
population,4,2,8,2062,1,5,47.0,False,0.015992267610175137,12
population,4,2,8,2063,0,4,97.0,False,0.015992267610175137,25
population,4,2,8,2063,1,4,46.0,False,0.015992267610175137,12
population,4,2,8,2064,0,3,46.0,False,0.015992267610175137,12
population,4,2,8,2064,1,2,84.0,False,0.015992267610175137,21
population,4,2,8,2065,0,4,62.0,False,0.015992267610175137,16
population,4,2,8,2065,1,5,64.0,False,0.015992267610175137,16
population,4,2,8,2066,0,2,51.0,False,0.015992267610175137,13
population,4,2,8,2066,1,0,9.0,False,0.015992267610175137,3
population,4,2,8,2067,0,4,54.0,False,0.015992267610175137,14
population,4,2,8,2067,1,5,51.0,False,0.015992267610175137,13
population,4,2,8,2068,0,6,48.0,False,0.015992267610175137,12
population,4,2,8,2068,1,1,369.0,False,0.015992267610175137,93
population,4,2,8,2069,0,6,49.0,False,0.015992267610175137,13
population,4,2,8,2069,1,3,57.0,False,0.015992267610175137,15
population,4,2,8,2070,0,5,46.0,False,0.015992267610175137,12
population,4,2,8,2070,1,6,62.0,False,0.015992267610175137,16
population,4,2,8,2071,0,3,78.0,False,0.015992267610175137,20
population,4,2,8,2071,1,3,114.0,False,0.015992267610175137,29
population,4,2,8,2072,0,7,17.0,False,0.015992267610175137,5
population,4,2,8,2072,1,0,24.0,False,0.015992267610175137,6
population,4,2,8,2073,0,5,46.0,False,0.015992267610175137,12
population,4,2,8,2073,1,6,58.0,False,0.015992267610175137,15
population,4,2,8,2074,0,5,67.0,False,0.015992267610175137,17
population,4,2,8,2074,1,4,59.0,False,0.015992267610175137,15
population,4,2,8,2075,0,2,178.0,False,0.015992267610175137,45
population,4,2,8,2075,1,1,163.0,False,0.015992267610175137,41
population,4,2,8,2076,0,7,10.0,False,0.015992267610175137,3
population,4,2,8,2076,1,0,67.0,False,0.015992267610175137,17
population,4,2,8,2077,0,3,116.0,False,0.015992267610175137,29
population,4,2,8,2077,1,1,67.0,False,0.015992267610175137,17
population,4,2,8,2078,0,4,55.0,False,0.015992267610175137,14
population,4,2,8,2078,1,2,46.0,False,0.015992267610175137,12
population,4,2,8,2079,0,2,52.0,False,0.015992267610175137,13
population,4,2,8,2079,1,5,87.0,False,0.015992267610175137,22
population,4,2,8,2080,0,6,111.0,False,0.015992267610175137,28
population,4,2,8,2080,1,0,28.0,False,0.015992267610175137,7
population,4,2,8,2081,0,3,45.0,False,0.015992267610175137,12
population,4,2,8,2081,1,4,56.0,False,0.015992267610175137,14
population,4,2,8,2082,0,7,13.0,False,0.015992267610175137,4
population,4,2,8,2082,1,7,21.0,False,0.015992267610175137,6
population,4,2,8,2083,0,2,51.0,False,0.015992267610175137,13
population,4,2,8,2083,1,5,48.0,False,0.015992267610175137,12
population,4,2,8,2084,0,3,47.0,False,0.015992267610175137,12
population,4,2,8,2084,1,7,35.0,False,0.015992267610175137,9
population,4,2,8,2085,0,6,66.0,False,0.015992267610175137,17
population,4,2,8,2085,1,6,96.0,False,0.015992267610175137,24
population,4,2,8,2086,0,1,86.0,False,0.015992267610175137,22
population,4,2,8,2086,1,5,87.0,False,0.015992267610175137,22
population,4,2,8,2087,0,3,45.0,False,0.015992267610175137,12
population,4,2,8,2087,1,0,32.0,False,0.015992267610175137,8
population,4,2,8,2088,0,3,74.0,False,0.015992267610175137,19
population,4,2,8,2088,1,4,47.0,False,0.015992267610175137,12
population,4,2,8,2089,0,5,52.0,False,0.015992267610175137,13
population,4,2,8,2089,1,5,111.0,False,0.015992267610175137,28
population,4,2,8,2090,0,6,108.0,False,0.015992267610175137,27
population,4,2,8,2090,1,6,55.0,False,0.015992267610175137,14
population,4,2,8,2091,0,7,61.0,False,0.015992267610175137,16
population,4,2,8,2091,1,3,52.0,False,0.015992267610175137,13
population,4,2,8,2092,0,6,46.0,False,0.015992267610175137,12
population,4,2,8,2092,1,6,71.0,False,0.015992267610175137,18
population,4,2,8,2093,0,4,65.0,False,0.015992267610175137,17
population,4,2,8,2093,1,4,52.0,False,0.015992267610175137,13
population,4,2,8,2094,0,5,49.0,False,0.015992267610175137,13
population,4,2,8,2094,1,4,78.0,False,0.015992267610175137,20
population,4,2,8,2095,0,6,87.0,False,0.015992267610175137,22
population,4,2,8,2095,1,3,49.0,False,0.015992267610175137,13
population,4,2,8,2096,0,1,93.0,False,0.015992267610175137,24
population,4,2,8,2096,1,1,50.0,False,0.015992267610175137,13
population,4,2,8,2097,0,0,19.0,False,0.015992267610175137,5
population,4,2,8,2097,1,4,74.0,False,0.015992267610175137,19
population,4,2,8,2098,0,1,46.0,False,0.015992267610175137,12
population,4,2,8,2098,1,7,26.0,False,0.015992267610175137,7
population,4,2,8,2099,0,7,13.0,False,0.015992267610175137,4
population,4,2,8,2099,1,2,54.0,False,0.015992267610175137,14
population,4,2,8,2100,0,5,63.0,False,0.015992267610175137,16
population,4,2,8,2100,1,7,65.0,False,0.015992267610175137,17
population,4,2,8,2101,0,7,39.0,False,0.015992267610175137,10
population,4,2,8,2101,1,3,54.0,False,0.015992267610175137,14
population,4,2,8,2102,0,3,57.0,False,0.015992267610175137,15
population,4,2,8,2102,1,3,63.0,False,0.015992267610175137,16
population,4,2,8,2103,0,0,28.0,False,0.015992267610175137,7
population,4,2,8,2103,1,5,54.0,False,0.015992267610175137,14
population,4,2,8,2104,0,2,67.0,False,0.015992267610175137,17
population,4,2,8,2104,1,6,85.0,False,0.015992267610175137,22
population,4,2,8,2105,0,2,46.0,False,0.015992267610175137,12
population,4,2,8,2105,1,4,111.0,False,0.015992267610175137,28
population,4,2,8,2106,0,3,47.0,False,0.015992267610175137,12
population,4,2,8,2106,1,3,68.0,False,0.015992267610175137,17
population,4,2,8,2107,0,2,46.0,False,0.015992267610175137,12
population,4,2,8,2107,1,6,45.0,False,0.015992267610175137,12
population,4,2,8,2108,0,6,117.0,False,0.015992267610175137,30
population,4,2,8,2108,1,7,85.0,False,0.015992267610175137,22
population,4,2,8,2109,0,2,128.0,False,0.015992267610175137,32
population,4,2,8,2109,1,4,71.0,False,0.015992267610175137,18
population,4,2,8,2110,0,4,72.0,False,0.015992267610175137,18
population,4,2,8,2110,1,0,11.0,False,0.015992267610175137,3
population,4,2,8,2111,0,0,73.0,False,0.015992267610175137,19
population,4,2,8,2111,1,2,240.0,False,0.015992267610175137,60
population,4,2,8,2112,0,1,85.0,False,0.015992267610175137,22
population,4,2,8,2112,1,5,64.0,False,0.015992267610175137,16
population,4,2,8,2113,0,5,55.0,False,0.015992267610175137,14
population,4,2,8,2113,1,1,51.0,False,0.015992267610175137,13
population,4,2,8,2114,0,1,84.0,False,0.015992267610175137,21
population,4,2,8,2114,1,4,76.0,False,0.015992267610175137,19
population,4,2,8,2115,0,0,39.0,False,0.015992267610175137,10
population,4,2,8,2115,1,6,60.0,False,0.015992267610175137,15
population,4,2,8,2116,0,2,169.0,False,0.015992267610175137,43
population,4,2,8,2116,1,6,70.0,False,0.015992267610175137,18
population,4,2,8,2117,0,5,62.0,False,0.015992267610175137,16
population,4,2,8,2117,1,3,115.0,False,0.015992267610175137,29
population,4,2,8,2118,0,5,54.0,False,0.015992267610175137,14
population,4,2,8,2118,1,3,47.0,False,0.015992267610175137,12
population,4,2,8,2119,0,2,86.0,False,0.015992267610175137,22
population,4,2,8,2119,1,1,75.0,False,0.015992267610175137,19
population,4,2,8,2120,0,7,17.0,False,0.015992267610175137,5
population,4,2,8,2120,1,3,48.0,False,0.015992267610175137,12
population,4,2,8,2121,0,2,49.0,False,0.015992267610175137,13
population,4,2,8,2121,1,7,63.0,False,0.015992267610175137,16
population,4,2,8,2122,0,1,65.0,False,0.015992267610175137,17
population,4,2,8,2122,1,1,46.0,False,0.015992267610175137,12
population,4,2,8,2123,0,6,68.0,False,0.015992267610175137,17
population,4,2,8,2123,1,6,53.0,False,0.015992267610175137,14
population,4,2,8,2124,0,4,97.0,False,0.015992267610175137,25
population,4,2,8,2124,1,3,114.0,False,0.015992267610175137,29
population,4,2,8,2125,0,1,107.0,False,0.015992267610175137,27
population,4,2,8,2125,1,2,49.0,False,0.015992267610175137,13
population,4,2,8,2126,0,5,46.0,False,0.015992267610175137,12
population,4,2,8,2126,1,0,78.0,False,0.015992267610175137,20
population,4,2,8,2127,0,0,40.0,False,0.015992267610175137,10
population,4,2,8,2127,1,1,107.0,False,0.015992267610175137,27
population,4,2,8,2128,0,6,52.0,False,0.015992267610175137,13
population,4,2,8,2128,1,5,157.0,False,0.015992267610175137,40
population,4,2,8,2129,0,5,57.0,False,0.015992267610175137,15
population,4,2,8,2129,1,3,55.0,False,0.015992267610175137,14
population,4,2,8,2130,0,1,135.0,False,0.015992267610175137,34
population,4,2,8,2130,1,4,88.0,False,0.015992267610175137,22
population,4,2,8,2131,0,3,67.0,False,0.015992267610175137,17
population,4,2,8,2131,1,0,14.0,False,0.015992267610175137,4
population,4,2,8,2132,0,6,46.0,False,0.015992267610175137,12
population,4,2,8,2132,1,6,50.0,False,0.015992267610175137,13
population,4,2,8,2133,0,4,51.0,False,0.015992267610175137,13
population,4,2,8,2133,1,5,138.0,False,0.015992267610175137,35
population,4,2,8,2134,0,5,54.0,False,0.015992267610175137,14
population,4,2,8,2134,1,6,45.0,False,0.015992267610175137,12
population,4,2,8,2135,0,0,14.0,False,0.015992267610175137,4
population,4,2,8,2135,1,4,79.0,False,0.015992267610175137,20
population,4,2,8,2136,0,6,66.0,False,0.015992267610175137,17
population,4,2,8,2136,1,2,79.0,False,0.015992267610175137,20
population,4,2,8,2137,0,4,62.0,False,0.015992267610175137,16
population,4,2,8,2137,1,3,46.0,False,0.015992267610175137,12
population,4,2,8,2138,0,4,47.0,False,0.015992267610175137,12
population,4,2,8,2138,1,4,46.0,False,0.015992267610175137,12
population,4,2,8,2139,0,5,59.0,False,0.015992267610175137,15
population,4,2,8,2139,1,0,11.0,False,0.015992267610175137,3
population,4,2,8,2140,0,6,52.0,False,0.015992267610175137,13
population,4,2,8,2140,1,1,46.0,False,0.015992267610175137,12
population,4,2,8,2141,0,7,69.0,False,0.015992267610175137,18
population,4,2,8,2141,1,7,47.0,False,0.015992267610175137,12
population,4,2,8,2142,0,1,91.0,False,0.015992267610175137,23
population,4,2,8,2142,1,2,46.0,False,0.015992267610175137,12
population,4,2,8,2143,0,5,45.0,False,0.015992267610175137,12
population,4,2,8,2143,1,4,62.0,False,0.015992267610175137,16
population,4,2,8,2144,0,2,82.0,False,0.015992267610175137,21
population,4,2,8,2144,1,0,46.0,False,0.015992267610175137,12
population,4,2,8,2145,0,0,13.0,False,0.015992267610175137,4
population,4,2,8,2145,1,6,50.0,False,0.015992267610175137,13
population,4,2,8,2146,0,7,24.0,False,0.015992267610175137,6
population,4,2,8,2146,1,0,38.0,False,0.015992267610175137,10
population,4,2,8,2147,0,3,81.0,False,0.015992267610175137,21
population,4,2,8,2147,1,6,57.0,False,0.015992267610175137,15
population,4,2,8,2148,0,2,47.0,False,0.015992267610175137,12
population,4,2,8,2148,1,2,89.0,False,0.015992267610175137,23
population,4,2,8,2149,0,0,13.0,False,0.015992267610175137,4
population,4,2,8,2149,1,7,7.0,False,0.015992267610175137,2
population,4,2,8,2150,0,1,137.0,False,0.015992267610175137,35
population,4,2,8,2150,1,3,45.0,False,0.015992267610175137,12
population,4,2,8,2151,0,1,92.0,False,0.015992267610175137,23
population,4,2,8,2151,1,4,46.0,False,0.015992267610175137,12
population,4,2,8,2152,0,2,55.0,False,0.015992267610175137,14
population,4,2,8,2152,1,4,50.0,False,0.015992267610175137,13
population,4,2,8,2153,0,2,52.0,False,0.015992267610175137,13
population,4,2,8,2153,1,3,46.0,False,0.015992267610175137,12
population,4,2,8,2154,0,2,122.0,False,0.015992267610175137,31
population,4,2,8,2154,1,4,64.0,False,0.015992267610175137,16
population,4,2,8,2155,0,5,66.0,False,0.015992267610175137,17
population,4,2,8,2155,1,7,48.0,False,0.015992267610175137,12
population,4,2,8,2156,0,6,48.0,False,0.015992267610175137,12
population,4,2,8,2156,1,1,47.0,False,0.015992267610175137,12
population,4,2,8,2157,0,7,44.0,False,0.015992267610175137,11
population,4,2,8,2157,1,1,49.0,False,0.015992267610175137,13
population,4,2,8,2158,0,1,66.0,False,0.015992267610175137,17
population,4,2,8,2158,1,0,30.0,False,0.015992267610175137,8
population,4,2,8,2159,0,6,45.0,False,0.015992267610175137,12
population,4,2,8,2159,1,7,28.0,False,0.015992267610175137,7
population,4,2,8,2160,0,0,20.0,False,0.015992267610175137,5
population,4,2,8,2160,1,4,45.0,False,0.015992267610175137,12
population,4,2,8,2161,0,4,83.0,False,0.015992267610175137,21
population,4,2,8,2161,1,3,47.0,False,0.015992267610175137,12
population,4,2,8,2162,0,0,32.0,False,0.015992267610175137,8
population,4,2,8,2162,1,1,48.0,False,0.015992267610175137,12
population,4,2,8,2163,0,2,96.0,False,0.015992267610175137,24
population,4,2,8,2163,1,3,92.0,False,0.015992267610175137,23
population,4,2,8,2164,0,1,45.0,False,0.015992267610175137,12
population,4,2,8,2164,1,7,14.0,False,0.015992267610175137,4
population,4,2,8,2165,0,2,49.0,False,0.015992267610175137,13
population,4,2,8,2165,1,0,11.0,False,0.015992267610175137,3
population,4,2,8,2166,0,1,48.0,False,0.015992267610175137,12
population,4,2,8,2166,1,5,49.0,False,0.015992267610175137,13
population,4,2,8,2167,0,0,47.0,False,0.015992267610175137,12
population,4,2,8,2167,1,0,39.0,False,0.015992267610175137,10
population,4,2,8,2168,0,4,55.0,False,0.015992267610175137,14
population,4,2,8,2168,1,1,106.0,False,0.015992267610175137,27
population,4,2,8,2169,0,6,64.0,False,0.015992267610175137,16
population,4,2,8,2169,1,1,52.0,False,0.015992267610175137,13
population,4,2,8,2170,0,7,8.0,False,0.015992267610175137,2
population,4,2,8,2170,1,3,46.0,False,0.015992267610175137,12
population,4,2,8,2171,0,1,97.0,False,0.015992267610175137,25
population,4,2,8,2171,1,0,22.0,False,0.015992267610175137,6
population,4,2,8,2172,0,7,12.0,False,0.015992267610175137,3
population,4,2,8,2172,1,1,51.0,False,0.015992267610175137,13
population,4,2,8,2173,0,3,79.0,False,0.015992267610175137,20
population,4,2,8,2173,1,1,125.0,False,0.015992267610175137,32
population,4,2,8,2174,0,3,49.0,False,0.015992267610175137,13
population,4,2,8,2174,1,7,54.0,False,0.015992267610175137,14
population,4,2,8,2175,0,5,49.0,False,0.015992267610175137,13
population,4,2,8,2175,1,7,41.0,False,0.015992267610175137,11
population,4,2,8,2176,0,0,12.0,False,0.015992267610175137,3
population,4,2,8,2176,1,1,80.0,False,0.015992267610175137,20
population,4,2,8,2177,0,4,62.0,False,0.015992267610175137,16
population,4,2,8,2177,1,7,184.0,False,0.015992267610175137,46
population,4,2,8,2178,0,0,51.0,False,0.015992267610175137,13
population,4,2,8,2178,1,0,82.0,False,0.015992267610175137,21
population,4,2,8,2179,0,6,49.0,False,0.015992267610175137,13
population,4,2,8,2179,1,2,55.0,False,0.015992267610175137,14
population,4,2,8,2180,0,1,59.0,False,0.015992267610175137,15
population,4,2,8,2180,1,7,10.0,False,0.015992267610175137,3
population,4,2,8,2181,0,7,8.0,False,0.015992267610175137,2
population,4,2,8,2181,1,5,63.0,False,0.015992267610175137,16
population,4,2,8,2182,0,2,123.0,False,0.015992267610175137,31
population,4,2,8,2182,1,3,60.0,False,0.015992267610175137,15
population,4,2,8,2183,0,5,88.0,False,0.015992267610175137,22
population,4,2,8,2183,1,7,26.0,False,0.015992267610175137,7
population,4,2,8,2184,0,2,74.0,False,0.015992267610175137,19
population,4,2,8,2184,1,5,70.0,False,0.015992267610175137,18
population,4,2,8,2185,0,1,45.0,False,0.015992267610175137,12
population,4,2,8,2185,1,7,17.0,False,0.015992267610175137,5
population,4,2,8,2186,0,5,47.0,False,0.015992267610175137,12
population,4,2,8,2186,1,0,17.0,False,0.015992267610175137,5
population,4,2,8,2187,0,4,49.0,False,0.015992267610175137,13
population,4,2,8,2187,1,5,59.0,False,0.015992267610175137,15
population,4,2,8,2188,0,1,211.0,False,0.015992267610175137,53
population,4,2,8,2188,1,7,21.0,False,0.015992267610175137,6
population,4,2,8,2189,0,1,60.0,False,0.015992267610175137,15
population,4,2,8,2189,1,5,55.0,False,0.015992267610175137,14
population,4,2,8,2190,0,5,47.0,False,0.015992267610175137,12
population,4,2,8,2190,1,6,191.0,False,0.015992267610175137,48
population,4,2,8,2191,0,1,47.0,False,0.015992267610175137,12
population,4,2,8,2191,1,2,58.0,False,0.015992267610175137,15
population,4,2,8,2192,0,3,54.0,False,0.015992267610175137,14
population,4,2,8,2192,1,7,28.0,False,0.015992267610175137,7
population,4,2,8,2193,0,5,155.0,False,0.015992267610175137,39
population,4,2,8,2193,1,2,125.0,False,0.015992267610175137,32
population,4,2,8,2194,0,6,48.0,False,0.015992267610175137,12
population,4,2,8,2194,1,6,81.0,False,0.015992267610175137,21
population,4,2,8,2195,0,5,166.0,False,0.015992267610175137,42
population,4,2,8,2195,1,5,95.0,False,0.015992267610175137,24
population,4,2,8,2196,0,7,11.0,False,0.015992267610175137,3
population,4,2,8,2196,1,4,50.0,False,0.015992267610175137,13
population,4,2,8,2197,0,4,46.0,False,0.015992267610175137,12
population,4,2,8,2197,1,2,61.0,False,0.015992267610175137,16
population,4,2,8,2198,0,7,25.0,False,0.015992267610175137,7
population,4,2,8,2198,1,4,55.0,False,0.015992267610175137,14
population,4,2,8,2199,0,7,37.0,False,0.015992267610175137,10
population,4,2,8,2199,1,7,52.0,False,0.015992267610175137,13
population,4,4,8,2000,0,4,97.0,False,0.015992267610175137,25
population,4,4,8,2000,1,2,57.0,False,0.015992267610175137,15
population,4,4,8,2000,2,0,18.0,False,0.015992267610175137,5
population,4,4,8,2000,3,3,74.0,False,0.015992267610175137,19
population,4,4,8,2001,0,2,52.0,False,0.015992267610175137,13
population,4,4,8,2001,1,0,14.0,False,0.015992267610175137,4
population,4,4,8,2001,2,3,58.0,False,0.015992267610175137,15
population,4,4,8,2001,3,6,56.0,False,0.015992267610175137,14
population,4,4,8,2002,0,4,63.0,False,0.015992267610175137,16
population,4,4,8,2002,1,5,55.0,False,0.015992267610175137,14
population,4,4,8,2002,2,3,47.0,False,0.015992267610175137,12
population,4,4,8,2002,3,5,61.0,False,0.015992267610175137,16
population,4,4,8,2003,0,0,8.0,False,0.015992267610175137,2
population,4,4,8,2003,1,4,106.0,False,0.015992267610175137,27
population,4,4,8,2003,2,4,49.0,False,0.015992267610175137,13
population,4,4,8,2003,3,0,43.0,False,0.015992267610175137,11
population,4,4,8,2004,0,0,20.0,False,0.015992267610175137,5
population,4,4,8,2004,1,1,57.0,False,0.015992267610175137,15
population,4,4,8,2004,2,3,60.0,False,0.015992267610175137,15
population,4,4,8,2004,3,4,50.0,False,0.015992267610175137,13
population,4,4,8,2005,0,6,47.0,False,0.015992267610175137,12
population,4,4,8,2005,1,7,33.0,False,0.015992267610175137,9
population,4,4,8,2005,2,7,55.0,False,0.015992267610175137,14
population,4,4,8,2005,3,1,50.0,False,0.015992267610175137,13
population,4,4,8,2006,0,1,46.0,False,0.015992267610175137,12
population,4,4,8,2006,1,5,56.0,False,0.015992267610175137,14
population,4,4,8,2006,2,6,56.0,False,0.015992267610175137,14
population,4,4,8,2006,3,1,53.0,False,0.015992267610175137,14
population,4,4,8,2007,0,4,45.0,False,0.015992267610175137,12
population,4,4,8,2007,1,0,32.0,False,0.015992267610175137,8
population,4,4,8,2007,2,6,125.0,False,0.015992267610175137,32
population,4,4,8,2007,3,3,46.0,False,0.015992267610175137,12
population,4,4,8,2008,0,3,46.0,False,0.015992267610175137,12
population,4,4,8,2008,1,6,51.0,False,0.015992267610175137,13
population,4,4,8,2008,2,5,137.0,False,0.015992267610175137,35
population,4,4,8,2008,3,3,87.0,False,0.015992267610175137,22
population,4,4,8,2009,0,3,59.0,False,0.015992267610175137,15
population,4,4,8,2009,1,1,52.0,False,0.015992267610175137,13
population,4,4,8,2009,2,5,54.0,False,0.015992267610175137,14
population,4,4,8,2009,3,3,46.0,False,0.015992267610175137,12
population,4,4,8,2010,0,0,56.0,False,0.015992267610175137,14
population,4,4,8,2010,1,5,68.0,False,0.015992267610175137,17
population,4,4,8,2010,2,7,7.0,False,0.015992267610175137,2
population,4,4,8,2010,3,3,75.0,False,0.015992267610175137,19
population,4,4,8,2011,0,5,48.0,False,0.015992267610175137,12
population,4,4,8,2011,1,3,108.0,False,0.015992267610175137,27
population,4,4,8,2011,2,1,113.0,False,0.015992267610175137,29
population,4,4,8,2011,3,0,77.0,False,0.015992267610175137,20
population,4,4,8,2012,0,6,115.0,False,0.015992267610175137,29
population,4,4,8,2012,1,0,31.0,False,0.015992267610175137,8
population,4,4,8,2012,2,6,75.0,False,0.015992267610175137,19
population,4,4,8,2012,3,4,46.0,False,0.015992267610175137,12
population,4,4,8,2013,0,5,46.0,False,0.015992267610175137,12
population,4,4,8,2013,1,2,48.0,False,0.015992267610175137,12
population,4,4,8,2013,2,5,63.0,False,0.015992267610175137,16
population,4,4,8,2013,3,4,47.0,False,0.015992267610175137,12
population,4,4,8,2014,0,5,84.0,False,0.015992267610175137,21
population,4,4,8,2014,1,0,44.0,False,0.015992267610175137,11
population,4,4,8,2014,2,4,45.0,False,0.015992267610175137,12
population,4,4,8,2014,3,6,59.0,False,0.015992267610175137,15
population,4,4,8,2015,0,4,101.0,False,0.015992267610175137,26
population,4,4,8,2015,1,3,209.0,False,0.015992267610175137,53
population,4,4,8,2015,2,6,53.0,False,0.015992267610175137,14
population,4,4,8,2015,3,6,52.0,False,0.015992267610175137,13
population,4,4,8,2016,0,7,48.0,False,0.015992267610175137,12
population,4,4,8,2016,1,3,46.0,False,0.015992267610175137,12
population,4,4,8,2016,2,7,8.0,False,0.015992267610175137,2
population,4,4,8,2016,3,0,207.0,False,0.015992267610175137,52
population,4,4,8,2017,0,5,49.0,False,0.015992267610175137,13
population,4,4,8,2017,1,1,45.0,False,0.015992267610175137,12
population,4,4,8,2017,2,3,62.0,False,0.015992267610175137,16
population,4,4,8,2017,3,0,33.0,False,0.015992267610175137,9
population,4,4,8,2018,0,3,89.0,False,0.015992267610175137,23
population,4,4,8,2018,1,2,46.0,False,0.015992267610175137,12
population,4,4,8,2018,2,1,112.0,False,0.015992267610175137,28
population,4,4,8,2018,3,4,50.0,False,0.015992267610175137,13
population,4,4,8,2019,0,0,39.0,False,0.015992267610175137,10
population,4,4,8,2019,1,1,50.0,False,0.015992267610175137,13
population,4,4,8,2019,2,0,63.0,False,0.015992267610175137,16
population,4,4,8,2019,3,3,54.0,False,0.015992267610175137,14
population,4,4,8,2020,0,3,52.0,False,0.015992267610175137,13
population,4,4,8,2020,1,6,55.0,False,0.015992267610175137,14
population,4,4,8,2020,2,6,59.0,False,0.015992267610175137,15
population,4,4,8,2020,3,2,129.0,False,0.015992267610175137,33
population,4,4,8,2021,0,4,47.0,False,0.015992267610175137,12
population,4,4,8,2021,1,3,111.0,False,0.015992267610175137,28
population,4,4,8,2021,2,2,82.0,False,0.015992267610175137,21
population,4,4,8,2021,3,3,56.0,False,0.015992267610175137,14
population,4,4,8,2022,0,1,124.0,False,0.015992267610175137,31
population,4,4,8,2022,1,3,144.0,False,0.015992267610175137,36
population,4,4,8,2022,2,1,53.0,False,0.015992267610175137,14
population,4,4,8,2022,3,0,45.0,False,0.015992267610175137,12
population,4,4,8,2023,0,1,225.0,False,0.015992267610175137,57
population,4,4,8,2023,1,1,46.0,False,0.015992267610175137,12
population,4,4,8,2023,2,0,68.0,False,0.015992267610175137,17
population,4,4,8,2023,3,7,60.0,False,0.015992267610175137,15
population,4,4,8,2024,0,2,47.0,False,0.015992267610175137,12
population,4,4,8,2024,1,4,138.0,False,0.015992267610175137,35
population,4,4,8,2024,2,4,46.0,False,0.015992267610175137,12
population,4,4,8,2024,3,7,29.0,False,0.015992267610175137,8
population,4,4,8,2025,0,1,64.0,False,0.015992267610175137,16
population,4,4,8,2025,1,7,35.0,False,0.015992267610175137,9
population,4,4,8,2025,2,6,45.0,False,0.015992267610175137,12
population,4,4,8,2025,3,3,46.0,False,0.015992267610175137,12
population,4,4,8,2026,0,0,27.0,False,0.015992267610175137,7
population,4,4,8,2026,1,7,43.0,False,0.015992267610175137,11
population,4,4,8,2026,2,7,41.0,False,0.015992267610175137,11
population,4,4,8,2026,3,0,34.0,False,0.015992267610175137,9
population,4,4,8,2027,0,3,107.0,False,0.015992267610175137,27
population,4,4,8,2027,1,7,33.0,False,0.015992267610175137,9
population,4,4,8,2027,2,3,48.0,False,0.015992267610175137,12
population,4,4,8,2027,3,2,61.0,False,0.015992267610175137,16
population,4,4,8,2028,0,6,48.0,False,0.015992267610175137,12
population,4,4,8,2028,1,0,11.0,False,0.015992267610175137,3
population,4,4,8,2028,2,2,70.0,False,0.015992267610175137,18
population,4,4,8,2028,3,0,51.0,False,0.015992267610175137,13
population,4,4,8,2029,0,4,128.0,False,0.015992267610175137,32
population,4,4,8,2029,1,5,55.0,False,0.015992267610175137,14
population,4,4,8,2029,2,0,10.0,False,0.015992267610175137,3
population,4,4,8,2029,3,6,58.0,False,0.015992267610175137,15
population,4,4,8,2030,0,6,64.0,False,0.015992267610175137,16
population,4,4,8,2030,1,2,94.0,False,0.015992267610175137,24
population,4,4,8,2030,2,7,11.0,False,0.015992267610175137,3
population,4,4,8,2030,3,6,73.0,False,0.015992267610175137,19
population,4,4,8,2031,0,7,15.0,False,0.015992267610175137,4
population,4,4,8,2031,1,7,33.0,False,0.015992267610175137,9
population,4,4,8,2031,2,5,102.0,False,0.015992267610175137,26
population,4,4,8,2031,3,0,40.0,False,0.015992267610175137,10
population,4,4,8,2032,0,3,51.0,False,0.015992267610175137,13
population,4,4,8,2032,1,3,62.0,False,0.015992267610175137,16
population,4,4,8,2032,2,3,46.0,False,0.015992267610175137,12
population,4,4,8,2032,3,2,45.0,False,0.015992267610175137,12
population,4,4,8,2033,0,7,73.0,False,0.015992267610175137,19
population,4,4,8,2033,1,0,18.0,False,0.015992267610175137,5
population,4,4,8,2033,2,0,46.0,False,0.015992267610175137,12
population,4,4,8,2033,3,4,59.0,False,0.015992267610175137,15
population,4,4,8,2034,0,6,45.0,False,0.015992267610175137,12
population,4,4,8,2034,1,6,65.0,False,0.015992267610175137,17
population,4,4,8,2034,2,1,48.0,False,0.015992267610175137,12
population,4,4,8,2034,3,5,62.0,False,0.015992267610175137,16
population,4,4,8,2035,0,2,46.0,False,0.015992267610175137,12
population,4,4,8,2035,1,1,46.0,False,0.015992267610175137,12
population,4,4,8,2035,2,2,59.0,False,0.015992267610175137,15
population,4,4,8,2035,3,2,82.0,False,0.015992267610175137,21
population,4,4,8,2036,0,0,25.0,False,0.015992267610175137,7
population,4,4,8,2036,1,6,47.0,False,0.015992267610175137,12
population,4,4,8,2036,2,2,79.0,False,0.015992267610175137,20
population,4,4,8,2036,3,2,56.0,False,0.015992267610175137,14
population,4,4,8,2037,0,4,181.0,False,0.015992267610175137,46
population,4,4,8,2037,1,4,50.0,False,0.015992267610175137,13
population,4,4,8,2037,2,4,150.0,False,0.015992267610175137,38
population,4,4,8,2037,3,3,58.0,False,0.015992267610175137,15
population,4,4,8,2038,0,4,73.0,False,0.015992267610175137,19
population,4,4,8,2038,1,2,46.0,False,0.015992267610175137,12
population,4,4,8,2038,2,6,47.0,False,0.015992267610175137,12
population,4,4,8,2038,3,4,144.0,False,0.015992267610175137,36
population,4,4,8,2039,0,5,51.0,False,0.015992267610175137,13
population,4,4,8,2039,1,1,57.0,False,0.015992267610175137,15
population,4,4,8,2039,2,5,147.0,False,0.015992267610175137,37
population,4,4,8,2039,3,0,61.0,False,0.015992267610175137,16
population,4,4,8,2040,0,4,82.0,False,0.015992267610175137,21
population,4,4,8,2040,1,6,47.0,False,0.015992267610175137,12
population,4,4,8,2040,2,5,58.0,False,0.015992267610175137,15
population,4,4,8,2040,3,3,105.0,False,0.015992267610175137,27
population,4,4,8,2041,0,4,88.0,False,0.015992267610175137,22
population,4,4,8,2041,1,2,46.0,False,0.015992267610175137,12
population,4,4,8,2041,2,2,49.0,False,0.015992267610175137,13
population,4,4,8,2041,3,6,69.0,False,0.015992267610175137,18
population,4,4,8,2042,0,5,100.0,False,0.015992267610175137,25
population,4,4,8,2042,1,2,66.0,False,0.015992267610175137,17
population,4,4,8,2042,2,4,45.0,False,0.015992267610175137,12
population,4,4,8,2042,3,4,52.0,False,0.015992267610175137,13
population,4,4,8,2043,0,0,15.0,False,0.015992267610175137,4
population,4,4,8,2043,1,5,50.0,False,0.015992267610175137,13
population,4,4,8,2043,2,5,64.0,False,0.015992267610175137,16
population,4,4,8,2043,3,0,11.0,False,0.015992267610175137,3
population,4,4,8,2044,0,1,70.0,False,0.015992267610175137,18
population,4,4,8,2044,1,4,60.0,False,0.015992267610175137,15
population,4,4,8,2044,2,0,70.0,False,0.015992267610175137,18
population,4,4,8,2044,3,1,46.0,False,0.015992267610175137,12
population,4,4,8,2045,0,0,20.0,False,0.015992267610175137,5
population,4,4,8,2045,1,2,47.0,False,0.015992267610175137,12
population,4,4,8,2045,2,2,76.0,False,0.015992267610175137,19
population,4,4,8,2045,3,3,47.0,False,0.015992267610175137,12
population,4,4,8,2046,0,7,11.0,False,0.015992267610175137,3
population,4,4,8,2046,1,6,77.0,False,0.015992267610175137,20
population,4,4,8,2046,2,6,115.0,False,0.015992267610175137,29
population,4,4,8,2046,3,6,55.0,False,0.015992267610175137,14
population,4,4,8,2047,0,4,48.0,False,0.015992267610175137,12
population,4,4,8,2047,1,0,52.0,False,0.015992267610175137,13
population,4,4,8,2047,2,6,60.0,False,0.015992267610175137,15
population,4,4,8,2047,3,7,22.0,False,0.015992267610175137,6
population,4,4,8,2048,0,5,52.0,False,0.015992267610175137,13
population,4,4,8,2048,1,2,82.0,False,0.015992267610175137,21
population,4,4,8,2048,2,2,49.0,False,0.015992267610175137,13
population,4,4,8,2048,3,3,55.0,False,0.015992267610175137,14
population,4,4,8,2049,0,3,77.0,False,0.015992267610175137,20
population,4,4,8,2049,1,6,46.0,False,0.015992267610175137,12
population,4,4,8,2049,2,0,10.0,False,0.015992267610175137,3
population,4,4,8,2049,3,0,15.0,False,0.015992267610175137,4
population,4,4,8,2050,0,3,46.0,False,0.015992267610175137,12
population,4,4,8,2050,1,2,46.0,False,0.015992267610175137,12
population,4,4,8,2050,2,4,45.0,False,0.015992267610175137,12
population,4,4,8,2050,3,0,14.0,False,0.015992267610175137,4
population,4,4,8,2051,0,3,68.0,False,0.015992267610175137,17
population,4,4,8,2051,1,4,80.0,False,0.015992267610175137,20
population,4,4,8,2051,2,6,83.0,False,0.015992267610175137,21
population,4,4,8,2051,3,3,91.0,False,0.015992267610175137,23
population,4,4,8,2052,0,7,6.0,False,0.015992267610175137,2
population,4,4,8,2052,1,2,87.0,False,0.015992267610175137,22
population,4,4,8,2052,2,6,48.0,False,0.015992267610175137,12
population,4,4,8,2052,3,7,44.0,False,0.015992267610175137,11
population,4,4,8,2053,0,7,66.0,False,0.015992267610175137,17
population,4,4,8,2053,1,6,56.0,False,0.015992267610175137,14
population,4,4,8,2053,2,7,32.0,False,0.015992267610175137,8
population,4,4,8,2053,3,2,97.0,False,0.015992267610175137,25
population,4,4,8,2054,0,2,243.0,False,0.015992267610175137,61
population,4,4,8,2054,1,6,46.0,False,0.015992267610175137,12
population,4,4,8,2054,2,7,15.0,False,0.015992267610175137,4
population,4,4,8,2054,3,3,98.0,False,0.015992267610175137,25
population,4,4,8,2055,0,2,46.0,False,0.015992267610175137,12
population,4,4,8,2055,1,7,35.0,False,0.015992267610175137,9
population,4,4,8,2055,2,5,56.0,False,0.015992267610175137,14
population,4,4,8,2055,3,5,57.0,False,0.015992267610175137,15
population,4,4,8,2056,0,1,45.0,False,0.015992267610175137,12
population,4,4,8,2056,1,3,52.0,False,0.015992267610175137,13
population,4,4,8,2056,2,2,87.0,False,0.015992267610175137,22
population,4,4,8,2056,3,5,79.0,False,0.015992267610175137,20
population,4,4,8,2057,0,6,45.0,False,0.015992267610175137,12
population,4,4,8,2057,1,5,50.0,False,0.015992267610175137,13
population,4,4,8,2057,2,4,57.0,False,0.015992267610175137,15
population,4,4,8,2057,3,3,52.0,False,0.015992267610175137,13
population,4,4,8,2058,0,7,11.0,False,0.015992267610175137,3
population,4,4,8,2058,1,4,195.0,False,0.015992267610175137,49
population,4,4,8,2058,2,6,48.0,False,0.015992267610175137,12
population,4,4,8,2058,3,0,37.0,False,0.015992267610175137,10
population,4,4,8,2059,0,4,87.0,False,0.015992267610175137,22
population,4,4,8,2059,1,0,69.0,False,0.015992267610175137,18
population,4,4,8,2059,2,7,14.0,False,0.015992267610175137,4
population,4,4,8,2059,3,1,45.0,False,0.015992267610175137,12
population,4,4,8,2060,0,3,74.0,False,0.015992267610175137,19
population,4,4,8,2060,1,3,53.0,False,0.015992267610175137,14
population,4,4,8,2060,2,2,66.0,False,0.015992267610175137,17
population,4,4,8,2060,3,5,83.0,False,0.015992267610175137,21
population,4,4,8,2061,0,5,70.0,False,0.015992267610175137,18
population,4,4,8,2061,1,1,94.0,False,0.015992267610175137,24
population,4,4,8,2061,2,5,65.0,False,0.015992267610175137,17
population,4,4,8,2061,3,1,319.0,False,0.015992267610175137,80
population,4,4,8,2062,0,2,81.0,False,0.015992267610175137,21
population,4,4,8,2062,1,3,52.0,False,0.015992267610175137,13
population,4,4,8,2062,2,4,51.0,False,0.015992267610175137,13
population,4,4,8,2062,3,4,65.0,False,0.015992267610175137,17
population,4,4,8,2063,0,7,39.0,False,0.015992267610175137,10
population,4,4,8,2063,1,3,55.0,False,0.015992267610175137,14
population,4,4,8,2063,2,2,64.0,False,0.015992267610175137,16
population,4,4,8,2063,3,1,50.0,False,0.015992267610175137,13
population,4,4,8,2064,0,4,53.0,False,0.015992267610175137,14
population,4,4,8,2064,1,0,35.0,False,0.015992267610175137,9
population,4,4,8,2064,2,3,59.0,False,0.015992267610175137,15
population,4,4,8,2064,3,0,15.0,False,0.015992267610175137,4
population,4,4,8,2065,0,1,104.0,False,0.015992267610175137,26
population,4,4,8,2065,1,3,59.0,False,0.015992267610175137,15
population,4,4,8,2065,2,6,59.0,False,0.015992267610175137,15
population,4,4,8,2065,3,7,92.0,False,0.015992267610175137,23
population,4,4,8,2066,0,0,28.0,False,0.015992267610175137,7
population,4,4,8,2066,1,5,182.0,False,0.015992267610175137,46
population,4,4,8,2066,2,2,82.0,False,0.015992267610175137,21
population,4,4,8,2066,3,4,87.0,False,0.015992267610175137,22
population,4,4,8,2067,0,7,13.0,False,0.015992267610175137,4
population,4,4,8,2067,1,2,52.0,False,0.015992267610175137,13
population,4,4,8,2067,2,0,46.0,False,0.015992267610175137,12
population,4,4,8,2067,3,3,46.0,False,0.015992267610175137,12
population,4,4,8,2068,0,7,32.0,False,0.015992267610175137,8
population,4,4,8,2068,1,4,48.0,False,0.015992267610175137,12
population,4,4,8,2068,2,1,48.0,False,0.015992267610175137,12
population,4,4,8,2068,3,7,69.0,False,0.015992267610175137,18
population,4,4,8,2069,0,1,61.0,False,0.015992267610175137,16
population,4,4,8,2069,1,1,62.0,False,0.015992267610175137,16
population,4,4,8,2069,2,2,47.0,False,0.015992267610175137,12
population,4,4,8,2069,3,4,80.0,False,0.015992267610175137,20
population,4,4,8,2070,0,3,77.0,False,0.015992267610175137,20
population,4,4,8,2070,1,5,55.0,False,0.015992267610175137,14
population,4,4,8,2070,2,3,80.0,False,0.015992267610175137,20
population,4,4,8,2070,3,2,114.0,False,0.015992267610175137,29
population,4,4,8,2071,0,2,108.0,False,0.015992267610175137,27
population,4,4,8,2071,1,5,98.0,False,0.015992267610175137,25
population,4,4,8,2071,2,4,52.0,False,0.015992267610175137,13
population,4,4,8,2071,3,5,95.0,False,0.015992267610175137,24
population,4,4,8,2072,0,2,55.0,False,0.015992267610175137,14
population,4,4,8,2072,1,6,61.0,False,0.015992267610175137,16
population,4,4,8,2072,2,0,24.0,False,0.015992267610175137,6
population,4,4,8,2072,3,3,49.0,False,0.015992267610175137,13
population,4,4,8,2073,0,2,147.0,False,0.015992267610175137,37
population,4,4,8,2073,1,0,32.0,False,0.015992267610175137,8
population,4,4,8,2073,2,0,19.0,False,0.015992267610175137,5
population,4,4,8,2073,3,6,47.0,False,0.015992267610175137,12
population,4,4,8,2074,0,6,46.0,False,0.015992267610175137,12
population,4,4,8,2074,1,4,46.0,False,0.015992267610175137,12
population,4,4,8,2074,2,1,45.0,False,0.015992267610175137,12
population,4,4,8,2074,3,0,66.0,False,0.015992267610175137,17
population,4,4,8,2075,0,4,87.0,False,0.015992267610175137,22
population,4,4,8,2075,1,1,50.0,False,0.015992267610175137,13
population,4,4,8,2075,2,4,61.0,False,0.015992267610175137,16
population,4,4,8,2075,3,1,68.0,False,0.015992267610175137,17
population,4,4,8,2076,0,6,46.0,False,0.015992267610175137,12
population,4,4,8,2076,1,1,146.0,False,0.015992267610175137,37
population,4,4,8,2076,2,6,159.0,False,0.015992267610175137,40
population,4,4,8,2076,3,4,52.0,False,0.015992267610175137,13
population,4,4,8,2077,0,4,69.0,False,0.015992267610175137,18
population,4,4,8,2077,1,0,93.0,False,0.015992267610175137,24
population,4,4,8,2077,2,3,72.0,False,0.015992267610175137,18
population,4,4,8,2077,3,0,22.0,False,0.015992267610175137,6
population,4,4,8,2078,0,6,54.0,False,0.015992267610175137,14
population,4,4,8,2078,1,3,45.0,False,0.015992267610175137,12
population,4,4,8,2078,2,5,50.0,False,0.015992267610175137,13
population,4,4,8,2078,3,1,47.0,False,0.015992267610175137,12
population,4,4,8,2079,0,2,68.0,False,0.015992267610175137,17
population,4,4,8,2079,1,7,10.0,False,0.015992267610175137,3
population,4,4,8,2079,2,4,56.0,False,0.015992267610175137,14
population,4,4,8,2079,3,6,47.0,False,0.015992267610175137,12
population,4,4,8,2080,0,6,57.0,False,0.015992267610175137,15
population,4,4,8,2080,1,6,55.0,False,0.015992267610175137,14
population,4,4,8,2080,2,4,53.0,False,0.015992267610175137,14
population,4,4,8,2080,3,1,45.0,False,0.015992267610175137,12
population,4,4,8,2081,0,1,66.0,False,0.015992267610175137,17
population,4,4,8,2081,1,2,60.0,False,0.015992267610175137,15
population,4,4,8,2081,2,1,113.0,False,0.015992267610175137,29
population,4,4,8,2081,3,6,77.0,False,0.015992267610175137,20
population,4,4,8,2082,0,7,24.0,False,0.015992267610175137,6
population,4,4,8,2082,1,5,45.0,False,0.015992267610175137,12
population,4,4,8,2082,2,7,29.0,False,0.015992267610175137,8
population,4,4,8,2082,3,3,99.0,False,0.015992267610175137,25
population,4,4,8,2083,0,0,9.0,False,0.015992267610175137,3
population,4,4,8,2083,1,3,83.0,False,0.015992267610175137,21
population,4,4,8,2083,2,5,50.0,False,0.015992267610175137,13
population,4,4,8,2083,3,7,35.0,False,0.015992267610175137,9
population,4,4,8,2084,0,6,48.0,False,0.015992267610175137,12
population,4,4,8,2084,1,5,80.0,False,0.015992267610175137,20
population,4,4,8,2084,2,7,50.0,False,0.015992267610175137,13
population,4,4,8,2084,3,1,89.0,False,0.015992267610175137,23
population,4,4,8,2085,0,7,175.0,False,0.015992267610175137,44
population,4,4,8,2085,1,4,66.0,False,0.015992267610175137,17
population,4,4,8,2085,2,7,13.0,False,0.015992267610175137,4
population,4,4,8,2085,3,1,47.0,False,0.015992267610175137,12
population,4,4,8,2086,0,0,24.0,False,0.015992267610175137,6
population,4,4,8,2086,1,6,56.0,False,0.015992267610175137,14
population,4,4,8,2086,2,1,45.0,False,0.015992267610175137,12
population,4,4,8,2086,3,1,132.0,False,0.015992267610175137,33
population,4,4,8,2087,0,4,63.0,False,0.015992267610175137,16
population,4,4,8,2087,1,0,19.0,False,0.015992267610175137,5
population,4,4,8,2087,2,1,46.0,False,0.015992267610175137,12
population,4,4,8,2087,3,0,58.0,False,0.015992267610175137,15
population,4,4,8,2088,0,2,173.0,False,0.015992267610175137,44
population,4,4,8,2088,1,4,46.0,False,0.015992267610175137,12
population,4,4,8,2088,2,0,16.0,False,0.015992267610175137,4
population,4,4,8,2088,3,5,87.0,False,0.015992267610175137,22
population,4,4,8,2089,0,3,49.0,False,0.015992267610175137,13
population,4,4,8,2089,1,1,50.0,False,0.015992267610175137,13
population,4,4,8,2089,2,2,50.0,False,0.015992267610175137,13
population,4,4,8,2089,3,4,51.0,False,0.015992267610175137,13
population,4,4,8,2090,0,3,50.0,False,0.015992267610175137,13
population,4,4,8,2090,1,7,25.0,False,0.015992267610175137,7
population,4,4,8,2090,2,2,56.0,False,0.015992267610175137,14
population,4,4,8,2090,3,0,75.0,False,0.015992267610175137,19
population,4,4,8,2091,0,0,17.0,False,0.015992267610175137,5
population,4,4,8,2091,1,4,67.0,False,0.015992267610175137,17
population,4,4,8,2091,2,5,52.0,False,0.015992267610175137,13
population,4,4,8,2091,3,4,54.0,False,0.015992267610175137,14
population,4,4,8,2092,0,1,66.0,False,0.015992267610175137,17
population,4,4,8,2092,1,7,38.0,False,0.015992267610175137,10
population,4,4,8,2092,2,7,10.0,False,0.015992267610175137,3
population,4,4,8,2092,3,5,98.0,False,0.015992267610175137,25
population,4,4,8,2093,0,6,50.0,False,0.015992267610175137,13
population,4,4,8,2093,1,0,27.0,False,0.015992267610175137,7
population,4,4,8,2093,2,0,10.0,False,0.015992267610175137,3
population,4,4,8,2093,3,3,49.0,False,0.015992267610175137,13
population,4,4,8,2094,0,0,8.0,False,0.015992267610175137,2
population,4,4,8,2094,1,7,39.0,False,0.015992267610175137,10
population,4,4,8,2094,2,7,12.0,False,0.015992267610175137,3
population,4,4,8,2094,3,2,48.0,False,0.015992267610175137,12
population,4,4,8,2095,0,5,55.0,False,0.015992267610175137,14
population,4,4,8,2095,1,7,89.0,False,0.015992267610175137,23
population,4,4,8,2095,2,4,46.0,False,0.015992267610175137,12
population,4,4,8,2095,3,7,6.0,False,0.015992267610175137,2
population,4,4,8,2096,0,1,74.0,False,0.015992267610175137,19
population,4,4,8,2096,1,6,48.0,False,0.015992267610175137,12
population,4,4,8,2096,2,2,61.0,False,0.015992267610175137,16
population,4,4,8,2096,3,4,60.0,False,0.015992267610175137,15
population,4,4,8,2097,0,0,59.0,False,0.015992267610175137,15
population,4,4,8,2097,1,1,102.0,False,0.015992267610175137,26
population,4,4,8,2097,2,1,50.0,False,0.015992267610175137,13
population,4,4,8,2097,3,7,24.0,False,0.015992267610175137,6
population,4,4,8,2098,0,3,64.0,False,0.015992267610175137,16
population,4,4,8,2098,1,0,10.0,False,0.015992267610175137,3
population,4,4,8,2098,2,7,23.0,False,0.015992267610175137,6
population,4,4,8,2098,3,4,48.0,False,0.015992267610175137,12
population,4,4,8,2099,0,6,51.0,False,0.015992267610175137,13
population,4,4,8,2099,1,5,99.0,False,0.015992267610175137,25
population,4,4,8,2099,2,4,95.0,False,0.015992267610175137,24
population,4,4,8,2099,3,0,10.0,False,0.015992267610175137,3
population,4,4,8,2100,0,7,94.0,False,0.015992267610175137,24
population,4,4,8,2100,1,7,22.0,False,0.015992267610175137,6
population,4,4,8,2100,2,7,40.0,False,0.015992267610175137,10
population,4,4,8,2100,3,3,84.0,False,0.015992267610175137,21
population,4,4,8,2101,0,3,52.0,False,0.015992267610175137,13
population,4,4,8,2101,1,0,35.0,False,0.015992267610175137,9
population,4,4,8,2101,2,2,50.0,False,0.015992267610175137,13
population,4,4,8,2101,3,3,63.0,False,0.015992267610175137,16
population,4,4,8,2102,0,1,47.0,False,0.015992267610175137,12
population,4,4,8,2102,1,7,58.0,False,0.015992267610175137,15
population,4,4,8,2102,2,2,56.0,False,0.015992267610175137,14
population,4,4,8,2102,3,4,56.0,False,0.015992267610175137,14
population,4,4,8,2103,0,5,48.0,False,0.015992267610175137,12
population,4,4,8,2103,1,6,121.0,False,0.015992267610175137,31
population,4,4,8,2103,2,3,109.0,False,0.015992267610175137,28
population,4,4,8,2103,3,6,55.0,False,0.015992267610175137,14
population,4,4,8,2104,0,4,54.0,False,0.015992267610175137,14
population,4,4,8,2104,1,2,73.0,False,0.015992267610175137,19
population,4,4,8,2104,2,2,52.0,False,0.015992267610175137,13
population,4,4,8,2104,3,2,117.0,False,0.015992267610175137,30
population,4,4,8,2105,0,7,128.0,False,0.015992267610175137,32
population,4,4,8,2105,1,3,61.0,False,0.015992267610175137,16
population,4,4,8,2105,2,0,13.0,False,0.015992267610175137,4
population,4,4,8,2105,3,5,62.0,False,0.015992267610175137,16
population,4,4,8,2106,0,3,52.0,False,0.015992267610175137,13
population,4,4,8,2106,1,1,80.0,False,0.015992267610175137,20
population,4,4,8,2106,2,5,53.0,False,0.015992267610175137,14
population,4,4,8,2106,3,1,69.0,False,0.015992267610175137,18
population,4,4,8,2107,0,7,19.0,False,0.015992267610175137,5
population,4,4,8,2107,1,4,47.0,False,0.015992267610175137,12
population,4,4,8,2107,2,7,10.0,False,0.015992267610175137,3
population,4,4,8,2107,3,4,52.0,False,0.015992267610175137,13
population,4,4,8,2108,0,4,45.0,False,0.015992267610175137,12
population,4,4,8,2108,1,1,48.0,False,0.015992267610175137,12
population,4,4,8,2108,2,6,57.0,False,0.015992267610175137,15
population,4,4,8,2108,3,3,49.0,False,0.015992267610175137,13
population,4,4,8,2109,0,1,65.0,False,0.015992267610175137,17
population,4,4,8,2109,1,0,29.0,False,0.015992267610175137,8
population,4,4,8,2109,2,0,23.0,False,0.015992267610175137,6
population,4,4,8,2109,3,1,88.0,False,0.015992267610175137,22
population,4,4,8,2110,0,3,59.0,False,0.015992267610175137,15
population,4,4,8,2110,1,0,10.0,False,0.015992267610175137,3
population,4,4,8,2110,2,6,60.0,False,0.015992267610175137,15
population,4,4,8,2110,3,6,46.0,False,0.015992267610175137,12
population,4,4,8,2111,0,4,55.0,False,0.015992267610175137,14
population,4,4,8,2111,1,7,17.0,False,0.015992267610175137,5
population,4,4,8,2111,2,5,59.0,False,0.015992267610175137,15
population,4,4,8,2111,3,1,47.0,False,0.015992267610175137,12
population,4,4,8,2112,0,5,103.0,False,0.015992267610175137,26
population,4,4,8,2112,1,5,94.0,False,0.015992267610175137,24
population,4,4,8,2112,2,3,62.0,False,0.015992267610175137,16
population,4,4,8,2112,3,4,56.0,False,0.015992267610175137,14
population,4,4,8,2113,0,1,120.0,False,0.015992267610175137,30
population,4,4,8,2113,1,6,47.0,False,0.015992267610175137,12
population,4,4,8,2113,2,7,15.0,False,0.015992267610175137,4
population,4,4,8,2113,3,2,72.0,False,0.015992267610175137,18
population,4,4,8,2114,0,5,46.0,False,0.015992267610175137,12
population,4,4,8,2114,1,6,50.0,False,0.015992267610175137,13
population,4,4,8,2114,2,4,69.0,False,0.015992267610175137,18
population,4,4,8,2114,3,1,45.0,False,0.015992267610175137,12
population,4,4,8,2115,0,0,49.0,False,0.015992267610175137,13
population,4,4,8,2115,1,5,70.0,False,0.015992267610175137,18
population,4,4,8,2115,2,0,28.0,False,0.015992267610175137,7
population,4,4,8,2115,3,4,69.0,False,0.015992267610175137,18
population,4,4,8,2116,0,3,61.0,False,0.015992267610175137,16
population,4,4,8,2116,1,1,72.0,False,0.015992267610175137,18
population,4,4,8,2116,2,1,79.0,False,0.015992267610175137,20
population,4,4,8,2116,3,4,58.0,False,0.015992267610175137,15
population,4,4,8,2117,0,7,26.0,False,0.015992267610175137,7
population,4,4,8,2117,1,7,62.0,False,0.015992267610175137,16
population,4,4,8,2117,2,5,66.0,False,0.015992267610175137,17
population,4,4,8,2117,3,7,17.0,False,0.015992267610175137,5
population,4,4,8,2118,0,0,16.0,False,0.015992267610175137,4
population,4,4,8,2118,1,2,82.0,False,0.015992267610175137,21
population,4,4,8,2118,2,3,46.0,False,0.015992267610175137,12
population,4,4,8,2118,3,4,80.0,False,0.015992267610175137,20
population,4,4,8,2119,0,3,115.0,False,0.015992267610175137,29
population,4,4,8,2119,1,6,56.0,False,0.015992267610175137,14
population,4,4,8,2119,2,6,47.0,False,0.015992267610175137,12
population,4,4,8,2119,3,7,53.0,False,0.015992267610175137,14
population,4,4,8,2120,0,6,45.0,False,0.015992267610175137,12
population,4,4,8,2120,1,7,11.0,False,0.015992267610175137,3
population,4,4,8,2120,2,7,17.0,False,0.015992267610175137,5
population,4,4,8,2120,3,0,63.0,False,0.015992267610175137,16
population,4,4,8,2121,0,1,75.0,False,0.015992267610175137,19
population,4,4,8,2121,1,6,85.0,False,0.015992267610175137,22
population,4,4,8,2121,2,1,46.0,False,0.015992267610175137,12
population,4,4,8,2121,3,5,82.0,False,0.015992267610175137,21
population,4,4,8,2122,0,5,49.0,False,0.015992267610175137,13
population,4,4,8,2122,1,3,66.0,False,0.015992267610175137,17
population,4,4,8,2122,2,3,65.0,False,0.015992267610175137,17
population,4,4,8,2122,3,4,61.0,False,0.015992267610175137,16
population,4,4,8,2123,0,2,81.0,False,0.015992267610175137,21
population,4,4,8,2123,1,6,62.0,False,0.015992267610175137,16
population,4,4,8,2123,2,6,62.0,False,0.015992267610175137,16
population,4,4,8,2123,3,6,99.0,False,0.015992267610175137,25
population,4,4,8,2124,0,5,68.0,False,0.015992267610175137,17
population,4,4,8,2124,1,5,56.0,False,0.015992267610175137,14
population,4,4,8,2124,2,6,104.0,False,0.015992267610175137,26
population,4,4,8,2124,3,2,119.0,False,0.015992267610175137,30
population,4,4,8,2125,0,2,47.0,False,0.015992267610175137,12
population,4,4,8,2125,1,2,51.0,False,0.015992267610175137,13
population,4,4,8,2125,2,0,52.0,False,0.015992267610175137,13
population,4,4,8,2125,3,4,61.0,False,0.015992267610175137,16
population,4,4,8,2126,0,2,47.0,False,0.015992267610175137,12
population,4,4,8,2126,1,6,48.0,False,0.015992267610175137,12
population,4,4,8,2126,2,3,51.0,False,0.015992267610175137,13
population,4,4,8,2126,3,7,101.0,False,0.015992267610175137,26
population,4,4,8,2127,0,5,46.0,False,0.015992267610175137,12
population,4,4,8,2127,1,4,229.0,False,0.015992267610175137,58
population,4,4,8,2127,2,4,47.0,False,0.015992267610175137,12
population,4,4,8,2127,3,5,87.0,False,0.015992267610175137,22
population,4,4,8,2128,0,5,77.0,False,0.015992267610175137,20
population,4,4,8,2128,1,1,47.0,False,0.015992267610175137,12
population,4,4,8,2128,2,3,68.0,False,0.015992267610175137,17
population,4,4,8,2128,3,2,52.0,False,0.015992267610175137,13
population,4,4,8,2129,0,2,78.0,False,0.015992267610175137,20
population,4,4,8,2129,1,7,16.0,False,0.015992267610175137,4
population,4,4,8,2129,2,1,47.0,False,0.015992267610175137,12
population,4,4,8,2129,3,6,52.0,False,0.015992267610175137,13
population,4,4,8,2130,0,4,77.0,False,0.015992267610175137,20
population,4,4,8,2130,1,3,114.0,False,0.015992267610175137,29
population,4,4,8,2130,2,7,15.0,False,0.015992267610175137,4
population,4,4,8,2130,3,2,47.0,False,0.015992267610175137,12
population,4,4,8,2131,0,7,57.0,False,0.015992267610175137,15
population,4,4,8,2131,1,3,91.0,False,0.015992267610175137,23
population,4,4,8,2131,2,4,73.0,False,0.015992267610175137,19
population,4,4,8,2131,3,1,49.0,False,0.015992267610175137,13
population,4,4,8,2132,0,1,78.0,False,0.015992267610175137,20
population,4,4,8,2132,1,5,94.0,False,0.015992267610175137,24
population,4,4,8,2132,2,3,46.0,False,0.015992267610175137,12
population,4,4,8,2132,3,3,111.0,False,0.015992267610175137,28
population,4,4,8,2133,0,7,224.0,False,0.015992267610175137,56
population,4,4,8,2133,1,5,46.0,False,0.015992267610175137,12
population,4,4,8,2133,2,7,14.0,False,0.015992267610175137,4
population,4,4,8,2133,3,2,59.0,False,0.015992267610175137,15
population,4,4,8,2134,0,2,46.0,False,0.015992267610175137,12
population,4,4,8,2134,1,5,63.0,False,0.015992267610175137,16
population,4,4,8,2134,2,1,67.0,False,0.015992267610175137,17
population,4,4,8,2134,3,1,48.0,False,0.015992267610175137,12
population,4,4,8,2135,0,5,65.0,False,0.015992267610175137,17
population,4,4,8,2135,1,7,21.0,False,0.015992267610175137,6
population,4,4,8,2135,2,7,27.0,False,0.015992267610175137,7
population,4,4,8,2135,3,6,135.0,False,0.015992267610175137,34
population,4,4,8,2136,0,0,26.0,False,0.015992267610175137,7
population,4,4,8,2136,1,2,45.0,False,0.015992267610175137,12
population,4,4,8,2136,2,0,17.0,False,0.015992267610175137,5
population,4,4,8,2136,3,4,123.0,False,0.015992267610175137,31
population,4,4,8,2137,0,2,46.0,False,0.015992267610175137,12
population,4,4,8,2137,1,6,58.0,False,0.015992267610175137,15
population,4,4,8,2137,2,6,45.0,False,0.015992267610175137,12
population,4,4,8,2137,3,2,49.0,False,0.015992267610175137,13
population,4,4,8,2138,0,0,32.0,False,0.015992267610175137,8
population,4,4,8,2138,1,6,46.0,False,0.015992267610175137,12
population,4,4,8,2138,2,4,49.0,False,0.015992267610175137,13
population,4,4,8,2138,3,0,28.0,False,0.015992267610175137,7
population,4,4,8,2139,0,0,15.0,False,0.015992267610175137,4
population,4,4,8,2139,1,1,56.0,False,0.015992267610175137,14
population,4,4,8,2139,2,2,59.0,False,0.015992267610175137,15
population,4,4,8,2139,3,2,77.0,False,0.015992267610175137,20
population,4,4,8,2140,0,4,50.0,False,0.015992267610175137,13
population,4,4,8,2140,1,4,150.0,False,0.015992267610175137,38
population,4,4,8,2140,2,0,94.0,False,0.015992267610175137,24
population,4,4,8,2140,3,3,67.0,False,0.015992267610175137,17
population,4,4,8,2141,0,6,47.0,False,0.015992267610175137,12
population,4,4,8,2141,1,2,68.0,False,0.015992267610175137,17
population,4,4,8,2141,2,5,51.0,False,0.015992267610175137,13
population,4,4,8,2141,3,4,94.0,False,0.015992267610175137,24
population,4,4,8,2142,0,6,60.0,False,0.015992267610175137,15
population,4,4,8,2142,1,7,17.0,False,0.015992267610175137,5
population,4,4,8,2142,2,5,81.0,False,0.015992267610175137,21
population,4,4,8,2142,3,3,46.0,False,0.015992267610175137,12
population,4,4,8,2143,0,7,18.0,False,0.015992267610175137,5
population,4,4,8,2143,1,3,120.0,False,0.015992267610175137,30
population,4,4,8,2143,2,3,47.0,False,0.015992267610175137,12
population,4,4,8,2143,3,6,47.0,False,0.015992267610175137,12
population,4,4,8,2144,0,5,225.0,False,0.015992267610175137,57
population,4,4,8,2144,1,4,47.0,False,0.015992267610175137,12
population,4,4,8,2144,2,0,26.0,False,0.015992267610175137,7
population,4,4,8,2144,3,1,51.0,False,0.015992267610175137,13
population,4,4,8,2145,0,3,53.0,False,0.015992267610175137,14
population,4,4,8,2145,1,1,46.0,False,0.015992267610175137,12
population,4,4,8,2145,2,3,123.0,False,0.015992267610175137,31
population,4,4,8,2145,3,3,79.0,False,0.015992267610175137,20
population,4,4,8,2146,0,2,46.0,False,0.015992267610175137,12
population,4,4,8,2146,1,3,61.0,False,0.015992267610175137,16
population,4,4,8,2146,2,4,49.0,False,0.015992267610175137,13
population,4,4,8,2146,3,1,75.0,False,0.015992267610175137,19
population,4,4,8,2147,0,5,151.0,False,0.015992267610175137,38
population,4,4,8,2147,1,5,47.0,False,0.015992267610175137,12
population,4,4,8,2147,2,0,108.0,False,0.015992267610175137,27
population,4,4,8,2147,3,1,56.0,False,0.015992267610175137,14
population,4,4,8,2148,0,7,36.0,False,0.015992267610175137,9
population,4,4,8,2148,1,3,101.0,False,0.015992267610175137,26
population,4,4,8,2148,2,6,82.0,False,0.015992267610175137,21
population,4,4,8,2148,3,7,18.0,False,0.015992267610175137,5
population,4,4,8,2149,0,1,47.0,False,0.015992267610175137,12
population,4,4,8,2149,1,3,126.0,False,0.015992267610175137,32
population,4,4,8,2149,2,2,46.0,False,0.015992267610175137,12
population,4,4,8,2149,3,3,49.0,False,0.015992267610175137,13
population,4,4,8,2150,0,1,45.0,False,0.015992267610175137,12
population,4,4,8,2150,1,0,18.0,False,0.015992267610175137,5
population,4,4,8,2150,2,0,28.0,False,0.015992267610175137,7
population,4,4,8,2150,3,6,64.0,False,0.015992267610175137,16
population,4,4,8,2151,0,6,99.0,False,0.015992267610175137,25
population,4,4,8,2151,1,2,46.0,False,0.015992267610175137,12
population,4,4,8,2151,2,7,71.0,False,0.015992267610175137,18
population,4,4,8,2151,3,4,47.0,False,0.015992267610175137,12
population,4,4,8,2152,0,4,62.0,False,0.015992267610175137,16
population,4,4,8,2152,1,5,45.0,False,0.015992267610175137,12
population,4,4,8,2152,2,3,45.0,False,0.015992267610175137,12
population,4,4,8,2152,3,2,181.0,False,0.015992267610175137,46
population,4,4,8,2153,0,2,79.0,False,0.015992267610175137,20
population,4,4,8,2153,1,1,90.0,False,0.015992267610175137,23
population,4,4,8,2153,2,3,76.0,False,0.015992267610175137,19
population,4,4,8,2153,3,7,48.0,False,0.015992267610175137,12
population,4,4,8,2154,0,2,128.0,False,0.015992267610175137,32
population,4,4,8,2154,1,0,25.0,False,0.015992267610175137,7
population,4,4,8,2154,2,4,45.0,False,0.015992267610175137,12
population,4,4,8,2154,3,0,178.0,False,0.015992267610175137,45
population,4,4,8,2155,0,5,87.0,False,0.015992267610175137,22
population,4,4,8,2155,1,0,20.0,False,0.015992267610175137,5
population,4,4,8,2155,2,2,65.0,False,0.015992267610175137,17
population,4,4,8,2155,3,2,46.0,False,0.015992267610175137,12
population,4,4,8,2156,0,4,53.0,False,0.015992267610175137,14
population,4,4,8,2156,1,3,64.0,False,0.015992267610175137,16
population,4,4,8,2156,2,3,49.0,False,0.015992267610175137,13
population,4,4,8,2156,3,5,46.0,False,0.015992267610175137,12
population,4,4,8,2157,0,7,48.0,False,0.015992267610175137,12
population,4,4,8,2157,1,5,66.0,False,0.015992267610175137,17
population,4,4,8,2157,2,6,55.0,False,0.015992267610175137,14
population,4,4,8,2157,3,7,15.0,False,0.015992267610175137,4
population,4,4,8,2158,0,3,53.0,False,0.015992267610175137,14
population,4,4,8,2158,1,1,97.0,False,0.015992267610175137,25
population,4,4,8,2158,2,6,45.0,False,0.015992267610175137,12
population,4,4,8,2158,3,3,47.0,False,0.015992267610175137,12
population,4,4,8,2159,0,7,18.0,False,0.015992267610175137,5
population,4,4,8,2159,1,3,45.0,False,0.015992267610175137,12
population,4,4,8,2159,2,0,13.0,False,0.015992267610175137,4
population,4,4,8,2159,3,0,12.0,False,0.015992267610175137,3
population,4,4,8,2160,0,5,95.0,False,0.015992267610175137,24
population,4,4,8,2160,1,7,6.0,False,0.015992267610175137,2
population,4,4,8,2160,2,1,51.0,False,0.015992267610175137,13
population,4,4,8,2160,3,4,61.0,False,0.015992267610175137,16
population,4,4,8,2161,0,2,69.0,False,0.015992267610175137,18
population,4,4,8,2161,1,7,24.0,False,0.015992267610175137,6
population,4,4,8,2161,2,0,136.0,False,0.015992267610175137,34
population,4,4,8,2161,3,6,94.0,False,0.015992267610175137,24
population,4,4,8,2162,0,1,59.0,False,0.015992267610175137,15
population,4,4,8,2162,1,2,57.0,False,0.015992267610175137,15
population,4,4,8,2162,2,6,98.0,False,0.015992267610175137,25
population,4,4,8,2162,3,6,108.0,False,0.015992267610175137,27
population,4,4,8,2163,0,1,68.0,False,0.015992267610175137,17
population,4,4,8,2163,1,2,46.0,False,0.015992267610175137,12
population,4,4,8,2163,2,5,46.0,False,0.015992267610175137,12
population,4,4,8,2163,3,2,75.0,False,0.015992267610175137,19
population,4,4,8,2164,0,2,84.0,False,0.015992267610175137,21
population,4,4,8,2164,1,0,30.0,False,0.015992267610175137,8
population,4,4,8,2164,2,3,58.0,False,0.015992267610175137,15
population,4,4,8,2164,3,5,175.0,False,0.015992267610175137,44
population,4,4,8,2165,0,2,126.0,False,0.015992267610175137,32
population,4,4,8,2165,1,6,60.0,False,0.015992267610175137,15
population,4,4,8,2165,2,0,16.0,False,0.015992267610175137,4
population,4,4,8,2165,3,2,66.0,False,0.015992267610175137,17
population,4,4,8,2166,0,2,159.0,False,0.015992267610175137,40
population,4,4,8,2166,1,7,32.0,False,0.015992267610175137,8
population,4,4,8,2166,2,5,59.0,False,0.015992267610175137,15
population,4,4,8,2166,3,6,81.0,False,0.015992267610175137,21
population,4,4,8,2167,0,5,74.0,False,0.015992267610175137,19
population,4,4,8,2167,1,1,49.0,False,0.015992267610175137,13
population,4,4,8,2167,2,5,46.0,False,0.015992267610175137,12
population,4,4,8,2167,3,1,59.0,False,0.015992267610175137,15
population,4,4,8,2168,0,7,11.0,False,0.015992267610175137,3
population,4,4,8,2168,1,2,71.0,False,0.015992267610175137,18
population,4,4,8,2168,2,5,61.0,False,0.015992267610175137,16
population,4,4,8,2168,3,4,45.0,False,0.015992267610175137,12
population,4,4,8,2169,0,2,46.0,False,0.015992267610175137,12
population,4,4,8,2169,1,2,109.0,False,0.015992267610175137,28
population,4,4,8,2169,2,3,113.0,False,0.015992267610175137,29
population,4,4,8,2169,3,7,14.0,False,0.015992267610175137,4
population,4,4,8,2170,0,6,97.0,False,0.015992267610175137,25
population,4,4,8,2170,1,0,8.0,False,0.015992267610175137,2
population,4,4,8,2170,2,7,55.0,False,0.015992267610175137,14
population,4,4,8,2170,3,7,62.0,False,0.015992267610175137,16
population,4,4,8,2171,0,4,106.0,False,0.015992267610175137,27
population,4,4,8,2171,1,7,7.0,False,0.015992267610175137,2
population,4,4,8,2171,2,6,46.0,False,0.015992267610175137,12
population,4,4,8,2171,3,0,116.0,False,0.015992267610175137,29
population,4,4,8,2172,0,1,61.0,False,0.015992267610175137,16
population,4,4,8,2172,1,1,51.0,False,0.015992267610175137,13
population,4,4,8,2172,2,6,47.0,False,0.015992267610175137,12
population,4,4,8,2172,3,7,66.0,False,0.015992267610175137,17
population,4,4,8,2173,0,4,116.0,False,0.015992267610175137,29
population,4,4,8,2173,1,3,62.0,False,0.015992267610175137,16
population,4,4,8,2173,2,1,75.0,False,0.015992267610175137,19
population,4,4,8,2173,3,4,50.0,False,0.015992267610175137,13
population,4,4,8,2174,0,1,113.0,False,0.015992267610175137,29
population,4,4,8,2174,1,3,49.0,False,0.015992267610175137,13
population,4,4,8,2174,2,5,54.0,False,0.015992267610175137,14
population,4,4,8,2174,3,3,46.0,False,0.015992267610175137,12
population,4,4,8,2175,0,6,68.0,False,0.015992267610175137,17
population,4,4,8,2175,1,5,96.0,False,0.015992267610175137,24
population,4,4,8,2175,2,4,46.0,False,0.015992267610175137,12
population,4,4,8,2175,3,0,55.0,False,0.015992267610175137,14
population,4,4,8,2176,0,4,46.0,False,0.015992267610175137,12
population,4,4,8,2176,1,5,47.0,False,0.015992267610175137,12
population,4,4,8,2176,2,6,77.0,False,0.015992267610175137,20
population,4,4,8,2176,3,0,23.0,False,0.015992267610175137,6
population,4,4,8,2177,0,0,53.0,False,0.015992267610175137,14
population,4,4,8,2177,1,7,8.0,False,0.015992267610175137,2
population,4,4,8,2177,2,6,47.0,False,0.015992267610175137,12
population,4,4,8,2177,3,6,46.0,False,0.015992267610175137,12
population,4,4,8,2178,0,6,64.0,False,0.015992267610175137,16
population,4,4,8,2178,1,1,76.0,False,0.015992267610175137,19
population,4,4,8,2178,2,0,138.0,False,0.015992267610175137,35
population,4,4,8,2178,3,4,87.0,False,0.015992267610175137,22
population,4,4,8,2179,0,4,51.0,False,0.015992267610175137,13
population,4,4,8,2179,1,7,15.0,False,0.015992267610175137,4
population,4,4,8,2179,2,5,46.0,False,0.015992267610175137,12
population,4,4,8,2179,3,5,89.0,False,0.015992267610175137,23
population,4,4,8,2180,0,1,48.0,False,0.015992267610175137,12
population,4,4,8,2180,1,7,12.0,False,0.015992267610175137,3
population,4,4,8,2180,2,7,57.0,False,0.015992267610175137,15
population,4,4,8,2180,3,3,61.0,False,0.015992267610175137,16
population,4,4,8,2181,0,1,57.0,False,0.015992267610175137,15
population,4,4,8,2181,1,6,46.0,False,0.015992267610175137,12
population,4,4,8,2181,2,0,90.0,False,0.015992267610175137,23
population,4,4,8,2181,3,6,75.0,False,0.015992267610175137,19
population,4,4,8,2182,0,2,64.0,False,0.015992267610175137,16
population,4,4,8,2182,1,7,85.0,False,0.015992267610175137,22
population,4,4,8,2182,2,5,46.0,False,0.015992267610175137,12
population,4,4,8,2182,3,6,202.0,False,0.015992267610175137,51
population,4,4,8,2183,0,1,112.0,False,0.015992267610175137,28
population,4,4,8,2183,1,3,61.0,False,0.015992267610175137,16
population,4,4,8,2183,2,5,101.0,False,0.015992267610175137,26
population,4,4,8,2183,3,0,23.0,False,0.015992267610175137,6
population,4,4,8,2184,0,7,51.0,False,0.015992267610175137,13
population,4,4,8,2184,1,5,112.0,False,0.015992267610175137,28
population,4,4,8,2184,2,0,27.0,False,0.015992267610175137,7
population,4,4,8,2184,3,3,59.0,False,0.015992267610175137,15
population,4,4,8,2185,0,7,41.0,False,0.015992267610175137,11
population,4,4,8,2185,1,3,101.0,False,0.015992267610175137,26
population,4,4,8,2185,2,2,55.0,False,0.015992267610175137,14
population,4,4,8,2185,3,4,122.0,False,0.015992267610175137,31
population,4,4,8,2186,0,7,27.0,False,0.015992267610175137,7
population,4,4,8,2186,1,3,50.0,False,0.015992267610175137,13
population,4,4,8,2186,2,6,46.0,False,0.015992267610175137,12
population,4,4,8,2186,3,0,8.0,False,0.015992267610175137,2
population,4,4,8,2187,0,4,46.0,False,0.015992267610175137,12
population,4,4,8,2187,1,6,90.0,False,0.015992267610175137,23
population,4,4,8,2187,2,0,141.0,False,0.015992267610175137,36
population,4,4,8,2187,3,1,47.0,False,0.015992267610175137,12
population,4,4,8,2188,0,2,99.0,False,0.015992267610175137,25
population,4,4,8,2188,1,6,83.0,False,0.015992267610175137,21
population,4,4,8,2188,2,6,163.0,False,0.015992267610175137,41
population,4,4,8,2188,3,3,84.0,False,0.015992267610175137,21
population,4,4,8,2189,0,1,56.0,False,0.015992267610175137,14
population,4,4,8,2189,1,6,58.0,False,0.015992267610175137,15
population,4,4,8,2189,2,3,105.0,False,0.015992267610175137,27
population,4,4,8,2189,3,6,46.0,False,0.015992267610175137,12
population,4,4,8,2190,0,2,46.0,False,0.015992267610175137,12
population,4,4,8,2190,1,1,126.0,False,0.015992267610175137,32
population,4,4,8,2190,2,5,83.0,False,0.015992267610175137,21
population,4,4,8,2190,3,6,114.0,False,0.015992267610175137,29
population,4,4,8,2191,0,3,52.0,False,0.015992267610175137,13
population,4,4,8,2191,1,2,47.0,False,0.015992267610175137,12
population,4,4,8,2191,2,6,126.0,False,0.015992267610175137,32
population,4,4,8,2191,3,5,47.0,False,0.015992267610175137,12
population,4,4,8,2192,0,1,46.0,False,0.015992267610175137,12
population,4,4,8,2192,1,3,51.0,False,0.015992267610175137,13
population,4,4,8,2192,2,3,56.0,False,0.015992267610175137,14
population,4,4,8,2192,3,7,29.0,False,0.015992267610175137,8
population,4,4,8,2193,0,0,21.0,False,0.015992267610175137,6
population,4,4,8,2193,1,2,45.0,False,0.015992267610175137,12
population,4,4,8,2193,2,7,137.0,False,0.015992267610175137,35
population,4,4,8,2193,3,3,121.0,False,0.015992267610175137,31
population,4,4,8,2194,0,0,64.0,False,0.015992267610175137,16
population,4,4,8,2194,1,5,68.0,False,0.015992267610175137,17
population,4,4,8,2194,2,4,47.0,False,0.015992267610175137,12
population,4,4,8,2194,3,7,10.0,False,0.015992267610175137,3
population,4,4,8,2195,0,1,82.0,False,0.015992267610175137,21
population,4,4,8,2195,1,7,38.0,False,0.015992267610175137,10
population,4,4,8,2195,2,3,50.0,False,0.015992267610175137,13
population,4,4,8,2195,3,2,91.0,False,0.015992267610175137,23
population,4,4,8,2196,0,5,53.0,False,0.015992267610175137,14
population,4,4,8,2196,1,5,52.0,False,0.015992267610175137,13
population,4,4,8,2196,2,6,64.0,False,0.015992267610175137,16
population,4,4,8,2196,3,2,89.0,False,0.015992267610175137,23
population,4,4,8,2197,0,0,38.0,False,0.015992267610175137,10
population,4,4,8,2197,1,0,22.0,False,0.015992267610175137,6
population,4,4,8,2197,2,4,60.0,False,0.015992267610175137,15
population,4,4,8,2197,3,2,45.0,False,0.015992267610175137,12
population,4,4,8,2198,0,7,14.0,False,0.015992267610175137,4
population,4,4,8,2198,1,1,83.0,False,0.015992267610175137,21
population,4,4,8,2198,2,2,70.0,False,0.015992267610175137,18
population,4,4,8,2198,3,0,46.0,False,0.015992267610175137,12
population,4,4,8,2199,0,7,15.0,False,0.015992267610175137,4
population,4,4,8,2199,1,1,58.0,False,0.015992267610175137,15
population,4,4,8,2199,2,1,45.0,False,0.015992267610175137,12
population,4,4,8,2199,3,3,49.0,False,0.015992267610175137,13
population,4,8,8,2000,0,7,44.0,False,0.015992267610175137,11
population,4,8,8,2000,1,7,69.0,False,0.015992267610175137,18
population,4,8,8,2000,2,2,51.0,False,0.015992267610175137,13
population,4,8,8,2000,3,7,72.0,False,0.015992267610175137,18
population,4,8,8,2000,4,7,11.0,False,0.015992267610175137,3
population,4,8,8,2000,5,6,61.0,False,0.015992267610175137,16
population,4,8,8,2000,6,4,119.0,False,0.015992267610175137,30
population,4,8,8,2000,7,7,23.0,False,0.015992267610175137,6
population,4,8,8,2001,0,5,59.0,False,0.015992267610175137,15
population,4,8,8,2001,1,4,78.0,False,0.015992267610175137,20
population,4,8,8,2001,2,4,71.0,False,0.015992267610175137,18
population,4,8,8,2001,3,7,24.0,False,0.015992267610175137,6
population,4,8,8,2001,4,2,83.0,False,0.015992267610175137,21
population,4,8,8,2001,5,6,50.0,False,0.015992267610175137,13
population,4,8,8,2001,6,2,50.0,False,0.015992267610175137,13
population,4,8,8,2001,7,4,71.0,False,0.015992267610175137,18
population,4,8,8,2002,0,5,48.0,False,0.015992267610175137,12
population,4,8,8,2002,1,3,59.0,False,0.015992267610175137,15
population,4,8,8,2002,2,7,45.0,False,0.015992267610175137,12
population,4,8,8,2002,3,1,66.0,False,0.015992267610175137,17
population,4,8,8,2002,4,1,116.0,False,0.015992267610175137,29
population,4,8,8,2002,5,2,47.0,False,0.015992267610175137,12
population,4,8,8,2002,6,6,125.0,False,0.015992267610175137,32
population,4,8,8,2002,7,3,51.0,False,0.015992267610175137,13
population,4,8,8,2003,0,6,73.0,False,0.015992267610175137,19
population,4,8,8,2003,1,2,50.0,False,0.015992267610175137,13
population,4,8,8,2003,2,5,62.0,False,0.015992267610175137,16
population,4,8,8,2003,3,4,69.0,False,0.015992267610175137,18
population,4,8,8,2003,4,4,118.0,False,0.015992267610175137,30
population,4,8,8,2003,5,3,54.0,False,0.015992267610175137,14
population,4,8,8,2003,6,3,84.0,False,0.015992267610175137,21
population,4,8,8,2003,7,1,60.0,False,0.015992267610175137,15
population,4,8,8,2004,0,3,46.0,False,0.015992267610175137,12
population,4,8,8,2004,1,1,45.0,False,0.015992267610175137,12
population,4,8,8,2004,2,1,46.0,False,0.015992267610175137,12
population,4,8,8,2004,3,5,144.0,False,0.015992267610175137,36
population,4,8,8,2004,4,6,62.0,False,0.015992267610175137,16
population,4,8,8,2004,5,5,54.0,False,0.015992267610175137,14
population,4,8,8,2004,6,2,48.0,False,0.015992267610175137,12
population,4,8,8,2004,7,4,137.0,False,0.015992267610175137,35
population,4,8,8,2005,0,0,16.0,False,0.015992267610175137,4
population,4,8,8,2005,1,1,45.0,False,0.015992267610175137,12
population,4,8,8,2005,2,0,76.0,False,0.015992267610175137,19
population,4,8,8,2005,3,7,16.0,False,0.015992267610175137,4
population,4,8,8,2005,4,7,14.0,False,0.015992267610175137,4
population,4,8,8,2005,5,3,50.0,False,0.015992267610175137,13
population,4,8,8,2005,6,3,173.0,False,0.015992267610175137,44
population,4,8,8,2005,7,2,47.0,False,0.015992267610175137,12
population,4,8,8,2006,0,5,92.0,False,0.015992267610175137,23
population,4,8,8,2006,1,0,8.0,False,0.015992267610175137,2
population,4,8,8,2006,2,2,55.0,False,0.015992267610175137,14
population,4,8,8,2006,3,3,54.0,False,0.015992267610175137,14
population,4,8,8,2006,4,2,107.0,False,0.015992267610175137,27
population,4,8,8,2006,5,0,17.0,False,0.015992267610175137,5
population,4,8,8,2006,6,6,48.0,False,0.015992267610175137,12
population,4,8,8,2006,7,6,55.0,False,0.015992267610175137,14
population,4,8,8,2007,0,2,69.0,False,0.015992267610175137,18
population,4,8,8,2007,1,5,58.0,False,0.015992267610175137,15
population,4,8,8,2007,2,2,48.0,False,0.015992267610175137,12
population,4,8,8,2007,3,4,52.0,False,0.015992267610175137,13
population,4,8,8,2007,4,2,46.0,False,0.015992267610175137,12
population,4,8,8,2007,5,6,72.0,False,0.015992267610175137,18
population,4,8,8,2007,6,7,17.0,False,0.015992267610175137,5
population,4,8,8,2007,7,0,41.0,False,0.015992267610175137,11
population,4,8,8,2008,0,5,56.0,False,0.015992267610175137,14
population,4,8,8,2008,1,4,66.0,False,0.015992267610175137,17
population,4,8,8,2008,2,6,52.0,False,0.015992267610175137,13
population,4,8,8,2008,3,4,124.0,False,0.015992267610175137,31
population,4,8,8,2008,4,7,54.0,False,0.015992267610175137,14
population,4,8,8,2008,5,3,71.0,False,0.015992267610175137,18
population,4,8,8,2008,6,6,57.0,False,0.015992267610175137,15
population,4,8,8,2008,7,4,75.0,False,0.015992267610175137,19
population,4,8,8,2009,0,6,60.0,False,0.015992267610175137,15
population,4,8,8,2009,1,1,48.0,False,0.015992267610175137,12
population,4,8,8,2009,2,5,45.0,False,0.015992267610175137,12
population,4,8,8,2009,3,3,50.0,False,0.015992267610175137,13
population,4,8,8,2009,4,4,51.0,False,0.015992267610175137,13
population,4,8,8,2009,5,3,61.0,False,0.015992267610175137,16
population,4,8,8,2009,6,2,53.0,False,0.015992267610175137,14
population,4,8,8,2009,7,7,30.0,False,0.015992267610175137,8
population,4,8,8,2010,0,0,22.0,False,0.015992267610175137,6
population,4,8,8,2010,1,1,96.0,False,0.015992267610175137,24
population,4,8,8,2010,2,6,60.0,False,0.015992267610175137,15
population,4,8,8,2010,3,3,49.0,False,0.015992267610175137,13
population,4,8,8,2010,4,3,94.0,False,0.015992267610175137,24
population,4,8,8,2010,5,7,48.0,False,0.015992267610175137,12
population,4,8,8,2010,6,7,63.0,False,0.015992267610175137,16
population,4,8,8,2010,7,5,47.0,False,0.015992267610175137,12
population,4,8,8,2011,0,5,93.0,False,0.015992267610175137,24
population,4,8,8,2011,1,3,51.0,False,0.015992267610175137,13
population,4,8,8,2011,2,4,162.0,False,0.015992267610175137,41
population,4,8,8,2011,3,3,51.0,False,0.015992267610175137,13
population,4,8,8,2011,4,3,48.0,False,0.015992267610175137,12
population,4,8,8,2011,5,1,46.0,False,0.015992267610175137,12
population,4,8,8,2011,6,5,45.0,False,0.015992267610175137,12
population,4,8,8,2011,7,3,50.0,False,0.015992267610175137,13
population,4,8,8,2012,0,4,79.0,False,0.015992267610175137,20
population,4,8,8,2012,1,2,100.0,False,0.015992267610175137,25
population,4,8,8,2012,2,4,46.0,False,0.015992267610175137,12
population,4,8,8,2012,3,3,67.0,False,0.015992267610175137,17
population,4,8,8,2012,4,6,50.0,False,0.015992267610175137,13
population,4,8,8,2012,5,6,49.0,False,0.015992267610175137,13
population,4,8,8,2012,6,1,81.0,False,0.015992267610175137,21
population,4,8,8,2012,7,3,59.0,False,0.015992267610175137,15
population,4,8,8,2013,0,3,52.0,False,0.015992267610175137,13
population,4,8,8,2013,1,0,46.0,False,0.015992267610175137,12
population,4,8,8,2013,2,3,107.0,False,0.015992267610175137,27
population,4,8,8,2013,3,2,57.0,False,0.015992267610175137,15
population,4,8,8,2013,4,5,51.0,False,0.015992267610175137,13
population,4,8,8,2013,5,5,49.0,False,0.015992267610175137,13
population,4,8,8,2013,6,0,7.0,False,0.015992267610175137,2
population,4,8,8,2013,7,3,56.0,False,0.015992267610175137,14
population,4,8,8,2014,0,2,49.0,False,0.015992267610175137,13
population,4,8,8,2014,1,0,81.0,False,0.015992267610175137,21
population,4,8,8,2014,2,0,31.0,False,0.015992267610175137,8
population,4,8,8,2014,3,2,48.0,False,0.015992267610175137,12
population,4,8,8,2014,4,5,46.0,False,0.015992267610175137,12
population,4,8,8,2014,5,2,57.0,False,0.015992267610175137,15
population,4,8,8,2014,6,7,36.0,False,0.015992267610175137,9
population,4,8,8,2014,7,3,50.0,False,0.015992267610175137,13
population,4,8,8,2015,0,1,55.0,False,0.015992267610175137,14
population,4,8,8,2015,1,4,107.0,False,0.015992267610175137,27
population,4,8,8,2015,2,0,18.0,False,0.015992267610175137,5
population,4,8,8,2015,3,1,70.0,False,0.015992267610175137,18
population,4,8,8,2015,4,2,59.0,False,0.015992267610175137,15
population,4,8,8,2015,5,7,30.0,False,0.015992267610175137,8
population,4,8,8,2015,6,1,96.0,False,0.015992267610175137,24
population,4,8,8,2015,7,2,56.0,False,0.015992267610175137,14
population,4,8,8,2016,0,7,89.0,False,0.015992267610175137,23
population,4,8,8,2016,1,1,234.0,False,0.015992267610175137,59
population,4,8,8,2016,2,7,44.0,False,0.015992267610175137,11
population,4,8,8,2016,3,5,76.0,False,0.015992267610175137,19
population,4,8,8,2016,4,6,85.0,False,0.015992267610175137,22
population,4,8,8,2016,5,6,49.0,False,0.015992267610175137,13
population,4,8,8,2016,6,7,60.0,False,0.015992267610175137,15
population,4,8,8,2016,7,3,50.0,False,0.015992267610175137,13
population,4,8,8,2017,0,6,74.0,False,0.015992267610175137,19
population,4,8,8,2017,1,2,46.0,False,0.015992267610175137,12
population,4,8,8,2017,2,2,67.0,False,0.015992267610175137,17
population,4,8,8,2017,3,7,22.0,False,0.015992267610175137,6
population,4,8,8,2017,4,1,71.0,False,0.015992267610175137,18
population,4,8,8,2017,5,3,47.0,False,0.015992267610175137,12
population,4,8,8,2017,6,4,52.0,False,0.015992267610175137,13
population,4,8,8,2017,7,2,73.0,False,0.015992267610175137,19
population,4,8,8,2018,0,0,35.0,False,0.015992267610175137,9
population,4,8,8,2018,1,5,194.0,False,0.015992267610175137,49
population,4,8,8,2018,2,0,22.0,False,0.015992267610175137,6
population,4,8,8,2018,3,5,46.0,False,0.015992267610175137,12
population,4,8,8,2018,4,0,21.0,False,0.015992267610175137,6
population,4,8,8,2018,5,5,46.0,False,0.015992267610175137,12
population,4,8,8,2018,6,1,62.0,False,0.015992267610175137,16
population,4,8,8,2018,7,3,54.0,False,0.015992267610175137,14
population,4,8,8,2019,0,6,47.0,False,0.015992267610175137,12
population,4,8,8,2019,1,3,49.0,False,0.015992267610175137,13
population,4,8,8,2019,2,0,52.0,False,0.015992267610175137,13
population,4,8,8,2019,3,4,122.0,False,0.015992267610175137,31
population,4,8,8,2019,4,7,41.0,False,0.015992267610175137,11
population,4,8,8,2019,5,4,59.0,False,0.015992267610175137,15
population,4,8,8,2019,6,6,45.0,False,0.015992267610175137,12
population,4,8,8,2019,7,2,145.0,False,0.015992267610175137,37
population,4,8,8,2020,0,2,57.0,False,0.015992267610175137,15
population,4,8,8,2020,1,2,231.0,False,0.015992267610175137,58
population,4,8,8,2020,2,2,88.0,False,0.015992267610175137,22
population,4,8,8,2020,3,2,111.0,False,0.015992267610175137,28
population,4,8,8,2020,4,0,25.0,False,0.015992267610175137,7
population,4,8,8,2020,5,6,64.0,False,0.015992267610175137,16
population,4,8,8,2020,6,0,5.0,False,0.015992267610175137,2
population,4,8,8,2020,7,2,50.0,False,0.015992267610175137,13
population,4,8,8,2021,0,4,84.0,False,0.015992267610175137,21
population,4,8,8,2021,1,5,152.0,False,0.015992267610175137,38
population,4,8,8,2021,2,6,96.0,False,0.015992267610175137,24
population,4,8,8,2021,3,6,45.0,False,0.015992267610175137,12
population,4,8,8,2021,4,7,11.0,False,0.015992267610175137,3
population,4,8,8,2021,5,5,54.0,False,0.015992267610175137,14
population,4,8,8,2021,6,2,52.0,False,0.015992267610175137,13
population,4,8,8,2021,7,4,55.0,False,0.015992267610175137,14
population,4,8,8,2022,0,0,22.0,False,0.015992267610175137,6
population,4,8,8,2022,1,6,64.0,False,0.015992267610175137,16
population,4,8,8,2022,2,6,53.0,False,0.015992267610175137,14
population,4,8,8,2022,3,7,104.0,False,0.015992267610175137,26
population,4,8,8,2022,4,0,23.0,False,0.015992267610175137,6
population,4,8,8,2022,5,3,45.0,False,0.015992267610175137,12
population,4,8,8,2022,6,3,57.0,False,0.015992267610175137,15
population,4,8,8,2022,7,2,46.0,False,0.015992267610175137,12
population,4,8,8,2023,0,5,97.0,False,0.015992267610175137,25
population,4,8,8,2023,1,0,5.0,False,0.015992267610175137,2
population,4,8,8,2023,2,1,45.0,False,0.015992267610175137,12
population,4,8,8,2023,3,1,79.0,False,0.015992267610175137,20
population,4,8,8,2023,4,5,59.0,False,0.015992267610175137,15
population,4,8,8,2023,5,7,62.0,False,0.015992267610175137,16
population,4,8,8,2023,6,7,67.0,False,0.015992267610175137,17
population,4,8,8,2023,7,0,30.0,False,0.015992267610175137,8
population,4,8,8,2024,0,5,52.0,False,0.015992267610175137,13
population,4,8,8,2024,1,0,44.0,False,0.015992267610175137,11
population,4,8,8,2024,2,1,55.0,False,0.015992267610175137,14
population,4,8,8,2024,3,6,47.0,False,0.015992267610175137,12
population,4,8,8,2024,4,6,68.0,False,0.015992267610175137,17
population,4,8,8,2024,5,3,90.0,False,0.015992267610175137,23
population,4,8,8,2024,6,4,47.0,False,0.015992267610175137,12
population,4,8,8,2024,7,1,79.0,False,0.015992267610175137,20
population,4,8,8,2025,0,0,41.0,False,0.015992267610175137,11
population,4,8,8,2025,1,1,46.0,False,0.015992267610175137,12
population,4,8,8,2025,2,2,55.0,False,0.015992267610175137,14
population,4,8,8,2025,3,7,61.0,False,0.015992267610175137,16
population,4,8,8,2025,4,6,50.0,False,0.015992267610175137,13
population,4,8,8,2025,5,5,47.0,False,0.015992267610175137,12
population,4,8,8,2025,6,0,56.0,False,0.015992267610175137,14
population,4,8,8,2025,7,4,52.0,False,0.015992267610175137,13
population,4,8,8,2026,0,7,26.0,False,0.015992267610175137,7
population,4,8,8,2026,1,1,46.0,False,0.015992267610175137,12
population,4,8,8,2026,2,1,95.0,False,0.015992267610175137,24
population,4,8,8,2026,3,3,65.0,False,0.015992267610175137,17
population,4,8,8,2026,4,1,103.0,False,0.015992267610175137,26
population,4,8,8,2026,5,5,50.0,False,0.015992267610175137,13
population,4,8,8,2026,6,6,46.0,False,0.015992267610175137,12
population,4,8,8,2026,7,4,48.0,False,0.015992267610175137,12
population,4,8,8,2027,0,2,45.0,False,0.015992267610175137,12
population,4,8,8,2027,1,1,70.0,False,0.015992267610175137,18
population,4,8,8,2027,2,7,39.0,False,0.015992267610175137,10
population,4,8,8,2027,3,7,18.0,False,0.015992267610175137,5
population,4,8,8,2027,4,5,107.0,False,0.015992267610175137,27
population,4,8,8,2027,5,1,47.0,False,0.015992267610175137,12
population,4,8,8,2027,6,7,12.0,False,0.015992267610175137,3
population,4,8,8,2027,7,4,45.0,False,0.015992267610175137,12
population,4,8,8,2028,0,5,88.0,False,0.015992267610175137,22
population,4,8,8,2028,1,3,46.0,False,0.015992267610175137,12
population,4,8,8,2028,2,2,110.0,False,0.015992267610175137,28
population,4,8,8,2028,3,7,5.0,False,0.015992267610175137,2
population,4,8,8,2028,4,5,46.0,False,0.015992267610175137,12
population,4,8,8,2028,5,3,46.0,False,0.015992267610175137,12
population,4,8,8,2028,6,3,75.0,False,0.015992267610175137,19
population,4,8,8,2028,7,2,45.0,False,0.015992267610175137,12
population,4,8,8,2029,0,1,52.0,False,0.015992267610175137,13
population,4,8,8,2029,1,7,18.0,False,0.015992267610175137,5
population,4,8,8,2029,2,0,73.0,False,0.015992267610175137,19
population,4,8,8,2029,3,1,56.0,False,0.015992267610175137,14
population,4,8,8,2029,4,4,46.0,False,0.015992267610175137,12
population,4,8,8,2029,5,3,64.0,False,0.015992267610175137,16
population,4,8,8,2029,6,4,46.0,False,0.015992267610175137,12
population,4,8,8,2029,7,4,80.0,False,0.015992267610175137,20
population,4,8,8,2030,0,4,92.0,False,0.015992267610175137,23
population,4,8,8,2030,1,1,47.0,False,0.015992267610175137,12
population,4,8,8,2030,2,0,12.0,False,0.015992267610175137,3
population,4,8,8,2030,3,0,19.0,False,0.015992267610175137,5
population,4,8,8,2030,4,0,15.0,False,0.015992267610175137,4
population,4,8,8,2030,5,2,54.0,False,0.015992267610175137,14
population,4,8,8,2030,6,6,45.0,False,0.015992267610175137,12
population,4,8,8,2030,7,0,39.0,False,0.015992267610175137,10
population,4,8,8,2031,0,6,68.0,False,0.015992267610175137,17
population,4,8,8,2031,1,5,83.0,False,0.015992267610175137,21
population,4,8,8,2031,2,2,47.0,False,0.015992267610175137,12
population,4,8,8,2031,3,1,51.0,False,0.015992267610175137,13
population,4,8,8,2031,4,1,90.0,False,0.015992267610175137,23
population,4,8,8,2031,5,5,58.0,False,0.015992267610175137,15
population,4,8,8,2031,6,5,66.0,False,0.015992267610175137,17
population,4,8,8,2031,7,7,33.0,False,0.015992267610175137,9
population,4,8,8,2032,0,0,20.0,False,0.015992267610175137,5
population,4,8,8,2032,1,2,87.0,False,0.015992267610175137,22
population,4,8,8,2032,2,3,45.0,False,0.015992267610175137,12
population,4,8,8,2032,3,6,52.0,False,0.015992267610175137,13
population,4,8,8,2032,4,7,45.0,False,0.015992267610175137,12
population,4,8,8,2032,5,3,54.0,False,0.015992267610175137,14
population,4,8,8,2032,6,1,94.0,False,0.015992267610175137,24
population,4,8,8,2032,7,6,56.0,False,0.015992267610175137,14
population,4,8,8,2033,0,4,63.0,False,0.015992267610175137,16
population,4,8,8,2033,1,1,54.0,False,0.015992267610175137,14
population,4,8,8,2033,2,6,122.0,False,0.015992267610175137,31
population,4,8,8,2033,3,2,46.0,False,0.015992267610175137,12
population,4,8,8,2033,4,2,51.0,False,0.015992267610175137,13
population,4,8,8,2033,5,4,53.0,False,0.015992267610175137,14
population,4,8,8,2033,6,5,144.0,False,0.015992267610175137,36
population,4,8,8,2033,7,6,59.0,False,0.015992267610175137,15
population,4,8,8,2034,0,4,48.0,False,0.015992267610175137,12
population,4,8,8,2034,1,7,27.0,False,0.015992267610175137,7
population,4,8,8,2034,2,4,53.0,False,0.015992267610175137,14
population,4,8,8,2034,3,7,36.0,False,0.015992267610175137,9
population,4,8,8,2034,4,2,58.0,False,0.015992267610175137,15
population,4,8,8,2034,5,5,70.0,False,0.015992267610175137,18
population,4,8,8,2034,6,0,33.0,False,0.015992267610175137,9
population,4,8,8,2034,7,7,5.0,False,0.015992267610175137,2
population,4,8,8,2035,0,1,54.0,False,0.015992267610175137,14
population,4,8,8,2035,1,1,66.0,False,0.015992267610175137,17
population,4,8,8,2035,2,0,17.0,False,0.015992267610175137,5
population,4,8,8,2035,3,7,54.0,False,0.015992267610175137,14
population,4,8,8,2035,4,3,62.0,False,0.015992267610175137,16
population,4,8,8,2035,5,6,118.0,False,0.015992267610175137,30
population,4,8,8,2035,6,4,56.0,False,0.015992267610175137,14
population,4,8,8,2035,7,4,48.0,False,0.015992267610175137,12
population,4,8,8,2036,0,1,52.0,False,0.015992267610175137,13
population,4,8,8,2036,1,2,46.0,False,0.015992267610175137,12
population,4,8,8,2036,2,0,29.0,False,0.015992267610175137,8
population,4,8,8,2036,3,1,48.0,False,0.015992267610175137,12
population,4,8,8,2036,4,4,80.0,False,0.015992267610175137,20
population,4,8,8,2036,5,0,10.0,False,0.015992267610175137,3
population,4,8,8,2036,6,3,46.0,False,0.015992267610175137,12
population,4,8,8,2036,7,0,14.0,False,0.015992267610175137,4
population,4,8,8,2037,0,7,42.0,False,0.015992267610175137,11
population,4,8,8,2037,1,7,79.0,False,0.015992267610175137,20
population,4,8,8,2037,2,2,46.0,False,0.015992267610175137,12
population,4,8,8,2037,3,1,73.0,False,0.015992267610175137,19
population,4,8,8,2037,4,0,42.0,False,0.015992267610175137,11
population,4,8,8,2037,5,3,52.0,False,0.015992267610175137,13
population,4,8,8,2037,6,2,57.0,False,0.015992267610175137,15
population,4,8,8,2037,7,5,96.0,False,0.015992267610175137,24
population,4,8,8,2038,0,3,83.0,False,0.015992267610175137,21
population,4,8,8,2038,1,1,53.0,False,0.015992267610175137,14
population,4,8,8,2038,2,6,49.0,False,0.015992267610175137,13
population,4,8,8,2038,3,5,59.0,False,0.015992267610175137,15
population,4,8,8,2038,4,5,108.0,False,0.015992267610175137,27
population,4,8,8,2038,5,4,64.0,False,0.015992267610175137,16
population,4,8,8,2038,6,6,103.0,False,0.015992267610175137,26
population,4,8,8,2038,7,1,72.0,False,0.015992267610175137,18
population,4,8,8,2039,0,6,73.0,False,0.015992267610175137,19
population,4,8,8,2039,1,7,19.0,False,0.015992267610175137,5
population,4,8,8,2039,2,6,94.0,False,0.015992267610175137,24
population,4,8,8,2039,3,5,114.0,False,0.015992267610175137,29
population,4,8,8,2039,4,6,53.0,False,0.015992267610175137,14
population,4,8,8,2039,5,0,16.0,False,0.015992267610175137,4
population,4,8,8,2039,6,4,47.0,False,0.015992267610175137,12
population,4,8,8,2039,7,0,8.0,False,0.015992267610175137,2
population,4,8,8,2040,0,0,33.0,False,0.015992267610175137,9
population,4,8,8,2040,1,3,119.0,False,0.015992267610175137,30
population,4,8,8,2040,2,7,25.0,False,0.015992267610175137,7
population,4,8,8,2040,3,5,52.0,False,0.015992267610175137,13
population,4,8,8,2040,4,3,51.0,False,0.015992267610175137,13
population,4,8,8,2040,5,6,46.0,False,0.015992267610175137,12
population,4,8,8,2040,6,1,107.0,False,0.015992267610175137,27
population,4,8,8,2040,7,5,84.0,False,0.015992267610175137,21
population,4,8,8,2041,0,6,49.0,False,0.015992267610175137,13
population,4,8,8,2041,1,1,46.0,False,0.015992267610175137,12
population,4,8,8,2041,2,7,7.0,False,0.015992267610175137,2
population,4,8,8,2041,3,0,21.0,False,0.015992267610175137,6
population,4,8,8,2041,4,5,47.0,False,0.015992267610175137,12
population,4,8,8,2041,5,4,128.0,False,0.015992267610175137,32
population,4,8,8,2041,6,2,55.0,False,0.015992267610175137,14
population,4,8,8,2041,7,2,112.0,False,0.015992267610175137,28
population,4,8,8,2042,0,2,71.0,False,0.015992267610175137,18
population,4,8,8,2042,1,2,97.0,False,0.015992267610175137,25
population,4,8,8,2042,2,7,35.0,False,0.015992267610175137,9
population,4,8,8,2042,3,4,91.0,False,0.015992267610175137,23
population,4,8,8,2042,4,6,56.0,False,0.015992267610175137,14
population,4,8,8,2042,5,7,35.0,False,0.015992267610175137,9
population,4,8,8,2042,6,4,61.0,False,0.015992267610175137,16
population,4,8,8,2042,7,2,56.0,False,0.015992267610175137,14
population,4,8,8,2043,0,1,46.0,False,0.015992267610175137,12
population,4,8,8,2043,1,5,57.0,False,0.015992267610175137,15
population,4,8,8,2043,2,5,46.0,False,0.015992267610175137,12
population,4,8,8,2043,3,6,48.0,False,0.015992267610175137,12
population,4,8,8,2043,4,6,130.0,False,0.015992267610175137,33
population,4,8,8,2043,5,5,47.0,False,0.015992267610175137,12
population,4,8,8,2043,6,7,63.0,False,0.015992267610175137,16
population,4,8,8,2043,7,6,49.0,False,0.015992267610175137,13
population,4,8,8,2044,0,3,50.0,False,0.015992267610175137,13
population,4,8,8,2044,1,5,69.0,False,0.015992267610175137,18
population,4,8,8,2044,2,1,70.0,False,0.015992267610175137,18
population,4,8,8,2044,3,1,77.0,False,0.015992267610175137,20
population,4,8,8,2044,4,6,80.0,False,0.015992267610175137,20
population,4,8,8,2044,5,2,147.0,False,0.015992267610175137,37
population,4,8,8,2044,6,2,81.0,False,0.015992267610175137,21
population,4,8,8,2044,7,7,19.0,False,0.015992267610175137,5
population,4,8,8,2045,0,7,48.0,False,0.015992267610175137,12
population,4,8,8,2045,1,2,56.0,False,0.015992267610175137,14
population,4,8,8,2045,2,4,286.0,False,0.015992267610175137,72
population,4,8,8,2045,3,3,227.0,False,0.015992267610175137,57
population,4,8,8,2045,4,2,48.0,False,0.015992267610175137,12
population,4,8,8,2045,5,3,46.0,False,0.015992267610175137,12
population,4,8,8,2045,6,7,23.0,False,0.015992267610175137,6
population,4,8,8,2045,7,6,83.0,False,0.015992267610175137,21
population,4,8,8,2046,0,7,38.0,False,0.015992267610175137,10
population,4,8,8,2046,1,5,52.0,False,0.015992267610175137,13
population,4,8,8,2046,2,0,15.0,False,0.015992267610175137,4
population,4,8,8,2046,3,5,78.0,False,0.015992267610175137,20
population,4,8,8,2046,4,7,19.0,False,0.015992267610175137,5
population,4,8,8,2046,5,2,87.0,False,0.015992267610175137,22
population,4,8,8,2046,6,6,49.0,False,0.015992267610175137,13
population,4,8,8,2046,7,4,51.0,False,0.015992267610175137,13
population,4,8,8,2047,0,1,119.0,False,0.015992267610175137,30
population,4,8,8,2047,1,4,46.0,False,0.015992267610175137,12
population,4,8,8,2047,2,4,47.0,False,0.015992267610175137,12
population,4,8,8,2047,3,4,46.0,False,0.015992267610175137,12
population,4,8,8,2047,4,5,68.0,False,0.015992267610175137,17
population,4,8,8,2047,5,6,63.0,False,0.015992267610175137,16
population,4,8,8,2047,6,7,53.0,False,0.015992267610175137,14
population,4,8,8,2047,7,2,45.0,False,0.015992267610175137,12
population,4,8,8,2048,0,4,46.0,False,0.015992267610175137,12
population,4,8,8,2048,1,2,47.0,False,0.015992267610175137,12
population,4,8,8,2048,2,0,19.0,False,0.015992267610175137,5
population,4,8,8,2048,3,6,77.0,False,0.015992267610175137,20
population,4,8,8,2048,4,5,89.0,False,0.015992267610175137,23
population,4,8,8,2048,5,2,47.0,False,0.015992267610175137,12
population,4,8,8,2048,6,6,98.0,False,0.015992267610175137,25
population,4,8,8,2048,7,6,46.0,False,0.015992267610175137,12
population,4,8,8,2049,0,0,15.0,False,0.015992267610175137,4
population,4,8,8,2049,1,1,52.0,False,0.015992267610175137,13
population,4,8,8,2049,2,4,187.0,False,0.015992267610175137,47
population,4,8,8,2049,3,3,95.0,False,0.015992267610175137,24
population,4,8,8,2049,4,4,98.0,False,0.015992267610175137,25
population,4,8,8,2049,5,0,20.0,False,0.015992267610175137,5
population,4,8,8,2049,6,6,71.0,False,0.015992267610175137,18
population,4,8,8,2049,7,6,66.0,False,0.015992267610175137,17
population,4,8,8,2050,0,6,47.0,False,0.015992267610175137,12
population,4,8,8,2050,1,0,68.0,False,0.015992267610175137,17
population,4,8,8,2050,2,4,71.0,False,0.015992267610175137,18
population,4,8,8,2050,3,4,47.0,False,0.015992267610175137,12
population,4,8,8,2050,4,0,23.0,False,0.015992267610175137,6
population,4,8,8,2050,5,2,76.0,False,0.015992267610175137,19
population,4,8,8,2050,6,4,80.0,False,0.015992267610175137,20
population,4,8,8,2050,7,3,61.0,False,0.015992267610175137,16
population,4,8,8,2051,0,2,47.0,False,0.015992267610175137,12
population,4,8,8,2051,1,5,80.0,False,0.015992267610175137,20
population,4,8,8,2051,2,0,14.0,False,0.015992267610175137,4
population,4,8,8,2051,3,4,45.0,False,0.015992267610175137,12
population,4,8,8,2051,4,0,41.0,False,0.015992267610175137,11
population,4,8,8,2051,5,1,48.0,False,0.015992267610175137,12
population,4,8,8,2051,6,6,49.0,False,0.015992267610175137,13
population,4,8,8,2051,7,0,25.0,False,0.015992267610175137,7
population,4,8,8,2052,0,4,75.0,False,0.015992267610175137,19
population,4,8,8,2052,1,1,74.0,False,0.015992267610175137,19
population,4,8,8,2052,2,5,50.0,False,0.015992267610175137,13
population,4,8,8,2052,3,2,199.0,False,0.015992267610175137,50
population,4,8,8,2052,4,0,11.0,False,0.015992267610175137,3
population,4,8,8,2052,5,4,62.0,False,0.015992267610175137,16
population,4,8,8,2052,6,5,56.0,False,0.015992267610175137,14
population,4,8,8,2052,7,4,47.0,False,0.015992267610175137,12
population,4,8,8,2053,0,1,46.0,False,0.015992267610175137,12
population,4,8,8,2053,1,6,47.0,False,0.015992267610175137,12
population,4,8,8,2053,2,2,95.0,False,0.015992267610175137,24
population,4,8,8,2053,3,4,48.0,False,0.015992267610175137,12
population,4,8,8,2053,4,3,49.0,False,0.015992267610175137,13
population,4,8,8,2053,5,7,20.0,False,0.015992267610175137,5
population,4,8,8,2053,6,4,51.0,False,0.015992267610175137,13
population,4,8,8,2053,7,4,49.0,False,0.015992267610175137,13
population,4,8,8,2054,0,1,57.0,False,0.015992267610175137,15
population,4,8,8,2054,1,2,51.0,False,0.015992267610175137,13
population,4,8,8,2054,2,0,23.0,False,0.015992267610175137,6
population,4,8,8,2054,3,7,26.0,False,0.015992267610175137,7
population,4,8,8,2054,4,5,55.0,False,0.015992267610175137,14
population,4,8,8,2054,5,1,111.0,False,0.015992267610175137,28
population,4,8,8,2054,6,6,67.0,False,0.015992267610175137,17
population,4,8,8,2054,7,5,46.0,False,0.015992267610175137,12
population,4,8,8,2055,0,2,47.0,False,0.015992267610175137,12
population,4,8,8,2055,1,0,13.0,False,0.015992267610175137,4
population,4,8,8,2055,2,5,47.0,False,0.015992267610175137,12
population,4,8,8,2055,3,2,67.0,False,0.015992267610175137,17
population,4,8,8,2055,4,2,127.0,False,0.015992267610175137,32
population,4,8,8,2055,5,6,47.0,False,0.015992267610175137,12
population,4,8,8,2055,6,7,14.0,False,0.015992267610175137,4
population,4,8,8,2055,7,5,96.0,False,0.015992267610175137,24
population,4,8,8,2056,0,3,53.0,False,0.015992267610175137,14
population,4,8,8,2056,1,2,97.0,False,0.015992267610175137,25
population,4,8,8,2056,2,1,75.0,False,0.015992267610175137,19
population,4,8,8,2056,3,7,20.0,False,0.015992267610175137,5
population,4,8,8,2056,4,3,63.0,False,0.015992267610175137,16
population,4,8,8,2056,5,0,27.0,False,0.015992267610175137,7
population,4,8,8,2056,6,4,46.0,False,0.015992267610175137,12
population,4,8,8,2056,7,4,47.0,False,0.015992267610175137,12
population,4,8,8,2057,0,0,13.0,False,0.015992267610175137,4
population,4,8,8,2057,1,5,63.0,False,0.015992267610175137,16
population,4,8,8,2057,2,0,17.0,False,0.015992267610175137,5
population,4,8,8,2057,3,4,70.0,False,0.015992267610175137,18
population,4,8,8,2057,4,2,64.0,False,0.015992267610175137,16
population,4,8,8,2057,5,0,15.0,False,0.015992267610175137,4
population,4,8,8,2057,6,6,77.0,False,0.015992267610175137,20
population,4,8,8,2057,7,6,49.0,False,0.015992267610175137,13
population,4,8,8,2058,0,4,47.0,False,0.015992267610175137,12
population,4,8,8,2058,1,4,48.0,False,0.015992267610175137,12
population,4,8,8,2058,2,1,81.0,False,0.015992267610175137,21
population,4,8,8,2058,3,6,57.0,False,0.015992267610175137,15
population,4,8,8,2058,4,1,52.0,False,0.015992267610175137,13
population,4,8,8,2058,5,0,67.0,False,0.015992267610175137,17
population,4,8,8,2058,6,1,46.0,False,0.015992267610175137,12
population,4,8,8,2058,7,3,118.0,False,0.015992267610175137,30
population,4,8,8,2059,0,5,170.0,False,0.015992267610175137,43
population,4,8,8,2059,1,3,186.0,False,0.015992267610175137,47
population,4,8,8,2059,2,1,45.0,False,0.015992267610175137,12
population,4,8,8,2059,3,6,84.0,False,0.015992267610175137,21
population,4,8,8,2059,4,2,99.0,False,0.015992267610175137,25
population,4,8,8,2059,5,3,107.0,False,0.015992267610175137,27
population,4,8,8,2059,6,0,13.0,False,0.015992267610175137,4
population,4,8,8,2059,7,3,46.0,False,0.015992267610175137,12
population,4,8,8,2060,0,0,10.0,False,0.015992267610175137,3
population,4,8,8,2060,1,2,62.0,False,0.015992267610175137,16
population,4,8,8,2060,2,6,57.0,False,0.015992267610175137,15
population,4,8,8,2060,3,7,8.0,False,0.015992267610175137,2
population,4,8,8,2060,4,6,46.0,False,0.015992267610175137,12
population,4,8,8,2060,5,2,52.0,False,0.015992267610175137,13
population,4,8,8,2060,6,1,54.0,False,0.015992267610175137,14
population,4,8,8,2060,7,1,199.0,False,0.015992267610175137,50
population,4,8,8,2061,0,4,46.0,False,0.015992267610175137,12
population,4,8,8,2061,1,7,10.0,False,0.015992267610175137,3
population,4,8,8,2061,2,4,51.0,False,0.015992267610175137,13
population,4,8,8,2061,3,3,64.0,False,0.015992267610175137,16
population,4,8,8,2061,4,2,57.0,False,0.015992267610175137,15
population,4,8,8,2061,5,1,47.0,False,0.015992267610175137,12
population,4,8,8,2061,6,6,58.0,False,0.015992267610175137,15
population,4,8,8,2061,7,6,57.0,False,0.015992267610175137,15
population,4,8,8,2062,0,3,72.0,False,0.015992267610175137,18
population,4,8,8,2062,1,3,45.0,False,0.015992267610175137,12
population,4,8,8,2062,2,3,83.0,False,0.015992267610175137,21
population,4,8,8,2062,3,0,34.0,False,0.015992267610175137,9
population,4,8,8,2062,4,4,61.0,False,0.015992267610175137,16
population,4,8,8,2062,5,0,65.0,False,0.015992267610175137,17
population,4,8,8,2062,6,5,179.0,False,0.015992267610175137,45
population,4,8,8,2062,7,7,8.0,False,0.015992267610175137,2
population,4,8,8,2063,0,5,71.0,False,0.015992267610175137,18
population,4,8,8,2063,1,1,69.0,False,0.015992267610175137,18
population,4,8,8,2063,2,7,38.0,False,0.015992267610175137,10
population,4,8,8,2063,3,5,51.0,False,0.015992267610175137,13
population,4,8,8,2063,4,0,46.0,False,0.015992267610175137,12
population,4,8,8,2063,5,3,113.0,False,0.015992267610175137,29
population,4,8,8,2063,6,0,72.0,False,0.015992267610175137,18
population,4,8,8,2063,7,5,66.0,False,0.015992267610175137,17
population,4,8,8,2064,0,3,98.0,False,0.015992267610175137,25
population,4,8,8,2064,1,1,129.0,False,0.015992267610175137,33
population,4,8,8,2064,2,5,58.0,False,0.015992267610175137,15
population,4,8,8,2064,3,5,59.0,False,0.015992267610175137,15
population,4,8,8,2064,4,2,110.0,False,0.015992267610175137,28
population,4,8,8,2064,5,6,45.0,False,0.015992267610175137,12
population,4,8,8,2064,6,1,54.0,False,0.015992267610175137,14
population,4,8,8,2064,7,3,59.0,False,0.015992267610175137,15
population,4,8,8,2065,0,1,65.0,False,0.015992267610175137,17
population,4,8,8,2065,1,6,58.0,False,0.015992267610175137,15
population,4,8,8,2065,2,5,63.0,False,0.015992267610175137,16
population,4,8,8,2065,3,6,86.0,False,0.015992267610175137,22
population,4,8,8,2065,4,4,58.0,False,0.015992267610175137,15
population,4,8,8,2065,5,3,48.0,False,0.015992267610175137,12
population,4,8,8,2065,6,3,50.0,False,0.015992267610175137,13
population,4,8,8,2065,7,2,61.0,False,0.015992267610175137,16
population,4,8,8,2066,0,6,95.0,False,0.015992267610175137,24
population,4,8,8,2066,1,3,49.0,False,0.015992267610175137,13
population,4,8,8,2066,2,3,56.0,False,0.015992267610175137,14
population,4,8,8,2066,3,0,29.0,False,0.015992267610175137,8
population,4,8,8,2066,4,4,50.0,False,0.015992267610175137,13
population,4,8,8,2066,5,6,45.0,False,0.015992267610175137,12
population,4,8,8,2066,6,4,107.0,False,0.015992267610175137,27
population,4,8,8,2066,7,6,64.0,False,0.015992267610175137,16
population,4,8,8,2067,0,5,83.0,False,0.015992267610175137,21
population,4,8,8,2067,1,4,45.0,False,0.015992267610175137,12
population,4,8,8,2067,2,4,68.0,False,0.015992267610175137,17
population,4,8,8,2067,3,1,45.0,False,0.015992267610175137,12
population,4,8,8,2067,4,6,64.0,False,0.015992267610175137,16
population,4,8,8,2067,5,5,55.0,False,0.015992267610175137,14
population,4,8,8,2067,6,1,47.0,False,0.015992267610175137,12
population,4,8,8,2067,7,5,45.0,False,0.015992267610175137,12
population,4,8,8,2068,0,3,46.0,False,0.015992267610175137,12
population,4,8,8,2068,1,5,74.0,False,0.015992267610175137,19
population,4,8,8,2068,2,1,60.0,False,0.015992267610175137,15
population,4,8,8,2068,3,6,45.0,False,0.015992267610175137,12
population,4,8,8,2068,4,7,14.0,False,0.015992267610175137,4
population,4,8,8,2068,5,7,23.0,False,0.015992267610175137,6
population,4,8,8,2068,6,5,86.0,False,0.015992267610175137,22
population,4,8,8,2068,7,3,46.0,False,0.015992267610175137,12
population,4,8,8,2069,0,0,12.0,False,0.015992267610175137,3
population,4,8,8,2069,1,7,8.0,False,0.015992267610175137,2
population,4,8,8,2069,2,4,49.0,False,0.015992267610175137,13
population,4,8,8,2069,3,4,56.0,False,0.015992267610175137,14
population,4,8,8,2069,4,0,55.0,False,0.015992267610175137,14
population,4,8,8,2069,5,0,11.0,False,0.015992267610175137,3
population,4,8,8,2069,6,1,49.0,False,0.015992267610175137,13
population,4,8,8,2069,7,4,47.0,False,0.015992267610175137,12
population,4,8,8,2070,0,0,16.0,False,0.015992267610175137,4
population,4,8,8,2070,1,1,48.0,False,0.015992267610175137,12
population,4,8,8,2070,2,2,52.0,False,0.015992267610175137,13
population,4,8,8,2070,3,3,54.0,False,0.015992267610175137,14
population,4,8,8,2070,4,5,47.0,False,0.015992267610175137,12
population,4,8,8,2070,5,2,45.0,False,0.015992267610175137,12
population,4,8,8,2070,6,3,60.0,False,0.015992267610175137,15
population,4,8,8,2070,7,4,178.0,False,0.015992267610175137,45
population,4,8,8,2071,0,6,69.0,False,0.015992267610175137,18
population,4,8,8,2071,1,0,15.0,False,0.015992267610175137,4
population,4,8,8,2071,2,2,81.0,False,0.015992267610175137,21
population,4,8,8,2071,3,0,187.0,False,0.015992267610175137,47
population,4,8,8,2071,4,2,109.0,False,0.015992267610175137,28
population,4,8,8,2071,5,1,57.0,False,0.015992267610175137,15
population,4,8,8,2071,6,1,238.0,False,0.015992267610175137,60
population,4,8,8,2071,7,4,49.0,False,0.015992267610175137,13
population,4,8,8,2072,0,4,108.0,False,0.015992267610175137,27
population,4,8,8,2072,1,7,24.0,False,0.015992267610175137,6
population,4,8,8,2072,2,3,49.0,False,0.015992267610175137,13
population,4,8,8,2072,3,6,63.0,False,0.015992267610175137,16
population,4,8,8,2072,4,0,29.0,False,0.015992267610175137,8
population,4,8,8,2072,5,5,140.0,False,0.015992267610175137,35
population,4,8,8,2072,6,3,46.0,False,0.015992267610175137,12
population,4,8,8,2072,7,6,98.0,False,0.015992267610175137,25
population,4,8,8,2073,0,3,45.0,False,0.015992267610175137,12
population,4,8,8,2073,1,6,70.0,False,0.015992267610175137,18
population,4,8,8,2073,2,2,49.0,False,0.015992267610175137,13
population,4,8,8,2073,3,7,21.0,False,0.015992267610175137,6
population,4,8,8,2073,4,2,46.0,False,0.015992267610175137,12
population,4,8,8,2073,5,6,59.0,False,0.015992267610175137,15
population,4,8,8,2073,6,5,75.0,False,0.015992267610175137,19
population,4,8,8,2073,7,2,45.0,False,0.015992267610175137,12
population,4,8,8,2074,0,7,25.0,False,0.015992267610175137,7
population,4,8,8,2074,1,6,92.0,False,0.015992267610175137,23
population,4,8,8,2074,2,5,45.0,False,0.015992267610175137,12
population,4,8,8,2074,3,3,64.0,False,0.015992267610175137,16
population,4,8,8,2074,4,2,77.0,False,0.015992267610175137,20
population,4,8,8,2074,5,5,59.0,False,0.015992267610175137,15
population,4,8,8,2074,6,2,96.0,False,0.015992267610175137,24
population,4,8,8,2074,7,1,46.0,False,0.015992267610175137,12
population,4,8,8,2075,0,1,55.0,False,0.015992267610175137,14
population,4,8,8,2075,1,5,46.0,False,0.015992267610175137,12
population,4,8,8,2075,2,7,8.0,False,0.015992267610175137,2
population,4,8,8,2075,3,3,50.0,False,0.015992267610175137,13
population,4,8,8,2075,4,3,49.0,False,0.015992267610175137,13
population,4,8,8,2075,5,5,49.0,False,0.015992267610175137,13
population,4,8,8,2075,6,0,20.0,False,0.015992267610175137,5
population,4,8,8,2075,7,1,47.0,False,0.015992267610175137,12
population,4,8,8,2076,0,2,53.0,False,0.015992267610175137,14
population,4,8,8,2076,1,6,45.0,False,0.015992267610175137,12
population,4,8,8,2076,2,0,91.0,False,0.015992267610175137,23
population,4,8,8,2076,3,1,51.0,False,0.015992267610175137,13
population,4,8,8,2076,4,7,16.0,False,0.015992267610175137,4
population,4,8,8,2076,5,0,37.0,False,0.015992267610175137,10
population,4,8,8,2076,6,7,25.0,False,0.015992267610175137,7
population,4,8,8,2076,7,7,11.0,False,0.015992267610175137,3
population,4,8,8,2077,0,7,85.0,False,0.015992267610175137,22
population,4,8,8,2077,1,3,62.0,False,0.015992267610175137,16
population,4,8,8,2077,2,4,66.0,False,0.015992267610175137,17
population,4,8,8,2077,3,0,14.0,False,0.015992267610175137,4
population,4,8,8,2077,4,2,59.0,False,0.015992267610175137,15
population,4,8,8,2077,5,4,51.0,False,0.015992267610175137,13
population,4,8,8,2077,6,5,49.0,False,0.015992267610175137,13
population,4,8,8,2077,7,3,154.0,False,0.015992267610175137,39
population,4,8,8,2078,0,6,67.0,False,0.015992267610175137,17
population,4,8,8,2078,1,5,58.0,False,0.015992267610175137,15
population,4,8,8,2078,2,0,31.0,False,0.015992267610175137,8
population,4,8,8,2078,3,1,46.0,False,0.015992267610175137,12
population,4,8,8,2078,4,4,198.0,False,0.015992267610175137,50
population,4,8,8,2078,5,4,92.0,False,0.015992267610175137,23
population,4,8,8,2078,6,5,54.0,False,0.015992267610175137,14
population,4,8,8,2078,7,0,69.0,False,0.015992267610175137,18
population,4,8,8,2079,0,4,59.0,False,0.015992267610175137,15
population,4,8,8,2079,1,2,73.0,False,0.015992267610175137,19
population,4,8,8,2079,2,0,35.0,False,0.015992267610175137,9
population,4,8,8,2079,3,5,55.0,False,0.015992267610175137,14
population,4,8,8,2079,4,4,65.0,False,0.015992267610175137,17
population,4,8,8,2079,5,1,68.0,False,0.015992267610175137,17
population,4,8,8,2079,6,4,48.0,False,0.015992267610175137,12
population,4,8,8,2079,7,4,194.0,False,0.015992267610175137,49
population,4,8,8,2080,0,5,64.0,False,0.015992267610175137,16
population,4,8,8,2080,1,0,49.0,False,0.015992267610175137,13
population,4,8,8,2080,2,2,162.0,False,0.015992267610175137,41
population,4,8,8,2080,3,0,17.0,False,0.015992267610175137,5
population,4,8,8,2080,4,0,257.0,False,0.015992267610175137,65
population,4,8,8,2080,5,1,142.0,False,0.015992267610175137,36
population,4,8,8,2080,6,4,68.0,False,0.015992267610175137,17
population,4,8,8,2080,7,3,67.0,False,0.015992267610175137,17
population,4,8,8,2081,0,1,84.0,False,0.015992267610175137,21
population,4,8,8,2081,1,4,47.0,False,0.015992267610175137,12
population,4,8,8,2081,2,2,170.0,False,0.015992267610175137,43
population,4,8,8,2081,3,3,48.0,False,0.015992267610175137,12
population,4,8,8,2081,4,5,47.0,False,0.015992267610175137,12
population,4,8,8,2081,5,0,35.0,False,0.015992267610175137,9
population,4,8,8,2081,6,6,59.0,False,0.015992267610175137,15
population,4,8,8,2081,7,2,52.0,False,0.015992267610175137,13
population,4,8,8,2082,0,5,60.0,False,0.015992267610175137,15
population,4,8,8,2082,1,3,192.0,False,0.015992267610175137,48
population,4,8,8,2082,2,0,43.0,False,0.015992267610175137,11
population,4,8,8,2082,3,0,23.0,False,0.015992267610175137,6
population,4,8,8,2082,4,2,79.0,False,0.015992267610175137,20
population,4,8,8,2082,5,7,231.0,False,0.015992267610175137,58
population,4,8,8,2082,6,2,72.0,False,0.015992267610175137,18
population,4,8,8,2082,7,0,58.0,False,0.015992267610175137,15
population,4,8,8,2083,0,1,69.0,False,0.015992267610175137,18
population,4,8,8,2083,1,0,25.0,False,0.015992267610175137,7
population,4,8,8,2083,2,0,10.0,False,0.015992267610175137,3
population,4,8,8,2083,3,7,15.0,False,0.015992267610175137,4
population,4,8,8,2083,4,5,63.0,False,0.015992267610175137,16
population,4,8,8,2083,5,2,59.0,False,0.015992267610175137,15
population,4,8,8,2083,6,1,78.0,False,0.015992267610175137,20
population,4,8,8,2083,7,0,26.0,False,0.015992267610175137,7
population,4,8,8,2084,0,5,62.0,False,0.015992267610175137,16
population,4,8,8,2084,1,4,49.0,False,0.015992267610175137,13
population,4,8,8,2084,2,0,10.0,False,0.015992267610175137,3
population,4,8,8,2084,3,6,116.0,False,0.015992267610175137,29
population,4,8,8,2084,4,2,57.0,False,0.015992267610175137,15
population,4,8,8,2084,5,1,46.0,False,0.015992267610175137,12
population,4,8,8,2084,6,5,54.0,False,0.015992267610175137,14
population,4,8,8,2084,7,0,14.0,False,0.015992267610175137,4
population,4,8,8,2085,0,7,21.0,False,0.015992267610175137,6
population,4,8,8,2085,1,5,99.0,False,0.015992267610175137,25
population,4,8,8,2085,2,4,124.0,False,0.015992267610175137,31
population,4,8,8,2085,3,0,11.0,False,0.015992267610175137,3
population,4,8,8,2085,4,6,53.0,False,0.015992267610175137,14
population,4,8,8,2085,5,3,70.0,False,0.015992267610175137,18
population,4,8,8,2085,6,5,47.0,False,0.015992267610175137,12
population,4,8,8,2085,7,1,46.0,False,0.015992267610175137,12
population,4,8,8,2086,0,3,67.0,False,0.015992267610175137,17
population,4,8,8,2086,1,6,82.0,False,0.015992267610175137,21
population,4,8,8,2086,2,3,128.0,False,0.015992267610175137,32
population,4,8,8,2086,3,4,55.0,False,0.015992267610175137,14
population,4,8,8,2086,4,4,62.0,False,0.015992267610175137,16
population,4,8,8,2086,5,0,55.0,False,0.015992267610175137,14
population,4,8,8,2086,6,0,27.0,False,0.015992267610175137,7
population,4,8,8,2086,7,2,45.0,False,0.015992267610175137,12
population,4,8,8,2087,0,5,52.0,False,0.015992267610175137,13
population,4,8,8,2087,1,0,9.0,False,0.015992267610175137,3
population,4,8,8,2087,2,2,50.0,False,0.015992267610175137,13
population,4,8,8,2087,3,5,68.0,False,0.015992267610175137,17
population,4,8,8,2087,4,6,55.0,False,0.015992267610175137,14
population,4,8,8,2087,5,1,67.0,False,0.015992267610175137,17
population,4,8,8,2087,6,1,52.0,False,0.015992267610175137,13
population,4,8,8,2087,7,0,35.0,False,0.015992267610175137,9
population,4,8,8,2088,0,2,55.0,False,0.015992267610175137,14
population,4,8,8,2088,1,5,51.0,False,0.015992267610175137,13
population,4,8,8,2088,2,1,53.0,False,0.015992267610175137,14
population,4,8,8,2088,3,7,40.0,False,0.015992267610175137,10
population,4,8,8,2088,4,4,55.0,False,0.015992267610175137,14
population,4,8,8,2088,5,6,150.0,False,0.015992267610175137,38
population,4,8,8,2088,6,4,64.0,False,0.015992267610175137,16
population,4,8,8,2088,7,6,60.0,False,0.015992267610175137,15
population,4,8,8,2089,0,3,85.0,False,0.015992267610175137,22
population,4,8,8,2089,1,6,53.0,False,0.015992267610175137,14
population,4,8,8,2089,2,4,70.0,False,0.015992267610175137,18
population,4,8,8,2089,3,6,95.0,False,0.015992267610175137,24
population,4,8,8,2089,4,3,48.0,False,0.015992267610175137,12
population,4,8,8,2089,5,0,11.0,False,0.015992267610175137,3
population,4,8,8,2089,6,4,51.0,False,0.015992267610175137,13
population,4,8,8,2089,7,2,69.0,False,0.015992267610175137,18
population,4,8,8,2090,0,0,35.0,False,0.015992267610175137,9
population,4,8,8,2090,1,0,17.0,False,0.015992267610175137,5
population,4,8,8,2090,2,0,22.0,False,0.015992267610175137,6
population,4,8,8,2090,3,6,53.0,False,0.015992267610175137,14
population,4,8,8,2090,4,3,47.0,False,0.015992267610175137,12
population,4,8,8,2090,5,6,69.0,False,0.015992267610175137,18
population,4,8,8,2090,6,4,62.0,False,0.015992267610175137,16
population,4,8,8,2090,7,2,59.0,False,0.015992267610175137,15
population,4,8,8,2091,0,0,9.0,False,0.015992267610175137,3
population,4,8,8,2091,1,0,21.0,False,0.015992267610175137,6
population,4,8,8,2091,2,2,50.0,False,0.015992267610175137,13
population,4,8,8,2091,3,2,49.0,False,0.015992267610175137,13
population,4,8,8,2091,4,2,131.0,False,0.015992267610175137,33
population,4,8,8,2091,5,0,16.0,False,0.015992267610175137,4
population,4,8,8,2091,6,0,197.0,False,0.015992267610175137,50
population,4,8,8,2091,7,6,47.0,False,0.015992267610175137,12
population,4,8,8,2092,0,4,71.0,False,0.015992267610175137,18
population,4,8,8,2092,1,5,59.0,False,0.015992267610175137,15
population,4,8,8,2092,2,5,50.0,False,0.015992267610175137,13
population,4,8,8,2092,3,0,91.0,False,0.015992267610175137,23
population,4,8,8,2092,4,4,98.0,False,0.015992267610175137,25
population,4,8,8,2092,5,7,29.0,False,0.015992267610175137,8
population,4,8,8,2092,6,1,47.0,False,0.015992267610175137,12
population,4,8,8,2092,7,4,46.0,False,0.015992267610175137,12
population,4,8,8,2093,0,5,76.0,False,0.015992267610175137,19
population,4,8,8,2093,1,1,45.0,False,0.015992267610175137,12
population,4,8,8,2093,2,0,41.0,False,0.015992267610175137,11
population,4,8,8,2093,3,2,48.0,False,0.015992267610175137,12
population,4,8,8,2093,4,7,42.0,False,0.015992267610175137,11
population,4,8,8,2093,5,3,95.0,False,0.015992267610175137,24
population,4,8,8,2093,6,4,87.0,False,0.015992267610175137,22
population,4,8,8,2093,7,6,59.0,False,0.015992267610175137,15
population,4,8,8,2094,0,3,47.0,False,0.015992267610175137,12
population,4,8,8,2094,1,7,37.0,False,0.015992267610175137,10
population,4,8,8,2094,2,1,193.0,False,0.015992267610175137,49
population,4,8,8,2094,3,4,101.0,False,0.015992267610175137,26
population,4,8,8,2094,4,2,65.0,False,0.015992267610175137,17
population,4,8,8,2094,5,5,50.0,False,0.015992267610175137,13
population,4,8,8,2094,6,1,71.0,False,0.015992267610175137,18
population,4,8,8,2094,7,4,57.0,False,0.015992267610175137,15
population,4,8,8,2095,0,7,22.0,False,0.015992267610175137,6
population,4,8,8,2095,1,5,48.0,False,0.015992267610175137,12
population,4,8,8,2095,2,3,56.0,False,0.015992267610175137,14
population,4,8,8,2095,3,1,56.0,False,0.015992267610175137,14
population,4,8,8,2095,4,1,46.0,False,0.015992267610175137,12
population,4,8,8,2095,5,1,55.0,False,0.015992267610175137,14
population,4,8,8,2095,6,0,27.0,False,0.015992267610175137,7
population,4,8,8,2095,7,1,55.0,False,0.015992267610175137,14
population,4,8,8,2096,0,6,47.0,False,0.015992267610175137,12
population,4,8,8,2096,1,5,69.0,False,0.015992267610175137,18
population,4,8,8,2096,2,3,69.0,False,0.015992267610175137,18
population,4,8,8,2096,3,7,26.0,False,0.015992267610175137,7
population,4,8,8,2096,4,2,140.0,False,0.015992267610175137,35
population,4,8,8,2096,5,7,24.0,False,0.015992267610175137,6
population,4,8,8,2096,6,7,32.0,False,0.015992267610175137,8
population,4,8,8,2096,7,6,45.0,False,0.015992267610175137,12
population,4,8,8,2097,0,7,16.0,False,0.015992267610175137,4
population,4,8,8,2097,1,6,192.0,False,0.015992267610175137,48
population,4,8,8,2097,2,7,10.0,False,0.015992267610175137,3
population,4,8,8,2097,3,0,47.0,False,0.015992267610175137,12
population,4,8,8,2097,4,1,50.0,False,0.015992267610175137,13
population,4,8,8,2097,5,4,60.0,False,0.015992267610175137,15
population,4,8,8,2097,6,0,42.0,False,0.015992267610175137,11
population,4,8,8,2097,7,1,70.0,False,0.015992267610175137,18
population,4,8,8,2098,0,6,120.0,False,0.015992267610175137,30
population,4,8,8,2098,1,5,46.0,False,0.015992267610175137,12
population,4,8,8,2098,2,5,48.0,False,0.015992267610175137,12
population,4,8,8,2098,3,0,30.0,False,0.015992267610175137,8
population,4,8,8,2098,4,2,78.0,False,0.015992267610175137,20
population,4,8,8,2098,5,1,70.0,False,0.015992267610175137,18
population,4,8,8,2098,6,6,65.0,False,0.015992267610175137,17
population,4,8,8,2098,7,2,47.0,False,0.015992267610175137,12
population,4,8,8,2099,0,7,26.0,False,0.015992267610175137,7
population,4,8,8,2099,1,6,49.0,False,0.015992267610175137,13
population,4,8,8,2099,2,2,48.0,False,0.015992267610175137,12
population,4,8,8,2099,3,6,98.0,False,0.015992267610175137,25
population,4,8,8,2099,4,2,53.0,False,0.015992267610175137,14
population,4,8,8,2099,5,0,49.0,False,0.015992267610175137,13
population,4,8,8,2099,6,5,151.0,False,0.015992267610175137,38
population,4,8,8,2099,7,4,45.0,False,0.015992267610175137,12
population,4,8,8,2100,0,0,117.0,False,0.015992267610175137,30
population,4,8,8,2100,1,5,56.0,False,0.015992267610175137,14
population,4,8,8,2100,2,4,74.0,False,0.015992267610175137,19
population,4,8,8,2100,3,3,54.0,False,0.015992267610175137,14
population,4,8,8,2100,4,1,54.0,False,0.015992267610175137,14
population,4,8,8,2100,5,3,124.0,False,0.015992267610175137,31
population,4,8,8,2100,6,7,53.0,False,0.015992267610175137,14
population,4,8,8,2100,7,1,85.0,False,0.015992267610175137,22
population,4,8,8,2101,0,1,46.0,False,0.015992267610175137,12
population,4,8,8,2101,1,4,47.0,False,0.015992267610175137,12
population,4,8,8,2101,2,6,49.0,False,0.015992267610175137,13
population,4,8,8,2101,3,5,45.0,False,0.015992267610175137,12
population,4,8,8,2101,4,2,57.0,False,0.015992267610175137,15
population,4,8,8,2101,5,4,50.0,False,0.015992267610175137,13
population,4,8,8,2101,6,7,19.0,False,0.015992267610175137,5
population,4,8,8,2101,7,0,6.0,False,0.015992267610175137,2
population,4,8,8,2102,0,1,59.0,False,0.015992267610175137,15
population,4,8,8,2102,1,7,46.0,False,0.015992267610175137,12
population,4,8,8,2102,2,6,56.0,False,0.015992267610175137,14
population,4,8,8,2102,3,3,65.0,False,0.015992267610175137,17
population,4,8,8,2102,4,5,52.0,False,0.015992267610175137,13
population,4,8,8,2102,5,4,47.0,False,0.015992267610175137,12
population,4,8,8,2102,6,1,49.0,False,0.015992267610175137,13
population,4,8,8,2102,7,0,74.0,False,0.015992267610175137,19
population,4,8,8,2103,0,2,68.0,False,0.015992267610175137,17
population,4,8,8,2103,1,4,46.0,False,0.015992267610175137,12
population,4,8,8,2103,2,0,7.0,False,0.015992267610175137,2
population,4,8,8,2103,3,4,45.0,False,0.015992267610175137,12
population,4,8,8,2103,4,7,90.0,False,0.015992267610175137,23
population,4,8,8,2103,5,3,48.0,False,0.015992267610175137,12
population,4,8,8,2103,6,3,47.0,False,0.015992267610175137,12
population,4,8,8,2103,7,1,45.0,False,0.015992267610175137,12
population,4,8,8,2104,0,3,102.0,False,0.015992267610175137,26
population,4,8,8,2104,1,5,153.0,False,0.015992267610175137,39
population,4,8,8,2104,2,2,48.0,False,0.015992267610175137,12
population,4,8,8,2104,3,6,60.0,False,0.015992267610175137,15
population,4,8,8,2104,4,7,27.0,False,0.015992267610175137,7
population,4,8,8,2104,5,6,50.0,False,0.015992267610175137,13
population,4,8,8,2104,6,5,53.0,False,0.015992267610175137,14
population,4,8,8,2104,7,6,58.0,False,0.015992267610175137,15
population,4,8,8,2105,0,3,96.0,False,0.015992267610175137,24
population,4,8,8,2105,1,5,51.0,False,0.015992267610175137,13
population,4,8,8,2105,2,2,91.0,False,0.015992267610175137,23
population,4,8,8,2105,3,3,96.0,False,0.015992267610175137,24
population,4,8,8,2105,4,0,15.0,False,0.015992267610175137,4
population,4,8,8,2105,5,2,77.0,False,0.015992267610175137,20
population,4,8,8,2105,6,0,32.0,False,0.015992267610175137,8
population,4,8,8,2105,7,3,85.0,False,0.015992267610175137,22
population,4,8,8,2106,0,3,97.0,False,0.015992267610175137,25
population,4,8,8,2106,1,6,59.0,False,0.015992267610175137,15
population,4,8,8,2106,2,2,47.0,False,0.015992267610175137,12
population,4,8,8,2106,3,6,47.0,False,0.015992267610175137,12
population,4,8,8,2106,4,7,15.0,False,0.015992267610175137,4
population,4,8,8,2106,5,4,61.0,False,0.015992267610175137,16
population,4,8,8,2106,6,1,46.0,False,0.015992267610175137,12
population,4,8,8,2106,7,7,32.0,False,0.015992267610175137,8
population,4,8,8,2107,0,5,55.0,False,0.015992267610175137,14
population,4,8,8,2107,1,5,55.0,False,0.015992267610175137,14
population,4,8,8,2107,2,1,52.0,False,0.015992267610175137,13
population,4,8,8,2107,3,2,49.0,False,0.015992267610175137,13
population,4,8,8,2107,4,4,51.0,False,0.015992267610175137,13
population,4,8,8,2107,5,5,64.0,False,0.015992267610175137,16
population,4,8,8,2107,6,3,53.0,False,0.015992267610175137,14
population,4,8,8,2107,7,2,105.0,False,0.015992267610175137,27
population,4,8,8,2108,0,1,54.0,False,0.015992267610175137,14
population,4,8,8,2108,1,5,59.0,False,0.015992267610175137,15
population,4,8,8,2108,2,7,50.0,False,0.015992267610175137,13
population,4,8,8,2108,3,4,48.0,False,0.015992267610175137,12
population,4,8,8,2108,4,0,18.0,False,0.015992267610175137,5
population,4,8,8,2108,5,7,40.0,False,0.015992267610175137,10
population,4,8,8,2108,6,6,75.0,False,0.015992267610175137,19
population,4,8,8,2108,7,5,54.0,False,0.015992267610175137,14
population,4,8,8,2109,0,4,58.0,False,0.015992267610175137,15
population,4,8,8,2109,1,6,56.0,False,0.015992267610175137,14
population,4,8,8,2109,2,2,49.0,False,0.015992267610175137,13
population,4,8,8,2109,3,3,51.0,False,0.015992267610175137,13
population,4,8,8,2109,4,3,62.0,False,0.015992267610175137,16
population,4,8,8,2109,5,4,46.0,False,0.015992267610175137,12
population,4,8,8,2109,6,6,70.0,False,0.015992267610175137,18
population,4,8,8,2109,7,3,52.0,False,0.015992267610175137,13
population,4,8,8,2110,0,4,78.0,False,0.015992267610175137,20
population,4,8,8,2110,1,5,48.0,False,0.015992267610175137,12
population,4,8,8,2110,2,7,9.0,False,0.015992267610175137,3
population,4,8,8,2110,3,2,47.0,False,0.015992267610175137,12
population,4,8,8,2110,4,1,167.0,False,0.015992267610175137,42
population,4,8,8,2110,5,3,49.0,False,0.015992267610175137,13
population,4,8,8,2110,6,0,25.0,False,0.015992267610175137,7
population,4,8,8,2110,7,2,46.0,False,0.015992267610175137,12
population,4,8,8,2111,0,2,78.0,False,0.015992267610175137,20
population,4,8,8,2111,1,4,46.0,False,0.015992267610175137,12
population,4,8,8,2111,2,5,67.0,False,0.015992267610175137,17
population,4,8,8,2111,3,1,46.0,False,0.015992267610175137,12
population,4,8,8,2111,4,6,102.0,False,0.015992267610175137,26
population,4,8,8,2111,5,5,45.0,False,0.015992267610175137,12
population,4,8,8,2111,6,0,48.0,False,0.015992267610175137,12
population,4,8,8,2111,7,1,101.0,False,0.015992267610175137,26
population,4,8,8,2112,0,0,18.0,False,0.015992267610175137,5
population,4,8,8,2112,1,6,66.0,False,0.015992267610175137,17
population,4,8,8,2112,2,5,77.0,False,0.015992267610175137,20
population,4,8,8,2112,3,1,61.0,False,0.015992267610175137,16
population,4,8,8,2112,4,4,46.0,False,0.015992267610175137,12
population,4,8,8,2112,5,7,38.0,False,0.015992267610175137,10
population,4,8,8,2112,6,4,53.0,False,0.015992267610175137,14
population,4,8,8,2112,7,6,48.0,False,0.015992267610175137,12
population,4,8,8,2113,0,7,17.0,False,0.015992267610175137,5
population,4,8,8,2113,1,2,57.0,False,0.015992267610175137,15
population,4,8,8,2113,2,3,70.0,False,0.015992267610175137,18
population,4,8,8,2113,3,5,87.0,False,0.015992267610175137,22
population,4,8,8,2113,4,2,75.0,False,0.015992267610175137,19
population,4,8,8,2113,5,1,56.0,False,0.015992267610175137,14
population,4,8,8,2113,6,2,82.0,False,0.015992267610175137,21
population,4,8,8,2113,7,1,74.0,False,0.015992267610175137,19
population,4,8,8,2114,0,6,49.0,False,0.015992267610175137,13
population,4,8,8,2114,1,1,57.0,False,0.015992267610175137,15
population,4,8,8,2114,2,6,55.0,False,0.015992267610175137,14
population,4,8,8,2114,3,3,46.0,False,0.015992267610175137,12
population,4,8,8,2114,4,3,46.0,False,0.015992267610175137,12
population,4,8,8,2114,5,4,81.0,False,0.015992267610175137,21
population,4,8,8,2114,6,0,76.0,False,0.015992267610175137,19
population,4,8,8,2114,7,0,11.0,False,0.015992267610175137,3
population,4,8,8,2115,0,2,50.0,False,0.015992267610175137,13
population,4,8,8,2115,1,1,306.0,False,0.015992267610175137,77
population,4,8,8,2115,2,0,9.0,False,0.015992267610175137,3
population,4,8,8,2115,3,1,46.0,False,0.015992267610175137,12
population,4,8,8,2115,4,3,55.0,False,0.015992267610175137,14
population,4,8,8,2115,5,7,48.0,False,0.015992267610175137,12
population,4,8,8,2115,6,5,48.0,False,0.015992267610175137,12
population,4,8,8,2115,7,1,55.0,False,0.015992267610175137,14
population,4,8,8,2116,0,4,53.0,False,0.015992267610175137,14
population,4,8,8,2116,1,0,71.0,False,0.015992267610175137,18
population,4,8,8,2116,2,2,45.0,False,0.015992267610175137,12
population,4,8,8,2116,3,5,112.0,False,0.015992267610175137,28
population,4,8,8,2116,4,5,47.0,False,0.015992267610175137,12
population,4,8,8,2116,5,7,11.0,False,0.015992267610175137,3
population,4,8,8,2116,6,0,50.0,False,0.015992267610175137,13
population,4,8,8,2116,7,0,25.0,False,0.015992267610175137,7
population,4,8,8,2117,0,0,27.0,False,0.015992267610175137,7
population,4,8,8,2117,1,3,116.0,False,0.015992267610175137,29
population,4,8,8,2117,2,6,59.0,False,0.015992267610175137,15
population,4,8,8,2117,3,6,54.0,False,0.015992267610175137,14
population,4,8,8,2117,4,7,10.0,False,0.015992267610175137,3
population,4,8,8,2117,5,3,78.0,False,0.015992267610175137,20
population,4,8,8,2117,6,6,50.0,False,0.015992267610175137,13
population,4,8,8,2117,7,3,130.0,False,0.015992267610175137,33
population,4,8,8,2118,0,4,121.0,False,0.015992267610175137,31
population,4,8,8,2118,1,6,84.0,False,0.015992267610175137,21
population,4,8,8,2118,2,5,68.0,False,0.015992267610175137,17
population,4,8,8,2118,3,4,66.0,False,0.015992267610175137,17
population,4,8,8,2118,4,1,48.0,False,0.015992267610175137,12
population,4,8,8,2118,5,0,46.0,False,0.015992267610175137,12
population,4,8,8,2118,6,0,23.0,False,0.015992267610175137,6
population,4,8,8,2118,7,6,98.0,False,0.015992267610175137,25
population,4,8,8,2119,0,1,86.0,False,0.015992267610175137,22
population,4,8,8,2119,1,7,23.0,False,0.015992267610175137,6
population,4,8,8,2119,2,3,55.0,False,0.015992267610175137,14
population,4,8,8,2119,3,0,208.0,False,0.015992267610175137,52
population,4,8,8,2119,4,1,53.0,False,0.015992267610175137,14
population,4,8,8,2119,5,4,50.0,False,0.015992267610175137,13
population,4,8,8,2119,6,2,51.0,False,0.015992267610175137,13
population,4,8,8,2119,7,7,41.0,False,0.015992267610175137,11
population,4,8,8,2120,0,6,59.0,False,0.015992267610175137,15
population,4,8,8,2120,1,4,48.0,False,0.015992267610175137,12
population,4,8,8,2120,2,5,72.0,False,0.015992267610175137,18
population,4,8,8,2120,3,5,80.0,False,0.015992267610175137,20
population,4,8,8,2120,4,4,65.0,False,0.015992267610175137,17
population,4,8,8,2120,5,2,58.0,False,0.015992267610175137,15
population,4,8,8,2120,6,2,52.0,False,0.015992267610175137,13
population,4,8,8,2120,7,3,54.0,False,0.015992267610175137,14
population,4,8,8,2121,0,4,96.0,False,0.015992267610175137,24
population,4,8,8,2121,1,6,50.0,False,0.015992267610175137,13
population,4,8,8,2121,2,4,82.0,False,0.015992267610175137,21
population,4,8,8,2121,3,6,45.0,False,0.015992267610175137,12
population,4,8,8,2121,4,2,69.0,False,0.015992267610175137,18
population,4,8,8,2121,5,6,84.0,False,0.015992267610175137,21
population,4,8,8,2121,6,3,58.0,False,0.015992267610175137,15
population,4,8,8,2121,7,3,50.0,False,0.015992267610175137,13
population,4,8,8,2122,0,4,47.0,False,0.015992267610175137,12
population,4,8,8,2122,1,5,114.0,False,0.015992267610175137,29
population,4,8,8,2122,2,6,97.0,False,0.015992267610175137,25
population,4,8,8,2122,3,4,48.0,False,0.015992267610175137,12
population,4,8,8,2122,4,2,46.0,False,0.015992267610175137,12
population,4,8,8,2122,5,4,49.0,False,0.015992267610175137,13
population,4,8,8,2122,6,7,34.0,False,0.015992267610175137,9
population,4,8,8,2122,7,2,47.0,False,0.015992267610175137,12
population,4,8,8,2123,0,0,14.0,False,0.015992267610175137,4
population,4,8,8,2123,1,5,84.0,False,0.015992267610175137,21
population,4,8,8,2123,2,0,36.0,False,0.015992267610175137,9
population,4,8,8,2123,3,7,61.0,False,0.015992267610175137,16
population,4,8,8,2123,4,5,97.0,False,0.015992267610175137,25
population,4,8,8,2123,5,3,49.0,False,0.015992267610175137,13
population,4,8,8,2123,6,5,112.0,False,0.015992267610175137,28
population,4,8,8,2123,7,3,63.0,False,0.015992267610175137,16
population,4,8,8,2124,0,5,51.0,False,0.015992267610175137,13
population,4,8,8,2124,1,4,67.0,False,0.015992267610175137,17
population,4,8,8,2124,2,3,74.0,False,0.015992267610175137,19
population,4,8,8,2124,3,0,61.0,False,0.015992267610175137,16
population,4,8,8,2124,4,2,179.0,False,0.015992267610175137,45
population,4,8,8,2124,5,1,50.0,False,0.015992267610175137,13
population,4,8,8,2124,6,2,46.0,False,0.015992267610175137,12
population,4,8,8,2124,7,2,112.0,False,0.015992267610175137,28
population,4,8,8,2125,0,7,87.0,False,0.015992267610175137,22
population,4,8,8,2125,1,6,55.0,False,0.015992267610175137,14
population,4,8,8,2125,2,2,112.0,False,0.015992267610175137,28
population,4,8,8,2125,3,2,91.0,False,0.015992267610175137,23
population,4,8,8,2125,4,0,21.0,False,0.015992267610175137,6
population,4,8,8,2125,5,5,62.0,False,0.015992267610175137,16
population,4,8,8,2125,6,4,46.0,False,0.015992267610175137,12
population,4,8,8,2125,7,1,62.0,False,0.015992267610175137,16
population,4,8,8,2126,0,6,47.0,False,0.015992267610175137,12
population,4,8,8,2126,1,5,50.0,False,0.015992267610175137,13
population,4,8,8,2126,2,6,80.0,False,0.015992267610175137,20
population,4,8,8,2126,3,0,51.0,False,0.015992267610175137,13
population,4,8,8,2126,4,5,47.0,False,0.015992267610175137,12
population,4,8,8,2126,5,7,18.0,False,0.015992267610175137,5
population,4,8,8,2126,6,2,46.0,False,0.015992267610175137,12
population,4,8,8,2126,7,1,64.0,False,0.015992267610175137,16
population,4,8,8,2127,0,3,51.0,False,0.015992267610175137,13
population,4,8,8,2127,1,0,24.0,False,0.015992267610175137,6
population,4,8,8,2127,2,2,50.0,False,0.015992267610175137,13
population,4,8,8,2127,3,1,122.0,False,0.015992267610175137,31
population,4,8,8,2127,4,5,49.0,False,0.015992267610175137,13
population,4,8,8,2127,5,1,46.0,False,0.015992267610175137,12
population,4,8,8,2127,6,0,22.0,False,0.015992267610175137,6
population,4,8,8,2127,7,3,88.0,False,0.015992267610175137,22
population,4,8,8,2128,0,7,35.0,False,0.015992267610175137,9
population,4,8,8,2128,1,4,111.0,False,0.015992267610175137,28
population,4,8,8,2128,2,4,57.0,False,0.015992267610175137,15
population,4,8,8,2128,3,6,52.0,False,0.015992267610175137,13
population,4,8,8,2128,4,4,70.0,False,0.015992267610175137,18
population,4,8,8,2128,5,5,56.0,False,0.015992267610175137,14
population,4,8,8,2128,6,6,58.0,False,0.015992267610175137,15
population,4,8,8,2128,7,0,72.0,False,0.015992267610175137,18
population,4,8,8,2129,0,6,69.0,False,0.015992267610175137,18
population,4,8,8,2129,1,1,61.0,False,0.015992267610175137,16
population,4,8,8,2129,2,3,71.0,False,0.015992267610175137,18
population,4,8,8,2129,3,3,69.0,False,0.015992267610175137,18
population,4,8,8,2129,4,0,40.0,False,0.015992267610175137,10
population,4,8,8,2129,5,4,62.0,False,0.015992267610175137,16
population,4,8,8,2129,6,1,106.0,False,0.015992267610175137,27
population,4,8,8,2129,7,7,30.0,False,0.015992267610175137,8
population,4,8,8,2130,0,5,54.0,False,0.015992267610175137,14
population,4,8,8,2130,1,4,46.0,False,0.015992267610175137,12
population,4,8,8,2130,2,7,32.0,False,0.015992267610175137,8
population,4,8,8,2130,3,0,16.0,False,0.015992267610175137,4
population,4,8,8,2130,4,5,46.0,False,0.015992267610175137,12
population,4,8,8,2130,5,2,63.0,False,0.015992267610175137,16
population,4,8,8,2130,6,4,108.0,False,0.015992267610175137,27
population,4,8,8,2130,7,6,67.0,False,0.015992267610175137,17
population,4,8,8,2131,0,1,86.0,False,0.015992267610175137,22
population,4,8,8,2131,1,7,6.0,False,0.015992267610175137,2
population,4,8,8,2131,2,2,177.0,False,0.015992267610175137,45
population,4,8,8,2131,3,3,63.0,False,0.015992267610175137,16
population,4,8,8,2131,4,1,47.0,False,0.015992267610175137,12
population,4,8,8,2131,5,7,26.0,False,0.015992267610175137,7
population,4,8,8,2131,6,4,55.0,False,0.015992267610175137,14
population,4,8,8,2131,7,2,57.0,False,0.015992267610175137,15
population,4,8,8,2132,0,0,10.0,False,0.015992267610175137,3
population,4,8,8,2132,1,4,77.0,False,0.015992267610175137,20
population,4,8,8,2132,2,6,46.0,False,0.015992267610175137,12
population,4,8,8,2132,3,5,52.0,False,0.015992267610175137,13
population,4,8,8,2132,4,3,61.0,False,0.015992267610175137,16
population,4,8,8,2132,5,0,21.0,False,0.015992267610175137,6
population,4,8,8,2132,6,4,191.0,False,0.015992267610175137,48
population,4,8,8,2132,7,7,29.0,False,0.015992267610175137,8
population,4,8,8,2133,0,2,45.0,False,0.015992267610175137,12
population,4,8,8,2133,1,5,92.0,False,0.015992267610175137,23
population,4,8,8,2133,2,5,61.0,False,0.015992267610175137,16
population,4,8,8,2133,3,2,73.0,False,0.015992267610175137,19
population,4,8,8,2133,4,7,27.0,False,0.015992267610175137,7
population,4,8,8,2133,5,6,125.0,False,0.015992267610175137,32
population,4,8,8,2133,6,5,128.0,False,0.015992267610175137,32
population,4,8,8,2133,7,3,61.0,False,0.015992267610175137,16
population,4,8,8,2134,0,6,47.0,False,0.015992267610175137,12
population,4,8,8,2134,1,1,84.0,False,0.015992267610175137,21
population,4,8,8,2134,2,3,57.0,False,0.015992267610175137,15
population,4,8,8,2134,3,5,62.0,False,0.015992267610175137,16
population,4,8,8,2134,4,1,56.0,False,0.015992267610175137,14
population,4,8,8,2134,5,1,77.0,False,0.015992267610175137,20
population,4,8,8,2134,6,5,47.0,False,0.015992267610175137,12
population,4,8,8,2134,7,7,70.0,False,0.015992267610175137,18
population,4,8,8,2135,0,3,84.0,False,0.015992267610175137,21
population,4,8,8,2135,1,2,46.0,False,0.015992267610175137,12
population,4,8,8,2135,2,7,24.0,False,0.015992267610175137,6
population,4,8,8,2135,3,5,277.0,False,0.015992267610175137,70
population,4,8,8,2135,4,2,68.0,False,0.015992267610175137,17
population,4,8,8,2135,5,3,46.0,False,0.015992267610175137,12
population,4,8,8,2135,6,5,55.0,False,0.015992267610175137,14
population,4,8,8,2135,7,6,45.0,False,0.015992267610175137,12
population,4,8,8,2136,0,5,54.0,False,0.015992267610175137,14
population,4,8,8,2136,1,1,82.0,False,0.015992267610175137,21
population,4,8,8,2136,2,0,116.0,False,0.015992267610175137,29
population,4,8,8,2136,3,3,49.0,False,0.015992267610175137,13
population,4,8,8,2136,4,0,48.0,False,0.015992267610175137,12
population,4,8,8,2136,5,6,55.0,False,0.015992267610175137,14
population,4,8,8,2136,6,1,75.0,False,0.015992267610175137,19
population,4,8,8,2136,7,6,114.0,False,0.015992267610175137,29
population,4,8,8,2137,0,7,81.0,False,0.015992267610175137,21
population,4,8,8,2137,1,3,52.0,False,0.015992267610175137,13
population,4,8,8,2137,2,7,13.0,False,0.015992267610175137,4
population,4,8,8,2137,3,0,55.0,False,0.015992267610175137,14
population,4,8,8,2137,4,2,166.0,False,0.015992267610175137,42
population,4,8,8,2137,5,3,51.0,False,0.015992267610175137,13
population,4,8,8,2137,6,4,50.0,False,0.015992267610175137,13
population,4,8,8,2137,7,6,108.0,False,0.015992267610175137,27
population,4,8,8,2138,0,5,45.0,False,0.015992267610175137,12
population,4,8,8,2138,1,3,102.0,False,0.015992267610175137,26
population,4,8,8,2138,2,2,75.0,False,0.015992267610175137,19
population,4,8,8,2138,3,6,46.0,False,0.015992267610175137,12
population,4,8,8,2138,4,2,72.0,False,0.015992267610175137,18
population,4,8,8,2138,5,3,46.0,False,0.015992267610175137,12
population,4,8,8,2138,6,3,47.0,False,0.015992267610175137,12
population,4,8,8,2138,7,6,86.0,False,0.015992267610175137,22
population,4,8,8,2139,0,7,167.0,False,0.015992267610175137,42
population,4,8,8,2139,1,5,60.0,False,0.015992267610175137,15
population,4,8,8,2139,2,3,47.0,False,0.015992267610175137,12
population,4,8,8,2139,3,3,117.0,False,0.015992267610175137,30
population,4,8,8,2139,4,4,137.0,False,0.015992267610175137,35
population,4,8,8,2139,5,1,45.0,False,0.015992267610175137,12
population,4,8,8,2139,6,6,54.0,False,0.015992267610175137,14
population,4,8,8,2139,7,2,59.0,False,0.015992267610175137,15
population,4,8,8,2140,0,3,57.0,False,0.015992267610175137,15
population,4,8,8,2140,1,7,7.0,False,0.015992267610175137,2
population,4,8,8,2140,2,0,17.0,False,0.015992267610175137,5
population,4,8,8,2140,3,1,46.0,False,0.015992267610175137,12
population,4,8,8,2140,4,2,93.0,False,0.015992267610175137,24
population,4,8,8,2140,5,4,47.0,False,0.015992267610175137,12
population,4,8,8,2140,6,6,117.0,False,0.015992267610175137,30
population,4,8,8,2140,7,1,52.0,False,0.015992267610175137,13
population,4,8,8,2141,0,4,64.0,False,0.015992267610175137,16
population,4,8,8,2141,1,7,67.0,False,0.015992267610175137,17
population,4,8,8,2141,2,4,51.0,False,0.015992267610175137,13
population,4,8,8,2141,3,2,46.0,False,0.015992267610175137,12
population,4,8,8,2141,4,5,49.0,False,0.015992267610175137,13
population,4,8,8,2141,5,6,65.0,False,0.015992267610175137,17
population,4,8,8,2141,6,0,26.0,False,0.015992267610175137,7
population,4,8,8,2141,7,5,99.0,False,0.015992267610175137,25
population,4,8,8,2142,0,5,128.0,False,0.015992267610175137,32
population,4,8,8,2142,1,7,21.0,False,0.015992267610175137,6
population,4,8,8,2142,2,4,46.0,False,0.015992267610175137,12
population,4,8,8,2142,3,5,60.0,False,0.015992267610175137,15
population,4,8,8,2142,4,6,77.0,False,0.015992267610175137,20
population,4,8,8,2142,5,5,53.0,False,0.015992267610175137,14
population,4,8,8,2142,6,5,69.0,False,0.015992267610175137,18
population,4,8,8,2142,7,6,46.0,False,0.015992267610175137,12
population,4,8,8,2143,0,7,9.0,False,0.015992267610175137,3
population,4,8,8,2143,1,3,53.0,False,0.015992267610175137,14
population,4,8,8,2143,2,6,51.0,False,0.015992267610175137,13
population,4,8,8,2143,3,6,88.0,False,0.015992267610175137,22
population,4,8,8,2143,4,6,64.0,False,0.015992267610175137,16
population,4,8,8,2143,5,2,46.0,False,0.015992267610175137,12
population,4,8,8,2143,6,0,71.0,False,0.015992267610175137,18
population,4,8,8,2143,7,3,83.0,False,0.015992267610175137,21
population,4,8,8,2144,0,4,100.0,False,0.015992267610175137,25
population,4,8,8,2144,1,1,147.0,False,0.015992267610175137,37
population,4,8,8,2144,2,6,95.0,False,0.015992267610175137,24
population,4,8,8,2144,3,4,48.0,False,0.015992267610175137,12
population,4,8,8,2144,4,7,27.0,False,0.015992267610175137,7
population,4,8,8,2144,5,7,10.0,False,0.015992267610175137,3
population,4,8,8,2144,6,0,57.0,False,0.015992267610175137,15
population,4,8,8,2144,7,1,47.0,False,0.015992267610175137,12
population,4,8,8,2145,0,0,17.0,False,0.015992267610175137,5
population,4,8,8,2145,1,0,33.0,False,0.015992267610175137,9
population,4,8,8,2145,2,5,48.0,False,0.015992267610175137,12
population,4,8,8,2145,3,6,54.0,False,0.015992267610175137,14
population,4,8,8,2145,4,2,89.0,False,0.015992267610175137,23
population,4,8,8,2145,5,3,119.0,False,0.015992267610175137,30
population,4,8,8,2145,6,3,75.0,False,0.015992267610175137,19
population,4,8,8,2145,7,7,32.0,False,0.015992267610175137,8
population,4,8,8,2146,0,1,122.0,False,0.015992267610175137,31
population,4,8,8,2146,1,4,66.0,False,0.015992267610175137,17
population,4,8,8,2146,2,0,68.0,False,0.015992267610175137,17
population,4,8,8,2146,3,3,102.0,False,0.015992267610175137,26
population,4,8,8,2146,4,0,15.0,False,0.015992267610175137,4
population,4,8,8,2146,5,2,189.0,False,0.015992267610175137,48
population,4,8,8,2146,6,7,64.0,False,0.015992267610175137,16
population,4,8,8,2146,7,1,59.0,False,0.015992267610175137,15
population,4,8,8,2147,0,1,72.0,False,0.015992267610175137,18
population,4,8,8,2147,1,7,6.0,False,0.015992267610175137,2
population,4,8,8,2147,2,5,84.0,False,0.015992267610175137,21
population,4,8,8,2147,3,4,87.0,False,0.015992267610175137,22
population,4,8,8,2147,4,0,12.0,False,0.015992267610175137,3
population,4,8,8,2147,5,4,111.0,False,0.015992267610175137,28
population,4,8,8,2147,6,4,68.0,False,0.015992267610175137,17
population,4,8,8,2147,7,2,58.0,False,0.015992267610175137,15
population,4,8,8,2148,0,2,46.0,False,0.015992267610175137,12
population,4,8,8,2148,1,4,45.0,False,0.015992267610175137,12
population,4,8,8,2148,2,7,15.0,False,0.015992267610175137,4
population,4,8,8,2148,3,6,104.0,False,0.015992267610175137,26
population,4,8,8,2148,4,4,61.0,False,0.015992267610175137,16
population,4,8,8,2148,5,0,34.0,False,0.015992267610175137,9
population,4,8,8,2148,6,3,48.0,False,0.015992267610175137,12
population,4,8,8,2148,7,5,63.0,False,0.015992267610175137,16
population,4,8,8,2149,0,5,72.0,False,0.015992267610175137,18
population,4,8,8,2149,1,7,12.0,False,0.015992267610175137,3
population,4,8,8,2149,2,5,52.0,False,0.015992267610175137,13
population,4,8,8,2149,3,5,50.0,False,0.015992267610175137,13
population,4,8,8,2149,4,5,65.0,False,0.015992267610175137,17
population,4,8,8,2149,5,1,59.0,False,0.015992267610175137,15
population,4,8,8,2149,6,5,46.0,False,0.015992267610175137,12
population,4,8,8,2149,7,0,39.0,False,0.015992267610175137,10
population,4,8,8,2150,0,1,57.0,False,0.015992267610175137,15
population,4,8,8,2150,1,6,53.0,False,0.015992267610175137,14
population,4,8,8,2150,2,5,96.0,False,0.015992267610175137,24
population,4,8,8,2150,3,0,184.0,False,0.015992267610175137,46
population,4,8,8,2150,4,4,50.0,False,0.015992267610175137,13
population,4,8,8,2150,5,0,103.0,False,0.015992267610175137,26
population,4,8,8,2150,6,4,63.0,False,0.015992267610175137,16
population,4,8,8,2150,7,7,32.0,False,0.015992267610175137,8
population,4,8,8,2151,0,5,68.0,False,0.015992267610175137,17
population,4,8,8,2151,1,5,99.0,False,0.015992267610175137,25
population,4,8,8,2151,2,0,37.0,False,0.015992267610175137,10
population,4,8,8,2151,3,1,45.0,False,0.015992267610175137,12
population,4,8,8,2151,4,5,48.0,False,0.015992267610175137,12
population,4,8,8,2151,5,1,127.0,False,0.015992267610175137,32
population,4,8,8,2151,6,3,48.0,False,0.015992267610175137,12
population,4,8,8,2151,7,6,65.0,False,0.015992267610175137,17
population,4,8,8,2152,0,6,65.0,False,0.015992267610175137,17
population,4,8,8,2152,1,7,79.0,False,0.015992267610175137,20
population,4,8,8,2152,2,3,46.0,False,0.015992267610175137,12
population,4,8,8,2152,3,4,47.0,False,0.015992267610175137,12
population,4,8,8,2152,4,0,7.0,False,0.015992267610175137,2
population,4,8,8,2152,5,2,76.0,False,0.015992267610175137,19
population,4,8,8,2152,6,4,46.0,False,0.015992267610175137,12
population,4,8,8,2152,7,5,68.0,False,0.015992267610175137,17
population,4,8,8,2153,0,3,47.0,False,0.015992267610175137,12
population,4,8,8,2153,1,4,55.0,False,0.015992267610175137,14
population,4,8,8,2153,2,0,7.0,False,0.015992267610175137,2
population,4,8,8,2153,3,1,74.0,False,0.015992267610175137,19
population,4,8,8,2153,4,0,6.0,False,0.015992267610175137,2
population,4,8,8,2153,5,0,27.0,False,0.015992267610175137,7
population,4,8,8,2153,6,2,90.0,False,0.015992267610175137,23
population,4,8,8,2153,7,1,46.0,False,0.015992267610175137,12
population,4,8,8,2154,0,2,46.0,False,0.015992267610175137,12
population,4,8,8,2154,1,1,141.0,False,0.015992267610175137,36
population,4,8,8,2154,2,0,21.0,False,0.015992267610175137,6
population,4,8,8,2154,3,3,49.0,False,0.015992267610175137,13
population,4,8,8,2154,4,1,85.0,False,0.015992267610175137,22
population,4,8,8,2154,5,4,49.0,False,0.015992267610175137,13
population,4,8,8,2154,6,3,57.0,False,0.015992267610175137,15
population,4,8,8,2154,7,0,22.0,False,0.015992267610175137,6
population,4,8,8,2155,0,1,46.0,False,0.015992267610175137,12
population,4,8,8,2155,1,2,79.0,False,0.015992267610175137,20
population,4,8,8,2155,2,1,47.0,False,0.015992267610175137,12
population,4,8,8,2155,3,2,71.0,False,0.015992267610175137,18
population,4,8,8,2155,4,7,22.0,False,0.015992267610175137,6
population,4,8,8,2155,5,2,50.0,False,0.015992267610175137,13
population,4,8,8,2155,6,7,31.0,False,0.015992267610175137,8
population,4,8,8,2155,7,7,34.0,False,0.015992267610175137,9
population,4,8,8,2156,0,3,45.0,False,0.015992267610175137,12
population,4,8,8,2156,1,0,11.0,False,0.015992267610175137,3
population,4,8,8,2156,2,5,46.0,False,0.015992267610175137,12
population,4,8,8,2156,3,0,109.0,False,0.015992267610175137,28
population,4,8,8,2156,4,4,56.0,False,0.015992267610175137,14
population,4,8,8,2156,5,6,52.0,False,0.015992267610175137,13
population,4,8,8,2156,6,1,46.0,False,0.015992267610175137,12
population,4,8,8,2156,7,7,60.0,False,0.015992267610175137,15
population,4,8,8,2157,0,3,47.0,False,0.015992267610175137,12
population,4,8,8,2157,1,5,63.0,False,0.015992267610175137,16
population,4,8,8,2157,2,7,26.0,False,0.015992267610175137,7
population,4,8,8,2157,3,0,24.0,False,0.015992267610175137,6
population,4,8,8,2157,4,7,11.0,False,0.015992267610175137,3
population,4,8,8,2157,5,4,46.0,False,0.015992267610175137,12
population,4,8,8,2157,6,5,49.0,False,0.015992267610175137,13
population,4,8,8,2157,7,1,47.0,False,0.015992267610175137,12
population,4,8,8,2158,0,6,49.0,False,0.015992267610175137,13
population,4,8,8,2158,1,2,53.0,False,0.015992267610175137,14
population,4,8,8,2158,2,1,130.0,False,0.015992267610175137,33
population,4,8,8,2158,3,4,46.0,False,0.015992267610175137,12
population,4,8,8,2158,4,2,90.0,False,0.015992267610175137,23
population,4,8,8,2158,5,5,59.0,False,0.015992267610175137,15
population,4,8,8,2158,6,7,6.0,False,0.015992267610175137,2
population,4,8,8,2158,7,4,120.0,False,0.015992267610175137,30
population,4,8,8,2159,0,3,66.0,False,0.015992267610175137,17
population,4,8,8,2159,1,6,46.0,False,0.015992267610175137,12
population,4,8,8,2159,2,4,46.0,False,0.015992267610175137,12
population,4,8,8,2159,3,0,83.0,False,0.015992267610175137,21
population,4,8,8,2159,4,2,74.0,False,0.015992267610175137,19
population,4,8,8,2159,5,1,116.0,False,0.015992267610175137,29
population,4,8,8,2159,6,0,11.0,False,0.015992267610175137,3
population,4,8,8,2159,7,4,51.0,False,0.015992267610175137,13
population,4,8,8,2160,0,7,86.0,False,0.015992267610175137,22
population,4,8,8,2160,1,1,60.0,False,0.015992267610175137,15
population,4,8,8,2160,2,2,53.0,False,0.015992267610175137,14
population,4,8,8,2160,3,3,47.0,False,0.015992267610175137,12
population,4,8,8,2160,4,5,49.0,False,0.015992267610175137,13
population,4,8,8,2160,5,1,62.0,False,0.015992267610175137,16
population,4,8,8,2160,6,3,53.0,False,0.015992267610175137,14
population,4,8,8,2160,7,2,48.0,False,0.015992267610175137,12
population,4,8,8,2161,0,1,108.0,False,0.015992267610175137,27
population,4,8,8,2161,1,1,150.0,False,0.015992267610175137,38
population,4,8,8,2161,2,4,54.0,False,0.015992267610175137,14
population,4,8,8,2161,3,1,55.0,False,0.015992267610175137,14
population,4,8,8,2161,4,1,51.0,False,0.015992267610175137,13
population,4,8,8,2161,5,0,70.0,False,0.015992267610175137,18
population,4,8,8,2161,6,1,53.0,False,0.015992267610175137,14
population,4,8,8,2161,7,2,51.0,False,0.015992267610175137,13
population,4,8,8,2162,0,2,54.0,False,0.015992267610175137,14
population,4,8,8,2162,1,3,109.0,False,0.015992267610175137,28
population,4,8,8,2162,2,5,51.0,False,0.015992267610175137,13
population,4,8,8,2162,3,7,16.0,False,0.015992267610175137,4
population,4,8,8,2162,4,4,49.0,False,0.015992267610175137,13
population,4,8,8,2162,5,6,55.0,False,0.015992267610175137,14
population,4,8,8,2162,6,6,51.0,False,0.015992267610175137,13
population,4,8,8,2162,7,4,87.0,False,0.015992267610175137,22
population,4,8,8,2163,0,6,46.0,False,0.015992267610175137,12
population,4,8,8,2163,1,5,206.0,False,0.015992267610175137,52
population,4,8,8,2163,2,0,75.0,False,0.015992267610175137,19
population,4,8,8,2163,3,5,63.0,False,0.015992267610175137,16
population,4,8,8,2163,4,1,45.0,False,0.015992267610175137,12
population,4,8,8,2163,5,0,12.0,False,0.015992267610175137,3
population,4,8,8,2163,6,0,90.0,False,0.015992267610175137,23
population,4,8,8,2163,7,2,47.0,False,0.015992267610175137,12
population,4,8,8,2164,0,4,53.0,False,0.015992267610175137,14
population,4,8,8,2164,1,7,19.0,False,0.015992267610175137,5
population,4,8,8,2164,2,4,81.0,False,0.015992267610175137,21
population,4,8,8,2164,3,6,80.0,False,0.015992267610175137,20
population,4,8,8,2164,4,4,83.0,False,0.015992267610175137,21
population,4,8,8,2164,5,4,45.0,False,0.015992267610175137,12
population,4,8,8,2164,6,1,49.0,False,0.015992267610175137,13
population,4,8,8,2164,7,6,67.0,False,0.015992267610175137,17
population,4,8,8,2165,0,6,47.0,False,0.015992267610175137,12
population,4,8,8,2165,1,7,11.0,False,0.015992267610175137,3
population,4,8,8,2165,2,3,89.0,False,0.015992267610175137,23
population,4,8,8,2165,3,4,46.0,False,0.015992267610175137,12
population,4,8,8,2165,4,1,45.0,False,0.015992267610175137,12
population,4,8,8,2165,5,2,53.0,False,0.015992267610175137,14
population,4,8,8,2165,6,3,52.0,False,0.015992267610175137,13
population,4,8,8,2165,7,4,50.0,False,0.015992267610175137,13
population,4,8,8,2166,0,0,16.0,False,0.015992267610175137,4
population,4,8,8,2166,1,2,68.0,False,0.015992267610175137,17
population,4,8,8,2166,2,4,52.0,False,0.015992267610175137,13
population,4,8,8,2166,3,3,45.0,False,0.015992267610175137,12
population,4,8,8,2166,4,1,52.0,False,0.015992267610175137,13
population,4,8,8,2166,5,0,52.0,False,0.015992267610175137,13
population,4,8,8,2166,6,3,69.0,False,0.015992267610175137,18
population,4,8,8,2166,7,3,81.0,False,0.015992267610175137,21
population,4,8,8,2167,0,2,119.0,False,0.015992267610175137,30
population,4,8,8,2167,1,5,46.0,False,0.015992267610175137,12
population,4,8,8,2167,2,1,52.0,False,0.015992267610175137,13
population,4,8,8,2167,3,1,46.0,False,0.015992267610175137,12
population,4,8,8,2167,4,6,71.0,False,0.015992267610175137,18
population,4,8,8,2167,5,2,64.0,False,0.015992267610175137,16
population,4,8,8,2167,6,7,41.0,False,0.015992267610175137,11
population,4,8,8,2167,7,1,48.0,False,0.015992267610175137,12
population,4,8,8,2168,0,3,65.0,False,0.015992267610175137,17
population,4,8,8,2168,1,3,232.0,False,0.015992267610175137,58
population,4,8,8,2168,2,1,48.0,False,0.015992267610175137,12
population,4,8,8,2168,3,5,55.0,False,0.015992267610175137,14
population,4,8,8,2168,4,4,45.0,False,0.015992267610175137,12
population,4,8,8,2168,5,0,11.0,False,0.015992267610175137,3
population,4,8,8,2168,6,0,16.0,False,0.015992267610175137,4
population,4,8,8,2168,7,5,49.0,False,0.015992267610175137,13
population,4,8,8,2169,0,7,14.0,False,0.015992267610175137,4
population,4,8,8,2169,1,6,45.0,False,0.015992267610175137,12
population,4,8,8,2169,2,5,50.0,False,0.015992267610175137,13
population,4,8,8,2169,3,7,20.0,False,0.015992267610175137,5
population,4,8,8,2169,4,7,7.0,False,0.015992267610175137,2
population,4,8,8,2169,5,2,98.0,False,0.015992267610175137,25
population,4,8,8,2169,6,5,110.0,False,0.015992267610175137,28
population,4,8,8,2169,7,1,54.0,False,0.015992267610175137,14
population,4,8,8,2170,0,7,11.0,False,0.015992267610175137,3
population,4,8,8,2170,1,7,23.0,False,0.015992267610175137,6
population,4,8,8,2170,2,5,68.0,False,0.015992267610175137,17
population,4,8,8,2170,3,1,47.0,False,0.015992267610175137,12
population,4,8,8,2170,4,2,85.0,False,0.015992267610175137,22
population,4,8,8,2170,5,2,58.0,False,0.015992267610175137,15
population,4,8,8,2170,6,7,21.0,False,0.015992267610175137,6
population,4,8,8,2170,7,7,31.0,False,0.015992267610175137,8
population,4,8,8,2171,0,3,46.0,False,0.015992267610175137,12
population,4,8,8,2171,1,3,49.0,False,0.015992267610175137,13
population,4,8,8,2171,2,7,10.0,False,0.015992267610175137,3
population,4,8,8,2171,3,4,93.0,False,0.015992267610175137,24
population,4,8,8,2171,4,2,58.0,False,0.015992267610175137,15
population,4,8,8,2171,5,4,93.0,False,0.015992267610175137,24
population,4,8,8,2171,6,7,21.0,False,0.015992267610175137,6
population,4,8,8,2171,7,3,61.0,False,0.015992267610175137,16
population,4,8,8,2172,0,5,46.0,False,0.015992267610175137,12
population,4,8,8,2172,1,7,12.0,False,0.015992267610175137,3
population,4,8,8,2172,2,0,16.0,False,0.015992267610175137,4
population,4,8,8,2172,3,5,45.0,False,0.015992267610175137,12
population,4,8,8,2172,4,2,97.0,False,0.015992267610175137,25
population,4,8,8,2172,5,0,52.0,False,0.015992267610175137,13
population,4,8,8,2172,6,1,61.0,False,0.015992267610175137,16
population,4,8,8,2172,7,5,66.0,False,0.015992267610175137,17
population,4,8,8,2173,0,5,90.0,False,0.015992267610175137,23
population,4,8,8,2173,1,6,50.0,False,0.015992267610175137,13
population,4,8,8,2173,2,7,21.0,False,0.015992267610175137,6
population,4,8,8,2173,3,3,51.0,False,0.015992267610175137,13
population,4,8,8,2173,4,5,98.0,False,0.015992267610175137,25
population,4,8,8,2173,5,1,70.0,False,0.015992267610175137,18
population,4,8,8,2173,6,4,121.0,False,0.015992267610175137,31
population,4,8,8,2173,7,3,56.0,False,0.015992267610175137,14
population,4,8,8,2174,0,5,59.0,False,0.015992267610175137,15
population,4,8,8,2174,1,1,61.0,False,0.015992267610175137,16
population,4,8,8,2174,2,6,120.0,False,0.015992267610175137,30
population,4,8,8,2174,3,3,155.0,False,0.015992267610175137,39
population,4,8,8,2174,4,2,77.0,False,0.015992267610175137,20
population,4,8,8,2174,5,4,48.0,False,0.015992267610175137,12
population,4,8,8,2174,6,4,51.0,False,0.015992267610175137,13
population,4,8,8,2174,7,7,55.0,False,0.015992267610175137,14
population,4,8,8,2175,0,3,46.0,False,0.015992267610175137,12
population,4,8,8,2175,1,7,23.0,False,0.015992267610175137,6
population,4,8,8,2175,2,5,47.0,False,0.015992267610175137,12
population,4,8,8,2175,3,4,57.0,False,0.015992267610175137,15
population,4,8,8,2175,4,6,58.0,False,0.015992267610175137,15
population,4,8,8,2175,5,6,69.0,False,0.015992267610175137,18
population,4,8,8,2175,6,4,58.0,False,0.015992267610175137,15
population,4,8,8,2175,7,0,22.0,False,0.015992267610175137,6
population,4,8,8,2176,0,5,75.0,False,0.015992267610175137,19
population,4,8,8,2176,1,2,168.0,False,0.015992267610175137,42
population,4,8,8,2176,2,4,70.0,False,0.015992267610175137,18
population,4,8,8,2176,3,5,45.0,False,0.015992267610175137,12
population,4,8,8,2176,4,6,150.0,False,0.015992267610175137,38
population,4,8,8,2176,5,4,48.0,False,0.015992267610175137,12
population,4,8,8,2176,6,2,51.0,False,0.015992267610175137,13
population,4,8,8,2176,7,6,106.0,False,0.015992267610175137,27
population,4,8,8,2177,0,3,46.0,False,0.015992267610175137,12
population,4,8,8,2177,1,6,46.0,False,0.015992267610175137,12
population,4,8,8,2177,2,1,52.0,False,0.015992267610175137,13
population,4,8,8,2177,3,4,47.0,False,0.015992267610175137,12
population,4,8,8,2177,4,0,38.0,False,0.015992267610175137,10
population,4,8,8,2177,5,3,55.0,False,0.015992267610175137,14
population,4,8,8,2177,6,3,47.0,False,0.015992267610175137,12
population,4,8,8,2177,7,0,15.0,False,0.015992267610175137,4
population,4,8,8,2178,0,7,10.0,False,0.015992267610175137,3
population,4,8,8,2178,1,1,53.0,False,0.015992267610175137,14
population,4,8,8,2178,2,0,18.0,False,0.015992267610175137,5
population,4,8,8,2178,3,6,54.0,False,0.015992267610175137,14
population,4,8,8,2178,4,5,92.0,False,0.015992267610175137,23
population,4,8,8,2178,5,7,31.0,False,0.015992267610175137,8
population,4,8,8,2178,6,5,47.0,False,0.015992267610175137,12
population,4,8,8,2178,7,1,145.0,False,0.015992267610175137,37
population,4,8,8,2179,0,3,89.0,False,0.015992267610175137,23
population,4,8,8,2179,1,7,40.0,False,0.015992267610175137,10
population,4,8,8,2179,2,2,113.0,False,0.015992267610175137,29
population,4,8,8,2179,3,3,59.0,False,0.015992267610175137,15
population,4,8,8,2179,4,1,111.0,False,0.015992267610175137,28
population,4,8,8,2179,5,0,17.0,False,0.015992267610175137,5
population,4,8,8,2179,6,4,54.0,False,0.015992267610175137,14
population,4,8,8,2179,7,6,46.0,False,0.015992267610175137,12
population,4,8,8,2180,0,4,106.0,False,0.015992267610175137,27
population,4,8,8,2180,1,3,45.0,False,0.015992267610175137,12
population,4,8,8,2180,2,7,22.0,False,0.015992267610175137,6
population,4,8,8,2180,3,2,46.0,False,0.015992267610175137,12
population,4,8,8,2180,4,2,55.0,False,0.015992267610175137,14
population,4,8,8,2180,5,2,153.0,False,0.015992267610175137,39
population,4,8,8,2180,6,2,52.0,False,0.015992267610175137,13
population,4,8,8,2180,7,4,46.0,False,0.015992267610175137,12
population,4,8,8,2181,0,7,12.0,False,0.015992267610175137,3
population,4,8,8,2181,1,7,11.0,False,0.015992267610175137,3
population,4,8,8,2181,2,5,48.0,False,0.015992267610175137,12
population,4,8,8,2181,3,4,47.0,False,0.015992267610175137,12
population,4,8,8,2181,4,7,82.0,False,0.015992267610175137,21
population,4,8,8,2181,5,1,129.0,False,0.015992267610175137,33
population,4,8,8,2181,6,4,54.0,False,0.015992267610175137,14
population,4,8,8,2181,7,3,49.0,False,0.015992267610175137,13
population,4,8,8,2182,0,6,72.0,False,0.015992267610175137,18
population,4,8,8,2182,1,3,65.0,False,0.015992267610175137,17
population,4,8,8,2182,2,4,57.0,False,0.015992267610175137,15
population,4,8,8,2182,3,2,56.0,False,0.015992267610175137,14
population,4,8,8,2182,4,7,47.0,False,0.015992267610175137,12
population,4,8,8,2182,5,7,32.0,False,0.015992267610175137,8
population,4,8,8,2182,6,0,29.0,False,0.015992267610175137,8
population,4,8,8,2182,7,0,48.0,False,0.015992267610175137,12
population,4,8,8,2183,0,7,59.0,False,0.015992267610175137,15
population,4,8,8,2183,1,6,47.0,False,0.015992267610175137,12
population,4,8,8,2183,2,4,56.0,False,0.015992267610175137,14
population,4,8,8,2183,3,6,50.0,False,0.015992267610175137,13
population,4,8,8,2183,4,3,47.0,False,0.015992267610175137,12
population,4,8,8,2183,5,5,51.0,False,0.015992267610175137,13
population,4,8,8,2183,6,6,95.0,False,0.015992267610175137,24
population,4,8,8,2183,7,1,82.0,False,0.015992267610175137,21
population,4,8,8,2184,0,0,20.0,False,0.015992267610175137,5
population,4,8,8,2184,1,3,56.0,False,0.015992267610175137,14
population,4,8,8,2184,2,3,62.0,False,0.015992267610175137,16
population,4,8,8,2184,3,0,38.0,False,0.015992267610175137,10
population,4,8,8,2184,4,1,115.0,False,0.015992267610175137,29
population,4,8,8,2184,5,2,46.0,False,0.015992267610175137,12
population,4,8,8,2184,6,7,10.0,False,0.015992267610175137,3
population,4,8,8,2184,7,1,100.0,False,0.015992267610175137,25
population,4,8,8,2185,0,1,56.0,False,0.015992267610175137,14
population,4,8,8,2185,1,7,14.0,False,0.015992267610175137,4
population,4,8,8,2185,2,1,53.0,False,0.015992267610175137,14
population,4,8,8,2185,3,7,35.0,False,0.015992267610175137,9
population,4,8,8,2185,4,6,49.0,False,0.015992267610175137,13
population,4,8,8,2185,5,7,21.0,False,0.015992267610175137,6
population,4,8,8,2185,6,6,45.0,False,0.015992267610175137,12
population,4,8,8,2185,7,6,60.0,False,0.015992267610175137,15
population,4,8,8,2186,0,5,71.0,False,0.015992267610175137,18
population,4,8,8,2186,1,6,256.0,False,0.015992267610175137,64
population,4,8,8,2186,2,0,13.0,False,0.015992267610175137,4
population,4,8,8,2186,3,0,51.0,False,0.015992267610175137,13
population,4,8,8,2186,4,4,71.0,False,0.015992267610175137,18
population,4,8,8,2186,5,6,45.0,False,0.015992267610175137,12
population,4,8,8,2186,6,3,80.0,False,0.015992267610175137,20
population,4,8,8,2186,7,3,48.0,False,0.015992267610175137,12
population,4,8,8,2187,0,0,30.0,False,0.015992267610175137,8
population,4,8,8,2187,1,6,224.0,False,0.015992267610175137,56
population,4,8,8,2187,2,3,46.0,False,0.015992267610175137,12
population,4,8,8,2187,3,7,36.0,False,0.015992267610175137,9
population,4,8,8,2187,4,4,98.0,False,0.015992267610175137,25
population,4,8,8,2187,5,4,80.0,False,0.015992267610175137,20
population,4,8,8,2187,6,1,63.0,False,0.015992267610175137,16
population,4,8,8,2187,7,0,21.0,False,0.015992267610175137,6
population,4,8,8,2188,0,7,35.0,False,0.015992267610175137,9
population,4,8,8,2188,1,4,48.0,False,0.015992267610175137,12
population,4,8,8,2188,2,2,53.0,False,0.015992267610175137,14
population,4,8,8,2188,3,6,78.0,False,0.015992267610175137,20
population,4,8,8,2188,4,0,28.0,False,0.015992267610175137,7
population,4,8,8,2188,5,4,54.0,False,0.015992267610175137,14
population,4,8,8,2188,6,1,47.0,False,0.015992267610175137,12
population,4,8,8,2188,7,4,47.0,False,0.015992267610175137,12
population,4,8,8,2189,0,6,47.0,False,0.015992267610175137,12
population,4,8,8,2189,1,0,53.0,False,0.015992267610175137,14
population,4,8,8,2189,2,6,106.0,False,0.015992267610175137,27
population,4,8,8,2189,3,1,69.0,False,0.015992267610175137,18
population,4,8,8,2189,4,0,8.0,False,0.015992267610175137,2
population,4,8,8,2189,5,3,101.0,False,0.015992267610175137,26
population,4,8,8,2189,6,3,48.0,False,0.015992267610175137,12
population,4,8,8,2189,7,2,54.0,False,0.015992267610175137,14
population,4,8,8,2190,0,3,46.0,False,0.015992267610175137,12
population,4,8,8,2190,1,5,55.0,False,0.015992267610175137,14
population,4,8,8,2190,2,4,48.0,False,0.015992267610175137,12
population,4,8,8,2190,3,0,27.0,False,0.015992267610175137,7
population,4,8,8,2190,4,3,51.0,False,0.015992267610175137,13
population,4,8,8,2190,5,1,92.0,False,0.015992267610175137,23
population,4,8,8,2190,6,6,59.0,False,0.015992267610175137,15
population,4,8,8,2190,7,7,50.0,False,0.015992267610175137,13
population,4,8,8,2191,0,1,152.0,False,0.015992267610175137,38
population,4,8,8,2191,1,5,131.0,False,0.015992267610175137,33
population,4,8,8,2191,2,1,46.0,False,0.015992267610175137,12
population,4,8,8,2191,3,7,30.0,False,0.015992267610175137,8
population,4,8,8,2191,4,4,50.0,False,0.015992267610175137,13
population,4,8,8,2191,5,3,46.0,False,0.015992267610175137,12
population,4,8,8,2191,6,3,67.0,False,0.015992267610175137,17
population,4,8,8,2191,7,1,195.0,False,0.015992267610175137,49
population,4,8,8,2192,0,5,46.0,False,0.015992267610175137,12
population,4,8,8,2192,1,1,45.0,False,0.015992267610175137,12
population,4,8,8,2192,2,4,46.0,False,0.015992267610175137,12
population,4,8,8,2192,3,0,15.0,False,0.015992267610175137,4
population,4,8,8,2192,4,2,54.0,False,0.015992267610175137,14
population,4,8,8,2192,5,1,46.0,False,0.015992267610175137,12
population,4,8,8,2192,6,1,46.0,False,0.015992267610175137,12
population,4,8,8,2192,7,2,46.0,False,0.015992267610175137,12
population,4,8,8,2193,0,6,51.0,False,0.015992267610175137,13
population,4,8,8,2193,1,5,61.0,False,0.015992267610175137,16
population,4,8,8,2193,2,6,60.0,False,0.015992267610175137,15
population,4,8,8,2193,3,2,47.0,False,0.015992267610175137,12
population,4,8,8,2193,4,4,63.0,False,0.015992267610175137,16
population,4,8,8,2193,5,3,48.0,False,0.015992267610175137,12
population,4,8,8,2193,6,5,54.0,False,0.015992267610175137,14
population,4,8,8,2193,7,1,82.0,False,0.015992267610175137,21
population,4,8,8,2194,0,7,97.0,False,0.015992267610175137,25
population,4,8,8,2194,1,0,10.0,False,0.015992267610175137,3
population,4,8,8,2194,2,7,19.0,False,0.015992267610175137,5
population,4,8,8,2194,3,3,53.0,False,0.015992267610175137,14
population,4,8,8,2194,4,2,71.0,False,0.015992267610175137,18
population,4,8,8,2194,5,2,72.0,False,0.015992267610175137,18
population,4,8,8,2194,6,0,24.0,False,0.015992267610175137,6
population,4,8,8,2194,7,0,121.0,False,0.015992267610175137,31
population,4,8,8,2195,0,2,55.0,False,0.015992267610175137,14
population,4,8,8,2195,1,4,132.0,False,0.015992267610175137,33
population,4,8,8,2195,2,3,45.0,False,0.015992267610175137,12
population,4,8,8,2195,3,5,46.0,False,0.015992267610175137,12
population,4,8,8,2195,4,2,46.0,False,0.015992267610175137,12
population,4,8,8,2195,5,1,57.0,False,0.015992267610175137,15
population,4,8,8,2195,6,7,19.0,False,0.015992267610175137,5
population,4,8,8,2195,7,3,52.0,False,0.015992267610175137,13
population,4,8,8,2196,0,7,16.0,False,0.015992267610175137,4
population,4,8,8,2196,1,0,19.0,False,0.015992267610175137,5
population,4,8,8,2196,2,2,50.0,False,0.015992267610175137,13
population,4,8,8,2196,3,1,45.0,False,0.015992267610175137,12
population,4,8,8,2196,4,4,58.0,False,0.015992267610175137,15
population,4,8,8,2196,5,7,34.0,False,0.015992267610175137,9
population,4,8,8,2196,6,7,98.0,False,0.015992267610175137,25
population,4,8,8,2196,7,6,57.0,False,0.015992267610175137,15
population,4,8,8,2197,0,6,56.0,False,0.015992267610175137,14
population,4,8,8,2197,1,7,25.0,False,0.015992267610175137,7
population,4,8,8,2197,2,4,61.0,False,0.015992267610175137,16
population,4,8,8,2197,3,7,23.0,False,0.015992267610175137,6
population,4,8,8,2197,4,0,46.0,False,0.015992267610175137,12
population,4,8,8,2197,5,1,49.0,False,0.015992267610175137,13
population,4,8,8,2197,6,3,61.0,False,0.015992267610175137,16
population,4,8,8,2197,7,3,47.0,False,0.015992267610175137,12
population,4,8,8,2198,0,0,27.0,False,0.015992267610175137,7
population,4,8,8,2198,1,2,53.0,False,0.015992267610175137,14
population,4,8,8,2198,2,7,23.0,False,0.015992267610175137,6
population,4,8,8,2198,3,3,46.0,False,0.015992267610175137,12
population,4,8,8,2198,4,1,67.0,False,0.015992267610175137,17
population,4,8,8,2198,5,3,48.0,False,0.015992267610175137,12
population,4,8,8,2198,6,4,46.0,False,0.015992267610175137,12
population,4,8,8,2198,7,5,45.0,False,0.015992267610175137,12
population,4,8,8,2199,0,2,45.0,False,0.015992267610175137,12
population,4,8,8,2199,1,5,49.0,False,0.015992267610175137,13
population,4,8,8,2199,2,4,48.0,False,0.015992267610175137,12
population,4,8,8,2199,3,0,10.0,False,0.015992267610175137,3
population,4,8,8,2199,4,3,63.0,False,0.015992267610175137,16
population,4,8,8,2199,5,0,13.0,False,0.015992267610175137,4
population,4,8,8,2199,6,1,66.0,False,0.015992267610175137,17
population,4,8,8,2199,7,5,77.0,False,0.015992267610175137,20
population,4,16,8,2000,0,0,10.0,False,0.015992267610175137,3
population,4,16,8,2000,1,5,74.0,False,0.015992267610175137,19
population,4,16,8,2000,2,7,49.0,False,0.015992267610175137,13
population,4,16,8,2000,3,4,96.0,False,0.015992267610175137,24
population,4,16,8,2000,4,2,46.0,False,0.015992267610175137,12
population,4,16,8,2000,5,1,65.0,False,0.015992267610175137,17
population,4,16,8,2000,6,5,45.0,False,0.015992267610175137,12
population,4,16,8,2000,7,1,56.0,False,0.015992267610175137,14
population,4,16,8,2000,8,6,52.0,False,0.015992267610175137,13
population,4,16,8,2000,9,4,51.0,False,0.015992267610175137,13
population,4,16,8,2000,10,2,56.0,False,0.015992267610175137,14
population,4,16,8,2000,11,7,25.0,False,0.015992267610175137,7
population,4,16,8,2000,12,2,94.0,False,0.015992267610175137,24
population,4,16,8,2000,13,0,26.0,False,0.015992267610175137,7
population,4,16,8,2000,14,1,45.0,False,0.015992267610175137,12
population,4,16,8,2000,15,2,48.0,False,0.015992267610175137,12
population,4,16,8,2001,0,1,76.0,False,0.015992267610175137,19
population,4,16,8,2001,1,3,53.0,False,0.015992267610175137,14
population,4,16,8,2001,2,5,54.0,False,0.015992267610175137,14
population,4,16,8,2001,3,1,77.0,False,0.015992267610175137,20
population,4,16,8,2001,4,5,50.0,False,0.015992267610175137,13
population,4,16,8,2001,5,7,8.0,False,0.015992267610175137,2
population,4,16,8,2001,6,3,45.0,False,0.015992267610175137,12
population,4,16,8,2001,7,6,47.0,False,0.015992267610175137,12
population,4,16,8,2001,8,0,56.0,False,0.015992267610175137,14
population,4,16,8,2001,9,6,121.0,False,0.015992267610175137,31
population,4,16,8,2001,10,2,47.0,False,0.015992267610175137,12
population,4,16,8,2001,11,5,47.0,False,0.015992267610175137,12
population,4,16,8,2001,12,4,98.0,False,0.015992267610175137,25
population,4,16,8,2001,13,1,46.0,False,0.015992267610175137,12
population,4,16,8,2001,14,1,89.0,False,0.015992267610175137,23
population,4,16,8,2001,15,6,52.0,False,0.015992267610175137,13
population,4,16,8,2002,0,1,51.0,False,0.015992267610175137,13
population,4,16,8,2002,1,2,55.0,False,0.015992267610175137,14
population,4,16,8,2002,2,5,45.0,False,0.015992267610175137,12
population,4,16,8,2002,3,2,67.0,False,0.015992267610175137,17
population,4,16,8,2002,4,6,59.0,False,0.015992267610175137,15
population,4,16,8,2002,5,3,58.0,False,0.015992267610175137,15
population,4,16,8,2002,6,2,85.0,False,0.015992267610175137,22
population,4,16,8,2002,7,6,95.0,False,0.015992267610175137,24
population,4,16,8,2002,8,7,43.0,False,0.015992267610175137,11
population,4,16,8,2002,9,1,71.0,False,0.015992267610175137,18
population,4,16,8,2002,10,5,86.0,False,0.015992267610175137,22
population,4,16,8,2002,11,2,54.0,False,0.015992267610175137,14
population,4,16,8,2002,12,3,76.0,False,0.015992267610175137,19
population,4,16,8,2002,13,6,156.0,False,0.015992267610175137,39
population,4,16,8,2002,14,1,51.0,False,0.015992267610175137,13
population,4,16,8,2002,15,5,53.0,False,0.015992267610175137,14
population,4,16,8,2003,0,7,18.0,False,0.015992267610175137,5
population,4,16,8,2003,1,0,91.0,False,0.015992267610175137,23
population,4,16,8,2003,2,5,47.0,False,0.015992267610175137,12
population,4,16,8,2003,3,3,104.0,False,0.015992267610175137,26
population,4,16,8,2003,4,5,63.0,False,0.015992267610175137,16
population,4,16,8,2003,5,2,52.0,False,0.015992267610175137,13
population,4,16,8,2003,6,1,56.0,False,0.015992267610175137,14
population,4,16,8,2003,7,5,55.0,False,0.015992267610175137,14
population,4,16,8,2003,8,1,57.0,False,0.015992267610175137,15
population,4,16,8,2003,9,1,96.0,False,0.015992267610175137,24
population,4,16,8,2003,10,7,25.0,False,0.015992267610175137,7
population,4,16,8,2003,11,0,38.0,False,0.015992267610175137,10
population,4,16,8,2003,12,0,49.0,False,0.015992267610175137,13
population,4,16,8,2003,13,2,51.0,False,0.015992267610175137,13
population,4,16,8,2003,14,7,52.0,False,0.015992267610175137,13
population,4,16,8,2003,15,5,53.0,False,0.015992267610175137,14
population,4,16,8,2004,0,6,53.0,False,0.015992267610175137,14
population,4,16,8,2004,1,1,45.0,False,0.015992267610175137,12
population,4,16,8,2004,2,3,50.0,False,0.015992267610175137,13
population,4,16,8,2004,3,5,99.0,False,0.015992267610175137,25
population,4,16,8,2004,4,3,50.0,False,0.015992267610175137,13
population,4,16,8,2004,5,2,45.0,False,0.015992267610175137,12
population,4,16,8,2004,6,2,60.0,False,0.015992267610175137,15
population,4,16,8,2004,7,7,60.0,False,0.015992267610175137,15
population,4,16,8,2004,8,1,74.0,False,0.015992267610175137,19
population,4,16,8,2004,9,3,94.0,False,0.015992267610175137,24
population,4,16,8,2004,10,7,28.0,False,0.015992267610175137,7
population,4,16,8,2004,11,0,31.0,False,0.015992267610175137,8
population,4,16,8,2004,12,6,49.0,False,0.015992267610175137,13
population,4,16,8,2004,13,1,51.0,False,0.015992267610175137,13
population,4,16,8,2004,14,4,117.0,False,0.015992267610175137,30
population,4,16,8,2004,15,4,47.0,False,0.015992267610175137,12
population,4,16,8,2005,0,3,73.0,False,0.015992267610175137,19
population,4,16,8,2005,1,0,63.0,False,0.015992267610175137,16
population,4,16,8,2005,2,6,68.0,False,0.015992267610175137,17
population,4,16,8,2005,3,6,48.0,False,0.015992267610175137,12
population,4,16,8,2005,4,2,113.0,False,0.015992267610175137,29
population,4,16,8,2005,5,4,75.0,False,0.015992267610175137,19
population,4,16,8,2005,6,6,45.0,False,0.015992267610175137,12
population,4,16,8,2005,7,0,45.0,False,0.015992267610175137,12
population,4,16,8,2005,8,1,45.0,False,0.015992267610175137,12
population,4,16,8,2005,9,1,78.0,False,0.015992267610175137,20
population,4,16,8,2005,10,4,48.0,False,0.015992267610175137,12
population,4,16,8,2005,11,0,11.0,False,0.015992267610175137,3
population,4,16,8,2005,12,1,83.0,False,0.015992267610175137,21
population,4,16,8,2005,13,6,74.0,False,0.015992267610175137,19
population,4,16,8,2005,14,3,196.0,False,0.015992267610175137,49
population,4,16,8,2005,15,2,51.0,False,0.015992267610175137,13
population,4,16,8,2006,0,5,52.0,False,0.015992267610175137,13
population,4,16,8,2006,1,1,46.0,False,0.015992267610175137,12
population,4,16,8,2006,2,7,25.0,False,0.015992267610175137,7
population,4,16,8,2006,3,5,58.0,False,0.015992267610175137,15
population,4,16,8,2006,4,5,97.0,False,0.015992267610175137,25
population,4,16,8,2006,5,2,62.0,False,0.015992267610175137,16
population,4,16,8,2006,6,0,34.0,False,0.015992267610175137,9
population,4,16,8,2006,7,6,101.0,False,0.015992267610175137,26
population,4,16,8,2006,8,4,56.0,False,0.015992267610175137,14
population,4,16,8,2006,9,6,69.0,False,0.015992267610175137,18
population,4,16,8,2006,10,0,25.0,False,0.015992267610175137,7
population,4,16,8,2006,11,7,18.0,False,0.015992267610175137,5
population,4,16,8,2006,12,4,46.0,False,0.015992267610175137,12
population,4,16,8,2006,13,2,140.0,False,0.015992267610175137,35
population,4,16,8,2006,14,5,47.0,False,0.015992267610175137,12
population,4,16,8,2006,15,1,48.0,False,0.015992267610175137,12
population,4,16,8,2007,0,3,159.0,False,0.015992267610175137,40
population,4,16,8,2007,1,2,68.0,False,0.015992267610175137,17
population,4,16,8,2007,2,2,90.0,False,0.015992267610175137,23
population,4,16,8,2007,3,6,53.0,False,0.015992267610175137,14
population,4,16,8,2007,4,7,8.0,False,0.015992267610175137,2
population,4,16,8,2007,5,0,163.0,False,0.015992267610175137,41
population,4,16,8,2007,6,1,58.0,False,0.015992267610175137,15
population,4,16,8,2007,7,3,58.0,False,0.015992267610175137,15
population,4,16,8,2007,8,3,78.0,False,0.015992267610175137,20
population,4,16,8,2007,9,1,49.0,False,0.015992267610175137,13
population,4,16,8,2007,10,7,28.0,False,0.015992267610175137,7
population,4,16,8,2007,11,1,53.0,False,0.015992267610175137,14
population,4,16,8,2007,12,2,47.0,False,0.015992267610175137,12
population,4,16,8,2007,13,4,59.0,False,0.015992267610175137,15
population,4,16,8,2007,14,7,18.0,False,0.015992267610175137,5
population,4,16,8,2007,15,6,54.0,False,0.015992267610175137,14
population,4,16,8,2008,0,0,20.0,False,0.015992267610175137,5
population,4,16,8,2008,1,2,46.0,False,0.015992267610175137,12
population,4,16,8,2008,2,2,79.0,False,0.015992267610175137,20
population,4,16,8,2008,3,7,71.0,False,0.015992267610175137,18
population,4,16,8,2008,4,1,52.0,False,0.015992267610175137,13
population,4,16,8,2008,5,4,45.0,False,0.015992267610175137,12
population,4,16,8,2008,6,5,114.0,False,0.015992267610175137,29
population,4,16,8,2008,7,2,93.0,False,0.015992267610175137,24
population,4,16,8,2008,8,2,52.0,False,0.015992267610175137,13
population,4,16,8,2008,9,5,72.0,False,0.015992267610175137,18
population,4,16,8,2008,10,7,27.0,False,0.015992267610175137,7
population,4,16,8,2008,11,3,51.0,False,0.015992267610175137,13
population,4,16,8,2008,12,2,45.0,False,0.015992267610175137,12
population,4,16,8,2008,13,6,51.0,False,0.015992267610175137,13
population,4,16,8,2008,14,2,167.0,False,0.015992267610175137,42
population,4,16,8,2008,15,1,47.0,False,0.015992267610175137,12
population,4,16,8,2009,0,3,52.0,False,0.015992267610175137,13
population,4,16,8,2009,1,6,62.0,False,0.015992267610175137,16
population,4,16,8,2009,2,3,51.0,False,0.015992267610175137,13
population,4,16,8,2009,3,2,56.0,False,0.015992267610175137,14
population,4,16,8,2009,4,6,113.0,False,0.015992267610175137,29
population,4,16,8,2009,5,1,123.0,False,0.015992267610175137,31
population,4,16,8,2009,6,4,48.0,False,0.015992267610175137,12
population,4,16,8,2009,7,3,71.0,False,0.015992267610175137,18
population,4,16,8,2009,8,2,93.0,False,0.015992267610175137,24
population,4,16,8,2009,9,7,15.0,False,0.015992267610175137,4
population,4,16,8,2009,10,0,8.0,False,0.015992267610175137,2
population,4,16,8,2009,11,4,83.0,False,0.015992267610175137,21
population,4,16,8,2009,12,3,99.0,False,0.015992267610175137,25
population,4,16,8,2009,13,7,25.0,False,0.015992267610175137,7
population,4,16,8,2009,14,5,64.0,False,0.015992267610175137,16
population,4,16,8,2009,15,2,47.0,False,0.015992267610175137,12
population,4,16,8,2010,0,7,50.0,False,0.015992267610175137,13
population,4,16,8,2010,1,5,45.0,False,0.015992267610175137,12
population,4,16,8,2010,2,6,135.0,False,0.015992267610175137,34
population,4,16,8,2010,3,0,17.0,False,0.015992267610175137,5
population,4,16,8,2010,4,3,53.0,False,0.015992267610175137,14
population,4,16,8,2010,5,0,8.0,False,0.015992267610175137,2
population,4,16,8,2010,6,6,49.0,False,0.015992267610175137,13
population,4,16,8,2010,7,1,49.0,False,0.015992267610175137,13
population,4,16,8,2010,8,3,99.0,False,0.015992267610175137,25
population,4,16,8,2010,9,6,45.0,False,0.015992267610175137,12
population,4,16,8,2010,10,7,7.0,False,0.015992267610175137,2
population,4,16,8,2010,11,1,61.0,False,0.015992267610175137,16
population,4,16,8,2010,12,6,46.0,False,0.015992267610175137,12
population,4,16,8,2010,13,4,115.0,False,0.015992267610175137,29
population,4,16,8,2010,14,4,46.0,False,0.015992267610175137,12
population,4,16,8,2010,15,1,93.0,False,0.015992267610175137,24
population,4,16,8,2011,0,7,31.0,False,0.015992267610175137,8
population,4,16,8,2011,1,6,103.0,False,0.015992267610175137,26
population,4,16,8,2011,2,0,46.0,False,0.015992267610175137,12
population,4,16,8,2011,3,4,46.0,False,0.015992267610175137,12
population,4,16,8,2011,4,6,51.0,False,0.015992267610175137,13
population,4,16,8,2011,5,3,49.0,False,0.015992267610175137,13
population,4,16,8,2011,6,3,142.0,False,0.015992267610175137,36
population,4,16,8,2011,7,0,26.0,False,0.015992267610175137,7
population,4,16,8,2011,8,4,84.0,False,0.015992267610175137,21
population,4,16,8,2011,9,5,117.0,False,0.015992267610175137,30
population,4,16,8,2011,10,4,62.0,False,0.015992267610175137,16
population,4,16,8,2011,11,5,51.0,False,0.015992267610175137,13
population,4,16,8,2011,12,3,53.0,False,0.015992267610175137,14
population,4,16,8,2011,13,7,26.0,False,0.015992267610175137,7
population,4,16,8,2011,14,4,46.0,False,0.015992267610175137,12
population,4,16,8,2011,15,1,48.0,False,0.015992267610175137,12
population,4,16,8,2012,0,5,227.0,False,0.015992267610175137,57
population,4,16,8,2012,1,3,47.0,False,0.015992267610175137,12
population,4,16,8,2012,2,2,51.0,False,0.015992267610175137,13
population,4,16,8,2012,3,6,45.0,False,0.015992267610175137,12
population,4,16,8,2012,4,2,70.0,False,0.015992267610175137,18
population,4,16,8,2012,5,4,63.0,False,0.015992267610175137,16
population,4,16,8,2012,6,6,47.0,False,0.015992267610175137,12
population,4,16,8,2012,7,0,7.0,False,0.015992267610175137,2
population,4,16,8,2012,8,1,48.0,False,0.015992267610175137,12
population,4,16,8,2012,9,4,46.0,False,0.015992267610175137,12
population,4,16,8,2012,10,5,47.0,False,0.015992267610175137,12
population,4,16,8,2012,11,6,72.0,False,0.015992267610175137,18
population,4,16,8,2012,12,0,58.0,False,0.015992267610175137,15
population,4,16,8,2012,13,4,49.0,False,0.015992267610175137,13
population,4,16,8,2012,14,3,46.0,False,0.015992267610175137,12
population,4,16,8,2012,15,6,92.0,False,0.015992267610175137,23
population,4,16,8,2013,0,0,53.0,False,0.015992267610175137,14
population,4,16,8,2013,1,0,44.0,False,0.015992267610175137,11
population,4,16,8,2013,2,7,11.0,False,0.015992267610175137,3
population,4,16,8,2013,3,7,21.0,False,0.015992267610175137,6
population,4,16,8,2013,4,6,51.0,False,0.015992267610175137,13
population,4,16,8,2013,5,4,52.0,False,0.015992267610175137,13
population,4,16,8,2013,6,0,62.0,False,0.015992267610175137,16
population,4,16,8,2013,7,6,52.0,False,0.015992267610175137,13
population,4,16,8,2013,8,7,157.0,False,0.015992267610175137,40
population,4,16,8,2013,9,5,52.0,False,0.015992267610175137,13
population,4,16,8,2013,10,7,105.0,False,0.015992267610175137,27
population,4,16,8,2013,11,4,47.0,False,0.015992267610175137,12
population,4,16,8,2013,12,3,53.0,False,0.015992267610175137,14
population,4,16,8,2013,13,0,51.0,False,0.015992267610175137,13
population,4,16,8,2013,14,2,45.0,False,0.015992267610175137,12
population,4,16,8,2013,15,1,73.0,False,0.015992267610175137,19
population,4,16,8,2014,0,1,105.0,False,0.015992267610175137,27
population,4,16,8,2014,1,1,53.0,False,0.015992267610175137,14
population,4,16,8,2014,2,3,51.0,False,0.015992267610175137,13
population,4,16,8,2014,3,4,46.0,False,0.015992267610175137,12
population,4,16,8,2014,4,2,99.0,False,0.015992267610175137,25
population,4,16,8,2014,5,7,59.0,False,0.015992267610175137,15
population,4,16,8,2014,6,4,54.0,False,0.015992267610175137,14
population,4,16,8,2014,7,0,18.0,False,0.015992267610175137,5
population,4,16,8,2014,8,3,91.0,False,0.015992267610175137,23
population,4,16,8,2014,9,2,51.0,False,0.015992267610175137,13
population,4,16,8,2014,10,7,37.0,False,0.015992267610175137,10
population,4,16,8,2014,11,0,83.0,False,0.015992267610175137,21
population,4,16,8,2014,12,3,48.0,False,0.015992267610175137,12
population,4,16,8,2014,13,3,46.0,False,0.015992267610175137,12
population,4,16,8,2014,14,1,48.0,False,0.015992267610175137,12
population,4,16,8,2014,15,5,56.0,False,0.015992267610175137,14
population,4,16,8,2015,0,0,8.0,False,0.015992267610175137,2
population,4,16,8,2015,1,6,52.0,False,0.015992267610175137,13
population,4,16,8,2015,2,1,83.0,False,0.015992267610175137,21
population,4,16,8,2015,3,1,57.0,False,0.015992267610175137,15
population,4,16,8,2015,4,7,77.0,False,0.015992267610175137,20
population,4,16,8,2015,5,4,64.0,False,0.015992267610175137,16
population,4,16,8,2015,6,4,46.0,False,0.015992267610175137,12
population,4,16,8,2015,7,5,71.0,False,0.015992267610175137,18
population,4,16,8,2015,8,6,109.0,False,0.015992267610175137,28
population,4,16,8,2015,9,7,57.0,False,0.015992267610175137,15
population,4,16,8,2015,10,0,17.0,False,0.015992267610175137,5
population,4,16,8,2015,11,0,11.0,False,0.015992267610175137,3
population,4,16,8,2015,12,7,10.0,False,0.015992267610175137,3
population,4,16,8,2015,13,0,12.0,False,0.015992267610175137,3
population,4,16,8,2015,14,7,36.0,False,0.015992267610175137,9
population,4,16,8,2015,15,2,65.0,False,0.015992267610175137,17
population,4,16,8,2016,0,2,47.0,False,0.015992267610175137,12
population,4,16,8,2016,1,0,131.0,False,0.015992267610175137,33
population,4,16,8,2016,2,0,26.0,False,0.015992267610175137,7
population,4,16,8,2016,3,1,60.0,False,0.015992267610175137,15
population,4,16,8,2016,4,5,78.0,False,0.015992267610175137,20
population,4,16,8,2016,5,2,86.0,False,0.015992267610175137,22
population,4,16,8,2016,6,5,88.0,False,0.015992267610175137,22
population,4,16,8,2016,7,4,53.0,False,0.015992267610175137,14
population,4,16,8,2016,8,5,54.0,False,0.015992267610175137,14
population,4,16,8,2016,9,3,47.0,False,0.015992267610175137,12
population,4,16,8,2016,10,7,21.0,False,0.015992267610175137,6
population,4,16,8,2016,11,6,58.0,False,0.015992267610175137,15
population,4,16,8,2016,12,2,96.0,False,0.015992267610175137,24
population,4,16,8,2016,13,2,77.0,False,0.015992267610175137,20
population,4,16,8,2016,14,1,46.0,False,0.015992267610175137,12
population,4,16,8,2016,15,3,72.0,False,0.015992267610175137,18
population,4,16,8,2017,0,1,48.0,False,0.015992267610175137,12
population,4,16,8,2017,1,2,90.0,False,0.015992267610175137,23
population,4,16,8,2017,2,3,53.0,False,0.015992267610175137,14
population,4,16,8,2017,3,7,4.0,False,0.015992267610175137,1
population,4,16,8,2017,4,0,39.0,False,0.015992267610175137,10
population,4,16,8,2017,5,2,57.0,False,0.015992267610175137,15
population,4,16,8,2017,6,6,48.0,False,0.015992267610175137,12
population,4,16,8,2017,7,3,52.0,False,0.015992267610175137,13
population,4,16,8,2017,8,1,317.0,False,0.015992267610175137,80
population,4,16,8,2017,9,5,45.0,False,0.015992267610175137,12
population,4,16,8,2017,10,1,46.0,False,0.015992267610175137,12
population,4,16,8,2017,11,0,16.0,False,0.015992267610175137,4
population,4,16,8,2017,12,3,45.0,False,0.015992267610175137,12
population,4,16,8,2017,13,5,55.0,False,0.015992267610175137,14
population,4,16,8,2017,14,6,45.0,False,0.015992267610175137,12
population,4,16,8,2017,15,2,156.0,False,0.015992267610175137,39
population,4,16,8,2018,0,5,50.0,False,0.015992267610175137,13
population,4,16,8,2018,1,0,55.0,False,0.015992267610175137,14
population,4,16,8,2018,2,6,65.0,False,0.015992267610175137,17
population,4,16,8,2018,3,1,97.0,False,0.015992267610175137,25
population,4,16,8,2018,4,3,81.0,False,0.015992267610175137,21
population,4,16,8,2018,5,2,78.0,False,0.015992267610175137,20
population,4,16,8,2018,6,2,200.0,False,0.015992267610175137,50
population,4,16,8,2018,7,0,12.0,False,0.015992267610175137,3
population,4,16,8,2018,8,1,160.0,False,0.015992267610175137,40
population,4,16,8,2018,9,5,124.0,False,0.015992267610175137,31
population,4,16,8,2018,10,1,89.0,False,0.015992267610175137,23
population,4,16,8,2018,11,1,54.0,False,0.015992267610175137,14
population,4,16,8,2018,12,6,79.0,False,0.015992267610175137,20
population,4,16,8,2018,13,0,15.0,False,0.015992267610175137,4
population,4,16,8,2018,14,0,9.0,False,0.015992267610175137,3
population,4,16,8,2018,15,3,64.0,False,0.015992267610175137,16
population,4,16,8,2019,0,6,57.0,False,0.015992267610175137,15
population,4,16,8,2019,1,3,74.0,False,0.015992267610175137,19
population,4,16,8,2019,2,4,49.0,False,0.015992267610175137,13
population,4,16,8,2019,3,5,47.0,False,0.015992267610175137,12
population,4,16,8,2019,4,4,69.0,False,0.015992267610175137,18
population,4,16,8,2019,5,4,63.0,False,0.015992267610175137,16
population,4,16,8,2019,6,2,57.0,False,0.015992267610175137,15
population,4,16,8,2019,7,3,88.0,False,0.015992267610175137,22
population,4,16,8,2019,8,5,146.0,False,0.015992267610175137,37
population,4,16,8,2019,9,6,48.0,False,0.015992267610175137,12
population,4,16,8,2019,10,3,46.0,False,0.015992267610175137,12
population,4,16,8,2019,11,6,77.0,False,0.015992267610175137,20
population,4,16,8,2019,12,0,12.0,False,0.015992267610175137,3
population,4,16,8,2019,13,5,108.0,False,0.015992267610175137,27
population,4,16,8,2019,14,4,55.0,False,0.015992267610175137,14
population,4,16,8,2019,15,3,56.0,False,0.015992267610175137,14
population,4,16,8,2020,0,3,46.0,False,0.015992267610175137,12
population,4,16,8,2020,1,4,53.0,False,0.015992267610175137,14
population,4,16,8,2020,2,5,146.0,False,0.015992267610175137,37
population,4,16,8,2020,3,4,54.0,False,0.015992267610175137,14
population,4,16,8,2020,4,0,26.0,False,0.015992267610175137,7
population,4,16,8,2020,5,4,74.0,False,0.015992267610175137,19
population,4,16,8,2020,6,5,72.0,False,0.015992267610175137,18
population,4,16,8,2020,7,6,68.0,False,0.015992267610175137,17
population,4,16,8,2020,8,2,148.0,False,0.015992267610175137,37
population,4,16,8,2020,9,7,15.0,False,0.015992267610175137,4
population,4,16,8,2020,10,4,46.0,False,0.015992267610175137,12
population,4,16,8,2020,11,3,46.0,False,0.015992267610175137,12
population,4,16,8,2020,12,5,70.0,False,0.015992267610175137,18
population,4,16,8,2020,13,1,67.0,False,0.015992267610175137,17
population,4,16,8,2020,14,3,76.0,False,0.015992267610175137,19
population,4,16,8,2020,15,4,47.0,False,0.015992267610175137,12
population,4,16,8,2021,0,4,229.0,False,0.015992267610175137,58
population,4,16,8,2021,1,0,18.0,False,0.015992267610175137,5
population,4,16,8,2021,2,4,56.0,False,0.015992267610175137,14
population,4,16,8,2021,3,2,57.0,False,0.015992267610175137,15
population,4,16,8,2021,4,6,51.0,False,0.015992267610175137,13
population,4,16,8,2021,5,4,46.0,False,0.015992267610175137,12
population,4,16,8,2021,6,0,186.0,False,0.015992267610175137,47
population,4,16,8,2021,7,6,58.0,False,0.015992267610175137,15
population,4,16,8,2021,8,2,67.0,False,0.015992267610175137,17
population,4,16,8,2021,9,1,62.0,False,0.015992267610175137,16
population,4,16,8,2021,10,3,79.0,False,0.015992267610175137,20
population,4,16,8,2021,11,3,48.0,False,0.015992267610175137,12
population,4,16,8,2021,12,5,47.0,False,0.015992267610175137,12
population,4,16,8,2021,13,4,59.0,False,0.015992267610175137,15
population,4,16,8,2021,14,5,55.0,False,0.015992267610175137,14
population,4,16,8,2021,15,2,45.0,False,0.015992267610175137,12
population,4,16,8,2022,0,1,52.0,False,0.015992267610175137,13
population,4,16,8,2022,1,3,81.0,False,0.015992267610175137,21
population,4,16,8,2022,2,3,46.0,False,0.015992267610175137,12
population,4,16,8,2022,3,3,134.0,False,0.015992267610175137,34
population,4,16,8,2022,4,4,51.0,False,0.015992267610175137,13
population,4,16,8,2022,5,2,93.0,False,0.015992267610175137,24
population,4,16,8,2022,6,7,13.0,False,0.015992267610175137,4
population,4,16,8,2022,7,1,45.0,False,0.015992267610175137,12
population,4,16,8,2022,8,1,61.0,False,0.015992267610175137,16
population,4,16,8,2022,9,6,59.0,False,0.015992267610175137,15
population,4,16,8,2022,10,3,84.0,False,0.015992267610175137,21
population,4,16,8,2022,11,7,93.0,False,0.015992267610175137,24
population,4,16,8,2022,12,7,29.0,False,0.015992267610175137,8
population,4,16,8,2022,13,2,57.0,False,0.015992267610175137,15
population,4,16,8,2022,14,7,19.0,False,0.015992267610175137,5
population,4,16,8,2022,15,3,77.0,False,0.015992267610175137,20
population,4,16,8,2023,0,2,51.0,False,0.015992267610175137,13
population,4,16,8,2023,1,4,49.0,False,0.015992267610175137,13
population,4,16,8,2023,2,5,50.0,False,0.015992267610175137,13
population,4,16,8,2023,3,0,54.0,False,0.015992267610175137,14
population,4,16,8,2023,4,2,55.0,False,0.015992267610175137,14
population,4,16,8,2023,5,2,48.0,False,0.015992267610175137,12
population,4,16,8,2023,6,2,46.0,False,0.015992267610175137,12
population,4,16,8,2023,7,3,49.0,False,0.015992267610175137,13
population,4,16,8,2023,8,4,50.0,False,0.015992267610175137,13
population,4,16,8,2023,9,7,14.0,False,0.015992267610175137,4
population,4,16,8,2023,10,1,65.0,False,0.015992267610175137,17
population,4,16,8,2023,11,4,145.0,False,0.015992267610175137,37
population,4,16,8,2023,12,4,102.0,False,0.015992267610175137,26
population,4,16,8,2023,13,7,28.0,False,0.015992267610175137,7
population,4,16,8,2023,14,5,52.0,False,0.015992267610175137,13
population,4,16,8,2023,15,1,98.0,False,0.015992267610175137,25
population,4,16,8,2024,0,7,124.0,False,0.015992267610175137,31
population,4,16,8,2024,1,1,114.0,False,0.015992267610175137,29
population,4,16,8,2024,2,6,47.0,False,0.015992267610175137,12
population,4,16,8,2024,3,7,17.0,False,0.015992267610175137,5
population,4,16,8,2024,4,5,105.0,False,0.015992267610175137,27
population,4,16,8,2024,5,7,45.0,False,0.015992267610175137,12
population,4,16,8,2024,6,2,70.0,False,0.015992267610175137,18
population,4,16,8,2024,7,2,65.0,False,0.015992267610175137,17
population,4,16,8,2024,8,6,96.0,False,0.015992267610175137,24
population,4,16,8,2024,9,4,47.0,False,0.015992267610175137,12
population,4,16,8,2024,10,2,110.0,False,0.015992267610175137,28
population,4,16,8,2024,11,2,58.0,False,0.015992267610175137,15
population,4,16,8,2024,12,6,52.0,False,0.015992267610175137,13
population,4,16,8,2024,13,2,51.0,False,0.015992267610175137,13
population,4,16,8,2024,14,4,114.0,False,0.015992267610175137,29
population,4,16,8,2024,15,5,70.0,False,0.015992267610175137,18
population,4,16,8,2025,0,0,200.0,False,0.015992267610175137,50
population,4,16,8,2025,1,1,64.0,False,0.015992267610175137,16
population,4,16,8,2025,2,2,72.0,False,0.015992267610175137,18
population,4,16,8,2025,3,0,34.0,False,0.015992267610175137,9
population,4,16,8,2025,4,3,48.0,False,0.015992267610175137,12
population,4,16,8,2025,5,4,50.0,False,0.015992267610175137,13
population,4,16,8,2025,6,1,51.0,False,0.015992267610175137,13
population,4,16,8,2025,7,3,47.0,False,0.015992267610175137,12
population,4,16,8,2025,8,2,132.0,False,0.015992267610175137,33
population,4,16,8,2025,9,0,14.0,False,0.015992267610175137,4
population,4,16,8,2025,10,3,45.0,False,0.015992267610175137,12
population,4,16,8,2025,11,3,164.0,False,0.015992267610175137,41
population,4,16,8,2025,12,6,47.0,False,0.015992267610175137,12
population,4,16,8,2025,13,4,70.0,False,0.015992267610175137,18
population,4,16,8,2025,14,7,43.0,False,0.015992267610175137,11
population,4,16,8,2025,15,2,64.0,False,0.015992267610175137,16
population,4,16,8,2026,0,1,53.0,False,0.015992267610175137,14
population,4,16,8,2026,1,1,67.0,False,0.015992267610175137,17
population,4,16,8,2026,2,5,73.0,False,0.015992267610175137,19
population,4,16,8,2026,3,1,47.0,False,0.015992267610175137,12
population,4,16,8,2026,4,7,34.0,False,0.015992267610175137,9
population,4,16,8,2026,5,1,48.0,False,0.015992267610175137,12
population,4,16,8,2026,6,0,21.0,False,0.015992267610175137,6
population,4,16,8,2026,7,1,99.0,False,0.015992267610175137,25
population,4,16,8,2026,8,1,174.0,False,0.015992267610175137,44
population,4,16,8,2026,9,4,45.0,False,0.015992267610175137,12
population,4,16,8,2026,10,5,52.0,False,0.015992267610175137,13
population,4,16,8,2026,11,7,49.0,False,0.015992267610175137,13
population,4,16,8,2026,12,3,46.0,False,0.015992267610175137,12
population,4,16,8,2026,13,7,15.0,False,0.015992267610175137,4
population,4,16,8,2026,14,4,49.0,False,0.015992267610175137,13
population,4,16,8,2026,15,1,45.0,False,0.015992267610175137,12
population,4,16,8,2027,0,0,33.0,False,0.015992267610175137,9
population,4,16,8,2027,1,7,70.0,False,0.015992267610175137,18
population,4,16,8,2027,2,2,46.0,False,0.015992267610175137,12
population,4,16,8,2027,3,7,17.0,False,0.015992267610175137,5
population,4,16,8,2027,4,2,55.0,False,0.015992267610175137,14
population,4,16,8,2027,5,5,46.0,False,0.015992267610175137,12
population,4,16,8,2027,6,5,119.0,False,0.015992267610175137,30
population,4,16,8,2027,7,5,48.0,False,0.015992267610175137,12
population,4,16,8,2027,8,1,105.0,False,0.015992267610175137,27
population,4,16,8,2027,9,0,7.0,False,0.015992267610175137,2
population,4,16,8,2027,10,3,85.0,False,0.015992267610175137,22
population,4,16,8,2027,11,2,58.0,False,0.015992267610175137,15
population,4,16,8,2027,12,4,46.0,False,0.015992267610175137,12
population,4,16,8,2027,13,6,145.0,False,0.015992267610175137,37
population,4,16,8,2027,14,1,241.0,False,0.015992267610175137,61
population,4,16,8,2027,15,2,57.0,False,0.015992267610175137,15
population,4,16,8,2028,0,2,62.0,False,0.015992267610175137,16
population,4,16,8,2028,1,7,13.0,False,0.015992267610175137,4
population,4,16,8,2028,2,3,56.0,False,0.015992267610175137,14
population,4,16,8,2028,3,2,54.0,False,0.015992267610175137,14
population,4,16,8,2028,4,7,18.0,False,0.015992267610175137,5
population,4,16,8,2028,5,7,32.0,False,0.015992267610175137,8
population,4,16,8,2028,6,5,71.0,False,0.015992267610175137,18
population,4,16,8,2028,7,6,49.0,False,0.015992267610175137,13
population,4,16,8,2028,8,7,107.0,False,0.015992267610175137,27
population,4,16,8,2028,9,5,53.0,False,0.015992267610175137,14
population,4,16,8,2028,10,1,52.0,False,0.015992267610175137,13
population,4,16,8,2028,11,5,54.0,False,0.015992267610175137,14
population,4,16,8,2028,12,1,92.0,False,0.015992267610175137,23
population,4,16,8,2028,13,6,70.0,False,0.015992267610175137,18
population,4,16,8,2028,14,6,45.0,False,0.015992267610175137,12
population,4,16,8,2028,15,1,47.0,False,0.015992267610175137,12
population,4,16,8,2029,0,7,14.0,False,0.015992267610175137,4
population,4,16,8,2029,1,3,121.0,False,0.015992267610175137,31
population,4,16,8,2029,2,1,69.0,False,0.015992267610175137,18
population,4,16,8,2029,3,2,48.0,False,0.015992267610175137,12
population,4,16,8,2029,4,7,17.0,False,0.015992267610175137,5
population,4,16,8,2029,5,1,99.0,False,0.015992267610175137,25
population,4,16,8,2029,6,5,50.0,False,0.015992267610175137,13
population,4,16,8,2029,7,7,11.0,False,0.015992267610175137,3
population,4,16,8,2029,8,0,24.0,False,0.015992267610175137,6
population,4,16,8,2029,9,6,73.0,False,0.015992267610175137,19
population,4,16,8,2029,10,5,100.0,False,0.015992267610175137,25
population,4,16,8,2029,11,7,17.0,False,0.015992267610175137,5
population,4,16,8,2029,12,2,67.0,False,0.015992267610175137,17
population,4,16,8,2029,13,1,87.0,False,0.015992267610175137,22
population,4,16,8,2029,14,3,48.0,False,0.015992267610175137,12
population,4,16,8,2029,15,6,73.0,False,0.015992267610175137,19
population,4,16,8,2030,0,4,72.0,False,0.015992267610175137,18
population,4,16,8,2030,1,1,70.0,False,0.015992267610175137,18
population,4,16,8,2030,2,2,195.0,False,0.015992267610175137,49
population,4,16,8,2030,3,0,31.0,False,0.015992267610175137,8
population,4,16,8,2030,4,6,47.0,False,0.015992267610175137,12
population,4,16,8,2030,5,3,53.0,False,0.015992267610175137,14
population,4,16,8,2030,6,0,29.0,False,0.015992267610175137,8
population,4,16,8,2030,7,4,134.0,False,0.015992267610175137,34
population,4,16,8,2030,8,1,55.0,False,0.015992267610175137,14
population,4,16,8,2030,9,0,116.0,False,0.015992267610175137,29
population,4,16,8,2030,10,1,50.0,False,0.015992267610175137,13
population,4,16,8,2030,11,4,84.0,False,0.015992267610175137,21
population,4,16,8,2030,12,3,59.0,False,0.015992267610175137,15
population,4,16,8,2030,13,0,20.0,False,0.015992267610175137,5
population,4,16,8,2030,14,5,48.0,False,0.015992267610175137,12
population,4,16,8,2030,15,5,47.0,False,0.015992267610175137,12
population,4,16,8,2031,0,4,55.0,False,0.015992267610175137,14
population,4,16,8,2031,1,0,85.0,False,0.015992267610175137,22
population,4,16,8,2031,2,2,46.0,False,0.015992267610175137,12
population,4,16,8,2031,3,3,54.0,False,0.015992267610175137,14
population,4,16,8,2031,4,5,53.0,False,0.015992267610175137,14
population,4,16,8,2031,5,7,73.0,False,0.015992267610175137,19
population,4,16,8,2031,6,5,50.0,False,0.015992267610175137,13
population,4,16,8,2031,7,0,30.0,False,0.015992267610175137,8
population,4,16,8,2031,8,4,60.0,False,0.015992267610175137,15
population,4,16,8,2031,9,6,48.0,False,0.015992267610175137,12
population,4,16,8,2031,10,3,52.0,False,0.015992267610175137,13
population,4,16,8,2031,11,0,32.0,False,0.015992267610175137,8
population,4,16,8,2031,12,4,133.0,False,0.015992267610175137,34
population,4,16,8,2031,13,0,11.0,False,0.015992267610175137,3
population,4,16,8,2031,14,6,56.0,False,0.015992267610175137,14
population,4,16,8,2031,15,7,24.0,False,0.015992267610175137,6
population,4,16,8,2032,0,3,54.0,False,0.015992267610175137,14
population,4,16,8,2032,1,2,52.0,False,0.015992267610175137,13
population,4,16,8,2032,2,0,12.0,False,0.015992267610175137,3
population,4,16,8,2032,3,6,76.0,False,0.015992267610175137,19
population,4,16,8,2032,4,7,12.0,False,0.015992267610175137,3
population,4,16,8,2032,5,3,87.0,False,0.015992267610175137,22
population,4,16,8,2032,6,7,40.0,False,0.015992267610175137,10
population,4,16,8,2032,7,1,111.0,False,0.015992267610175137,28
population,4,16,8,2032,8,2,46.0,False,0.015992267610175137,12
population,4,16,8,2032,9,4,47.0,False,0.015992267610175137,12
population,4,16,8,2032,10,7,63.0,False,0.015992267610175137,16
population,4,16,8,2032,11,4,133.0,False,0.015992267610175137,34
population,4,16,8,2032,12,3,60.0,False,0.015992267610175137,15
population,4,16,8,2032,13,6,91.0,False,0.015992267610175137,23
population,4,16,8,2032,14,3,66.0,False,0.015992267610175137,17
population,4,16,8,2032,15,1,49.0,False,0.015992267610175137,13
population,4,16,8,2033,0,6,48.0,False,0.015992267610175137,12
population,4,16,8,2033,1,6,46.0,False,0.015992267610175137,12
population,4,16,8,2033,2,1,49.0,False,0.015992267610175137,13
population,4,16,8,2033,3,4,45.0,False,0.015992267610175137,12
population,4,16,8,2033,4,3,51.0,False,0.015992267610175137,13
population,4,16,8,2033,5,1,92.0,False,0.015992267610175137,23
population,4,16,8,2033,6,1,47.0,False,0.015992267610175137,12
population,4,16,8,2033,7,6,61.0,False,0.015992267610175137,16
population,4,16,8,2033,8,7,37.0,False,0.015992267610175137,10
population,4,16,8,2033,9,1,50.0,False,0.015992267610175137,13
population,4,16,8,2033,10,0,84.0,False,0.015992267610175137,21
population,4,16,8,2033,11,2,108.0,False,0.015992267610175137,27
population,4,16,8,2033,12,3,49.0,False,0.015992267610175137,13
population,4,16,8,2033,13,0,22.0,False,0.015992267610175137,6
population,4,16,8,2033,14,1,59.0,False,0.015992267610175137,15
population,4,16,8,2033,15,3,49.0,False,0.015992267610175137,13
population,4,16,8,2034,0,7,8.0,False,0.015992267610175137,2
population,4,16,8,2034,1,1,126.0,False,0.015992267610175137,32
population,4,16,8,2034,2,3,52.0,False,0.015992267610175137,13
population,4,16,8,2034,3,2,46.0,False,0.015992267610175137,12
population,4,16,8,2034,4,5,52.0,False,0.015992267610175137,13
population,4,16,8,2034,5,7,33.0,False,0.015992267610175137,9
population,4,16,8,2034,6,1,64.0,False,0.015992267610175137,16
population,4,16,8,2034,7,7,20.0,False,0.015992267610175137,5
population,4,16,8,2034,8,5,47.0,False,0.015992267610175137,12
population,4,16,8,2034,9,4,45.0,False,0.015992267610175137,12
population,4,16,8,2034,10,1,48.0,False,0.015992267610175137,12
population,4,16,8,2034,11,1,47.0,False,0.015992267610175137,12
population,4,16,8,2034,12,4,54.0,False,0.015992267610175137,14
population,4,16,8,2034,13,3,47.0,False,0.015992267610175137,12
population,4,16,8,2034,14,4,73.0,False,0.015992267610175137,19
population,4,16,8,2034,15,5,48.0,False,0.015992267610175137,12
population,4,16,8,2035,0,6,82.0,False,0.015992267610175137,21
population,4,16,8,2035,1,0,21.0,False,0.015992267610175137,6
population,4,16,8,2035,2,5,91.0,False,0.015992267610175137,23
population,4,16,8,2035,3,1,52.0,False,0.015992267610175137,13
population,4,16,8,2035,4,2,53.0,False,0.015992267610175137,14
population,4,16,8,2035,5,7,24.0,False,0.015992267610175137,6
population,4,16,8,2035,6,1,46.0,False,0.015992267610175137,12
population,4,16,8,2035,7,5,60.0,False,0.015992267610175137,15
population,4,16,8,2035,8,0,27.0,False,0.015992267610175137,7
population,4,16,8,2035,9,3,104.0,False,0.015992267610175137,26
population,4,16,8,2035,10,4,54.0,False,0.015992267610175137,14
population,4,16,8,2035,11,2,46.0,False,0.015992267610175137,12
population,4,16,8,2035,12,6,100.0,False,0.015992267610175137,25
population,4,16,8,2035,13,3,50.0,False,0.015992267610175137,13
population,4,16,8,2035,14,7,29.0,False,0.015992267610175137,8
population,4,16,8,2035,15,4,61.0,False,0.015992267610175137,16
population,4,16,8,2036,0,7,7.0,False,0.015992267610175137,2
population,4,16,8,2036,1,6,76.0,False,0.015992267610175137,19
population,4,16,8,2036,2,6,53.0,False,0.015992267610175137,14
population,4,16,8,2036,3,4,50.0,False,0.015992267610175137,13
population,4,16,8,2036,4,0,11.0,False,0.015992267610175137,3
population,4,16,8,2036,5,2,66.0,False,0.015992267610175137,17
population,4,16,8,2036,6,5,56.0,False,0.015992267610175137,14
population,4,16,8,2036,7,6,105.0,False,0.015992267610175137,27
population,4,16,8,2036,8,3,48.0,False,0.015992267610175137,12
population,4,16,8,2036,9,5,53.0,False,0.015992267610175137,14
population,4,16,8,2036,10,6,49.0,False,0.015992267610175137,13
population,4,16,8,2036,11,4,54.0,False,0.015992267610175137,14
population,4,16,8,2036,12,3,62.0,False,0.015992267610175137,16
population,4,16,8,2036,13,6,49.0,False,0.015992267610175137,13
population,4,16,8,2036,14,1,48.0,False,0.015992267610175137,12
population,4,16,8,2036,15,7,47.0,False,0.015992267610175137,12
population,4,16,8,2037,0,2,91.0,False,0.015992267610175137,23
population,4,16,8,2037,1,2,83.0,False,0.015992267610175137,21
population,4,16,8,2037,2,7,15.0,False,0.015992267610175137,4
population,4,16,8,2037,3,0,27.0,False,0.015992267610175137,7
population,4,16,8,2037,4,5,47.0,False,0.015992267610175137,12
population,4,16,8,2037,5,4,74.0,False,0.015992267610175137,19
population,4,16,8,2037,6,7,16.0,False,0.015992267610175137,4
population,4,16,8,2037,7,0,24.0,False,0.015992267610175137,6
population,4,16,8,2037,8,2,51.0,False,0.015992267610175137,13
population,4,16,8,2037,9,1,124.0,False,0.015992267610175137,31
population,4,16,8,2037,10,0,53.0,False,0.015992267610175137,14
population,4,16,8,2037,11,1,46.0,False,0.015992267610175137,12
population,4,16,8,2037,12,1,45.0,False,0.015992267610175137,12
population,4,16,8,2037,13,6,107.0,False,0.015992267610175137,27
population,4,16,8,2037,14,5,58.0,False,0.015992267610175137,15
population,4,16,8,2037,15,1,91.0,False,0.015992267610175137,23
population,4,16,8,2038,0,6,67.0,False,0.015992267610175137,17
population,4,16,8,2038,1,5,98.0,False,0.015992267610175137,25
population,4,16,8,2038,2,6,115.0,False,0.015992267610175137,29
population,4,16,8,2038,3,5,113.0,False,0.015992267610175137,29
population,4,16,8,2038,4,0,31.0,False,0.015992267610175137,8
population,4,16,8,2038,5,0,43.0,False,0.015992267610175137,11
population,4,16,8,2038,6,3,112.0,False,0.015992267610175137,28
population,4,16,8,2038,7,4,56.0,False,0.015992267610175137,14
population,4,16,8,2038,8,0,27.0,False,0.015992267610175137,7
population,4,16,8,2038,9,3,52.0,False,0.015992267610175137,13
population,4,16,8,2038,10,7,46.0,False,0.015992267610175137,12
population,4,16,8,2038,11,1,50.0,False,0.015992267610175137,13
population,4,16,8,2038,12,6,45.0,False,0.015992267610175137,12
population,4,16,8,2038,13,5,66.0,False,0.015992267610175137,17
population,4,16,8,2038,14,5,77.0,False,0.015992267610175137,20
population,4,16,8,2038,15,2,49.0,False,0.015992267610175137,13
population,4,16,8,2039,0,1,48.0,False,0.015992267610175137,12
population,4,16,8,2039,1,4,70.0,False,0.015992267610175137,18
population,4,16,8,2039,2,5,49.0,False,0.015992267610175137,13
population,4,16,8,2039,3,6,120.0,False,0.015992267610175137,30
population,4,16,8,2039,4,5,47.0,False,0.015992267610175137,12
population,4,16,8,2039,5,6,54.0,False,0.015992267610175137,14
population,4,16,8,2039,6,3,49.0,False,0.015992267610175137,13
population,4,16,8,2039,7,6,173.0,False,0.015992267610175137,44
population,4,16,8,2039,8,6,100.0,False,0.015992267610175137,25
population,4,16,8,2039,9,5,81.0,False,0.015992267610175137,21
population,4,16,8,2039,10,7,18.0,False,0.015992267610175137,5
population,4,16,8,2039,11,0,93.0,False,0.015992267610175137,24
population,4,16,8,2039,12,0,14.0,False,0.015992267610175137,4
population,4,16,8,2039,13,2,80.0,False,0.015992267610175137,20
population,4,16,8,2039,14,5,67.0,False,0.015992267610175137,17
population,4,16,8,2039,15,1,67.0,False,0.015992267610175137,17
population,4,16,8,2040,0,6,94.0,False,0.015992267610175137,24
population,4,16,8,2040,1,5,186.0,False,0.015992267610175137,47
population,4,16,8,2040,2,6,46.0,False,0.015992267610175137,12
population,4,16,8,2040,3,7,6.0,False,0.015992267610175137,2
population,4,16,8,2040,4,0,44.0,False,0.015992267610175137,11
population,4,16,8,2040,5,2,98.0,False,0.015992267610175137,25
population,4,16,8,2040,6,4,46.0,False,0.015992267610175137,12
population,4,16,8,2040,7,1,81.0,False,0.015992267610175137,21
population,4,16,8,2040,8,0,14.0,False,0.015992267610175137,4
population,4,16,8,2040,9,7,23.0,False,0.015992267610175137,6
population,4,16,8,2040,10,4,93.0,False,0.015992267610175137,24
population,4,16,8,2040,11,1,46.0,False,0.015992267610175137,12
population,4,16,8,2040,12,1,225.0,False,0.015992267610175137,57
population,4,16,8,2040,13,1,45.0,False,0.015992267610175137,12
population,4,16,8,2040,14,2,69.0,False,0.015992267610175137,18
population,4,16,8,2040,15,0,21.0,False,0.015992267610175137,6
population,4,16,8,2041,0,0,44.0,False,0.015992267610175137,11
population,4,16,8,2041,1,2,48.0,False,0.015992267610175137,12
population,4,16,8,2041,2,3,50.0,False,0.015992267610175137,13
population,4,16,8,2041,3,5,48.0,False,0.015992267610175137,12
population,4,16,8,2041,4,3,63.0,False,0.015992267610175137,16
population,4,16,8,2041,5,3,49.0,False,0.015992267610175137,13
population,4,16,8,2041,6,4,45.0,False,0.015992267610175137,12
population,4,16,8,2041,7,3,113.0,False,0.015992267610175137,29
population,4,16,8,2041,8,6,46.0,False,0.015992267610175137,12
population,4,16,8,2041,9,0,17.0,False,0.015992267610175137,5
population,4,16,8,2041,10,4,50.0,False,0.015992267610175137,13
population,4,16,8,2041,11,7,10.0,False,0.015992267610175137,3
population,4,16,8,2041,12,1,91.0,False,0.015992267610175137,23
population,4,16,8,2041,13,2,45.0,False,0.015992267610175137,12
population,4,16,8,2041,14,5,51.0,False,0.015992267610175137,13
population,4,16,8,2041,15,5,51.0,False,0.015992267610175137,13
population,4,16,8,2042,0,5,49.0,False,0.015992267610175137,13
population,4,16,8,2042,1,3,46.0,False,0.015992267610175137,12
population,4,16,8,2042,2,6,76.0,False,0.015992267610175137,19
population,4,16,8,2042,3,6,49.0,False,0.015992267610175137,13
population,4,16,8,2042,4,4,65.0,False,0.015992267610175137,17
population,4,16,8,2042,5,7,14.0,False,0.015992267610175137,4
population,4,16,8,2042,6,4,47.0,False,0.015992267610175137,12
population,4,16,8,2042,7,7,8.0,False,0.015992267610175137,2
population,4,16,8,2042,8,7,55.0,False,0.015992267610175137,14
population,4,16,8,2042,9,1,46.0,False,0.015992267610175137,12
population,4,16,8,2042,10,0,16.0,False,0.015992267610175137,4
population,4,16,8,2042,11,7,16.0,False,0.015992267610175137,4
population,4,16,8,2042,12,5,171.0,False,0.015992267610175137,43
population,4,16,8,2042,13,2,79.0,False,0.015992267610175137,20
population,4,16,8,2042,14,7,44.0,False,0.015992267610175137,11
population,4,16,8,2042,15,5,45.0,False,0.015992267610175137,12
population,4,16,8,2043,0,1,115.0,False,0.015992267610175137,29
population,4,16,8,2043,1,7,45.0,False,0.015992267610175137,12
population,4,16,8,2043,2,6,52.0,False,0.015992267610175137,13
population,4,16,8,2043,3,0,20.0,False,0.015992267610175137,5
population,4,16,8,2043,4,1,45.0,False,0.015992267610175137,12
population,4,16,8,2043,5,1,134.0,False,0.015992267610175137,34
population,4,16,8,2043,6,7,39.0,False,0.015992267610175137,10
population,4,16,8,2043,7,3,46.0,False,0.015992267610175137,12
population,4,16,8,2043,8,1,47.0,False,0.015992267610175137,12
population,4,16,8,2043,9,1,45.0,False,0.015992267610175137,12
population,4,16,8,2043,10,0,64.0,False,0.015992267610175137,16
population,4,16,8,2043,11,0,21.0,False,0.015992267610175137,6
population,4,16,8,2043,12,2,51.0,False,0.015992267610175137,13
population,4,16,8,2043,13,7,28.0,False,0.015992267610175137,7
population,4,16,8,2043,14,2,83.0,False,0.015992267610175137,21
population,4,16,8,2043,15,5,193.0,False,0.015992267610175137,49
population,4,16,8,2044,0,2,54.0,False,0.015992267610175137,14
population,4,16,8,2044,1,5,86.0,False,0.015992267610175137,22
population,4,16,8,2044,2,2,175.0,False,0.015992267610175137,44
population,4,16,8,2044,3,7,27.0,False,0.015992267610175137,7
population,4,16,8,2044,4,7,19.0,False,0.015992267610175137,5
population,4,16,8,2044,5,7,18.0,False,0.015992267610175137,5
population,4,16,8,2044,6,7,10.0,False,0.015992267610175137,3
population,4,16,8,2044,7,3,46.0,False,0.015992267610175137,12
population,4,16,8,2044,8,7,29.0,False,0.015992267610175137,8
population,4,16,8,2044,9,4,49.0,False,0.015992267610175137,13
population,4,16,8,2044,10,6,62.0,False,0.015992267610175137,16
population,4,16,8,2044,11,5,51.0,False,0.015992267610175137,13
population,4,16,8,2044,12,6,56.0,False,0.015992267610175137,14
population,4,16,8,2044,13,1,106.0,False,0.015992267610175137,27
population,4,16,8,2044,14,5,53.0,False,0.015992267610175137,14
population,4,16,8,2044,15,4,66.0,False,0.015992267610175137,17
population,4,16,8,2045,0,7,27.0,False,0.015992267610175137,7
population,4,16,8,2045,1,7,15.0,False,0.015992267610175137,4
population,4,16,8,2045,2,0,43.0,False,0.015992267610175137,11
population,4,16,8,2045,3,6,125.0,False,0.015992267610175137,32
population,4,16,8,2045,4,4,75.0,False,0.015992267610175137,19
population,4,16,8,2045,5,0,11.0,False,0.015992267610175137,3
population,4,16,8,2045,6,0,20.0,False,0.015992267610175137,5
population,4,16,8,2045,7,2,50.0,False,0.015992267610175137,13
population,4,16,8,2045,8,7,67.0,False,0.015992267610175137,17
population,4,16,8,2045,9,2,54.0,False,0.015992267610175137,14
population,4,16,8,2045,10,1,83.0,False,0.015992267610175137,21
population,4,16,8,2045,11,1,70.0,False,0.015992267610175137,18
population,4,16,8,2045,12,7,31.0,False,0.015992267610175137,8
population,4,16,8,2045,13,3,99.0,False,0.015992267610175137,25
population,4,16,8,2045,14,7,16.0,False,0.015992267610175137,4
population,4,16,8,2045,15,6,53.0,False,0.015992267610175137,14
population,4,16,8,2046,0,7,16.0,False,0.015992267610175137,4
population,4,16,8,2046,1,6,45.0,False,0.015992267610175137,12
population,4,16,8,2046,2,7,39.0,False,0.015992267610175137,10
population,4,16,8,2046,3,0,44.0,False,0.015992267610175137,11
population,4,16,8,2046,4,4,46.0,False,0.015992267610175137,12
population,4,16,8,2046,5,4,49.0,False,0.015992267610175137,13
population,4,16,8,2046,6,6,67.0,False,0.015992267610175137,17
population,4,16,8,2046,7,7,14.0,False,0.015992267610175137,4
population,4,16,8,2046,8,2,55.0,False,0.015992267610175137,14
population,4,16,8,2046,9,1,81.0,False,0.015992267610175137,21
population,4,16,8,2046,10,3,73.0,False,0.015992267610175137,19
population,4,16,8,2046,11,3,52.0,False,0.015992267610175137,13
population,4,16,8,2046,12,7,22.0,False,0.015992267610175137,6
population,4,16,8,2046,13,5,48.0,False,0.015992267610175137,12
population,4,16,8,2046,14,4,143.0,False,0.015992267610175137,36
population,4,16,8,2046,15,4,46.0,False,0.015992267610175137,12
population,4,16,8,2047,0,3,68.0,False,0.015992267610175137,17
population,4,16,8,2047,1,5,116.0,False,0.015992267610175137,29
population,4,16,8,2047,2,5,48.0,False,0.015992267610175137,12
population,4,16,8,2047,3,0,33.0,False,0.015992267610175137,9
population,4,16,8,2047,4,7,13.0,False,0.015992267610175137,4
population,4,16,8,2047,5,7,41.0,False,0.015992267610175137,11
population,4,16,8,2047,6,6,96.0,False,0.015992267610175137,24
population,4,16,8,2047,7,5,71.0,False,0.015992267610175137,18
population,4,16,8,2047,8,4,73.0,False,0.015992267610175137,19
population,4,16,8,2047,9,0,64.0,False,0.015992267610175137,16
population,4,16,8,2047,10,1,49.0,False,0.015992267610175137,13
population,4,16,8,2047,11,7,35.0,False,0.015992267610175137,9
population,4,16,8,2047,12,1,55.0,False,0.015992267610175137,14
population,4,16,8,2047,13,0,28.0,False,0.015992267610175137,7
population,4,16,8,2047,14,1,55.0,False,0.015992267610175137,14
population,4,16,8,2047,15,3,78.0,False,0.015992267610175137,20
population,4,16,8,2048,0,7,12.0,False,0.015992267610175137,3
population,4,16,8,2048,1,6,49.0,False,0.015992267610175137,13
population,4,16,8,2048,2,3,52.0,False,0.015992267610175137,13
population,4,16,8,2048,3,7,13.0,False,0.015992267610175137,4
population,4,16,8,2048,4,7,120.0,False,0.015992267610175137,30
population,4,16,8,2048,5,1,48.0,False,0.015992267610175137,12
population,4,16,8,2048,6,1,121.0,False,0.015992267610175137,31
population,4,16,8,2048,7,1,47.0,False,0.015992267610175137,12
population,4,16,8,2048,8,0,43.0,False,0.015992267610175137,11
population,4,16,8,2048,9,1,52.0,False,0.015992267610175137,13
population,4,16,8,2048,10,5,50.0,False,0.015992267610175137,13
population,4,16,8,2048,11,7,38.0,False,0.015992267610175137,10
population,4,16,8,2048,12,7,86.0,False,0.015992267610175137,22
population,4,16,8,2048,13,4,99.0,False,0.015992267610175137,25
population,4,16,8,2048,14,7,43.0,False,0.015992267610175137,11
population,4,16,8,2048,15,3,46.0,False,0.015992267610175137,12
population,4,16,8,2049,0,2,155.0,False,0.015992267610175137,39
population,4,16,8,2049,1,1,62.0,False,0.015992267610175137,16
population,4,16,8,2049,2,7,16.0,False,0.015992267610175137,4
population,4,16,8,2049,3,6,82.0,False,0.015992267610175137,21
population,4,16,8,2049,4,5,48.0,False,0.015992267610175137,12
population,4,16,8,2049,5,3,47.0,False,0.015992267610175137,12
population,4,16,8,2049,6,3,55.0,False,0.015992267610175137,14
population,4,16,8,2049,7,6,45.0,False,0.015992267610175137,12
population,4,16,8,2049,8,1,134.0,False,0.015992267610175137,34
population,4,16,8,2049,9,4,51.0,False,0.015992267610175137,13
population,4,16,8,2049,10,4,69.0,False,0.015992267610175137,18
population,4,16,8,2049,11,4,74.0,False,0.015992267610175137,19
population,4,16,8,2049,12,2,62.0,False,0.015992267610175137,16
population,4,16,8,2049,13,3,86.0,False,0.015992267610175137,22
population,4,16,8,2049,14,2,50.0,False,0.015992267610175137,13
population,4,16,8,2049,15,6,157.0,False,0.015992267610175137,40
population,4,16,8,2050,0,6,46.0,False,0.015992267610175137,12
population,4,16,8,2050,1,2,47.0,False,0.015992267610175137,12
population,4,16,8,2050,2,7,46.0,False,0.015992267610175137,12
population,4,16,8,2050,3,5,46.0,False,0.015992267610175137,12
population,4,16,8,2050,4,0,34.0,False,0.015992267610175137,9
population,4,16,8,2050,5,6,49.0,False,0.015992267610175137,13
population,4,16,8,2050,6,1,57.0,False,0.015992267610175137,15
population,4,16,8,2050,7,0,23.0,False,0.015992267610175137,6
population,4,16,8,2050,8,0,40.0,False,0.015992267610175137,10
population,4,16,8,2050,9,6,85.0,False,0.015992267610175137,22
population,4,16,8,2050,10,2,55.0,False,0.015992267610175137,14
population,4,16,8,2050,11,5,50.0,False,0.015992267610175137,13
population,4,16,8,2050,12,2,51.0,False,0.015992267610175137,13
population,4,16,8,2050,13,6,46.0,False,0.015992267610175137,12
population,4,16,8,2050,14,0,101.0,False,0.015992267610175137,26
population,4,16,8,2050,15,6,452.0,False,0.015992267610175137,113
population,4,16,8,2051,0,4,98.0,False,0.015992267610175137,25
population,4,16,8,2051,1,4,64.0,False,0.015992267610175137,16
population,4,16,8,2051,2,7,41.0,False,0.015992267610175137,11
population,4,16,8,2051,3,6,70.0,False,0.015992267610175137,18
population,4,16,8,2051,4,7,30.0,False,0.015992267610175137,8
population,4,16,8,2051,5,7,51.0,False,0.015992267610175137,13
population,4,16,8,2051,6,0,16.0,False,0.015992267610175137,4
population,4,16,8,2051,7,7,31.0,False,0.015992267610175137,8
population,4,16,8,2051,8,4,47.0,False,0.015992267610175137,12
population,4,16,8,2051,9,6,49.0,False,0.015992267610175137,13
population,4,16,8,2051,10,3,47.0,False,0.015992267610175137,12
population,4,16,8,2051,11,0,60.0,False,0.015992267610175137,15
population,4,16,8,2051,12,3,62.0,False,0.015992267610175137,16
population,4,16,8,2051,13,1,61.0,False,0.015992267610175137,16
population,4,16,8,2051,14,4,46.0,False,0.015992267610175137,12
population,4,16,8,2051,15,7,89.0,False,0.015992267610175137,23
population,4,16,8,2052,0,2,119.0,False,0.015992267610175137,30
population,4,16,8,2052,1,1,46.0,False,0.015992267610175137,12
population,4,16,8,2052,2,6,93.0,False,0.015992267610175137,24
population,4,16,8,2052,3,0,49.0,False,0.015992267610175137,13
population,4,16,8,2052,4,7,27.0,False,0.015992267610175137,7
population,4,16,8,2052,5,5,45.0,False,0.015992267610175137,12
population,4,16,8,2052,6,0,9.0,False,0.015992267610175137,3
population,4,16,8,2052,7,7,41.0,False,0.015992267610175137,11
population,4,16,8,2052,8,2,51.0,False,0.015992267610175137,13
population,4,16,8,2052,9,7,8.0,False,0.015992267610175137,2
population,4,16,8,2052,10,3,67.0,False,0.015992267610175137,17
population,4,16,8,2052,11,7,45.0,False,0.015992267610175137,12
population,4,16,8,2052,12,5,68.0,False,0.015992267610175137,17
population,4,16,8,2052,13,5,148.0,False,0.015992267610175137,37
population,4,16,8,2052,14,2,46.0,False,0.015992267610175137,12
population,4,16,8,2052,15,0,47.0,False,0.015992267610175137,12
population,4,16,8,2053,0,3,59.0,False,0.015992267610175137,15
population,4,16,8,2053,1,0,17.0,False,0.015992267610175137,5
population,4,16,8,2053,2,6,50.0,False,0.015992267610175137,13
population,4,16,8,2053,3,5,47.0,False,0.015992267610175137,12
population,4,16,8,2053,4,7,25.0,False,0.015992267610175137,7
population,4,16,8,2053,5,4,55.0,False,0.015992267610175137,14
population,4,16,8,2053,6,1,46.0,False,0.015992267610175137,12
population,4,16,8,2053,7,6,49.0,False,0.015992267610175137,13
population,4,16,8,2053,8,2,69.0,False,0.015992267610175137,18
population,4,16,8,2053,9,3,48.0,False,0.015992267610175137,12
population,4,16,8,2053,10,5,56.0,False,0.015992267610175137,14
population,4,16,8,2053,11,4,63.0,False,0.015992267610175137,16
population,4,16,8,2053,12,1,100.0,False,0.015992267610175137,25
population,4,16,8,2053,13,1,53.0,False,0.015992267610175137,14
population,4,16,8,2053,14,3,46.0,False,0.015992267610175137,12
population,4,16,8,2053,15,4,79.0,False,0.015992267610175137,20
population,4,16,8,2054,0,4,96.0,False,0.015992267610175137,24
population,4,16,8,2054,1,0,40.0,False,0.015992267610175137,10
population,4,16,8,2054,2,7,24.0,False,0.015992267610175137,6
population,4,16,8,2054,3,3,70.0,False,0.015992267610175137,18
population,4,16,8,2054,4,0,14.0,False,0.015992267610175137,4
population,4,16,8,2054,5,5,53.0,False,0.015992267610175137,14
population,4,16,8,2054,6,1,46.0,False,0.015992267610175137,12
population,4,16,8,2054,7,6,168.0,False,0.015992267610175137,42
population,4,16,8,2054,8,6,48.0,False,0.015992267610175137,12
population,4,16,8,2054,9,5,48.0,False,0.015992267610175137,12
population,4,16,8,2054,10,0,60.0,False,0.015992267610175137,15
population,4,16,8,2054,11,2,46.0,False,0.015992267610175137,12
population,4,16,8,2054,12,1,89.0,False,0.015992267610175137,23
population,4,16,8,2054,13,0,18.0,False,0.015992267610175137,5
population,4,16,8,2054,14,5,47.0,False,0.015992267610175137,12
population,4,16,8,2054,15,2,68.0,False,0.015992267610175137,17
population,4,16,8,2055,0,4,48.0,False,0.015992267610175137,12
population,4,16,8,2055,1,7,59.0,False,0.015992267610175137,15
population,4,16,8,2055,2,0,22.0,False,0.015992267610175137,6
population,4,16,8,2055,3,2,63.0,False,0.015992267610175137,16
population,4,16,8,2055,4,3,63.0,False,0.015992267610175137,16
population,4,16,8,2055,5,3,63.0,False,0.015992267610175137,16
population,4,16,8,2055,6,2,116.0,False,0.015992267610175137,29
population,4,16,8,2055,7,0,58.0,False,0.015992267610175137,15
population,4,16,8,2055,8,4,56.0,False,0.015992267610175137,14
population,4,16,8,2055,9,3,153.0,False,0.015992267610175137,39
population,4,16,8,2055,10,7,7.0,False,0.015992267610175137,2
population,4,16,8,2055,11,4,49.0,False,0.015992267610175137,13
population,4,16,8,2055,12,4,49.0,False,0.015992267610175137,13
population,4,16,8,2055,13,4,46.0,False,0.015992267610175137,12
population,4,16,8,2055,14,7,45.0,False,0.015992267610175137,12
population,4,16,8,2055,15,3,45.0,False,0.015992267610175137,12
population,4,16,8,2056,0,5,55.0,False,0.015992267610175137,14
population,4,16,8,2056,1,0,14.0,False,0.015992267610175137,4
population,4,16,8,2056,2,5,68.0,False,0.015992267610175137,17
population,4,16,8,2056,3,1,61.0,False,0.015992267610175137,16
population,4,16,8,2056,4,2,57.0,False,0.015992267610175137,15
population,4,16,8,2056,5,1,47.0,False,0.015992267610175137,12
population,4,16,8,2056,6,0,53.0,False,0.015992267610175137,14
population,4,16,8,2056,7,3,67.0,False,0.015992267610175137,17
population,4,16,8,2056,8,6,65.0,False,0.015992267610175137,17
population,4,16,8,2056,9,7,33.0,False,0.015992267610175137,9
population,4,16,8,2056,10,2,76.0,False,0.015992267610175137,19
population,4,16,8,2056,11,3,59.0,False,0.015992267610175137,15
population,4,16,8,2056,12,2,59.0,False,0.015992267610175137,15
population,4,16,8,2056,13,6,156.0,False,0.015992267610175137,39
population,4,16,8,2056,14,0,34.0,False,0.015992267610175137,9
population,4,16,8,2056,15,2,96.0,False,0.015992267610175137,24
population,4,16,8,2057,0,3,49.0,False,0.015992267610175137,13
population,4,16,8,2057,1,5,53.0,False,0.015992267610175137,14
population,4,16,8,2057,2,0,30.0,False,0.015992267610175137,8
population,4,16,8,2057,3,4,47.0,False,0.015992267610175137,12
population,4,16,8,2057,4,6,59.0,False,0.015992267610175137,15
population,4,16,8,2057,5,4,59.0,False,0.015992267610175137,15
population,4,16,8,2057,6,4,186.0,False,0.015992267610175137,47
population,4,16,8,2057,7,0,40.0,False,0.015992267610175137,10
population,4,16,8,2057,8,3,48.0,False,0.015992267610175137,12
population,4,16,8,2057,9,3,50.0,False,0.015992267610175137,13
population,4,16,8,2057,10,4,128.0,False,0.015992267610175137,32
population,4,16,8,2057,11,6,58.0,False,0.015992267610175137,15
population,4,16,8,2057,12,7,16.0,False,0.015992267610175137,4
population,4,16,8,2057,13,7,21.0,False,0.015992267610175137,6
population,4,16,8,2057,14,0,21.0,False,0.015992267610175137,6
population,4,16,8,2057,15,5,48.0,False,0.015992267610175137,12
population,4,16,8,2058,0,1,50.0,False,0.015992267610175137,13
population,4,16,8,2058,1,0,78.0,False,0.015992267610175137,20
population,4,16,8,2058,2,5,54.0,False,0.015992267610175137,14
population,4,16,8,2058,3,6,152.0,False,0.015992267610175137,38
population,4,16,8,2058,4,4,80.0,False,0.015992267610175137,20
population,4,16,8,2058,5,5,72.0,False,0.015992267610175137,18
population,4,16,8,2058,6,0,27.0,False,0.015992267610175137,7
population,4,16,8,2058,7,0,64.0,False,0.015992267610175137,16
population,4,16,8,2058,8,6,61.0,False,0.015992267610175137,16
population,4,16,8,2058,9,1,50.0,False,0.015992267610175137,13
population,4,16,8,2058,10,5,69.0,False,0.015992267610175137,18
population,4,16,8,2058,11,4,66.0,False,0.015992267610175137,17
population,4,16,8,2058,12,2,47.0,False,0.015992267610175137,12
population,4,16,8,2058,13,7,37.0,False,0.015992267610175137,10
population,4,16,8,2058,14,1,45.0,False,0.015992267610175137,12
population,4,16,8,2058,15,4,176.0,False,0.015992267610175137,44
population,4,16,8,2059,0,0,9.0,False,0.015992267610175137,3
population,4,16,8,2059,1,2,168.0,False,0.015992267610175137,42
population,4,16,8,2059,2,5,47.0,False,0.015992267610175137,12
population,4,16,8,2059,3,3,60.0,False,0.015992267610175137,15
population,4,16,8,2059,4,5,82.0,False,0.015992267610175137,21
population,4,16,8,2059,5,7,9.0,False,0.015992267610175137,3
population,4,16,8,2059,6,5,51.0,False,0.015992267610175137,13
population,4,16,8,2059,7,6,69.0,False,0.015992267610175137,18
population,4,16,8,2059,8,6,45.0,False,0.015992267610175137,12
population,4,16,8,2059,9,6,50.0,False,0.015992267610175137,13
population,4,16,8,2059,10,2,82.0,False,0.015992267610175137,21
population,4,16,8,2059,11,4,79.0,False,0.015992267610175137,20
population,4,16,8,2059,12,0,16.0,False,0.015992267610175137,4
population,4,16,8,2059,13,4,46.0,False,0.015992267610175137,12
population,4,16,8,2059,14,3,54.0,False,0.015992267610175137,14
population,4,16,8,2059,15,0,23.0,False,0.015992267610175137,6
population,4,16,8,2060,0,2,66.0,False,0.015992267610175137,17
population,4,16,8,2060,1,0,13.0,False,0.015992267610175137,4
population,4,16,8,2060,2,0,11.0,False,0.015992267610175137,3
population,4,16,8,2060,3,2,46.0,False,0.015992267610175137,12
population,4,16,8,2060,4,2,89.0,False,0.015992267610175137,23
population,4,16,8,2060,5,2,58.0,False,0.015992267610175137,15
population,4,16,8,2060,6,1,56.0,False,0.015992267610175137,14
population,4,16,8,2060,7,0,109.0,False,0.015992267610175137,28
population,4,16,8,2060,8,5,65.0,False,0.015992267610175137,17
population,4,16,8,2060,9,6,86.0,False,0.015992267610175137,22
population,4,16,8,2060,10,7,35.0,False,0.015992267610175137,9
population,4,16,8,2060,11,1,69.0,False,0.015992267610175137,18
population,4,16,8,2060,12,6,47.0,False,0.015992267610175137,12
population,4,16,8,2060,13,1,51.0,False,0.015992267610175137,13
population,4,16,8,2060,14,6,106.0,False,0.015992267610175137,27
population,4,16,8,2060,15,5,53.0,False,0.015992267610175137,14
population,4,16,8,2061,0,6,48.0,False,0.015992267610175137,12
population,4,16,8,2061,1,6,61.0,False,0.015992267610175137,16
population,4,16,8,2061,2,6,48.0,False,0.015992267610175137,12
population,4,16,8,2061,3,0,17.0,False,0.015992267610175137,5
population,4,16,8,2061,4,6,53.0,False,0.015992267610175137,14
population,4,16,8,2061,5,2,46.0,False,0.015992267610175137,12
population,4,16,8,2061,6,3,59.0,False,0.015992267610175137,15
population,4,16,8,2061,7,3,48.0,False,0.015992267610175137,12
population,4,16,8,2061,8,6,55.0,False,0.015992267610175137,14
population,4,16,8,2061,9,6,46.0,False,0.015992267610175137,12
population,4,16,8,2061,10,4,127.0,False,0.015992267610175137,32
population,4,16,8,2061,11,0,26.0,False,0.015992267610175137,7
population,4,16,8,2061,12,1,67.0,False,0.015992267610175137,17
population,4,16,8,2061,13,3,49.0,False,0.015992267610175137,13
population,4,16,8,2061,14,7,12.0,False,0.015992267610175137,3
population,4,16,8,2061,15,1,110.0,False,0.015992267610175137,28
population,4,16,8,2062,0,6,49.0,False,0.015992267610175137,13
population,4,16,8,2062,1,2,161.0,False,0.015992267610175137,41
population,4,16,8,2062,2,4,52.0,False,0.015992267610175137,13
population,4,16,8,2062,3,1,48.0,False,0.015992267610175137,12
population,4,16,8,2062,4,1,47.0,False,0.015992267610175137,12
population,4,16,8,2062,5,0,33.0,False,0.015992267610175137,9
population,4,16,8,2062,6,1,46.0,False,0.015992267610175137,12
population,4,16,8,2062,7,3,50.0,False,0.015992267610175137,13
population,4,16,8,2062,8,3,61.0,False,0.015992267610175137,16
population,4,16,8,2062,9,5,49.0,False,0.015992267610175137,13
population,4,16,8,2062,10,2,173.0,False,0.015992267610175137,44
population,4,16,8,2062,11,4,46.0,False,0.015992267610175137,12
population,4,16,8,2062,12,3,74.0,False,0.015992267610175137,19
population,4,16,8,2062,13,1,64.0,False,0.015992267610175137,16
population,4,16,8,2062,14,7,51.0,False,0.015992267610175137,13
population,4,16,8,2062,15,3,51.0,False,0.015992267610175137,13
population,4,16,8,2063,0,5,55.0,False,0.015992267610175137,14
population,4,16,8,2063,1,2,46.0,False,0.015992267610175137,12
population,4,16,8,2063,2,1,47.0,False,0.015992267610175137,12
population,4,16,8,2063,3,0,17.0,False,0.015992267610175137,5
population,4,16,8,2063,4,6,69.0,False,0.015992267610175137,18
population,4,16,8,2063,5,5,48.0,False,0.015992267610175137,12
population,4,16,8,2063,6,1,70.0,False,0.015992267610175137,18
population,4,16,8,2063,7,7,15.0,False,0.015992267610175137,4
population,4,16,8,2063,8,6,58.0,False,0.015992267610175137,15
population,4,16,8,2063,9,1,47.0,False,0.015992267610175137,12
population,4,16,8,2063,10,1,73.0,False,0.015992267610175137,19
population,4,16,8,2063,11,1,46.0,False,0.015992267610175137,12
population,4,16,8,2063,12,3,59.0,False,0.015992267610175137,15
population,4,16,8,2063,13,2,51.0,False,0.015992267610175137,13
population,4,16,8,2063,14,3,51.0,False,0.015992267610175137,13
population,4,16,8,2063,15,3,53.0,False,0.015992267610175137,14
population,4,16,8,2064,0,6,55.0,False,0.015992267610175137,14
population,4,16,8,2064,1,2,47.0,False,0.015992267610175137,12
population,4,16,8,2064,2,4,61.0,False,0.015992267610175137,16
population,4,16,8,2064,3,7,79.0,False,0.015992267610175137,20
population,4,16,8,2064,4,6,49.0,False,0.015992267610175137,13
population,4,16,8,2064,5,5,58.0,False,0.015992267610175137,15
population,4,16,8,2064,6,7,11.0,False,0.015992267610175137,3
population,4,16,8,2064,7,1,93.0,False,0.015992267610175137,24
population,4,16,8,2064,8,3,52.0,False,0.015992267610175137,13
population,4,16,8,2064,9,4,52.0,False,0.015992267610175137,13
population,4,16,8,2064,10,2,52.0,False,0.015992267610175137,13
population,4,16,8,2064,11,4,69.0,False,0.015992267610175137,18
population,4,16,8,2064,12,4,64.0,False,0.015992267610175137,16
population,4,16,8,2064,13,4,50.0,False,0.015992267610175137,13
population,4,16,8,2064,14,5,134.0,False,0.015992267610175137,34
population,4,16,8,2064,15,5,49.0,False,0.015992267610175137,13
population,4,16,8,2065,0,0,27.0,False,0.015992267610175137,7
population,4,16,8,2065,1,1,47.0,False,0.015992267610175137,12
population,4,16,8,2065,2,2,91.0,False,0.015992267610175137,23
population,4,16,8,2065,3,0,18.0,False,0.015992267610175137,5
population,4,16,8,2065,4,0,6.0,False,0.015992267610175137,2
population,4,16,8,2065,5,7,22.0,False,0.015992267610175137,6
population,4,16,8,2065,6,5,83.0,False,0.015992267610175137,21
population,4,16,8,2065,7,4,54.0,False,0.015992267610175137,14
population,4,16,8,2065,8,4,51.0,False,0.015992267610175137,13
population,4,16,8,2065,9,6,59.0,False,0.015992267610175137,15
population,4,16,8,2065,10,4,49.0,False,0.015992267610175137,13
population,4,16,8,2065,11,1,46.0,False,0.015992267610175137,12
population,4,16,8,2065,12,1,64.0,False,0.015992267610175137,16
population,4,16,8,2065,13,2,73.0,False,0.015992267610175137,19
population,4,16,8,2065,14,6,49.0,False,0.015992267610175137,13
population,4,16,8,2065,15,2,47.0,False,0.015992267610175137,12
population,4,16,8,2066,0,2,115.0,False,0.015992267610175137,29
population,4,16,8,2066,1,6,72.0,False,0.015992267610175137,18
population,4,16,8,2066,2,4,46.0,False,0.015992267610175137,12
population,4,16,8,2066,3,6,53.0,False,0.015992267610175137,14
population,4,16,8,2066,4,0,9.0,False,0.015992267610175137,3
population,4,16,8,2066,5,2,50.0,False,0.015992267610175137,13
population,4,16,8,2066,6,4,68.0,False,0.015992267610175137,17
population,4,16,8,2066,7,4,51.0,False,0.015992267610175137,13
population,4,16,8,2066,8,1,47.0,False,0.015992267610175137,12
population,4,16,8,2066,9,6,65.0,False,0.015992267610175137,17
population,4,16,8,2066,10,0,26.0,False,0.015992267610175137,7
population,4,16,8,2066,11,1,48.0,False,0.015992267610175137,12
population,4,16,8,2066,12,4,163.0,False,0.015992267610175137,41
population,4,16,8,2066,13,7,12.0,False,0.015992267610175137,3
population,4,16,8,2066,14,2,54.0,False,0.015992267610175137,14
population,4,16,8,2066,15,3,45.0,False,0.015992267610175137,12
population,4,16,8,2067,0,2,46.0,False,0.015992267610175137,12
population,4,16,8,2067,1,3,45.0,False,0.015992267610175137,12
population,4,16,8,2067,2,0,61.0,False,0.015992267610175137,16
population,4,16,8,2067,3,2,53.0,False,0.015992267610175137,14
population,4,16,8,2067,4,1,81.0,False,0.015992267610175137,21
population,4,16,8,2067,5,3,52.0,False,0.015992267610175137,13
population,4,16,8,2067,6,6,50.0,False,0.015992267610175137,13
population,4,16,8,2067,7,0,11.0,False,0.015992267610175137,3
population,4,16,8,2067,8,6,56.0,False,0.015992267610175137,14
population,4,16,8,2067,9,5,48.0,False,0.015992267610175137,12
population,4,16,8,2067,10,2,46.0,False,0.015992267610175137,12
population,4,16,8,2067,11,2,51.0,False,0.015992267610175137,13
population,4,16,8,2067,12,3,46.0,False,0.015992267610175137,12
population,4,16,8,2067,13,4,51.0,False,0.015992267610175137,13
population,4,16,8,2067,14,1,46.0,False,0.015992267610175137,12
population,4,16,8,2067,15,6,47.0,False,0.015992267610175137,12
population,4,16,8,2068,0,1,51.0,False,0.015992267610175137,13
population,4,16,8,2068,1,5,47.0,False,0.015992267610175137,12
population,4,16,8,2068,2,1,127.0,False,0.015992267610175137,32
population,4,16,8,2068,3,7,64.0,False,0.015992267610175137,16
population,4,16,8,2068,4,2,178.0,False,0.015992267610175137,45
population,4,16,8,2068,5,0,197.0,False,0.015992267610175137,50
population,4,16,8,2068,6,2,57.0,False,0.015992267610175137,15
population,4,16,8,2068,7,4,48.0,False,0.015992267610175137,12
population,4,16,8,2068,8,4,72.0,False,0.015992267610175137,18
population,4,16,8,2068,9,1,63.0,False,0.015992267610175137,16
population,4,16,8,2068,10,0,8.0,False,0.015992267610175137,2
population,4,16,8,2068,11,1,75.0,False,0.015992267610175137,19
population,4,16,8,2068,12,5,46.0,False,0.015992267610175137,12
population,4,16,8,2068,13,1,56.0,False,0.015992267610175137,14
population,4,16,8,2068,14,7,14.0,False,0.015992267610175137,4
population,4,16,8,2068,15,2,69.0,False,0.015992267610175137,18
population,4,16,8,2069,0,0,46.0,False,0.015992267610175137,12
population,4,16,8,2069,1,7,8.0,False,0.015992267610175137,2
population,4,16,8,2069,2,0,5.0,False,0.015992267610175137,2
population,4,16,8,2069,3,6,53.0,False,0.015992267610175137,14
population,4,16,8,2069,4,0,26.0,False,0.015992267610175137,7
population,4,16,8,2069,5,7,17.0,False,0.015992267610175137,5
population,4,16,8,2069,6,2,61.0,False,0.015992267610175137,16
population,4,16,8,2069,7,1,59.0,False,0.015992267610175137,15
population,4,16,8,2069,8,4,46.0,False,0.015992267610175137,12
population,4,16,8,2069,9,0,28.0,False,0.015992267610175137,7
population,4,16,8,2069,10,5,56.0,False,0.015992267610175137,14
population,4,16,8,2069,11,6,46.0,False,0.015992267610175137,12
population,4,16,8,2069,12,4,113.0,False,0.015992267610175137,29
population,4,16,8,2069,13,7,53.0,False,0.015992267610175137,14
population,4,16,8,2069,14,0,36.0,False,0.015992267610175137,9
population,4,16,8,2069,15,5,46.0,False,0.015992267610175137,12
population,4,16,8,2070,0,2,46.0,False,0.015992267610175137,12
population,4,16,8,2070,1,4,61.0,False,0.015992267610175137,16
population,4,16,8,2070,2,4,63.0,False,0.015992267610175137,16
population,4,16,8,2070,3,5,61.0,False,0.015992267610175137,16
population,4,16,8,2070,4,2,45.0,False,0.015992267610175137,12
population,4,16,8,2070,5,5,80.0,False,0.015992267610175137,20
population,4,16,8,2070,6,4,80.0,False,0.015992267610175137,20
population,4,16,8,2070,7,3,46.0,False,0.015992267610175137,12
population,4,16,8,2070,8,7,11.0,False,0.015992267610175137,3
population,4,16,8,2070,9,3,52.0,False,0.015992267610175137,13
population,4,16,8,2070,10,1,64.0,False,0.015992267610175137,16
population,4,16,8,2070,11,1,47.0,False,0.015992267610175137,12
population,4,16,8,2070,12,5,76.0,False,0.015992267610175137,19
population,4,16,8,2070,13,4,173.0,False,0.015992267610175137,44
population,4,16,8,2070,14,2,46.0,False,0.015992267610175137,12
population,4,16,8,2070,15,4,61.0,False,0.015992267610175137,16
population,4,16,8,2071,0,3,47.0,False,0.015992267610175137,12
population,4,16,8,2071,1,0,138.0,False,0.015992267610175137,35
population,4,16,8,2071,2,7,24.0,False,0.015992267610175137,6
population,4,16,8,2071,3,4,93.0,False,0.015992267610175137,24
population,4,16,8,2071,4,5,46.0,False,0.015992267610175137,12
population,4,16,8,2071,5,4,72.0,False,0.015992267610175137,18
population,4,16,8,2071,6,7,10.0,False,0.015992267610175137,3
population,4,16,8,2071,7,4,110.0,False,0.015992267610175137,28
population,4,16,8,2071,8,5,48.0,False,0.015992267610175137,12
population,4,16,8,2071,9,2,74.0,False,0.015992267610175137,19
population,4,16,8,2071,10,7,36.0,False,0.015992267610175137,9
population,4,16,8,2071,11,2,54.0,False,0.015992267610175137,14
population,4,16,8,2071,12,7,16.0,False,0.015992267610175137,4
population,4,16,8,2071,13,5,49.0,False,0.015992267610175137,13
population,4,16,8,2071,14,4,47.0,False,0.015992267610175137,12
population,4,16,8,2071,15,7,19.0,False,0.015992267610175137,5
population,4,16,8,2072,0,0,27.0,False,0.015992267610175137,7
population,4,16,8,2072,1,7,60.0,False,0.015992267610175137,15
population,4,16,8,2072,2,3,75.0,False,0.015992267610175137,19
population,4,16,8,2072,3,7,17.0,False,0.015992267610175137,5
population,4,16,8,2072,4,4,80.0,False,0.015992267610175137,20
population,4,16,8,2072,5,3,46.0,False,0.015992267610175137,12
population,4,16,8,2072,6,2,45.0,False,0.015992267610175137,12
population,4,16,8,2072,7,1,47.0,False,0.015992267610175137,12
population,4,16,8,2072,8,2,46.0,False,0.015992267610175137,12
population,4,16,8,2072,9,4,60.0,False,0.015992267610175137,15
population,4,16,8,2072,10,5,74.0,False,0.015992267610175137,19
population,4,16,8,2072,11,1,95.0,False,0.015992267610175137,24
population,4,16,8,2072,12,3,75.0,False,0.015992267610175137,19
population,4,16,8,2072,13,6,84.0,False,0.015992267610175137,21
population,4,16,8,2072,14,2,45.0,False,0.015992267610175137,12
population,4,16,8,2072,15,4,54.0,False,0.015992267610175137,14
population,4,16,8,2073,0,6,58.0,False,0.015992267610175137,15
population,4,16,8,2073,1,0,13.0,False,0.015992267610175137,4
population,4,16,8,2073,2,3,53.0,False,0.015992267610175137,14
population,4,16,8,2073,3,6,260.0,False,0.015992267610175137,65
population,4,16,8,2073,4,4,52.0,False,0.015992267610175137,13
population,4,16,8,2073,5,1,46.0,False,0.015992267610175137,12
population,4,16,8,2073,6,5,52.0,False,0.015992267610175137,13
population,4,16,8,2073,7,2,58.0,False,0.015992267610175137,15
population,4,16,8,2073,8,1,46.0,False,0.015992267610175137,12
population,4,16,8,2073,9,5,46.0,False,0.015992267610175137,12
population,4,16,8,2073,10,6,46.0,False,0.015992267610175137,12
population,4,16,8,2073,11,1,46.0,False,0.015992267610175137,12
population,4,16,8,2073,12,5,95.0,False,0.015992267610175137,24
population,4,16,8,2073,13,5,53.0,False,0.015992267610175137,14
population,4,16,8,2073,14,4,63.0,False,0.015992267610175137,16
population,4,16,8,2073,15,5,52.0,False,0.015992267610175137,13
population,4,16,8,2074,0,1,48.0,False,0.015992267610175137,12
population,4,16,8,2074,1,1,55.0,False,0.015992267610175137,14
population,4,16,8,2074,2,3,50.0,False,0.015992267610175137,13
population,4,16,8,2074,3,4,88.0,False,0.015992267610175137,22
population,4,16,8,2074,4,5,55.0,False,0.015992267610175137,14
population,4,16,8,2074,5,2,49.0,False,0.015992267610175137,13
population,4,16,8,2074,6,1,56.0,False,0.015992267610175137,14
population,4,16,8,2074,7,0,24.0,False,0.015992267610175137,6
population,4,16,8,2074,8,3,120.0,False,0.015992267610175137,30
population,4,16,8,2074,9,2,124.0,False,0.015992267610175137,31
population,4,16,8,2074,10,2,55.0,False,0.015992267610175137,14
population,4,16,8,2074,11,0,19.0,False,0.015992267610175137,5
population,4,16,8,2074,12,3,45.0,False,0.015992267610175137,12
population,4,16,8,2074,13,0,20.0,False,0.015992267610175137,5
population,4,16,8,2074,14,0,41.0,False,0.015992267610175137,11
population,4,16,8,2074,15,5,72.0,False,0.015992267610175137,18
population,4,16,8,2075,0,2,102.0,False,0.015992267610175137,26
population,4,16,8,2075,1,7,12.0,False,0.015992267610175137,3
population,4,16,8,2075,2,6,107.0,False,0.015992267610175137,27
population,4,16,8,2075,3,6,46.0,False,0.015992267610175137,12
population,4,16,8,2075,4,2,46.0,False,0.015992267610175137,12
population,4,16,8,2075,5,3,90.0,False,0.015992267610175137,23
population,4,16,8,2075,6,0,30.0,False,0.015992267610175137,8
population,4,16,8,2075,7,6,113.0,False,0.015992267610175137,29
population,4,16,8,2075,8,3,59.0,False,0.015992267610175137,15
population,4,16,8,2075,9,3,99.0,False,0.015992267610175137,25
population,4,16,8,2075,10,0,10.0,False,0.015992267610175137,3
population,4,16,8,2075,11,5,49.0,False,0.015992267610175137,13
population,4,16,8,2075,12,0,54.0,False,0.015992267610175137,14
population,4,16,8,2075,13,7,9.0,False,0.015992267610175137,3
population,4,16,8,2075,14,4,47.0,False,0.015992267610175137,12
population,4,16,8,2075,15,5,69.0,False,0.015992267610175137,18
population,4,16,8,2076,0,3,53.0,False,0.015992267610175137,14
population,4,16,8,2076,1,5,67.0,False,0.015992267610175137,17
population,4,16,8,2076,2,4,52.0,False,0.015992267610175137,13
population,4,16,8,2076,3,1,51.0,False,0.015992267610175137,13
population,4,16,8,2076,4,1,110.0,False,0.015992267610175137,28
population,4,16,8,2076,5,5,54.0,False,0.015992267610175137,14
population,4,16,8,2076,6,2,62.0,False,0.015992267610175137,16
population,4,16,8,2076,7,4,45.0,False,0.015992267610175137,12
population,4,16,8,2076,8,6,56.0,False,0.015992267610175137,14
population,4,16,8,2076,9,0,26.0,False,0.015992267610175137,7
population,4,16,8,2076,10,1,84.0,False,0.015992267610175137,21
population,4,16,8,2076,11,6,61.0,False,0.015992267610175137,16
population,4,16,8,2076,12,7,25.0,False,0.015992267610175137,7
population,4,16,8,2076,13,2,46.0,False,0.015992267610175137,12
population,4,16,8,2076,14,6,51.0,False,0.015992267610175137,13
population,4,16,8,2076,15,3,72.0,False,0.015992267610175137,18
population,4,16,8,2077,0,4,45.0,False,0.015992267610175137,12
population,4,16,8,2077,1,2,46.0,False,0.015992267610175137,12
population,4,16,8,2077,2,2,79.0,False,0.015992267610175137,20
population,4,16,8,2077,3,0,18.0,False,0.015992267610175137,5
population,4,16,8,2077,4,1,50.0,False,0.015992267610175137,13
population,4,16,8,2077,5,0,37.0,False,0.015992267610175137,10
population,4,16,8,2077,6,3,72.0,False,0.015992267610175137,18
population,4,16,8,2077,7,1,65.0,False,0.015992267610175137,17
population,4,16,8,2077,8,2,83.0,False,0.015992267610175137,21
population,4,16,8,2077,9,5,71.0,False,0.015992267610175137,18
population,4,16,8,2077,10,5,84.0,False,0.015992267610175137,21
population,4,16,8,2077,11,7,85.0,False,0.015992267610175137,22
population,4,16,8,2077,12,3,71.0,False,0.015992267610175137,18
population,4,16,8,2077,13,0,38.0,False,0.015992267610175137,10
population,4,16,8,2077,14,4,74.0,False,0.015992267610175137,19
population,4,16,8,2077,15,0,28.0,False,0.015992267610175137,7
population,4,16,8,2078,0,7,63.0,False,0.015992267610175137,16
population,4,16,8,2078,1,1,123.0,False,0.015992267610175137,31
population,4,16,8,2078,2,2,57.0,False,0.015992267610175137,15
population,4,16,8,2078,3,0,18.0,False,0.015992267610175137,5
population,4,16,8,2078,4,0,48.0,False,0.015992267610175137,12
population,4,16,8,2078,5,4,46.0,False,0.015992267610175137,12
population,4,16,8,2078,6,5,84.0,False,0.015992267610175137,21
population,4,16,8,2078,7,2,46.0,False,0.015992267610175137,12
population,4,16,8,2078,8,1,91.0,False,0.015992267610175137,23
population,4,16,8,2078,9,3,53.0,False,0.015992267610175137,14
population,4,16,8,2078,10,4,116.0,False,0.015992267610175137,29
population,4,16,8,2078,11,5,58.0,False,0.015992267610175137,15
population,4,16,8,2078,12,5,86.0,False,0.015992267610175137,22
population,4,16,8,2078,13,2,60.0,False,0.015992267610175137,15
population,4,16,8,2078,14,3,90.0,False,0.015992267610175137,23
population,4,16,8,2078,15,5,47.0,False,0.015992267610175137,12
population,4,16,8,2079,0,3,68.0,False,0.015992267610175137,17
population,4,16,8,2079,1,2,57.0,False,0.015992267610175137,15
population,4,16,8,2079,2,3,71.0,False,0.015992267610175137,18
population,4,16,8,2079,3,7,24.0,False,0.015992267610175137,6
population,4,16,8,2079,4,4,57.0,False,0.015992267610175137,15
population,4,16,8,2079,5,0,8.0,False,0.015992267610175137,2
population,4,16,8,2079,6,3,85.0,False,0.015992267610175137,22
population,4,16,8,2079,7,2,46.0,False,0.015992267610175137,12
population,4,16,8,2079,8,5,52.0,False,0.015992267610175137,13
population,4,16,8,2079,9,7,34.0,False,0.015992267610175137,9
population,4,16,8,2079,10,4,47.0,False,0.015992267610175137,12
population,4,16,8,2079,11,5,50.0,False,0.015992267610175137,13
population,4,16,8,2079,12,3,46.0,False,0.015992267610175137,12
population,4,16,8,2079,13,4,55.0,False,0.015992267610175137,14
population,4,16,8,2079,14,1,64.0,False,0.015992267610175137,16
population,4,16,8,2079,15,1,83.0,False,0.015992267610175137,21
population,4,16,8,2080,0,1,49.0,False,0.015992267610175137,13
population,4,16,8,2080,1,7,29.0,False,0.015992267610175137,8
population,4,16,8,2080,2,0,26.0,False,0.015992267610175137,7
population,4,16,8,2080,3,2,47.0,False,0.015992267610175137,12
population,4,16,8,2080,4,2,52.0,False,0.015992267610175137,13
population,4,16,8,2080,5,4,56.0,False,0.015992267610175137,14
population,4,16,8,2080,6,1,64.0,False,0.015992267610175137,16
population,4,16,8,2080,7,3,84.0,False,0.015992267610175137,21
population,4,16,8,2080,8,5,55.0,False,0.015992267610175137,14
population,4,16,8,2080,9,5,82.0,False,0.015992267610175137,21
population,4,16,8,2080,10,6,68.0,False,0.015992267610175137,17
population,4,16,8,2080,11,4,50.0,False,0.015992267610175137,13
population,4,16,8,2080,12,6,51.0,False,0.015992267610175137,13
population,4,16,8,2080,13,3,63.0,False,0.015992267610175137,16
population,4,16,8,2080,14,6,50.0,False,0.015992267610175137,13
population,4,16,8,2080,15,3,47.0,False,0.015992267610175137,12
population,4,16,8,2081,0,0,85.0,False,0.015992267610175137,22
population,4,16,8,2081,1,7,49.0,False,0.015992267610175137,13
population,4,16,8,2081,2,7,17.0,False,0.015992267610175137,5
population,4,16,8,2081,3,6,46.0,False,0.015992267610175137,12
population,4,16,8,2081,4,3,126.0,False,0.015992267610175137,32
population,4,16,8,2081,5,2,47.0,False,0.015992267610175137,12
population,4,16,8,2081,6,2,47.0,False,0.015992267610175137,12
population,4,16,8,2081,7,7,46.0,False,0.015992267610175137,12
population,4,16,8,2081,8,6,50.0,False,0.015992267610175137,13
population,4,16,8,2081,9,6,49.0,False,0.015992267610175137,13
population,4,16,8,2081,10,7,64.0,False,0.015992267610175137,16
population,4,16,8,2081,11,0,15.0,False,0.015992267610175137,4
population,4,16,8,2081,12,1,60.0,False,0.015992267610175137,15
population,4,16,8,2081,13,2,204.0,False,0.015992267610175137,51
population,4,16,8,2081,14,4,52.0,False,0.015992267610175137,13
population,4,16,8,2081,15,1,74.0,False,0.015992267610175137,19
population,4,16,8,2082,0,2,55.0,False,0.015992267610175137,14
population,4,16,8,2082,1,2,50.0,False,0.015992267610175137,13
population,4,16,8,2082,2,0,27.0,False,0.015992267610175137,7
population,4,16,8,2082,3,6,55.0,False,0.015992267610175137,14
population,4,16,8,2082,4,4,48.0,False,0.015992267610175137,12
population,4,16,8,2082,5,6,65.0,False,0.015992267610175137,17
population,4,16,8,2082,6,4,46.0,False,0.015992267610175137,12
population,4,16,8,2082,7,4,49.0,False,0.015992267610175137,13
population,4,16,8,2082,8,0,94.0,False,0.015992267610175137,24
population,4,16,8,2082,9,0,12.0,False,0.015992267610175137,3
population,4,16,8,2082,10,6,61.0,False,0.015992267610175137,16
population,4,16,8,2082,11,3,72.0,False,0.015992267610175137,18
population,4,16,8,2082,12,5,50.0,False,0.015992267610175137,13
population,4,16,8,2082,13,3,66.0,False,0.015992267610175137,17
population,4,16,8,2082,14,1,45.0,False,0.015992267610175137,12
population,4,16,8,2082,15,3,53.0,False,0.015992267610175137,14
population,4,16,8,2083,0,5,46.0,False,0.015992267610175137,12
population,4,16,8,2083,1,1,74.0,False,0.015992267610175137,19
population,4,16,8,2083,2,1,55.0,False,0.015992267610175137,14
population,4,16,8,2083,3,1,48.0,False,0.015992267610175137,12
population,4,16,8,2083,4,6,51.0,False,0.015992267610175137,13
population,4,16,8,2083,5,2,83.0,False,0.015992267610175137,21
population,4,16,8,2083,6,2,57.0,False,0.015992267610175137,15
population,4,16,8,2083,7,3,151.0,False,0.015992267610175137,38
population,4,16,8,2083,8,3,50.0,False,0.015992267610175137,13
population,4,16,8,2083,9,7,24.0,False,0.015992267610175137,6
population,4,16,8,2083,10,5,47.0,False,0.015992267610175137,12
population,4,16,8,2083,11,3,76.0,False,0.015992267610175137,19
population,4,16,8,2083,12,5,48.0,False,0.015992267610175137,12
population,4,16,8,2083,13,1,47.0,False,0.015992267610175137,12
population,4,16,8,2083,14,5,97.0,False,0.015992267610175137,25
population,4,16,8,2083,15,0,29.0,False,0.015992267610175137,8
population,4,16,8,2084,0,6,46.0,False,0.015992267610175137,12
population,4,16,8,2084,1,7,8.0,False,0.015992267610175137,2
population,4,16,8,2084,2,6,141.0,False,0.015992267610175137,36
population,4,16,8,2084,3,4,120.0,False,0.015992267610175137,30
population,4,16,8,2084,4,7,20.0,False,0.015992267610175137,5
population,4,16,8,2084,5,2,50.0,False,0.015992267610175137,13
population,4,16,8,2084,6,7,7.0,False,0.015992267610175137,2
population,4,16,8,2084,7,2,46.0,False,0.015992267610175137,12
population,4,16,8,2084,8,6,50.0,False,0.015992267610175137,13
population,4,16,8,2084,9,5,53.0,False,0.015992267610175137,14
population,4,16,8,2084,10,5,55.0,False,0.015992267610175137,14
population,4,16,8,2084,11,0,49.0,False,0.015992267610175137,13
population,4,16,8,2084,12,4,45.0,False,0.015992267610175137,12
population,4,16,8,2084,13,6,58.0,False,0.015992267610175137,15
population,4,16,8,2084,14,2,57.0,False,0.015992267610175137,15
population,4,16,8,2084,15,5,46.0,False,0.015992267610175137,12
population,4,16,8,2085,0,5,45.0,False,0.015992267610175137,12
population,4,16,8,2085,1,6,62.0,False,0.015992267610175137,16
population,4,16,8,2085,2,2,49.0,False,0.015992267610175137,13
population,4,16,8,2085,3,0,53.0,False,0.015992267610175137,14
population,4,16,8,2085,4,7,14.0,False,0.015992267610175137,4
population,4,16,8,2085,5,1,91.0,False,0.015992267610175137,23
population,4,16,8,2085,6,4,57.0,False,0.015992267610175137,15
population,4,16,8,2085,7,1,104.0,False,0.015992267610175137,26
population,4,16,8,2085,8,0,13.0,False,0.015992267610175137,4
population,4,16,8,2085,9,3,48.0,False,0.015992267610175137,12
population,4,16,8,2085,10,0,32.0,False,0.015992267610175137,8
population,4,16,8,2085,11,7,40.0,False,0.015992267610175137,10
population,4,16,8,2085,12,5,67.0,False,0.015992267610175137,17
population,4,16,8,2085,13,7,22.0,False,0.015992267610175137,6
population,4,16,8,2085,14,2,71.0,False,0.015992267610175137,18
population,4,16,8,2085,15,3,91.0,False,0.015992267610175137,23
population,4,16,8,2086,0,5,49.0,False,0.015992267610175137,13
population,4,16,8,2086,1,1,48.0,False,0.015992267610175137,12
population,4,16,8,2086,2,5,83.0,False,0.015992267610175137,21
population,4,16,8,2086,3,4,57.0,False,0.015992267610175137,15
population,4,16,8,2086,4,5,63.0,False,0.015992267610175137,16
population,4,16,8,2086,5,5,55.0,False,0.015992267610175137,14
population,4,16,8,2086,6,7,113.0,False,0.015992267610175137,29
population,4,16,8,2086,7,0,13.0,False,0.015992267610175137,4
population,4,16,8,2086,8,2,175.0,False,0.015992267610175137,44
population,4,16,8,2086,9,5,88.0,False,0.015992267610175137,22
population,4,16,8,2086,10,1,62.0,False,0.015992267610175137,16
population,4,16,8,2086,11,0,43.0,False,0.015992267610175137,11
population,4,16,8,2086,12,3,92.0,False,0.015992267610175137,23
population,4,16,8,2086,13,3,56.0,False,0.015992267610175137,14
population,4,16,8,2086,14,2,79.0,False,0.015992267610175137,20
population,4,16,8,2086,15,6,57.0,False,0.015992267610175137,15
population,4,16,8,2087,0,3,45.0,False,0.015992267610175137,12
population,4,16,8,2087,1,4,50.0,False,0.015992267610175137,13
population,4,16,8,2087,2,4,46.0,False,0.015992267610175137,12
population,4,16,8,2087,3,7,9.0,False,0.015992267610175137,3
population,4,16,8,2087,4,4,68.0,False,0.015992267610175137,17
population,4,16,8,2087,5,6,66.0,False,0.015992267610175137,17
population,4,16,8,2087,6,2,90.0,False,0.015992267610175137,23
population,4,16,8,2087,7,7,6.0,False,0.015992267610175137,2
population,4,16,8,2087,8,3,80.0,False,0.015992267610175137,20
population,4,16,8,2087,9,5,49.0,False,0.015992267610175137,13
population,4,16,8,2087,10,1,49.0,False,0.015992267610175137,13
population,4,16,8,2087,11,4,60.0,False,0.015992267610175137,15
population,4,16,8,2087,12,4,52.0,False,0.015992267610175137,13
population,4,16,8,2087,13,6,46.0,False,0.015992267610175137,12
population,4,16,8,2087,14,0,43.0,False,0.015992267610175137,11
population,4,16,8,2087,15,3,49.0,False,0.015992267610175137,13
population,4,16,8,2088,0,2,52.0,False,0.015992267610175137,13
population,4,16,8,2088,1,2,84.0,False,0.015992267610175137,21
population,4,16,8,2088,2,7,31.0,False,0.015992267610175137,8
population,4,16,8,2088,3,7,31.0,False,0.015992267610175137,8
population,4,16,8,2088,4,0,31.0,False,0.015992267610175137,8
population,4,16,8,2088,5,4,70.0,False,0.015992267610175137,18
population,4,16,8,2088,6,7,28.0,False,0.015992267610175137,7
population,4,16,8,2088,7,7,43.0,False,0.015992267610175137,11
population,4,16,8,2088,8,2,88.0,False,0.015992267610175137,22
population,4,16,8,2088,9,4,58.0,False,0.015992267610175137,15
population,4,16,8,2088,10,3,185.0,False,0.015992267610175137,47
population,4,16,8,2088,11,7,26.0,False,0.015992267610175137,7
population,4,16,8,2088,12,2,52.0,False,0.015992267610175137,13
population,4,16,8,2088,13,4,46.0,False,0.015992267610175137,12
population,4,16,8,2088,14,4,45.0,False,0.015992267610175137,12
population,4,16,8,2088,15,6,46.0,False,0.015992267610175137,12
population,4,16,8,2089,0,2,48.0,False,0.015992267610175137,12
population,4,16,8,2089,1,6,76.0,False,0.015992267610175137,19
population,4,16,8,2089,2,3,75.0,False,0.015992267610175137,19
population,4,16,8,2089,3,5,79.0,False,0.015992267610175137,20
population,4,16,8,2089,4,6,57.0,False,0.015992267610175137,15
population,4,16,8,2089,5,6,53.0,False,0.015992267610175137,14
population,4,16,8,2089,6,7,115.0,False,0.015992267610175137,29
population,4,16,8,2089,7,4,46.0,False,0.015992267610175137,12
population,4,16,8,2089,8,4,180.0,False,0.015992267610175137,45
population,4,16,8,2089,9,3,46.0,False,0.015992267610175137,12
population,4,16,8,2089,10,2,120.0,False,0.015992267610175137,30
population,4,16,8,2089,11,2,46.0,False,0.015992267610175137,12
population,4,16,8,2089,12,6,47.0,False,0.015992267610175137,12
population,4,16,8,2089,13,2,46.0,False,0.015992267610175137,12
population,4,16,8,2089,14,0,46.0,False,0.015992267610175137,12
population,4,16,8,2089,15,1,206.0,False,0.015992267610175137,52
population,4,16,8,2090,0,6,47.0,False,0.015992267610175137,12
population,4,16,8,2090,1,5,45.0,False,0.015992267610175137,12
population,4,16,8,2090,2,6,76.0,False,0.015992267610175137,19
population,4,16,8,2090,3,2,72.0,False,0.015992267610175137,18
population,4,16,8,2090,4,0,24.0,False,0.015992267610175137,6
population,4,16,8,2090,5,0,15.0,False,0.015992267610175137,4
population,4,16,8,2090,6,4,57.0,False,0.015992267610175137,15
population,4,16,8,2090,7,0,9.0,False,0.015992267610175137,3
population,4,16,8,2090,8,2,103.0,False,0.015992267610175137,26
population,4,16,8,2090,9,5,46.0,False,0.015992267610175137,12
population,4,16,8,2090,10,3,55.0,False,0.015992267610175137,14
population,4,16,8,2090,11,3,45.0,False,0.015992267610175137,12
population,4,16,8,2090,12,1,48.0,False,0.015992267610175137,12
population,4,16,8,2090,13,1,46.0,False,0.015992267610175137,12
population,4,16,8,2090,14,3,46.0,False,0.015992267610175137,12
population,4,16,8,2090,15,0,61.0,False,0.015992267610175137,16
population,4,16,8,2091,0,3,45.0,False,0.015992267610175137,12
population,4,16,8,2091,1,2,82.0,False,0.015992267610175137,21
population,4,16,8,2091,2,2,55.0,False,0.015992267610175137,14
population,4,16,8,2091,3,5,48.0,False,0.015992267610175137,12
population,4,16,8,2091,4,2,62.0,False,0.015992267610175137,16
population,4,16,8,2091,5,6,54.0,False,0.015992267610175137,14
population,4,16,8,2091,6,2,64.0,False,0.015992267610175137,16
population,4,16,8,2091,7,2,60.0,False,0.015992267610175137,15
population,4,16,8,2091,8,4,53.0,False,0.015992267610175137,14
population,4,16,8,2091,9,5,51.0,False,0.015992267610175137,13
population,4,16,8,2091,10,4,51.0,False,0.015992267610175137,13
population,4,16,8,2091,11,5,90.0,False,0.015992267610175137,23
population,4,16,8,2091,12,2,95.0,False,0.015992267610175137,24
population,4,16,8,2091,13,4,46.0,False,0.015992267610175137,12
population,4,16,8,2091,14,2,45.0,False,0.015992267610175137,12
population,4,16,8,2091,15,4,81.0,False,0.015992267610175137,21
population,4,16,8,2092,0,5,200.0,False,0.015992267610175137,50
population,4,16,8,2092,1,0,168.0,False,0.015992267610175137,42
population,4,16,8,2092,2,0,11.0,False,0.015992267610175137,3
population,4,16,8,2092,3,3,86.0,False,0.015992267610175137,22
population,4,16,8,2092,4,3,50.0,False,0.015992267610175137,13
population,4,16,8,2092,5,2,53.0,False,0.015992267610175137,14
population,4,16,8,2092,6,6,47.0,False,0.015992267610175137,12
population,4,16,8,2092,7,3,53.0,False,0.015992267610175137,14
population,4,16,8,2092,8,6,47.0,False,0.015992267610175137,12
population,4,16,8,2092,9,2,46.0,False,0.015992267610175137,12
population,4,16,8,2092,10,1,63.0,False,0.015992267610175137,16
population,4,16,8,2092,11,2,83.0,False,0.015992267610175137,21
population,4,16,8,2092,12,4,60.0,False,0.015992267610175137,15
population,4,16,8,2092,13,2,83.0,False,0.015992267610175137,21
population,4,16,8,2092,14,2,58.0,False,0.015992267610175137,15
population,4,16,8,2092,15,4,252.0,False,0.015992267610175137,63
population,4,16,8,2093,0,0,24.0,False,0.015992267610175137,6
population,4,16,8,2093,1,2,45.0,False,0.015992267610175137,12
population,4,16,8,2093,2,4,47.0,False,0.015992267610175137,12
population,4,16,8,2093,3,5,47.0,False,0.015992267610175137,12
population,4,16,8,2093,4,2,48.0,False,0.015992267610175137,12
population,4,16,8,2093,5,2,47.0,False,0.015992267610175137,12
population,4,16,8,2093,6,0,21.0,False,0.015992267610175137,6
population,4,16,8,2093,7,7,61.0,False,0.015992267610175137,16
population,4,16,8,2093,8,6,141.0,False,0.015992267610175137,36
population,4,16,8,2093,9,2,61.0,False,0.015992267610175137,16
population,4,16,8,2093,10,2,46.0,False,0.015992267610175137,12
population,4,16,8,2093,11,7,40.0,False,0.015992267610175137,10
population,4,16,8,2093,12,2,46.0,False,0.015992267610175137,12
population,4,16,8,2093,13,3,101.0,False,0.015992267610175137,26
population,4,16,8,2093,14,0,23.0,False,0.015992267610175137,6
population,4,16,8,2093,15,2,54.0,False,0.015992267610175137,14
population,4,16,8,2094,0,2,131.0,False,0.015992267610175137,33
population,4,16,8,2094,1,2,79.0,False,0.015992267610175137,20
population,4,16,8,2094,2,1,94.0,False,0.015992267610175137,24
population,4,16,8,2094,3,6,51.0,False,0.015992267610175137,13
population,4,16,8,2094,4,7,21.0,False,0.015992267610175137,6
population,4,16,8,2094,5,2,48.0,False,0.015992267610175137,12
population,4,16,8,2094,6,1,49.0,False,0.015992267610175137,13
population,4,16,8,2094,7,4,57.0,False,0.015992267610175137,15
population,4,16,8,2094,8,0,48.0,False,0.015992267610175137,12
population,4,16,8,2094,9,6,67.0,False,0.015992267610175137,17
population,4,16,8,2094,10,1,79.0,False,0.015992267610175137,20
population,4,16,8,2094,11,6,52.0,False,0.015992267610175137,13
population,4,16,8,2094,12,2,60.0,False,0.015992267610175137,15
population,4,16,8,2094,13,4,99.0,False,0.015992267610175137,25
population,4,16,8,2094,14,4,92.0,False,0.015992267610175137,23
population,4,16,8,2094,15,4,57.0,False,0.015992267610175137,15
population,4,16,8,2095,0,0,15.0,False,0.015992267610175137,4
population,4,16,8,2095,1,2,54.0,False,0.015992267610175137,14
population,4,16,8,2095,2,5,100.0,False,0.015992267610175137,25
population,4,16,8,2095,3,5,45.0,False,0.015992267610175137,12
population,4,16,8,2095,4,1,50.0,False,0.015992267610175137,13
population,4,16,8,2095,5,5,95.0,False,0.015992267610175137,24
population,4,16,8,2095,6,4,45.0,False,0.015992267610175137,12
population,4,16,8,2095,7,3,55.0,False,0.015992267610175137,14
population,4,16,8,2095,8,4,47.0,False,0.015992267610175137,12
population,4,16,8,2095,9,6,66.0,False,0.015992267610175137,17
population,4,16,8,2095,10,4,53.0,False,0.015992267610175137,14
population,4,16,8,2095,11,5,56.0,False,0.015992267610175137,14
population,4,16,8,2095,12,5,45.0,False,0.015992267610175137,12
population,4,16,8,2095,13,2,123.0,False,0.015992267610175137,31
population,4,16,8,2095,14,0,25.0,False,0.015992267610175137,7
population,4,16,8,2095,15,5,47.0,False,0.015992267610175137,12
population,4,16,8,2096,0,0,94.0,False,0.015992267610175137,24
population,4,16,8,2096,1,4,78.0,False,0.015992267610175137,20
population,4,16,8,2096,2,4,52.0,False,0.015992267610175137,13
population,4,16,8,2096,3,5,56.0,False,0.015992267610175137,14
population,4,16,8,2096,4,2,60.0,False,0.015992267610175137,15
population,4,16,8,2096,5,5,50.0,False,0.015992267610175137,13
population,4,16,8,2096,6,1,64.0,False,0.015992267610175137,16
population,4,16,8,2096,7,1,68.0,False,0.015992267610175137,17
population,4,16,8,2096,8,5,54.0,False,0.015992267610175137,14
population,4,16,8,2096,9,2,138.0,False,0.015992267610175137,35
population,4,16,8,2096,10,5,65.0,False,0.015992267610175137,17
population,4,16,8,2096,11,4,62.0,False,0.015992267610175137,16
population,4,16,8,2096,12,5,49.0,False,0.015992267610175137,13
population,4,16,8,2096,13,0,23.0,False,0.015992267610175137,6
population,4,16,8,2096,14,0,12.0,False,0.015992267610175137,3
population,4,16,8,2096,15,6,79.0,False,0.015992267610175137,20
population,4,16,8,2097,0,5,46.0,False,0.015992267610175137,12
population,4,16,8,2097,1,3,191.0,False,0.015992267610175137,48
population,4,16,8,2097,2,5,52.0,False,0.015992267610175137,13
population,4,16,8,2097,3,0,46.0,False,0.015992267610175137,12
population,4,16,8,2097,4,6,46.0,False,0.015992267610175137,12
population,4,16,8,2097,5,5,69.0,False,0.015992267610175137,18
population,4,16,8,2097,6,2,89.0,False,0.015992267610175137,23
population,4,16,8,2097,7,7,19.0,False,0.015992267610175137,5
population,4,16,8,2097,8,5,55.0,False,0.015992267610175137,14
population,4,16,8,2097,9,5,46.0,False,0.015992267610175137,12
population,4,16,8,2097,10,5,56.0,False,0.015992267610175137,14
population,4,16,8,2097,11,6,70.0,False,0.015992267610175137,18
population,4,16,8,2097,12,7,32.0,False,0.015992267610175137,8
population,4,16,8,2097,13,6,53.0,False,0.015992267610175137,14
population,4,16,8,2097,14,0,79.0,False,0.015992267610175137,20
population,4,16,8,2097,15,5,48.0,False,0.015992267610175137,12
population,4,16,8,2098,0,0,13.0,False,0.015992267610175137,4
population,4,16,8,2098,1,5,46.0,False,0.015992267610175137,12
population,4,16,8,2098,2,3,56.0,False,0.015992267610175137,14
population,4,16,8,2098,3,0,25.0,False,0.015992267610175137,7
population,4,16,8,2098,4,4,54.0,False,0.015992267610175137,14
population,4,16,8,2098,5,0,62.0,False,0.015992267610175137,16
population,4,16,8,2098,6,1,90.0,False,0.015992267610175137,23
population,4,16,8,2098,7,2,47.0,False,0.015992267610175137,12
population,4,16,8,2098,8,5,51.0,False,0.015992267610175137,13
population,4,16,8,2098,9,0,32.0,False,0.015992267610175137,8
population,4,16,8,2098,10,1,215.0,False,0.015992267610175137,54
population,4,16,8,2098,11,4,182.0,False,0.015992267610175137,46
population,4,16,8,2098,12,3,73.0,False,0.015992267610175137,19
population,4,16,8,2098,13,7,48.0,False,0.015992267610175137,12
population,4,16,8,2098,14,1,47.0,False,0.015992267610175137,12
population,4,16,8,2098,15,7,38.0,False,0.015992267610175137,10
population,4,16,8,2099,0,4,62.0,False,0.015992267610175137,16
population,4,16,8,2099,1,1,45.0,False,0.015992267610175137,12
population,4,16,8,2099,2,3,52.0,False,0.015992267610175137,13
population,4,16,8,2099,3,5,70.0,False,0.015992267610175137,18
population,4,16,8,2099,4,4,65.0,False,0.015992267610175137,17
population,4,16,8,2099,5,1,106.0,False,0.015992267610175137,27
population,4,16,8,2099,6,7,20.0,False,0.015992267610175137,5
population,4,16,8,2099,7,5,101.0,False,0.015992267610175137,26
population,4,16,8,2099,8,4,54.0,False,0.015992267610175137,14
population,4,16,8,2099,9,4,73.0,False,0.015992267610175137,19
population,4,16,8,2099,10,1,61.0,False,0.015992267610175137,16
population,4,16,8,2099,11,7,29.0,False,0.015992267610175137,8
population,4,16,8,2099,12,4,50.0,False,0.015992267610175137,13
population,4,16,8,2099,13,3,67.0,False,0.015992267610175137,17
population,4,16,8,2099,14,3,45.0,False,0.015992267610175137,12
population,4,16,8,2099,15,6,46.0,False,0.015992267610175137,12
population,4,16,8,2100,0,5,55.0,False,0.015992267610175137,14
population,4,16,8,2100,1,6,55.0,False,0.015992267610175137,14
population,4,16,8,2100,2,6,57.0,False,0.015992267610175137,15
population,4,16,8,2100,3,5,49.0,False,0.015992267610175137,13
population,4,16,8,2100,4,5,49.0,False,0.015992267610175137,13
population,4,16,8,2100,5,2,46.0,False,0.015992267610175137,12
population,4,16,8,2100,6,7,127.0,False,0.015992267610175137,32
population,4,16,8,2100,7,6,52.0,False,0.015992267610175137,13
population,4,16,8,2100,8,7,27.0,False,0.015992267610175137,7
population,4,16,8,2100,9,2,45.0,False,0.015992267610175137,12
population,4,16,8,2100,10,2,54.0,False,0.015992267610175137,14
population,4,16,8,2100,11,7,73.0,False,0.015992267610175137,19
population,4,16,8,2100,12,0,22.0,False,0.015992267610175137,6
population,4,16,8,2100,13,1,49.0,False,0.015992267610175137,13
population,4,16,8,2100,14,4,92.0,False,0.015992267610175137,23
population,4,16,8,2100,15,1,66.0,False,0.015992267610175137,17
population,4,16,8,2101,0,3,46.0,False,0.015992267610175137,12
population,4,16,8,2101,1,3,52.0,False,0.015992267610175137,13
population,4,16,8,2101,2,0,57.0,False,0.015992267610175137,15
population,4,16,8,2101,3,0,39.0,False,0.015992267610175137,10
population,4,16,8,2101,4,0,13.0,False,0.015992267610175137,4
population,4,16,8,2101,5,2,53.0,False,0.015992267610175137,14
population,4,16,8,2101,6,6,56.0,False,0.015992267610175137,14
population,4,16,8,2101,7,7,50.0,False,0.015992267610175137,13
population,4,16,8,2101,8,6,63.0,False,0.015992267610175137,16
population,4,16,8,2101,9,6,59.0,False,0.015992267610175137,15
population,4,16,8,2101,10,0,13.0,False,0.015992267610175137,4
population,4,16,8,2101,11,4,45.0,False,0.015992267610175137,12
population,4,16,8,2101,12,1,53.0,False,0.015992267610175137,14
population,4,16,8,2101,13,4,108.0,False,0.015992267610175137,27
population,4,16,8,2101,14,7,8.0,False,0.015992267610175137,2
population,4,16,8,2101,15,6,118.0,False,0.015992267610175137,30
population,4,16,8,2102,0,3,105.0,False,0.015992267610175137,27
population,4,16,8,2102,1,6,46.0,False,0.015992267610175137,12
population,4,16,8,2102,2,2,52.0,False,0.015992267610175137,13
population,4,16,8,2102,3,4,59.0,False,0.015992267610175137,15
population,4,16,8,2102,4,7,20.0,False,0.015992267610175137,5
population,4,16,8,2102,5,4,52.0,False,0.015992267610175137,13
population,4,16,8,2102,6,6,51.0,False,0.015992267610175137,13
population,4,16,8,2102,7,2,53.0,False,0.015992267610175137,14
population,4,16,8,2102,8,6,103.0,False,0.015992267610175137,26
population,4,16,8,2102,9,1,46.0,False,0.015992267610175137,12
population,4,16,8,2102,10,5,49.0,False,0.015992267610175137,13
population,4,16,8,2102,11,2,52.0,False,0.015992267610175137,13
population,4,16,8,2102,12,7,67.0,False,0.015992267610175137,17
population,4,16,8,2102,13,5,209.0,False,0.015992267610175137,53
population,4,16,8,2102,14,3,78.0,False,0.015992267610175137,20
population,4,16,8,2102,15,1,57.0,False,0.015992267610175137,15
population,4,16,8,2103,0,7,27.0,False,0.015992267610175137,7
population,4,16,8,2103,1,0,48.0,False,0.015992267610175137,12
population,4,16,8,2103,2,6,218.0,False,0.015992267610175137,55
population,4,16,8,2103,3,1,46.0,False,0.015992267610175137,12
population,4,16,8,2103,4,3,78.0,False,0.015992267610175137,20
population,4,16,8,2103,5,6,60.0,False,0.015992267610175137,15
population,4,16,8,2103,6,5,63.0,False,0.015992267610175137,16
population,4,16,8,2103,7,7,82.0,False,0.015992267610175137,21
population,4,16,8,2103,8,6,47.0,False,0.015992267610175137,12
population,4,16,8,2103,9,4,46.0,False,0.015992267610175137,12
population,4,16,8,2103,10,1,47.0,False,0.015992267610175137,12
population,4,16,8,2103,11,3,45.0,False,0.015992267610175137,12
population,4,16,8,2103,12,2,59.0,False,0.015992267610175137,15
population,4,16,8,2103,13,2,129.0,False,0.015992267610175137,33
population,4,16,8,2103,14,0,17.0,False,0.015992267610175137,5
population,4,16,8,2103,15,1,48.0,False,0.015992267610175137,12
population,4,16,8,2104,0,2,69.0,False,0.015992267610175137,18
population,4,16,8,2104,1,4,72.0,False,0.015992267610175137,18
population,4,16,8,2104,2,1,82.0,False,0.015992267610175137,21
population,4,16,8,2104,3,0,41.0,False,0.015992267610175137,11
population,4,16,8,2104,4,3,55.0,False,0.015992267610175137,14
population,4,16,8,2104,5,6,128.0,False,0.015992267610175137,32
population,4,16,8,2104,6,5,64.0,False,0.015992267610175137,16
population,4,16,8,2104,7,0,47.0,False,0.015992267610175137,12
population,4,16,8,2104,8,6,70.0,False,0.015992267610175137,18
population,4,16,8,2104,9,7,21.0,False,0.015992267610175137,6
population,4,16,8,2104,10,2,62.0,False,0.015992267610175137,16
population,4,16,8,2104,11,0,34.0,False,0.015992267610175137,9
population,4,16,8,2104,12,6,46.0,False,0.015992267610175137,12
population,4,16,8,2104,13,5,75.0,False,0.015992267610175137,19
population,4,16,8,2104,14,6,48.0,False,0.015992267610175137,12
population,4,16,8,2104,15,3,58.0,False,0.015992267610175137,15
population,4,16,8,2105,0,0,31.0,False,0.015992267610175137,8
population,4,16,8,2105,1,6,134.0,False,0.015992267610175137,34
population,4,16,8,2105,2,2,150.0,False,0.015992267610175137,38
population,4,16,8,2105,3,0,16.0,False,0.015992267610175137,4
population,4,16,8,2105,4,0,21.0,False,0.015992267610175137,6
population,4,16,8,2105,5,0,48.0,False,0.015992267610175137,12
population,4,16,8,2105,6,5,61.0,False,0.015992267610175137,16
population,4,16,8,2105,7,6,47.0,False,0.015992267610175137,12
population,4,16,8,2105,8,7,7.0,False,0.015992267610175137,2
population,4,16,8,2105,9,0,16.0,False,0.015992267610175137,4
population,4,16,8,2105,10,5,69.0,False,0.015992267610175137,18
population,4,16,8,2105,11,7,9.0,False,0.015992267610175137,3
population,4,16,8,2105,12,4,45.0,False,0.015992267610175137,12
population,4,16,8,2105,13,0,19.0,False,0.015992267610175137,5
population,4,16,8,2105,14,1,115.0,False,0.015992267610175137,29
population,4,16,8,2105,15,4,47.0,False,0.015992267610175137,12
population,4,16,8,2106,0,4,46.0,False,0.015992267610175137,12
population,4,16,8,2106,1,3,51.0,False,0.015992267610175137,13
population,4,16,8,2106,2,1,102.0,False,0.015992267610175137,26
population,4,16,8,2106,3,7,83.0,False,0.015992267610175137,21
population,4,16,8,2106,4,6,63.0,False,0.015992267610175137,16
population,4,16,8,2106,5,6,65.0,False,0.015992267610175137,17
population,4,16,8,2106,6,7,48.0,False,0.015992267610175137,12
population,4,16,8,2106,7,1,50.0,False,0.015992267610175137,13
population,4,16,8,2106,8,1,88.0,False,0.015992267610175137,22
population,4,16,8,2106,9,5,60.0,False,0.015992267610175137,15
population,4,16,8,2106,10,2,50.0,False,0.015992267610175137,13
population,4,16,8,2106,11,7,17.0,False,0.015992267610175137,5
population,4,16,8,2106,12,1,74.0,False,0.015992267610175137,19
population,4,16,8,2106,13,3,56.0,False,0.015992267610175137,14
population,4,16,8,2106,14,6,46.0,False,0.015992267610175137,12
population,4,16,8,2106,15,4,49.0,False,0.015992267610175137,13
population,4,16,8,2107,0,3,47.0,False,0.015992267610175137,12
population,4,16,8,2107,1,1,62.0,False,0.015992267610175137,16
population,4,16,8,2107,2,3,46.0,False,0.015992267610175137,12
population,4,16,8,2107,3,2,119.0,False,0.015992267610175137,30
population,4,16,8,2107,4,1,116.0,False,0.015992267610175137,29
population,4,16,8,2107,5,7,25.0,False,0.015992267610175137,7
population,4,16,8,2107,6,7,54.0,False,0.015992267610175137,14
population,4,16,8,2107,7,6,62.0,False,0.015992267610175137,16
population,4,16,8,2107,8,3,63.0,False,0.015992267610175137,16
population,4,16,8,2107,9,0,24.0,False,0.015992267610175137,6
population,4,16,8,2107,10,1,145.0,False,0.015992267610175137,37
population,4,16,8,2107,11,7,25.0,False,0.015992267610175137,7
population,4,16,8,2107,12,1,45.0,False,0.015992267610175137,12
population,4,16,8,2107,13,0,141.0,False,0.015992267610175137,36
population,4,16,8,2107,14,0,40.0,False,0.015992267610175137,10
population,4,16,8,2107,15,2,56.0,False,0.015992267610175137,14
population,4,16,8,2108,0,4,92.0,False,0.015992267610175137,23
population,4,16,8,2108,1,2,58.0,False,0.015992267610175137,15
population,4,16,8,2108,2,7,29.0,False,0.015992267610175137,8
population,4,16,8,2108,3,4,49.0,False,0.015992267610175137,13
population,4,16,8,2108,4,2,53.0,False,0.015992267610175137,14
population,4,16,8,2108,5,4,95.0,False,0.015992267610175137,24
population,4,16,8,2108,6,1,76.0,False,0.015992267610175137,19
population,4,16,8,2108,7,5,63.0,False,0.015992267610175137,16
population,4,16,8,2108,8,2,88.0,False,0.015992267610175137,22
population,4,16,8,2108,9,3,67.0,False,0.015992267610175137,17
population,4,16,8,2108,10,0,46.0,False,0.015992267610175137,12
population,4,16,8,2108,11,3,68.0,False,0.015992267610175137,17
population,4,16,8,2108,12,1,86.0,False,0.015992267610175137,22
population,4,16,8,2108,13,1,157.0,False,0.015992267610175137,40
population,4,16,8,2108,14,0,19.0,False,0.015992267610175137,5
population,4,16,8,2108,15,4,47.0,False,0.015992267610175137,12
population,4,16,8,2109,0,7,9.0,False,0.015992267610175137,3
population,4,16,8,2109,1,7,34.0,False,0.015992267610175137,9
population,4,16,8,2109,2,2,50.0,False,0.015992267610175137,13
population,4,16,8,2109,3,7,36.0,False,0.015992267610175137,9
population,4,16,8,2109,4,0,50.0,False,0.015992267610175137,13
population,4,16,8,2109,5,3,92.0,False,0.015992267610175137,23
population,4,16,8,2109,6,4,80.0,False,0.015992267610175137,20
population,4,16,8,2109,7,4,52.0,False,0.015992267610175137,13
population,4,16,8,2109,8,4,46.0,False,0.015992267610175137,12
population,4,16,8,2109,9,7,16.0,False,0.015992267610175137,4
population,4,16,8,2109,10,0,11.0,False,0.015992267610175137,3
population,4,16,8,2109,11,3,48.0,False,0.015992267610175137,12
population,4,16,8,2109,12,1,48.0,False,0.015992267610175137,12
population,4,16,8,2109,13,1,63.0,False,0.015992267610175137,16
population,4,16,8,2109,14,2,51.0,False,0.015992267610175137,13
population,4,16,8,2109,15,4,50.0,False,0.015992267610175137,13
population,4,16,8,2110,0,5,98.0,False,0.015992267610175137,25
population,4,16,8,2110,1,4,77.0,False,0.015992267610175137,20
population,4,16,8,2110,2,4,55.0,False,0.015992267610175137,14
population,4,16,8,2110,3,3,120.0,False,0.015992267610175137,30
population,4,16,8,2110,4,5,59.0,False,0.015992267610175137,15
population,4,16,8,2110,5,5,52.0,False,0.015992267610175137,13
population,4,16,8,2110,6,6,49.0,False,0.015992267610175137,13
population,4,16,8,2110,7,2,48.0,False,0.015992267610175137,12
population,4,16,8,2110,8,3,45.0,False,0.015992267610175137,12
population,4,16,8,2110,9,6,57.0,False,0.015992267610175137,15
population,4,16,8,2110,10,7,104.0,False,0.015992267610175137,26
population,4,16,8,2110,11,1,47.0,False,0.015992267610175137,12
population,4,16,8,2110,12,5,84.0,False,0.015992267610175137,21
population,4,16,8,2110,13,7,28.0,False,0.015992267610175137,7
population,4,16,8,2110,14,2,152.0,False,0.015992267610175137,38
population,4,16,8,2110,15,6,209.0,False,0.015992267610175137,53
population,4,16,8,2111,0,3,48.0,False,0.015992267610175137,12
population,4,16,8,2111,1,2,50.0,False,0.015992267610175137,13
population,4,16,8,2111,2,5,86.0,False,0.015992267610175137,22
population,4,16,8,2111,3,7,16.0,False,0.015992267610175137,4
population,4,16,8,2111,4,0,30.0,False,0.015992267610175137,8
population,4,16,8,2111,5,4,45.0,False,0.015992267610175137,12
population,4,16,8,2111,6,3,109.0,False,0.015992267610175137,28
population,4,16,8,2111,7,2,85.0,False,0.015992267610175137,22
population,4,16,8,2111,8,0,53.0,False,0.015992267610175137,14
population,4,16,8,2111,9,1,51.0,False,0.015992267610175137,13
population,4,16,8,2111,10,2,58.0,False,0.015992267610175137,15
population,4,16,8,2111,11,7,90.0,False,0.015992267610175137,23
population,4,16,8,2111,12,6,235.0,False,0.015992267610175137,59
population,4,16,8,2111,13,6,50.0,False,0.015992267610175137,13
population,4,16,8,2111,14,2,45.0,False,0.015992267610175137,12
population,4,16,8,2111,15,1,58.0,False,0.015992267610175137,15
population,4,16,8,2112,0,4,102.0,False,0.015992267610175137,26
population,4,16,8,2112,1,5,58.0,False,0.015992267610175137,15
population,4,16,8,2112,2,4,163.0,False,0.015992267610175137,41
population,4,16,8,2112,3,5,48.0,False,0.015992267610175137,12
population,4,16,8,2112,4,3,70.0,False,0.015992267610175137,18
population,4,16,8,2112,5,5,89.0,False,0.015992267610175137,23
population,4,16,8,2112,6,0,12.0,False,0.015992267610175137,3
population,4,16,8,2112,7,2,57.0,False,0.015992267610175137,15
population,4,16,8,2112,8,2,49.0,False,0.015992267610175137,13
population,4,16,8,2112,9,6,52.0,False,0.015992267610175137,13
population,4,16,8,2112,10,4,55.0,False,0.015992267610175137,14
population,4,16,8,2112,11,6,164.0,False,0.015992267610175137,41
population,4,16,8,2112,12,3,78.0,False,0.015992267610175137,20
population,4,16,8,2112,13,6,111.0,False,0.015992267610175137,28
population,4,16,8,2112,14,6,128.0,False,0.015992267610175137,32
population,4,16,8,2112,15,1,56.0,False,0.015992267610175137,14
population,4,16,8,2113,0,3,52.0,False,0.015992267610175137,13
population,4,16,8,2113,1,6,46.0,False,0.015992267610175137,12
population,4,16,8,2113,2,3,98.0,False,0.015992267610175137,25
population,4,16,8,2113,3,7,58.0,False,0.015992267610175137,15
population,4,16,8,2113,4,3,57.0,False,0.015992267610175137,15
population,4,16,8,2113,5,3,46.0,False,0.015992267610175137,12
population,4,16,8,2113,6,7,18.0,False,0.015992267610175137,5
population,4,16,8,2113,7,3,47.0,False,0.015992267610175137,12
population,4,16,8,2113,8,6,53.0,False,0.015992267610175137,14
population,4,16,8,2113,9,7,26.0,False,0.015992267610175137,7
population,4,16,8,2113,10,5,51.0,False,0.015992267610175137,13
population,4,16,8,2113,11,3,50.0,False,0.015992267610175137,13
population,4,16,8,2113,12,0,41.0,False,0.015992267610175137,11
population,4,16,8,2113,13,4,45.0,False,0.015992267610175137,12
population,4,16,8,2113,14,1,53.0,False,0.015992267610175137,14
population,4,16,8,2113,15,7,52.0,False,0.015992267610175137,13
population,4,16,8,2114,0,2,49.0,False,0.015992267610175137,13
population,4,16,8,2114,1,4,63.0,False,0.015992267610175137,16
population,4,16,8,2114,2,1,45.0,False,0.015992267610175137,12
population,4,16,8,2114,3,0,21.0,False,0.015992267610175137,6
population,4,16,8,2114,4,2,167.0,False,0.015992267610175137,42
population,4,16,8,2114,5,7,40.0,False,0.015992267610175137,10
population,4,16,8,2114,6,7,28.0,False,0.015992267610175137,7
population,4,16,8,2114,7,1,137.0,False,0.015992267610175137,35
population,4,16,8,2114,8,7,15.0,False,0.015992267610175137,4
population,4,16,8,2114,9,7,49.0,False,0.015992267610175137,13
population,4,16,8,2114,10,1,45.0,False,0.015992267610175137,12
population,4,16,8,2114,11,7,37.0,False,0.015992267610175137,10
population,4,16,8,2114,12,3,46.0,False,0.015992267610175137,12
population,4,16,8,2114,13,0,9.0,False,0.015992267610175137,3
population,4,16,8,2114,14,5,61.0,False,0.015992267610175137,16
population,4,16,8,2114,15,0,14.0,False,0.015992267610175137,4
population,4,16,8,2115,0,6,46.0,False,0.015992267610175137,12
population,4,16,8,2115,1,6,47.0,False,0.015992267610175137,12
population,4,16,8,2115,2,5,49.0,False,0.015992267610175137,13
population,4,16,8,2115,3,0,35.0,False,0.015992267610175137,9
population,4,16,8,2115,4,1,61.0,False,0.015992267610175137,16
population,4,16,8,2115,5,0,38.0,False,0.015992267610175137,10
population,4,16,8,2115,6,3,46.0,False,0.015992267610175137,12
population,4,16,8,2115,7,2,87.0,False,0.015992267610175137,22
population,4,16,8,2115,8,0,36.0,False,0.015992267610175137,9
population,4,16,8,2115,9,5,53.0,False,0.015992267610175137,14
population,4,16,8,2115,10,0,19.0,False,0.015992267610175137,5
population,4,16,8,2115,11,6,53.0,False,0.015992267610175137,14
population,4,16,8,2115,12,4,93.0,False,0.015992267610175137,24
population,4,16,8,2115,13,7,185.0,False,0.015992267610175137,47
population,4,16,8,2115,14,4,94.0,False,0.015992267610175137,24
population,4,16,8,2115,15,5,60.0,False,0.015992267610175137,15
population,4,16,8,2116,0,4,60.0,False,0.015992267610175137,15
population,4,16,8,2116,1,1,50.0,False,0.015992267610175137,13
population,4,16,8,2116,2,0,41.0,False,0.015992267610175137,11
population,4,16,8,2116,3,0,33.0,False,0.015992267610175137,9
population,4,16,8,2116,4,5,51.0,False,0.015992267610175137,13
population,4,16,8,2116,5,6,54.0,False,0.015992267610175137,14
population,4,16,8,2116,6,0,224.0,False,0.015992267610175137,56
population,4,16,8,2116,7,5,67.0,False,0.015992267610175137,17
population,4,16,8,2116,8,3,72.0,False,0.015992267610175137,18
population,4,16,8,2116,9,4,146.0,False,0.015992267610175137,37
population,4,16,8,2116,10,5,142.0,False,0.015992267610175137,36
population,4,16,8,2116,11,6,151.0,False,0.015992267610175137,38
population,4,16,8,2116,12,5,105.0,False,0.015992267610175137,27
population,4,16,8,2116,13,4,101.0,False,0.015992267610175137,26
population,4,16,8,2116,14,3,51.0,False,0.015992267610175137,13
population,4,16,8,2116,15,6,56.0,False,0.015992267610175137,14
population,4,16,8,2117,0,2,46.0,False,0.015992267610175137,12
population,4,16,8,2117,1,3,63.0,False,0.015992267610175137,16
population,4,16,8,2117,2,0,10.0,False,0.015992267610175137,3
population,4,16,8,2117,3,2,56.0,False,0.015992267610175137,14
population,4,16,8,2117,4,7,78.0,False,0.015992267610175137,20
population,4,16,8,2117,5,1,75.0,False,0.015992267610175137,19
population,4,16,8,2117,6,0,16.0,False,0.015992267610175137,4
population,4,16,8,2117,7,0,33.0,False,0.015992267610175137,9
population,4,16,8,2117,8,6,138.0,False,0.015992267610175137,35
population,4,16,8,2117,9,0,147.0,False,0.015992267610175137,37
population,4,16,8,2117,10,7,8.0,False,0.015992267610175137,2
population,4,16,8,2117,11,6,60.0,False,0.015992267610175137,15
population,4,16,8,2117,12,3,48.0,False,0.015992267610175137,12
population,4,16,8,2117,13,5,126.0,False,0.015992267610175137,32
population,4,16,8,2117,14,5,58.0,False,0.015992267610175137,15
population,4,16,8,2117,15,3,76.0,False,0.015992267610175137,19
population,4,16,8,2118,0,1,117.0,False,0.015992267610175137,30
population,4,16,8,2118,1,1,49.0,False,0.015992267610175137,13
population,4,16,8,2118,2,4,49.0,False,0.015992267610175137,13
population,4,16,8,2118,3,6,148.0,False,0.015992267610175137,37
population,4,16,8,2118,4,0,20.0,False,0.015992267610175137,5
population,4,16,8,2118,5,7,37.0,False,0.015992267610175137,10
population,4,16,8,2118,6,0,16.0,False,0.015992267610175137,4
population,4,16,8,2118,7,0,16.0,False,0.015992267610175137,4
population,4,16,8,2118,8,6,63.0,False,0.015992267610175137,16
population,4,16,8,2118,9,7,27.0,False,0.015992267610175137,7
population,4,16,8,2118,10,1,155.0,False,0.015992267610175137,39
population,4,16,8,2118,11,4,64.0,False,0.015992267610175137,16
population,4,16,8,2118,12,0,37.0,False,0.015992267610175137,10
population,4,16,8,2118,13,6,48.0,False,0.015992267610175137,12
population,4,16,8,2118,14,3,53.0,False,0.015992267610175137,14
population,4,16,8,2118,15,3,91.0,False,0.015992267610175137,23
population,4,16,8,2119,0,5,50.0,False,0.015992267610175137,13
population,4,16,8,2119,1,1,67.0,False,0.015992267610175137,17
population,4,16,8,2119,2,1,88.0,False,0.015992267610175137,22
population,4,16,8,2119,3,4,48.0,False,0.015992267610175137,12
population,4,16,8,2119,4,5,80.0,False,0.015992267610175137,20
population,4,16,8,2119,5,3,48.0,False,0.015992267610175137,12
population,4,16,8,2119,6,6,54.0,False,0.015992267610175137,14
population,4,16,8,2119,7,4,47.0,False,0.015992267610175137,12
population,4,16,8,2119,8,2,48.0,False,0.015992267610175137,12
population,4,16,8,2119,9,7,42.0,False,0.015992267610175137,11
population,4,16,8,2119,10,6,47.0,False,0.015992267610175137,12
population,4,16,8,2119,11,2,50.0,False,0.015992267610175137,13
population,4,16,8,2119,12,7,14.0,False,0.015992267610175137,4
population,4,16,8,2119,13,6,49.0,False,0.015992267610175137,13
population,4,16,8,2119,14,5,61.0,False,0.015992267610175137,16
population,4,16,8,2119,15,4,92.0,False,0.015992267610175137,23
population,4,16,8,2120,0,3,82.0,False,0.015992267610175137,21
population,4,16,8,2120,1,1,75.0,False,0.015992267610175137,19
population,4,16,8,2120,2,1,129.0,False,0.015992267610175137,33
population,4,16,8,2120,3,2,47.0,False,0.015992267610175137,12
population,4,16,8,2120,4,5,63.0,False,0.015992267610175137,16
population,4,16,8,2120,5,7,31.0,False,0.015992267610175137,8
population,4,16,8,2120,6,4,95.0,False,0.015992267610175137,24
population,4,16,8,2120,7,5,55.0,False,0.015992267610175137,14
population,4,16,8,2120,8,7,33.0,False,0.015992267610175137,9
population,4,16,8,2120,9,4,253.0,False,0.015992267610175137,64
population,4,16,8,2120,10,1,74.0,False,0.015992267610175137,19
population,4,16,8,2120,11,7,10.0,False,0.015992267610175137,3
population,4,16,8,2120,12,2,108.0,False,0.015992267610175137,27
population,4,16,8,2120,13,5,51.0,False,0.015992267610175137,13
population,4,16,8,2120,14,5,45.0,False,0.015992267610175137,12
population,4,16,8,2120,15,7,21.0,False,0.015992267610175137,6
population,4,16,8,2121,0,5,57.0,False,0.015992267610175137,15
population,4,16,8,2121,1,0,30.0,False,0.015992267610175137,8
population,4,16,8,2121,2,6,54.0,False,0.015992267610175137,14
population,4,16,8,2121,3,2,84.0,False,0.015992267610175137,21
population,4,16,8,2121,4,3,74.0,False,0.015992267610175137,19
population,4,16,8,2121,5,0,23.0,False,0.015992267610175137,6
population,4,16,8,2121,6,5,48.0,False,0.015992267610175137,12
population,4,16,8,2121,7,5,67.0,False,0.015992267610175137,17
population,4,16,8,2121,8,2,79.0,False,0.015992267610175137,20
population,4,16,8,2121,9,5,45.0,False,0.015992267610175137,12
population,4,16,8,2121,10,0,10.0,False,0.015992267610175137,3
population,4,16,8,2121,11,7,138.0,False,0.015992267610175137,35
population,4,16,8,2121,12,3,60.0,False,0.015992267610175137,15
population,4,16,8,2121,13,4,48.0,False,0.015992267610175137,12
population,4,16,8,2121,14,6,46.0,False,0.015992267610175137,12
population,4,16,8,2121,15,0,19.0,False,0.015992267610175137,5
population,4,16,8,2122,0,5,46.0,False,0.015992267610175137,12
population,4,16,8,2122,1,6,50.0,False,0.015992267610175137,13
population,4,16,8,2122,2,7,10.0,False,0.015992267610175137,3
population,4,16,8,2122,3,4,54.0,False,0.015992267610175137,14
population,4,16,8,2122,4,6,68.0,False,0.015992267610175137,17
population,4,16,8,2122,5,2,84.0,False,0.015992267610175137,21
population,4,16,8,2122,6,5,47.0,False,0.015992267610175137,12
population,4,16,8,2122,7,5,45.0,False,0.015992267610175137,12
population,4,16,8,2122,8,5,45.0,False,0.015992267610175137,12
population,4,16,8,2122,9,1,51.0,False,0.015992267610175137,13
population,4,16,8,2122,10,5,48.0,False,0.015992267610175137,12
population,4,16,8,2122,11,4,52.0,False,0.015992267610175137,13
population,4,16,8,2122,12,7,60.0,False,0.015992267610175137,15
population,4,16,8,2122,13,5,49.0,False,0.015992267610175137,13
population,4,16,8,2122,14,3,58.0,False,0.015992267610175137,15
population,4,16,8,2122,15,3,52.0,False,0.015992267610175137,13
population,4,16,8,2123,0,1,87.0,False,0.015992267610175137,22
population,4,16,8,2123,1,0,17.0,False,0.015992267610175137,5
population,4,16,8,2123,2,0,17.0,False,0.015992267610175137,5
population,4,16,8,2123,3,0,54.0,False,0.015992267610175137,14
population,4,16,8,2123,4,5,49.0,False,0.015992267610175137,13
population,4,16,8,2123,5,3,46.0,False,0.015992267610175137,12
population,4,16,8,2123,6,5,67.0,False,0.015992267610175137,17
population,4,16,8,2123,7,3,82.0,False,0.015992267610175137,21
population,4,16,8,2123,8,1,46.0,False,0.015992267610175137,12
population,4,16,8,2123,9,1,57.0,False,0.015992267610175137,15
population,4,16,8,2123,10,3,79.0,False,0.015992267610175137,20
population,4,16,8,2123,11,2,64.0,False,0.015992267610175137,16
population,4,16,8,2123,12,2,66.0,False,0.015992267610175137,17
population,4,16,8,2123,13,5,79.0,False,0.015992267610175137,20
population,4,16,8,2123,14,1,128.0,False,0.015992267610175137,32
population,4,16,8,2123,15,7,21.0,False,0.015992267610175137,6
population,4,16,8,2124,0,3,46.0,False,0.015992267610175137,12
population,4,16,8,2124,1,1,55.0,False,0.015992267610175137,14
population,4,16,8,2124,2,1,65.0,False,0.015992267610175137,17
population,4,16,8,2124,3,1,63.0,False,0.015992267610175137,16
population,4,16,8,2124,4,0,38.0,False,0.015992267610175137,10
population,4,16,8,2124,5,7,56.0,False,0.015992267610175137,14
population,4,16,8,2124,6,5,55.0,False,0.015992267610175137,14
population,4,16,8,2124,7,4,90.0,False,0.015992267610175137,23
population,4,16,8,2124,8,4,55.0,False,0.015992267610175137,14
population,4,16,8,2124,9,1,46.0,False,0.015992267610175137,12
population,4,16,8,2124,10,4,60.0,False,0.015992267610175137,15
population,4,16,8,2124,11,5,58.0,False,0.015992267610175137,15
population,4,16,8,2124,12,4,46.0,False,0.015992267610175137,12
population,4,16,8,2124,13,0,24.0,False,0.015992267610175137,6
population,4,16,8,2124,14,4,58.0,False,0.015992267610175137,15
population,4,16,8,2124,15,3,46.0,False,0.015992267610175137,12
population,4,16,8,2125,0,7,25.0,False,0.015992267610175137,7
population,4,16,8,2125,1,4,61.0,False,0.015992267610175137,16
population,4,16,8,2125,2,5,51.0,False,0.015992267610175137,13
population,4,16,8,2125,3,4,47.0,False,0.015992267610175137,12
population,4,16,8,2125,4,4,57.0,False,0.015992267610175137,15
population,4,16,8,2125,5,6,56.0,False,0.015992267610175137,14
population,4,16,8,2125,6,1,92.0,False,0.015992267610175137,23
population,4,16,8,2125,7,7,17.0,False,0.015992267610175137,5
population,4,16,8,2125,8,0,62.0,False,0.015992267610175137,16
population,4,16,8,2125,9,6,48.0,False,0.015992267610175137,12
population,4,16,8,2125,10,7,10.0,False,0.015992267610175137,3
population,4,16,8,2125,11,1,62.0,False,0.015992267610175137,16
population,4,16,8,2125,12,2,63.0,False,0.015992267610175137,16
population,4,16,8,2125,13,0,20.0,False,0.015992267610175137,5
population,4,16,8,2125,14,0,27.0,False,0.015992267610175137,7
population,4,16,8,2125,15,6,62.0,False,0.015992267610175137,16
population,4,16,8,2126,0,3,57.0,False,0.015992267610175137,15
population,4,16,8,2126,1,2,217.0,False,0.015992267610175137,55
population,4,16,8,2126,2,0,15.0,False,0.015992267610175137,4
population,4,16,8,2126,3,0,30.0,False,0.015992267610175137,8
population,4,16,8,2126,4,3,68.0,False,0.015992267610175137,17
population,4,16,8,2126,5,4,60.0,False,0.015992267610175137,15
population,4,16,8,2126,6,6,63.0,False,0.015992267610175137,16
population,4,16,8,2126,7,0,14.0,False,0.015992267610175137,4
population,4,16,8,2126,8,2,135.0,False,0.015992267610175137,34
population,4,16,8,2126,9,4,60.0,False,0.015992267610175137,15
population,4,16,8,2126,10,5,46.0,False,0.015992267610175137,12
population,4,16,8,2126,11,7,16.0,False,0.015992267610175137,4
population,4,16,8,2126,12,1,60.0,False,0.015992267610175137,15
population,4,16,8,2126,13,6,58.0,False,0.015992267610175137,15
population,4,16,8,2126,14,4,77.0,False,0.015992267610175137,20
population,4,16,8,2126,15,1,55.0,False,0.015992267610175137,14
population,4,16,8,2127,0,6,108.0,False,0.015992267610175137,27
population,4,16,8,2127,1,1,81.0,False,0.015992267610175137,21
population,4,16,8,2127,2,2,48.0,False,0.015992267610175137,12
population,4,16,8,2127,3,7,18.0,False,0.015992267610175137,5
population,4,16,8,2127,4,4,47.0,False,0.015992267610175137,12
population,4,16,8,2127,5,1,62.0,False,0.015992267610175137,16
population,4,16,8,2127,6,6,50.0,False,0.015992267610175137,13
population,4,16,8,2127,7,7,46.0,False,0.015992267610175137,12
population,4,16,8,2127,8,4,89.0,False,0.015992267610175137,23
population,4,16,8,2127,9,4,46.0,False,0.015992267610175137,12
population,4,16,8,2127,10,5,199.0,False,0.015992267610175137,50
population,4,16,8,2127,11,2,75.0,False,0.015992267610175137,19
population,4,16,8,2127,12,0,17.0,False,0.015992267610175137,5
population,4,16,8,2127,13,3,46.0,False,0.015992267610175137,12
population,4,16,8,2127,14,2,54.0,False,0.015992267610175137,14
population,4,16,8,2127,15,4,49.0,False,0.015992267610175137,13
population,4,16,8,2128,0,1,65.0,False,0.015992267610175137,17
population,4,16,8,2128,1,3,49.0,False,0.015992267610175137,13
population,4,16,8,2128,2,3,69.0,False,0.015992267610175137,18
population,4,16,8,2128,3,2,51.0,False,0.015992267610175137,13
population,4,16,8,2128,4,1,79.0,False,0.015992267610175137,20
population,4,16,8,2128,5,7,13.0,False,0.015992267610175137,4
population,4,16,8,2128,6,4,71.0,False,0.015992267610175137,18
population,4,16,8,2128,7,0,20.0,False,0.015992267610175137,5
population,4,16,8,2128,8,7,46.0,False,0.015992267610175137,12
population,4,16,8,2128,9,4,100.0,False,0.015992267610175137,25
population,4,16,8,2128,10,7,52.0,False,0.015992267610175137,13
population,4,16,8,2128,11,7,114.0,False,0.015992267610175137,29
population,4,16,8,2128,12,0,30.0,False,0.015992267610175137,8
population,4,16,8,2128,13,5,46.0,False,0.015992267610175137,12
population,4,16,8,2128,14,2,93.0,False,0.015992267610175137,24
population,4,16,8,2128,15,5,46.0,False,0.015992267610175137,12
population,4,16,8,2129,0,0,19.0,False,0.015992267610175137,5
population,4,16,8,2129,1,2,51.0,False,0.015992267610175137,13
population,4,16,8,2129,2,5,110.0,False,0.015992267610175137,28
population,4,16,8,2129,3,1,53.0,False,0.015992267610175137,14
population,4,16,8,2129,4,7,43.0,False,0.015992267610175137,11
population,4,16,8,2129,5,4,46.0,False,0.015992267610175137,12
population,4,16,8,2129,6,3,50.0,False,0.015992267610175137,13
population,4,16,8,2129,7,6,48.0,False,0.015992267610175137,12
population,4,16,8,2129,8,4,46.0,False,0.015992267610175137,12
population,4,16,8,2129,9,7,73.0,False,0.015992267610175137,19
population,4,16,8,2129,10,5,54.0,False,0.015992267610175137,14
population,4,16,8,2129,11,4,50.0,False,0.015992267610175137,13
population,4,16,8,2129,12,6,86.0,False,0.015992267610175137,22
population,4,16,8,2129,13,1,73.0,False,0.015992267610175137,19
population,4,16,8,2129,14,1,45.0,False,0.015992267610175137,12
population,4,16,8,2129,15,3,48.0,False,0.015992267610175137,12
population,4,16,8,2130,0,2,59.0,False,0.015992267610175137,15
population,4,16,8,2130,1,4,52.0,False,0.015992267610175137,13
population,4,16,8,2130,2,5,46.0,False,0.015992267610175137,12
population,4,16,8,2130,3,5,107.0,False,0.015992267610175137,27
population,4,16,8,2130,4,2,49.0,False,0.015992267610175137,13
population,4,16,8,2130,5,1,45.0,False,0.015992267610175137,12
population,4,16,8,2130,6,0,65.0,False,0.015992267610175137,17
population,4,16,8,2130,7,2,50.0,False,0.015992267610175137,13
population,4,16,8,2130,8,0,42.0,False,0.015992267610175137,11
population,4,16,8,2130,9,7,37.0,False,0.015992267610175137,10
population,4,16,8,2130,10,2,50.0,False,0.015992267610175137,13
population,4,16,8,2130,11,3,49.0,False,0.015992267610175137,13
population,4,16,8,2130,12,5,49.0,False,0.015992267610175137,13
population,4,16,8,2130,13,2,61.0,False,0.015992267610175137,16
population,4,16,8,2130,14,2,52.0,False,0.015992267610175137,13
population,4,16,8,2130,15,7,17.0,False,0.015992267610175137,5
population,4,16,8,2131,0,0,12.0,False,0.015992267610175137,3
population,4,16,8,2131,1,5,53.0,False,0.015992267610175137,14
population,4,16,8,2131,2,0,16.0,False,0.015992267610175137,4
population,4,16,8,2131,3,0,12.0,False,0.015992267610175137,3
population,4,16,8,2131,4,7,29.0,False,0.015992267610175137,8
population,4,16,8,2131,5,0,24.0,False,0.015992267610175137,6
population,4,16,8,2131,6,7,76.0,False,0.015992267610175137,19
population,4,16,8,2131,7,4,63.0,False,0.015992267610175137,16
population,4,16,8,2131,8,3,91.0,False,0.015992267610175137,23
population,4,16,8,2131,9,6,51.0,False,0.015992267610175137,13
population,4,16,8,2131,10,4,48.0,False,0.015992267610175137,12
population,4,16,8,2131,11,5,118.0,False,0.015992267610175137,30
population,4,16,8,2131,12,7,12.0,False,0.015992267610175137,3
population,4,16,8,2131,13,3,186.0,False,0.015992267610175137,47
population,4,16,8,2131,14,4,50.0,False,0.015992267610175137,13
population,4,16,8,2131,15,3,47.0,False,0.015992267610175137,12
population,4,16,8,2132,0,0,46.0,False,0.015992267610175137,12
population,4,16,8,2132,1,4,80.0,False,0.015992267610175137,20
population,4,16,8,2132,2,0,37.0,False,0.015992267610175137,10
population,4,16,8,2132,3,5,51.0,False,0.015992267610175137,13
population,4,16,8,2132,4,3,53.0,False,0.015992267610175137,14
population,4,16,8,2132,5,5,51.0,False,0.015992267610175137,13
population,4,16,8,2132,6,6,155.0,False,0.015992267610175137,39
population,4,16,8,2132,7,3,92.0,False,0.015992267610175137,23
population,4,16,8,2132,8,1,58.0,False,0.015992267610175137,15
population,4,16,8,2132,9,6,82.0,False,0.015992267610175137,21
population,4,16,8,2132,10,5,146.0,False,0.015992267610175137,37
population,4,16,8,2132,11,2,106.0,False,0.015992267610175137,27
population,4,16,8,2132,12,5,53.0,False,0.015992267610175137,14
population,4,16,8,2132,13,7,29.0,False,0.015992267610175137,8
population,4,16,8,2132,14,2,144.0,False,0.015992267610175137,36
population,4,16,8,2132,15,6,52.0,False,0.015992267610175137,13
population,4,16,8,2133,0,0,25.0,False,0.015992267610175137,7
population,4,16,8,2133,1,7,33.0,False,0.015992267610175137,9
population,4,16,8,2133,2,7,46.0,False,0.015992267610175137,12
population,4,16,8,2133,3,6,46.0,False,0.015992267610175137,12
population,4,16,8,2133,4,5,45.0,False,0.015992267610175137,12
population,4,16,8,2133,5,0,23.0,False,0.015992267610175137,6
population,4,16,8,2133,6,4,54.0,False,0.015992267610175137,14
population,4,16,8,2133,7,1,52.0,False,0.015992267610175137,13
population,4,16,8,2133,8,5,45.0,False,0.015992267610175137,12
population,4,16,8,2133,9,1,56.0,False,0.015992267610175137,14
population,4,16,8,2133,10,1,46.0,False,0.015992267610175137,12
population,4,16,8,2133,11,6,47.0,False,0.015992267610175137,12
population,4,16,8,2133,12,4,45.0,False,0.015992267610175137,12
population,4,16,8,2133,13,6,136.0,False,0.015992267610175137,34
population,4,16,8,2133,14,1,68.0,False,0.015992267610175137,17
population,4,16,8,2133,15,5,45.0,False,0.015992267610175137,12
population,4,16,8,2134,0,6,74.0,False,0.015992267610175137,19
population,4,16,8,2134,1,7,6.0,False,0.015992267610175137,2
population,4,16,8,2134,2,1,119.0,False,0.015992267610175137,30
population,4,16,8,2134,3,3,63.0,False,0.015992267610175137,16
population,4,16,8,2134,4,7,37.0,False,0.015992267610175137,10
population,4,16,8,2134,5,7,43.0,False,0.015992267610175137,11
population,4,16,8,2134,6,0,10.0,False,0.015992267610175137,3
population,4,16,8,2134,7,2,48.0,False,0.015992267610175137,12
population,4,16,8,2134,8,1,150.0,False,0.015992267610175137,38
population,4,16,8,2134,9,0,19.0,False,0.015992267610175137,5
population,4,16,8,2134,10,6,90.0,False,0.015992267610175137,23
population,4,16,8,2134,11,5,50.0,False,0.015992267610175137,13
population,4,16,8,2134,12,1,88.0,False,0.015992267610175137,22
population,4,16,8,2134,13,5,70.0,False,0.015992267610175137,18
population,4,16,8,2134,14,5,56.0,False,0.015992267610175137,14
population,4,16,8,2134,15,5,47.0,False,0.015992267610175137,12
population,4,16,8,2135,0,5,80.0,False,0.015992267610175137,20
population,4,16,8,2135,1,2,95.0,False,0.015992267610175137,24
population,4,16,8,2135,2,4,45.0,False,0.015992267610175137,12
population,4,16,8,2135,3,5,77.0,False,0.015992267610175137,20
population,4,16,8,2135,4,2,89.0,False,0.015992267610175137,23
population,4,16,8,2135,5,4,51.0,False,0.015992267610175137,13
population,4,16,8,2135,6,3,72.0,False,0.015992267610175137,18
population,4,16,8,2135,7,1,80.0,False,0.015992267610175137,20
population,4,16,8,2135,8,0,38.0,False,0.015992267610175137,10
population,4,16,8,2135,9,3,48.0,False,0.015992267610175137,12
population,4,16,8,2135,10,1,158.0,False,0.015992267610175137,40
population,4,16,8,2135,11,3,59.0,False,0.015992267610175137,15
population,4,16,8,2135,12,7,14.0,False,0.015992267610175137,4
population,4,16,8,2135,13,5,62.0,False,0.015992267610175137,16
population,4,16,8,2135,14,1,177.0,False,0.015992267610175137,45
population,4,16,8,2135,15,1,88.0,False,0.015992267610175137,22
population,4,16,8,2136,0,6,102.0,False,0.015992267610175137,26
population,4,16,8,2136,1,2,76.0,False,0.015992267610175137,19
population,4,16,8,2136,2,0,28.0,False,0.015992267610175137,7
population,4,16,8,2136,3,3,51.0,False,0.015992267610175137,13
population,4,16,8,2136,4,5,68.0,False,0.015992267610175137,17
population,4,16,8,2136,5,3,105.0,False,0.015992267610175137,27
population,4,16,8,2136,6,6,76.0,False,0.015992267610175137,19
population,4,16,8,2136,7,7,24.0,False,0.015992267610175137,6
population,4,16,8,2136,8,1,124.0,False,0.015992267610175137,31
population,4,16,8,2136,9,1,46.0,False,0.015992267610175137,12
population,4,16,8,2136,10,0,37.0,False,0.015992267610175137,10
population,4,16,8,2136,11,5,60.0,False,0.015992267610175137,15
population,4,16,8,2136,12,4,80.0,False,0.015992267610175137,20
population,4,16,8,2136,13,3,75.0,False,0.015992267610175137,19
population,4,16,8,2136,14,4,47.0,False,0.015992267610175137,12
population,4,16,8,2136,15,5,213.0,False,0.015992267610175137,54
population,4,16,8,2137,0,6,46.0,False,0.015992267610175137,12
population,4,16,8,2137,1,5,46.0,False,0.015992267610175137,12
population,4,16,8,2137,2,0,25.0,False,0.015992267610175137,7
population,4,16,8,2137,3,5,50.0,False,0.015992267610175137,13
population,4,16,8,2137,4,7,45.0,False,0.015992267610175137,12
population,4,16,8,2137,5,1,87.0,False,0.015992267610175137,22
population,4,16,8,2137,6,1,52.0,False,0.015992267610175137,13
population,4,16,8,2137,7,3,113.0,False,0.015992267610175137,29
population,4,16,8,2137,8,7,11.0,False,0.015992267610175137,3
population,4,16,8,2137,9,2,77.0,False,0.015992267610175137,20
population,4,16,8,2137,10,6,47.0,False,0.015992267610175137,12
population,4,16,8,2137,11,0,12.0,False,0.015992267610175137,3
population,4,16,8,2137,12,6,318.0,False,0.015992267610175137,80
population,4,16,8,2137,13,7,49.0,False,0.015992267610175137,13
population,4,16,8,2137,14,5,50.0,False,0.015992267610175137,13
population,4,16,8,2137,15,1,74.0,False,0.015992267610175137,19
population,4,16,8,2138,0,2,105.0,False,0.015992267610175137,27
population,4,16,8,2138,1,2,72.0,False,0.015992267610175137,18
population,4,16,8,2138,2,1,48.0,False,0.015992267610175137,12
population,4,16,8,2138,3,3,60.0,False,0.015992267610175137,15
population,4,16,8,2138,4,3,94.0,False,0.015992267610175137,24
population,4,16,8,2138,5,5,64.0,False,0.015992267610175137,16
population,4,16,8,2138,6,2,87.0,False,0.015992267610175137,22
population,4,16,8,2138,7,5,56.0,False,0.015992267610175137,14
population,4,16,8,2138,8,6,54.0,False,0.015992267610175137,14
population,4,16,8,2138,9,1,67.0,False,0.015992267610175137,17
population,4,16,8,2138,10,3,91.0,False,0.015992267610175137,23
population,4,16,8,2138,11,1,56.0,False,0.015992267610175137,14
population,4,16,8,2138,12,4,141.0,False,0.015992267610175137,36
population,4,16,8,2138,13,4,47.0,False,0.015992267610175137,12
population,4,16,8,2138,14,2,81.0,False,0.015992267610175137,21
population,4,16,8,2138,15,3,97.0,False,0.015992267610175137,25
population,4,16,8,2139,0,5,57.0,False,0.015992267610175137,15
population,4,16,8,2139,1,1,48.0,False,0.015992267610175137,12
population,4,16,8,2139,2,1,48.0,False,0.015992267610175137,12
population,4,16,8,2139,3,3,62.0,False,0.015992267610175137,16
population,4,16,8,2139,4,1,79.0,False,0.015992267610175137,20
population,4,16,8,2139,5,1,49.0,False,0.015992267610175137,13
population,4,16,8,2139,6,1,49.0,False,0.015992267610175137,13
population,4,16,8,2139,7,3,50.0,False,0.015992267610175137,13
population,4,16,8,2139,8,6,46.0,False,0.015992267610175137,12
population,4,16,8,2139,9,7,64.0,False,0.015992267610175137,16
population,4,16,8,2139,10,7,84.0,False,0.015992267610175137,21
population,4,16,8,2139,11,6,58.0,False,0.015992267610175137,15
population,4,16,8,2139,12,1,52.0,False,0.015992267610175137,13
population,4,16,8,2139,13,3,48.0,False,0.015992267610175137,12
population,4,16,8,2139,14,2,54.0,False,0.015992267610175137,14
population,4,16,8,2139,15,3,83.0,False,0.015992267610175137,21
population,4,16,8,2140,0,1,76.0,False,0.015992267610175137,19
population,4,16,8,2140,1,4,96.0,False,0.015992267610175137,24
population,4,16,8,2140,2,5,85.0,False,0.015992267610175137,22
population,4,16,8,2140,3,1,52.0,False,0.015992267610175137,13
population,4,16,8,2140,4,1,66.0,False,0.015992267610175137,17
population,4,16,8,2140,5,1,46.0,False,0.015992267610175137,12
population,4,16,8,2140,6,0,37.0,False,0.015992267610175137,10
population,4,16,8,2140,7,5,45.0,False,0.015992267610175137,12
population,4,16,8,2140,8,1,45.0,False,0.015992267610175137,12
population,4,16,8,2140,9,0,58.0,False,0.015992267610175137,15
population,4,16,8,2140,10,3,45.0,False,0.015992267610175137,12
population,4,16,8,2140,11,2,53.0,False,0.015992267610175137,14
population,4,16,8,2140,12,0,13.0,False,0.015992267610175137,4
population,4,16,8,2140,13,5,59.0,False,0.015992267610175137,15
population,4,16,8,2140,14,4,58.0,False,0.015992267610175137,15
population,4,16,8,2140,15,0,30.0,False,0.015992267610175137,8
population,4,16,8,2141,0,0,12.0,False,0.015992267610175137,3
population,4,16,8,2141,1,7,26.0,False,0.015992267610175137,7
population,4,16,8,2141,2,5,72.0,False,0.015992267610175137,18
population,4,16,8,2141,3,1,49.0,False,0.015992267610175137,13
population,4,16,8,2141,4,4,47.0,False,0.015992267610175137,12
population,4,16,8,2141,5,6,49.0,False,0.015992267610175137,13
population,4,16,8,2141,6,3,46.0,False,0.015992267610175137,12
population,4,16,8,2141,7,3,65.0,False,0.015992267610175137,17
population,4,16,8,2141,8,5,163.0,False,0.015992267610175137,41
population,4,16,8,2141,9,0,13.0,False,0.015992267610175137,4
population,4,16,8,2141,10,4,47.0,False,0.015992267610175137,12
population,4,16,8,2141,11,7,22.0,False,0.015992267610175137,6
population,4,16,8,2141,12,4,68.0,False,0.015992267610175137,17
population,4,16,8,2141,13,6,46.0,False,0.015992267610175137,12
population,4,16,8,2141,14,5,59.0,False,0.015992267610175137,15
population,4,16,8,2141,15,5,46.0,False,0.015992267610175137,12
population,4,16,8,2142,0,1,73.0,False,0.015992267610175137,19
population,4,16,8,2142,1,7,75.0,False,0.015992267610175137,19
population,4,16,8,2142,2,1,91.0,False,0.015992267610175137,23
population,4,16,8,2142,3,0,9.0,False,0.015992267610175137,3
population,4,16,8,2142,4,6,59.0,False,0.015992267610175137,15
population,4,16,8,2142,5,0,58.0,False,0.015992267610175137,15
population,4,16,8,2142,6,4,50.0,False,0.015992267610175137,13
population,4,16,8,2142,7,7,30.0,False,0.015992267610175137,8
population,4,16,8,2142,8,1,53.0,False,0.015992267610175137,14
population,4,16,8,2142,9,5,64.0,False,0.015992267610175137,16
population,4,16,8,2142,10,6,50.0,False,0.015992267610175137,13
population,4,16,8,2142,11,7,21.0,False,0.015992267610175137,6
population,4,16,8,2142,12,6,123.0,False,0.015992267610175137,31
population,4,16,8,2142,13,5,98.0,False,0.015992267610175137,25
population,4,16,8,2142,14,3,67.0,False,0.015992267610175137,17
population,4,16,8,2142,15,2,51.0,False,0.015992267610175137,13
population,4,16,8,2143,0,1,102.0,False,0.015992267610175137,26
population,4,16,8,2143,1,4,45.0,False,0.015992267610175137,12
population,4,16,8,2143,2,2,118.0,False,0.015992267610175137,30
population,4,16,8,2143,3,3,91.0,False,0.015992267610175137,23
population,4,16,8,2143,4,4,48.0,False,0.015992267610175137,12
population,4,16,8,2143,5,6,46.0,False,0.015992267610175137,12
population,4,16,8,2143,6,0,13.0,False,0.015992267610175137,4
population,4,16,8,2143,7,4,66.0,False,0.015992267610175137,17
population,4,16,8,2143,8,7,173.0,False,0.015992267610175137,44
population,4,16,8,2143,9,5,79.0,False,0.015992267610175137,20
population,4,16,8,2143,10,3,190.0,False,0.015992267610175137,48
population,4,16,8,2143,11,2,76.0,False,0.015992267610175137,19
population,4,16,8,2143,12,1,80.0,False,0.015992267610175137,20
population,4,16,8,2143,13,2,184.0,False,0.015992267610175137,46
population,4,16,8,2143,14,0,66.0,False,0.015992267610175137,17
population,4,16,8,2143,15,1,48.0,False,0.015992267610175137,12
population,4,16,8,2144,0,1,48.0,False,0.015992267610175137,12
population,4,16,8,2144,1,3,153.0,False,0.015992267610175137,39
population,4,16,8,2144,2,3,85.0,False,0.015992267610175137,22
population,4,16,8,2144,3,6,172.0,False,0.015992267610175137,43
population,4,16,8,2144,4,4,66.0,False,0.015992267610175137,17
population,4,16,8,2144,5,3,46.0,False,0.015992267610175137,12
population,4,16,8,2144,6,3,58.0,False,0.015992267610175137,15
population,4,16,8,2144,7,5,122.0,False,0.015992267610175137,31
population,4,16,8,2144,8,2,47.0,False,0.015992267610175137,12
population,4,16,8,2144,9,6,45.0,False,0.015992267610175137,12
population,4,16,8,2144,10,7,11.0,False,0.015992267610175137,3
population,4,16,8,2144,11,3,47.0,False,0.015992267610175137,12
population,4,16,8,2144,12,6,60.0,False,0.015992267610175137,15
population,4,16,8,2144,13,5,58.0,False,0.015992267610175137,15
population,4,16,8,2144,14,0,20.0,False,0.015992267610175137,5
population,4,16,8,2144,15,0,28.0,False,0.015992267610175137,7
population,4,16,8,2145,0,3,77.0,False,0.015992267610175137,20
population,4,16,8,2145,1,3,70.0,False,0.015992267610175137,18
population,4,16,8,2145,2,5,46.0,False,0.015992267610175137,12
population,4,16,8,2145,3,2,295.0,False,0.015992267610175137,74
population,4,16,8,2145,4,4,118.0,False,0.015992267610175137,30
population,4,16,8,2145,5,6,50.0,False,0.015992267610175137,13
population,4,16,8,2145,6,4,161.0,False,0.015992267610175137,41
population,4,16,8,2145,7,1,49.0,False,0.015992267610175137,13
population,4,16,8,2145,8,6,110.0,False,0.015992267610175137,28
population,4,16,8,2145,9,4,76.0,False,0.015992267610175137,19
population,4,16,8,2145,10,1,113.0,False,0.015992267610175137,29
population,4,16,8,2145,11,6,47.0,False,0.015992267610175137,12
population,4,16,8,2145,12,6,76.0,False,0.015992267610175137,19
population,4,16,8,2145,13,6,105.0,False,0.015992267610175137,27
population,4,16,8,2145,14,1,49.0,False,0.015992267610175137,13
population,4,16,8,2145,15,6,49.0,False,0.015992267610175137,13
population,4,16,8,2146,0,0,68.0,False,0.015992267610175137,17
population,4,16,8,2146,1,5,62.0,False,0.015992267610175137,16
population,4,16,8,2146,2,3,87.0,False,0.015992267610175137,22
population,4,16,8,2146,3,5,54.0,False,0.015992267610175137,14
population,4,16,8,2146,4,6,59.0,False,0.015992267610175137,15
population,4,16,8,2146,5,1,48.0,False,0.015992267610175137,12
population,4,16,8,2146,6,3,49.0,False,0.015992267610175137,13
population,4,16,8,2146,7,2,70.0,False,0.015992267610175137,18
population,4,16,8,2146,8,6,60.0,False,0.015992267610175137,15
population,4,16,8,2146,9,2,70.0,False,0.015992267610175137,18
population,4,16,8,2146,10,1,45.0,False,0.015992267610175137,12
population,4,16,8,2146,11,6,206.0,False,0.015992267610175137,52
population,4,16,8,2146,12,0,55.0,False,0.015992267610175137,14
population,4,16,8,2146,13,6,77.0,False,0.015992267610175137,20
population,4,16,8,2146,14,3,79.0,False,0.015992267610175137,20
population,4,16,8,2146,15,4,48.0,False,0.015992267610175137,12
population,4,16,8,2147,0,1,45.0,False,0.015992267610175137,12
population,4,16,8,2147,1,1,170.0,False,0.015992267610175137,43
population,4,16,8,2147,2,5,60.0,False,0.015992267610175137,15
population,4,16,8,2147,3,4,77.0,False,0.015992267610175137,20
population,4,16,8,2147,4,1,51.0,False,0.015992267610175137,13
population,4,16,8,2147,5,5,53.0,False,0.015992267610175137,14
population,4,16,8,2147,6,0,33.0,False,0.015992267610175137,9
population,4,16,8,2147,7,3,66.0,False,0.015992267610175137,17
population,4,16,8,2147,8,1,140.0,False,0.015992267610175137,35
population,4,16,8,2147,9,4,47.0,False,0.015992267610175137,12
population,4,16,8,2147,10,6,57.0,False,0.015992267610175137,15
population,4,16,8,2147,11,4,47.0,False,0.015992267610175137,12
population,4,16,8,2147,12,0,58.0,False,0.015992267610175137,15
population,4,16,8,2147,13,7,16.0,False,0.015992267610175137,4
population,4,16,8,2147,14,2,50.0,False,0.015992267610175137,13
population,4,16,8,2147,15,6,85.0,False,0.015992267610175137,22
population,4,16,8,2148,0,1,46.0,False,0.015992267610175137,12
population,4,16,8,2148,1,3,71.0,False,0.015992267610175137,18
population,4,16,8,2148,2,4,108.0,False,0.015992267610175137,27
population,4,16,8,2148,3,2,70.0,False,0.015992267610175137,18
population,4,16,8,2148,4,2,93.0,False,0.015992267610175137,24
population,4,16,8,2148,5,0,72.0,False,0.015992267610175137,18
population,4,16,8,2148,6,7,34.0,False,0.015992267610175137,9
population,4,16,8,2148,7,6,53.0,False,0.015992267610175137,14
population,4,16,8,2148,8,0,118.0,False,0.015992267610175137,30
population,4,16,8,2148,9,1,48.0,False,0.015992267610175137,12
population,4,16,8,2148,10,4,61.0,False,0.015992267610175137,16
population,4,16,8,2148,11,4,55.0,False,0.015992267610175137,14
population,4,16,8,2148,12,5,61.0,False,0.015992267610175137,16
population,4,16,8,2148,13,3,121.0,False,0.015992267610175137,31
population,4,16,8,2148,14,0,25.0,False,0.015992267610175137,7
population,4,16,8,2148,15,6,113.0,False,0.015992267610175137,29
population,4,16,8,2149,0,2,95.0,False,0.015992267610175137,24
population,4,16,8,2149,1,6,76.0,False,0.015992267610175137,19
population,4,16,8,2149,2,6,47.0,False,0.015992267610175137,12
population,4,16,8,2149,3,5,77.0,False,0.015992267610175137,20
population,4,16,8,2149,4,2,46.0,False,0.015992267610175137,12
population,4,16,8,2149,5,7,34.0,False,0.015992267610175137,9
population,4,16,8,2149,6,6,50.0,False,0.015992267610175137,13
population,4,16,8,2149,7,6,46.0,False,0.015992267610175137,12
population,4,16,8,2149,8,4,60.0,False,0.015992267610175137,15
population,4,16,8,2149,9,1,55.0,False,0.015992267610175137,14
population,4,16,8,2149,10,4,49.0,False,0.015992267610175137,13
population,4,16,8,2149,11,5,58.0,False,0.015992267610175137,15
population,4,16,8,2149,12,1,56.0,False,0.015992267610175137,14
population,4,16,8,2149,13,1,66.0,False,0.015992267610175137,17
population,4,16,8,2149,14,2,50.0,False,0.015992267610175137,13
population,4,16,8,2149,15,6,83.0,False,0.015992267610175137,21
population,4,16,8,2150,0,2,57.0,False,0.015992267610175137,15
population,4,16,8,2150,1,3,117.0,False,0.015992267610175137,30
population,4,16,8,2150,2,3,113.0,False,0.015992267610175137,29
population,4,16,8,2150,3,1,47.0,False,0.015992267610175137,12
population,4,16,8,2150,4,1,51.0,False,0.015992267610175137,13
population,4,16,8,2150,5,0,12.0,False,0.015992267610175137,3
population,4,16,8,2150,6,1,49.0,False,0.015992267610175137,13
population,4,16,8,2150,7,7,21.0,False,0.015992267610175137,6
population,4,16,8,2150,8,7,11.0,False,0.015992267610175137,3
population,4,16,8,2150,9,5,87.0,False,0.015992267610175137,22
population,4,16,8,2150,10,2,49.0,False,0.015992267610175137,13
population,4,16,8,2150,11,3,49.0,False,0.015992267610175137,13
population,4,16,8,2150,12,7,106.0,False,0.015992267610175137,27
population,4,16,8,2150,13,3,46.0,False,0.015992267610175137,12
population,4,16,8,2150,14,4,52.0,False,0.015992267610175137,13
population,4,16,8,2150,15,6,59.0,False,0.015992267610175137,15
population,4,16,8,2151,0,2,64.0,False,0.015992267610175137,16
population,4,16,8,2151,1,4,56.0,False,0.015992267610175137,14
population,4,16,8,2151,2,1,127.0,False,0.015992267610175137,32
population,4,16,8,2151,3,0,58.0,False,0.015992267610175137,15
population,4,16,8,2151,4,7,41.0,False,0.015992267610175137,11
population,4,16,8,2151,5,3,51.0,False,0.015992267610175137,13
population,4,16,8,2151,6,3,61.0,False,0.015992267610175137,16
population,4,16,8,2151,7,0,10.0,False,0.015992267610175137,3
population,4,16,8,2151,8,2,52.0,False,0.015992267610175137,13
population,4,16,8,2151,9,2,70.0,False,0.015992267610175137,18
population,4,16,8,2151,10,2,45.0,False,0.015992267610175137,12
population,4,16,8,2151,11,0,96.0,False,0.015992267610175137,24
population,4,16,8,2151,12,7,63.0,False,0.015992267610175137,16
population,4,16,8,2151,13,3,87.0,False,0.015992267610175137,22
population,4,16,8,2151,14,3,45.0,False,0.015992267610175137,12
population,4,16,8,2151,15,4,81.0,False,0.015992267610175137,21
population,4,16,8,2152,0,4,60.0,False,0.015992267610175137,15
population,4,16,8,2152,1,5,63.0,False,0.015992267610175137,16
population,4,16,8,2152,2,0,125.0,False,0.015992267610175137,32
population,4,16,8,2152,3,5,71.0,False,0.015992267610175137,18
population,4,16,8,2152,4,6,61.0,False,0.015992267610175137,16
population,4,16,8,2152,5,5,46.0,False,0.015992267610175137,12
population,4,16,8,2152,6,7,10.0,False,0.015992267610175137,3
population,4,16,8,2152,7,5,82.0,False,0.015992267610175137,21
population,4,16,8,2152,8,4,59.0,False,0.015992267610175137,15
population,4,16,8,2152,9,3,46.0,False,0.015992267610175137,12
population,4,16,8,2152,10,5,116.0,False,0.015992267610175137,29
population,4,16,8,2152,11,7,13.0,False,0.015992267610175137,4
population,4,16,8,2152,12,1,67.0,False,0.015992267610175137,17
population,4,16,8,2152,13,4,45.0,False,0.015992267610175137,12
population,4,16,8,2152,14,1,46.0,False,0.015992267610175137,12
population,4,16,8,2152,15,3,109.0,False,0.015992267610175137,28
population,4,16,8,2153,0,0,24.0,False,0.015992267610175137,6
population,4,16,8,2153,1,4,46.0,False,0.015992267610175137,12
population,4,16,8,2153,2,0,85.0,False,0.015992267610175137,22
population,4,16,8,2153,3,7,10.0,False,0.015992267610175137,3
population,4,16,8,2153,4,2,45.0,False,0.015992267610175137,12
population,4,16,8,2153,5,2,68.0,False,0.015992267610175137,17
population,4,16,8,2153,6,3,69.0,False,0.015992267610175137,18
population,4,16,8,2153,7,4,48.0,False,0.015992267610175137,12
population,4,16,8,2153,8,7,13.0,False,0.015992267610175137,4
population,4,16,8,2153,9,5,51.0,False,0.015992267610175137,13
population,4,16,8,2153,10,4,63.0,False,0.015992267610175137,16
population,4,16,8,2153,11,1,61.0,False,0.015992267610175137,16
population,4,16,8,2153,12,1,60.0,False,0.015992267610175137,15
population,4,16,8,2153,13,5,101.0,False,0.015992267610175137,26
population,4,16,8,2153,14,6,46.0,False,0.015992267610175137,12
population,4,16,8,2153,15,1,47.0,False,0.015992267610175137,12
population,4,16,8,2154,0,7,48.0,False,0.015992267610175137,12
population,4,16,8,2154,1,0,62.0,False,0.015992267610175137,16
population,4,16,8,2154,2,3,47.0,False,0.015992267610175137,12
population,4,16,8,2154,3,5,64.0,False,0.015992267610175137,16
population,4,16,8,2154,4,0,40.0,False,0.015992267610175137,10
population,4,16,8,2154,5,4,65.0,False,0.015992267610175137,17
population,4,16,8,2154,6,0,13.0,False,0.015992267610175137,4
population,4,16,8,2154,7,1,92.0,False,0.015992267610175137,23
population,4,16,8,2154,8,5,59.0,False,0.015992267610175137,15
population,4,16,8,2154,9,0,12.0,False,0.015992267610175137,3
population,4,16,8,2154,10,5,88.0,False,0.015992267610175137,22
population,4,16,8,2154,11,0,15.0,False,0.015992267610175137,4
population,4,16,8,2154,12,6,46.0,False,0.015992267610175137,12
population,4,16,8,2154,13,5,46.0,False,0.015992267610175137,12
population,4,16,8,2154,14,6,50.0,False,0.015992267610175137,13
population,4,16,8,2154,15,0,14.0,False,0.015992267610175137,4
population,4,16,8,2155,0,7,24.0,False,0.015992267610175137,6
population,4,16,8,2155,1,5,60.0,False,0.015992267610175137,15
population,4,16,8,2155,2,6,47.0,False,0.015992267610175137,12
population,4,16,8,2155,3,7,17.0,False,0.015992267610175137,5
population,4,16,8,2155,4,0,34.0,False,0.015992267610175137,9
population,4,16,8,2155,5,4,46.0,False,0.015992267610175137,12
population,4,16,8,2155,6,4,57.0,False,0.015992267610175137,15
population,4,16,8,2155,7,6,55.0,False,0.015992267610175137,14
population,4,16,8,2155,8,5,227.0,False,0.015992267610175137,57
population,4,16,8,2155,9,5,59.0,False,0.015992267610175137,15
population,4,16,8,2155,10,2,104.0,False,0.015992267610175137,26
population,4,16,8,2155,11,3,48.0,False,0.015992267610175137,12
population,4,16,8,2155,12,3,45.0,False,0.015992267610175137,12
population,4,16,8,2155,13,6,52.0,False,0.015992267610175137,13
population,4,16,8,2155,14,1,46.0,False,0.015992267610175137,12
population,4,16,8,2155,15,0,24.0,False,0.015992267610175137,6
population,4,16,8,2156,0,5,49.0,False,0.015992267610175137,13
population,4,16,8,2156,1,0,70.0,False,0.015992267610175137,18
population,4,16,8,2156,2,0,8.0,False,0.015992267610175137,2
population,4,16,8,2156,3,3,47.0,False,0.015992267610175137,12
population,4,16,8,2156,4,0,22.0,False,0.015992267610175137,6
population,4,16,8,2156,5,1,47.0,False,0.015992267610175137,12
population,4,16,8,2156,6,3,75.0,False,0.015992267610175137,19
population,4,16,8,2156,7,3,177.0,False,0.015992267610175137,45
population,4,16,8,2156,8,5,117.0,False,0.015992267610175137,30
population,4,16,8,2156,9,0,27.0,False,0.015992267610175137,7
population,4,16,8,2156,10,7,9.0,False,0.015992267610175137,3
population,4,16,8,2156,11,7,32.0,False,0.015992267610175137,8
population,4,16,8,2156,12,1,91.0,False,0.015992267610175137,23
population,4,16,8,2156,13,0,8.0,False,0.015992267610175137,2
population,4,16,8,2156,14,7,142.0,False,0.015992267610175137,36
population,4,16,8,2156,15,3,52.0,False,0.015992267610175137,13
population,4,16,8,2157,0,5,54.0,False,0.015992267610175137,14
population,4,16,8,2157,1,4,67.0,False,0.015992267610175137,17
population,4,16,8,2157,2,2,47.0,False,0.015992267610175137,12
population,4,16,8,2157,3,2,97.0,False,0.015992267610175137,25
population,4,16,8,2157,4,4,90.0,False,0.015992267610175137,23
population,4,16,8,2157,5,5,46.0,False,0.015992267610175137,12
population,4,16,8,2157,6,7,24.0,False,0.015992267610175137,6
population,4,16,8,2157,7,0,15.0,False,0.015992267610175137,4
population,4,16,8,2157,8,5,49.0,False,0.015992267610175137,13
population,4,16,8,2157,9,3,52.0,False,0.015992267610175137,13
population,4,16,8,2157,10,5,84.0,False,0.015992267610175137,21
population,4,16,8,2157,11,4,47.0,False,0.015992267610175137,12
population,4,16,8,2157,12,0,14.0,False,0.015992267610175137,4
population,4,16,8,2157,13,7,14.0,False,0.015992267610175137,4
population,4,16,8,2157,14,3,60.0,False,0.015992267610175137,15
population,4,16,8,2157,15,0,31.0,False,0.015992267610175137,8
population,4,16,8,2158,0,1,236.0,False,0.015992267610175137,59
population,4,16,8,2158,1,1,46.0,False,0.015992267610175137,12
population,4,16,8,2158,2,5,46.0,False,0.015992267610175137,12
population,4,16,8,2158,3,4,73.0,False,0.015992267610175137,19
population,4,16,8,2158,4,1,47.0,False,0.015992267610175137,12
population,4,16,8,2158,5,0,9.0,False,0.015992267610175137,3
population,4,16,8,2158,6,7,85.0,False,0.015992267610175137,22
population,4,16,8,2158,7,0,38.0,False,0.015992267610175137,10
population,4,16,8,2158,8,0,15.0,False,0.015992267610175137,4
population,4,16,8,2158,9,1,66.0,False,0.015992267610175137,17
population,4,16,8,2158,10,7,61.0,False,0.015992267610175137,16
population,4,16,8,2158,11,3,61.0,False,0.015992267610175137,16
population,4,16,8,2158,12,7,14.0,False,0.015992267610175137,4
population,4,16,8,2158,13,1,48.0,False,0.015992267610175137,12
population,4,16,8,2158,14,1,45.0,False,0.015992267610175137,12
population,4,16,8,2158,15,6,48.0,False,0.015992267610175137,12
population,4,16,8,2159,0,1,45.0,False,0.015992267610175137,12
population,4,16,8,2159,1,0,24.0,False,0.015992267610175137,6
population,4,16,8,2159,2,2,45.0,False,0.015992267610175137,12
population,4,16,8,2159,3,5,47.0,False,0.015992267610175137,12
population,4,16,8,2159,4,3,65.0,False,0.015992267610175137,17
population,4,16,8,2159,5,0,18.0,False,0.015992267610175137,5
population,4,16,8,2159,6,7,7.0,False,0.015992267610175137,2
population,4,16,8,2159,7,4,71.0,False,0.015992267610175137,18
population,4,16,8,2159,8,5,47.0,False,0.015992267610175137,12
population,4,16,8,2159,9,3,66.0,False,0.015992267610175137,17
population,4,16,8,2159,10,2,46.0,False,0.015992267610175137,12
population,4,16,8,2159,11,7,20.0,False,0.015992267610175137,5
population,4,16,8,2159,12,1,84.0,False,0.015992267610175137,21
population,4,16,8,2159,13,7,21.0,False,0.015992267610175137,6
population,4,16,8,2159,14,5,71.0,False,0.015992267610175137,18
population,4,16,8,2159,15,6,152.0,False,0.015992267610175137,38
population,4,16,8,2160,0,0,126.0,False,0.015992267610175137,32
population,4,16,8,2160,1,1,46.0,False,0.015992267610175137,12
population,4,16,8,2160,2,4,46.0,False,0.015992267610175137,12
population,4,16,8,2160,3,3,56.0,False,0.015992267610175137,14
population,4,16,8,2160,4,7,20.0,False,0.015992267610175137,5
population,4,16,8,2160,5,2,240.0,False,0.015992267610175137,60
population,4,16,8,2160,6,5,304.0,False,0.015992267610175137,76
population,4,16,8,2160,7,5,45.0,False,0.015992267610175137,12
population,4,16,8,2160,8,2,46.0,False,0.015992267610175137,12
population,4,16,8,2160,9,5,45.0,False,0.015992267610175137,12
population,4,16,8,2160,10,3,56.0,False,0.015992267610175137,14
population,4,16,8,2160,11,5,109.0,False,0.015992267610175137,28
population,4,16,8,2160,12,6,58.0,False,0.015992267610175137,15
population,4,16,8,2160,13,2,77.0,False,0.015992267610175137,20
population,4,16,8,2160,14,1,105.0,False,0.015992267610175137,27
population,4,16,8,2160,15,0,24.0,False,0.015992267610175137,6
population,4,16,8,2161,0,5,47.0,False,0.015992267610175137,12
population,4,16,8,2161,1,4,63.0,False,0.015992267610175137,16
population,4,16,8,2161,2,1,48.0,False,0.015992267610175137,12
population,4,16,8,2161,3,3,91.0,False,0.015992267610175137,23
population,4,16,8,2161,4,6,128.0,False,0.015992267610175137,32
population,4,16,8,2161,5,7,82.0,False,0.015992267610175137,21
population,4,16,8,2161,6,7,11.0,False,0.015992267610175137,3
population,4,16,8,2161,7,3,46.0,False,0.015992267610175137,12
population,4,16,8,2161,8,3,55.0,False,0.015992267610175137,14
population,4,16,8,2161,9,2,47.0,False,0.015992267610175137,12
population,4,16,8,2161,10,2,121.0,False,0.015992267610175137,31
population,4,16,8,2161,11,3,78.0,False,0.015992267610175137,20
population,4,16,8,2161,12,7,28.0,False,0.015992267610175137,7
population,4,16,8,2161,13,2,94.0,False,0.015992267610175137,24
population,4,16,8,2161,14,3,102.0,False,0.015992267610175137,26
population,4,16,8,2161,15,5,49.0,False,0.015992267610175137,13
population,4,16,8,2162,0,6,49.0,False,0.015992267610175137,13
population,4,16,8,2162,1,7,34.0,False,0.015992267610175137,9
population,4,16,8,2162,2,3,47.0,False,0.015992267610175137,12
population,4,16,8,2162,3,1,52.0,False,0.015992267610175137,13
population,4,16,8,2162,4,3,64.0,False,0.015992267610175137,16
population,4,16,8,2162,5,2,63.0,False,0.015992267610175137,16
population,4,16,8,2162,6,4,48.0,False,0.015992267610175137,12
population,4,16,8,2162,7,2,52.0,False,0.015992267610175137,13
population,4,16,8,2162,8,5,51.0,False,0.015992267610175137,13
population,4,16,8,2162,9,3,47.0,False,0.015992267610175137,12
population,4,16,8,2162,10,4,45.0,False,0.015992267610175137,12
population,4,16,8,2162,11,0,31.0,False,0.015992267610175137,8
population,4,16,8,2162,12,0,23.0,False,0.015992267610175137,6
population,4,16,8,2162,13,5,63.0,False,0.015992267610175137,16
population,4,16,8,2162,14,7,386.0,False,0.015992267610175137,97
population,4,16,8,2162,15,6,54.0,False,0.015992267610175137,14
population,4,16,8,2163,0,4,54.0,False,0.015992267610175137,14
population,4,16,8,2163,1,5,99.0,False,0.015992267610175137,25
population,4,16,8,2163,2,5,66.0,False,0.015992267610175137,17
population,4,16,8,2163,3,5,48.0,False,0.015992267610175137,12
population,4,16,8,2163,4,0,20.0,False,0.015992267610175137,5
population,4,16,8,2163,5,1,53.0,False,0.015992267610175137,14
population,4,16,8,2163,6,5,47.0,False,0.015992267610175137,12
population,4,16,8,2163,7,7,49.0,False,0.015992267610175137,13
population,4,16,8,2163,8,0,110.0,False,0.015992267610175137,28
population,4,16,8,2163,9,2,65.0,False,0.015992267610175137,17
population,4,16,8,2163,10,7,27.0,False,0.015992267610175137,7
population,4,16,8,2163,11,1,61.0,False,0.015992267610175137,16
population,4,16,8,2163,12,5,86.0,False,0.015992267610175137,22
population,4,16,8,2163,13,0,31.0,False,0.015992267610175137,8
population,4,16,8,2163,14,7,66.0,False,0.015992267610175137,17
population,4,16,8,2163,15,0,11.0,False,0.015992267610175137,3
population,4,16,8,2164,0,1,46.0,False,0.015992267610175137,12
population,4,16,8,2164,1,6,47.0,False,0.015992267610175137,12
population,4,16,8,2164,2,0,23.0,False,0.015992267610175137,6
population,4,16,8,2164,3,6,75.0,False,0.015992267610175137,19
population,4,16,8,2164,4,6,50.0,False,0.015992267610175137,13
population,4,16,8,2164,5,6,53.0,False,0.015992267610175137,14
population,4,16,8,2164,6,5,159.0,False,0.015992267610175137,40
population,4,16,8,2164,7,2,74.0,False,0.015992267610175137,19
population,4,16,8,2164,8,0,39.0,False,0.015992267610175137,10
population,4,16,8,2164,9,2,73.0,False,0.015992267610175137,19
population,4,16,8,2164,10,6,75.0,False,0.015992267610175137,19
population,4,16,8,2164,11,2,45.0,False,0.015992267610175137,12
population,4,16,8,2164,12,5,77.0,False,0.015992267610175137,20
population,4,16,8,2164,13,5,62.0,False,0.015992267610175137,16
population,4,16,8,2164,14,6,63.0,False,0.015992267610175137,16
population,4,16,8,2164,15,5,48.0,False,0.015992267610175137,12
population,4,16,8,2165,0,3,52.0,False,0.015992267610175137,13
population,4,16,8,2165,1,3,49.0,False,0.015992267610175137,13
population,4,16,8,2165,2,7,16.0,False,0.015992267610175137,4
population,4,16,8,2165,3,5,139.0,False,0.015992267610175137,35
population,4,16,8,2165,4,1,153.0,False,0.015992267610175137,39
population,4,16,8,2165,5,1,54.0,False,0.015992267610175137,14
population,4,16,8,2165,6,0,15.0,False,0.015992267610175137,4
population,4,16,8,2165,7,4,46.0,False,0.015992267610175137,12
population,4,16,8,2165,8,3,47.0,False,0.015992267610175137,12
population,4,16,8,2165,9,3,130.0,False,0.015992267610175137,33
population,4,16,8,2165,10,5,76.0,False,0.015992267610175137,19
population,4,16,8,2165,11,4,68.0,False,0.015992267610175137,17
population,4,16,8,2165,12,2,54.0,False,0.015992267610175137,14
population,4,16,8,2165,13,1,46.0,False,0.015992267610175137,12
population,4,16,8,2165,14,7,23.0,False,0.015992267610175137,6
population,4,16,8,2165,15,1,59.0,False,0.015992267610175137,15
population,4,16,8,2166,0,7,19.0,False,0.015992267610175137,5
population,4,16,8,2166,1,0,17.0,False,0.015992267610175137,5
population,4,16,8,2166,2,3,155.0,False,0.015992267610175137,39
population,4,16,8,2166,3,1,97.0,False,0.015992267610175137,25
population,4,16,8,2166,4,3,78.0,False,0.015992267610175137,20
population,4,16,8,2166,5,4,51.0,False,0.015992267610175137,13
population,4,16,8,2166,6,7,10.0,False,0.015992267610175137,3
population,4,16,8,2166,7,6,48.0,False,0.015992267610175137,12
population,4,16,8,2166,8,5,54.0,False,0.015992267610175137,14
population,4,16,8,2166,9,6,51.0,False,0.015992267610175137,13
population,4,16,8,2166,10,3,64.0,False,0.015992267610175137,16
population,4,16,8,2166,11,4,105.0,False,0.015992267610175137,27
population,4,16,8,2166,12,2,86.0,False,0.015992267610175137,22
population,4,16,8,2166,13,2,87.0,False,0.015992267610175137,22
population,4,16,8,2166,14,7,269.0,False,0.015992267610175137,68
population,4,16,8,2166,15,0,27.0,False,0.015992267610175137,7
population,4,16,8,2167,0,4,52.0,False,0.015992267610175137,13
population,4,16,8,2167,1,5,48.0,False,0.015992267610175137,12
population,4,16,8,2167,2,7,5.0,False,0.015992267610175137,2
population,4,16,8,2167,3,3,47.0,False,0.015992267610175137,12
population,4,16,8,2167,4,7,98.0,False,0.015992267610175137,25
population,4,16,8,2167,5,1,49.0,False,0.015992267610175137,13
population,4,16,8,2167,6,4,112.0,False,0.015992267610175137,28
population,4,16,8,2167,7,3,46.0,False,0.015992267610175137,12
population,4,16,8,2167,8,6,55.0,False,0.015992267610175137,14
population,4,16,8,2167,9,6,47.0,False,0.015992267610175137,12
population,4,16,8,2167,10,6,46.0,False,0.015992267610175137,12
population,4,16,8,2167,11,5,46.0,False,0.015992267610175137,12
population,4,16,8,2167,12,4,57.0,False,0.015992267610175137,15
population,4,16,8,2167,13,3,62.0,False,0.015992267610175137,16
population,4,16,8,2167,14,4,76.0,False,0.015992267610175137,19
population,4,16,8,2167,15,7,43.0,False,0.015992267610175137,11
population,4,16,8,2168,0,4,48.0,False,0.015992267610175137,12
population,4,16,8,2168,1,0,38.0,False,0.015992267610175137,10
population,4,16,8,2168,2,7,73.0,False,0.015992267610175137,19
population,4,16,8,2168,3,4,49.0,False,0.015992267610175137,13
population,4,16,8,2168,4,7,60.0,False,0.015992267610175137,15
population,4,16,8,2168,5,3,77.0,False,0.015992267610175137,20
population,4,16,8,2168,6,0,35.0,False,0.015992267610175137,9
population,4,16,8,2168,7,3,48.0,False,0.015992267610175137,12
population,4,16,8,2168,8,0,27.0,False,0.015992267610175137,7
population,4,16,8,2168,9,2,48.0,False,0.015992267610175137,12
population,4,16,8,2168,10,1,47.0,False,0.015992267610175137,12
population,4,16,8,2168,11,3,67.0,False,0.015992267610175137,17
population,4,16,8,2168,12,2,64.0,False,0.015992267610175137,16
population,4,16,8,2168,13,7,14.0,False,0.015992267610175137,4
population,4,16,8,2168,14,5,54.0,False,0.015992267610175137,14
population,4,16,8,2168,15,1,46.0,False,0.015992267610175137,12
population,4,16,8,2169,0,0,17.0,False,0.015992267610175137,5
population,4,16,8,2169,1,6,119.0,False,0.015992267610175137,30
population,4,16,8,2169,2,7,48.0,False,0.015992267610175137,12
population,4,16,8,2169,3,3,52.0,False,0.015992267610175137,13
population,4,16,8,2169,4,2,51.0,False,0.015992267610175137,13
population,4,16,8,2169,5,4,48.0,False,0.015992267610175137,12
population,4,16,8,2169,6,5,50.0,False,0.015992267610175137,13
population,4,16,8,2169,7,1,73.0,False,0.015992267610175137,19
population,4,16,8,2169,8,5,73.0,False,0.015992267610175137,19
population,4,16,8,2169,9,5,57.0,False,0.015992267610175137,15
population,4,16,8,2169,10,2,86.0,False,0.015992267610175137,22
population,4,16,8,2169,11,0,58.0,False,0.015992267610175137,15
population,4,16,8,2169,12,2,52.0,False,0.015992267610175137,13
population,4,16,8,2169,13,1,48.0,False,0.015992267610175137,12
population,4,16,8,2169,14,5,70.0,False,0.015992267610175137,18
population,4,16,8,2169,15,4,53.0,False,0.015992267610175137,14
population,4,16,8,2170,0,4,46.0,False,0.015992267610175137,12
population,4,16,8,2170,1,0,9.0,False,0.015992267610175137,3
population,4,16,8,2170,2,7,32.0,False,0.015992267610175137,8
population,4,16,8,2170,3,5,55.0,False,0.015992267610175137,14
population,4,16,8,2170,4,4,45.0,False,0.015992267610175137,12
population,4,16,8,2170,5,2,50.0,False,0.015992267610175137,13
population,4,16,8,2170,6,0,11.0,False,0.015992267610175137,3
population,4,16,8,2170,7,0,25.0,False,0.015992267610175137,7
population,4,16,8,2170,8,6,69.0,False,0.015992267610175137,18
population,4,16,8,2170,9,5,45.0,False,0.015992267610175137,12
population,4,16,8,2170,10,1,71.0,False,0.015992267610175137,18
population,4,16,8,2170,11,1,82.0,False,0.015992267610175137,21
population,4,16,8,2170,12,7,7.0,False,0.015992267610175137,2
population,4,16,8,2170,13,6,54.0,False,0.015992267610175137,14
population,4,16,8,2170,14,6,50.0,False,0.015992267610175137,13
population,4,16,8,2170,15,5,45.0,False,0.015992267610175137,12
population,4,16,8,2171,0,2,69.0,False,0.015992267610175137,18
population,4,16,8,2171,1,6,47.0,False,0.015992267610175137,12
population,4,16,8,2171,2,1,52.0,False,0.015992267610175137,13
population,4,16,8,2171,3,3,49.0,False,0.015992267610175137,13
population,4,16,8,2171,4,0,8.0,False,0.015992267610175137,2
population,4,16,8,2171,5,4,47.0,False,0.015992267610175137,12
population,4,16,8,2171,6,1,46.0,False,0.015992267610175137,12
population,4,16,8,2171,7,1,61.0,False,0.015992267610175137,16
population,4,16,8,2171,8,1,45.0,False,0.015992267610175137,12
population,4,16,8,2171,9,5,56.0,False,0.015992267610175137,14
population,4,16,8,2171,10,2,48.0,False,0.015992267610175137,12
population,4,16,8,2171,11,0,83.0,False,0.015992267610175137,21
population,4,16,8,2171,12,6,58.0,False,0.015992267610175137,15
population,4,16,8,2171,13,4,58.0,False,0.015992267610175137,15
population,4,16,8,2171,14,0,15.0,False,0.015992267610175137,4
population,4,16,8,2171,15,0,34.0,False,0.015992267610175137,9
population,4,16,8,2172,0,0,42.0,False,0.015992267610175137,11
population,4,16,8,2172,1,1,48.0,False,0.015992267610175137,12
population,4,16,8,2172,2,7,14.0,False,0.015992267610175137,4
population,4,16,8,2172,3,6,78.0,False,0.015992267610175137,20
population,4,16,8,2172,4,3,47.0,False,0.015992267610175137,12
population,4,16,8,2172,5,2,62.0,False,0.015992267610175137,16
population,4,16,8,2172,6,1,68.0,False,0.015992267610175137,17
population,4,16,8,2172,7,2,48.0,False,0.015992267610175137,12
population,4,16,8,2172,8,3,47.0,False,0.015992267610175137,12
population,4,16,8,2172,9,5,144.0,False,0.015992267610175137,36
population,4,16,8,2172,10,6,46.0,False,0.015992267610175137,12
population,4,16,8,2172,11,5,107.0,False,0.015992267610175137,27
population,4,16,8,2172,12,7,29.0,False,0.015992267610175137,8
population,4,16,8,2172,13,3,49.0,False,0.015992267610175137,13
population,4,16,8,2172,14,7,52.0,False,0.015992267610175137,13
population,4,16,8,2172,15,7,45.0,False,0.015992267610175137,12
population,4,16,8,2173,0,1,53.0,False,0.015992267610175137,14
population,4,16,8,2173,1,2,70.0,False,0.015992267610175137,18
population,4,16,8,2173,2,2,47.0,False,0.015992267610175137,12
population,4,16,8,2173,3,1,50.0,False,0.015992267610175137,13
population,4,16,8,2173,4,5,51.0,False,0.015992267610175137,13
population,4,16,8,2173,5,5,68.0,False,0.015992267610175137,17
population,4,16,8,2173,6,6,187.0,False,0.015992267610175137,47
population,4,16,8,2173,7,0,20.0,False,0.015992267610175137,5
population,4,16,8,2173,8,6,84.0,False,0.015992267610175137,21
population,4,16,8,2173,9,1,58.0,False,0.015992267610175137,15
population,4,16,8,2173,10,1,83.0,False,0.015992267610175137,21
population,4,16,8,2173,11,6,46.0,False,0.015992267610175137,12
population,4,16,8,2173,12,6,68.0,False,0.015992267610175137,17
population,4,16,8,2173,13,1,127.0,False,0.015992267610175137,32
population,4,16,8,2173,14,6,67.0,False,0.015992267610175137,17
population,4,16,8,2173,15,7,14.0,False,0.015992267610175137,4
population,4,16,8,2174,0,6,75.0,False,0.015992267610175137,19
population,4,16,8,2174,1,4,47.0,False,0.015992267610175137,12
population,4,16,8,2174,2,4,47.0,False,0.015992267610175137,12
population,4,16,8,2174,3,5,45.0,False,0.015992267610175137,12
population,4,16,8,2174,4,0,10.0,False,0.015992267610175137,3
population,4,16,8,2174,5,1,110.0,False,0.015992267610175137,28
population,4,16,8,2174,6,3,80.0,False,0.015992267610175137,20
population,4,16,8,2174,7,0,9.0,False,0.015992267610175137,3
population,4,16,8,2174,8,4,78.0,False,0.015992267610175137,20
population,4,16,8,2174,9,3,49.0,False,0.015992267610175137,13
population,4,16,8,2174,10,7,40.0,False,0.015992267610175137,10
population,4,16,8,2174,11,3,96.0,False,0.015992267610175137,24
population,4,16,8,2174,12,5,94.0,False,0.015992267610175137,24
population,4,16,8,2174,13,7,79.0,False,0.015992267610175137,20
population,4,16,8,2174,14,2,55.0,False,0.015992267610175137,14
population,4,16,8,2174,15,2,98.0,False,0.015992267610175137,25
population,4,16,8,2175,0,0,20.0,False,0.015992267610175137,5
population,4,16,8,2175,1,1,48.0,False,0.015992267610175137,12
population,4,16,8,2175,2,7,206.0,False,0.015992267610175137,52
population,4,16,8,2175,3,7,38.0,False,0.015992267610175137,10
population,4,16,8,2175,4,2,53.0,False,0.015992267610175137,14
population,4,16,8,2175,5,4,59.0,False,0.015992267610175137,15
population,4,16,8,2175,6,1,57.0,False,0.015992267610175137,15
population,4,16,8,2175,7,1,47.0,False,0.015992267610175137,12
population,4,16,8,2175,8,6,134.0,False,0.015992267610175137,34
population,4,16,8,2175,9,5,75.0,False,0.015992267610175137,19
population,4,16,8,2175,10,5,64.0,False,0.015992267610175137,16
population,4,16,8,2175,11,0,15.0,False,0.015992267610175137,4
population,4,16,8,2175,12,2,84.0,False,0.015992267610175137,21
population,4,16,8,2175,13,6,45.0,False,0.015992267610175137,12
population,4,16,8,2175,14,0,117.0,False,0.015992267610175137,30
population,4,16,8,2175,15,6,46.0,False,0.015992267610175137,12
population,4,16,8,2176,0,3,77.0,False,0.015992267610175137,20
population,4,16,8,2176,1,5,69.0,False,0.015992267610175137,18
population,4,16,8,2176,2,6,45.0,False,0.015992267610175137,12
population,4,16,8,2176,3,6,54.0,False,0.015992267610175137,14
population,4,16,8,2176,4,2,66.0,False,0.015992267610175137,17
population,4,16,8,2176,5,1,47.0,False,0.015992267610175137,12
population,4,16,8,2176,6,2,209.0,False,0.015992267610175137,53
population,4,16,8,2176,7,6,55.0,False,0.015992267610175137,14
population,4,16,8,2176,8,2,89.0,False,0.015992267610175137,23
population,4,16,8,2176,9,3,52.0,False,0.015992267610175137,13
population,4,16,8,2176,10,2,52.0,False,0.015992267610175137,13
population,4,16,8,2176,11,5,106.0,False,0.015992267610175137,27
population,4,16,8,2176,12,1,55.0,False,0.015992267610175137,14
population,4,16,8,2176,13,3,158.0,False,0.015992267610175137,40
population,4,16,8,2176,14,7,23.0,False,0.015992267610175137,6
population,4,16,8,2176,15,1,75.0,False,0.015992267610175137,19
population,4,16,8,2177,0,6,77.0,False,0.015992267610175137,20
population,4,16,8,2177,1,2,49.0,False,0.015992267610175137,13
population,4,16,8,2177,2,6,47.0,False,0.015992267610175137,12
population,4,16,8,2177,3,3,48.0,False,0.015992267610175137,12
population,4,16,8,2177,4,7,145.0,False,0.015992267610175137,37
population,4,16,8,2177,5,0,24.0,False,0.015992267610175137,6
population,4,16,8,2177,6,2,49.0,False,0.015992267610175137,13
population,4,16,8,2177,7,1,54.0,False,0.015992267610175137,14
population,4,16,8,2177,8,6,74.0,False,0.015992267610175137,19
population,4,16,8,2177,9,2,127.0,False,0.015992267610175137,32
population,4,16,8,2177,10,0,15.0,False,0.015992267610175137,4
population,4,16,8,2177,11,4,53.0,False,0.015992267610175137,14
population,4,16,8,2177,12,4,173.0,False,0.015992267610175137,44
population,4,16,8,2177,13,3,72.0,False,0.015992267610175137,18
population,4,16,8,2177,14,4,46.0,False,0.015992267610175137,12
population,4,16,8,2177,15,2,67.0,False,0.015992267610175137,17
population,4,16,8,2178,0,6,138.0,False,0.015992267610175137,35
population,4,16,8,2178,1,4,69.0,False,0.015992267610175137,18
population,4,16,8,2178,2,3,63.0,False,0.015992267610175137,16
population,4,16,8,2178,3,3,55.0,False,0.015992267610175137,14
population,4,16,8,2178,4,7,15.0,False,0.015992267610175137,4
population,4,16,8,2178,5,6,47.0,False,0.015992267610175137,12
population,4,16,8,2178,6,7,16.0,False,0.015992267610175137,4
population,4,16,8,2178,7,6,45.0,False,0.015992267610175137,12
population,4,16,8,2178,8,4,69.0,False,0.015992267610175137,18
population,4,16,8,2178,9,1,51.0,False,0.015992267610175137,13
population,4,16,8,2178,10,7,19.0,False,0.015992267610175137,5
population,4,16,8,2178,11,6,106.0,False,0.015992267610175137,27
population,4,16,8,2178,12,6,54.0,False,0.015992267610175137,14
population,4,16,8,2178,13,5,63.0,False,0.015992267610175137,16
population,4,16,8,2178,14,2,96.0,False,0.015992267610175137,24
population,4,16,8,2178,15,6,56.0,False,0.015992267610175137,14
population,4,16,8,2179,0,3,46.0,False,0.015992267610175137,12
population,4,16,8,2179,1,1,172.0,False,0.015992267610175137,43
population,4,16,8,2179,2,5,103.0,False,0.015992267610175137,26
population,4,16,8,2179,3,3,70.0,False,0.015992267610175137,18
population,4,16,8,2179,4,0,16.0,False,0.015992267610175137,4
population,4,16,8,2179,5,7,35.0,False,0.015992267610175137,9
population,4,16,8,2179,6,2,52.0,False,0.015992267610175137,13
population,4,16,8,2179,7,4,75.0,False,0.015992267610175137,19
population,4,16,8,2179,8,7,26.0,False,0.015992267610175137,7
population,4,16,8,2179,9,6,99.0,False,0.015992267610175137,25
population,4,16,8,2179,10,3,87.0,False,0.015992267610175137,22
population,4,16,8,2179,11,1,54.0,False,0.015992267610175137,14
population,4,16,8,2179,12,3,80.0,False,0.015992267610175137,20
population,4,16,8,2179,13,1,48.0,False,0.015992267610175137,12
population,4,16,8,2179,14,3,80.0,False,0.015992267610175137,20
population,4,16,8,2179,15,4,45.0,False,0.015992267610175137,12
population,4,16,8,2180,0,0,58.0,False,0.015992267610175137,15
population,4,16,8,2180,1,7,24.0,False,0.015992267610175137,6
population,4,16,8,2180,2,1,78.0,False,0.015992267610175137,20
population,4,16,8,2180,3,6,46.0,False,0.015992267610175137,12
population,4,16,8,2180,4,5,88.0,False,0.015992267610175137,22
population,4,16,8,2180,5,0,21.0,False,0.015992267610175137,6
population,4,16,8,2180,6,4,54.0,False,0.015992267610175137,14
population,4,16,8,2180,7,4,57.0,False,0.015992267610175137,15
population,4,16,8,2180,8,0,14.0,False,0.015992267610175137,4
population,4,16,8,2180,9,2,98.0,False,0.015992267610175137,25
population,4,16,8,2180,10,5,45.0,False,0.015992267610175137,12
population,4,16,8,2180,11,7,10.0,False,0.015992267610175137,3
population,4,16,8,2180,12,7,10.0,False,0.015992267610175137,3
population,4,16,8,2180,13,7,13.0,False,0.015992267610175137,4
population,4,16,8,2180,14,4,75.0,False,0.015992267610175137,19
population,4,16,8,2180,15,3,180.0,False,0.015992267610175137,45
population,4,16,8,2181,0,3,66.0,False,0.015992267610175137,17
population,4,16,8,2181,1,7,17.0,False,0.015992267610175137,5
population,4,16,8,2181,2,3,52.0,False,0.015992267610175137,13
population,4,16,8,2181,3,6,52.0,False,0.015992267610175137,13
population,4,16,8,2181,4,4,62.0,False,0.015992267610175137,16
population,4,16,8,2181,5,3,57.0,False,0.015992267610175137,15
population,4,16,8,2181,6,7,23.0,False,0.015992267610175137,6
population,4,16,8,2181,7,6,47.0,False,0.015992267610175137,12
population,4,16,8,2181,8,4,54.0,False,0.015992267610175137,14
population,4,16,8,2181,9,4,60.0,False,0.015992267610175137,15
population,4,16,8,2181,10,0,61.0,False,0.015992267610175137,16
population,4,16,8,2181,11,5,57.0,False,0.015992267610175137,15
population,4,16,8,2181,12,6,85.0,False,0.015992267610175137,22
population,4,16,8,2181,13,4,45.0,False,0.015992267610175137,12
population,4,16,8,2181,14,3,59.0,False,0.015992267610175137,15
population,4,16,8,2181,15,4,70.0,False,0.015992267610175137,18
population,4,16,8,2182,0,7,67.0,False,0.015992267610175137,17
population,4,16,8,2182,1,6,129.0,False,0.015992267610175137,33
population,4,16,8,2182,2,0,59.0,False,0.015992267610175137,15
population,4,16,8,2182,3,7,48.0,False,0.015992267610175137,12
population,4,16,8,2182,4,3,61.0,False,0.015992267610175137,16
population,4,16,8,2182,5,4,70.0,False,0.015992267610175137,18
population,4,16,8,2182,6,2,111.0,False,0.015992267610175137,28
population,4,16,8,2182,7,0,38.0,False,0.015992267610175137,10
population,4,16,8,2182,8,5,47.0,False,0.015992267610175137,12
population,4,16,8,2182,9,7,50.0,False,0.015992267610175137,13
population,4,16,8,2182,10,0,72.0,False,0.015992267610175137,18
population,4,16,8,2182,11,1,59.0,False,0.015992267610175137,15
population,4,16,8,2182,12,1,52.0,False,0.015992267610175137,13
population,4,16,8,2182,13,0,8.0,False,0.015992267610175137,2
population,4,16,8,2182,14,4,107.0,False,0.015992267610175137,27
population,4,16,8,2182,15,2,56.0,False,0.015992267610175137,14
population,4,16,8,2183,0,3,56.0,False,0.015992267610175137,14
population,4,16,8,2183,1,6,46.0,False,0.015992267610175137,12
population,4,16,8,2183,2,4,95.0,False,0.015992267610175137,24
population,4,16,8,2183,3,6,48.0,False,0.015992267610175137,12
population,4,16,8,2183,4,2,48.0,False,0.015992267610175137,12
population,4,16,8,2183,5,4,52.0,False,0.015992267610175137,13
population,4,16,8,2183,6,3,48.0,False,0.015992267610175137,12
population,4,16,8,2183,7,1,61.0,False,0.015992267610175137,16
population,4,16,8,2183,8,1,48.0,False,0.015992267610175137,12
population,4,16,8,2183,9,3,106.0,False,0.015992267610175137,27
population,4,16,8,2183,10,5,54.0,False,0.015992267610175137,14
population,4,16,8,2183,11,4,66.0,False,0.015992267610175137,17
population,4,16,8,2183,12,6,155.0,False,0.015992267610175137,39
population,4,16,8,2183,13,3,49.0,False,0.015992267610175137,13
population,4,16,8,2183,14,1,62.0,False,0.015992267610175137,16
population,4,16,8,2183,15,3,47.0,False,0.015992267610175137,12
population,4,16,8,2184,0,5,122.0,False,0.015992267610175137,31
population,4,16,8,2184,1,1,46.0,False,0.015992267610175137,12
population,4,16,8,2184,2,5,46.0,False,0.015992267610175137,12
population,4,16,8,2184,3,2,45.0,False,0.015992267610175137,12
population,4,16,8,2184,4,2,58.0,False,0.015992267610175137,15
population,4,16,8,2184,5,4,49.0,False,0.015992267610175137,13
population,4,16,8,2184,6,0,99.0,False,0.015992267610175137,25
population,4,16,8,2184,7,2,73.0,False,0.015992267610175137,19
population,4,16,8,2184,8,3,63.0,False,0.015992267610175137,16
population,4,16,8,2184,9,3,65.0,False,0.015992267610175137,17
population,4,16,8,2184,10,3,47.0,False,0.015992267610175137,12
population,4,16,8,2184,11,2,67.0,False,0.015992267610175137,17
population,4,16,8,2184,12,2,46.0,False,0.015992267610175137,12
population,4,16,8,2184,13,3,58.0,False,0.015992267610175137,15
population,4,16,8,2184,14,0,64.0,False,0.015992267610175137,16
population,4,16,8,2184,15,0,75.0,False,0.015992267610175137,19
population,4,16,8,2185,0,5,54.0,False,0.015992267610175137,14
population,4,16,8,2185,1,6,49.0,False,0.015992267610175137,13
population,4,16,8,2185,2,6,46.0,False,0.015992267610175137,12
population,4,16,8,2185,3,0,100.0,False,0.015992267610175137,25
population,4,16,8,2185,4,4,52.0,False,0.015992267610175137,13
population,4,16,8,2185,5,7,22.0,False,0.015992267610175137,6
population,4,16,8,2185,6,6,60.0,False,0.015992267610175137,15
population,4,16,8,2185,7,0,14.0,False,0.015992267610175137,4
population,4,16,8,2185,8,5,97.0,False,0.015992267610175137,25
population,4,16,8,2185,9,4,120.0,False,0.015992267610175137,30
population,4,16,8,2185,10,0,54.0,False,0.015992267610175137,14
population,4,16,8,2185,11,6,46.0,False,0.015992267610175137,12
population,4,16,8,2185,12,0,18.0,False,0.015992267610175137,5
population,4,16,8,2185,13,1,47.0,False,0.015992267610175137,12
population,4,16,8,2185,14,1,206.0,False,0.015992267610175137,52
population,4,16,8,2185,15,4,310.0,False,0.015992267610175137,78
population,4,16,8,2186,0,4,99.0,False,0.015992267610175137,25
population,4,16,8,2186,1,6,58.0,False,0.015992267610175137,15
population,4,16,8,2186,2,0,34.0,False,0.015992267610175137,9
population,4,16,8,2186,3,0,69.0,False,0.015992267610175137,18
population,4,16,8,2186,4,7,57.0,False,0.015992267610175137,15
population,4,16,8,2186,5,6,112.0,False,0.015992267610175137,28
population,4,16,8,2186,6,5,49.0,False,0.015992267610175137,13
population,4,16,8,2186,7,4,48.0,False,0.015992267610175137,12
population,4,16,8,2186,8,5,67.0,False,0.015992267610175137,17
population,4,16,8,2186,9,6,54.0,False,0.015992267610175137,14
population,4,16,8,2186,10,0,21.0,False,0.015992267610175137,6
population,4,16,8,2186,11,1,70.0,False,0.015992267610175137,18
population,4,16,8,2186,12,6,70.0,False,0.015992267610175137,18
population,4,16,8,2186,13,5,45.0,False,0.015992267610175137,12
population,4,16,8,2186,14,4,45.0,False,0.015992267610175137,12
population,4,16,8,2186,15,0,27.0,False,0.015992267610175137,7
population,4,16,8,2187,0,4,53.0,False,0.015992267610175137,14
population,4,16,8,2187,1,2,46.0,False,0.015992267610175137,12
population,4,16,8,2187,2,6,48.0,False,0.015992267610175137,12
population,4,16,8,2187,3,4,104.0,False,0.015992267610175137,26
population,4,16,8,2187,4,0,28.0,False,0.015992267610175137,7
population,4,16,8,2187,5,5,59.0,False,0.015992267610175137,15
population,4,16,8,2187,6,4,75.0,False,0.015992267610175137,19
population,4,16,8,2187,7,6,46.0,False,0.015992267610175137,12
population,4,16,8,2187,8,6,79.0,False,0.015992267610175137,20
population,4,16,8,2187,9,5,90.0,False,0.015992267610175137,23
population,4,16,8,2187,10,3,53.0,False,0.015992267610175137,14
population,4,16,8,2187,11,2,85.0,False,0.015992267610175137,22
population,4,16,8,2187,12,4,63.0,False,0.015992267610175137,16
population,4,16,8,2187,13,5,68.0,False,0.015992267610175137,17
population,4,16,8,2187,14,7,56.0,False,0.015992267610175137,14
population,4,16,8,2187,15,6,61.0,False,0.015992267610175137,16
population,4,16,8,2188,0,3,48.0,False,0.015992267610175137,12
population,4,16,8,2188,1,5,47.0,False,0.015992267610175137,12
population,4,16,8,2188,2,1,52.0,False,0.015992267610175137,13
population,4,16,8,2188,3,2,46.0,False,0.015992267610175137,12
population,4,16,8,2188,4,0,31.0,False,0.015992267610175137,8
population,4,16,8,2188,5,1,82.0,False,0.015992267610175137,21
population,4,16,8,2188,6,0,66.0,False,0.015992267610175137,17
population,4,16,8,2188,7,6,93.0,False,0.015992267610175137,24
population,4,16,8,2188,8,7,37.0,False,0.015992267610175137,10
population,4,16,8,2188,9,6,75.0,False,0.015992267610175137,19
population,4,16,8,2188,10,7,19.0,False,0.015992267610175137,5
population,4,16,8,2188,11,0,91.0,False,0.015992267610175137,23
population,4,16,8,2188,12,3,47.0,False,0.015992267610175137,12
population,4,16,8,2188,13,1,45.0,False,0.015992267610175137,12
population,4,16,8,2188,14,0,30.0,False,0.015992267610175137,8
population,4,16,8,2188,15,5,103.0,False,0.015992267610175137,26
population,4,16,8,2189,0,1,71.0,False,0.015992267610175137,18
population,4,16,8,2189,1,4,105.0,False,0.015992267610175137,27
population,4,16,8,2189,2,2,56.0,False,0.015992267610175137,14
population,4,16,8,2189,3,0,18.0,False,0.015992267610175137,5
population,4,16,8,2189,4,6,109.0,False,0.015992267610175137,28
population,4,16,8,2189,5,2,53.0,False,0.015992267610175137,14
population,4,16,8,2189,6,2,62.0,False,0.015992267610175137,16
population,4,16,8,2189,7,4,145.0,False,0.015992267610175137,37
population,4,16,8,2189,8,6,80.0,False,0.015992267610175137,20
population,4,16,8,2189,9,7,39.0,False,0.015992267610175137,10
population,4,16,8,2189,10,2,116.0,False,0.015992267610175137,29
population,4,16,8,2189,11,7,52.0,False,0.015992267610175137,13
population,4,16,8,2189,12,0,12.0,False,0.015992267610175137,3
population,4,16,8,2189,13,4,46.0,False,0.015992267610175137,12
population,4,16,8,2189,14,6,50.0,False,0.015992267610175137,13
population,4,16,8,2189,15,7,54.0,False,0.015992267610175137,14
population,4,16,8,2190,0,7,46.0,False,0.015992267610175137,12
population,4,16,8,2190,1,7,16.0,False,0.015992267610175137,4
population,4,16,8,2190,2,4,56.0,False,0.015992267610175137,14
population,4,16,8,2190,3,1,189.0,False,0.015992267610175137,48
population,4,16,8,2190,4,5,86.0,False,0.015992267610175137,22
population,4,16,8,2190,5,4,55.0,False,0.015992267610175137,14
population,4,16,8,2190,6,4,46.0,False,0.015992267610175137,12
population,4,16,8,2190,7,5,62.0,False,0.015992267610175137,16
population,4,16,8,2190,8,1,55.0,False,0.015992267610175137,14
population,4,16,8,2190,9,6,116.0,False,0.015992267610175137,29
population,4,16,8,2190,10,3,65.0,False,0.015992267610175137,17
population,4,16,8,2190,11,2,61.0,False,0.015992267610175137,16
population,4,16,8,2190,12,2,46.0,False,0.015992267610175137,12
population,4,16,8,2190,13,0,32.0,False,0.015992267610175137,8
population,4,16,8,2190,14,0,27.0,False,0.015992267610175137,7
population,4,16,8,2190,15,0,10.0,False,0.015992267610175137,3
population,4,16,8,2191,0,6,46.0,False,0.015992267610175137,12
population,4,16,8,2191,1,1,45.0,False,0.015992267610175137,12
population,4,16,8,2191,2,2,58.0,False,0.015992267610175137,15
population,4,16,8,2191,3,5,52.0,False,0.015992267610175137,13
population,4,16,8,2191,4,6,45.0,False,0.015992267610175137,12
population,4,16,8,2191,5,1,56.0,False,0.015992267610175137,14
population,4,16,8,2191,6,3,125.0,False,0.015992267610175137,32
population,4,16,8,2191,7,5,163.0,False,0.015992267610175137,41
population,4,16,8,2191,8,6,46.0,False,0.015992267610175137,12
population,4,16,8,2191,9,7,42.0,False,0.015992267610175137,11
population,4,16,8,2191,10,2,59.0,False,0.015992267610175137,15
population,4,16,8,2191,11,5,59.0,False,0.015992267610175137,15
population,4,16,8,2191,12,0,46.0,False,0.015992267610175137,12
population,4,16,8,2191,13,2,77.0,False,0.015992267610175137,20
population,4,16,8,2191,14,0,15.0,False,0.015992267610175137,4
population,4,16,8,2191,15,1,208.0,False,0.015992267610175137,52
population,4,16,8,2192,0,1,47.0,False,0.015992267610175137,12
population,4,16,8,2192,1,5,62.0,False,0.015992267610175137,16
population,4,16,8,2192,2,5,48.0,False,0.015992267610175137,12
population,4,16,8,2192,3,7,18.0,False,0.015992267610175137,5
population,4,16,8,2192,4,3,53.0,False,0.015992267610175137,14
population,4,16,8,2192,5,3,65.0,False,0.015992267610175137,17
population,4,16,8,2192,6,6,51.0,False,0.015992267610175137,13
population,4,16,8,2192,7,7,30.0,False,0.015992267610175137,8
population,4,16,8,2192,8,0,34.0,False,0.015992267610175137,9
population,4,16,8,2192,9,3,47.0,False,0.015992267610175137,12
population,4,16,8,2192,10,7,14.0,False,0.015992267610175137,4
population,4,16,8,2192,11,0,42.0,False,0.015992267610175137,11
population,4,16,8,2192,12,0,17.0,False,0.015992267610175137,5
population,4,16,8,2192,13,3,75.0,False,0.015992267610175137,19
population,4,16,8,2192,14,0,16.0,False,0.015992267610175137,4
population,4,16,8,2192,15,5,50.0,False,0.015992267610175137,13
population,4,16,8,2193,0,0,97.0,False,0.015992267610175137,25
population,4,16,8,2193,1,4,48.0,False,0.015992267610175137,12
population,4,16,8,2193,2,7,42.0,False,0.015992267610175137,11
population,4,16,8,2193,3,2,80.0,False,0.015992267610175137,20
population,4,16,8,2193,4,5,54.0,False,0.015992267610175137,14
population,4,16,8,2193,5,4,51.0,False,0.015992267610175137,13
population,4,16,8,2193,6,4,151.0,False,0.015992267610175137,38
population,4,16,8,2193,7,1,73.0,False,0.015992267610175137,19
population,4,16,8,2193,8,6,53.0,False,0.015992267610175137,14
population,4,16,8,2193,9,2,89.0,False,0.015992267610175137,23
population,4,16,8,2193,10,6,51.0,False,0.015992267610175137,13
population,4,16,8,2193,11,4,50.0,False,0.015992267610175137,13
population,4,16,8,2193,12,5,68.0,False,0.015992267610175137,17
population,4,16,8,2193,13,7,139.0,False,0.015992267610175137,35
population,4,16,8,2193,14,2,51.0,False,0.015992267610175137,13
population,4,16,8,2193,15,7,18.0,False,0.015992267610175137,5
population,4,16,8,2194,0,5,48.0,False,0.015992267610175137,12
population,4,16,8,2194,1,2,81.0,False,0.015992267610175137,21
population,4,16,8,2194,2,3,69.0,False,0.015992267610175137,18
population,4,16,8,2194,3,2,46.0,False,0.015992267610175137,12
population,4,16,8,2194,4,1,120.0,False,0.015992267610175137,30
population,4,16,8,2194,5,7,35.0,False,0.015992267610175137,9
population,4,16,8,2194,6,4,49.0,False,0.015992267610175137,13
population,4,16,8,2194,7,1,98.0,False,0.015992267610175137,25
population,4,16,8,2194,8,3,58.0,False,0.015992267610175137,15
population,4,16,8,2194,9,5,47.0,False,0.015992267610175137,12
population,4,16,8,2194,10,2,59.0,False,0.015992267610175137,15
population,4,16,8,2194,11,4,126.0,False,0.015992267610175137,32
population,4,16,8,2194,12,5,50.0,False,0.015992267610175137,13
population,4,16,8,2194,13,7,5.0,False,0.015992267610175137,2
population,4,16,8,2194,14,0,36.0,False,0.015992267610175137,9
population,4,16,8,2194,15,1,45.0,False,0.015992267610175137,12
population,4,16,8,2195,0,0,3.0,False,0.015992267610175137,1
population,4,16,8,2195,1,7,20.0,False,0.015992267610175137,5
population,4,16,8,2195,2,0,20.0,False,0.015992267610175137,5
population,4,16,8,2195,3,7,73.0,False,0.015992267610175137,19
population,4,16,8,2195,4,4,65.0,False,0.015992267610175137,17
population,4,16,8,2195,5,0,24.0,False,0.015992267610175137,6
population,4,16,8,2195,6,5,52.0,False,0.015992267610175137,13
population,4,16,8,2195,7,0,24.0,False,0.015992267610175137,6
population,4,16,8,2195,8,6,85.0,False,0.015992267610175137,22
population,4,16,8,2195,9,7,39.0,False,0.015992267610175137,10
population,4,16,8,2195,10,1,61.0,False,0.015992267610175137,16
population,4,16,8,2195,11,0,21.0,False,0.015992267610175137,6
population,4,16,8,2195,12,0,6.0,False,0.015992267610175137,2
population,4,16,8,2195,13,2,52.0,False,0.015992267610175137,13
population,4,16,8,2195,14,7,14.0,False,0.015992267610175137,4
population,4,16,8,2195,15,7,22.0,False,0.015992267610175137,6
population,4,16,8,2196,0,4,73.0,False,0.015992267610175137,19
population,4,16,8,2196,1,2,93.0,False,0.015992267610175137,24
population,4,16,8,2196,2,0,23.0,False,0.015992267610175137,6
population,4,16,8,2196,3,0,23.0,False,0.015992267610175137,6
population,4,16,8,2196,4,6,72.0,False,0.015992267610175137,18
population,4,16,8,2196,5,5,47.0,False,0.015992267610175137,12
population,4,16,8,2196,6,1,136.0,False,0.015992267610175137,34
population,4,16,8,2196,7,7,44.0,False,0.015992267610175137,11
population,4,16,8,2196,8,1,47.0,False,0.015992267610175137,12
population,4,16,8,2196,9,4,61.0,False,0.015992267610175137,16
population,4,16,8,2196,10,6,52.0,False,0.015992267610175137,13
population,4,16,8,2196,11,5,79.0,False,0.015992267610175137,20
population,4,16,8,2196,12,6,58.0,False,0.015992267610175137,15
population,4,16,8,2196,13,3,55.0,False,0.015992267610175137,14
population,4,16,8,2196,14,4,45.0,False,0.015992267610175137,12
population,4,16,8,2196,15,0,20.0,False,0.015992267610175137,5
population,4,16,8,2197,0,7,64.0,False,0.015992267610175137,16
population,4,16,8,2197,1,6,64.0,False,0.015992267610175137,16
population,4,16,8,2197,2,0,101.0,False,0.015992267610175137,26
population,4,16,8,2197,3,7,52.0,False,0.015992267610175137,13
population,4,16,8,2197,4,1,128.0,False,0.015992267610175137,32
population,4,16,8,2197,5,3,48.0,False,0.015992267610175137,12
population,4,16,8,2197,6,1,149.0,False,0.015992267610175137,38
population,4,16,8,2197,7,7,23.0,False,0.015992267610175137,6
population,4,16,8,2197,8,5,56.0,False,0.015992267610175137,14
population,4,16,8,2197,9,4,49.0,False,0.015992267610175137,13
population,4,16,8,2197,10,6,73.0,False,0.015992267610175137,19
population,4,16,8,2197,11,1,82.0,False,0.015992267610175137,21
population,4,16,8,2197,12,4,48.0,False,0.015992267610175137,12
population,4,16,8,2197,13,4,48.0,False,0.015992267610175137,12
population,4,16,8,2197,14,4,46.0,False,0.015992267610175137,12
population,4,16,8,2197,15,7,24.0,False,0.015992267610175137,6
population,4,16,8,2198,0,4,205.0,False,0.015992267610175137,52
population,4,16,8,2198,1,0,29.0,False,0.015992267610175137,8
population,4,16,8,2198,2,6,67.0,False,0.015992267610175137,17
population,4,16,8,2198,3,2,71.0,False,0.015992267610175137,18
population,4,16,8,2198,4,0,56.0,False,0.015992267610175137,14
population,4,16,8,2198,5,0,28.0,False,0.015992267610175137,7
population,4,16,8,2198,6,4,141.0,False,0.015992267610175137,36
population,4,16,8,2198,7,5,48.0,False,0.015992267610175137,12
population,4,16,8,2198,8,5,120.0,False,0.015992267610175137,30
population,4,16,8,2198,9,6,68.0,False,0.015992267610175137,17
population,4,16,8,2198,10,7,19.0,False,0.015992267610175137,5
population,4,16,8,2198,11,3,46.0,False,0.015992267610175137,12
population,4,16,8,2198,12,5,107.0,False,0.015992267610175137,27
population,4,16,8,2198,13,7,16.0,False,0.015992267610175137,4
population,4,16,8,2198,14,7,48.0,False,0.015992267610175137,12
population,4,16,8,2198,15,5,46.0,False,0.015992267610175137,12
population,4,16,8,2199,0,4,75.0,False,0.015992267610175137,19
population,4,16,8,2199,1,6,45.0,False,0.015992267610175137,12
population,4,16,8,2199,2,0,81.0,False,0.015992267610175137,21
population,4,16,8,2199,3,3,97.0,False,0.015992267610175137,25
population,4,16,8,2199,4,1,57.0,False,0.015992267610175137,15
population,4,16,8,2199,5,6,81.0,False,0.015992267610175137,21
population,4,16,8,2199,6,4,80.0,False,0.015992267610175137,20
population,4,16,8,2199,7,6,49.0,False,0.015992267610175137,13
population,4,16,8,2199,8,2,47.0,False,0.015992267610175137,12
population,4,16,8,2199,9,5,46.0,False,0.015992267610175137,12
population,4,16,8,2199,10,6,52.0,False,0.015992267610175137,13
population,4,16,8,2199,11,3,46.0,False,0.015992267610175137,12
population,4,16,8,2199,12,7,39.0,False,0.015992267610175137,10
population,4,16,8,2199,13,7,51.0,False,0.015992267610175137,13
population,4,16,8,2199,14,2,59.0,False,0.015992267610175137,15
population,4,16,8,2199,15,4,49.0,False,0.015992267610175137,13
