category,path,bytes,sha256
repository,.gitignore,433,86a17ba6092b4dca3180da9a742c2c19055a6dacbbf7525191a8cf93b9739108
documentation,NOTICE.md,313,f68bf2500614329734e42cc8621744844ec25002ca11fcdb51b17e10a9984f7f
documentation,README.md,16545,0a9df603d6f2d2f17f26dd9d35f3435c4b04ac964e024a639214ce450e78e7a7
metadata,REPOSITORY_METADATA.json,831,34d6f769121f93ce1501a03c0282d7823d2c3aaf1cf5ece8230f5ca21b9babd6
experiment-data,analysis/E2_external_llm_baselines_DeepSeek_V3_2_c19_K20_s3_summary.md,709,5f4f1e50a1ae8328d662be17fcb99e33724e15912c4ad125ea09a6f623e4bada
experiment-data,analysis/E2_external_llm_baselines_DeepSeek_V3_2_c19_K20_s5_summary.md,709,17664b6936248de19cc692760d462a06d723835d599f5d9b179d63010882e395
experiment-data,analysis/E2_external_llm_baselines_Kimi_K2_6_c19_K20_s5_summary.md,702,1c6f9bd8cf32c1ade32e56210064af4845c18a45ee7c3bf225d2f7c8bce77e4e
experiment-data,analysis/E2_external_llm_baselines_Llama_4_Maverick_17B_128E_Instruct_FP8_c19_K20_s5_summary.md,758,a557d6f3951c73d788c7b35da93857559ca11bf361c034df45242cd97e239fb1
experiment-data,analysis/E2_external_llm_baselines_gpt_5_4_nano_20260317_c19_K20_s5_summary.md,725,ec05bf8537574f628842996ef7ed2ee54932da4d2a61f490677e5ddaa9805079
experiment-data,analysis/E2_native_vs_llm_baselines_stats.md,2528,2a71a817a50fdae3a4d13cfa65a1b5f6b9d581ba164ff59a493cea9377752350
experiment-data,analysis/E2_native_vs_llm_baselines_stats_preview_s3.md,2530,5334908575bb1a8f5ff42304c30040c2d664c9ab4366b51a27c5c481421ef360
experiment-data,analysis/E5_cross_model_per_episode_cumulative_regret_data_20260518.md,18006,3d87780e8ba9b2a1d98f4a5137489be36792b2602cdf0267ba5e23bc42fa5b31
experiment-data,analysis/aaai27_review/PACT_AAAI27_REVIEWER_EXPERIMENTS.md,24692,d258fb5b1c3216475a6435bb75c7d36a60f1fecbe096a94afe3e663a71a3c1e3
experiment-data,analysis/aaai27_review/e_c_component_naive_belief.csv,17290,688f2b6cdda9458abc4498433a87ee875fbdfe27ce13b30b53ab1a47a426f610
experiment-data,analysis/aaai27_review/e_c_component_surrogate_only.csv,17465,18a477e422ba9bbb0270ca530f37f1c88558388832f04ac8817df3ec3142cdf6
experiment-data,analysis/aaai27_review/e_r0_maassim_per_seed.csv,8007,8ea5b8f19b313f9f991646f3d7febe27830e26923aeaf244b6a304e082a88017
experiment-data,analysis/aaai27_review/e_r1_noise_analytic_mixed.csv,1024326,9f61cbd582eba2a693a1e3341f91d8e02aa0cf8b5132eb14f25fcf67f72da5a6
experiment-data,analysis/aaai27_review/e_r2_expansion_analytic_mixed.csv,3790,f1a8801dd3c93bfea08856d2b3bf4a9b8e4eb078aacd0bc041a047d582725e61
experiment-data,analysis/aaai27_review/e_r2_loo_analytic_mixed.csv,23617,999be7e3c265be69293e26a82a21cd990440de4f871dae73eb0f1801ca841ba0
experiment-data,analysis/aaai27_review/e_r3_menu_corruption.csv,93839,2333d58cc8c7c21e5452f3290d776d30150b125d3c0c01212ab0770b4b6abd21
experiment-data,analysis/aaai27_review/e_r3_raw/component_naive_belief_p0p0_r0.json,215047,eea1d97581ddf74b6f21ec4517ad9194a2a06718e638c3b53e7c60b5adbf8f21
experiment-data,analysis/aaai27_review/e_r3_raw/component_naive_belief_p0p0_r1.json,216051,e0cc7bbef22f78d81efe00e22dec8ed947d2df53b284708faac0773a8f0b4fee
experiment-data,analysis/aaai27_review/e_r3_raw/component_naive_belief_p0p0_r2.json,213996,9b98a63b1e2dcd87363764eedb8c48b740de766c8def713bdf0a990937a5695f
experiment-data,analysis/aaai27_review/e_r3_raw/component_naive_belief_p0p0_r2.tmp,16196,4a0095616681f983974c1a5dbd3c867250acc859d7d02f8640af551bdf91a590
experiment-data,analysis/aaai27_review/e_r3_raw/component_naive_belief_p0p0_r3.json,213607,1713b5661c68cf2a425e53c1b2ea3ef3f3a59cd11e0595716e611ba32c8256e4
experiment-data,analysis/aaai27_review/e_r3_raw/component_surrogate_only_p0p0_r0.json,211661,1f59ef0a32915c782baa0198a45638e10868dd7da5b72d5d053910b7bbd5c13a
experiment-data,analysis/aaai27_review/e_r3_raw/component_surrogate_only_p0p0_r1.json,212927,464bb130f9890bf3f104665914f78ee89a5051aa4f1deb0697ef768abe2f388e
experiment-data,analysis/aaai27_review/e_r3_raw/component_surrogate_only_p0p0_r2.json,213253,3d0e874e15de60eb4133a03faeb73adbde8d1b0f46d22cc01419dc18cd4dbf8b
experiment-data,analysis/aaai27_review/e_r3_raw/component_surrogate_only_p0p0_r3.json,213211,d12ce4d9a0cd01ef0e280739ba24aea93f81fa5672f08b864a362f84640b9eaf
experiment-data,analysis/aaai27_review/e_r3_raw/p0p0_r0.json,215309,4defc391e9f9aac48ff3b98c4ab3275e0e88c13475490425cda0885627cb5f1d
experiment-data,analysis/aaai27_review/e_r3_raw/p0p0_r1.json,211279,45b688fffca96ebe08e29751f35c863361a297f86f178e6f492dbb2293900913
experiment-data,analysis/aaai27_review/e_r3_raw/p0p0_r2.json,214143,9a500c8844dddb216b072252dda351e9759d1ca31a2032b93a128700122375a0
experiment-data,analysis/aaai27_review/e_r3_raw/p0p0_r3.json,213644,fc342b74e6ebbfaad741ec1b3c357312f2871041d7d161b9d4ae35f843f2abc0
experiment-data,analysis/aaai27_review/e_r3_raw/p0p1_r0.json,214317,ae645fb8aea03f35ed78a7951e1e86831cc066d076b4c87873805112bc33e16d
experiment-data,analysis/aaai27_review/e_r3_raw/p0p1_r1.json,214087,64e015dcd8794d418b59054206b32e49a3ba78391fec6ea1edac062cfc554c8b
experiment-data,analysis/aaai27_review/e_r3_raw/p0p1_r2.json,212886,a25ac971d21a3c049df3bf8c84e967ea0e5c38da22e6a04452ccac7d76c8820d
experiment-data,analysis/aaai27_review/e_r3_raw/p0p1_r3.json,210970,6e2177072e78ebd848a944ab99e55ae0179ea0886cb306406b85f0f99ed35107
experiment-data,analysis/aaai27_review/e_r3_raw/p0p25_r0.json,217449,455beb2185d5285c20478043b027b9fcf7a4bc8099d9994bafcbb41fe9bf7356
experiment-data,analysis/aaai27_review/e_r3_raw/p0p25_r1.json,218182,2b76eedcaffc6be385a08407fd214018199937f85f4675776c9d70630201159f
experiment-data,analysis/aaai27_review/e_r3_raw/p0p25_r2.json,217353,f9fc3ea4ff199d1bc9d9da7b7080350e4d834b8f5243487460c875fee0edbda4
experiment-data,analysis/aaai27_review/e_r3_raw/p0p25_r3.json,217153,08a7cf39a4404bff80f729fefc535b3fbe0d0b857931f9d5bfb1312d7bd2f0c5
experiment-data,analysis/aaai27_review/e_r3_raw/p0p2_r0.json,213854,2f767ab5ac8e12b16d046aece39ef7e5238e4b5d5520d783ec0004857ae0f3ee
experiment-data,analysis/aaai27_review/e_r3_raw/p0p2_r1.json,214868,691dca8206f8fe157a75d933cfc3c2b18bf08dd0e6192db81ca4e4ee178bcdb3
experiment-data,analysis/aaai27_review/e_r3_raw/p0p2_r2.json,212927,5022f83cebe3873c344cdab31b39237e108c3e72ffb3bc8569a1ff3fb2807d19
experiment-data,analysis/aaai27_review/e_r3_raw/p0p2_r3.json,214125,4ed375dc181e6dc0fd4446937f0508cd5601000fb475eb754a8dae86dae846d3
experiment-data,analysis/aaai27_review/e_r3_raw/p0p3_r0.json,211513,b34e37eec3820cbf2ed2bb422aedcef88f5ec7d8e522fbc03ec45af1d30415db
experiment-data,analysis/aaai27_review/e_r3_raw/p0p3_r1.json,213190,64b51153419a43b3ef80889d303a4391266b6b0a260762a69a359195642faf87
experiment-data,analysis/aaai27_review/e_r3_raw/p0p3_r2.json,212080,2c6abde2136590bef73b9e7242c570047175eef4ba0f70d3a2001ab6f9a64e56
experiment-data,analysis/aaai27_review/e_r3_raw/p0p3_r3.json,214741,f9c4a0b2118da14f477be50aa29f6ff0d98cb16376baf8cc94fcc85f3fd58c36
experiment-data,analysis/aaai27_review/e_r3_raw/p0p5_r0.json,217620,6eaac675b5d2bfe41d21b660fef6c3dc8eb522b00920fd715bc06482132ae2f0
experiment-data,analysis/aaai27_review/e_r3_raw/p0p5_r1.json,216813,6b4b60181308f6dfccdaffce92dc8883ead7370686fc0d41f110057df8f98adf
experiment-data,analysis/aaai27_review/e_r3_raw/p0p5_r2.json,217342,4e4bc471fe852c476574eb97fdbedc05df1150c6fb1a5403384caac0a454481f
experiment-data,analysis/aaai27_review/e_r3_raw/p0p5_r3.json,217261,21ab6cba36ae01d3c75d69f4dc75bfeac8d52fe4acc43c93f88d5c0977716322
experiment-data,analysis/aaai27_review/e_r4_planner_concordia.csv,6805,052e6c0b3a06d88855f7824d4afc629074b8e0d8409911a386039932f5883aa0
experiment-data,analysis/aaai27_supplemental_experiments/PACT_AAAI27_SUPPLEMENTAL_EXPERIMENTS.md,7499,7d76a9e0bde530078c87ad167c764ebfb4a6c6a8ae24c568512800b4ef88927e
experiment-data,analysis/aaai27_supplemental_experiments/manifest.json,197899,3d67b4e10dcdf9e4a9d5c79e9ba68fc5d781d3bee703b618a32e0d6ff37d5443
experiment-data,analysis/all_numeric_results.md,122147,d4e0147822942bf287d20fe720457b725bcbfd6f867bd53c7a109bde8ac62ed4
experiment-data,analysis/baseline_implementation_audit.md,8566,5930f55c05a41cb99f62dc4aa4f51d1c1b83ad1d24917164ecf90d09d1390293
experiment-data,analysis/concordia_compact_action_diagnostics.md,5608,3e3c66a6b32a162014f9b0db6b12abae78afae2b77cbd030a95e82c41031e0d9
experiment-data,analysis/concordia_compact_margin_summary.md,1949,a1d94d86838c1450d4267332acbd891e74d25efdceb5434a238a98095544a392
experiment-data,analysis/concordia_fig10_main_v7_active_data_long.csv,35809,f17efa153bb8e83d57af01d22a0e4760ea10693bad857b0a8e11ba499487eee6
experiment-data,analysis/concordia_fig10_main_v7_active_data_long.json,82346,a1fb254c7af844f0ae5ee852939694896cc205c03e3228406c254d891e5fc089
experiment-data,analysis/concordia_haggling_compact_fruitville_gullible_s30.json,474821,3b44b9d0f2188bcc00ca89ee0af58995dc99deed79acc76a68d73e3685bc0112
experiment-data,analysis/concordia_haggling_compact_fruitville_gullible_s30.md,1419,005bd02c63ba88b7f2d1541adc51d07bed4014da793cdeb1e22002b42165c2ab
experiment-data,analysis/concordia_haggling_compact_fruitville_s30.json,855496,35ce960fedf378333dd83d7dd8f2861f123bc32946dc4dcc879888ddb0b810ef
experiment-data,analysis/concordia_haggling_compact_fruitville_s30.md,1411,f1b1bee0394be3e2a3870ee7a418268c5eaec62174bf7b243a67af93f042621f
experiment-data,analysis/concordia_haggling_compact_fruitville_smoke_s2.json,60145,bbbac36d95625b1774469756b99b65dde83524d4f5495901d3dccd7f4d86b9d6
experiment-data,analysis/concordia_haggling_compact_vegbrooke_s30.json,1602167,e2e2cd35c6d1826969ff48c62d25e3d6d2638e5418507ac6dc2c180590a0e953
experiment-data,analysis/concordia_haggling_compact_vegbrooke_s30.md,1411,52c23d8a490cc0a9292f1a0b141f29c2544f6fc1ab8517a509c330a0fbbf43b8
experiment-data,analysis/concordia_haggling_compact_vegbrooke_strange_game_s30.json,858512,32e5656f3be589cb27688acb2c42de8ee27c86c6950614d32c59e3c9a398a68c
experiment-data,analysis/concordia_haggling_compact_vegbrooke_strange_game_s30.md,1428,55d322e919649de0be616928a1fd7a90d63536e140cc77cd53e774328e2f1082
experiment-data,analysis/concordia_haggling_compact_vegbrooke_stubborn_s30.json,722374,a171296424c68648716d2da2bfd86b1decf3b06420cd2be89559f23ab411b16e
experiment-data,analysis/concordia_haggling_compact_vegbrooke_stubborn_s30.md,1421,88cbee8a147aaed47062e6777e173655ab853211469b9450ce09b89dcaf4f28f
experiment-data,analysis/concordia_haggling_joint_optimal_focal_intervals.csv,1659,1efb09193720f59d51f0ee068d818154b97d886c1735fa45606fb0048ff295ee
experiment-data,analysis/concordia_haggling_joint_optimal_focal_intervals.md,1768,bdf6146debc96ee65c36930af1d677194a74f18d29ea0558e795aa010c794297
experiment-data,analysis/concordia_haggling_margin_summary.md,2350,235dc143680fca107379daf13d872ce18566f292bacdeedd88fed37cc273e372
experiment-data,analysis/concordia_haggling_multi_item_compact_cumulative_score_s30.json,514774,056c58746f8c24417aa57d0516e4de36437f90247587fde4af64b8e933fbf5a6
experiment-data,analysis/concordia_haggling_multi_item_compact_cumulative_score_s30.md,1427,8e9ed47b53a5c13a148fb8d95becc31e84eb4b9ef4fcfa0e2eaff4f9f4038835
experiment-data,analysis/concordia_haggling_multi_item_compact_fruitville_gullible_s30.json,575115,d856cd01726e2ecf00963b96eadf10a4dfd7e46ada28fdf539050734b156515b
experiment-data,analysis/concordia_haggling_multi_item_compact_fruitville_gullible_s30.md,1431,2a353e45cc7f0a59fe87fa2f21ca7399d8b98cceb051f56cbc05fc24ea686b45
experiment-data,analysis/concordia_haggling_multi_item_compact_fruitville_multi_s30.json,422958,109557f389547ade5fca1947b3001dd18cb52f5749a7524a2042aacd9aaeb581
experiment-data,analysis/concordia_haggling_multi_item_compact_fruitville_multi_s30.md,1429,5d50e95a1cd852b202b2392c7211b68085390d5f7d4430070c35b4830ed165c5
experiment-data,analysis/concordia_haggling_multi_item_compact_fruitville_multi_smoke_s2.json,31051,0c3674fc1574c5b2a26285b215605e9b7a42a9aa61a9cfaf9e702198fdd7a769
experiment-data,analysis/concordia_haggling_multi_item_compact_vegbrooke_s30.json,425506,fc651b05afd02ec7c145693be6000dc2acf27f8074fde1cf6ec98363f55e536d
experiment-data,analysis/concordia_haggling_multi_item_compact_vegbrooke_s30.md,1422,a88eebd3c0fbe8ff76dbe1f1ef14f08bde9454bfbc0d503cb89785f0a143eca0
experiment-data,analysis/concordia_haggling_pareto_oracle_joint_beta0.csv,1319,8845e0bba194a63aaccebadeb38cde22bfc2af6c36b50c96ffeb26d5b36c29c7
experiment-data,analysis/concordia_haggling_pareto_oracle_joint_beta0.md,2918,999d5c88e0a45a1e4ff96ca76724cb9cb1d5eb00cab9c3cb2dadf899e4660143
experiment-data,analysis/concordia_haggling_true_oracle_focal.csv,3151,dcee281376d9c0d426a0590f0c0d94d238395894c00cfc80a64795eb35111b9e
experiment-data,analysis/concordia_haggling_true_oracle_focal.md,1660,0fcbf30cabf42d9f3266a7873d00b2c2f471aa84aff624a9b5b30e424937e989
experiment-data,analysis/concordia_pub_coordination_compact_DeepSeek_V3_2_live_s2.json,25559,2454aa07083cce4306d6e856992d345cccb089b795b7900e9df9e064b3cf4900
experiment-data,analysis/concordia_pub_coordination_compact_DeepSeek_V3_2_live_s2.md,602,017c4523ec76e91cceb05f52542446d89d2a00030fe2d6ddf54217c833ad52d8
experiment-data,analysis/concordia_pub_coordination_compact_DeepSeek_V3_2_live_s3_seed2_4.json,38351,e625e99b4562708295504eb0f927338b2223fdfee3413e970aa7fee8a268d35a
experiment-data,analysis/concordia_pub_coordination_compact_DeepSeek_V3_2_live_s3_seed2_4.md,605,b1b782898dd06ee4154b36dccf047a3e89b4cf405180454ebf100d903b48d8fa
experiment-data,analysis/concordia_pub_coordination_compact_DeepSeek_V3_2_live_s5.json,62332,4d06d6383b809877cb3c618360708ba5c624f2aba021a9cb404568890f5f7e21
experiment-data,analysis/concordia_pub_coordination_compact_DeepSeek_V3_2_live_s5.md,611,9293d6fc8b1bb79084d4b5f2ec99e2213d41c52a992d4966024890f94dcaf69e
experiment-data,analysis/concordia_pub_coordination_compact_Llama_4_Maverick_17B_128E_Instruct_FP8_live_s2.json,38584,f0d1e37aa7c319960fdd6988db365ddf0acd1c13daea6cdcdbb17404e9705a10
experiment-data,analysis/concordia_pub_coordination_compact_Llama_4_Maverick_17B_128E_Instruct_FP8_live_s2.md,1778,c0c19c2ae9ab7b9550a2071fd614c0a88693c26b0833344ea849b819c387f9d9
experiment-data,analysis/concordia_pub_coordination_compact_Llama_4_Maverick_17B_128E_Instruct_FP8_live_s3_seed2_4.json,56942,7b2bce5d1f6126042b1bbd8a0d8c4e3c7797b1f43a224b1ebe468aa47590ac48
experiment-data,analysis/concordia_pub_coordination_compact_Llama_4_Maverick_17B_128E_Instruct_FP8_live_s3_seed2_4.md,1781,ca03157ab8b646ef98a4ccb5130a7a0234720660c1b43c6a7032aea33230bcd1
experiment-data,analysis/concordia_pub_coordination_compact_Llama_4_Maverick_17B_128E_Instruct_FP8_live_s5.json,87770,7f78382efb94747f744a15a83126532907a2901c007a18b54df957760be06a9e
experiment-data,analysis/concordia_pub_coordination_compact_Llama_4_Maverick_17B_128E_Instruct_FP8_live_s5.md,823,df6a3079a8b5fdbed5f04e92bd5a33bc8dadceedee1ead15da9b5c1ac10c2fc0
experiment-data,analysis/concordia_pub_coordination_compact_capetown_mechanistic_joint_s100.json,1470115,002a37850f1000bac046788771086d402ec81b16ff1378553d20fe568bb11236
experiment-data,analysis/concordia_pub_coordination_compact_capetown_mechanistic_joint_s100.md,1561,0e0adf0c0efdc98ed705cc194d8fdb9426713931c8e9ead0f559851fbbc97bc3
experiment-data,analysis/concordia_pub_coordination_compact_capetown_mechanistic_joint_s30.json,442718,034a6695e2db6649a1f98f285d6b831458371852ba889a0145b87942db164b12
experiment-data,analysis/concordia_pub_coordination_compact_capetown_mechanistic_joint_s30.md,1276,026b80a92898687b59265ab4dcedc939de989a2635fd05c94ecfc8e3529b035a
experiment-data,analysis/concordia_pub_coordination_compact_edinburgh_closures_mechanistic_joint_s30.json,413715,2ea540531b89aa5fb7ac66a82d59847bfe060bd867cd53df6499cfa656ed2d8f
experiment-data,analysis/concordia_pub_coordination_compact_edinburgh_closures_mechanistic_joint_s30.md,1286,b0371c5ca8a9fcaf83afe20bb003a627da540081d2965f9ad0ca1ec9b577f6b1
experiment-data,analysis/concordia_pub_coordination_compact_edinburgh_mechanistic_joint_s30.json,328154,1993ca43a9c564b416f911d58a4b9253134fc4711b90187394beb6c742ed4435
experiment-data,analysis/concordia_pub_coordination_compact_edinburgh_mechanistic_joint_s30.md,1277,edab059a7fc29974df3ed7f525638d64e6a567f8c4fb85c29b63b8d7220b0d7b
experiment-data,analysis/concordia_pub_coordination_compact_edinburgh_tough_friendship_mechanistic_joint_s30.json,328994,bd235a04c6cacc39116ac9dc187f6fdb681c33dc1cee8a32bf0cea2524de1621
experiment-data,analysis/concordia_pub_coordination_compact_edinburgh_tough_friendship_mechanistic_joint_s30.md,1294,cdcb827391f0c0e92f77af7b40e04ff07715d42fde3d960d8e206337be9cb562
experiment-data,analysis/concordia_pub_coordination_compact_gpt_5_4_nano_20260317_live_s2.json,41531,0d5099d02ea79303ca917538893bdec18a6c971ab652201a979da61d15225298
experiment-data,analysis/concordia_pub_coordination_compact_gpt_5_4_nano_20260317_live_s2.md,1761,b31e1cef2404405fa59481059bf687cefeb76a716040d91838dd312f07afb05c
experiment-data,analysis/concordia_pub_coordination_compact_gpt_5_4_nano_20260317_live_s3_seed2_4.json,60224,93384bbef12d884e4a2c3906cde7b9d6fc549667deac9f36eb99c382a581a545
experiment-data,analysis/concordia_pub_coordination_compact_gpt_5_4_nano_20260317_live_s3_seed2_4.md,1764,53a448b330909b0f7198ed31a2afd14f162f5e122fa2e11058f99c35a597ea50
experiment-data,analysis/concordia_pub_coordination_compact_gpt_5_4_nano_20260317_live_s5.json,94059,84409a170fca5d7b9cc93413d8e5cf1d1a9bc8bd067cd5a97f756c473a049e35
experiment-data,analysis/concordia_pub_coordination_compact_gpt_5_4_nano_20260317_live_s5.md,806,66d42ae682a4e9c9e7344a8a8cc8eea1309833a5bad69d47975056f18533a89b
experiment-data,analysis/concordia_pub_coordination_compact_london_closures_mechanistic_joint_s30.json,330719,8cb1ddbe57efa73c28e41646f72e748030b294fedbbe16712783014f3292fdfa
experiment-data,analysis/concordia_pub_coordination_compact_london_closures_mechanistic_joint_s30.md,1283,cff9bf4b72589e1e1fae2503ca1a72d9091d0cdaaaadd3fb1aa2aa0185a11b48
experiment-data,analysis/concordia_pub_coordination_compact_london_mechanistic_joint_s30.json,344915,17401a661106034db8a2e011ee2df270bd535efc9e3c33648defe79a6e792cf8
experiment-data,analysis/concordia_pub_coordination_compact_london_mechanistic_joint_s30.md,1274,73ebadf2b9ef6b0f9d217a26efca7d2fb1090ceedd0d2d32b6c08ceb29fba9ec
experiment-data,analysis/concordia_pub_coordination_compact_london_mini_mechanistic_joint_s30.json,266949,d378ca28751c98f478b716ef2730d2dabc9a91f18a169806fa1a522ce2979c30
experiment-data,analysis/concordia_pub_coordination_compact_london_mini_mechanistic_joint_s30.md,1279,c29c9a5c7278bdc41bae5120ef1313f7b44fe51a1cd96400f083767c4939a5be
experiment-data,analysis/concordia_pub_coordination_compact_mechanistic_joint_s5.json,45130,a729b5860f1e7baf703d838b4afb4bcaf6914c3ba2e96f5fabd1855ecab4dcd8
experiment-data,analysis/concordia_pub_coordination_compact_mechanistic_joint_s5.md,1179,d1823d406e0d9f7bea2549eac972af91c5122d5ffd4ad552fc395198bdd4cff4
experiment-data,analysis/concordia_pub_coordination_compact_mechanistic_s5.json,30911,46ab0b3443b5411b8e655c3ff39cf803eb376bd47f7150985fe43dac846629b6
experiment-data,analysis/concordia_pub_coordination_compact_mechanistic_s5.md,500,6d472cedcbf873c413b1f99f08d652d753d2e5715ed749e1836d9e704778bca2
experiment-data,analysis/concordia_pub_coordination_compact_offline.json,16460,7af294f66b93d105d10403d4553b52076e6730fe3410bc513e8e3225995f2944
experiment-data,analysis/concordia_pub_coordination_compact_offline.md,596,ed7a4d4fd5e4c0a88580c7898d946d681b8556c724ec65ddf199c38cd28581be
experiment-data,analysis/concordia_validation_notes_20260517.md,14152,ad063dc1d280bd4319940f9667cfd8e0c0ef564ea4ecf69bd38a88a22ef5dc30
experiment-data,analysis/courier_dispatch/README.md,28842,d3b9c816dd6ba148b0e2f8426f2e65b035a1c5d22208612a2fc871c7e5ea6a47
experiment-data,analysis/courier_dispatch/courier_dispatch_live_llm_s1h8_allmodels_summary.csv,7684,ff1cf6861db7a147fc2c030b3921185fa29635da38b7aa6260467a6a95ea224b
experiment-data,analysis/courier_dispatch/courier_dispatch_live_llm_s5h24_allmodels_allbaselines_liveonly_summary.csv,3356,cb0df66e40ec5b3d5c13f2b9a382c0cdfd84fb291607b03a39199fc0ac8f64cb
experiment-data,analysis/courier_dispatch/courier_dispatch_live_llm_s5h8_allmodels_allbaselines_summary.csv,9563,483e41071c40073a0e4ce0d2563e9bfe4303716c1fd9f4b802159813d40520cf
experiment-data,analysis/courier_dispatch/courier_dispatch_live_llm_s5h8_allmodels_summary.csv,7556,7fc4c6323a8163f1a56a17dc72bbae5fe93d6e3ec6d6e08b4f21b434993ef16c
experiment-data,analysis/courier_dispatch/courier_dispatch_llm_driver_gpt54mini_h2_smoke_summary.csv,628,fdf6737e9ddad8716ec4879284572a7b1984c01c1230dad9f35a99eb65516697
experiment-data,analysis/courier_dispatch/courier_dispatch_llm_driver_gpt54mini_h2_smoke_summary.json,7697,9b94504742edd7d327d7413fe1715fc2c0734e7e1579b188f4a94a60fa81ea50
experiment-data,analysis/courier_dispatch/courier_dispatch_llm_driver_h2_allmodels_smoke_summary.csv,1903,6bdbce7f821b52d4ff424d924cbe96d6bf443efad35595c24e015cac20276058
experiment-data,analysis/courier_dispatch/courier_dispatch_llm_driver_h2_allmodels_smoke_summary.json,28421,f11a0444738d5bc5ff59d126ec6851f91995ce7752c9fd8444004cb8f9f49172
experiment-data,analysis/courier_dispatch/courier_dispatch_s5_summary.json,10149,a14530a846af42ef57ef59610ef686c336f79c1398b2598ab2f44151da2e250d
experiment-data,analysis/courier_dispatch/courier_dispatch_summary.json,10174,b82eaf829b44bdd76e733147f70e00d34a640a081eb579eea4040e8ca58f4259
experiment-data,analysis/courier_dispatch_maassim/maassim_batch_controlled_synthetic_baseline_summary.csv,1549,bebbfc9a4392d0016206df93603f3bf0fc782e9892ef570fc37acbd2df28bb9b
experiment-data,analysis/courier_dispatch_maassim/maassim_batch_controlled_synthetic_baseline_summary.md,1124,97d0ecdff1c881cd1710a4041dcbf345c0a514009dd92ca4aba4a16e66a663d0
experiment-data,analysis/courier_dispatch_maassim/maassim_common_state_replay_summary.csv,2796,57e8d52d901a861ee682da28c71ddc1ab550a9f064c016d4792f183e81059be5
experiment-data,analysis/courier_dispatch_maassim/maassim_common_state_replay_summary.md,831,2cedcec74846d33817435011a0bc94f6eecc26b03fa84634e34695c5aa95cb25
experiment-data,analysis/courier_dispatch_maassim/maassim_controlled_synthetic_baseline_summary.csv,1743,9b2b88a6d32003f0a7daa6caeb228ba761d459af500b882ff2e224a8ed56e6e6
experiment-data,analysis/courier_dispatch_maassim/maassim_controlled_synthetic_baseline_summary.md,1329,70d536e2c2730b258266500a77f2e8f8cbb1f806d64ac7251364843ab10275f3
experiment-data,analysis/courier_dispatch_maassim/maassim_experiment_figures_index.md,2305,4146d59a2e332ddccd5cbb9ae829ce3b27ee22f507b605941b7a7b29b605542f
experiment-data,analysis/courier_dispatch_maassim/maassim_kpi_calibration_sweep.csv,4653,07db54f933221d05dad34fd56c52035e5cdb1450afcfa5a3a595c91bee83c392
experiment-data,analysis/courier_dispatch_maassim/maassim_kpi_calibration_sweep.md,1863,3001909d58f461cac19e47688213b5a32170807c4da06bf0f71fc77c6b7eb8a7
experiment-data,analysis/courier_dispatch_maassim/maassim_llm_atom_baseline_comparison.md,1543,4baf5bea99c8f82bd61a6989322385c7bfa2a66989c139429e7908e82626f89b
experiment-data,analysis/courier_dispatch_maassim/maassim_llm_atom_baselines_s1_m8.md,1311,c7e88386db4627f825ef9c5a85f06f21e3b788f8347cedad7dc12afc9f92f18d
experiment-data,analysis/courier_dispatch_maassim/maassim_llm_atom_baselines_s2_m12.md,1308,3a0c28a650cb30d77d355fd7d5a5962ec8abba47b32db0d6b50adef369dd1473
experiment-data,analysis/courier_dispatch_maassim/maassim_llm_atom_core_s5_m20.md,1233,4a9526da9f528ea130660547a92034e3b398835cb104b2fe3256c52984def55e
experiment-data,analysis/courier_dispatch_maassim/maassim_llm_atom_stress_s5_m20.md,1233,eeef7dcba7409ce069b50ee90a513d0b2e31c8742cd939f89a94bc68bb820ec2
experiment-data,analysis/courier_dispatch_maassim/maassim_llm_prompt_stress_comparison.md,1809,02250ac7b57da06c184d9bd4105d03b2f9ab12819f66eb98aefb4813e588481a
experiment-data,analysis/courier_dispatch_maassim/maassim_llm_prompt_stress_econ_s5_m20.md,704,c0c224c994b5c36b13250028e8bbb6b73e5c3faf7b71b50ed74b5bd908001f18
experiment-data,analysis/courier_dispatch_maassim/maassim_llm_prompt_stress_noecon_s5_m20.md,1326,08a1b8f5c98fb2e68c8945065bbcd29f9db16b2c9fba64e2d01d48f33f33255f
experiment-data,analysis/courier_dispatch_maassim/maassim_llm_prompt_stress_s5_m20.md,1418,d3d5eee735eeb7015ce74de6bc6e3a921701c92a3bc0f1a5ce37fa635eea117d
experiment-data,analysis/courier_dispatch_maassim/maassim_llm_prompt_variant_comparison.md,1516,36eb51891f951e5ba629320a3ed47210527eb761969e427059b26e9b8ab521f8
experiment-data,analysis/courier_dispatch_maassim/maassim_llm_replay_basic_s2_m12.md,949,56131c23515fc20eb7541b4bba1bd2ee2dd264bacf6e44459c347ae1272d59ce
experiment-data,analysis/courier_dispatch_maassim/maassim_llm_replay_cache.json,486195,fa386b184d091909554d7cf7214f79c5f0e720c32db07a60ff3c5bd9e4e40044
experiment-data,analysis/courier_dispatch_maassim/maassim_llm_replay_scored_s2_m12.md,951,6b8ffe728fe98163797799ff574ceb5f753ef5d7135a73f40c332d6d8c04fe3a
experiment-data,analysis/courier_dispatch_maassim/maassim_llm_replay_smoke_s1_m8.md,809,2204072ddea09c583b0aac958b41e33cbbd406544fb6cbb63692a8b0a41deb5d
experiment-data,analysis/courier_dispatch_maassim/maassim_llm_replay_smoke_s2_m12.md,933,a710d6317f190e57d58d339a4810a0c0b7ead5e29fb044fefe33bcc607402d71
experiment-data,analysis/courier_dispatch_maassim/maassim_llm_scenario_conflict_econ_s5_m20.md,735,6cd5d244680b303932df533b3efff8962c7c61c20680dc6aa115d872ec0febd6
experiment-data,analysis/courier_dispatch_maassim/maassim_llm_scenario_conflict_mid_s5_m20.csv,3028,95ab512f180cf99382593a5e130edd01acc81d22dd5d478d891076fe18c56428
experiment-data,analysis/courier_dispatch_maassim/maassim_llm_scenario_conflict_mid_s5_m20.md,1464,146de9828b64376bb67c9d1232d93834044e80988e1b73de46a93bb09500b552
experiment-data,analysis/courier_dispatch_maassim/maassim_llm_scenario_conflict_noecon_s5_m20.md,1364,a364f2065b27565c41f6ba744cec640e84ccf7d92bf61cf7a4c50b8d55558c2f
experiment-data,analysis/courier_dispatch_maassim/maassim_llm_scenario_conflict_smoke_s2_m12.md,1447,e26ea11e2b799944085614c58689bb8b9acd0597f03477cb73cd2c22f735935b
experiment-data,analysis/courier_dispatch_maassim/maassim_llm_scenario_normal_p2_econ_s5_m20.md,724,54422936d896b4944d0eb5b06c426cdbcea7d11ed8ba62f33a60ef3626ae5488
experiment-data,analysis/courier_dispatch_maassim/maassim_llm_scenario_normal_p2_noecon_s5_m20.md,1251,37abdf4583ae891fa956a048edfd9061ac2f2d5d1d0ffe826385f9b71e810655
experiment-data,analysis/courier_dispatch_maassim/maassim_llm_scenario_suite_detail.csv,2947,752d0cb1db0299ba6518c94e5e9791bac2df6e10432aa39a0e93418e6f417d48
experiment-data,analysis/courier_dispatch_maassim/maassim_llm_scenario_suite_summary.csv,865,1be3800984d91c2ad9ceea4624edef061ccdf2f079ae00a8a3f099c508bc0088
experiment-data,analysis/courier_dispatch_maassim/maassim_llm_scenario_suite_summary.md,2137,231ac31267568369019c9dd043cd5b2ae11fff2a6304c1d30a1c6328b3a05de3
experiment-data,analysis/courier_dispatch_maassim/maassim_nearest_optimality_diagnostic.md,751,47d99d2174347763425193d77b99e55c7c3cf8b450032cc6a6515042b47a6735
experiment-data,analysis/courier_dispatch_maassim/maassim_nearest_optimality_summary.csv,2064,d2c3e89214283cdcf18f35f064290c6a509950c9e300a303372975c3ef81ba1d
experiment-data,analysis/courier_dispatch_maassim/maassim_pact_persona_mechanism_summary.csv,4092,8843021246887bbf9117e6e5d7d6c00a0a83eef134ad5dcb537c648ef1eb468b
experiment-data,analysis/courier_dispatch_maassim/maassim_pact_persona_mechanism_summary.md,1437,a7e7e66923ecc02ee5438c5b2eeb61b78019e5b8dbaa1eba8121a20375b66cd3
experiment-data,analysis/courier_dispatch_maassim/maassim_persona_v2_baseline_summary.csv,1990,c5a159b50452425d60baa596f28467b4dda36c71188a598d66b359a798b33bc3
experiment-data,analysis/courier_dispatch_maassim/maassim_persona_v2_baseline_summary.md,1299,88266d475102aea91027b22f287c5b6427cd3969ca1b6f3c6827169d4bf34140
experiment-data,analysis/courier_dispatch_maassim/maassim_persona_v2_main_summary.csv,2000,bd654c758d8b1d53162409131cc460f8e274a162ba30257532b635a8610d16a7
experiment-data,analysis/courier_dispatch_maassim/maassim_persona_v2_main_summary.md,1308,42cb980503cea060bde51e54a3192cc7fc3bfd7e6c3a2853a112401ddc37526b
experiment-data,analysis/courier_dispatch_maassim/nearest_persona_v2_main_s0_personas.json,1266,2890485f92669338eb77676a17e0e39e180d0474391e676c752e51261e959ffb
experiment-data,analysis/courier_dispatch_maassim/nearest_persona_v2_main_s0_queue_snapshots.jsonl,79256,25dabbbdbcab902a275502df796b11433117dadacb6598a8ab4658da33093b84
experiment-data,analysis/courier_dispatch_maassim/nearest_persona_v2_main_s1_personas.json,1266,94465f9a6b24dde9526e205537a5de1a89f0a457979d1ec7aafdf2c48c5b74fb
experiment-data,analysis/courier_dispatch_maassim/nearest_persona_v2_main_s1_queue_snapshots.jsonl,89961,9c592f1d70d69cc2084feb742e9db766a07dad29a97367365ea7beb2690ce70c
experiment-data,analysis/courier_dispatch_maassim/nearest_persona_v2_main_s2_personas.json,1266,16cf6c345704991b0740f4d6a7e7f11c37d1f9a1e85984ed837b3abbd8d2ced3
experiment-data,analysis/courier_dispatch_maassim/nearest_persona_v2_main_s2_queue_snapshots.jsonl,66550,945f7a0aed9378fd050bd71e457947cdb2e1ffbc715ccbbab6a283569f587578
experiment-data,analysis/courier_dispatch_maassim/nearest_persona_v2_main_s3_personas.json,1266,4353d9ce1180436d2e6dbb41a7ed411ee15bc41bcbb06252d5b0d5ecd92714ee
experiment-data,analysis/courier_dispatch_maassim/nearest_persona_v2_main_s3_queue_snapshots.jsonl,73039,517e53137add31e89131c494fc5d1758a630b4f91d07d5c41a64b0888a09ec7a
experiment-data,analysis/courier_dispatch_maassim/nearest_persona_v2_main_s4_personas.json,1224,2047cc8bf35ddb12aae7e37b1c332aa53cc5bab3e9dd20ac4f575286e9ac5c3d
experiment-data,analysis/courier_dispatch_maassim/nearest_persona_v2_main_s4_queue_snapshots.jsonl,100798,52c5cc834498c214dc9a4f35fd406d33c0c9116ea54dcaf75a70b157eaa4a655
experiment-data,analysis/courier_dispatch_maassim/nearest_persona_v2_main_s5_personas.json,1245,4b37766705a0521eafd7ba35715abfa8afbe3b152420f980f9a68aa4b72f1716
experiment-data,analysis/courier_dispatch_maassim/nearest_persona_v2_main_s5_queue_snapshots.jsonl,93978,3799ec914abba789eb4badf62479c0b6ada6ff0a4edc624b0d787b2a1919c04f
experiment-data,analysis/courier_dispatch_maassim/nearest_persona_v2_main_s6_personas.json,1266,42c7daecaa40921d8b08fb59621f12b51f9395a9fd2f88cdc2d97963c08dd517
experiment-data,analysis/courier_dispatch_maassim/nearest_persona_v2_main_s6_queue_snapshots.jsonl,74482,0c04f38690fe2a675081f86aa9673b1b4e1fe4a70e79b6da2f23b0ce065e11a2
experiment-data,analysis/courier_dispatch_maassim/nearest_persona_v2_main_s7_personas.json,1266,9418e9759b9a6b4f498742dfd8e296c9644cb7633cffa8b6f9ece06d2141cdd0
experiment-data,analysis/courier_dispatch_maassim/nearest_persona_v2_main_s7_queue_snapshots.jsonl,80861,2db1ba2b6e711931013068b82d24f1b9a29398421b6e6a567da6248751e75b6d
experiment-data,analysis/courier_dispatch_maassim/nearest_persona_v2_main_s8_personas.json,1224,40ce5164eddb4411ff0ef647b264979e8726475a91704e12c86a25cd3396b01a
experiment-data,analysis/courier_dispatch_maassim/nearest_persona_v2_main_s8_queue_snapshots.jsonl,126485,4843a2525e3532eae460a990c0580efa85d18f2f42d916bc876b8da2b8b84729
experiment-data,analysis/courier_dispatch_maassim/nearest_persona_v2_main_s9_personas.json,1266,d5947e899426ec3d41e213a350efdd518ab26049d0a132ca4004efbfa171ab28
experiment-data,analysis/courier_dispatch_maassim/nearest_persona_v2_main_s9_queue_snapshots.jsonl,75768,d7309cf9a8c9fb9dc77e4f52711a768d58a54227aa8211c3349babad704c9e21
experiment-data,analysis/courier_dispatch_maassim/pact_kpi_persona_v2_main_s0_driver_posterior.csv,6876,0044f7f26ed6d8af3cd8ad53e74b5e69d45026a751453b35d14316592d6c5381
experiment-data,analysis/courier_dispatch_maassim/pact_kpi_persona_v2_main_s1_driver_posterior.csv,7256,a3308de45a894908e2a226de7878d2047eaca985dbc73400eb6ed78fccda5fe8
experiment-data,analysis/courier_dispatch_maassim/pact_kpi_persona_v2_main_s2_driver_posterior.csv,6118,2aa2be4fdf9b1801106ecedbd00fed8613a6ea4bf0bf148ff9692a0d853501d0
experiment-data,analysis/courier_dispatch_maassim/pact_kpi_persona_v2_main_s3_driver_posterior.csv,5786,7682e9a86b4b895975601328722319dd675e1d50b97ba73799a7a47e89d9c370
experiment-data,analysis/courier_dispatch_maassim/pact_kpi_persona_v2_main_s4_driver_posterior.csv,9992,9fc4ccab46acf7e3c1defb2b47baa93a56142877962674c8fa8ebc48d6f739a9
experiment-data,analysis/courier_dispatch_maassim/pact_kpi_persona_v2_main_s5_driver_posterior.csv,8753,7ea199dcff94ffb073296d7d39a2f2c162e1abed088cdb266dc391e5de4dc481
experiment-data,analysis/courier_dispatch_maassim/pact_kpi_persona_v2_main_s6_driver_posterior.csv,6986,600181ded97034941196a59e64f7df09920ac3d38d6f518dbb6a41da169e2e60
experiment-data,analysis/courier_dispatch_maassim/pact_kpi_persona_v2_main_s7_driver_posterior.csv,8476,a36818d541500f066f77a49109f1f162424b8c4fad1f6652c326a1a27d814e30
experiment-data,analysis/courier_dispatch_maassim/pact_kpi_persona_v2_main_s8_driver_posterior.csv,11698,81f2befcd4ba5f138b9b5cbe97e9cbb5643ebf3e2b5c887174e7b9a22b33b4d2
experiment-data,analysis/courier_dispatch_maassim/pact_kpi_persona_v2_main_s9_driver_posterior.csv,5992,ee9b1169f5ef609560f8f9cc4d6961e3b696070b607d7d5ab31acb6314d98ca5
experiment-data,analysis/courier_dispatch_matching/README.md,35702,f5ddc8caade709956cf78f9e78f2751fa5d6d15fd724931f11f0ad47321e6299
experiment-data,analysis/courier_dispatch_matching/courier_env_source_audit_excerpt.md,18504,717e3a939936690a8a30e1f48c60576154a22f24a3d65405e13895ce4be4838a
experiment-data,analysis/courier_dispatch_matching/courier_matching_F2_beta_0p5_addendum.md,6097,b44a830214f9f4c61a40b78492fa333613d2ffcc19d61cbdc61f4abd195db32e
experiment-data,analysis/courier_dispatch_matching/courier_matching_live_A3_beta_exploration_h8_sweep_summary.csv,4086,263cdbb3b1f6d1d036d462c872f397d923229f8fb7b4736cf3b52028829a2a12
experiment-data,analysis/courier_dispatch_matching/courier_matching_live_A3_beta_exploration_summary.csv,7679,5822ae0152bcf4760f6ff4656078dee0bfe144463dee393382ac470a0c3d6c17
experiment-data,analysis/courier_dispatch_matching/courier_matching_live_F2_F3_F4_A2_A3_bundle.md,12431,b34da38c16738b51d6b7e6039359788dbd4bbcb0901a03953facb828954a5ed8
experiment-data,analysis/courier_dispatch_matching/courier_matching_live_F2_h16_beta_0p0_s5_allmodels_summary.csv,1053,66ea30aa0e0b77d5216b5def3ddbd556447ae25368e3a77ca2cde06131b1d54b
experiment-data,analysis/courier_dispatch_matching/courier_matching_live_F2_h16_beta_0p1_s5_allmodels_summary.csv,1052,9454aec6534e814eb56afe9cbeab8ded7dc45f88785f181c7984aba59d02bb1e
experiment-data,analysis/courier_dispatch_matching/courier_matching_live_F2_h16_beta_0p25_s5_allmodels_summary.csv,1023,5436a423279b4be8476d4712c5209b142c218b4e58de9e742f46cc76ce954271
experiment-data,analysis/courier_dispatch_matching/courier_matching_live_F2_h16_beta_0p5_s5_allmodels_wllm0_summary.csv,1018,e039a9f88deebbe2e872a1502f155a61a4a2485ea0358c19b28a1deaf4d3806d
experiment-data,analysis/courier_dispatch_matching/courier_matching_live_F2_h24_beta_0p0_s5_allmodels_summary.csv,1063,184a09a60f442943882ec468cea8895e121289ea0a7011842b60253da6bf44db
experiment-data,analysis/courier_dispatch_matching/courier_matching_live_F2_h24_beta_0p1_s5_allmodels_summary.csv,1037,74243f17cbd3cb02c1e24c6eedf59cb351719886d1adf11a8c375290757ac08f
experiment-data,analysis/courier_dispatch_matching/courier_matching_live_F2_h24_beta_0p25_s5_allmodels_summary.csv,1058,22f5a7049ad92f4d14993ac2624cd6cfc83e0d9e7c0142188ea07bebbfc02fe3
experiment-data,analysis/courier_dispatch_matching/courier_matching_live_F2_h24_beta_0p5_s5_allmodels_wllm0_summary.csv,1018,f32eb43a4544cb9e547b72ccbd9e682095f97bbb621918c6a4f38b03e91427fc
experiment-data,analysis/courier_dispatch_matching/courier_matching_live_F2_h32_beta_0p0_s5_allmodels_summary.csv,1043,fa6878c560b2a060d466b00b493cf442fe1c14f642432e2ee6b2582d73b16f5a
experiment-data,analysis/courier_dispatch_matching/courier_matching_live_F2_h32_beta_0p1_s5_allmodels_summary.csv,1050,58cf2608c44497aba441d0670a0b4ba3a38cef581c05e7f12b107a25cdb43020
experiment-data,analysis/courier_dispatch_matching/courier_matching_live_F2_h32_beta_0p25_s5_allmodels_summary.csv,1048,5be79fec195c9d6a9e57ddc795114e0cf221974344af6873581f66e070875d71
experiment-data,analysis/courier_dispatch_matching/courier_matching_live_F2_h32_beta_0p5_s5_allmodels_wllm0_summary.csv,1014,77e3a081e05d6b54eac3041c7bf54e21f61dca477789cf0cf59a65071c27473c
experiment-data,analysis/courier_dispatch_matching/courier_matching_live_F2_h8_beta_0p0_s5_allmodels_summary.csv,1030,ae98bf900c2ec71f3cfdcb4126214239c56b18df7fbf351bb5897eeae9810662
experiment-data,analysis/courier_dispatch_matching/courier_matching_live_F2_h8_beta_0p1_s5_allmodels_summary.csv,1064,018403e5fccacca2fb5c60422c702cd85f7d5ce1ad3c7152d197564936b4e076
experiment-data,analysis/courier_dispatch_matching/courier_matching_live_F2_h8_beta_0p25_s5_allmodels_summary.csv,1045,7f95ca04c8d47851d929ec3e4b3fb7da5a35cee89de38a558fdd4ea536d5d442
experiment-data,analysis/courier_dispatch_matching/courier_matching_live_F2_h8_beta_0p5_s5_allmodels_wllm0_summary.csv,1154,16cd498772ea6978b9c5a06c2f0a33605942553cbd49cd3ac29a3fe660bedd25
experiment-data,analysis/courier_dispatch_matching/courier_matching_live_F2_horizon_beta_sweep_summary.csv,15475,e6b1016dfa68029e0305cc819656c56358656e1596f09ecb76302b6e0934b0bf
experiment-data,analysis/courier_dispatch_matching/courier_matching_live_F3_couple_lambda_summary.csv,3851,6cc07382739847977e70989b3ef66b7c14ba4f20326b40dfd434f75c037baa82
experiment-data,analysis/courier_dispatch_matching/courier_matching_live_F3_lambda_0_s5h8_allmodels_summary.csv,1061,7a021104953f018b13eba749dd9a27ef586f920bd3d8f7ce583af575e456df23
experiment-data,analysis/courier_dispatch_matching/courier_matching_live_F3_lambda_0p5_s5h8_allmodels_summary.csv,1054,8f50bb927756f1b4f9e99e8104a8f98590d26d790f6f93bbc0eefeaad9025fc1
experiment-data,analysis/courier_dispatch_matching/courier_matching_live_F3_lambda_1_s5h8_allmodels_summary.csv,1054,295f0279f7eb9650d3e0d78f4b89a2e2a878d910cf057ec70a82fa9f6262497b
experiment-data,analysis/courier_dispatch_matching/courier_matching_live_F3_lambda_1p5_s5h8_allmodels_summary.csv,1031,69c4271ca097ebbd2286e5dc3604c8c38b03d18fde9cd6e6f517cb8024becb03
experiment-data,analysis/courier_dispatch_matching/courier_matching_live_F3_lambda_2_s5h8_allmodels_summary.csv,1049,67dd88c1bc8f8d71469f21d1773c97a753a3c98e5f6d9ddcc78a09a4176cc260
experiment-data,analysis/courier_dispatch_matching/courier_matching_live_F3_lambda_3_s5h8_allmodels_summary.csv,1043,8c723c7bf13987a24ecbd7017cd9e0257905ac18419bd83cf642515acb163d47
experiment-data,analysis/courier_dispatch_matching/courier_matching_live_F4_per_round_posterior_summary.csv,8337,5bde3acd316447d102fd47cf0a27a576e7bb1e4af61d6d399012b3a3d3e3b8e5
experiment-data,analysis/courier_dispatch_matching/courier_matching_live_allmethods_s5h8_allmodels_summary.csv,5481,79bac6bbe3db51d5a65040cc5281bdf4aa4c5ced928c5c4fce6f1468d86b03d9
experiment-data,analysis/courier_dispatch_matching/courier_matching_live_allmethods_smoke_summary.csv,986,8b68cd653a834b622b2a62a70e32a501c448805e3bd909cfcb39074dfa29f742
experiment-data,analysis/courier_dispatch_matching/courier_matching_live_llm_offline_smoke_summary.csv,754,f27bbc4e0ff8bbc7ba6d23d0dcab11bafe55ac6f945136e98563c16a0e4d3465
experiment-data,analysis/courier_dispatch_matching/courier_matching_live_llm_s5h8_allmodels_summary.csv,2541,e9ff311eedbc20875a73c6376bbdcc673c25da44eb4e199ec7b3414a9a4b043a
experiment-data,analysis/courier_dispatch_matching/courier_matching_live_masked_type_stress_s5h8_allmodels_summary.csv,5405,a37daf0238b631e65d8b206eafeda0e08e57de84bed606df0ae969b875ae2dc4
experiment-data,analysis/courier_dispatch_matching/courier_matching_live_masked_type_stress_smoke_summary.csv,1523,fdaf4c5619ca116f8440c180699a122fd9a5c60404abefac362d2e14d5e1eabf
experiment-data,analysis/courier_dispatch_matching/courier_matching_live_pact_s5h8_allmodels_summary.csv,1250,a6bc7fe48f6d0075e04cd9f539681d1e183ac6a283134eef954e4beed547e0c1
experiment-data,analysis/courier_dispatch_matching/courier_matching_live_pact_smoke_summary.csv,589,3a1c64b0ff56cb1eb5ed93d8bd88ed231ce55864a6d2cec8238fdb80a676f1a0
experiment-data,analysis/courier_dispatch_matching/courier_matching_structured_live_expected_pact_beta_0p025_s5h8_allmodels_summary.csv,960,8a1885b14e21e11d2050fef0011d520bcf5929155e4a664740ea6ee2a084b022
experiment-data,analysis/courier_dispatch_matching/courier_matching_structured_live_expected_pact_beta_0p05_s5h8_allmodels_summary.csv,973,970be0d37be700195286e456b72c0ac289f3311d07881d871c79c8d6752244b0
experiment-data,analysis/courier_dispatch_matching/courier_matching_structured_live_expected_pact_beta_0p0_s5h8_allmodels_summary.csv,934,8fa12bab770d2f2797143ede9accddbc7c51160d4e94d15b35f45691abf6c2aa
experiment-data,analysis/courier_dispatch_matching/courier_matching_structured_live_expected_pact_beta_0p1_s5h8_allmodels_summary.csv,968,7ef52b2c325beb842c13faf645a3e11569fd24bbf32b37019463dd3801513a8b
experiment-data,analysis/courier_dispatch_matching/courier_matching_structured_live_expected_pact_beta_0p2_s5h8_allmodels_summary.csv,939,98a44be7f16028be7d85e88989ca2c78294b6163184d57f804b8228091c41d66
experiment-data,analysis/courier_dispatch_matching/courier_matching_structured_live_expected_pact_beta_0p4_s5h8_allmodels_summary.csv,936,b9e023f5eafbb42c68221635b9f43f64b9a533bd8d233aa78b03a6f2d7d51679
experiment-data,analysis/courier_dispatch_matching/courier_matching_structured_live_expected_pact_beta_sweep_s5h8_allmodels_summary.csv,3817,9ae885cecc2ed666a4d2a48b97cc2f0826dc978d7d5c3a56bb397d581f210917
experiment-data,analysis/courier_dispatch_matching/courier_matching_structured_live_expected_pact_masked_type_stress_s5h8_allmodels_summary.csv,6676,8a08de805ad052b538aaff2c441509f70079267419c1bd9000af23f834af0b98
experiment-data,analysis/courier_dispatch_matching/courier_matching_structured_live_expected_pact_wllm0_masked_type_stress_s5h8_allmodels_summary.csv,6695,735bda30e2fa4ebe5118e2b4888915e8b58c9dea602fac8abb056e860e0d7cf8
experiment-data,analysis/courier_dispatch_matching/courier_matching_structured_live_fullenv_smoke_s1h2_summary.csv,896,e4277fa4b41b038ba8359cc997cb706dec556e0184cc552a349f0e2eaffd88c8
experiment-data,analysis/courier_dispatch_matching/courier_matching_structured_live_llm_psrl_verbal_smoke_summary.csv,501,6258da915bab12548661432fc6334d5880ca4dcc362781db55841e5bcc595ffc
experiment-data,analysis/courier_dispatch_matching/courier_matching_structured_live_masked_type_stress_s5h8_allmodels_summary.csv,6656,cd34108b01121b758469f40b7ff06838c53887d280bda2b673d1465005d426ef
experiment-data,analysis/courier_dispatch_matching/courier_matching_structured_live_random_smoke_summary.csv,510,387d08cbee0671a5d2c3b6e40205dd8adaa04ebcdafa87d295d76e56d02c60d4
experiment-data,analysis/courier_dispatch_matching/courier_matching_structured_live_smoke_allmodels_allmethods_parserfix_summary.csv,6628,b3c108788b9afce668d05f5e15559adeeda056a37102adebd89def3e8c44e470
experiment-data,analysis/courier_dispatch_matching/courier_matching_structured_live_smoke_allmodels_allmethods_summary.csv,6624,b859f7c01b7ffd2e78cab79760a5e1649f770cf45615a3c909c049c1b71c912e
experiment-data,analysis/courier_dispatch_matching/courier_matching_structured_live_smoke_gpt_allmethods_summary.csv,1884,4c56acf825a4efb0821e71bef3b3557523316a4ddbc41997d4393bbd13bb2489
experiment-data,analysis/courier_dispatch_matching/courier_matching_structured_live_wllm0_verbal_random_s5h8_allmodels_summary.csv,1852,027a270838ebc26a5f5cc67c9d5edb2195d97123b57595cd2aa29343a199503f
experiment-data,analysis/courier_dispatch_matching/courier_matching_structured_live_wllm0_with_verbal_random_s5h8_allmodels_summary.csv,9421,6cdabd9889b2bd96f17a4ce59946386a5798a10f8aded32e78b4a884f1abaf7e
experiment-data,analysis/courier_dispatch_matching/courier_matching_structured_live_wllm_ablation_summary.csv,11069,07e272d3873256f18bda7743104d9aed739383ee6ca04826a721f8b330ef6a4f
experiment-data,analysis/courier_dispatch_matching/courier_matching_structured_smoke_couple_lambda_summary.csv,488,145e22f0310bff64739805502a566b4129e18d2aeb193b38371453b37134b6cc
experiment-data,analysis/courier_dispatch_matching/courier_matching_wllm0_verbal_random_baselines.md,9558,b75f4487fca2fb238b4f5d29985cda0b2924eddd996a372b9ce8c98aafc44f0a
experiment-data,analysis/courier_dispatch_matching/courier_matching_wllm_ablation_summary.md,12577,6fc89d9420124bbb730df8f97257644018eea7ea9142012748489705491d46af
experiment-data,analysis/courier_dispatch_matching/maassim_fleetpy_integration_plan.md,30716,fc7dd7c9319064ed7587dcf9a92305dfc801182f7a58c9deb913281dba87c17e
experiment-data,analysis/cross_model_full_sweep_run_20260517.md,3129,f0aa584cbe495ea6f9b167b3f463d43a2326448d962e03a1d904c83bd28a2e26
experiment-data,analysis/cross_model_sweep_plan.md,4418,de0eb1331e02685fb685b99765861dbeb4844dd75b0b26fc04c3858478854c58
experiment-data,analysis/e1_e3_llm_evidence_paper_report_20260518.md,3746,b250cdf05133dc1dbb328ad5ddbeb8ffdf0997ca2368927b30e4cdce196eeb70
experiment-data,analysis/e1_e4_llm_evidence_results_20260518.md,4929,22ab05e206998822fd59bb4b5e08397c22f0b088a2a522a379549c4d2651a0e3
experiment-data,analysis/e1_e4_llm_evidence_runbook_20260518.md,2149,1d22d7e07ed3c838330f1cc96fd1d16d9f5f0530c53c751f4dfae9d78b357448
experiment-data,analysis/e1_e4_runbook_20260518.md,3901,9fe3298204b3590eaf6ff527f24b1dd2bffcae7a1ecf23de8b5d9700818e2162
experiment-data,analysis/e2_e3_outlier_confirmation_20260518.md,2076,81a404e79e5d55311c0b8890cc0a7ba80aa4c26adda0d7126a618e6c12f03059
experiment-data,analysis/e_a_matched_likelihood/e_a_historical_per_seed_provenance.csv,20230,f9ec43d83f81f68619dc9aa52810f8b910463ba1cbecefb941c85855a9174d3b
experiment-data,analysis/e_a_matched_likelihood/e_a_historical_summary.csv,1380,d6353e7d3f451752d6430e06c99df31aab309b0fba03f8198df95c7c2405364f
experiment-data,analysis/e_a_matched_likelihood/e_a_matched_likelihood_audit.md,1232,0229278fb30be7c1b8ef585df21cde49b7f9df095ddb938195e8affc356c4b6a
experiment-data,analysis/e_a_matched_likelihood/e_a_metadata.json,843,a8dd3586f07a34c9d02ed3bc4d54e79dc27c90a0d2507291bc7646dd1d868881
experiment-data,analysis/e_a_matched_likelihood/live_probe/DeepSeek_V3_2.cache.jsonl,360,059cfcf0108c4a46ab58031ec7b28178110957c0b39688bea8ab74d290572ca7
experiment-data,analysis/e_a_matched_likelihood/live_probe/DeepSeek_V3_2.npy,16018,1bd6e18d9695da98012e586ea2f9d6b557307fbfc28b3cf5dd4f278ca6d22615
experiment-data,analysis/e_a_matched_likelihood/live_probe/DeepSeek_V3_2.report.json,816,da5cdd19e8300d59ead264a859ef217305e2aa50cbe9a36a88cfc09cd15d70bc
experiment-data,analysis/e_a_matched_likelihood/matched_s10/calibration/e_a_c19_fullgrid_DeepSeek_V3_2.cache.jsonl,547998,9bda143f9ab31f917521cad2f665390703b46a62801b22473ecaa217e0a3b733
experiment-data,analysis/e_a_matched_likelihood/matched_s10/calibration/e_a_c19_fullgrid_DeepSeek_V3_2.npy,17045,07a1459f44521a0f5b2900791b6be45b74c8a4bd689e340eb2e7a349e23b8f44
experiment-data,analysis/e_a_matched_likelihood/matched_s10/calibration/e_a_c19_fullgrid_DeepSeek_V3_2.report.json,990,f2fe1e7d70a9484cb86cdb4db73837f965c32ba19f9ead411d4add129ac49872
experiment-data,analysis/e_a_matched_likelihood/matched_s10/calibration/e_a_c19_fullgrid_Kimi_K2_6.cache.jsonl,538090,8be76c4224a05b8c786ac662a2ec4837908f82b3fd74cb0667c64ece96a72f27
experiment-data,analysis/e_a_matched_likelihood/matched_s10/calibration/e_a_c19_fullgrid_Kimi_K2_6.npy,17033,1027504d4f6a759241cb16abbbd972afc56174e203c2433887fd100a34fc9bc8
experiment-data,analysis/e_a_matched_likelihood/matched_s10/calibration/e_a_c19_fullgrid_Kimi_K2_6.report.json,988,99d43ca01688028261db3d05eba7b597b712c97d071782aeccd0fd4efae53510
experiment-data,analysis/e_a_matched_likelihood/matched_s10/calibration/e_a_c19_fullgrid_Llama_4_Maverick_17B_128E_Instruct_FP8.cache.jsonl,622512,71c4e68b1be36936c8ca6221eaea7f6824fec18ae9fa96463be1d74aae71ac23
experiment-data,analysis/e_a_matched_likelihood/matched_s10/calibration/e_a_c19_fullgrid_Llama_4_Maverick_17B_128E_Instruct_FP8.npy,17120,13d96ae04754ce41b56f617251c9ecdf93e03c2ba71304c15d8c95debcfba0a1
experiment-data,analysis/e_a_matched_likelihood/matched_s10/calibration/e_a_c19_fullgrid_Llama_4_Maverick_17B_128E_Instruct_FP8.report.json,1104,5afad16352363eb724c0d22c1a98e30a490205b48f7f9b6119dc89e1590ca55f
experiment-data,analysis/e_a_matched_likelihood/matched_s10/calibration/e_a_c19_fullgrid_gpt_5_4_nano_20260317.cache.jsonl,571998,97e760a1a843b8db2f672475b76377b58da5258074d57a748d028a229349f9d1
experiment-data,analysis/e_a_matched_likelihood/matched_s10/calibration/e_a_c19_fullgrid_gpt_5_4_nano_20260317.npy,17069,4f09ab2959dbbecf2a7ee963dd4dc2d20506b9d44690a83916a9160c24727fa5
experiment-data,analysis/e_a_matched_likelihood/matched_s10/calibration/e_a_c19_fullgrid_gpt_5_4_nano_20260317.report.json,1025,1a6143398b6e5edb016b4b20551996d6d5a12034f6d634ea1de9e9f3843dba31
experiment-data,analysis/e_a_matched_likelihood/matched_s10/e_a_matched_control_table.tex,1345,5729c2ef9714c78f4daa283e2ede49f9d0b0fda3d4d37263b5486130a128c9a9
experiment-data,analysis/e_a_matched_likelihood/matched_s10/e_a_matched_likelihood.md,1361,3383540b2c846e743bcfa299fbe22c3d4f6579d1ba3fc1ba229e7ed44a180594
experiment-data,analysis/e_a_matched_likelihood/matched_s10/e_a_matched_metadata.json,85077,3e7c6c56d25dd73317366b73748873ba5e01290d7bfe3f7cbafe5289674e43d5
experiment-data,analysis/e_a_matched_likelihood/matched_s10/e_a_matched_per_seed.csv,78212,a2a68b355c6c9c672643bedd43268f0b7f947063ca2144db9ca9f922cb277ebe
experiment-data,analysis/e_a_matched_likelihood/matched_s10/e_a_matched_summary.csv,3572,723ff3242d4218afd0790a43d1d9aaa96045cae954201c7266c647c87e6f944b
experiment-data,analysis/e_a_matched_likelihood/matched_s10/external/DeepSeek_V3_2_atom_tom0.cache.json,147459,7dbba197105009e2279796674d2328e261fee0778f053fc0d01bb244f442d96a
experiment-data,analysis/e_a_matched_likelihood/matched_s10/external/DeepSeek_V3_2_atom_tom0.npz,10401,c36912262a0ba2729f75997dfd50a9feba40bbbe75d2acf8b9b07d382c06adee
experiment-data,analysis/e_a_matched_likelihood/matched_s10/external/DeepSeek_V3_2_atom_tom0.trace.json,337229,0750cde55432d2349a88a98f2dda52214267e1972e961ce83782b5bf22afd033
experiment-data,analysis/e_a_matched_likelihood/matched_s10/external/DeepSeek_V3_2_atom_tom1.cache.json,278844,f59c9fd62480275bc5c8000ce318238d3720be936191a0ffed85145b872fde43
experiment-data,analysis/e_a_matched_likelihood/matched_s10/external/DeepSeek_V3_2_atom_tom1.npz,10677,6ad888d992e523669e3179f2fd871f2a290a52dca555c4bb7469111d0c750830
experiment-data,analysis/e_a_matched_likelihood/matched_s10/external/DeepSeek_V3_2_atom_tom1.trace.json,419451,a6055ddf3e2521dd7ce2980b50cfddd5be0f8241ec89e6f535f18aa0bb499619
experiment-data,analysis/e_a_matched_likelihood/matched_s10/external/DeepSeek_V3_2_atom_tom2.cache.json,307326,3b20b0c9f8aba84ef776ce70bfe604b8455ac7b429f84a2ea4c31e5f9b05f4e3
experiment-data,analysis/e_a_matched_likelihood/matched_s10/external/DeepSeek_V3_2_atom_tom2.npz,10677,b0f29ac65590ef8598e6de191900ac07245ee563ba6294cb55446830343fcf5a
experiment-data,analysis/e_a_matched_likelihood/matched_s10/external/DeepSeek_V3_2_atom_tom2.trace.json,456142,5db23e08f0c481ff3326eb73f8788a787847316b6b8d8ba7c1ad1577a8c94b26
experiment-data,analysis/e_a_matched_likelihood/matched_s10/external/DeepSeek_V3_2_econ_bne.cache.json,1012063,908cc4c9bcbbb99c1ab7bfd05394405fd9cb4ea527983711ac3fd3e9c2892efc
experiment-data,analysis/e_a_matched_likelihood/matched_s10/external/DeepSeek_V3_2_econ_bne.npz,10669,f37895cb2e95532165afdd2ab925dbcb0d71f5973caa8d168f4d01ed9708c034
experiment-data,analysis/e_a_matched_likelihood/matched_s10/external/DeepSeek_V3_2_econ_bne.trace.json,1110974,f3769b73df3321af30efb087d1b0851e7d49e908b4c4212ad5aede1d15f74480
experiment-data,analysis/e_a_matched_likelihood/matched_s10/external/Kimi_K2_6_atom_tom0.cache.json,290314,91bd75dcf3b22e764134def449e23066c12a3ab20c091eefd2fc1dc307d70d33
experiment-data,analysis/e_a_matched_likelihood/matched_s10/external/Kimi_K2_6_atom_tom0.npz,10645,32a66bd2394f46cc8692ee172e033a454e0293b6add47f13ef5a26da85609b4e
experiment-data,analysis/e_a_matched_likelihood/matched_s10/external/Kimi_K2_6_atom_tom0.trace.json,461950,7fe3637db68a57e23f48cf8c55a82361f47ae8c0a3e9d8bff2d3923ee78bb911
experiment-data,analysis/e_a_matched_likelihood/matched_s10/external/Kimi_K2_6_atom_tom1.cache.json,412153,675b9e8f078d184e4213d242518ae81e946bd6dd21be356b4a243f5ddbd2bc93
experiment-data,analysis/e_a_matched_likelihood/matched_s10/external/Kimi_K2_6_atom_tom1.npz,10645,d1bd6645fc97707e2b351a832b6614a28f05aafb5462d524dff5cf2bc4b26f1b
experiment-data,analysis/e_a_matched_likelihood/matched_s10/external/Kimi_K2_6_atom_tom1.trace.json,518486,404ed9b3abc835869482bdd0112b246864727f9b6981ac1b645afab377f58482
experiment-data,analysis/e_a_matched_likelihood/matched_s10/external/Kimi_K2_6_atom_tom2.cache.json,411032,b2826939bc9085b97f458ce268092f7aa1a8a4b3ed4dedc71cc0ea38b86584b3
experiment-data,analysis/e_a_matched_likelihood/matched_s10/external/Kimi_K2_6_atom_tom2.npz,10645,7f5110fe33e5c35d3fc363ae077f394f74f816c660a177e793e2797f4f84790a
experiment-data,analysis/e_a_matched_likelihood/matched_s10/external/Kimi_K2_6_atom_tom2.trace.json,560047,17f9458c5c399c043c04a0e2fb9cccd7bbdf64d65d624e7adad8ca539bbe6304
experiment-data,analysis/e_a_matched_likelihood/matched_s10/external/Kimi_K2_6_econ_bne.cache.json,1324554,2c9e1447ea5ab658bc4e968036e9491507a775ddfd9d04a9dcaaa5114260a2ca
experiment-data,analysis/e_a_matched_likelihood/matched_s10/external/Kimi_K2_6_econ_bne.npz,10637,f96f71207f30a7b8220387e7417deb8b1005189e9c6ed62ae24ff3ddc6d59a00
experiment-data,analysis/e_a_matched_likelihood/matched_s10/external/Kimi_K2_6_econ_bne.trace.json,1197609,3472f09afe8dda66d5eb4cc29259d94f49eca9fe738b1c08f7f56d12dad9fa26
experiment-data,analysis/e_a_matched_likelihood/matched_s10/external/Llama_4_Maverick_17B_128E_Instruct_FP8_atom_tom0.cache.json,67103,324a5a8f10b9e02233bf30cf8071e7a03cc872eb06b4513a88f36322cc43f649
experiment-data,analysis/e_a_matched_likelihood/matched_s10/external/Llama_4_Maverick_17B_128E_Instruct_FP8_atom_tom0.npz,10877,91c1ba3c699c818763d63849863c81a96e694871b43e9d3d0f418066fb79065d
experiment-data,analysis/e_a_matched_likelihood/matched_s10/external/Llama_4_Maverick_17B_128E_Instruct_FP8_atom_tom0.trace.json,244438,b3d343dd44f798d65bc96ab4220470d734207034b31f0de74d6c3878c652ea4a
experiment-data,analysis/e_a_matched_likelihood/matched_s10/external/Llama_4_Maverick_17B_128E_Instruct_FP8_atom_tom1.cache.json,145821,e006d44689cacb585beb870f9d42d581d3728d187e67bd99beb66668b133b371
experiment-data,analysis/e_a_matched_likelihood/matched_s10/external/Llama_4_Maverick_17B_128E_Instruct_FP8_atom_tom1.npz,10877,dc44effe9bed53cbf4d3054ee384ee0907ee7b6fa97e385e1e94d08592534c29
experiment-data,analysis/e_a_matched_likelihood/matched_s10/external/Llama_4_Maverick_17B_128E_Instruct_FP8_atom_tom1.trace.json,279443,d6d555ea1d1a24e64203e57507d2a05b73a99281bc4658790a3678a7dd814692
experiment-data,analysis/e_a_matched_likelihood/matched_s10/external/Llama_4_Maverick_17B_128E_Instruct_FP8_atom_tom2.cache.json,149913,a327d6ead1496ed421ad2fb5fd3a280b1b89289344dff1ce9afa1055b084380c
experiment-data,analysis/e_a_matched_likelihood/matched_s10/external/Llama_4_Maverick_17B_128E_Instruct_FP8_atom_tom2.npz,10877,933d64c0a9bd2fad72b24fde675ea44a512028cdfc2c16a678d87996a6a6a229
experiment-data,analysis/e_a_matched_likelihood/matched_s10/external/Llama_4_Maverick_17B_128E_Instruct_FP8_atom_tom2.trace.json,277533,4b10d3269afe60a254fd526d54bf728030f288c2a83b0ab67559065a2628ad76
experiment-data,analysis/e_a_matched_likelihood/matched_s10/external/Llama_4_Maverick_17B_128E_Instruct_FP8_econ_bne.cache.json,403777,bd74156b70f1d7d78fe9932876be1d687823c88a0279846d42552cf2a47f4000
experiment-data,analysis/e_a_matched_likelihood/matched_s10/external/Llama_4_Maverick_17B_128E_Instruct_FP8_econ_bne.npz,10869,961108cefe50e84d146c16c9344b03bceb3576cd2f56482c421788ddc2863abc
experiment-data,analysis/e_a_matched_likelihood/matched_s10/external/Llama_4_Maverick_17B_128E_Instruct_FP8_econ_bne.trace.json,501806,8741447a937e5c751c4fd0af34c5daa819054e03792f474fa895e2be63a7574f
experiment-data,analysis/e_a_matched_likelihood/matched_s10/external/gpt_5_4_nano_20260317_atom_tom0.cache.json,139338,871c6baa685177a2b14c6bba485b991cfe447e44021b185287da95eb936d2a9b
experiment-data,analysis/e_a_matched_likelihood/matched_s10/external/gpt_5_4_nano_20260317_atom_tom0.npz,10465,7d435c63dc287c371672478a9ed1cd6cefe99ab71582ce82f350936035b699fe
experiment-data,analysis/e_a_matched_likelihood/matched_s10/external/gpt_5_4_nano_20260317_atom_tom0.trace.json,321774,a95ecf8060d32d6caa8cb64a7a216ae49e75c087804d3f0987a711d41a968b98
experiment-data,analysis/e_a_matched_likelihood/matched_s10/external/gpt_5_4_nano_20260317_atom_tom1.cache.json,199468,9e860dc527b1e272158cfd954c8470bf29e729576f6a726cf433518817be7309
experiment-data,analysis/e_a_matched_likelihood/matched_s10/external/gpt_5_4_nano_20260317_atom_tom1.npz,10741,0872b2a655ba8792a6c19e0c59ac6c8b25ba93310c38a8f6d84af12af3762422
experiment-data,analysis/e_a_matched_likelihood/matched_s10/external/gpt_5_4_nano_20260317_atom_tom1.trace.json,356001,05ab739d8eab6a1f618eb37db559e38dd6f4057cfc2c09f5d679264288a77580
experiment-data,analysis/e_a_matched_likelihood/matched_s10/external/gpt_5_4_nano_20260317_atom_tom2.cache.json,204277,f888e532fb7a524c862e8c4b0a8d89db94a09b0ce3724d2ebb7839f0b1288a1e
experiment-data,analysis/e_a_matched_likelihood/matched_s10/external/gpt_5_4_nano_20260317_atom_tom2.npz,10741,5e6a6d834e34d48c2cac902641f001df88c09496090daff868e358e16ea85e9f
experiment-data,analysis/e_a_matched_likelihood/matched_s10/external/gpt_5_4_nano_20260317_atom_tom2.trace.json,361970,64645d81abbe331c0d17a75e397230eaa3673ef062df6d9eb9ff195112d02825
experiment-data,analysis/e_a_matched_likelihood/matched_s10/external/gpt_5_4_nano_20260317_econ_bne.cache.json,795038,fb7f0981d8e77b01aef239688eca723ca281c1cd4c63a715d09ec640586f4a36
experiment-data,analysis/e_a_matched_likelihood/matched_s10/external/gpt_5_4_nano_20260317_econ_bne.npz,10733,8b1db4b1283f47a0e7df314f09c3b7787e271f3b1571ee41cb3c4aa18c4a194a
experiment-data,analysis/e_a_matched_likelihood/matched_s10/external/gpt_5_4_nano_20260317_econ_bne.trace.json,820732,09966971bcb4ea9323afcc525eb5877b783b5bae50d60f44a68a78bb97f2f1fd
experiment-data,analysis/e_a_matched_likelihood/matched_s10/native/DeepSeek_V3_2.npz,155687,a4c7fd9b552054731161a5ce572aa3567b39ad7acb76aaaa278e71c88a027abc
experiment-data,analysis/e_a_matched_likelihood/matched_s10/native/DeepSeek_V3_2.verbal_cache.json,147961,fea729d44f9f37d4d89b14d813c910acd8c90fecc867f62b95a1fb9c0d9414ab
experiment-data,analysis/e_a_matched_likelihood/matched_s10/native/Kimi_K2_6.npz,155623,ad891a5b55c9d85c51c3d2be161597e69c9bb2a55139063cf26067bf84eeb753
experiment-data,analysis/e_a_matched_likelihood/matched_s10/native/Kimi_K2_6.verbal_cache.json,246642,b7b15b6a4bfc2c0f0769f68bd9091a11c2d1881438338fbd8f786caffeba3edf
experiment-data,analysis/e_a_matched_likelihood/matched_s10/native/Llama_4_Maverick_17B_128E_Instruct_FP8.npz,156087,497df27476a29a8318c31e6b04644f10760eb4ebaeec3f1037e9aa71b4787dc5
experiment-data,analysis/e_a_matched_likelihood/matched_s10/native/Llama_4_Maverick_17B_128E_Instruct_FP8.verbal_cache.json,166954,0242ba2e10a5bffdb9d2983b6c62881f2934777193d59ac3aa878d5a068cb5b9
experiment-data,analysis/e_a_matched_likelihood/matched_s10/native/gpt_5_4_nano_20260317.npz,155815,3b94507f26bb414fdfb43c70f9b8c2f62fb10161fc383ae761c9f471775cab57
experiment-data,analysis/e_a_matched_likelihood/matched_s10/native/gpt_5_4_nano_20260317.verbal_cache.json,268373,2a9e06047ee90cce473e8d9a830ad3648208f0e5098e8ae057c413ee6f422b02
experiment-data,analysis/e_a_matched_likelihood/matched_s10/per_seed/DeepSeek_V3_2/atom_tom0_seed00.npz,3769,60f66d877fd6023d6d34b8cb87111af34dd1756ad26d5b79f40247c26102b7d4
experiment-data,analysis/e_a_matched_likelihood/matched_s10/per_seed/DeepSeek_V3_2/atom_tom0_seed01.npz,3775,bf813a63a3884a56e260890e0a61c88d2bd64fdc155608e836c36e8ef8c9521a
experiment-data,analysis/e_a_matched_likelihood/matched_s10/per_seed/DeepSeek_V3_2/atom_tom0_seed02.npz,3766,a00f39be973db1299dfaa69830a8368bd1feec7fb34e01298cee5944dd85f066
experiment-data,analysis/e_a_matched_likelihood/matched_s10/per_seed/DeepSeek_V3_2/atom_tom0_seed03.npz,3767,b796ef9708a4224f863a76b02e1ec826e8847bc6c8f6664e9ef934b86ee1e7e9
experiment-data,analysis/e_a_matched_likelihood/matched_s10/per_seed/DeepSeek_V3_2/atom_tom0_seed04.npz,3784,07aeee0f10dbb43a4c0bea640ab55b7585b49b79cca018b3a0fd3edc609f1cbb
experiment-data,analysis/e_a_matched_likelihood/matched_s10/per_seed/DeepSeek_V3_2/atom_tom0_seed05.npz,3772,a873b2ffd471a8fb19749b8595c2c8f841f95da10b16a5eb5abdfb8f9f97e298
experiment-data,analysis/e_a_matched_likelihood/matched_s10/per_seed/DeepSeek_V3_2/atom_tom0_seed06.npz,3673,8a652b2b7d5232f836df2c424b32717dd6f00415158c1cd76edb9bfcccc2fdb9
experiment-data,analysis/e_a_matched_likelihood/matched_s10/per_seed/DeepSeek_V3_2/atom_tom0_seed07.npz,3772,43f827c5867a8f1d35ff026648993ec60227a354e2626718d1b68b7e253adce5
experiment-data,analysis/e_a_matched_likelihood/matched_s10/per_seed/DeepSeek_V3_2/atom_tom0_seed08.npz,3763,d3062aac6ed31a8f0ce8c4a0c42561dded17b6b31b70d49efef1b092bda1abe1
experiment-data,analysis/e_a_matched_likelihood/matched_s10/per_seed/DeepSeek_V3_2/atom_tom0_seed09.npz,3784,5027a795e98587f36ea43957d49e34bbd09af54f3e50d317e7aa78cf12f4e55f
experiment-data,analysis/e_a_matched_likelihood/matched_s10/per_seed/DeepSeek_V3_2/atom_tom1_seed00.npz,3775,a388c5ea5aeb6a4b016f2e1fa326db753c2380bcd4600c9e4615a174eb621cfc
experiment-data,analysis/e_a_matched_likelihood/matched_s10/per_seed/DeepSeek_V3_2/atom_tom1_seed01.npz,3709,ea4f0986c1085810cd6c63a2ff06e97220228db105320f78defb14ec405fcd9b
experiment-data,analysis/e_a_matched_likelihood/matched_s10/per_seed/DeepSeek_V3_2/atom_tom1_seed02.npz,3789,1446c0e97348d58cc0c6e3d9fce9045b16cfa2b7254555cd20df44b1d5ac19aa
experiment-data,analysis/e_a_matched_likelihood/matched_s10/per_seed/DeepSeek_V3_2/atom_tom1_seed03.npz,3806,d8e148c66372b5db56f8a930e03fc38ad1ef19b58f6f07c9a3249b12429f9ae2
experiment-data,analysis/e_a_matched_likelihood/matched_s10/per_seed/DeepSeek_V3_2/atom_tom1_seed04.npz,3688,b6d75f35a17f27befb87c75cc5f4d30cf2dddbd1a242390edafcdbbe47fcf666
experiment-data,analysis/e_a_matched_likelihood/matched_s10/per_seed/DeepSeek_V3_2/atom_tom1_seed05.npz,3690,6306ab52b06fad58f2007434dc917b894efafca514a2e649c8e4e0e3671b4cf1
experiment-data,analysis/e_a_matched_likelihood/matched_s10/per_seed/DeepSeek_V3_2/atom_tom1_seed06.npz,3824,c729bb80abf5a4041c546969c6145c94553a81db324d75bf522e624d45c78fbc
experiment-data,analysis/e_a_matched_likelihood/matched_s10/per_seed/DeepSeek_V3_2/atom_tom1_seed07.npz,3778,fb7f2c976ce208c610f535d46b4cee702ee45baed54a9a889d300f37f395b2a4
experiment-data,analysis/e_a_matched_likelihood/matched_s10/per_seed/DeepSeek_V3_2/atom_tom1_seed08.npz,3698,66a9d6b7d53ea6ef976a63a7365107355ce8a87703c6aa55c4dc988aa3ca1290
experiment-data,analysis/e_a_matched_likelihood/matched_s10/per_seed/DeepSeek_V3_2/atom_tom1_seed09.npz,3704,009a31540fbe847510c688992ea6844c9b54fc45fad6628e6928252a3324c628
experiment-data,analysis/e_a_matched_likelihood/matched_s10/per_seed/DeepSeek_V3_2/atom_tom2_seed00.npz,3799,426d0560a330f3f497d1b480e1ba3a72d3e7fabd11afbcec1c2fa674a8689379
experiment-data,analysis/e_a_matched_likelihood/matched_s10/per_seed/DeepSeek_V3_2/atom_tom2_seed01.npz,3795,2fb4e686c798f7f51f3a0410ebec093f3359dde453be5fb4f4af729cdd1f17b2
experiment-data,analysis/e_a_matched_likelihood/matched_s10/per_seed/DeepSeek_V3_2/atom_tom2_seed02.npz,3752,25b44114477101a7b14c6465d53629ee1f9323980cc5ff760b1ddcf99959ba15
experiment-data,analysis/e_a_matched_likelihood/matched_s10/per_seed/DeepSeek_V3_2/atom_tom2_seed03.npz,3777,7af29c9332871b0ca769a2087511c1110b9459e0950c3a93eb1d24ea75fd966e
experiment-data,analysis/e_a_matched_likelihood/matched_s10/per_seed/DeepSeek_V3_2/atom_tom2_seed04.npz,3797,598a35691792937be97ceb019a2d834ab97f4c6364f71493334ad2f0ee1e647b
experiment-data,analysis/e_a_matched_likelihood/matched_s10/per_seed/DeepSeek_V3_2/atom_tom2_seed05.npz,3686,4c675d5d0ca3566d7685b7700668d6bfa72b93f0871f7ac3086ceebffd3b58b3
experiment-data,analysis/e_a_matched_likelihood/matched_s10/per_seed/DeepSeek_V3_2/atom_tom2_seed06.npz,3705,05a4f2242421f4e32b7a11402020ac97b9d0419d0eed6f72398a7c24a4e33a6c
experiment-data,analysis/e_a_matched_likelihood/matched_s10/per_seed/DeepSeek_V3_2/atom_tom2_seed07.npz,3802,9681e8955d5579fd33d9df2e7fe37c1994e0092d932e7d9f11e8f2a416b683d0
experiment-data,analysis/e_a_matched_likelihood/matched_s10/per_seed/DeepSeek_V3_2/atom_tom2_seed08.npz,3796,2f38eaa1227b676d4bd32098f4a7db1d1eff2cdf7b89d43246f70a33f8d57c61
experiment-data,analysis/e_a_matched_likelihood/matched_s10/per_seed/DeepSeek_V3_2/atom_tom2_seed09.npz,3799,4b8c25bf7d85f680fdee6fd778e0a0aba65db2a3470aecc70ced816c90bdb284
experiment-data,analysis/e_a_matched_likelihood/matched_s10/per_seed/DeepSeek_V3_2/econ_bne_seed00.npz,3760,9a91e57db0ef4fb3a73baeb2592b9bf22960c4533dc505a6f965267fcdee3c11
experiment-data,analysis/e_a_matched_likelihood/matched_s10/per_seed/DeepSeek_V3_2/econ_bne_seed01.npz,3800,b18046e4903e756d3b9a79cd5bc1ac22a2a5dfafc65f9b667271b8d335453c68
experiment-data,analysis/e_a_matched_likelihood/matched_s10/per_seed/DeepSeek_V3_2/econ_bne_seed02.npz,3765,6a0251ca4ddc50a7d5e58d279ef523cda9d708cc3bd07bea87fc846b3ddf32dc
experiment-data,analysis/e_a_matched_likelihood/matched_s10/per_seed/DeepSeek_V3_2/econ_bne_seed03.npz,3787,41a1380e1200b3a766a613d859b36e10d1a476437e76c4d394a6214781dccfe6
experiment-data,analysis/e_a_matched_likelihood/matched_s10/per_seed/DeepSeek_V3_2/econ_bne_seed04.npz,3701,0ba4d1e18147db529a7af2c4a2ef432c53a6f875f58bd47d7559c58d42855978
experiment-data,analysis/e_a_matched_likelihood/matched_s10/per_seed/DeepSeek_V3_2/econ_bne_seed05.npz,3783,c70347a0a92aecf8337c5b1a8bdb52dbfb23d6f9276f008fdbc9d803201bbc9f
experiment-data,analysis/e_a_matched_likelihood/matched_s10/per_seed/DeepSeek_V3_2/econ_bne_seed06.npz,3700,be3ae32ac15de983d13653d6fd66d96e984810b7308c91461288bcc193ec5fb1
experiment-data,analysis/e_a_matched_likelihood/matched_s10/per_seed/DeepSeek_V3_2/econ_bne_seed07.npz,3763,db874b7a4bf2fdf83c5c6676aa25aa4aca01b76285c999279724ced8c618de08
experiment-data,analysis/e_a_matched_likelihood/matched_s10/per_seed/DeepSeek_V3_2/econ_bne_seed08.npz,3786,3de3c24488aad1c4cf0f2920eb0637786cc5c0aa856df8c4772e3964be71efe1
experiment-data,analysis/e_a_matched_likelihood/matched_s10/per_seed/DeepSeek_V3_2/econ_bne_seed09.npz,3701,df0e3c09082d6dce3d8f0cb41a405d91735e397409fc7dfa7faa5514d244824b
experiment-data,analysis/e_a_matched_likelihood/matched_s10/per_seed/DeepSeek_V3_2/hpsmg_plus_seed00.npz,3764,2cfdcc3c48c8f33f6a694b78480615b0296ac00385decb644d982dbce185a011
experiment-data,analysis/e_a_matched_likelihood/matched_s10/per_seed/DeepSeek_V3_2/hpsmg_plus_seed01.npz,3697,2b6d51be94dd7a2a83f7fd0da5b643047c2927a0993468ffe1cb722c09dc8ebb
experiment-data,analysis/e_a_matched_likelihood/matched_s10/per_seed/DeepSeek_V3_2/hpsmg_plus_seed02.npz,3769,29b5d4d6129aee027d1392ca2b3e4e6de5be0e75fb714785f7d878ebdae73ad8
experiment-data,analysis/e_a_matched_likelihood/matched_s10/per_seed/DeepSeek_V3_2/hpsmg_plus_seed03.npz,3678,ea3813011614f849c86a37a46d7636a3d8c9d117e02bf9b8a428319f7f0e71da
experiment-data,analysis/e_a_matched_likelihood/matched_s10/per_seed/DeepSeek_V3_2/hpsmg_plus_seed04.npz,3693,a272538e0f2fa3c3113a5136a1f4ff93e7d630a11d6b8604cf64900fccc7ff61
experiment-data,analysis/e_a_matched_likelihood/matched_s10/per_seed/DeepSeek_V3_2/hpsmg_plus_seed05.npz,3695,fef0f24db910fda07f3ecc3ec1bc71547ccefb78fa9badf6edee1849fed6522a
experiment-data,analysis/e_a_matched_likelihood/matched_s10/per_seed/DeepSeek_V3_2/hpsmg_plus_seed06.npz,3679,7e50e66bc452d3ae09feca4e99602fe43d73cd28dbce5998c456161c9aa7a7a8
experiment-data,analysis/e_a_matched_likelihood/matched_s10/per_seed/DeepSeek_V3_2/hpsmg_plus_seed07.npz,3767,41cdf34bc648e055deebafd51125e932d9db445265e4cab3d520584609df884d
experiment-data,analysis/e_a_matched_likelihood/matched_s10/per_seed/DeepSeek_V3_2/hpsmg_plus_seed08.npz,3696,a7e8e7d09c9ae1202dcfc3751c3abd91566dd75bf71041fca747dd021ab01320
experiment-data,analysis/e_a_matched_likelihood/matched_s10/per_seed/DeepSeek_V3_2/hpsmg_plus_seed09.npz,3693,4bd8eaadf4331957529fbbd7adaef2cd4926e6b98c64d60a5c2af17feb2542cd
experiment-data,analysis/e_a_matched_likelihood/matched_s10/per_seed/DeepSeek_V3_2/hpsmg_seed00.npz,3704,f3a63ee875f2ea1bf6ae5b0d3227e7d58595e882e4a092907d29b61d45b8a6a4
experiment-data,analysis/e_a_matched_likelihood/matched_s10/per_seed/DeepSeek_V3_2/hpsmg_seed01.npz,3730,f5237b16c9ee64f4fc38c087ca4448a5ff3d7c2629420f02d7cfb1e89494f1f7
experiment-data,analysis/e_a_matched_likelihood/matched_s10/per_seed/DeepSeek_V3_2/hpsmg_seed02.npz,3719,a5c4d168fbe037307f760f49c385b2b2633ff7cfdbf0f827ef92f385d493d3f1
experiment-data,analysis/e_a_matched_likelihood/matched_s10/per_seed/DeepSeek_V3_2/hpsmg_seed03.npz,3725,dc420c3251e164b6f292c679340c27c93f89dd970649cf207192310e2c21aca7
experiment-data,analysis/e_a_matched_likelihood/matched_s10/per_seed/DeepSeek_V3_2/hpsmg_seed04.npz,3684,ae85507a666f1d95be659ce9264cd97e78c87db10075c06d9d05e5e3ab5da856
experiment-data,analysis/e_a_matched_likelihood/matched_s10/per_seed/DeepSeek_V3_2/hpsmg_seed05.npz,3671,b297660f6287c8649971b8b391b4fdb28788afd51cca2e50fd98fe146bf10052
experiment-data,analysis/e_a_matched_likelihood/matched_s10/per_seed/DeepSeek_V3_2/hpsmg_seed06.npz,3732,55c19d5163e1989e4f0445c51dbd0518cd43e0103f6ce17daffee84bfac51846
experiment-data,analysis/e_a_matched_likelihood/matched_s10/per_seed/DeepSeek_V3_2/hpsmg_seed07.npz,3700,7b9ec10c7c516f5a05976eab76e081fd237b2af565e378aff0b480eb7594449c
experiment-data,analysis/e_a_matched_likelihood/matched_s10/per_seed/DeepSeek_V3_2/hpsmg_seed08.npz,3671,2db61d6b6077a63d22a05615693f0097bcfa6cfe72befacdb52c0205a6a067a0
experiment-data,analysis/e_a_matched_likelihood/matched_s10/per_seed/DeepSeek_V3_2/hpsmg_seed09.npz,3717,45fc8eddb985061a695bf7a872b9c12b715dbcc1bfbe2e64534c4863c67c4f0b
experiment-data,analysis/e_a_matched_likelihood/matched_s10/per_seed/DeepSeek_V3_2/joint_psrl_seed00.npz,3711,fdec41e1f839d93f54464f9ab74469f7bc4252c314bc2f8c862e3b79c518be71
experiment-data,analysis/e_a_matched_likelihood/matched_s10/per_seed/DeepSeek_V3_2/joint_psrl_seed01.npz,3725,88ec6a9781c405cf1eecff6ee73e013a934182665081f44f69237c347713f74c
experiment-data,analysis/e_a_matched_likelihood/matched_s10/per_seed/DeepSeek_V3_2/joint_psrl_seed02.npz,3722,18d9eafcad3d617b588ac626e4f0f7a8dfc36b5cf30d8c810bf2694016de6ab3
experiment-data,analysis/e_a_matched_likelihood/matched_s10/per_seed/DeepSeek_V3_2/joint_psrl_seed03.npz,3722,c2b4b63c672f668dfff5638ec14fc1737158ccddcdaff34c249674640d3f95fd
experiment-data,analysis/e_a_matched_likelihood/matched_s10/per_seed/DeepSeek_V3_2/joint_psrl_seed04.npz,3709,62b04818da7869b32247fbd8234abbcce036a746899d7ff550defeddafb630d4
experiment-data,analysis/e_a_matched_likelihood/matched_s10/per_seed/DeepSeek_V3_2/joint_psrl_seed05.npz,3708,c75f55c8d645b59287595287045e76d5a061ac14186e1f3305b6fa8bc9b7f626
experiment-data,analysis/e_a_matched_likelihood/matched_s10/per_seed/DeepSeek_V3_2/joint_psrl_seed06.npz,3729,5870436c7adc2f358286d3eab2c2751e6e5aefb860bf36380075f305110a96fb
experiment-data,analysis/e_a_matched_likelihood/matched_s10/per_seed/DeepSeek_V3_2/joint_psrl_seed07.npz,3732,f52b72434f8ccb2d52aeca831d9185e27766678d062cc4c35af1b18eea08acfe
experiment-data,analysis/e_a_matched_likelihood/matched_s10/per_seed/DeepSeek_V3_2/joint_psrl_seed08.npz,3685,19433d539041530cc453f3e1e66e1b9c6e65a0b8ceb4cfffa236aedfb0dcd732
experiment-data,analysis/e_a_matched_likelihood/matched_s10/per_seed/DeepSeek_V3_2/joint_psrl_seed09.npz,3726,03f9203bb56fc03b5384023718922f4997d9887fbfd3a3f6e5e39d52cd70879a
experiment-data,analysis/e_a_matched_likelihood/matched_s10/per_seed/DeepSeek_V3_2/llm_psrl_verbal_seed00.npz,3809,dae68a100f5329566b9a40b34db693ac0954b97275fdae079d6ab5a77762c9b8
experiment-data,analysis/e_a_matched_likelihood/matched_s10/per_seed/DeepSeek_V3_2/llm_psrl_verbal_seed01.npz,3802,9e732a03c3cdeabfa829d447d85902b0e436a2187dcad7224c638ad5f744323e
experiment-data,analysis/e_a_matched_likelihood/matched_s10/per_seed/DeepSeek_V3_2/llm_psrl_verbal_seed02.npz,3821,5c155d786976d3753699ef2a841edf067825d9e548634e5350b52f26e5d5ee61
experiment-data,analysis/e_a_matched_likelihood/matched_s10/per_seed/DeepSeek_V3_2/llm_psrl_verbal_seed03.npz,3829,4323a2109c1502757d19260d67fe768ca0ed974768641010a209e31a20d161b1
experiment-data,analysis/e_a_matched_likelihood/matched_s10/per_seed/DeepSeek_V3_2/llm_psrl_verbal_seed04.npz,3705,3e4e67b558722954a271a99d901999f87e064de4ae6640208212075c28433194
experiment-data,analysis/e_a_matched_likelihood/matched_s10/per_seed/DeepSeek_V3_2/llm_psrl_verbal_seed05.npz,3814,5f144955b1da321f9afed0c8453c5a2cd7c90243aee714d7ada16b0cc8247dfe
experiment-data,analysis/e_a_matched_likelihood/matched_s10/per_seed/DeepSeek_V3_2/llm_psrl_verbal_seed06.npz,3791,56acc0e6cc4ed9a6931944a0763182e63d567e8f6f6c9d5890deace98416538b
experiment-data,analysis/e_a_matched_likelihood/matched_s10/per_seed/DeepSeek_V3_2/llm_psrl_verbal_seed07.npz,3812,59f2586f57d7d93613054fdd8b976e9f0bbdb1b133c046c6f7e337f3172c2685
experiment-data,analysis/e_a_matched_likelihood/matched_s10/per_seed/DeepSeek_V3_2/llm_psrl_verbal_seed08.npz,3802,fdd054f608bd3b29ab357fc43230cec6ad899145ac37057808f5939ff01f4c49
experiment-data,analysis/e_a_matched_likelihood/matched_s10/per_seed/DeepSeek_V3_2/llm_psrl_verbal_seed09.npz,3788,c6de9b27a8d2c918bb8464de22c18ac508d7d0f2e25bdb9a4600a5f976e122cb
experiment-data,analysis/e_a_matched_likelihood/matched_s10/per_seed/DeepSeek_V3_2/oracle_seed00.npz,3671,d20c5db4877b2fd2f46b41c8cc93aa92780e0e0e8d5189a582aafd4368288b25
experiment-data,analysis/e_a_matched_likelihood/matched_s10/per_seed/DeepSeek_V3_2/oracle_seed01.npz,3677,1face7a2be7ba4547a163aab245d2027df94b14c045edbf1ce8fa188f9ee1f43
experiment-data,analysis/e_a_matched_likelihood/matched_s10/per_seed/DeepSeek_V3_2/oracle_seed02.npz,3674,3d8e0faea719b2242494d41017ce062843f555cbd3e6e4a876d9fb9701d9ff1b
experiment-data,analysis/e_a_matched_likelihood/matched_s10/per_seed/DeepSeek_V3_2/oracle_seed03.npz,3672,c3ade33d8a4a8fdb25b7b586e1ea5aa81b6ef147c5fe11746813c0e56c87c81a
experiment-data,analysis/e_a_matched_likelihood/matched_s10/per_seed/DeepSeek_V3_2/oracle_seed04.npz,3673,1f7beec1ab7a583533720e2bedf5d402cbbcd1236df992109063dd395b60bdb0
experiment-data,analysis/e_a_matched_likelihood/matched_s10/per_seed/DeepSeek_V3_2/oracle_seed05.npz,3674,d3057123f106bad5e3324953fb9d6a2e992b17fbb7ea0eb7805353909c150241
experiment-data,analysis/e_a_matched_likelihood/matched_s10/per_seed/DeepSeek_V3_2/oracle_seed06.npz,3673,e7e0a82bad6b9fbc092c88aca6db229603cbc37bfd48725a1f852e836110a2a7
experiment-data,analysis/e_a_matched_likelihood/matched_s10/per_seed/DeepSeek_V3_2/oracle_seed07.npz,3674,c62f541a3206cda6bacd88d92a0d3cd23be029095449faa7a4a97d4e46ff32f3
experiment-data,analysis/e_a_matched_likelihood/matched_s10/per_seed/DeepSeek_V3_2/oracle_seed08.npz,3674,332b4bce0248f4db5722f0fe738814cb38654bb8c57f2a6d9df89398f472c430
experiment-data,analysis/e_a_matched_likelihood/matched_s10/per_seed/DeepSeek_V3_2/oracle_seed09.npz,3673,6e45cad8e2ce83205f43109b3c95d0915ba02d5129d29d18a7d8b1d3ec3c9ac3
experiment-data,analysis/e_a_matched_likelihood/matched_s10/per_seed/DeepSeek_V3_2/psrl_notype_seed00.npz,3818,6a9b8b7fb81949e929a870ea0dfa0ba1f15c8834d18bbf628f67250d05716cc7
experiment-data,analysis/e_a_matched_likelihood/matched_s10/per_seed/DeepSeek_V3_2/psrl_notype_seed01.npz,3819,79f7e8108f00daca87a2941bac78d9b2ea5baa850db500633e36cd0dafe83343
experiment-data,analysis/e_a_matched_likelihood/matched_s10/per_seed/DeepSeek_V3_2/psrl_notype_seed02.npz,3839,d1c741b356e4140b8843aa090bf521735076caa7aa7d7d772974aad687715604
experiment-data,analysis/e_a_matched_likelihood/matched_s10/per_seed/DeepSeek_V3_2/psrl_notype_seed03.npz,3834,8c81f56d0e249914db5b932aec1b5ed4b4a62f392dc83914c98eeea91bd5775c
experiment-data,analysis/e_a_matched_likelihood/matched_s10/per_seed/DeepSeek_V3_2/psrl_notype_seed04.npz,3792,9c77ac6e2d61fa24ceabee74b47a1a77e1d5562bc3ae71151575353441ba9af8
experiment-data,analysis/e_a_matched_likelihood/matched_s10/per_seed/DeepSeek_V3_2/psrl_notype_seed05.npz,3800,781f17fe6b519e7657370a15b2bd3e34ba00a2fcf83d4563e77e622cb60a28fd
experiment-data,analysis/e_a_matched_likelihood/matched_s10/per_seed/DeepSeek_V3_2/psrl_notype_seed06.npz,3806,e69d6c160f535be44d6ac7a2a4740bd9e5701551b382daa1cf36c9cd6127f7a9
experiment-data,analysis/e_a_matched_likelihood/matched_s10/per_seed/DeepSeek_V3_2/psrl_notype_seed07.npz,3862,4f56465cdc61e0f2ba441d6e586881ad75b0da72998621b7432e8bd9682da8ff
experiment-data,analysis/e_a_matched_likelihood/matched_s10/per_seed/DeepSeek_V3_2/psrl_notype_seed08.npz,3778,07980bd9c18689951ea85bd58770998323d68a010c34de12b3cf2fbe0217e0f9
experiment-data,analysis/e_a_matched_likelihood/matched_s10/per_seed/DeepSeek_V3_2/psrl_notype_seed09.npz,3827,9bc913a8ce27a7eace95e5dc03f4f1892d63e913d4c8f66068e1cb12267b1272
experiment-data,analysis/e_a_matched_likelihood/matched_s10/per_seed/Kimi_K2_6/atom_tom0_seed00.npz,3726,23aff4bd5d84ead743bd4d36830449e5922f39f3ceb42dc81219e4229e297624
experiment-data,analysis/e_a_matched_likelihood/matched_s10/per_seed/Kimi_K2_6/atom_tom0_seed01.npz,3831,90b8ed364301a1595b1ccd1d55d78a7fbd40e8ef1ab73a43c76683d94dd3f87e
experiment-data,analysis/e_a_matched_likelihood/matched_s10/per_seed/Kimi_K2_6/atom_tom0_seed02.npz,3781,a87c262787a1c76888c5f92555bb8fb41ef3eb0adbc6097da15d0e10145d2778
experiment-data,analysis/e_a_matched_likelihood/matched_s10/per_seed/Kimi_K2_6/atom_tom0_seed03.npz,3719,fab818e4ba74128337461426559ea175d2bcb1412e4518122bb0aba7fdaf2a34
experiment-data,analysis/e_a_matched_likelihood/matched_s10/per_seed/Kimi_K2_6/atom_tom0_seed04.npz,3826,2be6c615ccdce5f77ffd5a0f58870153d9dc4404f1db19071427cc13a58af0d9
experiment-data,analysis/e_a_matched_likelihood/matched_s10/per_seed/Kimi_K2_6/atom_tom0_seed05.npz,3811,3631d8a89cbd49ca76a47909532112242237a0e0b4047f51ae517ae24d0bace4
experiment-data,analysis/e_a_matched_likelihood/matched_s10/per_seed/Kimi_K2_6/atom_tom0_seed06.npz,3817,d074aa7370ba7a463e54dedc3e309f62643f4282ca901b4b78681d1fe0d91e48
experiment-data,analysis/e_a_matched_likelihood/matched_s10/per_seed/Kimi_K2_6/atom_tom0_seed07.npz,3729,e8b578e5b9dcb8ea556b4152d0a01340e89047363f4aa42c25a556a11bae609a
experiment-data,analysis/e_a_matched_likelihood/matched_s10/per_seed/Kimi_K2_6/atom_tom0_seed08.npz,3805,fe5ef17aff8f949db727c9fbbed7ccf1951b1aabbc31069dfb228dd6cbc00e38
experiment-data,analysis/e_a_matched_likelihood/matched_s10/per_seed/Kimi_K2_6/atom_tom0_seed09.npz,3829,5414a4946bb76488bfe9223db674178ede827c008d7e96d3d3bd094977e8269f
experiment-data,analysis/e_a_matched_likelihood/matched_s10/per_seed/Kimi_K2_6/atom_tom1_seed00.npz,3740,aa8ed1e5b0589b0740d84eb2f8787560a20b711dbac725511c01b256c7575fd9
experiment-data,analysis/e_a_matched_likelihood/matched_s10/per_seed/Kimi_K2_6/atom_tom1_seed01.npz,3813,35bf6b4588ad0cc6b59a58091d67798ba8c1da019f4e580dabad034c94af279e
experiment-data,analysis/e_a_matched_likelihood/matched_s10/per_seed/Kimi_K2_6/atom_tom1_seed02.npz,3822,c9f3590cf937efe134dd03cccb658a47b64c46be6d8774b1cfab4e99cd022eb4
experiment-data,analysis/e_a_matched_likelihood/matched_s10/per_seed/Kimi_K2_6/atom_tom1_seed03.npz,3806,dc81b695ce6a5595bcc59cd90034b3ee3139986ce70f854508c1e2cc477efdcb
experiment-data,analysis/e_a_matched_likelihood/matched_s10/per_seed/Kimi_K2_6/atom_tom1_seed04.npz,3854,6d879bffc98cae3020d8aac5f4f4b7532713000a414e7f14a2dca0e807d0ab73
experiment-data,analysis/e_a_matched_likelihood/matched_s10/per_seed/Kimi_K2_6/atom_tom1_seed05.npz,3822,e0bc4346b4951af8c57e34f8b027bbbe9bbe9e7a21dfb803db791bbe80996556
experiment-data,analysis/e_a_matched_likelihood/matched_s10/per_seed/Kimi_K2_6/atom_tom1_seed06.npz,3683,e596a34e071b382eb12c4ec8584fd78576a282147e4dce890bdfbee86f9843b3
experiment-data,analysis/e_a_matched_likelihood/matched_s10/per_seed/Kimi_K2_6/atom_tom1_seed07.npz,3743,e51e2efeb3c9279f836a81df1d364e269397e5f31eaec5375fae176956e91da2
experiment-data,analysis/e_a_matched_likelihood/matched_s10/per_seed/Kimi_K2_6/atom_tom1_seed08.npz,3801,e9c7ccb400ff65064a40d433c7b71913b3f5a8b7eaa44c9aee7956f1d5fa139a
experiment-data,analysis/e_a_matched_likelihood/matched_s10/per_seed/Kimi_K2_6/atom_tom1_seed09.npz,3829,1acc8b209f765b041dcfa8b17f7b086a9ec19ff14ca73e12576f97228d5591ad
experiment-data,analysis/e_a_matched_likelihood/matched_s10/per_seed/Kimi_K2_6/atom_tom2_seed00.npz,3656,3555ae4c7cd66bdbfdd1aace0599302171997530601923c2dd48e00c27066c58
experiment-data,analysis/e_a_matched_likelihood/matched_s10/per_seed/Kimi_K2_6/atom_tom2_seed01.npz,3750,aff6419fdbd0949e232ee50a7b236287636063486f9ac750d147d000c9c4c77f
experiment-data,analysis/e_a_matched_likelihood/matched_s10/per_seed/Kimi_K2_6/atom_tom2_seed02.npz,3744,6326ef45611d8068d67f2726a7bb334ed2d22c19739db24d8dbdb12437d898fb
experiment-data,analysis/e_a_matched_likelihood/matched_s10/per_seed/Kimi_K2_6/atom_tom2_seed03.npz,3741,ce12afbca96210c8b42f209b4c512a21b3cc9a8176dea8e62271fdfd6bf6c1e8
experiment-data,analysis/e_a_matched_likelihood/matched_s10/per_seed/Kimi_K2_6/atom_tom2_seed04.npz,3776,53008c11f4742960c3fe8af78c316266fbe82df4c7e2ea1b268efaf373770942
experiment-data,analysis/e_a_matched_likelihood/matched_s10/per_seed/Kimi_K2_6/atom_tom2_seed05.npz,3765,8bd4d95fa89f83b17159648b3da683caae3fb77efe10b63486be1e4c5f154abe
experiment-data,analysis/e_a_matched_likelihood/matched_s10/per_seed/Kimi_K2_6/atom_tom2_seed06.npz,3659,141d73f73be890067fc205661c6309b9185974249677604c8e67437d865f6c90
experiment-data,analysis/e_a_matched_likelihood/matched_s10/per_seed/Kimi_K2_6/atom_tom2_seed07.npz,3659,792ec84cf040f6a9017da4a0bce957fca3cb38fd6dae3b3d8e8fd95636d5e044
experiment-data,analysis/e_a_matched_likelihood/matched_s10/per_seed/Kimi_K2_6/atom_tom2_seed08.npz,3744,6dd1693010d2435b60889d08d30bc3c3d1f4b2d539b27d51541a9de53b7aa566
experiment-data,analysis/e_a_matched_likelihood/matched_s10/per_seed/Kimi_K2_6/atom_tom2_seed09.npz,3822,545c2f5d999e2e85c0b2a31927f8531cdd3a82f95e17c6fc07db6ee5e36d5c89
experiment-data,analysis/e_a_matched_likelihood/matched_s10/per_seed/Kimi_K2_6/econ_bne_seed00.npz,3686,7d9d9c678d8b673ff30889c66477473b5094e874c2b874a89e08619eb4937a90
experiment-data,analysis/e_a_matched_likelihood/matched_s10/per_seed/Kimi_K2_6/econ_bne_seed01.npz,3824,0ad8299c53779f87644ab6dddd3201907c59cb581ab5b4bec96ea2741327581c
experiment-data,analysis/e_a_matched_likelihood/matched_s10/per_seed/Kimi_K2_6/econ_bne_seed02.npz,3746,933f899a7bec652a8eb824440325bdaedae6b211ea8dc07571b1e979b4c43806
experiment-data,analysis/e_a_matched_likelihood/matched_s10/per_seed/Kimi_K2_6/econ_bne_seed03.npz,3743,ac690f489faf87098bde174af20ae2facbcb9b372eff8782434b15ab7731f7d1
experiment-data,analysis/e_a_matched_likelihood/matched_s10/per_seed/Kimi_K2_6/econ_bne_seed04.npz,3812,d37e51df2d086c7e7bf90cb356c9fa675393a1d47119f9fdcac5d130c191b29c
experiment-data,analysis/e_a_matched_likelihood/matched_s10/per_seed/Kimi_K2_6/econ_bne_seed05.npz,3767,da54a2c01f68dfd2a66242025aba45ee6460c2b1a3f21243f89175ac283e8ed2
experiment-data,analysis/e_a_matched_likelihood/matched_s10/per_seed/Kimi_K2_6/econ_bne_seed06.npz,3693,5b671d1e9c2e4dac87349520eb2b50f7aedad0d9e063a8dc429ea5ae6e6654b5
experiment-data,analysis/e_a_matched_likelihood/matched_s10/per_seed/Kimi_K2_6/econ_bne_seed07.npz,3689,3304561df4d34633d243aa2437b8eb1e59f2d1eb08cba6937aec4dbec72746a9
experiment-data,analysis/e_a_matched_likelihood/matched_s10/per_seed/Kimi_K2_6/econ_bne_seed08.npz,3746,5149521c5783724c3aafedabe3ca82f4ab191db49d5662b1a4ccbcb6857e3a2e
experiment-data,analysis/e_a_matched_likelihood/matched_s10/per_seed/Kimi_K2_6/econ_bne_seed09.npz,3712,613a264a45ccf92888de106852be335cd59a419fc6e8fee8a00a79231c35f8c7
experiment-data,analysis/e_a_matched_likelihood/matched_s10/per_seed/Kimi_K2_6/hpsmg_plus_seed00.npz,3682,7c86d2f19c420a6db67d621ffc17461682a7f02551f9047b1a83e939433afe45
experiment-data,analysis/e_a_matched_likelihood/matched_s10/per_seed/Kimi_K2_6/hpsmg_plus_seed01.npz,3753,8b784c52699ebbaf55c980a054cb873c636e819940f9ae931e126b2af1ddfb2b
experiment-data,analysis/e_a_matched_likelihood/matched_s10/per_seed/Kimi_K2_6/hpsmg_plus_seed02.npz,3662,e2a5405a2c05171a80548508f2b3c66ce8668421d7f5932fd3c72ff23a3ef95d
experiment-data,analysis/e_a_matched_likelihood/matched_s10/per_seed/Kimi_K2_6/hpsmg_plus_seed03.npz,3660,d9cc7c262c6321bee8064fd1b7bf082ac09af9c75d2e1c9715b38f6001e2c4d4
experiment-data,analysis/e_a_matched_likelihood/matched_s10/per_seed/Kimi_K2_6/hpsmg_plus_seed04.npz,3706,2b18a984eab256eaa1e4c547cad0e8cffb730ff8692029c17db795b8b60bbbb4
experiment-data,analysis/e_a_matched_likelihood/matched_s10/per_seed/Kimi_K2_6/hpsmg_plus_seed05.npz,3720,9330621de577e790c42bf74628b56af8aac4283a86ea07a6870c9c25f7d649ca
experiment-data,analysis/e_a_matched_likelihood/matched_s10/per_seed/Kimi_K2_6/hpsmg_plus_seed06.npz,3687,17dd86fd828c25006d02b6226cf09f8bd3406e26c7a5eb682b81c7178e2a11c6
experiment-data,analysis/e_a_matched_likelihood/matched_s10/per_seed/Kimi_K2_6/hpsmg_plus_seed07.npz,3685,b206f37a0d6cba14f55afef1847e98ef14b72422d24ef45c153174fc4c5216c1
experiment-data,analysis/e_a_matched_likelihood/matched_s10/per_seed/Kimi_K2_6/hpsmg_plus_seed08.npz,3662,6bf517a861f755421d0273477a25203536aafa79656898ae3ad018547b46ed31
experiment-data,analysis/e_a_matched_likelihood/matched_s10/per_seed/Kimi_K2_6/hpsmg_plus_seed09.npz,3674,05740a1c529413de88cf64f37b2f30d9233273bc9edde6a3a055f258b989b322
experiment-data,analysis/e_a_matched_likelihood/matched_s10/per_seed/Kimi_K2_6/hpsmg_seed00.npz,3674,52c9add968eab7843d3df9d41c962a4250c02f116ff1f84599caa267a80fe1f2
experiment-data,analysis/e_a_matched_likelihood/matched_s10/per_seed/Kimi_K2_6/hpsmg_seed01.npz,3683,8763770fefa6a71a6b9b4b82a5af3e4dba8c67456e931301e4a6c32e6c0b8d7f
experiment-data,analysis/e_a_matched_likelihood/matched_s10/per_seed/Kimi_K2_6/hpsmg_seed02.npz,3668,a455a22fdb2758bf6c1a3b24fa93b9f27f6e40a172b6fa42931b7d740c426d85
experiment-data,analysis/e_a_matched_likelihood/matched_s10/per_seed/Kimi_K2_6/hpsmg_seed03.npz,3665,8af444d949091c3ebbcd7826374a9ea55a100a928c4b41932ab7a6da95e5cb01
experiment-data,analysis/e_a_matched_likelihood/matched_s10/per_seed/Kimi_K2_6/hpsmg_seed04.npz,3696,d0dede50bc74cf7e8b84f235bfb835c5726fd3069a764133e45f2dcd4f74362f
experiment-data,analysis/e_a_matched_likelihood/matched_s10/per_seed/Kimi_K2_6/hpsmg_seed05.npz,3686,363b8e479cfb6c8a7e2cc78c24bfb1688f497433d11d399a779ea9f889270afc
experiment-data,analysis/e_a_matched_likelihood/matched_s10/per_seed/Kimi_K2_6/hpsmg_seed06.npz,3699,105855cd20f2ca140354776716596a8dac36c760eb50dce7cf65592ec7addf2a
experiment-data,analysis/e_a_matched_likelihood/matched_s10/per_seed/Kimi_K2_6/hpsmg_seed07.npz,3676,04e597c13d3abbc53b0d3fa074bb6e06422896ad5dea56ce5ad9d566260e7064
experiment-data,analysis/e_a_matched_likelihood/matched_s10/per_seed/Kimi_K2_6/hpsmg_seed08.npz,3667,9b07ef08f3585e045c2d50a081af43221a7c2d8e75304abcadf80fe2c0cd8975
experiment-data,analysis/e_a_matched_likelihood/matched_s10/per_seed/Kimi_K2_6/hpsmg_seed09.npz,3701,00fcac66028579e2735106b088af205cd1e0587182a8bfe81fd5cc5f7b9e20c4
experiment-data,analysis/e_a_matched_likelihood/matched_s10/per_seed/Kimi_K2_6/joint_psrl_seed00.npz,3695,e77b9e6cab0900bbbf6039b15100826250c73924266b13c158ab973c60900eed
experiment-data,analysis/e_a_matched_likelihood/matched_s10/per_seed/Kimi_K2_6/joint_psrl_seed01.npz,3700,7b3fe77300e1e1e795de5c2fc0c95a3c858eec2f14e0def5fc2cccfce01a033e
experiment-data,analysis/e_a_matched_likelihood/matched_s10/per_seed/Kimi_K2_6/joint_psrl_seed02.npz,3667,bc93b4164c143a148fbb0ff113011961b9f9e4760481544c830a65b942472deb
experiment-data,analysis/e_a_matched_likelihood/matched_s10/per_seed/Kimi_K2_6/joint_psrl_seed03.npz,3707,0c090e25d30a78b92026bee7bd28f20058ace75a8afab629f1fa6fba4003b6c2
experiment-data,analysis/e_a_matched_likelihood/matched_s10/per_seed/Kimi_K2_6/joint_psrl_seed04.npz,3734,69c89166b5a5214fdf6e89e83661d9b8dad0e708ca5137839ff058dee1b3642e
experiment-data,analysis/e_a_matched_likelihood/matched_s10/per_seed/Kimi_K2_6/joint_psrl_seed05.npz,3718,f3b2b62b0e852d3e5518739be8cff6b4c1b0fa4a4f7293817879c579c632af16
experiment-data,analysis/e_a_matched_likelihood/matched_s10/per_seed/Kimi_K2_6/joint_psrl_seed06.npz,3712,7f199b3fae0e2ce8874a02ce123e04a31b8ccb440b510ce0f97a8776ef748c02
experiment-data,analysis/e_a_matched_likelihood/matched_s10/per_seed/Kimi_K2_6/joint_psrl_seed07.npz,3690,0f8f138cf08b24731df6a3a718580043d52ada36b3b678907aef34f5023f93e2
experiment-data,analysis/e_a_matched_likelihood/matched_s10/per_seed/Kimi_K2_6/joint_psrl_seed08.npz,3667,f3c4205821fccf9025db4c43944612c0af642bee4149ba4fbe4171eaed6aa444
experiment-data,analysis/e_a_matched_likelihood/matched_s10/per_seed/Kimi_K2_6/joint_psrl_seed09.npz,3703,f8663b847d59cd3401f1e98df9f9ed16f72f3544e9fe6830b86841844dcffcac
experiment-data,analysis/e_a_matched_likelihood/matched_s10/per_seed/Kimi_K2_6/llm_psrl_verbal_seed00.npz,3822,c0bfbdfc083cdf119f0160731d123aa40f04e9d92c2f604bce6cb399b2d49835
experiment-data,analysis/e_a_matched_likelihood/matched_s10/per_seed/Kimi_K2_6/llm_psrl_verbal_seed01.npz,3758,95a6110bbba1d66437348985d134dac4751de00d3f4073235ff843a428f7e86f
experiment-data,analysis/e_a_matched_likelihood/matched_s10/per_seed/Kimi_K2_6/llm_psrl_verbal_seed02.npz,3702,19cda0e54a89385e8f8f2a5efa5f0e6e8ef05a8e1aae5edeeb65ed6d686fb0c6
experiment-data,analysis/e_a_matched_likelihood/matched_s10/per_seed/Kimi_K2_6/llm_psrl_verbal_seed03.npz,3700,0da0ae7bcca7fccbf926a2fc842fc2b72972317f75c8da39eeab9cd14ddca133
experiment-data,analysis/e_a_matched_likelihood/matched_s10/per_seed/Kimi_K2_6/llm_psrl_verbal_seed04.npz,3825,edf8bde54404c58dfde4ee5980072cb25cb2cf7c4c35fdf1dfa56df22c5a75ad
experiment-data,analysis/e_a_matched_likelihood/matched_s10/per_seed/Kimi_K2_6/llm_psrl_verbal_seed05.npz,3856,7416be1f846533bd1e17499d41d5b8780498dcee61daf167b0a26abd1fbe9502
experiment-data,analysis/e_a_matched_likelihood/matched_s10/per_seed/Kimi_K2_6/llm_psrl_verbal_seed06.npz,3825,821f4531db73aab2c108117a5205aaf4d76bf232fc278305b2f9eae7c99ec72b
experiment-data,analysis/e_a_matched_likelihood/matched_s10/per_seed/Kimi_K2_6/llm_psrl_verbal_seed07.npz,3825,514f9992670e0fab7bac16e0edf0a86e48516194d332aaf37895a30029342cb0
experiment-data,analysis/e_a_matched_likelihood/matched_s10/per_seed/Kimi_K2_6/llm_psrl_verbal_seed08.npz,3724,141a3c91e7b4453457b1041e9974f37f32e95d9db15a8fa74e3994fccfa27d9f
experiment-data,analysis/e_a_matched_likelihood/matched_s10/per_seed/Kimi_K2_6/llm_psrl_verbal_seed09.npz,3778,afb25677beb104592cf3e969b12e8352b7e923bd84466b168d70c62de8968e8d
experiment-data,analysis/e_a_matched_likelihood/matched_s10/per_seed/Kimi_K2_6/oracle_seed00.npz,3656,15ea73698dc8e6f10e17f8e5ff2f7d02d64007976ec55055b6711d57c11d19bf
experiment-data,analysis/e_a_matched_likelihood/matched_s10/per_seed/Kimi_K2_6/oracle_seed01.npz,3659,ee79476f8ff7405c74fb08fc2168aa64202a99ee4c24fb846a6b65d058846347
experiment-data,analysis/e_a_matched_likelihood/matched_s10/per_seed/Kimi_K2_6/oracle_seed02.npz,3656,56e75237efba8dcc27a4d2e56129fca6732eed12a26a421db8565751e38739e9
experiment-data,analysis/e_a_matched_likelihood/matched_s10/per_seed/Kimi_K2_6/oracle_seed03.npz,3654,8bc32189e32becd5c3d9704369cc57f7a2afe09255a9ffe917ffccf3252c4038
experiment-data,analysis/e_a_matched_likelihood/matched_s10/per_seed/Kimi_K2_6/oracle_seed04.npz,3659,f674eb9ef13b2efe579ee2653bbba3282c3e4f4d431fa068aa0e1a287c7baf7d
experiment-data,analysis/e_a_matched_likelihood/matched_s10/per_seed/Kimi_K2_6/oracle_seed05.npz,3660,c578771078acb20b2559b22fcea146fdbfe88c4eacde489c76c62b17952a53b8
experiment-data,analysis/e_a_matched_likelihood/matched_s10/per_seed/Kimi_K2_6/oracle_seed06.npz,3659,c15096561eaf0111252b1515bb849f4b552ce6aa2f9f815c0f37652df38ce691
experiment-data,analysis/e_a_matched_likelihood/matched_s10/per_seed/Kimi_K2_6/oracle_seed07.npz,3659,a3b873aeba1408db63d48292d44584fea88eeb320d2ead26339b60a5f3b07581
experiment-data,analysis/e_a_matched_likelihood/matched_s10/per_seed/Kimi_K2_6/oracle_seed08.npz,3656,70be07b8b429e1ea9d65c43830d44a738dd8923db7f41b7ddcd1bb0664ac90e6
experiment-data,analysis/e_a_matched_likelihood/matched_s10/per_seed/Kimi_K2_6/oracle_seed09.npz,3655,ba5e2a5730a8353e23b19f53305c15c436e65ba06ef661804598cafc202a4074
experiment-data,analysis/e_a_matched_likelihood/matched_s10/per_seed/Kimi_K2_6/psrl_notype_seed00.npz,3872,e26b2b7e9dc632acd2df2bf65c7d8b413c2f523519e69440e0e282d10d4e2c39
experiment-data,analysis/e_a_matched_likelihood/matched_s10/per_seed/Kimi_K2_6/psrl_notype_seed01.npz,3861,6ae32315f7f0dabfc62c4264e325d6f4f31b474b8b9637d4579f916d006641c7
experiment-data,analysis/e_a_matched_likelihood/matched_s10/per_seed/Kimi_K2_6/psrl_notype_seed02.npz,3857,aacd85bab7ce858adab3616727860d0048205d729e68ebfc6b3d8b81ad5b0f0e
experiment-data,analysis/e_a_matched_likelihood/matched_s10/per_seed/Kimi_K2_6/psrl_notype_seed03.npz,3822,effc8dc74a56decd91b800dd6e726a55c7df1b138d71225246a9e49cbc474d22
experiment-data,analysis/e_a_matched_likelihood/matched_s10/per_seed/Kimi_K2_6/psrl_notype_seed04.npz,3899,b38d5ca894bc87dfd73f570e278961af2629c00d12eb20624648fbaaafb929bd
experiment-data,analysis/e_a_matched_likelihood/matched_s10/per_seed/Kimi_K2_6/psrl_notype_seed05.npz,3876,d5dd5ae6f1d53e4c04ae9d4d25215943806f82a095880f975af6c5ae8d91def9
experiment-data,analysis/e_a_matched_likelihood/matched_s10/per_seed/Kimi_K2_6/psrl_notype_seed06.npz,3878,1f5fadd6d821da1acf35fbb1e1c4de451045b31d4ae046b059351b1047318ebb
experiment-data,analysis/e_a_matched_likelihood/matched_s10/per_seed/Kimi_K2_6/psrl_notype_seed07.npz,3881,7bebd4778d62379c77d082bc1dcf0b143ab63f40b9a6b8cab5ebcc130fd729bb
experiment-data,analysis/e_a_matched_likelihood/matched_s10/per_seed/Kimi_K2_6/psrl_notype_seed08.npz,3809,0f75ecb8f31f9b7faf140e889201c093329ca71ccebccf4b2ff954816fe6d4b3
experiment-data,analysis/e_a_matched_likelihood/matched_s10/per_seed/Kimi_K2_6/psrl_notype_seed09.npz,3901,210c48a35093cd16f6d633f3a4ee7f56d5a0daf990b3107d32afc1e976dde756
experiment-data,analysis/e_a_matched_likelihood/matched_s10/per_seed/Llama_4_Maverick_17B_128E_Instruct_FP8/atom_tom0_seed00.npz,3763,2f598410c3d4b47f5f1976beee76e188b33441f27ef5702776d08ea8b6617571
experiment-data,analysis/e_a_matched_likelihood/matched_s10/per_seed/Llama_4_Maverick_17B_128E_Instruct_FP8/atom_tom0_seed01.npz,3857,0e167aa9b4f468da27de0fec202d0dce9f3e3d9501bcfb032ebc89977ec72bbf
experiment-data,analysis/e_a_matched_likelihood/matched_s10/per_seed/Llama_4_Maverick_17B_128E_Instruct_FP8/atom_tom0_seed02.npz,3767,e6dcdd783b633ebce157e9d24b85f06cd59dc2fc316751d99a40035e93b27061
experiment-data,analysis/e_a_matched_likelihood/matched_s10/per_seed/Llama_4_Maverick_17B_128E_Instruct_FP8/atom_tom0_seed03.npz,3764,a284dc09fd75d45e8f016081bd20a200208677d11e61464e4c944be77b0c4b71
experiment-data,analysis/e_a_matched_likelihood/matched_s10/per_seed/Llama_4_Maverick_17B_128E_Instruct_FP8/atom_tom0_seed04.npz,3854,c7417e31a23600c41da4e455977c478128c9abff83d32156fb9cd215c4ff6357
experiment-data,analysis/e_a_matched_likelihood/matched_s10/per_seed/Llama_4_Maverick_17B_128E_Instruct_FP8/atom_tom0_seed05.npz,3767,d310e87c535068bc6962c7cf9604d71239118ba0bfac27e7d487d0270eacd5ab
experiment-data,analysis/e_a_matched_likelihood/matched_s10/per_seed/Llama_4_Maverick_17B_128E_Instruct_FP8/atom_tom0_seed06.npz,3766,ce81295ffca1e759d5c9f75832450a5ef84cae95e780758442541661969f05fb
experiment-data,analysis/e_a_matched_likelihood/matched_s10/per_seed/Llama_4_Maverick_17B_128E_Instruct_FP8/atom_tom0_seed07.npz,3766,ad0205db7fa6fd20439146e24a37a02a159c727651a176168844ef0cadaed52b
experiment-data,analysis/e_a_matched_likelihood/matched_s10/per_seed/Llama_4_Maverick_17B_128E_Instruct_FP8/atom_tom0_seed08.npz,3855,a53b36a8a2fdeb14ce29962ed36af89d1eba912e5aee640a6d13c6b9ac3bca53
experiment-data,analysis/e_a_matched_likelihood/matched_s10/per_seed/Llama_4_Maverick_17B_128E_Instruct_FP8/atom_tom0_seed09.npz,3859,ee6c38def78388e57a05a9c0e0f9b21f52a6339e5ed5308352faa5355f9f0e1d
experiment-data,analysis/e_a_matched_likelihood/matched_s10/per_seed/Llama_4_Maverick_17B_128E_Instruct_FP8/atom_tom1_seed00.npz,3763,3a93f4954d2f1b0adb304a6403fb97eec82491b6b785f534700cf22bbaf6a639
experiment-data,analysis/e_a_matched_likelihood/matched_s10/per_seed/Llama_4_Maverick_17B_128E_Instruct_FP8/atom_tom1_seed01.npz,3857,4f5d045e1dcb2b261d6359d53429b02e6ac9f20df06db5ea05eb3dafa06cee27
experiment-data,analysis/e_a_matched_likelihood/matched_s10/per_seed/Llama_4_Maverick_17B_128E_Instruct_FP8/atom_tom1_seed02.npz,3767,abc477d90ea52e77b3b67da3ae116572765083227600b8389dff2bbad6e29854
experiment-data,analysis/e_a_matched_likelihood/matched_s10/per_seed/Llama_4_Maverick_17B_128E_Instruct_FP8/atom_tom1_seed03.npz,3764,6c152d6fa4b1d74073f2d3c53d3d797f4f365e74964e6f6a745c864321b5d216
experiment-data,analysis/e_a_matched_likelihood/matched_s10/per_seed/Llama_4_Maverick_17B_128E_Instruct_FP8/atom_tom1_seed04.npz,3854,6e8c955b028d0bee2051e1a7abc8c0dfce2eacc12255b0401c15aeb9c24e8094
experiment-data,analysis/e_a_matched_likelihood/matched_s10/per_seed/Llama_4_Maverick_17B_128E_Instruct_FP8/atom_tom1_seed05.npz,3767,d60d332574c4ff16ac0004af3d9049c97358b9c2aefeec61545138d2c94b2ffc
experiment-data,analysis/e_a_matched_likelihood/matched_s10/per_seed/Llama_4_Maverick_17B_128E_Instruct_FP8/atom_tom1_seed06.npz,3766,013833e0e59e75bfb770553398a2be22c3c34daf1b11975af0070b5c3dec7383
experiment-data,analysis/e_a_matched_likelihood/matched_s10/per_seed/Llama_4_Maverick_17B_128E_Instruct_FP8/atom_tom1_seed07.npz,3766,b3cb3ecd66b5a296232ee39337c17b0f646f8abdfa085adfe5b2d8c970de3b97
experiment-data,analysis/e_a_matched_likelihood/matched_s10/per_seed/Llama_4_Maverick_17B_128E_Instruct_FP8/atom_tom1_seed08.npz,3855,a8810c21b8312d7bf08f9851d098bcdbebbd8466f43cc9723e665d58c8cee64f
experiment-data,analysis/e_a_matched_likelihood/matched_s10/per_seed/Llama_4_Maverick_17B_128E_Instruct_FP8/atom_tom1_seed09.npz,3859,466e1775621d30b8a657b14d0fc6f12dc8fa92d09488b294ba7fe19754f3f843
experiment-data,analysis/e_a_matched_likelihood/matched_s10/per_seed/Llama_4_Maverick_17B_128E_Instruct_FP8/atom_tom2_seed00.npz,3763,ecf9aea289295e2c40c7a28093ddae3df163fa4c12a234d829a967aa35e94171
experiment-data,analysis/e_a_matched_likelihood/matched_s10/per_seed/Llama_4_Maverick_17B_128E_Instruct_FP8/atom_tom2_seed01.npz,3857,7b4c51c4b59ed18a3327b9f3b84dbf106f10a79e41246afdb7770e9bc15c7bd0
experiment-data,analysis/e_a_matched_likelihood/matched_s10/per_seed/Llama_4_Maverick_17B_128E_Instruct_FP8/atom_tom2_seed02.npz,3767,bb5373bd7c3093963de47dbab07c555c92550b368b0a39b5cd344f5c4d2d4505
experiment-data,analysis/e_a_matched_likelihood/matched_s10/per_seed/Llama_4_Maverick_17B_128E_Instruct_FP8/atom_tom2_seed03.npz,3764,bed804a708035fe70e006d16a3d4f6e09906d46d333bee744301872463618153
experiment-data,analysis/e_a_matched_likelihood/matched_s10/per_seed/Llama_4_Maverick_17B_128E_Instruct_FP8/atom_tom2_seed04.npz,3854,5b3d7e41c9d2b488bdadf9faf2949c45247c41a90622893ee30a033fbee405ab
experiment-data,analysis/e_a_matched_likelihood/matched_s10/per_seed/Llama_4_Maverick_17B_128E_Instruct_FP8/atom_tom2_seed05.npz,3767,8358ed0278baef83867b7a08241eb17b2b62ef13cd1c8712083a6f930a8c903b
experiment-data,analysis/e_a_matched_likelihood/matched_s10/per_seed/Llama_4_Maverick_17B_128E_Instruct_FP8/atom_tom2_seed06.npz,3766,6d41b2936f6289cb4f09e2adb92a0c0972fb84cc49bce3126561eef4cd54a2ba
experiment-data,analysis/e_a_matched_likelihood/matched_s10/per_seed/Llama_4_Maverick_17B_128E_Instruct_FP8/atom_tom2_seed07.npz,3766,51adbe1596836e13cf3daa6550b5841dd9af5de996e40536199343724eed8614
experiment-data,analysis/e_a_matched_likelihood/matched_s10/per_seed/Llama_4_Maverick_17B_128E_Instruct_FP8/atom_tom2_seed08.npz,3855,76b33421454433c583ce577f6a8ff52beae9f1a93d4b9262b28a79c5e16048b6
experiment-data,analysis/e_a_matched_likelihood/matched_s10/per_seed/Llama_4_Maverick_17B_128E_Instruct_FP8/atom_tom2_seed09.npz,3859,d62bd4f53c7e96d91fd30691378741734c679db219535dfeb90cc6cb37141d9d
experiment-data,analysis/e_a_matched_likelihood/matched_s10/per_seed/Llama_4_Maverick_17B_128E_Instruct_FP8/econ_bne_seed00.npz,3765,def4b07d27cbf849afd30b2e69b0ea8f16f20bce73ae167fe9397feaa641b29a
experiment-data,analysis/e_a_matched_likelihood/matched_s10/per_seed/Llama_4_Maverick_17B_128E_Instruct_FP8/econ_bne_seed01.npz,3859,21b4a67d6b003cf0bfbe9184a891f08db453b368ce81f08e75b627fbe48e15a6
experiment-data,analysis/e_a_matched_likelihood/matched_s10/per_seed/Llama_4_Maverick_17B_128E_Instruct_FP8/econ_bne_seed02.npz,3769,bd55f18bb5172af49dec1aee5f99b440d8a5bee14ccb983dd748387935befe74
experiment-data,analysis/e_a_matched_likelihood/matched_s10/per_seed/Llama_4_Maverick_17B_128E_Instruct_FP8/econ_bne_seed03.npz,3766,d50550d328dcfd081dc8d815a7748f80dc362eaea41f56d841f343e29dd1bd68
experiment-data,analysis/e_a_matched_likelihood/matched_s10/per_seed/Llama_4_Maverick_17B_128E_Instruct_FP8/econ_bne_seed04.npz,3856,665219d4f3f9a282deac2bb37c80114696ec7819738d5c1615a2860f69f18dcf
experiment-data,analysis/e_a_matched_likelihood/matched_s10/per_seed/Llama_4_Maverick_17B_128E_Instruct_FP8/econ_bne_seed05.npz,3769,85c75571df96c36cf28227d19682523dc62dd71a2aa46ad84e3645387d83740e
experiment-data,analysis/e_a_matched_likelihood/matched_s10/per_seed/Llama_4_Maverick_17B_128E_Instruct_FP8/econ_bne_seed06.npz,3768,b8bc31a571e58f3aa7f9da7c7a5d2e2183281679e17f69c3556d63ac762b6bbe
experiment-data,analysis/e_a_matched_likelihood/matched_s10/per_seed/Llama_4_Maverick_17B_128E_Instruct_FP8/econ_bne_seed07.npz,3768,687ef1c925c1235bb5b6fe34d56022dc68faea911766f70f0c7fd8ab448a2279
experiment-data,analysis/e_a_matched_likelihood/matched_s10/per_seed/Llama_4_Maverick_17B_128E_Instruct_FP8/econ_bne_seed08.npz,3857,e41a8772988eda0f8b7575db5a98a5e4fb6b501967233642ec97d525444239da
experiment-data,analysis/e_a_matched_likelihood/matched_s10/per_seed/Llama_4_Maverick_17B_128E_Instruct_FP8/econ_bne_seed09.npz,3861,1ba14e3be46a860248219d12a6cca03fbd132310b98c614fdd1c7751db13aa7e
experiment-data,analysis/e_a_matched_likelihood/matched_s10/per_seed/Llama_4_Maverick_17B_128E_Instruct_FP8/hpsmg_plus_seed00.npz,3769,a72e670db60e0cfd11e2b25c123a512502a97c41d82a8f554d98b569b4bd392b
experiment-data,analysis/e_a_matched_likelihood/matched_s10/per_seed/Llama_4_Maverick_17B_128E_Instruct_FP8/hpsmg_plus_seed01.npz,3863,07c25241bffae4c85d1fcccff7cd3ff2ebf6657a5acd322dc8cefdffcbde0f8e
experiment-data,analysis/e_a_matched_likelihood/matched_s10/per_seed/Llama_4_Maverick_17B_128E_Instruct_FP8/hpsmg_plus_seed02.npz,3773,64a35624ed0471cfa4a01841395cadefffecc5b462c25542307efb1a8fcd9e13
experiment-data,analysis/e_a_matched_likelihood/matched_s10/per_seed/Llama_4_Maverick_17B_128E_Instruct_FP8/hpsmg_plus_seed03.npz,3770,b973cc662b29fb4212e17e2a3e9fe7c4848c535d0b50a8c0db80d48e174589f2
experiment-data,analysis/e_a_matched_likelihood/matched_s10/per_seed/Llama_4_Maverick_17B_128E_Instruct_FP8/hpsmg_plus_seed04.npz,3798,2bdcfb63406e219cf6855c8381753f314a87642cd4bb4b8ee181498491340673
experiment-data,analysis/e_a_matched_likelihood/matched_s10/per_seed/Llama_4_Maverick_17B_128E_Instruct_FP8/hpsmg_plus_seed05.npz,3773,bd287afaf45b078cacea07773dbffc461ff31859c33385c136aa7ab3fc09262c
experiment-data,analysis/e_a_matched_likelihood/matched_s10/per_seed/Llama_4_Maverick_17B_128E_Instruct_FP8/hpsmg_plus_seed06.npz,3772,97ba8e1abc1827c04b617a0e5b0c33f3e933911e52bb4aa2e7c3c39940add686
experiment-data,analysis/e_a_matched_likelihood/matched_s10/per_seed/Llama_4_Maverick_17B_128E_Instruct_FP8/hpsmg_plus_seed07.npz,3772,25a3da61e40697b1c97105804880ef23bb65cb080176ce7a78b1650fa958d9e3
experiment-data,analysis/e_a_matched_likelihood/matched_s10/per_seed/Llama_4_Maverick_17B_128E_Instruct_FP8/hpsmg_plus_seed08.npz,3894,395595e3c89fc687959ada2c1e1b921dfe9e0c0bff4f99296fdb91682b2d8602
experiment-data,analysis/e_a_matched_likelihood/matched_s10/per_seed/Llama_4_Maverick_17B_128E_Instruct_FP8/hpsmg_plus_seed09.npz,3827,1b7b4dce310d51d0702ac4547ee0a2b3290ec0057d8d1a30f94b480b0338d19e
experiment-data,analysis/e_a_matched_likelihood/matched_s10/per_seed/Llama_4_Maverick_17B_128E_Instruct_FP8/hpsmg_seed00.npz,3784,d3c0bf318aa0a79ff435ac87d7469724d16c55658f7e762964c201fa6c4fe15b
experiment-data,analysis/e_a_matched_likelihood/matched_s10/per_seed/Llama_4_Maverick_17B_128E_Instruct_FP8/hpsmg_seed01.npz,3806,f615922285ae9514142e80822125b3e0680239f03ab05e101fd0d07251e72d39
experiment-data,analysis/e_a_matched_likelihood/matched_s10/per_seed/Llama_4_Maverick_17B_128E_Instruct_FP8/hpsmg_seed02.npz,3824,0188bec93a04c3e4c4423fad6ef83ead4bfa9118ae2dc044dfcc787914dd5962
experiment-data,analysis/e_a_matched_likelihood/matched_s10/per_seed/Llama_4_Maverick_17B_128E_Instruct_FP8/hpsmg_seed03.npz,3786,4e67df66219b7c64e2c51b155f0ac75a07a898dd3477912b494409b0d7ca707d
experiment-data,analysis/e_a_matched_likelihood/matched_s10/per_seed/Llama_4_Maverick_17B_128E_Instruct_FP8/hpsmg_seed04.npz,3829,2a55e87c0754f58b250bd8cf0013b6e99bd875941db4db1ea82c28184e8d8e10
experiment-data,analysis/e_a_matched_likelihood/matched_s10/per_seed/Llama_4_Maverick_17B_128E_Instruct_FP8/hpsmg_seed05.npz,3780,14c0bafa33f87681bed5650744ed9d16899cd2b098b9c2b3df530286d40b27ee
experiment-data,analysis/e_a_matched_likelihood/matched_s10/per_seed/Llama_4_Maverick_17B_128E_Instruct_FP8/hpsmg_seed06.npz,3776,09978ec1029c49230d0af9ff0b6a1ba5c0c6ef58dec3373e95dae8d38bd0e7d8
experiment-data,analysis/e_a_matched_likelihood/matched_s10/per_seed/Llama_4_Maverick_17B_128E_Instruct_FP8/hpsmg_seed07.npz,3788,98e0f81f69401333cb2c57679b63d89b6fd40fccc4feb522d59358ddd7cea7ab
experiment-data,analysis/e_a_matched_likelihood/matched_s10/per_seed/Llama_4_Maverick_17B_128E_Instruct_FP8/hpsmg_seed08.npz,3796,a3f31e989a15b00af6a62a309873c3ae81c70e3a79b5cd33a9e399fb172390c6
experiment-data,analysis/e_a_matched_likelihood/matched_s10/per_seed/Llama_4_Maverick_17B_128E_Instruct_FP8/hpsmg_seed09.npz,3779,e1cf340afb5ce5a2feed95c89a61d518a5c0264ac52ef122d2f63c6b35820f57
experiment-data,analysis/e_a_matched_likelihood/matched_s10/per_seed/Llama_4_Maverick_17B_128E_Instruct_FP8/joint_psrl_seed00.npz,3789,cbf07159fd8584123e20292801c4a0478471a857b6c28433d0a9e44c0f0db15e
experiment-data,analysis/e_a_matched_likelihood/matched_s10/per_seed/Llama_4_Maverick_17B_128E_Instruct_FP8/joint_psrl_seed01.npz,3809,9dc3a7724ebced58d4cf2dbe0f511fc6c6a30c3a98ba621e0238b5872d3270c4
experiment-data,analysis/e_a_matched_likelihood/matched_s10/per_seed/Llama_4_Maverick_17B_128E_Instruct_FP8/joint_psrl_seed02.npz,3816,d622976d3d489081062eb32bba98c3ac6f90ffb3e327b406ed06e5040ce93797
experiment-data,analysis/e_a_matched_likelihood/matched_s10/per_seed/Llama_4_Maverick_17B_128E_Instruct_FP8/joint_psrl_seed03.npz,3824,58b62a17f13eea3d72415c5815811e9d7bd137987d70810e47829f4ac39954d5
experiment-data,analysis/e_a_matched_likelihood/matched_s10/per_seed/Llama_4_Maverick_17B_128E_Instruct_FP8/joint_psrl_seed04.npz,3809,9f35c44e2f890c34a2b92c8052701fb27f5f16249fc41f852845553fad9670d3
experiment-data,analysis/e_a_matched_likelihood/matched_s10/per_seed/Llama_4_Maverick_17B_128E_Instruct_FP8/joint_psrl_seed05.npz,3804,3dd466fa404743baaa85e03e42a3581c3b70848cb53c854e650e2c6539303209
experiment-data,analysis/e_a_matched_likelihood/matched_s10/per_seed/Llama_4_Maverick_17B_128E_Instruct_FP8/joint_psrl_seed06.npz,3790,9e1949cd9b52910492ea82b2d1b409a8d7c8a3b91185b8375dda471692f17eb1
experiment-data,analysis/e_a_matched_likelihood/matched_s10/per_seed/Llama_4_Maverick_17B_128E_Instruct_FP8/joint_psrl_seed07.npz,3808,834fb52db8f3cafc342bc44a768677eee4509e420caf290c89cc66683725c360
experiment-data,analysis/e_a_matched_likelihood/matched_s10/per_seed/Llama_4_Maverick_17B_128E_Instruct_FP8/joint_psrl_seed08.npz,3840,9ee5159ab134ba04445fdcc7c15e699cad0cc24b7fba27cc6fcbdc164dd5c300
experiment-data,analysis/e_a_matched_likelihood/matched_s10/per_seed/Llama_4_Maverick_17B_128E_Instruct_FP8/joint_psrl_seed09.npz,3826,85dc635fc2862b51dad45c5fd5893013e4279fbbbf5d0336f1b38788e126bb09
experiment-data,analysis/e_a_matched_likelihood/matched_s10/per_seed/Llama_4_Maverick_17B_128E_Instruct_FP8/llm_psrl_verbal_seed00.npz,3892,cb2a9cb36e7e1aec5da81b41860cad36e1be1e3485fa284fda6051d055421d3e
experiment-data,analysis/e_a_matched_likelihood/matched_s10/per_seed/Llama_4_Maverick_17B_128E_Instruct_FP8/llm_psrl_verbal_seed01.npz,3878,325a24920ae933e8497598732e1aa968c19cf0a7eaeeaf8198730d865417faaa
experiment-data,analysis/e_a_matched_likelihood/matched_s10/per_seed/Llama_4_Maverick_17B_128E_Instruct_FP8/llm_psrl_verbal_seed02.npz,3823,74c31d95fa20983dc9c20f318c309176bfde4c2f6167a825f2838f4d6c4948b2
experiment-data,analysis/e_a_matched_likelihood/matched_s10/per_seed/Llama_4_Maverick_17B_128E_Instruct_FP8/llm_psrl_verbal_seed03.npz,3881,2a145eb44f238f5c001b3ebd3dccacc3771ace44ac6f439e50b187a6bcb2c0cf
experiment-data,analysis/e_a_matched_likelihood/matched_s10/per_seed/Llama_4_Maverick_17B_128E_Instruct_FP8/llm_psrl_verbal_seed04.npz,3884,2f467d0f03cfc0fc31ff3dfa963ad113fd863282bfa3e1db33842e56026a6d18
experiment-data,analysis/e_a_matched_likelihood/matched_s10/per_seed/Llama_4_Maverick_17B_128E_Instruct_FP8/llm_psrl_verbal_seed05.npz,3854,3087ce174b45990a78848749f2edb44cbd75a5fa0b3af5fa7b2acb8f46431169
experiment-data,analysis/e_a_matched_likelihood/matched_s10/per_seed/Llama_4_Maverick_17B_128E_Instruct_FP8/llm_psrl_verbal_seed06.npz,3781,59259e0b8716609d16b825eb1315b022a2ea75dbcea61ae61236e6b9f09985a6
experiment-data,analysis/e_a_matched_likelihood/matched_s10/per_seed/Llama_4_Maverick_17B_128E_Instruct_FP8/llm_psrl_verbal_seed07.npz,3895,b1b2c0dc762ac03748a54669d0394980558eb881bca6ab9609cbb35cc600f365
experiment-data,analysis/e_a_matched_likelihood/matched_s10/per_seed/Llama_4_Maverick_17B_128E_Instruct_FP8/llm_psrl_verbal_seed08.npz,3782,8e1d1d31906714edafd1dcaba67edcd3e4c7d0aa5ad27dd93244f07f3ff08b4d
experiment-data,analysis/e_a_matched_likelihood/matched_s10/per_seed/Llama_4_Maverick_17B_128E_Instruct_FP8/llm_psrl_verbal_seed09.npz,3841,38aed3d572ad334a801347dbc5c625e2245acb042913999460d30549d69ff496
experiment-data,analysis/e_a_matched_likelihood/matched_s10/per_seed/Llama_4_Maverick_17B_128E_Instruct_FP8/oracle_seed00.npz,3763,1acd408620a87cc1e7cffab44dad564275db9e7dd60e27463d90772fc814d0b4
experiment-data,analysis/e_a_matched_likelihood/matched_s10/per_seed/Llama_4_Maverick_17B_128E_Instruct_FP8/oracle_seed01.npz,3769,84120ada1346127b0bb2e3e1c176187954ea366af3ad5924458135017ee6d105
experiment-data,analysis/e_a_matched_likelihood/matched_s10/per_seed/Llama_4_Maverick_17B_128E_Instruct_FP8/oracle_seed02.npz,3767,dfe2a52055e92dacc4488d34185db4bd388f2ac3bd57470282f10cf95ae8e294
experiment-data,analysis/e_a_matched_likelihood/matched_s10/per_seed/Llama_4_Maverick_17B_128E_Instruct_FP8/oracle_seed03.npz,3764,a128a8cd6a58d40442f9c15b9855c6b2602661403638c32820d180bf0c632ef2
experiment-data,analysis/e_a_matched_likelihood/matched_s10/per_seed/Llama_4_Maverick_17B_128E_Instruct_FP8/oracle_seed04.npz,3766,abab7cf20e506597947be3ff2b073d33eb72a6c222f1c626f519c86b57f264e9
experiment-data,analysis/e_a_matched_likelihood/matched_s10/per_seed/Llama_4_Maverick_17B_128E_Instruct_FP8/oracle_seed05.npz,3767,d33fb3860861ce6d070614a5393c0f020970e521b7388a9f2cc667a283d40f5b
experiment-data,analysis/e_a_matched_likelihood/matched_s10/per_seed/Llama_4_Maverick_17B_128E_Instruct_FP8/oracle_seed06.npz,3766,d33c15f965cc00d20a60b909d6d4a04ec1202e6ac6770d536fc129527fb0d895
experiment-data,analysis/e_a_matched_likelihood/matched_s10/per_seed/Llama_4_Maverick_17B_128E_Instruct_FP8/oracle_seed07.npz,3766,9cb254f09ef1dc4ab380c1f72d4345f9d80bb38be80c221c0426cd70bf93e594
experiment-data,analysis/e_a_matched_likelihood/matched_s10/per_seed/Llama_4_Maverick_17B_128E_Instruct_FP8/oracle_seed08.npz,3767,c498331b8fbccdd75afbffbfc6cf519e7f44e31a7893ca4c91448c6fc7b71750
experiment-data,analysis/e_a_matched_likelihood/matched_s10/per_seed/Llama_4_Maverick_17B_128E_Instruct_FP8/oracle_seed09.npz,3766,629dc6abf0d6524638bb9a49f57169225e588ef672926a9e5ef6620a964e1061
experiment-data,analysis/e_a_matched_likelihood/matched_s10/per_seed/Llama_4_Maverick_17B_128E_Instruct_FP8/psrl_notype_seed00.npz,3916,49b18639dc08d4952a9f12cc7a01fb57aadf30da113b57374f82099baa838dbb
experiment-data,analysis/e_a_matched_likelihood/matched_s10/per_seed/Llama_4_Maverick_17B_128E_Instruct_FP8/psrl_notype_seed01.npz,3906,29e620dc730a61c5bf4969841a9ae4bd75d9e43b9b0fbc16f6649dcf1a52cb63
experiment-data,analysis/e_a_matched_likelihood/matched_s10/per_seed/Llama_4_Maverick_17B_128E_Instruct_FP8/psrl_notype_seed02.npz,3919,7fa92df909e4c0f50e092c1f7ddd3695e7ecf4bf96f4c0f230974b97af9e3a01
experiment-data,analysis/e_a_matched_likelihood/matched_s10/per_seed/Llama_4_Maverick_17B_128E_Instruct_FP8/psrl_notype_seed03.npz,3938,91559dd8b719f167af4ff5ec2b73c6b340a26a3c7986240452c0d7370c97f62e
experiment-data,analysis/e_a_matched_likelihood/matched_s10/per_seed/Llama_4_Maverick_17B_128E_Instruct_FP8/psrl_notype_seed04.npz,3923,af366099662b9024e42ad8713f9e8f88af14eee89fab1e794f1634409269ec9d
experiment-data,analysis/e_a_matched_likelihood/matched_s10/per_seed/Llama_4_Maverick_17B_128E_Instruct_FP8/psrl_notype_seed05.npz,3855,e98b8a7c97043d6a75a4394dce94da55c0a0293bc7f0c82c5a12e74a619fa73a
experiment-data,analysis/e_a_matched_likelihood/matched_s10/per_seed/Llama_4_Maverick_17B_128E_Instruct_FP8/psrl_notype_seed06.npz,3792,d125a32fe45c10e454192a7c655987faa1de08bb537d824b140dcd5cc4aa9a26
experiment-data,analysis/e_a_matched_likelihood/matched_s10/per_seed/Llama_4_Maverick_17B_128E_Instruct_FP8/psrl_notype_seed07.npz,3907,61e9dfa864ce99cb541d6262e8454190fb1f85f37cc021e2d6b62d825deb9840
experiment-data,analysis/e_a_matched_likelihood/matched_s10/per_seed/Llama_4_Maverick_17B_128E_Instruct_FP8/psrl_notype_seed08.npz,3896,2bc7d42f3a4a9ed49f02e70449cc52bfa79800e7d36db264256dda407cdff8d5
experiment-data,analysis/e_a_matched_likelihood/matched_s10/per_seed/Llama_4_Maverick_17B_128E_Instruct_FP8/psrl_notype_seed09.npz,3918,f3a987108c56af38fa1a25dd6afed74cf7bbb3f3f9c795e3851d1421b83e00e7
experiment-data,analysis/e_a_matched_likelihood/matched_s10/per_seed/gpt_5_4_nano_20260317/atom_tom0_seed00.npz,3818,16cb5543a2007545bbce757fd048ed0ed13f2c876e14cd95326d8c8d09da2546
experiment-data,analysis/e_a_matched_likelihood/matched_s10/per_seed/gpt_5_4_nano_20260317/atom_tom0_seed01.npz,3818,f1909c49e290de7f4df32874ac624095b8c47a2ace98e731a9e642921fe6e0d5
experiment-data,analysis/e_a_matched_likelihood/matched_s10/per_seed/gpt_5_4_nano_20260317/atom_tom0_seed02.npz,3809,4d1fc5df8e62179213d8b6849a5e9b634e5442584dfe9c7fba3cb08853c25bad
experiment-data,analysis/e_a_matched_likelihood/matched_s10/per_seed/gpt_5_4_nano_20260317/atom_tom0_seed03.npz,3804,ba5f8a78f478e45f17e5ecac4bd2b6bb301148b6b14332a5dfc7b9495a8ca821
experiment-data,analysis/e_a_matched_likelihood/matched_s10/per_seed/gpt_5_4_nano_20260317/atom_tom0_seed04.npz,3823,38cdb3d390fd9af1b0f1265c8ef7947ee08912a47fc016232844a53006082553
experiment-data,analysis/e_a_matched_likelihood/matched_s10/per_seed/gpt_5_4_nano_20260317/atom_tom0_seed05.npz,3764,ca98b176eab052f77039d611f98df7849ea210e99405fd69c1f799c0d532b9e6
experiment-data,analysis/e_a_matched_likelihood/matched_s10/per_seed/gpt_5_4_nano_20260317/atom_tom0_seed06.npz,3812,9634e2c191eab9c87c7835d83ca7c83a52e701459be49d2d65d6a833e0e9f893
experiment-data,analysis/e_a_matched_likelihood/matched_s10/per_seed/gpt_5_4_nano_20260317/atom_tom0_seed07.npz,3821,325c64c46ea2760de322110ea7e7aae2959d51fa1fecacc434bb73beb61fa655
experiment-data,analysis/e_a_matched_likelihood/matched_s10/per_seed/gpt_5_4_nano_20260317/atom_tom0_seed08.npz,3795,00d70a44e3aed18335f004da0d0920e6202ee31bd71d79a12fffaaf5de9009b9
experiment-data,analysis/e_a_matched_likelihood/matched_s10/per_seed/gpt_5_4_nano_20260317/atom_tom0_seed09.npz,3758,848505378c9b78b3525b7b29c5aff636f4bfe0331ac2904f0ad8159472be4ecc
experiment-data,analysis/e_a_matched_likelihood/matched_s10/per_seed/gpt_5_4_nano_20260317/atom_tom1_seed00.npz,3857,216dbe5d4c3517256a9c24254518063e9501f641fb2ae79511210aa36567aa46
experiment-data,analysis/e_a_matched_likelihood/matched_s10/per_seed/gpt_5_4_nano_20260317/atom_tom1_seed01.npz,3852,32f8ddb00f8e557a15a2814750dcd1aa75e7df1b97791ee03a8199b186e5cda8
experiment-data,analysis/e_a_matched_likelihood/matched_s10/per_seed/gpt_5_4_nano_20260317/atom_tom1_seed02.npz,3841,5a2891d405b4d71200a95455a737f4ab4bb5cf2ca475c0451175b0cd875afd1f
experiment-data,analysis/e_a_matched_likelihood/matched_s10/per_seed/gpt_5_4_nano_20260317/atom_tom1_seed03.npz,3846,85b43c15eb052a6adf132ed198cf3f2321b376d679e70c27a66daad77f4f29ef
experiment-data,analysis/e_a_matched_likelihood/matched_s10/per_seed/gpt_5_4_nano_20260317/atom_tom1_seed04.npz,3845,b7bf485d4f4b11d1d192271ae20e4a52267aed989c43d9dbc7364c64775a1a9b
experiment-data,analysis/e_a_matched_likelihood/matched_s10/per_seed/gpt_5_4_nano_20260317/atom_tom1_seed05.npz,3808,ad55898dc94c5c7092f1d13802a489d996d8c47ee083e179dc27569b45fa840b
experiment-data,analysis/e_a_matched_likelihood/matched_s10/per_seed/gpt_5_4_nano_20260317/atom_tom1_seed06.npz,3850,02b2b419c7d0c5acabf0e9e3f796e99eadd6dee7428a9fb04fa46ffdfdc75516
experiment-data,analysis/e_a_matched_likelihood/matched_s10/per_seed/gpt_5_4_nano_20260317/atom_tom1_seed07.npz,3860,c6cbc48bd468bcdd5a14fed77349cb4d673b12fcb086b631d7b244be99223463
experiment-data,analysis/e_a_matched_likelihood/matched_s10/per_seed/gpt_5_4_nano_20260317/atom_tom1_seed08.npz,3844,3936ac26f940e38673f90ce1aa19eb38ca6a6a0bda0f35da0af8323aff0ab263
experiment-data,analysis/e_a_matched_likelihood/matched_s10/per_seed/gpt_5_4_nano_20260317/atom_tom1_seed09.npz,3828,7d4738edbc6800c3846d7fbdb469885c6886be8230da018381909419e46912c4
experiment-data,analysis/e_a_matched_likelihood/matched_s10/per_seed/gpt_5_4_nano_20260317/atom_tom2_seed00.npz,3818,d2290975a5497c46cba5c28da846b320abe70e340c18b3cf9381715cd9f7286a
experiment-data,analysis/e_a_matched_likelihood/matched_s10/per_seed/gpt_5_4_nano_20260317/atom_tom2_seed01.npz,3818,96878082b18f43348aaf0131f3bf45c52290bf850887fc7052d271e9ea9e99ff
experiment-data,analysis/e_a_matched_likelihood/matched_s10/per_seed/gpt_5_4_nano_20260317/atom_tom2_seed02.npz,3809,52a0e19fc5e6f6f4cb1d3458c89a4e1bb0035b0b66ee84be56b2ad6579e583fe
experiment-data,analysis/e_a_matched_likelihood/matched_s10/per_seed/gpt_5_4_nano_20260317/atom_tom2_seed03.npz,3804,e8bf2071b72e1d3d6e7fa55d55704987c27979e4c341f0d61cb8dd464101e071
experiment-data,analysis/e_a_matched_likelihood/matched_s10/per_seed/gpt_5_4_nano_20260317/atom_tom2_seed04.npz,3823,54a600b890dbe5d76653871eb9d290f4c3e6259d91d81476878923782a0e204c
experiment-data,analysis/e_a_matched_likelihood/matched_s10/per_seed/gpt_5_4_nano_20260317/atom_tom2_seed05.npz,3764,480bdbb251dc7dcbf032c10e3ebb0918575277836231bc8c8711b800ec967bb9
experiment-data,analysis/e_a_matched_likelihood/matched_s10/per_seed/gpt_5_4_nano_20260317/atom_tom2_seed06.npz,3812,11209245613f1c8ca7f1e27d4728fb96663542f743be069aea136bd411811179
experiment-data,analysis/e_a_matched_likelihood/matched_s10/per_seed/gpt_5_4_nano_20260317/atom_tom2_seed07.npz,3821,62c288667ecb5b1310e0e9f8b6c4a120e71317cb680d3653e403a692609e0521
experiment-data,analysis/e_a_matched_likelihood/matched_s10/per_seed/gpt_5_4_nano_20260317/atom_tom2_seed08.npz,3795,14b6c75e4cd017fa036e9bcd67d0c9e72fd2a1334fdc9a99bcd466d08afe7bc8
experiment-data,analysis/e_a_matched_likelihood/matched_s10/per_seed/gpt_5_4_nano_20260317/atom_tom2_seed09.npz,3758,5f87a344f8c842879dae1f5e3c29bcfff9f19ef33465e1099e65f028af5daa1e
experiment-data,analysis/e_a_matched_likelihood/matched_s10/per_seed/gpt_5_4_nano_20260317/econ_bne_seed00.npz,3810,1dc576a721a84250699a78eea253ba3c2b0acf44107ba9a7cd0a1547f4824fea
experiment-data,analysis/e_a_matched_likelihood/matched_s10/per_seed/gpt_5_4_nano_20260317/econ_bne_seed01.npz,3817,574b1af9fca14f00ba052b83832d68ed3c720e16de7f93fae2454752daad3cf0
experiment-data,analysis/e_a_matched_likelihood/matched_s10/per_seed/gpt_5_4_nano_20260317/econ_bne_seed02.npz,3818,f7ebdaffc0562312ef6341e4ac97405c4582501fa0e6abf46c9f332beba9a77c
experiment-data,analysis/e_a_matched_likelihood/matched_s10/per_seed/gpt_5_4_nano_20260317/econ_bne_seed03.npz,3811,62cbeb5cfd5394fac3b259fc13aa3409f161761b0361944d68c5f19198b2e866
experiment-data,analysis/e_a_matched_likelihood/matched_s10/per_seed/gpt_5_4_nano_20260317/econ_bne_seed04.npz,3826,d9ece30650d2f01622998d9329f2b6462a1d755250d3d6345f939e5331ffab9e
experiment-data,analysis/e_a_matched_likelihood/matched_s10/per_seed/gpt_5_4_nano_20260317/econ_bne_seed05.npz,3799,9ddb689eb8a5a10109c00bb267d44da16237a0f713cf6b00de1f5b08c941bf62
experiment-data,analysis/e_a_matched_likelihood/matched_s10/per_seed/gpt_5_4_nano_20260317/econ_bne_seed06.npz,3813,22d8ee00c02f69e1dad3ddc96f09f2533e66394fcf556ea010a2374e7c8293a8
experiment-data,analysis/e_a_matched_likelihood/matched_s10/per_seed/gpt_5_4_nano_20260317/econ_bne_seed07.npz,3813,7e362f5078366462643fad05f2d937a8c99ad955da6ff5a4149366d97b73f7e2
experiment-data,analysis/e_a_matched_likelihood/matched_s10/per_seed/gpt_5_4_nano_20260317/econ_bne_seed08.npz,3827,fe77d766c8d9206bd6dcfb1cb109c6381e8411639011c960567d190007c5ce3b
experiment-data,analysis/e_a_matched_likelihood/matched_s10/per_seed/gpt_5_4_nano_20260317/econ_bne_seed09.npz,3812,caf4d2dc012bf0745a1f9692c5b7e85d19d8d421f6c28ea75242c9cb7980ab25
experiment-data,analysis/e_a_matched_likelihood/matched_s10/per_seed/gpt_5_4_nano_20260317/hpsmg_plus_seed00.npz,3754,7ee89b6873421e0f827e9bbb89ceef271c322c0d4bc005f4c173aa80da688043
experiment-data,analysis/e_a_matched_likelihood/matched_s10/per_seed/gpt_5_4_nano_20260317/hpsmg_plus_seed01.npz,3766,aab5f4e06a091f06c5eeca613a090bc051551cffcfb45c88cfddb8a1b175ef81
experiment-data,analysis/e_a_matched_likelihood/matched_s10/per_seed/gpt_5_4_nano_20260317/hpsmg_plus_seed02.npz,3731,ce095152d177e86bba84d9c8e9db19335a71d82ded05deded5afd8a5d2ba8a36
experiment-data,analysis/e_a_matched_likelihood/matched_s10/per_seed/gpt_5_4_nano_20260317/hpsmg_plus_seed03.npz,3728,dcb349ed04df0f407f34f5d3a689cd8471abe33cecb42d25232805da8c900e92
experiment-data,analysis/e_a_matched_likelihood/matched_s10/per_seed/gpt_5_4_nano_20260317/hpsmg_plus_seed04.npz,3755,47f60b6b6ed4f63d855a758d894950187c0a17f271ea720e996b6a872c0dfe85
experiment-data,analysis/e_a_matched_likelihood/matched_s10/per_seed/gpt_5_4_nano_20260317/hpsmg_plus_seed05.npz,3709,513a4924cf8407177a60ba11048d1e6d5689803d8b06542d614ffd97e2ccc837
experiment-data,analysis/e_a_matched_likelihood/matched_s10/per_seed/gpt_5_4_nano_20260317/hpsmg_plus_seed06.npz,3705,3c8cc544f05de5eacf49a2a208820397f118c16fbe68b4da25f2bd92878c0d73
experiment-data,analysis/e_a_matched_likelihood/matched_s10/per_seed/gpt_5_4_nano_20260317/hpsmg_plus_seed07.npz,3757,3f0989e6b40adea495495f7e26a727c6499aa9a716cc785548a9951ba73df11c
experiment-data,analysis/e_a_matched_likelihood/matched_s10/per_seed/gpt_5_4_nano_20260317/hpsmg_plus_seed08.npz,3709,69770563582b0aaf038dfe8d0296e6b389246da747bb9391ccda02de9d47321c
experiment-data,analysis/e_a_matched_likelihood/matched_s10/per_seed/gpt_5_4_nano_20260317/hpsmg_plus_seed09.npz,3734,975c6f6ccaab8b3f128a9a8b689e45675397d5d8166171f3f882cbeebbe16c00
experiment-data,analysis/e_a_matched_likelihood/matched_s10/per_seed/gpt_5_4_nano_20260317/hpsmg_seed00.npz,3755,d4e980e8434502e93f277d2529c8e8d1aaa7cbe5fc083514cc61fc1f10d9d4c8
experiment-data,analysis/e_a_matched_likelihood/matched_s10/per_seed/gpt_5_4_nano_20260317/hpsmg_seed01.npz,3740,25473a5e027926ccdc9520baf8cd506cff1271745330737cf145974d3461a07e
experiment-data,analysis/e_a_matched_likelihood/matched_s10/per_seed/gpt_5_4_nano_20260317/hpsmg_seed02.npz,3724,95bebdc3098471541a31ff97ebd134f68711e8291fe4b0c743046c85d05e3a70
experiment-data,analysis/e_a_matched_likelihood/matched_s10/per_seed/gpt_5_4_nano_20260317/hpsmg_seed03.npz,3725,4a096ad778d94d64c4ba365bee1ae01884c73dfe4cfb69dc3ef446dfb8e111a7
experiment-data,analysis/e_a_matched_likelihood/matched_s10/per_seed/gpt_5_4_nano_20260317/hpsmg_seed04.npz,3770,866a4d9acd6ad34333c262b364ccf3f92e3de1779056020b211de410468b4419
experiment-data,analysis/e_a_matched_likelihood/matched_s10/per_seed/gpt_5_4_nano_20260317/hpsmg_seed05.npz,3700,8128218e39a6cb4528d7a99987ce9e2b2cd4aebb8ee143497ddf2cd9178483d7
experiment-data,analysis/e_a_matched_likelihood/matched_s10/per_seed/gpt_5_4_nano_20260317/hpsmg_seed06.npz,3721,e8924298c2b69254fe59787e6cac547c488311186e0137465b5cebbc4c11b921
experiment-data,analysis/e_a_matched_likelihood/matched_s10/per_seed/gpt_5_4_nano_20260317/hpsmg_seed07.npz,3745,e0e7095c444857d24d2ddea4ed2f8594412aadad93904a1fb7fe61d2661754ba
experiment-data,analysis/e_a_matched_likelihood/matched_s10/per_seed/gpt_5_4_nano_20260317/hpsmg_seed08.npz,3723,52ea9f9e4b8b7ad608a921fe1554a03ab01199a561423561c7e04a46010de163
experiment-data,analysis/e_a_matched_likelihood/matched_s10/per_seed/gpt_5_4_nano_20260317/hpsmg_seed09.npz,3741,466b9592c6dea787b1c831c5d93c12033d866e9cf0d14fc145ec6fd9de941f3b
experiment-data,analysis/e_a_matched_likelihood/matched_s10/per_seed/gpt_5_4_nano_20260317/joint_psrl_seed00.npz,3789,1e863ab28a02e952bdad85a57f3ccf4e7ee08916c566ea0b02c43ef1cc131505
experiment-data,analysis/e_a_matched_likelihood/matched_s10/per_seed/gpt_5_4_nano_20260317/joint_psrl_seed01.npz,3754,5592c67bf2f7fbef6e4f7d7b438f1071220b3df65d1b318a7043708ca79c346f
experiment-data,analysis/e_a_matched_likelihood/matched_s10/per_seed/gpt_5_4_nano_20260317/joint_psrl_seed02.npz,3742,e12295c221cda3d5caf79dc3c7bb3f383b62c1a237bb13af55144d8feb8e55df
experiment-data,analysis/e_a_matched_likelihood/matched_s10/per_seed/gpt_5_4_nano_20260317/joint_psrl_seed03.npz,3741,4c161e548badda0e7b5033e043f0cfc9ebaaf07ebb0d06092d184aefd44768ad
experiment-data,analysis/e_a_matched_likelihood/matched_s10/per_seed/gpt_5_4_nano_20260317/joint_psrl_seed04.npz,3791,d148f118df73c045baa5226ed770f6998ce48073230c1d30f742d35ca7f94c9a
experiment-data,analysis/e_a_matched_likelihood/matched_s10/per_seed/gpt_5_4_nano_20260317/joint_psrl_seed05.npz,3714,8584c64430ac44a738f93614b44d97444ccd1a6e7b9422abf0f26e2b6fb79d50
experiment-data,analysis/e_a_matched_likelihood/matched_s10/per_seed/gpt_5_4_nano_20260317/joint_psrl_seed06.npz,3735,380cfa17ae0eb987671277acbafa4e741f8a301fc069bc90ef3b3ee2a7d4ae7a
experiment-data,analysis/e_a_matched_likelihood/matched_s10/per_seed/gpt_5_4_nano_20260317/joint_psrl_seed07.npz,3779,eef87cd6a69635fe91f4362abb885250e9d7631cdb3aa671c8c106eadcd40034
experiment-data,analysis/e_a_matched_likelihood/matched_s10/per_seed/gpt_5_4_nano_20260317/joint_psrl_seed08.npz,3714,7a6f936d4f10439358523cd72793b6938f8677edc39f9e826f572a7a1a24e41f
experiment-data,analysis/e_a_matched_likelihood/matched_s10/per_seed/gpt_5_4_nano_20260317/joint_psrl_seed09.npz,3778,8bfb72178709076408efbaa86ed7ad130e54d2c375e834f539356ba5c489c45e
experiment-data,analysis/e_a_matched_likelihood/matched_s10/per_seed/gpt_5_4_nano_20260317/llm_psrl_verbal_seed00.npz,3819,136000b20d729b48ede22f33d3de062fbf557936c896b52cee4df957e61a7d13
experiment-data,analysis/e_a_matched_likelihood/matched_s10/per_seed/gpt_5_4_nano_20260317/llm_psrl_verbal_seed01.npz,3805,c9371e3525913e5ef09ac0deb5ab9f294499ac4d324081fdf7122e79cd103765
experiment-data,analysis/e_a_matched_likelihood/matched_s10/per_seed/gpt_5_4_nano_20260317/llm_psrl_verbal_seed02.npz,3826,97d4c98b6d026f8c2b39ef4f3e671862d6b68c3d01b72b3a884fe559da19959d
experiment-data,analysis/e_a_matched_likelihood/matched_s10/per_seed/gpt_5_4_nano_20260317/llm_psrl_verbal_seed03.npz,3824,5a709f0d97c4e0806e4cc4e486eb7c34f84c57475c450b3ec31cacde8a644510
experiment-data,analysis/e_a_matched_likelihood/matched_s10/per_seed/gpt_5_4_nano_20260317/llm_psrl_verbal_seed04.npz,3864,e9518888e1e5fcc32f9f6abd6b71be50927a612a479288914ff687fdc44b8c86
experiment-data,analysis/e_a_matched_likelihood/matched_s10/per_seed/gpt_5_4_nano_20260317/llm_psrl_verbal_seed05.npz,3718,9fffb82b3bf72c8f8a14e812b4c833c8f99d34803156696a7e5f0210b37f7206
experiment-data,analysis/e_a_matched_likelihood/matched_s10/per_seed/gpt_5_4_nano_20260317/llm_psrl_verbal_seed06.npz,3714,274263e9870b8264e3e46576a3711dbc92e06a5cb3c42311e2d221b08351032d
experiment-data,analysis/e_a_matched_likelihood/matched_s10/per_seed/gpt_5_4_nano_20260317/llm_psrl_verbal_seed07.npz,3822,5cca93d616a3e688d6af90cccfdc4eb1a6a1d040b3f7ff6c5dfd45b152cc855a
experiment-data,analysis/e_a_matched_likelihood/matched_s10/per_seed/gpt_5_4_nano_20260317/llm_psrl_verbal_seed08.npz,3718,34b3503b6971dcc7ebe3a9f03b788e9c8c8edbe232530da393cbdac8a6410a7a
experiment-data,analysis/e_a_matched_likelihood/matched_s10/per_seed/gpt_5_4_nano_20260317/llm_psrl_verbal_seed09.npz,3860,899de4f113d48006a22e90a318eece0fe01346bbd197de64f413be04ed51d5a0
experiment-data,analysis/e_a_matched_likelihood/matched_s10/per_seed/gpt_5_4_nano_20260317/oracle_seed00.npz,3699,215aef54b62ed9725611f4e79f6b4d28c1909cf3e778f4e5f801b0062a07e112
experiment-data,analysis/e_a_matched_likelihood/matched_s10/per_seed/gpt_5_4_nano_20260317/oracle_seed01.npz,3702,5b42050fad8cb44775a343a0eccc05692ee3fbeb1342b15499e3d467dab3d391
experiment-data,analysis/e_a_matched_likelihood/matched_s10/per_seed/gpt_5_4_nano_20260317/oracle_seed02.npz,3703,f7f93c287e152cb3cfc0245a5dd32b9a05a73a2e4dac8b1c0d5da09a6de324f2
experiment-data,analysis/e_a_matched_likelihood/matched_s10/per_seed/gpt_5_4_nano_20260317/oracle_seed03.npz,3700,4bf4d6a253508043f1a36a29b7dcf70656cb0b84eb298767b079331dd26f6f84
experiment-data,analysis/e_a_matched_likelihood/matched_s10/per_seed/gpt_5_4_nano_20260317/oracle_seed04.npz,3702,e99a490e850c31814f035b9fde090c63d5320862a5446bb0710bfa6cdf12d9b5
experiment-data,analysis/e_a_matched_likelihood/matched_s10/per_seed/gpt_5_4_nano_20260317/oracle_seed05.npz,3703,5540cf2b96e880c37f0f281872fb51ac2339cbf965c5491eecb1b1de03b31128
experiment-data,analysis/e_a_matched_likelihood/matched_s10/per_seed/gpt_5_4_nano_20260317/oracle_seed06.npz,3699,c6142cd94f45c292330e8eb8f2cd05ea192b451edc7d2bd52636a346b240b789
experiment-data,analysis/e_a_matched_likelihood/matched_s10/per_seed/gpt_5_4_nano_20260317/oracle_seed07.npz,3702,d22229b39f541fa6be3f6895ac05da69f09d20fb86cd7769a2af5985960cbb40
experiment-data,analysis/e_a_matched_likelihood/matched_s10/per_seed/gpt_5_4_nano_20260317/oracle_seed08.npz,3703,b893a81ff04053eb9c0cf790f5cb9c45e4366dac37a082e1bccd227d7259c1a1
experiment-data,analysis/e_a_matched_likelihood/matched_s10/per_seed/gpt_5_4_nano_20260317/oracle_seed09.npz,3698,ac1dbbdb76d50cccbab5eeaa78cf1646b0eb03a71e49f21a20f27cd10a03b384
experiment-data,analysis/e_a_matched_likelihood/matched_s10/per_seed/gpt_5_4_nano_20260317/psrl_notype_seed00.npz,3894,1b6763a1c436bbc129c92ce4ded8ca034673b496ad21946d7fb2602a80b8c785
experiment-data,analysis/e_a_matched_likelihood/matched_s10/per_seed/gpt_5_4_nano_20260317/psrl_notype_seed01.npz,3864,cd569fa8e0839d0d2dced4b59075f6cf509f6d54df581af5ab35d0f2377adbc9
experiment-data,analysis/e_a_matched_likelihood/matched_s10/per_seed/gpt_5_4_nano_20260317/psrl_notype_seed02.npz,3912,26e7b3e3bcd6e658def87d63daeb432e05c4ab525f5ec6600fd099ac6b9cb0dc
experiment-data,analysis/e_a_matched_likelihood/matched_s10/per_seed/gpt_5_4_nano_20260317/psrl_notype_seed03.npz,3908,5f1270fdc5a2ca92de1271b551082a40dad1a1756a3e8cfca4c397077e8b033e
experiment-data,analysis/e_a_matched_likelihood/matched_s10/per_seed/gpt_5_4_nano_20260317/psrl_notype_seed04.npz,3885,9e786c402bb97798fa0e4a62a4e03c3a22404bc6edb725f2f8a1d91c437eb6f7
experiment-data,analysis/e_a_matched_likelihood/matched_s10/per_seed/gpt_5_4_nano_20260317/psrl_notype_seed05.npz,3871,5534547a39801fa41ddc1a71f8ad221464d025df3de403e8b09f25903e2df4d0
experiment-data,analysis/e_a_matched_likelihood/matched_s10/per_seed/gpt_5_4_nano_20260317/psrl_notype_seed06.npz,3857,90b81ecbffb34bf6dd3257f485856b19b0f5384912418f9e26379af46fa2267a
experiment-data,analysis/e_a_matched_likelihood/matched_s10/per_seed/gpt_5_4_nano_20260317/psrl_notype_seed07.npz,3898,fd57295dffada5af2626d45937a737348254be2df8da8f22983140799ccb9856
experiment-data,analysis/e_a_matched_likelihood/matched_s10/per_seed/gpt_5_4_nano_20260317/psrl_notype_seed08.npz,3853,3531c1ee0eaa2f06af2fb6b28976d2a9e7536622052445e7c70c85823dee6f6f
experiment-data,analysis/e_a_matched_likelihood/matched_s10/per_seed/gpt_5_4_nano_20260317/psrl_notype_seed09.npz,3894,861fa86b105c8290b68930e65c214703d6ccc5088c55622c0756be1d4b4ff48f
experiment-data,analysis/e_a_matched_likelihood/smoke/calibration.cache.jsonl,706,0af26c1c8efb57e39633ccc0aa3c2739d1137c500a5bb74a866db7692fdaa2ba
experiment-data,analysis/e_a_matched_likelihood/smoke/calibration.npy,15999,e53592029cadf686510c7c46af4db1da0ebdee3ebb63046768dc9d15be5efe6f
experiment-data,analysis/e_a_matched_likelihood/smoke/calibration.report.json,790,933a583ec5db9564892c8e50f699c0d0c52c28cf224ac9468067330205a22a93
experiment-data,analysis/e_a_matched_likelihood/smoke/external.npz,5613,668875521a1f1f17924bea02e55332de82936d1577479ef7c0982799fdcc7a4d
experiment-data,analysis/e_a_matched_likelihood/smoke/external_cache.json,2,44136fa355b3678a1146ad16f7e8649e94fb4fc21fe77e8310c060f61caaff8a
experiment-data,analysis/e_a_matched_likelihood/smoke/external_parallel.npz,5913,5353c4027b23a249d3d9bf707a7f3604e25762f9bde2ee68d838cd5765381907
experiment-data,analysis/e_a_matched_likelihood/smoke/external_parallel_cache.json,2,44136fa355b3678a1146ad16f7e8649e94fb4fc21fe77e8310c060f61caaff8a
experiment-data,analysis/e_a_matched_likelihood/smoke/external_parallel_trace.json,18408,4b190f0f86e066f70ddb0ad9607564ec77febf74dc6366c186cffe6b5c22d80b
experiment-data,analysis/e_a_matched_likelihood/smoke/external_trace.json,18399,7d48506808943a85af2b12f0fa1ec6b043ab4ff93f2cb3fb3d87aeb0a7c7a9bf
experiment-data,analysis/e_a_matched_likelihood/smoke/native.npz,9463,63399e0950e72aff480450cdb0783542815a652dea97ac5fec33997c98309db1
experiment-data,analysis/e_a_matched_likelihood/smoke/native_parallel.npz,9763,6b790ffc17457591959af009b2852452e9ff9aff2ffef98b99492b9b58985803
experiment-data,analysis/e_a_matched_likelihood/smoke/verbal_cache.json,717,54c4c20bef65d3de309aa6a43e71078995c360fec4a6cd629c6338ed3f05fbd4
experiment-data,analysis/e_a_matched_likelihood/smoke/verbal_parallel_cache.json,479,bde5d067a8ba12a20d39146814fac502d3b3ced50df54ea94ddcb3629095f3b6
experiment-data,analysis/e_a_matched_likelihood/source_git_4280ade/E2_DeepSeek_V3_2_c19_beta0p25.npz,22478,76ec84b598d616aed16e92ccf0535395d49d7c88579ae9b2175b10d4096c2014
experiment-data,analysis/e_a_matched_likelihood/source_git_4280ade/E2_Kimi_K2_6_c19_beta0p25.npz,22462,a913d9810116ec5803c2a112576fba44deff1e0e53c39bc863a7d2c0c587329a
experiment-data,analysis/e_a_matched_likelihood/source_git_4280ade/E2_Llama_4_Maverick_17B_128E_Instruct_FP8_c19_beta0p25.npz,22578,1fb1136326809ea60dc1be764c62b8d612b8d5f8c64d5000e9569ecfe97e5da6
experiment-data,analysis/e_a_matched_likelihood/source_git_4280ade/E2_external_llm_baselines_DeepSeek_V3_2_c19_K20_s5.npz,17510,015f0e5e599b9fd348c25e282d9ec6bbec68305f920742a528278389b28256ed
experiment-data,analysis/e_a_matched_likelihood/source_git_4280ade/E2_external_llm_baselines_Kimi_K2_6_c19_K20_s5.npz,17494,9114c60c6582b65eed29c677721a0666f899c2bcba6d3932e0581c7d824d21cc
experiment-data,analysis/e_a_matched_likelihood/source_git_4280ade/E2_external_llm_baselines_Llama_4_Maverick_17B_128E_Instruct_FP8_c19_K20_s5.npz,17610,4ce5f95d3abeb4ccbc262e34c8a9d50aef0424c87a37ad0530df2c53255678a8
experiment-data,analysis/e_a_matched_likelihood/source_git_4280ade/E2_external_llm_baselines_gpt_5_4_nano_20260317_c19_K20_s5.npz,17542,d048b3d4b841352e55cbfc81ea4f6bd37f4ab77dfa78e9d9018eb2adb10297ec
experiment-data,analysis/e_a_matched_likelihood/source_git_4280ade/E2_gpt_5_4_nano_20260317_c19_beta0p25.npz,22510,ddf06872c2b70cbad36548570fc73311e478e372bebe485ccd6c28840293b33b
experiment-data,analysis/e_b_iterated_concordia/e_b_iterated_concordia.md,5589,9ef8a5b136042e3a982ebb76d65ee4b992d8291f56d83c012aca8e317d76837a
experiment-data,analysis/e_b_iterated_concordia/e_b_iterated_concordia_aggregate.csv,2516,bae7a8e868c8d0b768c0e0612bc23ff82bbac0595a4b76a5f5b83a5bfefcfdc7
experiment-data,analysis/e_b_iterated_concordia/e_b_iterated_concordia_figure_v2_long.csv,268769,4a9f7130921d4be0f33d8a08656ed6d6b9e1484508db7e0e75f80d099dadada1
experiment-data,analysis/e_b_iterated_concordia/e_b_iterated_concordia_figure_v2_stats.json,1319,9618f41499465393e7a4eda6ead39d7f8460737658a6757dc9c50c66f8f509cf
experiment-data,analysis/e_b_iterated_concordia/e_b_iterated_concordia_metadata.json,24366,64a5210ff96d0bd0703f5102f372231e61295e7de1d3dc059d089e3658ee31d5
experiment-data,analysis/e_b_iterated_concordia/e_b_iterated_concordia_per_seed.csv,953104,0e38bbb74699fe0e58a7f5390f83cfb7757ba808009e7b850af4c4d67a4d0813
experiment-data,analysis/e_b_iterated_concordia/e_b_iterated_concordia_rq2_rq3_all_data.md,354108,b63fb272c597dd4eb942eae8e0f547b937512c0ddf668621a86ea7273c3d1364
experiment-data,analysis/e_b_iterated_concordia/e_b_iterated_concordia_summary.csv,8520,f18955d348673279355fc363c433ef8389919dd69f344834c27f2ffcf81727bf
experiment-data,analysis/e_b_iterated_concordia/fig_e_b_iterated_concordia.pdf,17764,ac000916e3b7f652dacff064b7d90d7fa93d3555152b776ffb2c2f3db4cad4d0
experiment-data,analysis/e_b_iterated_concordia/fig_e_b_iterated_concordia.png,153226,4ae8da2ed98b2083bfd3309b019800e7aa44a838b5dea9376938f22c67628465
experiment-data,analysis/e_c_sotopia_corrected/e_c_branch_decision.csv,440,8210fc3ea96871d6ad529fbb28bba73ba51a53afe6916e0f3ac7ff26ca3ea84b
experiment-data,analysis/e_c_sotopia_corrected/e_c_component_summary.csv,1084,d6e72596a46d677ed5851b50a999b5a6ff8d13220d03ac2d10bd4d3f97e6a21d
experiment-data,analysis/e_c_sotopia_corrected/e_c_menu_corruption_summary.csv,1128,7fadb40da121ce78e8a583be9135df4b0759cf95a1a2fa2a90588556b400e4ce
experiment-data,analysis/e_c_sotopia_corrected/e_c_metadata.json,501,711d0b1c2e061a792ad3eb40cc314690388f4061264e2ad61555458c256da3df
experiment-data,analysis/e_c_sotopia_corrected/e_c_posterior_proxy_per_turn.csv,224245,85560cbcd7aef24e5db1e87de95ede865bec1f4afea61c22f6e6ed3a639d35b0
experiment-data,analysis/e_c_sotopia_corrected/e_c_posterior_proxy_summary.csv,2500,8d18ab95227154ab586ec21cda710b32fb3b8e1fd7f94b32c42ffd47c70ffe02
experiment-data,analysis/e_c_sotopia_corrected/e_c_sotopia_corrected.md,4335,b9d404e609f5f4e6d8347a96896358b6f924a43383e80c692ef8faa3f62422fa
experiment-data,analysis/e_c_sotopia_corrected/fig_e_c_sotopia_component_corrected.pdf,14931,234906f0d0b0785ade95d40efa46e42fa5a1170cc1f7ea560b8ac3163fd6a7c6
experiment-data,analysis/e_c_sotopia_corrected/fig_e_c_sotopia_component_corrected.png,69477,d3584599cfd1e8bb0396002b74793bdaa12e12a06ce0795c9b210f8a8f832309
experiment-data,analysis/e_c_sotopia_corrected/fig_e_c_sotopia_corrected.pdf,22546,a657e42b2187545e71c700d857911361919d47fa62f137f81979f82cf789bb5b
experiment-data,analysis/e_c_sotopia_corrected/fig_e_c_sotopia_corrected.png,139753,48c03f15936e5063fe91267498619686c07201675402b8cdbe1ac36826a1cd6c
experiment-data,analysis/e_d_reward_locality_violation/deepseek_live_3action_cache.jsonl,63822,49bd69741305c95f72ee1677b189c7bca8d4af8969c79e0b98757c69d1038a03
experiment-data,analysis/e_d_reward_locality_violation/deepseek_live_3action_full.npy,15687,98d21a557d79419599356ca0049c4387ac6991128cd88bb9bbbfa0e51016dcef
experiment-data,analysis/e_d_reward_locality_violation/deepseek_live_3action_report.json,629,c1edb5304c2497b408ca2c96cebec2f03d6383f4931854e7a2c4668fa3a24f02
experiment-data,analysis/e_d_reward_locality_violation/deepseek_live_smoke.npy,15687,e9ce324269f6831d86c6800d447b1c047ce66dc05456ca4c044bc275dc3b5df4
experiment-data,analysis/e_d_reward_locality_violation/deepseek_live_smoke_cache.jsonl,194,d7f495d0bb79adebd89d45e306fba022d53e07d0a09230b3348561db1bf4c353
experiment-data,analysis/e_d_reward_locality_violation/deepseek_live_smoke_report.json,612,291d1813cddabedb1820ccd3690ae745825ff7ea2aa1979c8d9e11baa41d46a9
experiment-data,analysis/e_d_reward_locality_violation/e_d_reward_locality_violation.md,2163,69867e9f54f30c3617ccff39e1d9659396264a38bf4dd326433feaeea8a3c930
experiment-data,analysis/e_d_reward_locality_violation/e_d_reward_locality_violation_metadata.json,536,34edd1af37bd60487111e3c8d68c809d66c2e043f8d588acbe3e7a42d6a6ccb4
experiment-data,analysis/e_d_reward_locality_violation/e_d_reward_locality_violation_per_seed.csv,2388025,5a950eac00a1f3634f7f63b3a98d5e9916513ec343a7d2cae766b1e19cee8bc5
experiment-data,analysis/e_d_reward_locality_violation/e_d_reward_locality_violation_summary.csv,2371,39de48d385b1c17f75b8c8ba96560898a3d63875291d7346a08adf8e4c36bfeb
experiment-data,analysis/e_d_reward_locality_violation/fig_e_d_reward_locality_violation.pdf,27939,dc01f61334b34466d63d773448ed69c036f2ea852878e99117053ea76fcc5313
experiment-data,analysis/e_d_reward_locality_violation/fig_e_d_reward_locality_violation.png,117456,cc121cafc3c60315d2a240ae2b50e3c844fd5ff4e2be025aaa7f3727d3d32f89
experiment-data,analysis/e_d_reward_locality_violation_combined/e_d_reward_locality_violation.md,4508,342f1238dadf597a8953a29a2b87bb1452d5c332b8d3657643c046e0b2c3a5ee
experiment-data,analysis/e_d_reward_locality_violation_combined/e_d_reward_locality_violation_metadata.json,788,d35ed8031d00af2cab693c7c3cbda6b9098d9e06d23be94c2ecec0612d5f704b
experiment-data,analysis/e_d_reward_locality_violation_combined/e_d_reward_locality_violation_per_seed.csv,4799504,d2d866fd03626e652dd005abea534278610ece0bf8480b402225d01ccdfc060b
experiment-data,analysis/e_d_reward_locality_violation_combined/e_d_reward_locality_violation_summary.csv,5864,d7f4b57318a9acc86690b2a10dce557b44728937ab596c788840fd37bfceb594
experiment-data,analysis/e_d_reward_locality_violation_combined/fig_e_d_reward_locality_violation.pdf,27489,831d1d2b53a8bf2ee3ff10dd52b49d0ff2e2447bf280b7d018866dccb0757c87
experiment-data,analysis/e_d_reward_locality_violation_combined/fig_e_d_reward_locality_violation.png,222414,b718cd18dd11bbfaf8d7e3c8eb8861f762e3374d488825124af25913f42ea929
experiment-data,analysis/e_d_reward_locality_violation_live/e_d_reward_locality_violation.md,2245,4eb4dc0f2b00edc9de54011c43064f53b15a04ea53c7478aee38a4194606f1a8
experiment-data,analysis/e_d_reward_locality_violation_live/e_d_reward_locality_violation_metadata.json,602,c60e0d100ea3d4e45a6fc478634dbc555b92d3d84efaf6bff8ce5d95f1f4f7ba
experiment-data,analysis/e_d_reward_locality_violation_live/e_d_reward_locality_violation_per_seed.csv,2010224,9b07c2e05dc6d0537a37cb423054d960ebdb1be9fe2b6265816a84cb1168be94
experiment-data,analysis/e_d_reward_locality_violation_live/e_d_reward_locality_violation_summary.csv,2345,99f7ed0e602fb725120c3ef99a9cf80758a6bbe29c44c8339b380aef852b52a6
experiment-data,analysis/e_d_reward_locality_violation_live/fig_e_d_reward_locality_violation.pdf,28240,ed162ee1c1a3530f132bceb14a8d08823f03210611b2b695c98c1a197bf2d077
experiment-data,analysis/e_d_reward_locality_violation_live/fig_e_d_reward_locality_violation.png,120437,d8a5795f573337308b635d067bf0908fcd7f42e8ddad368ea1da20dcf7ff1e65
experiment-data,analysis/e_e_maassim_rq2/e_e_maassim_tracker_parity.csv,17380,7c5dbd424fa141befee228faa920588fa8015c6338138a8e22f4829ebf611efa
experiment-data,analysis/e_e_maassim_rq2/e_e_maassim_tracker_parity.md,1036,fa1beb9f470cadd0645811b21f02935a20e8335516d511fe56a838c45037424b
experiment-data,analysis/e_e_maassim_rq2/e_e_maassim_tracker_parity_gaps.csv,153,f3aceb76f9d3a0100e328727ee157d654fa3d477881c24f5ace9d8e5e3f251a5
experiment-data,analysis/e_e_maassim_rq2/e_e_maassim_tracker_parity_metadata.json,18505,cb4e9ae0ac8b1e5afcd5bf3c99c6121617ad2930da2b719e3948880116e10157
experiment-data,analysis/e_e_maassim_rq2/e_e_maassim_tracker_parity_summary.csv,587,23425254fdf760db11230c50f03e1cd2745f35ab4b9fa5e9b7eba08b9a7886c1
experiment-data,analysis/e_e_maassim_rq2/subfleets/n2/nearest_n2_s0_driver_events.csv,5013,e91c5de50c8fba736ebe09fa31458f50c36ca5694e804726c9a9df473f2ed0c6
experiment-data,analysis/e_e_maassim_rq2/subfleets/n2/nearest_n2_s0_passenger_events.csv,1655,87a74a34fa942aa674cde2e02c3f1bd6da0c8f79051c9995bed59a5fd6ed141d
experiment-data,analysis/e_e_maassim_rq2/subfleets/n2/nearest_n2_s0_personas.json,813,bcf3caa14fb0caa6734257a298bbf9700ff219d166a9cdd4dec3f948c0cdb0a4
experiment-data,analysis/e_e_maassim_rq2/subfleets/n2/nearest_n2_s0_queue_snapshots.jsonl,41445,3aed2d05341df746d08c980fdbff66ec1fdc6b61041b4d5dd3df08d45016bc16
experiment-data,analysis/e_e_maassim_rq2/subfleets/n2/nearest_n2_s0_rides.csv,6681,658877a7faa75ac5a6dc8bcd9963cf0348de658d752f334c62d4938b1a21341e
experiment-data,analysis/e_e_maassim_rq2/subfleets/n2/nearest_n2_s0_summary.json,2682,1582f2675ed0e6244b1df1eab7d910edcb5e2636a779af536bddb1b9c921f762
experiment-data,analysis/e_e_maassim_rq2/subfleets/n2/nearest_n2_s0_trips.csv,9904,b855a0423bed94f24115fc83d88b804e2ea43979e74be281085d42530749b5cf
experiment-data,analysis/e_e_maassim_rq2/subfleets/n2/nearest_n2_s1_driver_events.csv,5235,fc5c22d1ea181f1ca9ae63fe1e2340d38696fcdb60999142f9195332765f2465
experiment-data,analysis/e_e_maassim_rq2/subfleets/n2/nearest_n2_s1_passenger_events.csv,1515,732f0ddeb380135705b007731603fe18898a844d1a09a8437e809c5e08161803
experiment-data,analysis/e_e_maassim_rq2/subfleets/n2/nearest_n2_s1_personas.json,794,a3af016e348e75dab7cbea947ab3b7b4f6684b9e111375db733f7ce09b7f986a
experiment-data,analysis/e_e_maassim_rq2/subfleets/n2/nearest_n2_s1_queue_snapshots.jsonl,46426,5b8b51a4aefa56df848663af5230b37c285420d0b63b48cd999ca81a5843d3e0
experiment-data,analysis/e_e_maassim_rq2/subfleets/n2/nearest_n2_s1_rides.csv,7269,611db077316775623b3254fa4d3547a6f922f08a10e8742f5527dc150509bf92
experiment-data,analysis/e_e_maassim_rq2/subfleets/n2/nearest_n2_s1_summary.json,2678,a0af4a6505ea6213e0710b76ff20e3fc212f0ef8c2fad817853ebd2cb24b8669
experiment-data,analysis/e_e_maassim_rq2/subfleets/n2/nearest_n2_s1_trips.csv,10569,b2f06d2f37961274fe9ffc7620dd23c87973cb20e71249b79f387672f33bfc37
experiment-data,analysis/e_e_maassim_rq2/subfleets/n2/nearest_n2_s2_driver_events.csv,3260,e1a0d082a5c9d841ea1906e4809e7a48f34bd6450019d10eada979c2da8b9a28
experiment-data,analysis/e_e_maassim_rq2/subfleets/n2/nearest_n2_s2_passenger_events.csv,1690,1848fd6e8f91556304a230e9372a263a84d844cbafe7ffbb3b76b23483c46c93
experiment-data,analysis/e_e_maassim_rq2/subfleets/n2/nearest_n2_s2_personas.json,855,c687d4f1d9c3a449627742bd1416c0e99554f3c21ee1522d2f181b5e5e7ffa03
experiment-data,analysis/e_e_maassim_rq2/subfleets/n2/nearest_n2_s2_queue_snapshots.jsonl,31210,cd4feaeead0d82bfef48386dc20447e7ac05b489b66548cfe2505836188a814e
experiment-data,analysis/e_e_maassim_rq2/subfleets/n2/nearest_n2_s2_rides.csv,6842,ea59765f85add0b2f5515a44e381ca25014fb8d8afc4a1ef3bedf66073ededbb
experiment-data,analysis/e_e_maassim_rq2/subfleets/n2/nearest_n2_s2_summary.json,2685,0b65415e67ad2084963e5ca6e57f748fe840df7e90bfa83623f494ad9da378a8
experiment-data,analysis/e_e_maassim_rq2/subfleets/n2/nearest_n2_s2_trips.csv,10057,7d825e34ea09de8c37882807bc117b06f10b2cf645faec1bb9cbe84e4b23fe78
experiment-data,analysis/e_e_maassim_rq2/subfleets/n2/nearest_n2_s3_driver_events.csv,5026,83567827705d46e3ed99234deb53c0b3f98e58d37e0a15eaf2aa87a040180219
experiment-data,analysis/e_e_maassim_rq2/subfleets/n2/nearest_n2_s3_passenger_events.csv,1292,bead6f631206283cca277b35ac3eec0cd5ffd8306140b138300a9acf7d9c8df6
experiment-data,analysis/e_e_maassim_rq2/subfleets/n2/nearest_n2_s3_personas.json,707,5e52089d913d17427c7f84c80f6afc8ebac38c129a4c66fadfc4b5757161b047
experiment-data,analysis/e_e_maassim_rq2/subfleets/n2/nearest_n2_s3_queue_snapshots.jsonl,41940,57dce0045ea91369523c8811353000ef3c1dc6754014fafc8a70668785664659
experiment-data,analysis/e_e_maassim_rq2/subfleets/n2/nearest_n2_s3_rides.csv,6439,1de3ba080a357721c8d03bbaf4a822db4eecd7cacf829c2dd1788a6980f83bb0
experiment-data,analysis/e_e_maassim_rq2/subfleets/n2/nearest_n2_s3_summary.json,2679,3eab4a8588240b764ca137fcba4f380f14a0a48cd34a124d52fabaac9ea2fee6
experiment-data,analysis/e_e_maassim_rq2/subfleets/n2/nearest_n2_s3_trips.csv,10068,81d4d384f083d7baca0ecd2f60cc1bbb43b9a32441c4a346db3dcab93a5407f7
experiment-data,analysis/e_e_maassim_rq2/subfleets/n2/nearest_n2_s4_driver_events.csv,5001,b7475b24eb5219ecd487ff9e01cbe60f36561c51992d344349d357a512ccf64e
experiment-data,analysis/e_e_maassim_rq2/subfleets/n2/nearest_n2_s4_passenger_events.csv,1314,19394594a0b956a4aca6ef6700070b98f9c8a7b2306b71ab39aafe7613437185
experiment-data,analysis/e_e_maassim_rq2/subfleets/n2/nearest_n2_s4_personas.json,708,e062aa3be1667474c1b4d79b3e756e9fabe8044f4c31cf28612df942276d478f
experiment-data,analysis/e_e_maassim_rq2/subfleets/n2/nearest_n2_s4_queue_snapshots.jsonl,40985,281f63a9a1466f8dbb222d15538896b9b2f8b23f8a4c1f998f1eac5743749263
experiment-data,analysis/e_e_maassim_rq2/subfleets/n2/nearest_n2_s4_rides.csv,6244,5d8d92ad2be07fcf792639d734b822b0d9180987ecd2b02ace33240a1f8d7942
experiment-data,analysis/e_e_maassim_rq2/subfleets/n2/nearest_n2_s4_summary.json,2681,8d96353473f493b963df48d86fb7707d571529c72c5ce21b1b35766c4f47f6cb
experiment-data,analysis/e_e_maassim_rq2/subfleets/n2/nearest_n2_s4_trips.csv,9883,0d96abf32960a0ffbb059f7d5c4a4ea243190a7b0e25660b671ce7e8e4b4c25f
experiment-data,analysis/e_e_maassim_rq2/subfleets/n2/nearest_n2_s5_driver_events.csv,4400,7d7a64b6e14d8e07b2516aed850fb994ff49c830fd916afc9a6b4e2402d31927
experiment-data,analysis/e_e_maassim_rq2/subfleets/n2/nearest_n2_s5_passenger_events.csv,1484,1172e1ecfe9fcc688c501cc9fbac2391cd14c626af501b34335be5164dea7f51
experiment-data,analysis/e_e_maassim_rq2/subfleets/n2/nearest_n2_s5_personas.json,772,f16068916a4f9d575a9526b4d27d8983de8450047fb3bba5397294c948c05b8b
experiment-data,analysis/e_e_maassim_rq2/subfleets/n2/nearest_n2_s5_queue_snapshots.jsonl,38130,e467f3ad939cba42c4ff48d3da0800104b6ae600a950b454c3b51fad653bf9dc
experiment-data,analysis/e_e_maassim_rq2/subfleets/n2/nearest_n2_s5_rides.csv,6520,f0dcd61cf43a9faf9545db2be4b81423ae0633574d3601da1e7c256218a88aac
experiment-data,analysis/e_e_maassim_rq2/subfleets/n2/nearest_n2_s5_summary.json,2675,21412d13ebb8da37280c99a840405e69a0193444df7b953b8b867c96d9fa84fd
experiment-data,analysis/e_e_maassim_rq2/subfleets/n2/nearest_n2_s5_trips.csv,9932,7cbb369ba694089735eed2814472926e5041419e50e1091e932d51ded5988662
experiment-data,analysis/e_e_maassim_rq2/subfleets/n2/nearest_n2_s6_driver_events.csv,4380,a0d566459ca2566fb4cf3677bdfd7677aa2a28d1599759d7c217fed3b97ea6f6
experiment-data,analysis/e_e_maassim_rq2/subfleets/n2/nearest_n2_s6_passenger_events.csv,1690,98efe1d886a5a7077fed9f92d75556e7df5038244476d627faa606668abbacee
experiment-data,analysis/e_e_maassim_rq2/subfleets/n2/nearest_n2_s6_personas.json,836,be9a35d0f4916bef91f1ac2a60a0d8fa23b10ef6b884457227f102391a4ff566
experiment-data,analysis/e_e_maassim_rq2/subfleets/n2/nearest_n2_s6_queue_snapshots.jsonl,40052,5c5057363ae800175e42ea62ca508c4c7f6138c406dd2dbbbc951447e9650ab2
experiment-data,analysis/e_e_maassim_rq2/subfleets/n2/nearest_n2_s6_rides.csv,6742,26485732912e52b2ca063cf3a5bfcbe32b1062f7229532090feb173651bc93da
experiment-data,analysis/e_e_maassim_rq2/subfleets/n2/nearest_n2_s6_summary.json,2666,97d23cb9f194a83c74c209fa1b19c52fc6f470b45b87564a2e5a8731510b8e53
experiment-data,analysis/e_e_maassim_rq2/subfleets/n2/nearest_n2_s6_trips.csv,9871,96668f79c7ff73e5e17954e76d63b5aa0852383a270e99ef42d42b738cdf1a3e
experiment-data,analysis/e_e_maassim_rq2/subfleets/n2/nearest_n2_s7_driver_events.csv,5671,c26a0e4804022e5769d647017f019fb34d867b8a7240e7bedd6b0fa26dd5828b
experiment-data,analysis/e_e_maassim_rq2/subfleets/n2/nearest_n2_s7_passenger_events.csv,1303,3c215baa67c160285bc85d110a5264a5b652d223e1d089171022a87af43a75a4
experiment-data,analysis/e_e_maassim_rq2/subfleets/n2/nearest_n2_s7_personas.json,728,4fbf3071530d3e42447ee20ea13b7f5486bf29bb3240f3e2f32243c7e90f175d
experiment-data,analysis/e_e_maassim_rq2/subfleets/n2/nearest_n2_s7_queue_snapshots.jsonl,48019,a868ea7067eb8be5bd041a6df9260afb41c4865001957a20ac8a55f512c5d571
experiment-data,analysis/e_e_maassim_rq2/subfleets/n2/nearest_n2_s7_rides.csv,7347,f25b8f8ba0eeac2ffd503435db441469af4c741f0b1fecec71b374ea03904562
experiment-data,analysis/e_e_maassim_rq2/subfleets/n2/nearest_n2_s7_summary.json,2649,2394a16a63f9f54ea5d44e98bc34a548c5d7a0dc94bec3382d0ce5189a4550bc
experiment-data,analysis/e_e_maassim_rq2/subfleets/n2/nearest_n2_s7_trips.csv,10903,39ecb70fa2b139d0511c702fa71123137fcd2a5b300c0ab467ac5f40c8c5533e
experiment-data,analysis/e_e_maassim_rq2/subfleets/n2/nearest_n2_s8_driver_events.csv,4275,e9472b1be23874315a8acfa5b5310b1aefb62b91060d26b93146f08d9e26c4a2
experiment-data,analysis/e_e_maassim_rq2/subfleets/n2/nearest_n2_s8_passenger_events.csv,1327,4be34c2eebb587020dae99fec563e352d6bcc2f9d7cdfc7099c467b75d34fb57
experiment-data,analysis/e_e_maassim_rq2/subfleets/n2/nearest_n2_s8_personas.json,728,14bfbd680a3af6244f04bc7694b2bfc5f07071e53322606c4f90e21a4dfb59f5
experiment-data,analysis/e_e_maassim_rq2/subfleets/n2/nearest_n2_s8_queue_snapshots.jsonl,40095,bfbe5601dc3e11e26501b6f9e2f8e735d954fb83afeac1465c54dd18f2883fe7
experiment-data,analysis/e_e_maassim_rq2/subfleets/n2/nearest_n2_s8_rides.csv,7020,362738511861376400422dd6badc0d2823c54e8e9c4beeb64a14c6d607f7a984
experiment-data,analysis/e_e_maassim_rq2/subfleets/n2/nearest_n2_s8_summary.json,2662,63491e26d0fc67d265e869a66588c90f4a88c6efcb352439b8af5aa9cd5dea91
experiment-data,analysis/e_e_maassim_rq2/subfleets/n2/nearest_n2_s8_trips.csv,10742,5c3e0c0d1575f459d0b106d2cf1771ad92345a9d1f30b377854429ab6c5c70d7
experiment-data,analysis/e_e_maassim_rq2/subfleets/n2/nearest_n2_s9_driver_events.csv,5941,48c32297b9dd987f68a26880d306fda9a376e8f3a5319a3861a53c04021d9cb3
experiment-data,analysis/e_e_maassim_rq2/subfleets/n2/nearest_n2_s9_passenger_events.csv,1312,3a73821693215fb0a2b545a37cdfea47eec62e9a245fcfb71f0e11590cfb30a0
experiment-data,analysis/e_e_maassim_rq2/subfleets/n2/nearest_n2_s9_personas.json,728,5fea572a9c5fca03609f77221d5da8185a06080434cae7361358551950610e67
experiment-data,analysis/e_e_maassim_rq2/subfleets/n2/nearest_n2_s9_queue_snapshots.jsonl,44923,1fbadc47f94ed3a30d05e6788888b32d9c36f004164ba15d12030611ccb92e9e
experiment-data,analysis/e_e_maassim_rq2/subfleets/n2/nearest_n2_s9_rides.csv,7752,dcc937daeea51961d8643a021291508f8e25058d9aa70c2b87dcbfe424b5d739
experiment-data,analysis/e_e_maassim_rq2/subfleets/n2/nearest_n2_s9_summary.json,2635,553442843cd9a953c130e659bc75e60b0b94cf200d847f27b50665ec50b29569
experiment-data,analysis/e_e_maassim_rq2/subfleets/n2/nearest_n2_s9_trips.csv,11267,ee68a4429333326732ef277044470c7848d65f49c18951e1ef3f884a9c4fce76
experiment-data,analysis/e_e_maassim_rq2/subfleets/n3/nearest_n3_s0_driver_events.csv,6935,65ede428228a57bca261e90696bbebc4fae304c7780306fa6090878fdd858c42
experiment-data,analysis/e_e_maassim_rq2/subfleets/n3/nearest_n3_s0_passenger_events.csv,2025,7998736ab25f8826f97b704ca96c744e22a363968b587e7cb2e88fcfd72ca2e5
experiment-data,analysis/e_e_maassim_rq2/subfleets/n3/nearest_n3_s0_personas.json,958,8adf6fcd84bda7afab0f88ffa2f720d925b3a30ddfc72616c4e4a7248313b160
experiment-data,analysis/e_e_maassim_rq2/subfleets/n3/nearest_n3_s0_queue_snapshots.jsonl,52852,ff7d4d58f06aa877a3a037543b3e4cc6ddf4e0ec38ed7aab715ddd31e3c6b7cc
experiment-data,analysis/e_e_maassim_rq2/subfleets/n3/nearest_n3_s0_rides.csv,9685,5186e980b30d92e258f959081b04d27d6711817d9a5d986087e6eccd158b61f2
experiment-data,analysis/e_e_maassim_rq2/subfleets/n3/nearest_n3_s0_summary.json,2714,cb50528ce248ded07b5e612019259dfeb29599162af98907ede797b9d2eeca24
experiment-data,analysis/e_e_maassim_rq2/subfleets/n3/nearest_n3_s0_trips.csv,12420,594475b084d8623c62e928ce9df55ddd573ac4c0a705a4b2df2f625236919e5a
experiment-data,analysis/e_e_maassim_rq2/subfleets/n3/nearest_n3_s1_driver_events.csv,6946,358e94bed05cd2db4dc004018b4841db9ffc167db032830f49d90f6ce031e20b
experiment-data,analysis/e_e_maassim_rq2/subfleets/n3/nearest_n3_s1_passenger_events.csv,2017,2f6366aad3168bac2c6288ba3028ada6fa6237d361eaca510c87ceb269c30083
experiment-data,analysis/e_e_maassim_rq2/subfleets/n3/nearest_n3_s1_personas.json,957,db56a9ee80fa50ae3c15921fba320fdcdd2d22165a15ae073d14335e2e566385
experiment-data,analysis/e_e_maassim_rq2/subfleets/n3/nearest_n3_s1_queue_snapshots.jsonl,48135,08b3edc30b3ec376d8e2ca2ac2459776fe27e2fabafa0d1414155a6b34b42ff0
experiment-data,analysis/e_e_maassim_rq2/subfleets/n3/nearest_n3_s1_rides.csv,9267,773275eed50ccf17f53e397b8262dfbd10b6b3133f24c1d2a9747774bf693b82
experiment-data,analysis/e_e_maassim_rq2/subfleets/n3/nearest_n3_s1_summary.json,2745,f14f3203782d94efa15ec5a9985d21269d3a8b295c1c66d66af1239539c746c7
experiment-data,analysis/e_e_maassim_rq2/subfleets/n3/nearest_n3_s1_trips.csv,11934,697c20c6d9ad92a3d94c002fed14bce893be69d1a20700bedcdb8d4a3545e8c7
experiment-data,analysis/e_e_maassim_rq2/subfleets/n3/nearest_n3_s2_driver_events.csv,4976,4adac25223ae214cf2de3204ab11e7dc75552bd4e1559abb4e60d30a670fee54
experiment-data,analysis/e_e_maassim_rq2/subfleets/n3/nearest_n3_s2_passenger_events.csv,2087,aad14e3f8947d94d98445b1cc7942bb6c96a8303f97251d1d2c9ab20a5693cb6
experiment-data,analysis/e_e_maassim_rq2/subfleets/n3/nearest_n3_s2_personas.json,1020,10a417f9b8475a48583443335ec4fcb271435b2eb6123df6ee4d0204370cf8a9
experiment-data,analysis/e_e_maassim_rq2/subfleets/n3/nearest_n3_s2_queue_snapshots.jsonl,43513,14c16970ece69eff2cb160f626063ca27ffc121ae9f57a217e6140402d9e1c09
experiment-data,analysis/e_e_maassim_rq2/subfleets/n3/nearest_n3_s2_rides.csv,10094,b88faee4d2ba9292f269b0dea3fa98c82d59f18c238d1b4c52fc8d24c20b9b0e
experiment-data,analysis/e_e_maassim_rq2/subfleets/n3/nearest_n3_s2_summary.json,2749,c9dc7267237a4f1d3b718783ac615cd5ccc645652f9fcd949a549515442c9526
experiment-data,analysis/e_e_maassim_rq2/subfleets/n3/nearest_n3_s2_trips.csv,12836,d730889ceb5e9ebc29f1aa64ab27aa366d7ed352d5c12ddf7d4aaef0c06d06ad
experiment-data,analysis/e_e_maassim_rq2/subfleets/n3/nearest_n3_s3_driver_events.csv,6201,230fe999a12b69a84fa8eae1d2379e3320b4a75296aa898f8420fda39baf4acc
experiment-data,analysis/e_e_maassim_rq2/subfleets/n3/nearest_n3_s3_passenger_events.csv,1854,2fe9fdc7828d1a8900cd4296d17aa21d482ceb459bde3e2136899d6754001019
experiment-data,analysis/e_e_maassim_rq2/subfleets/n3/nearest_n3_s3_personas.json,915,fad8c56becb56a6db2f87572ff704d3d81cf39203b19f11b6c8a7a8f7bce4820
experiment-data,analysis/e_e_maassim_rq2/subfleets/n3/nearest_n3_s3_queue_snapshots.jsonl,50658,f61d08b3147efc8def50170bb31f06c0487c627df404f4661cb033661028cb10
experiment-data,analysis/e_e_maassim_rq2/subfleets/n3/nearest_n3_s3_rides.csv,9568,8cc8b5756eaeae288982421de90f025b497c319962b25c4f8f72a922caae8cbb
experiment-data,analysis/e_e_maassim_rq2/subfleets/n3/nearest_n3_s3_summary.json,2752,f214d8228f986e09911a7a22d42b8bf9f91e2b77185cc5dfd187171ef2d4f1ee
experiment-data,analysis/e_e_maassim_rq2/subfleets/n3/nearest_n3_s3_trips.csv,12564,ee3e9e77d95dd7ec6fdeda3c7b34b07f3e8baf4cca338d29768cf347db23faa5
experiment-data,analysis/e_e_maassim_rq2/subfleets/n3/nearest_n3_s4_driver_events.csv,7214,0c801c0e9be088e4bcd492324df94111e0cc07c1934e64fd45ec966f40ca72eb
experiment-data,analysis/e_e_maassim_rq2/subfleets/n3/nearest_n3_s4_passenger_events.csv,1732,95d05d0b3834d058953e864861b1b555a3da6ed253f35b962628f279eb2a4945
experiment-data,analysis/e_e_maassim_rq2/subfleets/n3/nearest_n3_s4_personas.json,875,43fb61be5655443b4b3f07e3dfbcd92995fd19b955ab6f10da9d069306215edd
experiment-data,analysis/e_e_maassim_rq2/subfleets/n3/nearest_n3_s4_queue_snapshots.jsonl,52450,fd5d68a38a1271e78a6723a8459ed5344482f48bb0a3b4a53eedf5fda7478a2a
experiment-data,analysis/e_e_maassim_rq2/subfleets/n3/nearest_n3_s4_rides.csv,8733,e42005ef05273cca6e7f1cfc37a28664328c706160636cce3ce5accc04c8ac19
experiment-data,analysis/e_e_maassim_rq2/subfleets/n3/nearest_n3_s4_summary.json,2736,346c7067274b2ab4978a23afb02f939bd37b4f915f27e0d6f4a6dcd7eb857463
experiment-data,analysis/e_e_maassim_rq2/subfleets/n3/nearest_n3_s4_trips.csv,11775,7312049d758c73e9766236f783a7dd18143bf578d8af771053f4ddbc216f390e
experiment-data,analysis/e_e_maassim_rq2/subfleets/n3/nearest_n3_s5_driver_events.csv,6094,7977a03fa5a719ab14c5f7c02bfb023e4c02043b1c55f213ee9fdf3056d01ddc
experiment-data,analysis/e_e_maassim_rq2/subfleets/n3/nearest_n3_s5_passenger_events.csv,2277,03e572720515fd72e0d91806a7e86a3191853a6c2f8e0838b1b20a10a603bc6b
experiment-data,analysis/e_e_maassim_rq2/subfleets/n3/nearest_n3_s5_personas.json,1020,5dc68d07a3571d9cb07cf786f946bc76fa238bd164ca3e7e70238c0f6633a8f6
experiment-data,analysis/e_e_maassim_rq2/subfleets/n3/nearest_n3_s5_queue_snapshots.jsonl,47282,870043ed96b5284a5e4b5b469109c3df2bcfc61bce66a006e23a9e4699f89c2d
experiment-data,analysis/e_e_maassim_rq2/subfleets/n3/nearest_n3_s5_rides.csv,8567,ff337d60881b3c647fab8849a6b391cafdb66e0284e862ddf484f13d09f86520
experiment-data,analysis/e_e_maassim_rq2/subfleets/n3/nearest_n3_s5_summary.json,2694,2a9261eb824f6c8e9b778ec20e3ae3135a44d47c8e2717ea9ee85b8e75619a55
experiment-data,analysis/e_e_maassim_rq2/subfleets/n3/nearest_n3_s5_trips.csv,10950,72334f74a471f94fd94eaef0c6127874657765ee2f08bdf4e743961ef1e9d2b9
experiment-data,analysis/e_e_maassim_rq2/subfleets/n3/nearest_n3_s6_driver_events.csv,5172,5c29edd5c8c6bc3b1f037caed9e3fd98d8d2cc5a762e7ce3147f18db3bffab6a
experiment-data,analysis/e_e_maassim_rq2/subfleets/n3/nearest_n3_s6_passenger_events.csv,2290,35f5be8a978e24a4c2205a0b8ae9e137a94fba1040feb8a9b49cb84abfb7c508
experiment-data,analysis/e_e_maassim_rq2/subfleets/n3/nearest_n3_s6_personas.json,1042,2a04d6aec6e98da97f613cfd7593f3d79786f284f7aaacb1cb884d45e9211035
experiment-data,analysis/e_e_maassim_rq2/subfleets/n3/nearest_n3_s6_queue_snapshots.jsonl,43501,edbd42495522d99fc32895bf0dd6f8fa62d7d08d7537ec5f4d972a6d92e24dc0
experiment-data,analysis/e_e_maassim_rq2/subfleets/n3/nearest_n3_s6_rides.csv,8731,474271dd4201d5093f80dc518a93e929e1ddf6d4f861b657f1ea3581840118bf
experiment-data,analysis/e_e_maassim_rq2/subfleets/n3/nearest_n3_s6_summary.json,2732,120af0daff7ba5aee5e3125d6d9893235a76f083dcdd42689afc90fd300895f8
experiment-data,analysis/e_e_maassim_rq2/subfleets/n3/nearest_n3_s6_trips.csv,11146,849896920bf5bd1cc10c6263355f7bf071b03fec40d1a3d124bbc3c41a3792c1
experiment-data,analysis/e_e_maassim_rq2/subfleets/n3/nearest_n3_s7_driver_events.csv,7496,b7650d11bd18e9a2ac996c6211fb04262b9331f73d7e19e53bb6f241caea442d
experiment-data,analysis/e_e_maassim_rq2/subfleets/n3/nearest_n3_s7_passenger_events.csv,1758,d62efd6d9718b1087e12fb59426aad1294139ee9387ae223e31cb5d258958547
experiment-data,analysis/e_e_maassim_rq2/subfleets/n3/nearest_n3_s7_personas.json,894,bcd5f55d075d2a56272301aee366b424a5d0f6a90ce598866b1c20f6ea263643
experiment-data,analysis/e_e_maassim_rq2/subfleets/n3/nearest_n3_s7_queue_snapshots.jsonl,50062,d5da11f3d62b0b5c7665a1d6108d9b3ceb6a5f370d234009e5a2e62344ace7d4
experiment-data,analysis/e_e_maassim_rq2/subfleets/n3/nearest_n3_s7_rides.csv,9593,a789208bb106fba2d024e39216da16d62ab6930dadb44f8bff7324d4ab03b918
experiment-data,analysis/e_e_maassim_rq2/subfleets/n3/nearest_n3_s7_summary.json,2698,703865342a63c08dfe7116d991ba21a037c4fe87d415c8700ea44d9cddfb2d41
experiment-data,analysis/e_e_maassim_rq2/subfleets/n3/nearest_n3_s7_trips.csv,12547,df744600fb407289c6bf3edee01d8b468af1101dcdcf7d334aaaf63d06e56824
experiment-data,analysis/e_e_maassim_rq2/subfleets/n3/nearest_n3_s8_driver_events.csv,6328,f86a8f978fdfaf27a3b17625839c4c3a7d4cfea797800a3f7ea1753e4f6d970b
experiment-data,analysis/e_e_maassim_rq2/subfleets/n3/nearest_n3_s8_passenger_events.csv,1692,dead9723c41c9bee63af90ea5dfc6436d916cd35c25d10101a27478417e3ed44
experiment-data,analysis/e_e_maassim_rq2/subfleets/n3/nearest_n3_s8_personas.json,872,6b4e44c07a29beb91b4190b479876e49377630152632b502162b11843d8912b9
experiment-data,analysis/e_e_maassim_rq2/subfleets/n3/nearest_n3_s8_queue_snapshots.jsonl,51079,57f1bea3797af0f4c85fa3ae1916936007fa21308481499f1e80f05e66479f7c
experiment-data,analysis/e_e_maassim_rq2/subfleets/n3/nearest_n3_s8_rides.csv,9892,53ef07f01a2abd14157971fc43bb4faf2ffd2d06555b41de3db2ffac50aa7bbc
experiment-data,analysis/e_e_maassim_rq2/subfleets/n3/nearest_n3_s8_summary.json,2742,fdfc708c527a32c0365e726c588a3e6272b1d34df32eff6b4e536151f6d6fba0
experiment-data,analysis/e_e_maassim_rq2/subfleets/n3/nearest_n3_s8_trips.csv,13136,fb34cba34e9e331b6dae213266af414f961148dea64c0f48e4324cbe01a5a324
experiment-data,analysis/e_e_maassim_rq2/subfleets/n3/nearest_n3_s9_driver_events.csv,6487,e1573685fbc6f249d0ee3e219f7a088fff5bd5bab4f87229311528598bacc568
experiment-data,analysis/e_e_maassim_rq2/subfleets/n3/nearest_n3_s9_passenger_events.csv,1871,fc29216e1d993594671db812746694ee748d8342332e4a3f5622a708ed3ff9b2
experiment-data,analysis/e_e_maassim_rq2/subfleets/n3/nearest_n3_s9_personas.json,935,099921aff7a3eb575ee9b473f8e7bfe7c5aecccdf0b0b37ca8e2422ab610105d
experiment-data,analysis/e_e_maassim_rq2/subfleets/n3/nearest_n3_s9_queue_snapshots.jsonl,48551,d3548c5bd5e672b5183140620c0152987bfc22d1c03989180d2a4fb85e0df4e1
experiment-data,analysis/e_e_maassim_rq2/subfleets/n3/nearest_n3_s9_rides.csv,10871,ad761704d1376af4a4441991ae8fe7e289586e0b2cf17760b1e4af362ae5637a
experiment-data,analysis/e_e_maassim_rq2/subfleets/n3/nearest_n3_s9_summary.json,2722,cdcaf7ec0a68e63bbc149700ccf4bc5dd6e425bb5a30667fe9eced99f05accd6
experiment-data,analysis/e_e_maassim_rq2/subfleets/n3/nearest_n3_s9_trips.csv,13848,586e29d6c455ee376c11a3ffaa8bb042176b3cc326a0aeb37da66b28b7c07a00
experiment-data,analysis/e_e_maassim_rq2/subfleets/n4/nearest_n4_s0_driver_events.csv,6790,fa17207faf79c272b6a20d510cdd6cd5e9b726290acac095afd9936ac1585390
experiment-data,analysis/e_e_maassim_rq2/subfleets/n4/nearest_n4_s0_passenger_events.csv,2608,78e4e6f7dc4f9608415d88a5838341f9bf15fc991ce1636d10d0d9ef8518f0d2
experiment-data,analysis/e_e_maassim_rq2/subfleets/n4/nearest_n4_s0_personas.json,1165,2610dfec863c122e1869255e1a4fdefdce0ad1527bc2ba56315c8116ed25cb8a
experiment-data,analysis/e_e_maassim_rq2/subfleets/n4/nearest_n4_s0_queue_snapshots.jsonl,48544,8e012d969a8b94cc949ed8dfc84fa7da8e6a57d51a5d6723f34621226d198897
experiment-data,analysis/e_e_maassim_rq2/subfleets/n4/nearest_n4_s0_rides.csv,10389,441825eda4bbb121c2da613884a5a1ed4fbf8263269fa6e7bb47408af4709a27
experiment-data,analysis/e_e_maassim_rq2/subfleets/n4/nearest_n4_s0_summary.json,2683,91ab35a92f2293c34b2cdaf935ac4e4dd898a726e385de54e5975e69c057f6de
experiment-data,analysis/e_e_maassim_rq2/subfleets/n4/nearest_n4_s0_trips.csv,12351,77b6ac8ba82cfa0538ff749b6e7393804963cd56c09c81b5631064f1cdeaf645
experiment-data,analysis/e_e_maassim_rq2/subfleets/n4/nearest_n4_s1_driver_events.csv,7394,65d5f71f2c063b15c9f6b1043b20e7691ff674ac0791ff5833a01241b387f05e
experiment-data,analysis/e_e_maassim_rq2/subfleets/n4/nearest_n4_s1_passenger_events.csv,2725,0e8e97a054aa22402263c53dff381462b836c69f6c5da8e75b62cab5fac49153
experiment-data,analysis/e_e_maassim_rq2/subfleets/n4/nearest_n4_s1_personas.json,1186,6d6ecdb2f6f8c3ef6347a9e4f1360efb3083dbeaafd30d174dc5c7fae505c34c
experiment-data,analysis/e_e_maassim_rq2/subfleets/n4/nearest_n4_s1_queue_snapshots.jsonl,50850,5a75899360e547b42166c38d21704e2112aa0653a7381aaf68e2971144fd6aba
experiment-data,analysis/e_e_maassim_rq2/subfleets/n4/nearest_n4_s1_rides.csv,10595,1d8c8d5b67327a67474ff054ed62c9c8ff79e8d5757ade54585063df80ce1804
experiment-data,analysis/e_e_maassim_rq2/subfleets/n4/nearest_n4_s1_summary.json,2679,5461bf3e5a7e2995294edcdf453b8793e4970b41fed47a463199e65d36591989
experiment-data,analysis/e_e_maassim_rq2/subfleets/n4/nearest_n4_s1_trips.csv,12415,d7801e3924740cab34eb303e9bb5b9a739d28d6e5df96e339c9d0f25b00254fa
experiment-data,analysis/e_e_maassim_rq2/subfleets/n4/nearest_n4_s2_driver_events.csv,6147,c4322ea2bad54e38fd5e9707c3d13fa252b2b9ca0701fe381a3f3af79c4b90f6
experiment-data,analysis/e_e_maassim_rq2/subfleets/n4/nearest_n4_s2_passenger_events.csv,2466,46e458a2b3d1aa67042ee036938c919097270e9c3bb3ad4a00ce592cb7f5a8cd
experiment-data,analysis/e_e_maassim_rq2/subfleets/n4/nearest_n4_s2_personas.json,1145,bca699e3964f2a877f7415e3a276ec641a01161c8a70b56d4ed92ecaaaf34136
experiment-data,analysis/e_e_maassim_rq2/subfleets/n4/nearest_n4_s2_queue_snapshots.jsonl,42636,9465004b5788e68ab02fd9d62bd6aff872efa77f85d8c9f839fe375f6167e422
experiment-data,analysis/e_e_maassim_rq2/subfleets/n4/nearest_n4_s2_rides.csv,10774,0e333a0a4479196cc115cd0756ff37f9d8439876014d2b3b550c02d5e93e49b4
experiment-data,analysis/e_e_maassim_rq2/subfleets/n4/nearest_n4_s2_summary.json,2681,f172e39e91a721aff359d1a7d53ea0e85a5c86b671883a9774872d26ac85cbe8
experiment-data,analysis/e_e_maassim_rq2/subfleets/n4/nearest_n4_s2_trips.csv,12957,7fcb2ce74a8226e94b4e6e89a16e25c15d7926825c33b4ac1b94f174575a433b
experiment-data,analysis/e_e_maassim_rq2/subfleets/n4/nearest_n4_s3_driver_events.csv,7748,b873a6e9a0f99d913c3545c180ebcc5bc20118f22aa6805c57f3d2ba188e9e69
experiment-data,analysis/e_e_maassim_rq2/subfleets/n4/nearest_n4_s3_passenger_events.csv,2208,ab240a61d206fbeaa245b71d9d6c7f670a3462b3e3c08381b387887b31e2bc36
experiment-data,analysis/e_e_maassim_rq2/subfleets/n4/nearest_n4_s3_personas.json,1040,47a7deac3fb79daea78e9a4ee4c0db78f873ddfbfb10d853abd776357ece444a
experiment-data,analysis/e_e_maassim_rq2/subfleets/n4/nearest_n4_s3_queue_snapshots.jsonl,60301,aec9d3bc50137c1b45a7a59d345563b73fd570457d30ee7db80ec29e9aa0edb6
experiment-data,analysis/e_e_maassim_rq2/subfleets/n4/nearest_n4_s3_rides.csv,11295,1a39acb33918964b5cafcb0f43e2c137d92ba40f6d02965c33e26a4970ae66b0
experiment-data,analysis/e_e_maassim_rq2/subfleets/n4/nearest_n4_s3_summary.json,2670,ce01a2c9a75fd9019355cdeeed20f8263bfd6078412cf68b48002bdcf5eb756f
experiment-data,analysis/e_e_maassim_rq2/subfleets/n4/nearest_n4_s3_trips.csv,13757,9f3a98eefca8b74870451f6b74994e7c6783c6b174a817e07ae2108c29df2538
experiment-data,analysis/e_e_maassim_rq2/subfleets/n4/nearest_n4_s4_driver_events.csv,8808,387c7ef3559c7788b2ada971960bd9b3d803958cdcd71262411c585dec19f1a4
experiment-data,analysis/e_e_maassim_rq2/subfleets/n4/nearest_n4_s4_passenger_events.csv,1854,19255cbaa51c890db4a441ed3b2638c2242f3b0659cb0125c9e9fa23eb95a99f
experiment-data,analysis/e_e_maassim_rq2/subfleets/n4/nearest_n4_s4_personas.json,935,c0dc318f01889f60c16265d20e18328b55bca065c7e2ffab5293644c9314a5ae
experiment-data,analysis/e_e_maassim_rq2/subfleets/n4/nearest_n4_s4_queue_snapshots.jsonl,60042,3a6ed73ceeef557e99bfd1813eb14cfc7feb7fec074daa7828dd11a82a1b6d61
experiment-data,analysis/e_e_maassim_rq2/subfleets/n4/nearest_n4_s4_rides.csv,10812,c490742ac77d03fea2c12584a1001387ea6285cf99dea69d9623a4eb83b5ee20
experiment-data,analysis/e_e_maassim_rq2/subfleets/n4/nearest_n4_s4_summary.json,2679,6cd1f280ca76fb8033406383066481ddf86e0531095136ffb5933e9bdef3f19e
experiment-data,analysis/e_e_maassim_rq2/subfleets/n4/nearest_n4_s4_trips.csv,13684,3a21adc2b1fede7655e7032d1c390327ba2ccd3b75abc3c68f085cb3f8dcf68e
experiment-data,analysis/e_e_maassim_rq2/subfleets/n4/nearest_n4_s5_driver_events.csv,7400,c23dbf66e5bd28e97a901278a1de9d7da8fcff1ee33a77d6a1a79350c294ffaf
experiment-data,analysis/e_e_maassim_rq2/subfleets/n4/nearest_n4_s5_passenger_events.csv,2292,52f44d702434ce08ebd4227a7f238bf4241d2b67f22928a7327a7f9b43c8a67f
experiment-data,analysis/e_e_maassim_rq2/subfleets/n4/nearest_n4_s5_personas.json,1060,7ac48ebc484f79819cf043299d02858cf7a60dbf54add45b3de04449c0fee642
experiment-data,analysis/e_e_maassim_rq2/subfleets/n4/nearest_n4_s5_queue_snapshots.jsonl,51081,d2b12d04bc62d60ac19f53491a5d3278f1a310f254a41eae93a5b7f8f5b21926
experiment-data,analysis/e_e_maassim_rq2/subfleets/n4/nearest_n4_s5_rides.csv,10326,4cf5fc5e215cdca9c7c3fe357e081bafc725a576cedb5bc7f6883c7f38daa6e1
experiment-data,analysis/e_e_maassim_rq2/subfleets/n4/nearest_n4_s5_summary.json,2694,70c09c6c66842d3a2f3cffe6978bc4843b64ef20d7c59f692a5ed7d25dbeeeab
experiment-data,analysis/e_e_maassim_rq2/subfleets/n4/nearest_n4_s5_trips.csv,12677,67c0ee60b61dfcdbd1ba8b5edb63cba4574663984e49af1f6c22450f6c7a5a2d
experiment-data,analysis/e_e_maassim_rq2/subfleets/n4/nearest_n4_s6_driver_events.csv,5968,5ceb9939c90ef2fe290ae9be497dad642c56399f67adb8ca0a43f3a981c476bd
experiment-data,analysis/e_e_maassim_rq2/subfleets/n4/nearest_n4_s6_passenger_events.csv,2505,ae269be3fe06b92d1cd4953fdc81e5036d1609c0997491452936742478e88c59
experiment-data,analysis/e_e_maassim_rq2/subfleets/n4/nearest_n4_s6_personas.json,1144,48ae237d399e7c712508fb7706dcf0c3e161dc0af390cc4e28186d8d9858a32a
experiment-data,analysis/e_e_maassim_rq2/subfleets/n4/nearest_n4_s6_queue_snapshots.jsonl,45936,fd14f1cf1529fea1c462a8a432c59682c399f73f52192d9ee0ce2e15dc7e9408
experiment-data,analysis/e_e_maassim_rq2/subfleets/n4/nearest_n4_s6_rides.csv,10468,fc4832ef338272a7dd45c108e1c654d3b5f7a548db2962768af24407f172034f
experiment-data,analysis/e_e_maassim_rq2/subfleets/n4/nearest_n4_s6_summary.json,2683,7c3e61a9c247c18447df54c5754d24478b03b2eb91b371cf110c23ba26208888
experiment-data,analysis/e_e_maassim_rq2/subfleets/n4/nearest_n4_s6_trips.csv,12548,fa12a2abdeb495b04c8ffcc4829947bd50ed15fe103002e638020afe39944f0f
experiment-data,analysis/e_e_maassim_rq2/subfleets/n4/nearest_n4_s7_driver_events.csv,7699,e6daf11e4ca95b52d14a28fbc0beac96d20cd8045f8de01198686d9e7f65aa85
experiment-data,analysis/e_e_maassim_rq2/subfleets/n4/nearest_n4_s7_passenger_events.csv,1978,6b93a759be8411d9414de6db2a4e464899c9ab4b01eedd937ec8ec6fc77edc7c
experiment-data,analysis/e_e_maassim_rq2/subfleets/n4/nearest_n4_s7_personas.json,998,e390c99a8536018add03c95e93122fd749834450215a44e8433200d8a2cced35
experiment-data,analysis/e_e_maassim_rq2/subfleets/n4/nearest_n4_s7_queue_snapshots.jsonl,52273,cabae7c7ae315a8a932eb3275b5971423f856c27043ac6b1f2fb5e7d209a522d
experiment-data,analysis/e_e_maassim_rq2/subfleets/n4/nearest_n4_s7_rides.csv,11183,aa7070366c7f07c2fdfa0931deee12b2f3fda401ee7a388bd65d71aea5269c85
experiment-data,analysis/e_e_maassim_rq2/subfleets/n4/nearest_n4_s7_summary.json,2694,4025f654590e55371d4b7f94d66aef3fcc97864b5dea4f87e2eedf7a634a0b3e
experiment-data,analysis/e_e_maassim_rq2/subfleets/n4/nearest_n4_s7_trips.csv,13829,b979ba2508933b32bd6822b7c5255ff0bb8329f1c9b084df76612834e571e2f5
experiment-data,analysis/e_e_maassim_rq2/subfleets/n4/nearest_n4_s8_driver_events.csv,7682,0bb9898c77f46896ae208c4e72d14894bbab48845eb3209868320852b4e98ba4
experiment-data,analysis/e_e_maassim_rq2/subfleets/n4/nearest_n4_s8_passenger_events.csv,2023,50a56ba0f905f4645397196fd9026bf1dd6db59cd190132897b63f7b4eedc421
experiment-data,analysis/e_e_maassim_rq2/subfleets/n4/nearest_n4_s8_personas.json,997,0796532498225a576fea8174b21e79a7768372d5b9b8a22d229d09d44384f192
experiment-data,analysis/e_e_maassim_rq2/subfleets/n4/nearest_n4_s8_queue_snapshots.jsonl,57169,a5cd35edf97cbf3295f5c792e90487d5b2b180ade688e62dd62d0657a2ba2675
experiment-data,analysis/e_e_maassim_rq2/subfleets/n4/nearest_n4_s8_rides.csv,11829,58f08e1d99a1d3c4239e3754532c41b3aaabc6f456be9b747d5b735e61777d58
experiment-data,analysis/e_e_maassim_rq2/subfleets/n4/nearest_n4_s8_summary.json,2683,ffa30e1523e740f97e34acd6de014c9940c332628978541a463f83cc9052e44b
experiment-data,analysis/e_e_maassim_rq2/subfleets/n4/nearest_n4_s8_trips.csv,14628,56165e05171c17d222b66b88bf6b6211876304fe5e7cadd9af73750ad54fcd09
experiment-data,analysis/e_e_maassim_rq2/subfleets/n4/nearest_n4_s9_driver_events.csv,6451,55c417e291ac0362aa488dbdfc603a0e7289f892b18381b27a1adaa80c1de64d
experiment-data,analysis/e_e_maassim_rq2/subfleets/n4/nearest_n4_s9_passenger_events.csv,2407,53124add3cb924ea538775e3598b2e6510308a79e46536d5289b05064fd859d8
experiment-data,analysis/e_e_maassim_rq2/subfleets/n4/nearest_n4_s9_personas.json,1102,1721effd1a3003a5211c9ab0e5e8a25cd4a4c02673404b6271b4867a171d32d1
experiment-data,analysis/e_e_maassim_rq2/subfleets/n4/nearest_n4_s9_queue_snapshots.jsonl,46644,72fc6c9383bed4fb1331a206dd0b52ff4a22fbb7fbe94942270da986f4120849
experiment-data,analysis/e_e_maassim_rq2/subfleets/n4/nearest_n4_s9_rides.csv,11221,6e7ed02dc32333137b4eef8a75df3980c9119a2387408d36802e7438e955ae3a
experiment-data,analysis/e_e_maassim_rq2/subfleets/n4/nearest_n4_s9_summary.json,2687,6871a493f309b0af716bbc761e181dd448b76296da80e1a0152baa5f6721af57
experiment-data,analysis/e_e_maassim_rq2/subfleets/n4/nearest_n4_s9_trips.csv,13545,0c9d5a5af678f3eedbb291865eb195f16299a511bd6d09589112108d14d69790
experiment-data,analysis/e_e_maassim_rq2/subfleets/n6/nearest_n6_s0_driver_events.csv,5851,ab8bd8c64c22bc404d27de89d8badb03d9203697ea77266ade032a6df82cf0e2
experiment-data,analysis/e_e_maassim_rq2/subfleets/n6/nearest_n6_s0_passenger_events.csv,2665,bc4cc31a0df38b4ad24be89d289c300e6e02230c99a34ebc1c8fb1fdcc7010f8
experiment-data,analysis/e_e_maassim_rq2/subfleets/n6/nearest_n6_s0_personas.json,1226,c4c8afe79682857565bcef2be421979923d8d0071610679a1448c5361b66ca3d
experiment-data,analysis/e_e_maassim_rq2/subfleets/n6/nearest_n6_s0_queue_snapshots.jsonl,54726,c11ccd3bec13ce3f72fcc66c8ff845963488c11920a1e17389aed643fa75691b
experiment-data,analysis/e_e_maassim_rq2/subfleets/n6/nearest_n6_s0_rides.csv,10163,3e0736f3296b4908bfdd61d80fce3077fc5814b15b7f860253a8365003d6aedc
experiment-data,analysis/e_e_maassim_rq2/subfleets/n6/nearest_n6_s0_summary.json,2678,f94ee0fa5b3fca8b9496c4933ff5f0b839d437bffc24e969f45a8bae622797e7
experiment-data,analysis/e_e_maassim_rq2/subfleets/n6/nearest_n6_s0_trips.csv,11898,44a655c54fbcbc29246814881e263d5988a5fb767b849fb146f4043edd4ecaff
experiment-data,analysis/e_e_maassim_rq2/subfleets/n6/nearest_n6_s1_driver_events.csv,7142,e47f406da684c03f24a55a85c98276dae4ef5f1891a9b820466faf40c6bd507e
experiment-data,analysis/e_e_maassim_rq2/subfleets/n6/nearest_n6_s1_passenger_events.csv,2691,3488654e06235f408f38888876cb0226102694d84acdf745c8bf34628e0055a2
experiment-data,analysis/e_e_maassim_rq2/subfleets/n6/nearest_n6_s1_personas.json,1226,07ca5637cff337fa70f5ba1da8c472ebe6c9b07b24eee0f50b46a9d96b7b02d6
experiment-data,analysis/e_e_maassim_rq2/subfleets/n6/nearest_n6_s1_queue_snapshots.jsonl,65590,0ef3675c10fde55cc4a3bf6a497a2f4d040165660b5e022282e3db21c926f095
experiment-data,analysis/e_e_maassim_rq2/subfleets/n6/nearest_n6_s1_rides.csv,10608,134654b67d5cac1688ddf71521d6a8f5f566a82f2d60e17b88e9a7bf7b7b887f
experiment-data,analysis/e_e_maassim_rq2/subfleets/n6/nearest_n6_s1_summary.json,2699,b37d660409cfa7481df3a3159740a1becaecc2e544c6f3f25eeec099df1ea492
experiment-data,analysis/e_e_maassim_rq2/subfleets/n6/nearest_n6_s1_trips.csv,12226,b3cdd6309439b9e055810578594cff96427a3297611d040ab9587ec76982c787
experiment-data,analysis/e_e_maassim_rq2/subfleets/n6/nearest_n6_s2_driver_events.csv,5886,caf0dd0e1a4c54cc01a0c2e534538441605e5c73377a03d47dca620c3c7a6cdc
experiment-data,analysis/e_e_maassim_rq2/subfleets/n6/nearest_n6_s2_passenger_events.csv,2535,eedeaeb3d6b3e77315886a5dc676c5fea9269d563e0540910d191e5961ccecbf
experiment-data,analysis/e_e_maassim_rq2/subfleets/n6/nearest_n6_s2_personas.json,1226,a2d9d278a09e0c768b761d35bda4760b2ba09f6d9a71722663f3c97dfa13abb3
experiment-data,analysis/e_e_maassim_rq2/subfleets/n6/nearest_n6_s2_queue_snapshots.jsonl,50362,4b32c54e84a60a42e58af91b8053afa7a3b8a87a2d5fe98a13ab9c049e17e2f6
experiment-data,analysis/e_e_maassim_rq2/subfleets/n6/nearest_n6_s2_rides.csv,11701,995a9904f6852e0035c799ff5566ffd17aab4388c2320d2a8479724ae4168430
experiment-data,analysis/e_e_maassim_rq2/subfleets/n6/nearest_n6_s2_summary.json,2681,ca342e503f543440b1134b4af13c280626f9479289e6068494aa02c1c8cfcbd9
experiment-data,analysis/e_e_maassim_rq2/subfleets/n6/nearest_n6_s2_trips.csv,13608,2c1dd9aea486542dde0f3e24f8fc6eb922a90e67173668708a9eff99d3d90d71
experiment-data,analysis/e_e_maassim_rq2/subfleets/n6/nearest_n6_s3_driver_events.csv,6224,2aa9c6e2aa45c2ba5521510e286e975e95513f26c52f000f94dd5c9ebf7e6108
experiment-data,analysis/e_e_maassim_rq2/subfleets/n6/nearest_n6_s3_passenger_events.csv,2533,13b2bda433fae84bf9b05496afe743f0b8b7a31021000bd295346dbaad3a3e29
experiment-data,analysis/e_e_maassim_rq2/subfleets/n6/nearest_n6_s3_personas.json,1205,fc69181382ae2a43e97cfb41be541f5653dd968aff032d0000aac3df750ab410
experiment-data,analysis/e_e_maassim_rq2/subfleets/n6/nearest_n6_s3_queue_snapshots.jsonl,52506,dcba7957b555d030357943f0f39f009816aed5f2f00924220a36bd894de510c5
experiment-data,analysis/e_e_maassim_rq2/subfleets/n6/nearest_n6_s3_rides.csv,11807,d9372c7b1d1b439ceebce7539acb932bdad97ce098ca664caed476fc4d1bf840
experiment-data,analysis/e_e_maassim_rq2/subfleets/n6/nearest_n6_s3_summary.json,2726,2c0e77f0f6509b676a9350da922842d1484cee7a2e883dc00d9c142438a567ab
experiment-data,analysis/e_e_maassim_rq2/subfleets/n6/nearest_n6_s3_trips.csv,13716,13254108bcc1d1aed5a643145007859b48c75630210362748b276e1f951ebfe0
experiment-data,analysis/e_e_maassim_rq2/subfleets/n6/nearest_n6_s4_driver_events.csv,8683,928ef65f9b1c85f4dc6fd2a97623aa5e7b54120613883f8e7772de7e9d8a3a72
experiment-data,analysis/e_e_maassim_rq2/subfleets/n6/nearest_n6_s4_passenger_events.csv,2281,e844d3fbba3e0cc8075d80d7d759ced68a7c9e31b9d7830aeda7f2ed89cf3315
experiment-data,analysis/e_e_maassim_rq2/subfleets/n6/nearest_n6_s4_personas.json,1121,01aca881757b1b1dff1b992a837acddd79c54cc6bd11fd0078a0606adb130702
experiment-data,analysis/e_e_maassim_rq2/subfleets/n6/nearest_n6_s4_queue_snapshots.jsonl,75700,3a1455d809a21167e0959bf5fa577f7289baaebc55997b628814093359e33ad1
experiment-data,analysis/e_e_maassim_rq2/subfleets/n6/nearest_n6_s4_rides.csv,11830,f4c384c296024165853a02f363ab0aa9e73b18967451597d3e493c67725d4e75
experiment-data,analysis/e_e_maassim_rq2/subfleets/n6/nearest_n6_s4_summary.json,2715,257470f12156cd091bbedd167890ea745724fdac2d612d321f9c9047f11a18fd
experiment-data,analysis/e_e_maassim_rq2/subfleets/n6/nearest_n6_s4_trips.csv,14011,d980a580cb52e1a3261d8bb363ea11602f7f932bf043b9896c361fc01e1854f6
experiment-data,analysis/e_e_maassim_rq2/subfleets/n6/nearest_n6_s5_driver_events.csv,7390,1f290d285afe08a6b2aad1e9b52f2734d959c0c39cdd06764281b2bd195e6a7e
experiment-data,analysis/e_e_maassim_rq2/subfleets/n6/nearest_n6_s5_passenger_events.csv,2529,a47c63c175cee2b8b7321b845cdb60cc2ae5fb98d2bfad34fb394042785aa16b
experiment-data,analysis/e_e_maassim_rq2/subfleets/n6/nearest_n6_s5_personas.json,1205,171866cf6d95dc85e6da63232e50d9f4bce4d5b0f27cdb9004ebea13ff8955e3
experiment-data,analysis/e_e_maassim_rq2/subfleets/n6/nearest_n6_s5_queue_snapshots.jsonl,61073,947c73d437bc7d038f11b3b5068c0e2b893b985761306961695ddb744cf3250e
experiment-data,analysis/e_e_maassim_rq2/subfleets/n6/nearest_n6_s5_rides.csv,11838,57360f4a2d8a74394354ec4b6e76f5cfc7228abf23abe7caaf3149c5ab98800c
experiment-data,analysis/e_e_maassim_rq2/subfleets/n6/nearest_n6_s5_summary.json,2749,019ec8807cdbc302823594cb66c1783f34ebac385789571608cddfc48776ade9
experiment-data,analysis/e_e_maassim_rq2/subfleets/n6/nearest_n6_s5_trips.csv,13724,bfe91f910c84d2b12aa54c534db38f9eb6d8b1f254df822db2684e6c2a6f27d1
experiment-data,analysis/e_e_maassim_rq2/subfleets/n6/nearest_n6_s6_driver_events.csv,8151,0f512fd7901dd42053ee47dd6bf3aa1e1525df9903be081ff6bec00237c2dc12
experiment-data,analysis/e_e_maassim_rq2/subfleets/n6/nearest_n6_s6_passenger_events.csv,2504,5fab3ee1bdf3629d6614e78843ee3dd4a484e2224cdb272d252f292bf12c02d7
experiment-data,analysis/e_e_maassim_rq2/subfleets/n6/nearest_n6_s6_personas.json,1205,b34afaab2764f72258c594b9f4c48b5df9b0a58a44d2aff690a1e69b3cc36510
experiment-data,analysis/e_e_maassim_rq2/subfleets/n6/nearest_n6_s6_queue_snapshots.jsonl,70695,2821e162fc09c465e11c87c2f6f4ac5e4731d41ade3c05d26b9c48f1622f0653
experiment-data,analysis/e_e_maassim_rq2/subfleets/n6/nearest_n6_s6_rides.csv,12807,e6309de11a1fbf524ff29b4c222d9f4ed9b1791695e117dc4760aa6a85368c2f
experiment-data,analysis/e_e_maassim_rq2/subfleets/n6/nearest_n6_s6_summary.json,2704,b547245978f1b5cb2d3419cbfd5d395b0d2a0d3127c35f8f431f0a316365bdb0
experiment-data,analysis/e_e_maassim_rq2/subfleets/n6/nearest_n6_s6_trips.csv,14650,3a19cc4179e9b2340f80e2ccb499bd25732990e3b70824688dd3bfad2cf374c0
experiment-data,analysis/e_e_maassim_rq2/subfleets/n6/nearest_n6_s7_driver_events.csv,8127,846f201c1e35237f3036c405e4ae5b8ee9a5471affd6964422651d4fb201efb2
experiment-data,analysis/e_e_maassim_rq2/subfleets/n6/nearest_n6_s7_passenger_events.csv,2333,30654aa55798ffc17f7a481ccb0be6c729b7c16824da34ce81c1d6b3efab3f95
experiment-data,analysis/e_e_maassim_rq2/subfleets/n6/nearest_n6_s7_personas.json,1163,ecd0e50fbf43093468f268b7dda0e3c8ecd7145c5fdd81fb83c099b59f394b3c
experiment-data,analysis/e_e_maassim_rq2/subfleets/n6/nearest_n6_s7_queue_snapshots.jsonl,68410,52210972dd727bc023b402e80892e8ddced4c3de275fe7daaa20c812424b5f6d
experiment-data,analysis/e_e_maassim_rq2/subfleets/n6/nearest_n6_s7_rides.csv,13023,61945d84400cd6951eb545ac2e89ee58ca4c1fc63a8d223f3d115f8c4bfb2637
experiment-data,analysis/e_e_maassim_rq2/subfleets/n6/nearest_n6_s7_summary.json,2729,f6137cb5557991b7be73eccc4ab973889e0d4d212e96959d2d6bdbd3825775eb
experiment-data,analysis/e_e_maassim_rq2/subfleets/n6/nearest_n6_s7_trips.csv,15121,14094abc5cffbd9fa2eee23a9fcb9dbe7c2e346d32903f79f51cb0ce3f148cc2
experiment-data,analysis/e_e_maassim_rq2/subfleets/n6/nearest_n6_s8_driver_events.csv,10525,390a9526551df23af6eebf83972b35ac59446ed960520b2a73eb2a214eeb34aa
experiment-data,analysis/e_e_maassim_rq2/subfleets/n6/nearest_n6_s8_passenger_events.csv,1989,a6a3b3fb8ac3de35e96bce3958f1002537ac3319a276c94fbd77b0f630b74891
experiment-data,analysis/e_e_maassim_rq2/subfleets/n6/nearest_n6_s8_personas.json,1037,d1e171158daf791a3d722a9d4a5afa2a393d307be56946835f996ab74974fe23
experiment-data,analysis/e_e_maassim_rq2/subfleets/n6/nearest_n6_s8_queue_snapshots.jsonl,92816,650b384165ed61d1529b445936513524f78b255fed2e1e0f3bc527239c887189
experiment-data,analysis/e_e_maassim_rq2/subfleets/n6/nearest_n6_s8_rides.csv,13305,69d86999baf692805906701203a79c53528fa4d99596ab7d15670827780666d0
experiment-data,analysis/e_e_maassim_rq2/subfleets/n6/nearest_n6_s8_summary.json,2713,b97af71a5be34166447dc930958c960738312bdf9e28f608c9c884453f85a4b7
experiment-data,analysis/e_e_maassim_rq2/subfleets/n6/nearest_n6_s8_trips.csv,15852,f1d5ddf73098ebfe5a8d43ff4eef7f9f62900a014f21ce1c954f4fc6990cbed0
experiment-data,analysis/e_e_maassim_rq2/subfleets/n6/nearest_n6_s9_driver_events.csv,5657,e89db7499ebc666764792df97e518e5363686f0e1f698616b5952c6ef74109a7
experiment-data,analysis/e_e_maassim_rq2/subfleets/n6/nearest_n6_s9_passenger_events.csv,2602,3745eb4c7868f51ee469678874bdc82fde1f30305f4f829908d67ee2484bc579
experiment-data,analysis/e_e_maassim_rq2/subfleets/n6/nearest_n6_s9_personas.json,1226,3c35d7d760c4ff2b371b70290b863c8974cb053cadc7c6c609b3a91bc65b010b
experiment-data,analysis/e_e_maassim_rq2/subfleets/n6/nearest_n6_s9_queue_snapshots.jsonl,51960,a9c250d1b1274307c8b3440ba35a7104c3b41d237c140df0ac376bc156863cca
experiment-data,analysis/e_e_maassim_rq2/subfleets/n6/nearest_n6_s9_rides.csv,11952,65c46b3a2198f352ec3738f4f0f1d2cc6820b0419d0859750e4591c2babdc9c5
experiment-data,analysis/e_e_maassim_rq2/subfleets/n6/nearest_n6_s9_summary.json,2697,e9cb161a2a10fe1c69578527a5d991713912dc82f4fd348a24d5a67b4609e5ba
experiment-data,analysis/e_e_maassim_rq2/subfleets/n6/nearest_n6_s9_trips.csv,13874,afb567e8a5e2983502055142d9c890e9da4fc546058551ee0c9c53cc6340bec1
experiment-data,analysis/e_e_maassim_rq2/subfleets/n8/nearest_n8_s0_driver_events.csv,6553,5555f70d1968a2c5ea8959e0463a43a5f70875341d411d8d9ad83083a9f1aeb2
experiment-data,analysis/e_e_maassim_rq2/subfleets/n8/nearest_n8_s0_passenger_events.csv,2604,021ae83dfef9e58669aead170be0f574ce92d5abd3c46b01077debbca6192833
experiment-data,analysis/e_e_maassim_rq2/subfleets/n8/nearest_n8_s0_personas.json,1266,2890485f92669338eb77676a17e0e39e180d0474391e676c752e51261e959ffb
experiment-data,analysis/e_e_maassim_rq2/subfleets/n8/nearest_n8_s0_queue_snapshots.jsonl,79256,25dabbbdbcab902a275502df796b11433117dadacb6598a8ab4658da33093b84
experiment-data,analysis/e_e_maassim_rq2/subfleets/n8/nearest_n8_s0_rides.csv,11264,dcd3a7419f3132130a66d3d21537bf765107739182f9a7086613548368b48e9e
experiment-data,analysis/e_e_maassim_rq2/subfleets/n8/nearest_n8_s0_summary.json,2683,a7eeada7587fe0e2d3fe0d832f5d31a4c790e16c8de5ec3ba48af17669e3143a
experiment-data,analysis/e_e_maassim_rq2/subfleets/n8/nearest_n8_s0_trips.csv,12868,1d8f4dda2c6a0a6752a1f0a73678d3848c5a41ef389a5a54ba70bf9d2f299790
experiment-data,analysis/e_e_maassim_rq2/subfleets/n8/nearest_n8_s10_driver_events.csv,7196,b48079a44803fcedba13cf78b721f6eba2d21c60350ea0e2330182db3febc510
experiment-data,analysis/e_e_maassim_rq2/subfleets/n8/nearest_n8_s10_passenger_events.csv,2586,e15c287b72a14cad76013ba8867e17e505273cae741f4b916a6e9c54881ccfa1
experiment-data,analysis/e_e_maassim_rq2/subfleets/n8/nearest_n8_s10_personas.json,1269,cdffee9bb36faef85ffe34e43207879536b82434081a0ec9e0f5a914f126c8c3
experiment-data,analysis/e_e_maassim_rq2/subfleets/n8/nearest_n8_s10_queue_snapshots.jsonl,79353,3f6d01c8751270ea2b3143f74ff5129e684781c18778e741e72a22e55bc17b6f
experiment-data,analysis/e_e_maassim_rq2/subfleets/n8/nearest_n8_s10_rides.csv,13628,82f557d9e21c599d50b519a1487769f17e3d7c1e54bc56e6c7aa2901fee0bd6a
experiment-data,analysis/e_e_maassim_rq2/subfleets/n8/nearest_n8_s10_summary.json,2670,6ec5cd7546d3f73885c96233a95d22b4196c6e006cddf6971806dbf4b054a2e4
experiment-data,analysis/e_e_maassim_rq2/subfleets/n8/nearest_n8_s10_trips.csv,15412,61f8af219f7d6b7c74589d5605b97e9855124c860a947b3730cd53158ee3deac
experiment-data,analysis/e_e_maassim_rq2/subfleets/n8/nearest_n8_s11_driver_events.csv,5982,52cab3823b21f904d9e67154ad83f39fb580d16847b9ef5c0518a1b20e2e5054
experiment-data,analysis/e_e_maassim_rq2/subfleets/n8/nearest_n8_s11_passenger_events.csv,2528,b7732feaee65c4719ca21e2fc2693627aaf0f658f96f125624614cce26b5787d
experiment-data,analysis/e_e_maassim_rq2/subfleets/n8/nearest_n8_s11_personas.json,1269,fc14662127f3fc1aa315a1e699ef3ec8bf43e0922f1d75a79b7f0278a6672e19
experiment-data,analysis/e_e_maassim_rq2/subfleets/n8/nearest_n8_s11_queue_snapshots.jsonl,69563,e860e990262303db666522ef17c5ea8328f6a694ac2839926ebd799e7cce5b33
experiment-data,analysis/e_e_maassim_rq2/subfleets/n8/nearest_n8_s11_rides.csv,12638,646f4bbc834e8c83095dc5c44ba15ab370f04bd3348557a054cccc09934236e4
experiment-data,analysis/e_e_maassim_rq2/subfleets/n8/nearest_n8_s11_summary.json,2672,bde421e3d3e6e2e30ff017c42ba04284d24377cb33a2cf2958bf6645c7746c49
experiment-data,analysis/e_e_maassim_rq2/subfleets/n8/nearest_n8_s11_trips.csv,14415,dcbae3d37bba6a55c1f4444220ff1b14e61d59c3e28a7f28b7b772e3d2605443
experiment-data,analysis/e_e_maassim_rq2/subfleets/n8/nearest_n8_s12_driver_events.csv,7656,224ac9f3dfd3075b75f679f7f058d29a5026430361536dbfe2f46fa13134dab1
experiment-data,analysis/e_e_maassim_rq2/subfleets/n8/nearest_n8_s12_passenger_events.csv,2507,8c102c868c707d8348ef284eb27830bbc49a7502887b74eeec06dfa428a959e1
experiment-data,analysis/e_e_maassim_rq2/subfleets/n8/nearest_n8_s12_personas.json,1269,11fb1530b2c347ea61569ada31bfac454c7ab298b809530617d871de7687c9ac
experiment-data,analysis/e_e_maassim_rq2/subfleets/n8/nearest_n8_s12_queue_snapshots.jsonl,77765,d1a4474a4b35a41fd11d70ace7021d12d82a45756d36cfdb517e5b71a63db0b8
experiment-data,analysis/e_e_maassim_rq2/subfleets/n8/nearest_n8_s12_rides.csv,13045,ca282c7f947327a7d3bbf5c59cad4637113cb18e1459eebe2b00bd2b5df1d7ef
experiment-data,analysis/e_e_maassim_rq2/subfleets/n8/nearest_n8_s12_summary.json,2671,8ee90aaa32a0d7f74eda389ac05d292eb60e541b8c125e8540a9aa25efe66cf4
experiment-data,analysis/e_e_maassim_rq2/subfleets/n8/nearest_n8_s12_trips.csv,14714,a2b1053e61e9e34983eccc60d2ab4949bfd3227f06a172be1ae29ae936a1c47b
experiment-data,analysis/e_e_maassim_rq2/subfleets/n8/nearest_n8_s13_driver_events.csv,4827,ee3aee72f2f0374fcb842114caca8f04a31a69e8989e1b30a71477a012c1a257
experiment-data,analysis/e_e_maassim_rq2/subfleets/n8/nearest_n8_s13_passenger_events.csv,2552,bd514c7aadac41328e40cef61d77676bf28cdbdc4d261fb34424905ccb8684f6
experiment-data,analysis/e_e_maassim_rq2/subfleets/n8/nearest_n8_s13_personas.json,1269,09fb558d7b34b8f6c8294b11c84fbbb257357a6d55b5f1bedb919986b867c0a3
experiment-data,analysis/e_e_maassim_rq2/subfleets/n8/nearest_n8_s13_queue_snapshots.jsonl,60146,3e8d34b580ab77b3111c68d62433469c1e2cb9ebf06714922f73fb57c686e11d
experiment-data,analysis/e_e_maassim_rq2/subfleets/n8/nearest_n8_s13_rides.csv,11644,73060b723a7323524c62e46a083c7136ed9bfa90263da4b035eb00ab7fdf15bd
experiment-data,analysis/e_e_maassim_rq2/subfleets/n8/nearest_n8_s13_summary.json,2679,89e3ea8111eaa475233572c1eb398477b80ee303ed066cec2358bab7fccd0e93
experiment-data,analysis/e_e_maassim_rq2/subfleets/n8/nearest_n8_s13_trips.csv,13409,14d49bfa64cbc552b68fb49ccad5346498653b2e3109e36252958d4ec4f36027
experiment-data,analysis/e_e_maassim_rq2/subfleets/n8/nearest_n8_s14_driver_events.csv,10242,6d7ff1e75cb2aaaee570c0d91f937f3b3ba390e3af25b6ebeeaf6aca1dfe96fb
experiment-data,analysis/e_e_maassim_rq2/subfleets/n8/nearest_n8_s14_passenger_events.csv,2422,783650e35252d02129b96eeaf2ab33af8537944831baa9772303c99795de2d51
experiment-data,analysis/e_e_maassim_rq2/subfleets/n8/nearest_n8_s14_personas.json,1207,df46080a71cad1eac2698491f5ea7117b11a78026f06fd17c075b0df713ca7e6
experiment-data,analysis/e_e_maassim_rq2/subfleets/n8/nearest_n8_s14_queue_snapshots.jsonl,101054,bd4b46d05aa31de17419f8b4c5c46eb37b874b2f4b41b17646efefe01b4b1832
experiment-data,analysis/e_e_maassim_rq2/subfleets/n8/nearest_n8_s14_rides.csv,14763,bfc40ff93a1326776bf2b720bd703524b1095e4945462feb11cdbc1c301da705
experiment-data,analysis/e_e_maassim_rq2/subfleets/n8/nearest_n8_s14_summary.json,2694,9c24b770a6873eda4297f900f9e233af220eabbec9e03941d51702827076dac5
experiment-data,analysis/e_e_maassim_rq2/subfleets/n8/nearest_n8_s14_trips.csv,16620,af04b68d1aec4ad1a34c690d2c7621c0ce7622db72a1b2be536ae3ddd630bddd
experiment-data,analysis/e_e_maassim_rq2/subfleets/n8/nearest_n8_s15_driver_events.csv,9245,31c50a0ab4e1faa0fada891be0b82204d3563d0c12287d06e34976aada906924
experiment-data,analysis/e_e_maassim_rq2/subfleets/n8/nearest_n8_s15_passenger_events.csv,2462,b95e1f896ecebe107dd792819148c02b96b44b1dc079308407e55a51c78a2a8d
experiment-data,analysis/e_e_maassim_rq2/subfleets/n8/nearest_n8_s15_personas.json,1248,ba352443d3de18324cf83d2e7a6ce2d5958a9b0c9c9b7bad586ab7606e964743
experiment-data,analysis/e_e_maassim_rq2/subfleets/n8/nearest_n8_s15_queue_snapshots.jsonl,94356,5873794ff2bbb3554352615f1c8df1908878ac7bdbdafc4aab275278edeaec07
experiment-data,analysis/e_e_maassim_rq2/subfleets/n8/nearest_n8_s15_rides.csv,13885,cc570f9a97285bcae6a1d83e529f39579fd35cc2994c34d5dba8100d6dad11e9
experiment-data,analysis/e_e_maassim_rq2/subfleets/n8/nearest_n8_s15_summary.json,2703,62897c6cb2c0a12011ee4ed3d1ca78aedbdca30dc48b064d71a86f26cd1a0edd
experiment-data,analysis/e_e_maassim_rq2/subfleets/n8/nearest_n8_s15_trips.csv,15686,c214ff5a32a476d0134a0eb213482fdcc1254862cc6079879de8d5911a41e6be
experiment-data,analysis/e_e_maassim_rq2/subfleets/n8/nearest_n8_s16_driver_events.csv,6451,229932c390a0626ab21ff370cfa37ccc6fa997f1b33d440aa731b3f4ad27f5ab
experiment-data,analysis/e_e_maassim_rq2/subfleets/n8/nearest_n8_s16_passenger_events.csv,2548,06165c9214aa675c82f56c91bed24fb2afb0b395c13bbf968d76ad216d87f279
experiment-data,analysis/e_e_maassim_rq2/subfleets/n8/nearest_n8_s16_personas.json,1269,71f6f6e90505d820febf7f1677fe0c049b9d0de91c6cb26c0a2be86620a4fa52
experiment-data,analysis/e_e_maassim_rq2/subfleets/n8/nearest_n8_s16_queue_snapshots.jsonl,75535,95e09507c0a19b403442f93251fe50295c849c2ce147dc3b205c29b7a90c076f
experiment-data,analysis/e_e_maassim_rq2/subfleets/n8/nearest_n8_s16_rides.csv,12699,9237ec7e9a5037b84e8ca2b889ebb2272f3d176d13676de9d2d0415d59120ce8
experiment-data,analysis/e_e_maassim_rq2/subfleets/n8/nearest_n8_s16_summary.json,2676,592adee17cfe2082ddee3750454e9cb57948f1c0721af17ee18dabb657efbf7a
experiment-data,analysis/e_e_maassim_rq2/subfleets/n8/nearest_n8_s16_trips.csv,14508,3a48fb939118a30de01a82a38320009a34a8777b0a5e02dc1416a28eb2ea1c5b
experiment-data,analysis/e_e_maassim_rq2/subfleets/n8/nearest_n8_s17_driver_events.csv,7610,8e8729773246167107d553664f42e02f8a8d204ce86dd7cde2f10e89747bed90
experiment-data,analysis/e_e_maassim_rq2/subfleets/n8/nearest_n8_s17_passenger_events.csv,2601,b837c1f71122738317329c33b310de4689b53c74076c12aaf23a61ad2d10fcd6
experiment-data,analysis/e_e_maassim_rq2/subfleets/n8/nearest_n8_s17_personas.json,1269,c449454ba0e2b0db61da18e21bbbe65b67b55bc09dd4e7b43474921c3e5574b9
experiment-data,analysis/e_e_maassim_rq2/subfleets/n8/nearest_n8_s17_queue_snapshots.jsonl,78707,45fcd2cebe3cba0244f414ad3c59bdad622e344f492038f06f4542e11598769f
experiment-data,analysis/e_e_maassim_rq2/subfleets/n8/nearest_n8_s17_rides.csv,12644,5c05f0750499900bd6c64ca140ab0624c454b431c074b842189eba023f499da4
experiment-data,analysis/e_e_maassim_rq2/subfleets/n8/nearest_n8_s17_summary.json,2674,c16fe3d7c895838f3f1820b430add3103f589195e5d66bb7b6eb4203d3003ddf
experiment-data,analysis/e_e_maassim_rq2/subfleets/n8/nearest_n8_s17_trips.csv,14266,58d9b6f52c926022807ac12240892203e833ccaa7749192b4f924986da74c604
experiment-data,analysis/e_e_maassim_rq2/subfleets/n8/nearest_n8_s18_driver_events.csv,7507,39bfc78ad3dd28953f8a81995df2379b7a45f8ef9076253600d3b7e89d23af92
experiment-data,analysis/e_e_maassim_rq2/subfleets/n8/nearest_n8_s18_passenger_events.csv,2527,2d92c57fcf46951f5f624c963b6a3ca348b1bbc77c18d0a2a1da48e1e0efac81
experiment-data,analysis/e_e_maassim_rq2/subfleets/n8/nearest_n8_s18_personas.json,1269,a05bf3c900b25b40cc35b442ad221d3968d2eeddb571bdf96ba2b3a2cde94e6b
experiment-data,analysis/e_e_maassim_rq2/subfleets/n8/nearest_n8_s18_queue_snapshots.jsonl,82676,d07c3f653f7a0fb518edf46c5577b846cde4e1ec4f4c398b2524c2ffeb7c3a3c
experiment-data,analysis/e_e_maassim_rq2/subfleets/n8/nearest_n8_s18_rides.csv,13386,13b2ca518b7914267ec33f26dcb981482ac87d7762695351e72ff15c2f206650
experiment-data,analysis/e_e_maassim_rq2/subfleets/n8/nearest_n8_s18_summary.json,2651,a32dacabdc2606deac8a9733e089cbf604eb8c2e7a1091e5009659400795ce60
experiment-data,analysis/e_e_maassim_rq2/subfleets/n8/nearest_n8_s18_trips.csv,15195,6b4c4c3145c9cdfb3a3b3c6b83e1b87af8e64eef5d4588ca1675d982657f05b7
experiment-data,analysis/e_e_maassim_rq2/subfleets/n8/nearest_n8_s19_driver_events.csv,7469,39e580300622ed469c05d2c0fc3c46b890f03394c530e491034482f9bc9debe6
experiment-data,analysis/e_e_maassim_rq2/subfleets/n8/nearest_n8_s19_passenger_events.csv,2569,2fd1e40225746b97baf7da600a1264f79cc251f10bfd850dfdc6ecf4afa94dec
experiment-data,analysis/e_e_maassim_rq2/subfleets/n8/nearest_n8_s19_personas.json,1269,6a974bba1d202d79aea9d23e661e97c661d83627a119a315624926537a978dcd
experiment-data,analysis/e_e_maassim_rq2/subfleets/n8/nearest_n8_s19_queue_snapshots.jsonl,86067,861e30e8e98204af5be7c9a4b743713ff789214d4fe283f3b51d498c50fd04be
experiment-data,analysis/e_e_maassim_rq2/subfleets/n8/nearest_n8_s19_rides.csv,12770,e083828c9c920a3dae9109fcb32212ab364b5320d27238c7f468fd9328651178
experiment-data,analysis/e_e_maassim_rq2/subfleets/n8/nearest_n8_s19_summary.json,2663,88867456e630bd8a0c8389443ff9e765a45ccfdc8d5b9c2857adc3b37b195ad9
experiment-data,analysis/e_e_maassim_rq2/subfleets/n8/nearest_n8_s19_trips.csv,14509,b2c2812f324af46adf2ff4b990fe52384ba869a0163b741ce3d17924b93f15d2
experiment-data,analysis/e_e_maassim_rq2/subfleets/n8/nearest_n8_s1_driver_events.csv,7260,fe0e3989ad4363b69bc60abd3876581fce742eeeb47846c3ea542a99c1b0e093
experiment-data,analysis/e_e_maassim_rq2/subfleets/n8/nearest_n8_s1_passenger_events.csv,2616,4d8e26a85d85fab2663bbeff91fd7fb303ec1192ac8e1287bd5f68272990eb8b
experiment-data,analysis/e_e_maassim_rq2/subfleets/n8/nearest_n8_s1_personas.json,1266,94465f9a6b24dde9526e205537a5de1a89f0a457979d1ec7aafdf2c48c5b74fb
experiment-data,analysis/e_e_maassim_rq2/subfleets/n8/nearest_n8_s1_queue_snapshots.jsonl,89961,9c592f1d70d69cc2084feb742e9db766a07dad29a97367365ea7beb2690ce70c
experiment-data,analysis/e_e_maassim_rq2/subfleets/n8/nearest_n8_s1_rides.csv,11105,1f40760b01f3685556d96739c564dfa808cfdf4ea5f34ce4edc67d3d7ab25b3f
experiment-data,analysis/e_e_maassim_rq2/subfleets/n8/nearest_n8_s1_summary.json,2677,8e8d053b610d1eae77614be9cda92b345441520a2dd99a03041019ef5948d880
experiment-data,analysis/e_e_maassim_rq2/subfleets/n8/nearest_n8_s1_trips.csv,12549,a0155446dfc37bafbf5178fe577f8896cefff0d04f5f968afff4006a5e4b96d3
experiment-data,analysis/e_e_maassim_rq2/subfleets/n8/nearest_n8_s20_driver_events.csv,7703,b606d7699c6b284f12515ebd481ef14387b3ba3bc592c9d76f3c7380173b2363
experiment-data,analysis/e_e_maassim_rq2/subfleets/n8/nearest_n8_s20_passenger_events.csv,2534,e581ce86bbbbeec873fea5d5601f2bd7859c7a534cbf7824d287ba3d80557e38
experiment-data,analysis/e_e_maassim_rq2/subfleets/n8/nearest_n8_s20_personas.json,1269,f13812340e7a0afe4ef38d87f66107f419b38f1f53d534536cc182c3bba41861
experiment-data,analysis/e_e_maassim_rq2/subfleets/n8/nearest_n8_s20_queue_snapshots.jsonl,83791,d57b2681f330f92d0cac6cd7d48b65ab4031e76d8fb99ff3f832ffe515aea17b
experiment-data,analysis/e_e_maassim_rq2/subfleets/n8/nearest_n8_s20_rides.csv,13424,910e6e47369c3b0c84ad5f275e1c214702dc1380263551d1b58739f5875a0728
experiment-data,analysis/e_e_maassim_rq2/subfleets/n8/nearest_n8_s20_summary.json,2672,e80e419fb88ff93a748eddd32f9cbbd41434bb08e1efaab7075712a7204e07e7
experiment-data,analysis/e_e_maassim_rq2/subfleets/n8/nearest_n8_s20_trips.csv,15140,1ff27f0323112ab00e5af25c6abbc43112d323e4e86937d0cdd683a617f7f604
experiment-data,analysis/e_e_maassim_rq2/subfleets/n8/nearest_n8_s21_driver_events.csv,14036,5bf28dc6c97329c9d114f9f364a0b022b857a2392227fecf74213b43f01a05d7
experiment-data,analysis/e_e_maassim_rq2/subfleets/n8/nearest_n8_s21_passenger_events.csv,1995,a668842240fe54bd0aa25459c5174a53ce35060fbc8c6159bf4368314dfa7fa1
experiment-data,analysis/e_e_maassim_rq2/subfleets/n8/nearest_n8_s21_personas.json,1059,2d4ef2c5ee0880fb9c0336f3e27590deb811fc4a72adaf92ece53da648c1ec7b
experiment-data,analysis/e_e_maassim_rq2/subfleets/n8/nearest_n8_s21_queue_snapshots.jsonl,150785,024417dcc4c536113c1a90b09779fe8d70f75d59dc540d907b8be80d927678be
experiment-data,analysis/e_e_maassim_rq2/subfleets/n8/nearest_n8_s21_rides.csv,15437,4e667ec4da9aa11c75e253a8fab6375c0cdcf081f16453453797ee53636e02b9
experiment-data,analysis/e_e_maassim_rq2/subfleets/n8/nearest_n8_s21_summary.json,2664,4af041b54bea576590ff152f1fd5e8e30414781a92b7d1435994e01cd8aa4151
experiment-data,analysis/e_e_maassim_rq2/subfleets/n8/nearest_n8_s21_trips.csv,17690,adb739296e77ba99fe35c1a7f5bca16b4c28ee9788c14f67aaf51de32fbdcebc
experiment-data,analysis/e_e_maassim_rq2/subfleets/n8/nearest_n8_s22_driver_events.csv,11180,7b59b3975912890b660d5efb759d833b15d81f0e4153adc283ed9d64ccdad789
experiment-data,analysis/e_e_maassim_rq2/subfleets/n8/nearest_n8_s22_passenger_events.csv,2387,da11e3537263c470316734035e388377ee8e7719e3de3b108c77207723e7762b
experiment-data,analysis/e_e_maassim_rq2/subfleets/n8/nearest_n8_s22_personas.json,1206,157055baf325f5728db3138cfc9a750b3d28fbe2634322e54d4fb4e552560154
experiment-data,analysis/e_e_maassim_rq2/subfleets/n8/nearest_n8_s22_queue_snapshots.jsonl,104326,1465690ec154ad75ca55f89a732f13ae55f4c77880671aa59f6d62cefd13d299
experiment-data,analysis/e_e_maassim_rq2/subfleets/n8/nearest_n8_s22_rides.csv,15262,8262388b1a640edcdffc541bfc0086dfd0c277ac79308888a955e2c16440c746
experiment-data,analysis/e_e_maassim_rq2/subfleets/n8/nearest_n8_s22_summary.json,2708,118aeffe6b03cb5b8040c4286046db08251de00f109a723d4eead05f697bc219
experiment-data,analysis/e_e_maassim_rq2/subfleets/n8/nearest_n8_s22_trips.csv,17066,879ae2773513584f61b4c9d307ab7e9c56fdbe7bf86fb8f1726d8356e049ad5e
experiment-data,analysis/e_e_maassim_rq2/subfleets/n8/nearest_n8_s23_driver_events.csv,6904,b1758e9c86f9d52fa0b8d96150b8bf285e6e88121a1da2dbbc0ad7c3583871a5
experiment-data,analysis/e_e_maassim_rq2/subfleets/n8/nearest_n8_s23_passenger_events.csv,2587,b2853e3e3d5f188ee97d5c1ced35aaa9f11a9f6d7a3b5dbdc197f6dda9613e17
experiment-data,analysis/e_e_maassim_rq2/subfleets/n8/nearest_n8_s23_personas.json,1269,da471dc1bf3b757514db4a116245c859ec6ae8cefe3c6586a82d5483c86ea1d1
experiment-data,analysis/e_e_maassim_rq2/subfleets/n8/nearest_n8_s23_queue_snapshots.jsonl,76579,fffa19dcfbab8839c418cb6b92ad9adbbd981a7056c3706436d44f19c8ad3530
experiment-data,analysis/e_e_maassim_rq2/subfleets/n8/nearest_n8_s23_rides.csv,11842,4af34d3689c6301f8f4bc9103b02c192e73fd43148373d7b8de37518164b90e5
experiment-data,analysis/e_e_maassim_rq2/subfleets/n8/nearest_n8_s23_summary.json,2670,0060e6006faf1c000bd08b89a0a69e611a2b48a0f6e76f384139052eb339ca22
experiment-data,analysis/e_e_maassim_rq2/subfleets/n8/nearest_n8_s23_trips.csv,13408,55c5126332cc28548b0bf998cc3cf6f010fa2cb59c87369e0ca2d847055d4cd7
experiment-data,analysis/e_e_maassim_rq2/subfleets/n8/nearest_n8_s24_driver_events.csv,5291,2babf787802273b7c6dc7945ba854ab32015da37dc6a071e87d627593e814c7b
experiment-data,analysis/e_e_maassim_rq2/subfleets/n8/nearest_n8_s24_passenger_events.csv,2512,32923523f20474130da012c1afe5fabd6efcd629e9ee545aa2480a058c063dff
experiment-data,analysis/e_e_maassim_rq2/subfleets/n8/nearest_n8_s24_personas.json,1269,a30d513868d00eaad8c9afb266a291193d55d839335fc72a5254484c909f38a3
experiment-data,analysis/e_e_maassim_rq2/subfleets/n8/nearest_n8_s24_queue_snapshots.jsonl,64288,3cf15e4e630e49f62802177bcc30854fa6a139faca1c64d801c62881f0a0e996
experiment-data,analysis/e_e_maassim_rq2/subfleets/n8/nearest_n8_s24_rides.csv,12815,e20144d19e45588872b246a37a90e068bb65453cd53c2111906c79277196f51c
experiment-data,analysis/e_e_maassim_rq2/subfleets/n8/nearest_n8_s24_summary.json,2688,57278e30cea8d9a763b7214da4cab74de23ae82d5f33d45ac5efa03b8a0b8f4a
experiment-data,analysis/e_e_maassim_rq2/subfleets/n8/nearest_n8_s24_trips.csv,14687,874ceaaa48e0a53c15c7ec3408dd45770a0153dd42cd5c7fc450fd3166656b41
experiment-data,analysis/e_e_maassim_rq2/subfleets/n8/nearest_n8_s25_driver_events.csv,6699,65ab09fcf00640134034a67458a15e8f5b9ebef74eb796b632d8b5d0eed66e15
experiment-data,analysis/e_e_maassim_rq2/subfleets/n8/nearest_n8_s25_passenger_events.csv,2532,710fe3c77eccf3a752e96a11c7e0b1599b1654a6872a8228be524dec5e188b0b
experiment-data,analysis/e_e_maassim_rq2/subfleets/n8/nearest_n8_s25_personas.json,1269,82ef3dd0cfb8f84751dc61516c520222f71f7d19ecee689feb4bdf1aad2616af
experiment-data,analysis/e_e_maassim_rq2/subfleets/n8/nearest_n8_s25_queue_snapshots.jsonl,76475,9689dc2226a65e79b381c399de4ec47f8f3ef12431250aaaff739b37cb778146
experiment-data,analysis/e_e_maassim_rq2/subfleets/n8/nearest_n8_s25_rides.csv,12475,a48ca423ad35638a4269d2ae2830289af4bb60a9e4f18b2fe3325043114da919
experiment-data,analysis/e_e_maassim_rq2/subfleets/n8/nearest_n8_s25_summary.json,2668,d3d91d8e646db995d02f12f28a67f1a5ab4f58a635d6238e1f7da940674323c4
experiment-data,analysis/e_e_maassim_rq2/subfleets/n8/nearest_n8_s25_trips.csv,14153,abac917c6c1ac78be314d20df7328bf8cb0803852fc4109df1ddf91a45a61a5f
experiment-data,analysis/e_e_maassim_rq2/subfleets/n8/nearest_n8_s26_driver_events.csv,8522,49bb322947b701d3dbd819d993b19783fcb2342fe31776b57e5db67806704381
experiment-data,analysis/e_e_maassim_rq2/subfleets/n8/nearest_n8_s26_passenger_events.csv,2476,1d253d2319c0a533c2c1f3ac9e84c3122c1324090c41940a95f360f2e4cd96e3
experiment-data,analysis/e_e_maassim_rq2/subfleets/n8/nearest_n8_s26_personas.json,1248,d29a41a330cdbd82ee79211fc3a4eda88ed65d5213e4c6e1538e10e5799c48a9
experiment-data,analysis/e_e_maassim_rq2/subfleets/n8/nearest_n8_s26_queue_snapshots.jsonl,88392,6e5246dc3bf633fe27849970e024589e1ddb5499b21f06580d22037ce66b402d
experiment-data,analysis/e_e_maassim_rq2/subfleets/n8/nearest_n8_s26_rides.csv,13967,4a1234d4d3bce2e6ef5439ca866c0ae977a8d1d15e4932c451eeb5f9ee27afd8
experiment-data,analysis/e_e_maassim_rq2/subfleets/n8/nearest_n8_s26_summary.json,2689,262299d15d155202e58844d6e1e170ccfe03f557693cc240c8410acd321ac3b2
experiment-data,analysis/e_e_maassim_rq2/subfleets/n8/nearest_n8_s26_trips.csv,15836,ba08c4389c931ab226f1c9eca361054b220f0293fe7664337cb744551591f640
experiment-data,analysis/e_e_maassim_rq2/subfleets/n8/nearest_n8_s27_driver_events.csv,7769,1db7c2a09e54031bed934bc79010e2a136004a25ddb62e246055f261819960e0
experiment-data,analysis/e_e_maassim_rq2/subfleets/n8/nearest_n8_s27_passenger_events.csv,2494,a88509f5dbed352cbf5bae3e9ab846abefebf341c9700d5ac1e4c73ed1661b12
experiment-data,analysis/e_e_maassim_rq2/subfleets/n8/nearest_n8_s27_personas.json,1248,cbc364eee99aec892a7c4c14478cb4116313ed4a0966910412493010837ffa8d
experiment-data,analysis/e_e_maassim_rq2/subfleets/n8/nearest_n8_s27_queue_snapshots.jsonl,78194,3991c9b65176b310f69c06c3f460aea6c46cf4157af776e48b445656c5f2801a
experiment-data,analysis/e_e_maassim_rq2/subfleets/n8/nearest_n8_s27_rides.csv,13562,b7e20333c2ec23818e0060e2e79a71cda5bfe11fbb635115974b36d0d82b0734
experiment-data,analysis/e_e_maassim_rq2/subfleets/n8/nearest_n8_s27_summary.json,2707,1f472875ce9ab58b4d844197d582be109af2784642596fa801c5d1dffcbe21c9
experiment-data,analysis/e_e_maassim_rq2/subfleets/n8/nearest_n8_s27_trips.csv,15318,073541b98b862a46394a13b46440d0aebff417935ad72be91eb9e5902b011953
experiment-data,analysis/e_e_maassim_rq2/subfleets/n8/nearest_n8_s28_driver_events.csv,8785,df14bfa5b1ac6f2b789a563c4960ba87e63294453985854e4ebd6c60a0284aec
experiment-data,analysis/e_e_maassim_rq2/subfleets/n8/nearest_n8_s28_passenger_events.csv,2521,d849e3059e499b8be265323ab486efd0c4a1c4b64bf5b0215257a1e0368f7e78
experiment-data,analysis/e_e_maassim_rq2/subfleets/n8/nearest_n8_s28_personas.json,1269,a603cce6e2236543a25b65f303573f50b99fca875d1041c879d660b7bd8ad258
experiment-data,analysis/e_e_maassim_rq2/subfleets/n8/nearest_n8_s28_queue_snapshots.jsonl,83295,c9e303e1d4f64e369885c79f3cf9de0305c6f6adbe90f3dc4ffad08aa590c722
experiment-data,analysis/e_e_maassim_rq2/subfleets/n8/nearest_n8_s28_rides.csv,14524,bfe7706a5bc5fdfaa9abfe1aacd9094893503601926e6496178f74e3413dcb03
experiment-data,analysis/e_e_maassim_rq2/subfleets/n8/nearest_n8_s28_summary.json,2692,49d5e41805fc8490874f3855b9b72a909632c71937cc6ed2a9cc17ae8cee638e
experiment-data,analysis/e_e_maassim_rq2/subfleets/n8/nearest_n8_s28_trips.csv,16316,c508f1152101cbb073d759dc7e6461408088ddd47a965f4c827b6133fb1571bf
experiment-data,analysis/e_e_maassim_rq2/subfleets/n8/nearest_n8_s29_driver_events.csv,6898,89722d93d4125535886f97e640f2ae13bf90027eb5a69fb31af47646f12ecbec
experiment-data,analysis/e_e_maassim_rq2/subfleets/n8/nearest_n8_s29_passenger_events.csv,2545,2cf2443653ebd01c669ba3c71d24fb566276433d8f1c54f9fe5db581716247c9
experiment-data,analysis/e_e_maassim_rq2/subfleets/n8/nearest_n8_s29_personas.json,1269,918aee1fdaebdf12b370e244317d329512860b17278e06c156a6d7f821e04492
experiment-data,analysis/e_e_maassim_rq2/subfleets/n8/nearest_n8_s29_queue_snapshots.jsonl,78047,90ad2204e5434d7d678661a56be940ab5d6a99c804871aa34392dd32bbcb832f
experiment-data,analysis/e_e_maassim_rq2/subfleets/n8/nearest_n8_s29_rides.csv,13215,8a4b02e0e26027dd28bdee94dbde68224c38a0b65262025652f70312955eda94
experiment-data,analysis/e_e_maassim_rq2/subfleets/n8/nearest_n8_s29_summary.json,2692,abcdb1f1a97c385abd25be2332d393c7ec009ca0ef500545897ebda86f27f7cf
experiment-data,analysis/e_e_maassim_rq2/subfleets/n8/nearest_n8_s29_trips.csv,15027,264a10f9bdc652d647c38af2dfdb7ec015b739ea216ef026dfeb0c9541d7c7cb
experiment-data,analysis/e_e_maassim_rq2/subfleets/n8/nearest_n8_s2_driver_events.csv,5762,9f9ab803d2afaa74747a485cee0f382ed0e370da854ca7abfa7fe163dada1aeb
experiment-data,analysis/e_e_maassim_rq2/subfleets/n8/nearest_n8_s2_passenger_events.csv,2512,74e5cb5a9cccfc100a2db2ee85853663727166bc3e146c6297d6be3b7060c32f
experiment-data,analysis/e_e_maassim_rq2/subfleets/n8/nearest_n8_s2_personas.json,1266,16cf6c345704991b0740f4d6a7e7f11c37d1f9a1e85984ed837b3abbd8d2ced3
experiment-data,analysis/e_e_maassim_rq2/subfleets/n8/nearest_n8_s2_queue_snapshots.jsonl,66550,945f7a0aed9378fd050bd71e457947cdb2e1ffbc715ccbbab6a283569f587578
experiment-data,analysis/e_e_maassim_rq2/subfleets/n8/nearest_n8_s2_rides.csv,12237,84f1c4ab44cd3b5b6d36e4cf08e5e56e6d1bbc46deda430e434268ebc41cf0ea
experiment-data,analysis/e_e_maassim_rq2/subfleets/n8/nearest_n8_s2_summary.json,2656,905395037c68d3b3f9e9ff3a5de724c9b926ef5d4249049889de488861fdc361
experiment-data,analysis/e_e_maassim_rq2/subfleets/n8/nearest_n8_s2_trips.csv,13998,2201d51a84544db0dcc060fed00ce0272a64941a7724929f28d73ee524d2bf9f
experiment-data,analysis/e_e_maassim_rq2/subfleets/n8/nearest_n8_s30_driver_events.csv,7041,523a057b416182bc1434d446b849ff8a9cbadae085f4d32f8380e1f3c2a9d444
experiment-data,analysis/e_e_maassim_rq2/subfleets/n8/nearest_n8_s30_passenger_events.csv,2528,1a947d51a322e28570e4508023683ad7a1ca154fb2d896e75439b6c6a5a7ed4a
experiment-data,analysis/e_e_maassim_rq2/subfleets/n8/nearest_n8_s30_personas.json,1269,a95b1950bf6adeb42d5cd7442ed8a0278f67caf12a3186083a38556493ce7d81
experiment-data,analysis/e_e_maassim_rq2/subfleets/n8/nearest_n8_s30_queue_snapshots.jsonl,82124,515e4189dad157b6fcd58b40dbbceed97f1dad97827ecc096422f923a751f8c2
experiment-data,analysis/e_e_maassim_rq2/subfleets/n8/nearest_n8_s30_rides.csv,12226,95a15529e8aab0123e216b1dd7abfbb5772163605a12ae9215c1c7ee76565e70
experiment-data,analysis/e_e_maassim_rq2/subfleets/n8/nearest_n8_s30_summary.json,2677,b864ed2b6484d30280970e1ed882c2b8dc6bb7f7380790663c9bb3e013f12259
experiment-data,analysis/e_e_maassim_rq2/subfleets/n8/nearest_n8_s30_trips.csv,13901,bfe1b9004cb70c8fc41e640cb99fd7f6eaa602ea6d0d53528822cc20a31f2ca4
experiment-data,analysis/e_e_maassim_rq2/subfleets/n8/nearest_n8_s31_driver_events.csv,5628,e937248195707f51c16137491a9ae681abb435c79c3bae28e5de154e970a3607
experiment-data,analysis/e_e_maassim_rq2/subfleets/n8/nearest_n8_s31_passenger_events.csv,2507,eaad8e41f4c3cb78687201c8cbe71df3f6b942128d63f06112d98f6f905094cd
experiment-data,analysis/e_e_maassim_rq2/subfleets/n8/nearest_n8_s31_personas.json,1269,2f1e17dd5e6dbf30378accafd9619cab38c40b3c3d6cd6b5b07811bf58e4c243
experiment-data,analysis/e_e_maassim_rq2/subfleets/n8/nearest_n8_s31_queue_snapshots.jsonl,70147,595a33df6ee5c960d958e8da2ec6fd3711df04a83cc81161618df24dc7c60d78
experiment-data,analysis/e_e_maassim_rq2/subfleets/n8/nearest_n8_s31_rides.csv,12787,ca17f12fbeca4014b8e4095a1bedccc9f1f78f5cc086fb1ac13299b4068c085f
experiment-data,analysis/e_e_maassim_rq2/subfleets/n8/nearest_n8_s31_summary.json,2672,f1c4d6a53afec350f46afe5a6ca4b1a4cf71c4cf3b886e11c42a282d0b1a4645
experiment-data,analysis/e_e_maassim_rq2/subfleets/n8/nearest_n8_s31_trips.csv,14656,0a27be5d24526a8e3a499404f417006e7129075521d3e954770eabe7a7835905
experiment-data,analysis/e_e_maassim_rq2/subfleets/n8/nearest_n8_s32_driver_events.csv,8166,39f3c092ad2bb69a1332b6a30f74a6f32624218b68d73b961d7a6e2c6c99dadd
experiment-data,analysis/e_e_maassim_rq2/subfleets/n8/nearest_n8_s32_passenger_events.csv,2623,0a82ad2477ef85d572a4ca55c314fe960378f3763c5b4cb6391221e511336278
experiment-data,analysis/e_e_maassim_rq2/subfleets/n8/nearest_n8_s32_personas.json,1269,dce47255104468411f4593d8fdd191b3fcbe7a0cbaaa5fe1401376599c5c87e6
experiment-data,analysis/e_e_maassim_rq2/subfleets/n8/nearest_n8_s32_queue_snapshots.jsonl,90964,29201827992101b28d7135f09eec170419fdd4c0a150f93e01a0b7134eb7fcf0
experiment-data,analysis/e_e_maassim_rq2/subfleets/n8/nearest_n8_s32_rides.csv,13898,112854153de4af7f1bb221f28848efa9449e710fa1e68c603ca6a3089e00b003
experiment-data,analysis/e_e_maassim_rq2/subfleets/n8/nearest_n8_s32_summary.json,2670,227778810d0c6c2b0e0c90846f1da094438f2bd6e4e0918e68d0725e9c0e48ba
experiment-data,analysis/e_e_maassim_rq2/subfleets/n8/nearest_n8_s32_trips.csv,15659,9d98b6fa66ff0e5ffcdaa245e8ffadf3a45a7b9aadcb6d85b351d96caa5c136e
experiment-data,analysis/e_e_maassim_rq2/subfleets/n8/nearest_n8_s33_driver_events.csv,9992,755d94e61ab11cebb8693051b76164f5822d15f5e3ac8207d3e795405396aabe
experiment-data,analysis/e_e_maassim_rq2/subfleets/n8/nearest_n8_s33_passenger_events.csv,2487,13669a80166037291ee5f51894800d0ecfe00222a35e497554dca2493fcafaf5
experiment-data,analysis/e_e_maassim_rq2/subfleets/n8/nearest_n8_s33_personas.json,1227,935e659b2557cc5763a5b7ba4ff5bfa3a28d9be52ceefec82a3b8e480bf114af
experiment-data,analysis/e_e_maassim_rq2/subfleets/n8/nearest_n8_s33_queue_snapshots.jsonl,99857,af6ae637b4c312590fb1705bb393e2f836e294edcddd36baca9290a4e965e5bc
experiment-data,analysis/e_e_maassim_rq2/subfleets/n8/nearest_n8_s33_rides.csv,14218,39dec62bbee1ce81bd2e547b53f4c1b883c637f906800b3fa1e1c8722222ae9c
experiment-data,analysis/e_e_maassim_rq2/subfleets/n8/nearest_n8_s33_summary.json,2693,c79f1ac06a51e711ad9feff7072651e30945381d20a4adb141af6a20fbe0e997
experiment-data,analysis/e_e_maassim_rq2/subfleets/n8/nearest_n8_s33_trips.csv,16022,8d5abaf7e9dde12c2779cdd2acbab74c7b584cf0eb917e71a6b09cfef6b413fa
experiment-data,analysis/e_e_maassim_rq2/subfleets/n8/nearest_n8_s34_driver_events.csv,11641,603c6d01416b9365628a6b8778ea8294dbf944919942eb600c7adf1f11e68176
experiment-data,analysis/e_e_maassim_rq2/subfleets/n8/nearest_n8_s34_passenger_events.csv,2425,b5ac742aaae41359839df1e4f5223e69369fb025e4182104ee029b3d9b77a2f3
experiment-data,analysis/e_e_maassim_rq2/subfleets/n8/nearest_n8_s34_personas.json,1248,4316aeebe17e25de7d8467267785544c164f789882210d75f187dc2114a2fdd7
experiment-data,analysis/e_e_maassim_rq2/subfleets/n8/nearest_n8_s34_queue_snapshots.jsonl,114292,7b7f69169f84ced8104e9bbb3289dfe9d207d8baffc135500ce810ce60d47b2e
experiment-data,analysis/e_e_maassim_rq2/subfleets/n8/nearest_n8_s34_rides.csv,16410,b52b2080da52055303ad0bd87c1f90898be8ad6eaf36c44d862a262593802b8d
experiment-data,analysis/e_e_maassim_rq2/subfleets/n8/nearest_n8_s34_summary.json,2681,fe6910221023836f798c9b6396fe7a3357b75c463cfe73321908f203d79b3b14
experiment-data,analysis/e_e_maassim_rq2/subfleets/n8/nearest_n8_s34_trips.csv,18235,14efa4b3f4dc81ebfd4255bc3faddcfbf40ed546224764a44b5f97f1ddb68a4a
experiment-data,analysis/e_e_maassim_rq2/subfleets/n8/nearest_n8_s35_driver_events.csv,6841,d132b01e6d54d97a72118fd69ea98f435e154bebf90945df964548ff9859a008
experiment-data,analysis/e_e_maassim_rq2/subfleets/n8/nearest_n8_s35_passenger_events.csv,2666,6b281a8fba45643d9074d4a0a21cb1a61e9da4766b2006131bf8005e02af2dc8
experiment-data,analysis/e_e_maassim_rq2/subfleets/n8/nearest_n8_s35_personas.json,1269,b2317da73b4a6f2ed53c55cb0c623c5155e296ce85acf90ed4e21b674790047c
experiment-data,analysis/e_e_maassim_rq2/subfleets/n8/nearest_n8_s35_queue_snapshots.jsonl,70478,43db7720bf3cc29a4baaf8be081bc05edca8019c71295caa4241f783b6a2c046
experiment-data,analysis/e_e_maassim_rq2/subfleets/n8/nearest_n8_s35_rides.csv,11008,404dd34b67715222f813cdab987a2b4345586b2db1231022cbb6e80ea9976e48
experiment-data,analysis/e_e_maassim_rq2/subfleets/n8/nearest_n8_s35_summary.json,2670,f10566cecd70acc81681c889e8f18ab6347bbd051e2d776be4d4555b9859185b
experiment-data,analysis/e_e_maassim_rq2/subfleets/n8/nearest_n8_s35_trips.csv,12601,7e577c3dfa80ec19f449ba750174de9596855603c69a836f97c2689ab7f82250
experiment-data,analysis/e_e_maassim_rq2/subfleets/n8/nearest_n8_s36_driver_events.csv,11155,d6d0d3374fffbd6c4addc3806803f8b2fde4d11c36b9535a91a039561eab7abf
experiment-data,analysis/e_e_maassim_rq2/subfleets/n8/nearest_n8_s36_passenger_events.csv,2171,53a5951243947da1ec43e16970a4878f02f916c850d3c9568c215d0065e50e7f
experiment-data,analysis/e_e_maassim_rq2/subfleets/n8/nearest_n8_s36_personas.json,1123,37e731ddeae600fb390316f477cf6d43dbe3552669c7663a660d62ef2f5c42d7
experiment-data,analysis/e_e_maassim_rq2/subfleets/n8/nearest_n8_s36_queue_snapshots.jsonl,111173,e9048625dedc5434a341792a7626f94cd4678c7ea93ba3c71716d217538979b6
experiment-data,analysis/e_e_maassim_rq2/subfleets/n8/nearest_n8_s36_rides.csv,14134,85f8bed42e945774de2aa7c6d7844afa92e602691e2e2fdd8b57e742e7e5324b
experiment-data,analysis/e_e_maassim_rq2/subfleets/n8/nearest_n8_s36_summary.json,2666,cc9d22f209da313b524a33935b52db6e656e755832a38d9a4ebff3deac6cec1b
experiment-data,analysis/e_e_maassim_rq2/subfleets/n8/nearest_n8_s36_trips.csv,16168,dfedad6743bc58b9dda35f098d687e76e4acd1198d6e3d76d30d5b77bd9a9473
experiment-data,analysis/e_e_maassim_rq2/subfleets/n8/nearest_n8_s37_driver_events.csv,5751,65ac41df63c06352d85ffea75006677126a1d450c4f651c542f788d9fdab1424
experiment-data,analysis/e_e_maassim_rq2/subfleets/n8/nearest_n8_s37_passenger_events.csv,2604,e597cefd2540947ccb5753b0811e7b75746451593503f2fba0a7da35534f92ca
experiment-data,analysis/e_e_maassim_rq2/subfleets/n8/nearest_n8_s37_personas.json,1269,f863e59a2c5b1221e38e2e49abdf873dbef15b40fa386ffa6a67cda7225b2996
experiment-data,analysis/e_e_maassim_rq2/subfleets/n8/nearest_n8_s37_queue_snapshots.jsonl,66422,16fd73b67285016ac436608a5c00e201d3fc20ce902ad8c3394a79f4295c9201
experiment-data,analysis/e_e_maassim_rq2/subfleets/n8/nearest_n8_s37_rides.csv,11810,2774e2d3942a5d84db1fe34ba9db95b4d6958557c3a8e1a82219647caafbd3bc
experiment-data,analysis/e_e_maassim_rq2/subfleets/n8/nearest_n8_s37_summary.json,2668,befc3048e7e92eba54c117c842bc6276b51c41de1d8e68b6d4527787ccbd9f9a
experiment-data,analysis/e_e_maassim_rq2/subfleets/n8/nearest_n8_s37_trips.csv,13550,69decd320472f94731b13afef711d8f5e3e853388cecd6211f82414254d5622e
experiment-data,analysis/e_e_maassim_rq2/subfleets/n8/nearest_n8_s38_driver_events.csv,6679,6173f64c38de5a5e993195837750918565664fe2370966861c36f02a5e1d0dd8
experiment-data,analysis/e_e_maassim_rq2/subfleets/n8/nearest_n8_s38_passenger_events.csv,2529,b5e761985e8116afe80ec58dbc73a8202be01cfa791ae18e4db572846ee8a911
experiment-data,analysis/e_e_maassim_rq2/subfleets/n8/nearest_n8_s38_personas.json,1269,02b5c3ae75d6a5c3dc80f1c610b74628b03fe7e6acbf772a2f5c742bc44f365b
experiment-data,analysis/e_e_maassim_rq2/subfleets/n8/nearest_n8_s38_queue_snapshots.jsonl,73478,a9b87960bf8941e89c09f24fb2f424f4bab63a1e2c38546b82a4645e766e8ea5
experiment-data,analysis/e_e_maassim_rq2/subfleets/n8/nearest_n8_s38_rides.csv,13084,7b85ee91f1fd1c7f6296e780a044d3784de13ff3e04f501180f1b5dcc888ecd0
experiment-data,analysis/e_e_maassim_rq2/subfleets/n8/nearest_n8_s38_summary.json,2678,d8c8db1519e7b251d5c2cde0ce150d85331ed4ca66955611bf8210676f0b4ca4
experiment-data,analysis/e_e_maassim_rq2/subfleets/n8/nearest_n8_s38_trips.csv,14794,e939096ba11a70355b467f5ed906292d7fded26c665b83d10b5aa76ffc579b0f
experiment-data,analysis/e_e_maassim_rq2/subfleets/n8/nearest_n8_s39_driver_events.csv,5517,5c7277f6696050aa2a7c0c97322635d2a021c1ef1fcfeeee00d9fc8ca0b4271a
experiment-data,analysis/e_e_maassim_rq2/subfleets/n8/nearest_n8_s39_passenger_events.csv,2499,ff70efb19e74d68029eee1e6c1b649ba47f24bb132aef760c45614868e6998ac
experiment-data,analysis/e_e_maassim_rq2/subfleets/n8/nearest_n8_s39_personas.json,1269,98a2c2524fec80a2fca2a5532cc394a4abfd6922cbe522ecbe9fef9a73062cab
experiment-data,analysis/e_e_maassim_rq2/subfleets/n8/nearest_n8_s39_queue_snapshots.jsonl,68563,802dd1e1dd6ca4b9513cfe1349baa501fdd329123762ac0b98247cf369a10bef
experiment-data,analysis/e_e_maassim_rq2/subfleets/n8/nearest_n8_s39_rides.csv,12074,8c28989ee0fc6f7f1b6fbcd4a85fb729314bac518edc5e7deda05b9de5ef5290
experiment-data,analysis/e_e_maassim_rq2/subfleets/n8/nearest_n8_s39_summary.json,2660,1f512c9d5286b53552dc17b40cc28bc93092c720685f39b2bf6062d4a622f39f
experiment-data,analysis/e_e_maassim_rq2/subfleets/n8/nearest_n8_s39_trips.csv,13837,cee8360f8be7046a196feb03dbe7261c8bfdd34d23d23f80f04e696173b7a34e
experiment-data,analysis/e_e_maassim_rq2/subfleets/n8/nearest_n8_s3_driver_events.csv,6370,86af3c1648662500185ac9e22d69e43f900c3a17cdce66940f63662614427846
experiment-data,analysis/e_e_maassim_rq2/subfleets/n8/nearest_n8_s3_passenger_events.csv,2679,37cbd85da7846b0ddd3754bf6b9511bfff69c9ca7ec5805d54e399a2f68d89c0
experiment-data,analysis/e_e_maassim_rq2/subfleets/n8/nearest_n8_s3_personas.json,1266,4353d9ce1180436d2e6dbb41a7ed411ee15bc41bcbb06252d5b0d5ecd92714ee
experiment-data,analysis/e_e_maassim_rq2/subfleets/n8/nearest_n8_s3_queue_snapshots.jsonl,73039,517e53137add31e89131c494fc5d1758a630b4f91d07d5c41a64b0888a09ec7a
experiment-data,analysis/e_e_maassim_rq2/subfleets/n8/nearest_n8_s3_rides.csv,11234,3fe455428bdeba5b8656f547162e75f07f311427d152f509b619ce58332cdd49
experiment-data,analysis/e_e_maassim_rq2/subfleets/n8/nearest_n8_s3_summary.json,2683,a5ff10bec0fd64f5e4878c0adabb300529cdfa542db69bb1fbe7e2045b92f852
experiment-data,analysis/e_e_maassim_rq2/subfleets/n8/nearest_n8_s3_trips.csv,12744,751e0dee89de80e5cb95aa7308e320170b275f80ccdd098d62b64370d17252a6
experiment-data,analysis/e_e_maassim_rq2/subfleets/n8/nearest_n8_s40_driver_events.csv,9479,e002dd887012d43a9956d0eec3e000058045d3e99123c735c16a72e1d612e93d
experiment-data,analysis/e_e_maassim_rq2/subfleets/n8/nearest_n8_s40_passenger_events.csv,2506,3af951317062c1067faead17910025bb56946383a6c68638cbe8ce15e6c29ac1
experiment-data,analysis/e_e_maassim_rq2/subfleets/n8/nearest_n8_s40_personas.json,1227,ffd4720c89a77eb504a90ee1773a62a35a21b2c1840f504663137079be2e5421
experiment-data,analysis/e_e_maassim_rq2/subfleets/n8/nearest_n8_s40_queue_snapshots.jsonl,100437,a3730a4dfa4223b486c57db1ad2c6826a7cb260e78e772c7235563f9307912b3
experiment-data,analysis/e_e_maassim_rq2/subfleets/n8/nearest_n8_s40_rides.csv,13263,fa5e4d51e594a8e1124068ae6a786c0510f71b84ec453e97d16ec287999c51a3
experiment-data,analysis/e_e_maassim_rq2/subfleets/n8/nearest_n8_s40_summary.json,2697,dff62d769e3db6817083f0c205b8281f5baad3dd8660ac2f61c7c71b7e2eb39a
experiment-data,analysis/e_e_maassim_rq2/subfleets/n8/nearest_n8_s40_trips.csv,14875,e99ea2406aca9de2b6e09b8dbeac5682a576918fd2bb5a9a6f7b321b0c8d060a
experiment-data,analysis/e_e_maassim_rq2/subfleets/n8/nearest_n8_s41_driver_events.csv,7137,8ae8d3ecb73c21f8593ded0219a1288821b23b10b2148d1f03ce070a0d643b2a
experiment-data,analysis/e_e_maassim_rq2/subfleets/n8/nearest_n8_s41_passenger_events.csv,2483,d9c6a7b2d8fbe111b1fef19239b63865d74886b52ea9b2dc522a1223e25a78a0
experiment-data,analysis/e_e_maassim_rq2/subfleets/n8/nearest_n8_s41_personas.json,1248,944fc2dc2c52db1a4f7d573ef0ad4193a6dc780e80dee1e0d6225fe6f64a217c
experiment-data,analysis/e_e_maassim_rq2/subfleets/n8/nearest_n8_s41_queue_snapshots.jsonl,79642,609ad178cc90a2cfad51055edc137b24d49d92cfb5a294568e4cc67013368f28
experiment-data,analysis/e_e_maassim_rq2/subfleets/n8/nearest_n8_s41_rides.csv,13169,d579897b0ed53b71fecf6dd41fc414eb10d0963489126219407b961e0a6d6063
experiment-data,analysis/e_e_maassim_rq2/subfleets/n8/nearest_n8_s41_summary.json,2705,ba724df93380035b08c9f224ef08d656dede405fa3efb124356e5a6a907f4ac4
experiment-data,analysis/e_e_maassim_rq2/subfleets/n8/nearest_n8_s41_trips.csv,15063,0345aadcb175ab041c7f4ee30ad8bc15e8719107f7d3238e025e00c07cd8a5c4
experiment-data,analysis/e_e_maassim_rq2/subfleets/n8/nearest_n8_s42_driver_events.csv,5620,7084e574b054aba6cbe97a8ff51fa371a7d36cd0c26160b8a8fa084f1d0a57b5
experiment-data,analysis/e_e_maassim_rq2/subfleets/n8/nearest_n8_s42_passenger_events.csv,2609,740750bc81152ae6e93d7868126e72c702784b8bce01e4d3dd7c5220e6e8d3d3
experiment-data,analysis/e_e_maassim_rq2/subfleets/n8/nearest_n8_s42_personas.json,1269,e806507d12be2bb170602d6ff32e86190daa41bfa275030bf8ebbba29ab794fd
experiment-data,analysis/e_e_maassim_rq2/subfleets/n8/nearest_n8_s42_queue_snapshots.jsonl,67886,9bf14c1165547150237df3b35f05e2df23e88ec4e7fe8348de08ae011385582b
experiment-data,analysis/e_e_maassim_rq2/subfleets/n8/nearest_n8_s42_rides.csv,11111,d3c20e1cdcfafa659659ee4765b00e6701137d40b1989b819f51993b5456847b
experiment-data,analysis/e_e_maassim_rq2/subfleets/n8/nearest_n8_s42_summary.json,2675,ececc56ffc334fc62b860c96eb87984443e07b3fd8f5ba8ab02197982dc282b2
experiment-data,analysis/e_e_maassim_rq2/subfleets/n8/nearest_n8_s42_trips.csv,12750,c937d1500741211cb194af6a55ef3b2303972ad1e9f580a0afe0b5206dd60453
experiment-data,analysis/e_e_maassim_rq2/subfleets/n8/nearest_n8_s43_driver_events.csv,7275,120b2be7276b125eaa4da38b8a7825c22baec333b573b2e725ee2e285d86661e
experiment-data,analysis/e_e_maassim_rq2/subfleets/n8/nearest_n8_s43_passenger_events.csv,2513,3c3f9ec19367329233f1f351f476cb761025ffdcdfb765cf89c1abbd96673992
experiment-data,analysis/e_e_maassim_rq2/subfleets/n8/nearest_n8_s43_personas.json,1269,89445c9cd38f00d27347e846a93484249452937ecf45cd426f4be9ea63b33033
experiment-data,analysis/e_e_maassim_rq2/subfleets/n8/nearest_n8_s43_queue_snapshots.jsonl,82532,fe7e950f75e91deecb4d75d490f47a47ec32cbbe3b3eb9db060dcada2514f881
experiment-data,analysis/e_e_maassim_rq2/subfleets/n8/nearest_n8_s43_rides.csv,13277,3d176d64b46cea458cbae339960bcb4710c5f81960368653cd37573d7c14f635
experiment-data,analysis/e_e_maassim_rq2/subfleets/n8/nearest_n8_s43_summary.json,2688,53d207ac4da77fc80edd9dc4859a79221799760bf3c98a6de50069a671a9520e
experiment-data,analysis/e_e_maassim_rq2/subfleets/n8/nearest_n8_s43_trips.csv,14996,3c7fe61426a7716967201fdbc26077e5b0b46f055d58b011b29a572db68e4ca8
experiment-data,analysis/e_e_maassim_rq2/subfleets/n8/nearest_n8_s44_driver_events.csv,6899,bdee48f9206271ba9c47ef315c95988a5c978a69327d8552d3f5fc3129831f84
experiment-data,analysis/e_e_maassim_rq2/subfleets/n8/nearest_n8_s44_passenger_events.csv,2567,4439078e7e8073594ddfd258b2aa21794c8d6bad5dafc65cf25d302f48ae166e
experiment-data,analysis/e_e_maassim_rq2/subfleets/n8/nearest_n8_s44_personas.json,1269,27d5533ba3e40574cd1a7a74044babe0a1a1899f882fce4b02438aba6373ad34
experiment-data,analysis/e_e_maassim_rq2/subfleets/n8/nearest_n8_s44_queue_snapshots.jsonl,80518,3b5f6b3585ff3c60ffef656fdc550fffba3d2bd47892da3dc0bbbf1548ff8a32
experiment-data,analysis/e_e_maassim_rq2/subfleets/n8/nearest_n8_s44_rides.csv,12624,52a5d3bf393b67f59a0b9239a229bf7ec0b27a5b09db4afd3d367825973e8439
experiment-data,analysis/e_e_maassim_rq2/subfleets/n8/nearest_n8_s44_summary.json,2670,cc3425b9da6c0b8de841d34c77abe801af82f3566032a070478730fbf15c482f
experiment-data,analysis/e_e_maassim_rq2/subfleets/n8/nearest_n8_s44_trips.csv,14340,5e711e757846a163543f284352da6289bc13a33c55d8e02f8dd504b45e772e52
experiment-data,analysis/e_e_maassim_rq2/subfleets/n8/nearest_n8_s45_driver_events.csv,7567,0f06dad1b51ce585e9cf84cde86a058d6eb80751a5557094e12565cf5d346204
experiment-data,analysis/e_e_maassim_rq2/subfleets/n8/nearest_n8_s45_passenger_events.csv,2594,728f87bfdea3c9d8565d62a4ce379b69fff3c37260f8a3999abbd34399fa5786
experiment-data,analysis/e_e_maassim_rq2/subfleets/n8/nearest_n8_s45_personas.json,1269,224e9c70a50621495e5453fa346e2f1b3a72f6ae3296e38c2037970f34aadeec
experiment-data,analysis/e_e_maassim_rq2/subfleets/n8/nearest_n8_s45_queue_snapshots.jsonl,81892,9a21020132cc6bf3072b0f7607936cbd4d9ff9386771ff9e70d95623a7d5cf41
experiment-data,analysis/e_e_maassim_rq2/subfleets/n8/nearest_n8_s45_rides.csv,13728,3fad237b74007e0cb1974ff26734dd3bd46d7b9729c1ef964cea5c1b2f8f51ad
experiment-data,analysis/e_e_maassim_rq2/subfleets/n8/nearest_n8_s45_summary.json,2695,64c5eb422edd3cb12ef9ba4affbc3a0848a7a53ff8fdc7c4ca34845f7de20eed
experiment-data,analysis/e_e_maassim_rq2/subfleets/n8/nearest_n8_s45_trips.csv,15462,e192b8d8291d994d5e3a394edf32e0e1e6be71fe0ba6e40d7a8fab6728b6e4e1
experiment-data,analysis/e_e_maassim_rq2/subfleets/n8/nearest_n8_s46_driver_events.csv,11436,d9f10d9c592ffe7fe7c379a23b8ded0e900ae60f0d7ba5f57f2b7dacb0ca0b7b
experiment-data,analysis/e_e_maassim_rq2/subfleets/n8/nearest_n8_s46_passenger_events.csv,2251,d27be497f81aa9618da4368746a4d8e0f5945715e9e3ccfa5e87069a5824dcc4
experiment-data,analysis/e_e_maassim_rq2/subfleets/n8/nearest_n8_s46_personas.json,1164,75ce9e9323a963e3c47a96720b858228025b01ce47beee7d457868aff3059e5f
experiment-data,analysis/e_e_maassim_rq2/subfleets/n8/nearest_n8_s46_queue_snapshots.jsonl,114451,5687dd3002e3c53a78e84f0198b00581c59bef0f546ed5f62d9360ed6dc0f7a3
experiment-data,analysis/e_e_maassim_rq2/subfleets/n8/nearest_n8_s46_rides.csv,15593,cc575f0b653821146123cca2fa7d986ba7d57bb67dd5634806c03d043a9afc6d
experiment-data,analysis/e_e_maassim_rq2/subfleets/n8/nearest_n8_s46_summary.json,2698,6aa8d11a1294e459bcb057f8d6563554c60c91706cf1fbc65c6ca5b678254d72
experiment-data,analysis/e_e_maassim_rq2/subfleets/n8/nearest_n8_s46_trips.csv,17703,9411d9a5d0cbf851bac01f030b956cbc0a6a28a06a8ceb82a2b48b9accc9e7d2
experiment-data,analysis/e_e_maassim_rq2/subfleets/n8/nearest_n8_s47_driver_events.csv,8719,693c0449e1f226b7505b31742ce5956e6d4821119f1a69fb7ba431437270e749
experiment-data,analysis/e_e_maassim_rq2/subfleets/n8/nearest_n8_s47_passenger_events.csv,2461,0338dd1e5665d7f73b4b6f91980eff262fd81e655acc2e87b95f1893ccf60f5c
experiment-data,analysis/e_e_maassim_rq2/subfleets/n8/nearest_n8_s47_personas.json,1248,7f378cb1fa16da12fd8d1517c47c9acd9fa969e8311ba383dae6d82d4d2a9ebe
experiment-data,analysis/e_e_maassim_rq2/subfleets/n8/nearest_n8_s47_queue_snapshots.jsonl,97318,81764bc42d9654abc58f8df3bde48213a9a06c66fa2404f34e77ff1d0668b1ea
experiment-data,analysis/e_e_maassim_rq2/subfleets/n8/nearest_n8_s47_rides.csv,14228,d56053ad6ae3653d59ea07c98ed57c9388d249a4250888748b039333edd40aff
experiment-data,analysis/e_e_maassim_rq2/subfleets/n8/nearest_n8_s47_summary.json,2676,cc20613b204733c21b505afb8493e65d44e59f1e8247f8cb7bfe5310a3b3d88e
experiment-data,analysis/e_e_maassim_rq2/subfleets/n8/nearest_n8_s47_trips.csv,16107,1f0c57cbdbc56c0d03678ea1149e32d2bef4cf6696db6630c9fcddfdb16fcc7a
experiment-data,analysis/e_e_maassim_rq2/subfleets/n8/nearest_n8_s48_driver_events.csv,5269,32feaf67f411cdb24526f48a7452416169f68d06dd2439d5f834fd37d463cc0a
experiment-data,analysis/e_e_maassim_rq2/subfleets/n8/nearest_n8_s48_passenger_events.csv,2536,87cdaa40dca07ae40b05d2b3ad0524ff24ec4cd8fcd4fa667f0128e82e39c474
experiment-data,analysis/e_e_maassim_rq2/subfleets/n8/nearest_n8_s48_personas.json,1269,19033a0391a191d2801e354ea16b416888387d8e8d03de050d20fcc120d11f10
experiment-data,analysis/e_e_maassim_rq2/subfleets/n8/nearest_n8_s48_queue_snapshots.jsonl,64765,41ad741e387ef8bdcc264a6abad41a27eb23e834720ced4b9cfe34821a21bbe4
experiment-data,analysis/e_e_maassim_rq2/subfleets/n8/nearest_n8_s48_rides.csv,12108,252f3ef73a32b5875678ea9b222928621913a09ea7f8dbacfbe7a24c6e203cc7
experiment-data,analysis/e_e_maassim_rq2/subfleets/n8/nearest_n8_s48_summary.json,2676,90a54dbd8eaac6716d27a9cdef1af115228f0546e7572ee2adc9f06bf7201677
experiment-data,analysis/e_e_maassim_rq2/subfleets/n8/nearest_n8_s48_trips.csv,13875,6235030bae0e4c5d5dbdc6f991e212e898aad316013cb31c7d64087838418796
experiment-data,analysis/e_e_maassim_rq2/subfleets/n8/nearest_n8_s49_driver_events.csv,11372,5e354447efbe619cd4b4f97feb832d0aea599c7242929220116748c7fab9aadf
experiment-data,analysis/e_e_maassim_rq2/subfleets/n8/nearest_n8_s49_passenger_events.csv,2560,5c660a686e98022b67c674e1e713d006fac092fa734e47aa6c3477240fe0f1d9
experiment-data,analysis/e_e_maassim_rq2/subfleets/n8/nearest_n8_s49_personas.json,1269,b90e8acc0d01e0314a97f5694e5ff4b5fc7908e900a04a7996279305f6964b04
experiment-data,analysis/e_e_maassim_rq2/subfleets/n8/nearest_n8_s49_queue_snapshots.jsonl,110675,81426f5b99f1e5d4bd3647e0a93f727d9902314bfeab3eaa754fd490f8f49fe3
experiment-data,analysis/e_e_maassim_rq2/subfleets/n8/nearest_n8_s49_rides.csv,15686,b9688b17f1647882a786c22dbce0efc30d6a0cf5f6d45fc8c6d48c7cff61c472
experiment-data,analysis/e_e_maassim_rq2/subfleets/n8/nearest_n8_s49_summary.json,2660,f000d0e04e7bad83b56da34149f807b60b860ce277e8c8f4824568f51d1060c2
experiment-data,analysis/e_e_maassim_rq2/subfleets/n8/nearest_n8_s49_trips.csv,17257,7183c35d89224ace764555be3117ec30b22e68365da16b938d292e5a70682dfd
experiment-data,analysis/e_e_maassim_rq2/subfleets/n8/nearest_n8_s4_driver_events.csv,9725,00e43e4027ddfd690353baba7cf739e0910bb004c0abae983e5d44ca897f7016
experiment-data,analysis/e_e_maassim_rq2/subfleets/n8/nearest_n8_s4_passenger_events.csv,2491,114c4459cf4e72a65db42c1e6dc08784bc144ab4670ef5d2098fedb97a1d124f
experiment-data,analysis/e_e_maassim_rq2/subfleets/n8/nearest_n8_s4_personas.json,1224,2047cc8bf35ddb12aae7e37b1c332aa53cc5bab3e9dd20ac4f575286e9ac5c3d
experiment-data,analysis/e_e_maassim_rq2/subfleets/n8/nearest_n8_s4_queue_snapshots.jsonl,100798,52c5cc834498c214dc9a4f35fd406d33c0c9116ea54dcaf75a70b157eaa4a655
experiment-data,analysis/e_e_maassim_rq2/subfleets/n8/nearest_n8_s4_rides.csv,13842,30dbc6caa4d4f845dd10d56ee3ee09dbea702cedcdfb6d4e1fb73bed2c6ddcc2
experiment-data,analysis/e_e_maassim_rq2/subfleets/n8/nearest_n8_s4_summary.json,2702,03a60c37195ecf485824068f11d23dcd48c09bc06a9c600fd18e627ac96e97be
experiment-data,analysis/e_e_maassim_rq2/subfleets/n8/nearest_n8_s4_trips.csv,15694,a406b6beaae7ee0e5e248659cf80612c5e8060c0e6ceca2b6955dee7e8868cb6
experiment-data,analysis/e_e_maassim_rq2/subfleets/n8/nearest_n8_s50_driver_events.csv,6227,9dc0224c74d25b97195af8486df021b5739e45c325ce2d6dd004bdc53e1c6f5e
experiment-data,analysis/e_e_maassim_rq2/subfleets/n8/nearest_n8_s50_passenger_events.csv,2527,c2c210506fcabd4e5e8d06f78af2f127ade83f5787422b0465f340e90a19e6a1
experiment-data,analysis/e_e_maassim_rq2/subfleets/n8/nearest_n8_s50_personas.json,1269,3acd89a0359f07fe08224725c748e61677b306165f708a62d036ccd1555f00d8
experiment-data,analysis/e_e_maassim_rq2/subfleets/n8/nearest_n8_s50_queue_snapshots.jsonl,75048,a37b106b87915447ac0b474cc871c1c2f641adfb77aa0774196edf5d456062b3
experiment-data,analysis/e_e_maassim_rq2/subfleets/n8/nearest_n8_s50_rides.csv,12543,aca90bbc3d70ff1b2a83a3a2504862de9587db0cdc000a8674c9e1191fdede84
experiment-data,analysis/e_e_maassim_rq2/subfleets/n8/nearest_n8_s50_summary.json,2691,451aafc719b39f309277bf7150f0b0a0903384b64353d476d6a009cea4577440
experiment-data,analysis/e_e_maassim_rq2/subfleets/n8/nearest_n8_s50_trips.csv,14356,f771ca383f8bf6d4f06fd0d3e6188bd02769379b1fdf4a1c6f4c7a05bc2048f7
experiment-data,analysis/e_e_maassim_rq2/subfleets/n8/nearest_n8_s51_driver_events.csv,8612,4dd643769ff0bf0cfcd16ac52f9202007635c49b6fb1acd7474734f3815f6d9f
experiment-data,analysis/e_e_maassim_rq2/subfleets/n8/nearest_n8_s51_passenger_events.csv,2459,032db62556c62a337b48898a5abfcc3cc4514adc058f560bf266146eb1b686da
experiment-data,analysis/e_e_maassim_rq2/subfleets/n8/nearest_n8_s51_personas.json,1248,d5693c00d0a000f77f3931ff0f8066255613af7d0b31063530a96a4f129c148b
experiment-data,analysis/e_e_maassim_rq2/subfleets/n8/nearest_n8_s51_queue_snapshots.jsonl,90069,8c91de18665b62f6d66c2400162380c7c6ac1c00978759c0fcafff41275e7647
experiment-data,analysis/e_e_maassim_rq2/subfleets/n8/nearest_n8_s51_rides.csv,13950,2dc7025d1a2054bb94f1b93b5a71dafb0d311e2cadd80b14067316fca48ef070
experiment-data,analysis/e_e_maassim_rq2/subfleets/n8/nearest_n8_s51_summary.json,2696,20d947c3714f65ad0a05654d527aef129a5ef9b251ea9b21d44479a708575f30
experiment-data,analysis/e_e_maassim_rq2/subfleets/n8/nearest_n8_s51_trips.csv,15786,19c50e3dfc4722095bc4f5b93a056c762e330dc7d8cee698df73c0ac43c35156
experiment-data,analysis/e_e_maassim_rq2/subfleets/n8/nearest_n8_s52_driver_events.csv,5293,0ab9e4269e338f723cae226be6e16a734c76341f2a52da81e1c1d41e31d91817
experiment-data,analysis/e_e_maassim_rq2/subfleets/n8/nearest_n8_s52_passenger_events.csv,2540,96c5014d12cccb485df1bc0a9821682a5ce4c14636ed27e98b0cf8b5e7b0be29
experiment-data,analysis/e_e_maassim_rq2/subfleets/n8/nearest_n8_s52_personas.json,1269,a53f210eb2a96bb8044cc5fa7f737c41997d83f65ee55d6fbde16513933406da
experiment-data,analysis/e_e_maassim_rq2/subfleets/n8/nearest_n8_s52_queue_snapshots.jsonl,63577,e5dad30b863be30a7e9222e2d5d629d9e4b2b6283b5460b50d803a57dca0d6f5
experiment-data,analysis/e_e_maassim_rq2/subfleets/n8/nearest_n8_s52_rides.csv,12417,88871395c4adbb74e37c3fca2d5cdb2bcc1d57c94dec2ebd84cf75f10a42a9ce
experiment-data,analysis/e_e_maassim_rq2/subfleets/n8/nearest_n8_s52_summary.json,2669,6d01c748e7342e9b074fd75db968de9d30c01b8e07da7c976726ec8196b79007
experiment-data,analysis/e_e_maassim_rq2/subfleets/n8/nearest_n8_s52_trips.csv,14279,80f1f070aa2ccd61c935589d6ef3faf64127cdfa370f38d66b2e35e98676a2a3
experiment-data,analysis/e_e_maassim_rq2/subfleets/n8/nearest_n8_s53_driver_events.csv,7256,32696ad826daf4c41c59c1ad02ebf903ece7afaba9a54f68a76762d470674609
experiment-data,analysis/e_e_maassim_rq2/subfleets/n8/nearest_n8_s53_passenger_events.csv,2532,497fcd56ecad85beada07c5309750166c50944f15933d852d11744ade0d88aef
experiment-data,analysis/e_e_maassim_rq2/subfleets/n8/nearest_n8_s53_personas.json,1248,d84453645b3b378bd9a9b49f7c4ede766df8a24349579033670a5282f597d54d
experiment-data,analysis/e_e_maassim_rq2/subfleets/n8/nearest_n8_s53_queue_snapshots.jsonl,81874,867e8c36b4339c733b165744718cf42be62ea7acf5b475fe2b8821a957ba4de5
experiment-data,analysis/e_e_maassim_rq2/subfleets/n8/nearest_n8_s53_rides.csv,12577,5ae850075b3ae3f2cabe3b59718f424e94a79e802548ff6233a23b278ed7c620
experiment-data,analysis/e_e_maassim_rq2/subfleets/n8/nearest_n8_s53_summary.json,2691,aeb396636ba310d4424e059674e8809afd36c90b6eea467da6a3f2dd3287b752
experiment-data,analysis/e_e_maassim_rq2/subfleets/n8/nearest_n8_s53_trips.csv,14391,437d9b8958f3ab35e14262bbc6e24888fe485345e49658f3f8812996bf60a482
experiment-data,analysis/e_e_maassim_rq2/subfleets/n8/nearest_n8_s54_driver_events.csv,8637,5fcd1adfcba7095149ed518bcccac355e0b84f92b46d76121642d5744ab73e1d
experiment-data,analysis/e_e_maassim_rq2/subfleets/n8/nearest_n8_s54_passenger_events.csv,2530,01cd7f9d531506618d7e0fce1005cb45cbaf545306be592482bf2a0d3754e9d9
experiment-data,analysis/e_e_maassim_rq2/subfleets/n8/nearest_n8_s54_personas.json,1248,b25c3772666c9b6a0907520ecdf31726739ad63b51a8ecef0ec667babb5f099c
experiment-data,analysis/e_e_maassim_rq2/subfleets/n8/nearest_n8_s54_queue_snapshots.jsonl,89491,37e27f4cdea57e0e7b8fcaa43575286de0149dbe5bd91936dd290b99d7132741
experiment-data,analysis/e_e_maassim_rq2/subfleets/n8/nearest_n8_s54_rides.csv,13797,5bc1c628384b8a568687b80b7ff9e08c2885dcd08ef6df1cdf8b95cff11fcf5b
experiment-data,analysis/e_e_maassim_rq2/subfleets/n8/nearest_n8_s54_summary.json,2704,e42057d50dc2990c362b5236ed402997e4c40f9a056fb4a9ac9db489078310bb
experiment-data,analysis/e_e_maassim_rq2/subfleets/n8/nearest_n8_s54_trips.csv,15529,4e6c98b03691411c5183551609ef5b4bae5656d76d8287eeaee8b4bedc80aec4
experiment-data,analysis/e_e_maassim_rq2/subfleets/n8/nearest_n8_s55_driver_events.csv,7708,79529ba8c2af25df73451ff89382c8c2e065998643262e5b33cd64c92c99dfa5
experiment-data,analysis/e_e_maassim_rq2/subfleets/n8/nearest_n8_s55_passenger_events.csv,2622,a4d3f382cf20f2796ea7b4cb07940e69d0ddf431bac298a534e4ec5a32f94cfb
experiment-data,analysis/e_e_maassim_rq2/subfleets/n8/nearest_n8_s55_personas.json,1269,4dd1fe4abf8e81fe4b0258614a052318f507d552d105c4f09a122a86f8e9350e
experiment-data,analysis/e_e_maassim_rq2/subfleets/n8/nearest_n8_s55_queue_snapshots.jsonl,87931,e509289941f29c32d79325b54fa851fc0c94154214b59087d749648175a139db
experiment-data,analysis/e_e_maassim_rq2/subfleets/n8/nearest_n8_s55_rides.csv,13407,b46b1400658dd822f03e1f8616d3e94dbaec6df424b47a8f05368d3d1cdf2840
experiment-data,analysis/e_e_maassim_rq2/subfleets/n8/nearest_n8_s55_summary.json,2675,00f39b15b8529e868cc9cdc0d83ad7c0ed61712237e45c2663f93f5b6e888add
experiment-data,analysis/e_e_maassim_rq2/subfleets/n8/nearest_n8_s55_trips.csv,15157,5e1557552c4f22caacb582cbd8d0f50b87a70c11d9ec9140b9cef9b5cdf9b0fa
experiment-data,analysis/e_e_maassim_rq2/subfleets/n8/nearest_n8_s56_driver_events.csv,11316,d171dca2b19636210a8ef94f2ff75161057295cf47e84f13f91d512d0decf15a
experiment-data,analysis/e_e_maassim_rq2/subfleets/n8/nearest_n8_s56_passenger_events.csv,2503,a274326c1b0714a7d4b66555df7c518526ac8a8b18809b49e6942a02bd693192
experiment-data,analysis/e_e_maassim_rq2/subfleets/n8/nearest_n8_s56_personas.json,1227,52dbfb2cfbedb838f33bd286c180205606e69a70a5db246c3f871e444d215f79
experiment-data,analysis/e_e_maassim_rq2/subfleets/n8/nearest_n8_s56_queue_snapshots.jsonl,118051,1de3485c7279e55a75f18c3695f8a15308ad555f06b597435de292f311113e97
experiment-data,analysis/e_e_maassim_rq2/subfleets/n8/nearest_n8_s56_rides.csv,14481,09181fb3cbbdb27e1be4b45370b72242b18ae2ae034fb8f435215813e7482065
experiment-data,analysis/e_e_maassim_rq2/subfleets/n8/nearest_n8_s56_summary.json,2696,2fa61e928785bdf45747dc9f4ef6a455d5ab8423ca5f1bde33df0b7eb7e17126
experiment-data,analysis/e_e_maassim_rq2/subfleets/n8/nearest_n8_s56_trips.csv,16219,dd2f8178e9ad5509b77924c141d6140832a4643a7a2736d7bb1e2329ad05dfe4
experiment-data,analysis/e_e_maassim_rq2/subfleets/n8/nearest_n8_s57_driver_events.csv,8055,a8e7c76b2346ddc2e5b2bffa9360eb59c8417b664ad7623b78fa5e55b3601995
experiment-data,analysis/e_e_maassim_rq2/subfleets/n8/nearest_n8_s57_passenger_events.csv,2448,aae2da205569f249d615949acd7a50023737b5163260675ad571c9a52e54ed78
experiment-data,analysis/e_e_maassim_rq2/subfleets/n8/nearest_n8_s57_personas.json,1248,63a4b835e870a36e462e61d3d2d1faf1c0eca3cb734500c72702dd86126a5f56
experiment-data,analysis/e_e_maassim_rq2/subfleets/n8/nearest_n8_s57_queue_snapshots.jsonl,89102,0bbcfdd717f0341a19a6215fcc22fd8c0929e887c57158afed97bc6cbe7f715f
experiment-data,analysis/e_e_maassim_rq2/subfleets/n8/nearest_n8_s57_rides.csv,13813,d304bce7ef2bbcd1a47c22d90ea14fb6f8bf9f3995544f78dea6a2a8f3f25634
experiment-data,analysis/e_e_maassim_rq2/subfleets/n8/nearest_n8_s57_summary.json,2692,2670b2aff86a84c34d1ed55963680c9201e588a66534b964e56bc035ec11c027
experiment-data,analysis/e_e_maassim_rq2/subfleets/n8/nearest_n8_s57_trips.csv,15708,35dee5d744dfb2b6192c9164a703bc448a2ceedc2bffab63c23a319f4d213fbc
experiment-data,analysis/e_e_maassim_rq2/subfleets/n8/nearest_n8_s58_driver_events.csv,5504,50e17f3fad07d2e3474eb340bcd28140e76b6ddf1d72c8a8e118ecbf32b0a15c
experiment-data,analysis/e_e_maassim_rq2/subfleets/n8/nearest_n8_s58_passenger_events.csv,2562,09c4077ff8b8ade32f60eb772495f56187b0c1599b3b714831d6833874c6e748
experiment-data,analysis/e_e_maassim_rq2/subfleets/n8/nearest_n8_s58_personas.json,1269,3db9016cbeb1409bfcee969332b66b7610a05a0c966a61c77c1e76c0e2f311a9
experiment-data,analysis/e_e_maassim_rq2/subfleets/n8/nearest_n8_s58_queue_snapshots.jsonl,64050,2ef18748cc84d6d2a1ebe90457d1b735f34f2558b390e5928dd2ea405d0aa1c0
experiment-data,analysis/e_e_maassim_rq2/subfleets/n8/nearest_n8_s58_rides.csv,11879,47e8041916f5b10be5f6849b676c7628b742f11ce529fc57207e15f9f24f2a4d
experiment-data,analysis/e_e_maassim_rq2/subfleets/n8/nearest_n8_s58_summary.json,2677,c45341617c7d95bf108b7dd850ffef61d8af77d59c42f4dbfe887723f9710118
experiment-data,analysis/e_e_maassim_rq2/subfleets/n8/nearest_n8_s58_trips.csv,13659,be948deed4d84b27a57f25229c1e34a9055725407a34047ba74ac029c0f3adc7
experiment-data,analysis/e_e_maassim_rq2/subfleets/n8/nearest_n8_s59_driver_events.csv,7163,37274016627df6817647742a46a419f641cb9c97c8841f0707563009abca1439
experiment-data,analysis/e_e_maassim_rq2/subfleets/n8/nearest_n8_s59_passenger_events.csv,2558,8671a339da7723c6ac12d41591afa702c7f7c87ab8b41c11c42a268cc5424649
experiment-data,analysis/e_e_maassim_rq2/subfleets/n8/nearest_n8_s59_personas.json,1269,826abe770b5de98c48a0cebd4feaa29a76af619890fb623103a3d2e538860e50
experiment-data,analysis/e_e_maassim_rq2/subfleets/n8/nearest_n8_s59_queue_snapshots.jsonl,80006,ec1d0f8b18dce4acc061011d53a4ce98de4758ded747a4ce10fd22d4dc691979
experiment-data,analysis/e_e_maassim_rq2/subfleets/n8/nearest_n8_s59_rides.csv,12967,21091a9450c477b331d936e11859a538f31d26fffd3099f00b82c0479af457c6
experiment-data,analysis/e_e_maassim_rq2/subfleets/n8/nearest_n8_s59_summary.json,2676,f371a68a05811ac651e7fc3f82dda10bc47862d1601fe57edd60a9d3edbe33f8
experiment-data,analysis/e_e_maassim_rq2/subfleets/n8/nearest_n8_s59_trips.csv,14644,475c2cb5ea89dd385fd72a60cff54a82599e0bc3cf70fb462612456d16a619b7
experiment-data,analysis/e_e_maassim_rq2/subfleets/n8/nearest_n8_s5_driver_events.csv,8760,14aaf438502fb94036258d2539dee3973f99930568bceadf4cb395d24c708cd4
experiment-data,analysis/e_e_maassim_rq2/subfleets/n8/nearest_n8_s5_passenger_events.csv,2499,4376679a9e2afbfca0d2d44ff4178c4976b8348fa7df487dd37e090fca5c4680
experiment-data,analysis/e_e_maassim_rq2/subfleets/n8/nearest_n8_s5_personas.json,1245,4b37766705a0521eafd7ba35715abfa8afbe3b152420f980f9a68aa4b72f1716
experiment-data,analysis/e_e_maassim_rq2/subfleets/n8/nearest_n8_s5_queue_snapshots.jsonl,93978,3799ec914abba789eb4badf62479c0b6ada6ff0a4edc624b0d787b2a1919c04f
experiment-data,analysis/e_e_maassim_rq2/subfleets/n8/nearest_n8_s5_rides.csv,13607,f7fba08650b1145340a4844ebefb51777349fabdae5288ecb83a223461655b48
experiment-data,analysis/e_e_maassim_rq2/subfleets/n8/nearest_n8_s5_summary.json,2657,e9c69d198a55f2a08b1a8f18ff7fb02bf6a7498314749cd0cd3f8c98458b2e76
experiment-data,analysis/e_e_maassim_rq2/subfleets/n8/nearest_n8_s5_trips.csv,15373,9bb885f9bc647f84633e4faf87f7edb2f895651d60b1af2b886d15f47afcb048
experiment-data,analysis/e_e_maassim_rq2/subfleets/n8/nearest_n8_s6_driver_events.csv,6995,0907be90289eae8eda75209d4cb86342c92c50cacb0d3d35a10fcab44340c0e7
experiment-data,analysis/e_e_maassim_rq2/subfleets/n8/nearest_n8_s6_passenger_events.csv,2564,c11312d28d3b469681717a4fe8385f99e6be36897ebf6fe815d785b2de9ce98c
experiment-data,analysis/e_e_maassim_rq2/subfleets/n8/nearest_n8_s6_personas.json,1266,42c7daecaa40921d8b08fb59621f12b51f9395a9fd2f88cdc2d97963c08dd517
experiment-data,analysis/e_e_maassim_rq2/subfleets/n8/nearest_n8_s6_queue_snapshots.jsonl,74482,0c04f38690fe2a675081f86aa9673b1b4e1fe4a70e79b6da2f23b0ce065e11a2
experiment-data,analysis/e_e_maassim_rq2/subfleets/n8/nearest_n8_s6_rides.csv,12399,911ec77a42d9249e0e111fecc83ad1db7ad5c71e01779d7d5da6af2a7d6abde4
experiment-data,analysis/e_e_maassim_rq2/subfleets/n8/nearest_n8_s6_summary.json,2684,bb7271cdb3629f4260c99a6b6196e18e41a3e47bc14248dc454e08b5e34b77af
experiment-data,analysis/e_e_maassim_rq2/subfleets/n8/nearest_n8_s6_trips.csv,14051,19f91db286fbf50aaf42a3d428943d775f0f1bde95d78378664173d85d7bb834
experiment-data,analysis/e_e_maassim_rq2/subfleets/n8/nearest_n8_s7_driver_events.csv,7661,31b015473e800bb9ae3e92b7ef619451b5ed6a2d4516deaf65417c882f47f25b
experiment-data,analysis/e_e_maassim_rq2/subfleets/n8/nearest_n8_s7_passenger_events.csv,2506,095b90d3f0ac2b8f86da573937f5de1b9a3be3212170e70f9760ac53ebfe4975
experiment-data,analysis/e_e_maassim_rq2/subfleets/n8/nearest_n8_s7_personas.json,1266,9418e9759b9a6b4f498742dfd8e296c9644cb7633cffa8b6f9ece06d2141cdd0
experiment-data,analysis/e_e_maassim_rq2/subfleets/n8/nearest_n8_s7_queue_snapshots.jsonl,80861,2db1ba2b6e711931013068b82d24f1b9a29398421b6e6a567da6248751e75b6d
experiment-data,analysis/e_e_maassim_rq2/subfleets/n8/nearest_n8_s7_rides.csv,13561,115bdf02d810f68333455c732dfbd6b6f0384d3f2804783f6544d6638f600c2d
experiment-data,analysis/e_e_maassim_rq2/subfleets/n8/nearest_n8_s7_summary.json,2669,c2e8194164172fad5f8f1eccc80155fb8531747434e6daf6e89c176f9fc961fc
experiment-data,analysis/e_e_maassim_rq2/subfleets/n8/nearest_n8_s7_trips.csv,15300,7322f06a2e509a8cf66e30f3538e3f0a008523152d7cb67e7ee6925ec9353e93
experiment-data,analysis/e_e_maassim_rq2/subfleets/n8/nearest_n8_s8_driver_events.csv,11459,d6ec0ed647dd941fb6a8fb3014ed1e1d0b45952b41321052baef63d6307ebb0d
experiment-data,analysis/e_e_maassim_rq2/subfleets/n8/nearest_n8_s8_passenger_events.csv,2437,b791e1d48c61844776f9939c3c1c46d9319cfc7a9809ae5356e7cc426883b7d3
experiment-data,analysis/e_e_maassim_rq2/subfleets/n8/nearest_n8_s8_personas.json,1224,40ce5164eddb4411ff0ef647b264979e8726475a91704e12c86a25cd3396b01a
experiment-data,analysis/e_e_maassim_rq2/subfleets/n8/nearest_n8_s8_queue_snapshots.jsonl,126485,4843a2525e3532eae460a990c0580efa85d18f2f42d916bc876b8da2b8b84729
experiment-data,analysis/e_e_maassim_rq2/subfleets/n8/nearest_n8_s8_rides.csv,15318,a032db82a86f864c645dcbb99953835b894a5779745ab1f0ea0ba4c4e5355aa2
experiment-data,analysis/e_e_maassim_rq2/subfleets/n8/nearest_n8_s8_summary.json,2688,c7ac511958ff058d3a440f15bc65fd5411aa2b770a8f65571ef9e82bc11a30cd
experiment-data,analysis/e_e_maassim_rq2/subfleets/n8/nearest_n8_s8_trips.csv,17169,e3c0e7e77ca25e833b639f857d2f4c9522e191fff2ce109b67dc38609835e82e
experiment-data,analysis/e_e_maassim_rq2/subfleets/n8/nearest_n8_s9_driver_events.csv,6096,66c77524a0fcf185d100e2f5337775211cde542f906c6a83841c983f50801436
experiment-data,analysis/e_e_maassim_rq2/subfleets/n8/nearest_n8_s9_passenger_events.csv,2575,97a606beb1ccd1987545db05e95ee1845903c0ccabcda3dbd1822fb45846a9b8
experiment-data,analysis/e_e_maassim_rq2/subfleets/n8/nearest_n8_s9_personas.json,1266,d5947e899426ec3d41e213a350efdd518ab26049d0a132ca4004efbfa171ab28
experiment-data,analysis/e_e_maassim_rq2/subfleets/n8/nearest_n8_s9_queue_snapshots.jsonl,75768,d7309cf9a8c9fb9dc77e4f52711a768d58a54227aa8211c3349babad704c9e21
experiment-data,analysis/e_e_maassim_rq2/subfleets/n8/nearest_n8_s9_rides.csv,12872,228cdf7d19f8b8c537ec040108518da3b3eb0e1972072abc3137634ee5604099
experiment-data,analysis/e_e_maassim_rq2/subfleets/n8/nearest_n8_s9_summary.json,2666,eeac2697ba0b5dd1b3b76880833d958cbea20727b481c478dc086336cc15fb04
experiment-data,analysis/e_e_maassim_rq2/subfleets/n8/nearest_n8_s9_trips.csv,14657,0e656324b81d5589fe753ce9c22228a5023b19ef43772ca76b63b27194f617b0
experiment-data,analysis/e_f_maassim_bonus/e_f_maassim_bonus.md,278,99e6ac5933448db80a64796ad13ab5b801edf4e065ad4ce4c4d7f7f65319879b
experiment-data,analysis/e_f_maassim_bonus/e_f_maassim_bonus_metadata.json,704,24ec822fca0ad7c219d89cd6be524f32ab29fe8cca4140c78535fac4575bee3d
experiment-data,analysis/e_f_maassim_bonus/e_f_maassim_bonus_per_seed.csv,1381,0c3fe1dd271d75462fda6a7f2ca909663218ce0e445a2c2acf521dfa32547b21
experiment-data,analysis/e_f_maassim_bonus/e_f_maassim_bonus_summary.csv,240,3228d44921e4e4cdb647d98f295e582a6c1d1b2407fb125db16ee7a55bbe9987
experiment-data,analysis/e_g_hp_spgg_component_ladder/calibration_analytic_n3.npy,15632,d6362fd4a067e1c9cc653201acf6f28d08f0e20404aeff2ec7a64f8a8697c986
experiment-data,analysis/e_g_hp_spgg_component_ladder/e_g_hp_spgg_component_ladder.md,59824,6025b3481b1862b34d6c9f2fa7c898716ebb155c543b16cb420132ab2775fd95
experiment-data,analysis/e_g_hp_spgg_component_ladder/e_g_hp_spgg_component_ladder.npz,67122,ab53575acadb471c047ece6c1356e32cdf00724a06635eea8aa762d445bb739d
experiment-data,analysis/e_g_hp_spgg_component_ladder/e_g_hp_spgg_component_ladder_long.csv,31068,447e8e72c959f75cbd43b57748be3d654e39163df6c79bfb5be04f9858f9ffe6
experiment-data,analysis/e_g_hp_spgg_component_ladder/e_g_hp_spgg_component_ladder_metadata.json,2520,69b74ce7d27ef95b2a17979033bfe1d4005f90bcd30c72c1fe1da916eb86401a
experiment-data,analysis/e_g_hp_spgg_component_ladder/e_g_hp_spgg_component_ladder_summary.csv,924,27476a217d01972e8a548139768e5b04666813384ad5450453f8405271f3a0cd
experiment-data,analysis/e_h_maassim_grouped_prior/confirmatory_seed20_59_preregistration.json,1924,c0e6764fefe338212d6bc74c22717fd7d1cfda7dd0e917f782ad97eab6f011e2
experiment-data,analysis/e_h_maassim_grouped_prior/e_h_diagnostics.csv,12695,d5c85aad7b85c60be45d3e3b5d2535140840cdc9be66e18004edfa8defee051e
experiment-data,analysis/e_h_maassim_grouped_prior/e_h_diagnostics.json,24984,c44b5b74226ba7e11c7b7c402fbf7f6e8f2e1cc29dbf53f0b7f0f516c1d2d10e
experiment-data,analysis/e_h_maassim_grouped_prior/e_h_diagnostics.md,3386,6f7669bd3c0af3bad3eb4cadd7902e070ebe175b330e6a28bac5adc87f700f04
experiment-data,analysis/e_h_maassim_grouped_prior/e_h_diagnostics_sha256.json,535,6bd0bd7650b147dcaea995b97eab534b00fec5a3471385d440c3a1b4ec32de9b
experiment-data,analysis/e_h_maassim_grouped_prior/e_h_maassim_grouped_prior.csv,35877,9a2d9dd58dd3f56c5bf37a7dfa548b3323b07f27f9d26981b95126394b98b183
experiment-data,analysis/e_h_maassim_grouped_prior/e_h_maassim_grouped_prior.pdf,18215,13caacd33d65d5208302de36d383c52f4beecc7126f8d9fd91d5344788850fdb
experiment-data,analysis/e_h_maassim_grouped_prior/e_h_maassim_grouped_prior.png,52909,2216d2daa7681192567777642ef254a3c6a717466e7fe528b7a4d181af0499be
experiment-data,analysis/e_h_maassim_grouped_prior/e_h_maassim_grouped_prior_metadata.json,22110,6e510842dc58cd10d7a7dc07ffe8f06c049e4d2f86d343967674c53b9f7503f5
experiment-data,analysis/e_h_maassim_grouped_prior/e_h_maassim_grouped_prior_minimal.md,1178,fc4deabc71a2be7e09e2a60b1079fc8b30c8922772fa21ab2e568eafdc3823a1
experiment-data,analysis/e_h_maassim_grouped_prior/e_h_maassim_grouped_prior_sha256.json,918,045a7ca8b2bdb844b9374f4e6ff9fafa470ba3c9b6c165527e5aca636f52ca91
experiment-data,analysis/e_h_maassim_grouped_prior/e_h_pre_repair_equal_regret_audit.json,1555,85783e70b2fa5c6cba26f453f52dd58e85266406f3a3790e3e9733e7a2ed5872
experiment-data,analysis/e_h_maassim_grouped_prior/e_h_rho0p0_g4_n8_m2_s20.npz,11662,b5ca391466030daa95d6ac6a16a1ef46f69797ac6298728b8b487a311306b188
experiment-data,analysis/e_h_maassim_grouped_prior/e_h_rho1p0_g4_n8_m2_s20.npz,13308,62bdb1f825dd20b0bd4f88b1aea4303381dd480715a14fd296aea54efd31a11e
experiment-data,analysis/e_h_maassim_grouped_prior/g2_confirm_seed20_59/e_h_group_size_control.json,3049,fd0458acb23b3be8c54cf1295606f78fb34e4e2ca7280082b68ed0413bcecd19
experiment-data,analysis/e_h_maassim_grouped_prior/group_size_seed20_59_preregistration.json,1559,737bc90045c187a4ff55d1c8ca9100f4961fa7f2aba7a05d3edf7850d8017a1c
experiment-data,analysis/e_h_maassim_grouped_prior/k20/e_h_diagnostics.csv,35321,53fd5608285c7fa6761cfe9c410967c9b1ea4dcc93dd3e8fa358b9a60901d3fc
experiment-data,analysis/e_h_maassim_grouped_prior/k20/e_h_diagnostics.json,63329,9877afbd500f497d37730dbfbc8cfb60196a1ef7645be69f90a997498ff8e53f
experiment-data,analysis/e_h_maassim_grouped_prior/k20/e_h_diagnostics.md,7461,7b9cf0e9848e0107821656e9f558bea6bd4f88ca7d68c2f67e5872ee6abb1b0b
experiment-data,analysis/e_h_maassim_grouped_prior/k20/e_h_diagnostics_sha256.json,535,f24ad308a455eac1c2a27fa2d19bf889d7c875f125c5aa8fb2c15a1a27372e05
experiment-data,analysis/e_h_maassim_grouped_prior/k20/e_h_joint_monotonicity.json,44482,40f845f21ff1cc87cd9775a39cca99211cda49884ce7ac457205ca7739d6a9a1
experiment-data,analysis/e_h_maassim_grouped_prior/k20/e_h_joint_monotonicity.md,188,fe0a02c00d635c5d8033c55330a5b86cd76a2da82247d2fe1c9c11f146c6e0c9
experiment-data,analysis/e_h_maassim_grouped_prior/k20/e_h_joint_monotonicity_sha256.json,388,3283d22cbd024461a77bed70067e03121ec28a28dd5d886ef0316aec15d8a588
experiment-data,analysis/e_h_maassim_grouped_prior/k20/e_h_joint_update_audit.json,194950,13feabfb816ed85e70f57b7fd364175f225404c423aa772939f31c5bd6b494b8
experiment-data,analysis/e_h_maassim_grouped_prior/k20/e_h_joint_update_audit.md,195,2b13dc0210a01ccca1a0d2ae685cf22ad31ba3dc07e387a2a84828797bdb8041
experiment-data,analysis/e_h_maassim_grouped_prior/k20/e_h_joint_update_audit_sha256.json,389,f130526a0c328cfcce2d83b04d0c9cf56e29405041f5a074a30e115eb9379afe
experiment-data,analysis/e_h_maassim_grouped_prior/k20/e_h_maassim_grouped_prior.csv,36820,aa3d9e5d6aa45439062f67910fd8dfea89852f8cd0c6cccb331a77c761f35e22
experiment-data,analysis/e_h_maassim_grouped_prior/k20/e_h_maassim_grouped_prior_metadata.json,73533,da82ce25558f902379084912675ca510ec4b6ff6c457b2c14332c4947f14734e
experiment-data,analysis/e_h_maassim_grouped_prior/k20/e_h_maassim_grouped_prior_minimal.md,1807,09b80daa187ecc463c0ff4d0d5f5e016a92f63c75218a86b045970bc2e26261f
experiment-data,analysis/e_h_maassim_grouped_prior/k20/e_h_maassim_grouped_prior_sha256.json,918,a3f1e957d64a5460bd6f8fa37557f8d19aedace2ab6aee0746d545058998df3b
experiment-data,analysis/e_h_maassim_grouped_prior/k20/e_h_mechanism_diagnostics.csv,17173,b02d74141a8e0829cd46f247e3060b88cbb5842e4ebebefdcba16a0340880ce8
experiment-data,analysis/e_h_maassim_grouped_prior/k20/e_h_mechanism_diagnostics.json,55513,85fed9a55361e71a694f94ec11e711719a0212f183d46daac67f2d8659a757a6
experiment-data,analysis/e_h_maassim_grouped_prior/k20/e_h_mechanism_diagnostics.md,107,392fc1952f4e433998d671baae15914796f6e2ea5f490b5d94aaf29d7d57dbec
experiment-data,analysis/e_h_maassim_grouped_prior/k20/e_h_mechanism_diagnostics_sha256.json,564,32aff154138b38a444761d81c3f74ced18bf3adf447af3049012f5164cfea614
experiment-data,analysis/e_h_maassim_grouped_prior/k20/e_h_rho0p0_g4_n8_m2_s20.npz,31409,177edb91e5878624af58e651de23cfa7e1fed85f67bc8a9bccd93dc94c354820
experiment-data,analysis/e_h_maassim_grouped_prior/k20/e_h_rho1p0_g4_n8_m2_s20.npz,38137,196afc4ba7c708b10cf2f6635f47b2c9f37774adaa16cc9dd52442de4a0d5303
experiment-data,analysis/e_h_maassim_grouped_prior/k20_deterministic_crn_confirm_seed20_59/e_h_joint_monotonicity.json,13311,9e3d14678a8d82ab85106eac2b585d15b90dc506518fd09c4fc20a73fb2b9cf5
experiment-data,analysis/e_h_maassim_grouped_prior/k20_deterministic_crn_confirm_seed20_59/e_h_joint_monotonicity.md,185,448fbbe8f33a570944205cc079a9adffd5b10b108bef8480e5a81694c8caab61
experiment-data,analysis/e_h_maassim_grouped_prior/k20_deterministic_crn_confirm_seed20_59/e_h_joint_monotonicity_sha256.json,388,f9f99c4f7304dee31d7ef0ddb93d34dd8a04c964c435ecd691f4b513688337ad
experiment-data,analysis/e_h_maassim_grouped_prior/k20_deterministic_crn_confirm_seed20_59/e_h_maassim_grouped_prior.csv,83801,1012bc062826e446cffd8cabc3c5f10da003dd7312eb1f0952d9e7a92bea952b
experiment-data,analysis/e_h_maassim_grouped_prior/k20_deterministic_crn_confirm_seed20_59/e_h_maassim_grouped_prior_metadata.json,73546,fe056f774316836c8be53e9d6b39e19d2bd6a0cfdc99e146ac0306f36191b2c9
experiment-data,analysis/e_h_maassim_grouped_prior/k20_deterministic_crn_confirm_seed20_59/e_h_maassim_grouped_prior_minimal.md,1521,66e47564c5fddc48ebd26c6ffb2cfc446b2c10c9f8f138423efaf294017c2fa3
experiment-data,analysis/e_h_maassim_grouped_prior/k20_deterministic_crn_confirm_seed20_59/e_h_maassim_grouped_prior_sha256.json,918,6db55663668eb7be3035c9b71a747ea294a686d8279d0b3a10bca5b6484cd376
experiment-data,analysis/e_h_maassim_grouped_prior/k20_deterministic_crn_confirm_seed20_59/e_h_rho0p0_g4_n8_m2_s40.npz,30802,e92883230f22c88db391713753675829bdffe9078803ba064b5ee84c18af8ea2
experiment-data,analysis/e_h_maassim_grouped_prior/k20_deterministic_crn_confirm_seed20_59/e_h_rho1p0_g4_n8_m2_s40.npz,31278,7ded20cced85f4101c6f08db7ec3a519091573c0f433aca141b4c7ce98e67e20
experiment-data,analysis/e_h_maassim_grouped_prior/k20_deterministic_likelihood/e_h_diagnostics.csv,35004,d41a4ca77e94d47fe976baaf8158ae5838d1711d4ecbf50dd8f5ef1199390a63
experiment-data,analysis/e_h_maassim_grouped_prior/k20_deterministic_likelihood/e_h_diagnostics.json,63012,90d96547922b4f55ac08145a4670c22ef8f0cb5205bba8c5abe7aa6c83ca5295
experiment-data,analysis/e_h_maassim_grouped_prior/k20_deterministic_likelihood/e_h_diagnostics.md,7462,e8dfc888df49ab95b7a8ee8887deaa8ae3e014c7e06a892e713ece3f5702a984
experiment-data,analysis/e_h_maassim_grouped_prior/k20_deterministic_likelihood/e_h_diagnostics_sha256.json,535,6825d30819c0b3d37f821bc53e2fa82d580914b3a1f9576a20216486f15b192c
experiment-data,analysis/e_h_maassim_grouped_prior/k20_deterministic_likelihood/e_h_joint_monotonicity.json,7025,fbb922313f771f5d66fb52d045a62faecf685f05b54a2e8764dffafff7d21b5b
experiment-data,analysis/e_h_maassim_grouped_prior/k20_deterministic_likelihood/e_h_joint_monotonicity.md,185,6e0e9e26c933c723658927661d58394d9f24a19471071231ee1e4fe99dd4e061
experiment-data,analysis/e_h_maassim_grouped_prior/k20_deterministic_likelihood/e_h_joint_monotonicity_sha256.json,387,a6c833ad4caff1613966f18cf09705a59d3f89c5a8948f49ab601238ea8e4e92
experiment-data,analysis/e_h_maassim_grouped_prior/k20_deterministic_likelihood/e_h_maassim_grouped_prior.csv,40390,cf38a0bc864eb9ca9475b57061112b585f1fdd8d5d75bc40fdc61e9530adb4a0
experiment-data,analysis/e_h_maassim_grouped_prior/k20_deterministic_likelihood/e_h_maassim_grouped_prior_metadata.json,73535,245a83dc927761e97ba53925a3068a6c3500bc20a03ec97fb40564dbcd9423d6
experiment-data,analysis/e_h_maassim_grouped_prior/k20_deterministic_likelihood/e_h_maassim_grouped_prior_minimal.md,1778,50d359c580c8289e8b6e372dc0aeb4f2a2a53b8693cd60696a044c29adb68560
experiment-data,analysis/e_h_maassim_grouped_prior/k20_deterministic_likelihood/e_h_maassim_grouped_prior_sha256.json,918,c5a099b3fb56d182926c50f676e2ca26f0080f12dea4d2aebdeb1b75a8953261
experiment-data,analysis/e_h_maassim_grouped_prior/k20_deterministic_likelihood/e_h_rho0p0_g4_n8_m2_s20.npz,20113,87f85a017a8cd10765665b4b698274064f8a6b5123c063316d11bff184b7d476
experiment-data,analysis/e_h_maassim_grouped_prior/k20_deterministic_likelihood/e_h_rho1p0_g4_n8_m2_s20.npz,19149,78f050e5f8f7d5440a2a3c39f47ee96d9ea14afabbec14503a323151f4bb9cab
experiment-data,analysis/e_h_maassim_grouped_prior/k20_deterministic_likelihood_crn/e_h_maassim_grouped_prior.csv,41766,8c702e04d44a51cce9fac873bcca888585d008dc9d3e8299b91f4f49ed73487d
experiment-data,analysis/e_h_maassim_grouped_prior/k20_deterministic_likelihood_crn/e_h_maassim_grouped_prior_metadata.json,73081,f63dc5af6a26316e9df9a6e14e6113727a2fb13aa050cb70f105b84959c6052c
experiment-data,analysis/e_h_maassim_grouped_prior/k20_deterministic_likelihood_crn/e_h_maassim_grouped_prior_minimal.md,1521,25926aa1435095571a1eb60ec7d045309e5846d2c2c448ebb8280b3da352edde
experiment-data,analysis/e_h_maassim_grouped_prior/k20_deterministic_likelihood_crn/e_h_maassim_grouped_prior_sha256.json,918,e49b9e9f349d4a7a5d91bc0c63b2d5da3c5942363fb7fd24af4fd0ff2c7a86dd
experiment-data,analysis/e_h_maassim_grouped_prior/k20_deterministic_likelihood_crn/e_h_rho0p0_g4_n8_m2_s20.npz,18465,1ab236fc40de4860243c12d2862462f9434bd90d3fac3e18f78e1a2124029086
experiment-data,analysis/e_h_maassim_grouped_prior/k20_deterministic_likelihood_crn/e_h_rho1p0_g4_n8_m2_s20.npz,18605,38d44bf684978f9b455569734734da8288ec7257ed0f961b9210b1f1e6c84f53
experiment-data,analysis/e_h_maassim_grouped_prior/k20_joint_temperature_control/e_h_joint_temperature_control.json,4612,5d447948d358c5dd2b4eb289bdefe220de282513219644a9f1c646d549529535
experiment-data,analysis/e_h_maassim_grouped_prior/k20_softmax_crn/e_h_maassim_grouped_prior.csv,39751,ca0be9bf85cc7b3f78e1c614983b5fecd41980db4f4ef83247a4ae07bd8893ee
experiment-data,analysis/e_h_maassim_grouped_prior/k20_softmax_crn/e_h_maassim_grouped_prior_metadata.json,73142,906973cbfcf5ebeee2c9284fffae8a4b5f48e1a430c1683fb0c37837b6d88fc5
experiment-data,analysis/e_h_maassim_grouped_prior/k20_softmax_crn/e_h_maassim_grouped_prior_minimal.md,1577,648bfa2d4c79da22fcd88561eb58463ee15b08edb9ddcc5c72a167c9928c38ed
experiment-data,analysis/e_h_maassim_grouped_prior/k20_softmax_crn/e_h_maassim_grouped_prior_sha256.json,918,f3b04ef0cc303b7f065e55b5704d0de122dcbf29a82b84b7aadada8713e827a9
experiment-data,analysis/e_h_maassim_grouped_prior/k20_softmax_crn/e_h_rho0p0_g4_n8_m2_s20.npz,29794,c3d3d6779d62f4ba3ab87761866ba4ba797e51e2cd31a6410bda2cdcde2614b4
experiment-data,analysis/e_h_maassim_grouped_prior/k20_softmax_crn/e_h_rho1p0_g4_n8_m2_s20.npz,37532,41513ef0c2e84fa7855072e4613c337aa2bd728de0b2576fb2e4ab24ba8114e0
experiment-data,analysis/e_h_maassim_grouped_prior/k20_softmax_crn_confirm_seed20_59/e_h_maassim_grouped_prior.csv,158662,f951b57e6d68fc24fd0f644d68b2accbb2d0080c7981b7acb419df31b3d6d31f
experiment-data,analysis/e_h_maassim_grouped_prior/k20_softmax_crn_confirm_seed20_59/e_h_maassim_grouped_prior_metadata.json,74205,fce33daa7b16c309bd319238ff4ac6d42c1f274492d3579011b482721a3d7a35
experiment-data,analysis/e_h_maassim_grouped_prior/k20_softmax_crn_confirm_seed20_59/e_h_maassim_grouped_prior_minimal.md,1822,30ba737edbecc38a53156c880d85db4a521184d6f550b319832b0e005ecc1d4f
experiment-data,analysis/e_h_maassim_grouped_prior/k20_softmax_crn_confirm_seed20_59/e_h_maassim_grouped_prior_sha256.json,1255,e24033bf5b765ba68b4dc7e14139900e97f1fa985fffb04f3785295c8fcea28c
experiment-data,analysis/e_h_maassim_grouped_prior/k20_softmax_crn_confirm_seed20_59/e_h_rho0p0_g2_n8_m2_s40.npz,53794,5f1c1e791e0315b6e9976dcaf43365a77d2070187603de9177987a6e33fb437f
experiment-data,analysis/e_h_maassim_grouped_prior/k20_softmax_crn_confirm_seed20_59/e_h_rho0p0_g4_n8_m2_s40.npz,53163,577532b627ec2b8c53e6c5d9c86b2a25560b2749dc165db2867bf16c22047be0
experiment-data,analysis/e_h_maassim_grouped_prior/k20_softmax_crn_confirm_seed20_59/e_h_rho1p0_g2_n8_m2_s40.npz,69853,d2d9469a7eef92b7930aab8db011f9e757b636e6d5d9e5630fa85fde002614ac
experiment-data,analysis/e_h_maassim_grouped_prior/k20_softmax_crn_confirm_seed20_59/e_h_rho1p0_g4_n8_m2_s40.npz,68949,33f44366908c14f13f51623a71e1e703bb74717d32b03904661d50a8d2cef054
experiment-data,analysis/experiment_data_status_inventory_20260518.md,9000,395857f746315a3de2c8460077fd8a8b3ed2bfe3cbc78cd75128f12d9915dd63
experiment-data,analysis/g_trap_beta_sweep_hpsmg_plus.csv,3188,54da99131af50d1dd43a4ca3459497b8c3768a59f4eeb82cec08dd04c7352154
experiment-data,analysis/g_trap_beta_sweep_simulation_tier.md,5490,0ab2013af959d346a7d6854cecde3c2041ecd983dfe8c01e8687c6da9eb8e304
experiment-data,analysis/gpt_nano_revenge_plot_posterior_shift_example.md,11818,03fec4482bbb4d48d02505cef81a6aa2295c51f32309d6aa848a38e6ddfabc07
experiment-data,analysis/hp_spgg_analytic_scaling/burn_in_support_diagnostic.json,26832,6094a558a357c93e7ffc5c13c0d05570a83c56eff1e679b01072729280f0a153
experiment-data,analysis/hp_spgg_analytic_scaling/burn_in_support_diagnostic.md,6781,05aeec4b92f027215186b66d94ac6b82cf3a7dc7e669c1cc4215001f3b8c0f10
experiment-data,analysis/hp_spgg_analytic_scaling/claim_a_parity_feasibility_all_data.md,5311110,ff5e03437c558ffd72be8654f289a824c70624c87efa10ba8d7b4effaf9488c0
experiment-data,analysis/hp_spgg_analytic_scaling/dgp_probes.csv,909,d060aabc83368e3b0c294ee1a4b0ef97eee17f88c9d7795ba0a4f604345147d1
experiment-data,analysis/hp_spgg_analytic_scaling/fig_hp_spgg_analytic_scaling_burnin_v1.pdf,24688,8b46413d5f8ac87ca03efdcaf5dff45cd577d22ea511fda5dbbb60a71a01f985
experiment-data,analysis/hp_spgg_analytic_scaling/fig_hp_spgg_analytic_scaling_burnin_v1.png,56554,16c9cfb6d21473b9d7b45757e3e6d21beb888bf14bee070e717369bbc85e8ba5
experiment-data,analysis/hp_spgg_analytic_scaling/fig_hp_spgg_analytic_scaling_regret_v1.pdf,34564,861c6e5f4563baf7b3c395cbd7b3a522710413f72f0d88445e824bbda7038c20
experiment-data,analysis/hp_spgg_analytic_scaling/fig_hp_spgg_analytic_scaling_regret_v1.png,131776,4c6466abd798b7980edf3c98e81ba3f231c643977cbab0713e905dce38a7f988
experiment-data,analysis/hp_spgg_analytic_scaling/manifest_scaling.json,244619,4e0fd2098bf7386adcfd50fea74b51256954b467d188df10716417917a8ff05a
experiment-data,analysis/hp_spgg_analytic_scaling/npz/s1_population_m4/n02_m04/joint_psrl_uniform_seed1000.npz,5818,901b3a774ac45987e178c5476444609f9d37ee45080462f5449a3ecde9e7a48a
experiment-data,analysis/hp_spgg_analytic_scaling/npz/s1_population_m4/n02_m04/joint_psrl_uniform_seed1001.npz,5811,8ee80401270888d7640b63b84fb52d22ef8d66666b0ac4f753c350d15d3181a6
experiment-data,analysis/hp_spgg_analytic_scaling/npz/s1_population_m4/n02_m04/joint_psrl_uniform_seed1002.npz,5899,9fb7abf70ba62ecebae2feb911c19197df4951bd3e375c9886ed9bbf613ac5ba
experiment-data,analysis/hp_spgg_analytic_scaling/npz/s1_population_m4/n02_m04/joint_psrl_uniform_seed1003.npz,5795,b47df3f6f1ccc9ceb3add019fb71920ae53d1376de0e7dc884cca98905c0954c
experiment-data,analysis/hp_spgg_analytic_scaling/npz/s1_population_m4/n02_m04/joint_psrl_uniform_seed1004.npz,5784,03146edcf88322912f585df42c489f3bbe54845a7928140920ebc6a0b2819bc1
experiment-data,analysis/hp_spgg_analytic_scaling/npz/s1_population_m4/n02_m04/joint_psrl_uniform_seed1005.npz,5965,2f34e11f7ca99b6a893569af9af686adf84f3d5f1336871ac18e10cd61dcd332
experiment-data,analysis/hp_spgg_analytic_scaling/npz/s1_population_m4/n02_m04/joint_psrl_uniform_seed1006.npz,5897,a686bd4d0f1943d3bb237b52b3a4114b115cbbef807bfbc7f0d5221aa500c1fd
experiment-data,analysis/hp_spgg_analytic_scaling/npz/s1_population_m4/n02_m04/joint_psrl_uniform_seed1007.npz,5551,3aba5f8c35a305ca67e05b328c959307a8f487066ae83d0982a46dde10d19b8d
experiment-data,analysis/hp_spgg_analytic_scaling/npz/s1_population_m4/n02_m04/joint_psrl_uniform_seed1008.npz,5789,99c16aaaa603f5858a4065681d6c13d795c036a444aad701c0e777705aaf15ec
experiment-data,analysis/hp_spgg_analytic_scaling/npz/s1_population_m4/n02_m04/joint_psrl_uniform_seed1009.npz,5951,43f89c1554dc22472a1e6fa73bddc230ede8c18c03e59efee9717cb8300b1e3e
experiment-data,analysis/hp_spgg_analytic_scaling/npz/s1_population_m4/n02_m04/oracle_seed1000.npz,4823,729e1fe613c575ce368f38aaf3813bf5cb82bf6fd09caea22712e7ac37e0e59c
experiment-data,analysis/hp_spgg_analytic_scaling/npz/s1_population_m4/n02_m04/oracle_seed1001.npz,4824,c6acad8d022bac76f67730461d5685eeb8377d489643873296d3d8bd1cebcada
experiment-data,analysis/hp_spgg_analytic_scaling/npz/s1_population_m4/n02_m04/oracle_seed1002.npz,4824,20c3cd71da4d3af1fe8807914d6b40ea3c39b32717204e300b274047abeaeb19
experiment-data,analysis/hp_spgg_analytic_scaling/npz/s1_population_m4/n02_m04/oracle_seed1003.npz,4821,872cfdb0907c600cf9ea164b9eb22cc4a08b431f0f249402e3eedbb48e67e0d9
experiment-data,analysis/hp_spgg_analytic_scaling/npz/s1_population_m4/n02_m04/oracle_seed1004.npz,4821,1cdec5b14313d6e2076f6b6b376a3e2cc2a4dbc04608d450888aa4d14121da8f
experiment-data,analysis/hp_spgg_analytic_scaling/npz/s1_population_m4/n02_m04/oracle_seed1005.npz,4821,ef39307c68550ff7cf3ebeb078a4b15c3cb6b0b8d3933300d80eee284eec4742
experiment-data,analysis/hp_spgg_analytic_scaling/npz/s1_population_m4/n02_m04/oracle_seed1006.npz,4824,136932449d71dc143cdab486f6f314d39fc4c1dc80589a295c1526b8afbc347f
experiment-data,analysis/hp_spgg_analytic_scaling/npz/s1_population_m4/n02_m04/oracle_seed1007.npz,4820,c419a5c8923b050d1ec56c0833c8c4296c034a2c7fbde766d77f76f46283ad3d
experiment-data,analysis/hp_spgg_analytic_scaling/npz/s1_population_m4/n02_m04/oracle_seed1008.npz,4821,c1c870191a103f9e2ab3571feeb45acf3e9c1d9300605cdec58ade46372e98ff
experiment-data,analysis/hp_spgg_analytic_scaling/npz/s1_population_m4/n02_m04/oracle_seed1009.npz,4821,4c13600599be26d21cab90f009c2931fea1079df10974c2d4be486f3f63c6148
experiment-data,analysis/hp_spgg_analytic_scaling/npz/s1_population_m4/n02_m04/pact_plus_seed1000.npz,5855,ffa2e22ab65fce50e52ef1593055f69d2a91079b5f4e80b0f0b1bf2a89ccae89
experiment-data,analysis/hp_spgg_analytic_scaling/npz/s1_population_m4/n02_m04/pact_plus_seed1001.npz,5566,c153119f72ac63bf68e2f41aeda664fb55f5c7c604ced5af28ad55a4ff5daa8a
experiment-data,analysis/hp_spgg_analytic_scaling/npz/s1_population_m4/n02_m04/pact_plus_seed1002.npz,5786,105999921dd9a958ed2ed5dc9c3a5999e4e3de65901996ea8b7b4f8a0257ada3
experiment-data,analysis/hp_spgg_analytic_scaling/npz/s1_population_m4/n02_m04/pact_plus_seed1003.npz,5784,75f6277b1ee28b42e0451e67a710c64b5505b65fdeb3b80af3f787debf25f10d
experiment-data,analysis/hp_spgg_analytic_scaling/npz/s1_population_m4/n02_m04/pact_plus_seed1004.npz,5734,f15670fa35931daf0ff6c8d05503936d10cb26674a48a63925a342a33d5eecb4
experiment-data,analysis/hp_spgg_analytic_scaling/npz/s1_population_m4/n02_m04/pact_plus_seed1005.npz,5692,60550420358e64d2e4a0f16cbebbd4448b9bb949ac439b6f6563e909da94fcf4
experiment-data,analysis/hp_spgg_analytic_scaling/npz/s1_population_m4/n02_m04/pact_plus_seed1006.npz,5852,75c6413db8af1bb1ebc70504bcc0926c5ed27edc2ea8e4285e3aa5020b0aa68d
experiment-data,analysis/hp_spgg_analytic_scaling/npz/s1_population_m4/n02_m04/pact_plus_seed1007.npz,5557,c931f1c584a3937654313e267d32f0d57b5a151d206b3809198488ad8e3adba5
experiment-data,analysis/hp_spgg_analytic_scaling/npz/s1_population_m4/n02_m04/pact_plus_seed1008.npz,5775,e8c7f91d46c43eb922bce719f8336a522c3b45c9d9472628e850d1a2eb96824e
experiment-data,analysis/hp_spgg_analytic_scaling/npz/s1_population_m4/n02_m04/pact_plus_seed1009.npz,5893,dcf1413badaf81e51f34a1b63aa0855d7d48689c179b0686765655d89b4fa96e
experiment-data,analysis/hp_spgg_analytic_scaling/npz/s1_population_m4/n02_m04/pact_seed1000.npz,5671,301fe899e84c8d968402fa86b8c26d3cf9869d4293443a5471bc6175b48eef39
experiment-data,analysis/hp_spgg_analytic_scaling/npz/s1_population_m4/n02_m04/pact_seed1001.npz,5703,a2f0479e95a71d60420688c4773fa36e30d9e30c28fa5bc7a4332d9edcd3f97d
experiment-data,analysis/hp_spgg_analytic_scaling/npz/s1_population_m4/n02_m04/pact_seed1002.npz,5682,b8a5349ea37ef2f3518efdf72b144f704c88c18d5c84830b196d47e88cf47f00
experiment-data,analysis/hp_spgg_analytic_scaling/npz/s1_population_m4/n02_m04/pact_seed1003.npz,5609,ffeb28c1bd76fcee8fbaec0d7bca6e613db47bef10e899a641047492e5710c4b
experiment-data,analysis/hp_spgg_analytic_scaling/npz/s1_population_m4/n02_m04/pact_seed1004.npz,5604,8e33635d556cafef242b5dab5975fed53ab8ec427ee31d0b343cf99ceeffe65d
experiment-data,analysis/hp_spgg_analytic_scaling/npz/s1_population_m4/n02_m04/pact_seed1005.npz,5862,42c59c51a09c7c4bc4bc9898ff899d06cc012d978f0f139356b7d19b9023f892
experiment-data,analysis/hp_spgg_analytic_scaling/npz/s1_population_m4/n02_m04/pact_seed1006.npz,5680,a83441f22d5667069779b666dc029442e25a14a07dd987d4fe5bb469325b7ddb
experiment-data,analysis/hp_spgg_analytic_scaling/npz/s1_population_m4/n02_m04/pact_seed1007.npz,5386,5df300d55c49f78c2c7a21da8aec90ff2e6e3af6f3a5e693cc9cbc8e73ba093e
experiment-data,analysis/hp_spgg_analytic_scaling/npz/s1_population_m4/n02_m04/pact_seed1008.npz,5626,c2d9636f252bc653433ed4782a19db2b3ddb5d40ceaec0adf971aa8db28a952b
experiment-data,analysis/hp_spgg_analytic_scaling/npz/s1_population_m4/n02_m04/pact_seed1009.npz,5791,90db23af20c82559ce9fcda96c51b88f2387f112ff83550a534e2d3c65d613d8
experiment-data,analysis/hp_spgg_analytic_scaling/npz/s1_population_m4/n02_m04/psrl_notype_seed1000.npz,5074,8b4324eda39c73973781631418b915dc6db690963e3affc5a8aca0c3c42d89f4
experiment-data,analysis/hp_spgg_analytic_scaling/npz/s1_population_m4/n02_m04/psrl_notype_seed1001.npz,4993,d2d8ee3c604dfa114d6d02759dc5f053aee93c3d8c4ee27ff1ae6ff692999877
experiment-data,analysis/hp_spgg_analytic_scaling/npz/s1_population_m4/n02_m04/psrl_notype_seed1002.npz,4983,8851c7fb7592415da48bb3738bd4d0030c8aed3f193743aff26b448014c41235
experiment-data,analysis/hp_spgg_analytic_scaling/npz/s1_population_m4/n02_m04/psrl_notype_seed1003.npz,4987,e706b78c9f25b1f432454352a656e586de0b473acee9f00125b735ad634f21f7
experiment-data,analysis/hp_spgg_analytic_scaling/npz/s1_population_m4/n02_m04/psrl_notype_seed1004.npz,5079,873210e235030c9542432447671864e5052b4a031841b68486e4fa6b7c5224c3
experiment-data,analysis/hp_spgg_analytic_scaling/npz/s1_population_m4/n02_m04/psrl_notype_seed1005.npz,4999,a381fab499e236133cf56764408b8f2c6d4c2a349761a87df8b8397672d5a2f4
experiment-data,analysis/hp_spgg_analytic_scaling/npz/s1_population_m4/n02_m04/psrl_notype_seed1006.npz,4954,17ce6a016b0a5d26cc596d0537a30b733e71886e3e05b45c33686693d34327ef
experiment-data,analysis/hp_spgg_analytic_scaling/npz/s1_population_m4/n02_m04/psrl_notype_seed1007.npz,5005,d910bddaf39b52e7e6a2500ddf342b72320549445c5514bfdfd4dc32b1f434d0
experiment-data,analysis/hp_spgg_analytic_scaling/npz/s1_population_m4/n02_m04/psrl_notype_seed1008.npz,4942,4bc460dc7c7045506cac998a2608542e11e6565054293a9a24fc62d9402806b7
experiment-data,analysis/hp_spgg_analytic_scaling/npz/s1_population_m4/n02_m04/psrl_notype_seed1009.npz,5101,0205f08bf6ebcee6db1f926f84436fa7f407024e73b671551e26f63555c9e2a0
experiment-data,analysis/hp_spgg_analytic_scaling/npz/s1_population_m4/n03_m04/joint_psrl_uniform_seed1000.npz,6172,3b50ef96c7f93a5afe374eaf2881c6229dd4473f7cff9e89045ace5d00f68333
experiment-data,analysis/hp_spgg_analytic_scaling/npz/s1_population_m4/n03_m04/joint_psrl_uniform_seed1001.npz,5695,972d28554eda732b390daa45f1bb2acacdc185f2b59b02a0ff5429478107618c
experiment-data,analysis/hp_spgg_analytic_scaling/npz/s1_population_m4/n03_m04/joint_psrl_uniform_seed1002.npz,6165,3bfbebe8a4a533c64c356390e9a388d536aa32afdd7c46c72fd9ef172ba14a73
experiment-data,analysis/hp_spgg_analytic_scaling/npz/s1_population_m4/n03_m04/joint_psrl_uniform_seed1003.npz,6128,aad8dc0ba186c951e33b12675da11d2b40428d5722273926c79d4dd7fed8524c
experiment-data,analysis/hp_spgg_analytic_scaling/npz/s1_population_m4/n03_m04/joint_psrl_uniform_seed1004.npz,6007,80c7fb3f0279b66b849537720ca085cfee6a24332be94d3dd75c62c7d78bff48
experiment-data,analysis/hp_spgg_analytic_scaling/npz/s1_population_m4/n03_m04/joint_psrl_uniform_seed1005.npz,6224,4c4dd7726dee09a0554c6d127331e2ee5277ad8677a4eef66b742490d794e12f
experiment-data,analysis/hp_spgg_analytic_scaling/npz/s1_population_m4/n03_m04/joint_psrl_uniform_seed1006.npz,6053,c4526d103ac055ba7ec320d0b7f2911cdd73b5ab3c43ae9134b98ca55f63ee76
experiment-data,analysis/hp_spgg_analytic_scaling/npz/s1_population_m4/n03_m04/joint_psrl_uniform_seed1007.npz,5991,91bcdc04dd6cd9fa7663591d8735f0cee21ea0a16565dfaac3a5d66f44e6cb71
experiment-data,analysis/hp_spgg_analytic_scaling/npz/s1_population_m4/n03_m04/joint_psrl_uniform_seed1008.npz,5947,a7970fec50c7f418ffeec620a748ef684214dcd9ed932ce3df575c531568ea8c
experiment-data,analysis/hp_spgg_analytic_scaling/npz/s1_population_m4/n03_m04/joint_psrl_uniform_seed1009.npz,5903,86422c017127b5ab054b94f109b8923be54f49c6dbe1749f398e4f37a98b37c3
experiment-data,analysis/hp_spgg_analytic_scaling/npz/s1_population_m4/n03_m04/oracle_seed1000.npz,4829,90221c922e58da5dfb32bdc9353347e4bc3414c19294d05a946e7f37cfdedc61
experiment-data,analysis/hp_spgg_analytic_scaling/npz/s1_population_m4/n03_m04/oracle_seed1001.npz,4828,8cb1496c613b4bafa7bf4258a226aa7c061d0ab4fb064f18e10d088a0143bca7
experiment-data,analysis/hp_spgg_analytic_scaling/npz/s1_population_m4/n03_m04/oracle_seed1002.npz,4829,d46fd2f02f4b4cb3806447aacc1cbd6cf01cf02467588d93de45aee6e5d9433c
experiment-data,analysis/hp_spgg_analytic_scaling/npz/s1_population_m4/n03_m04/oracle_seed1003.npz,4827,52279fa89eb7c517d9284d84dabbe494dc1dbb717a5dff3473d489c86f2bb61e
experiment-data,analysis/hp_spgg_analytic_scaling/npz/s1_population_m4/n03_m04/oracle_seed1004.npz,4825,77e692da0355eac7787327825a94998aa4bc3cc9b854a49056c9d75a8f2b8508
experiment-data,analysis/hp_spgg_analytic_scaling/npz/s1_population_m4/n03_m04/oracle_seed1005.npz,4827,7f92bc489268801017652950b2713120e2248f113a124a9804aa712dcc0d3893
experiment-data,analysis/hp_spgg_analytic_scaling/npz/s1_population_m4/n03_m04/oracle_seed1006.npz,4828,56719fdf997ae6f9e9c32e60d83c4764842262f53beea3d017abbf65e5090991
experiment-data,analysis/hp_spgg_analytic_scaling/npz/s1_population_m4/n03_m04/oracle_seed1007.npz,4827,85376e540efb5e9de6d45a9c1a50cf1628b3945b7c8d98cdba0a80e3f5ef573a
experiment-data,analysis/hp_spgg_analytic_scaling/npz/s1_population_m4/n03_m04/oracle_seed1008.npz,4826,1269ef90191158c439d9c4b6264ffea79407406f4d8616c984883282d15b4e55
experiment-data,analysis/hp_spgg_analytic_scaling/npz/s1_population_m4/n03_m04/oracle_seed1009.npz,4826,ef21e4cb60edb71562e910fa567effab9cb9fc3fbeb0eec28d0340b4cc5fad08
experiment-data,analysis/hp_spgg_analytic_scaling/npz/s1_population_m4/n03_m04/pact_plus_seed1000.npz,6018,12529de6cf597e868872319c626cdc401d8c2369d4f4b79d99b645dcadfe9d06
experiment-data,analysis/hp_spgg_analytic_scaling/npz/s1_population_m4/n03_m04/pact_plus_seed1001.npz,5838,8970cd5a0a1e97a868194addc581987cdc246032147cc5772c34d4afc587da0f
experiment-data,analysis/hp_spgg_analytic_scaling/npz/s1_population_m4/n03_m04/pact_plus_seed1002.npz,6041,4461adb9ded000113b4be5681e69ffcc6a9a611b89a39b4776028e1dcfe6f661
experiment-data,analysis/hp_spgg_analytic_scaling/npz/s1_population_m4/n03_m04/pact_plus_seed1003.npz,6073,7661aaef3b92962c5f165ce5845b68bb3beebc84089fb1c8744728a977ffeb2d
experiment-data,analysis/hp_spgg_analytic_scaling/npz/s1_population_m4/n03_m04/pact_plus_seed1004.npz,5969,27f1349ea01693cc2524aedee2a9eb0334675d77ab0559a75d1fa35754e5d515
experiment-data,analysis/hp_spgg_analytic_scaling/npz/s1_population_m4/n03_m04/pact_plus_seed1005.npz,6092,e76d39742d61997054c85664e96d802cdb682ebc4f056a4c491285ad3d36f711
experiment-data,analysis/hp_spgg_analytic_scaling/npz/s1_population_m4/n03_m04/pact_plus_seed1006.npz,6145,22db1f38436ef0a172977e5a6750b8d7e536e67b8831eaa8e2b584c7d0f3ca67
experiment-data,analysis/hp_spgg_analytic_scaling/npz/s1_population_m4/n03_m04/pact_plus_seed1007.npz,5908,9b24dcce2dc9a0bb8dd84c1521026cd14c91464372634f752939bc92212f3c3f
experiment-data,analysis/hp_spgg_analytic_scaling/npz/s1_population_m4/n03_m04/pact_plus_seed1008.npz,5817,40b0a6d72a0049bf1d4a95d6dd3a19dc42ebb1414ec4c8692500faffcdefdfb3
experiment-data,analysis/hp_spgg_analytic_scaling/npz/s1_population_m4/n03_m04/pact_plus_seed1009.npz,5948,dbcddab00afeb7fbbecf689d01117b6b715decfdf1895cb0a2dc86280d1717de
experiment-data,analysis/hp_spgg_analytic_scaling/npz/s1_population_m4/n03_m04/pact_seed1000.npz,6073,c8e57a1cefd63262e0ce160bba3bd320c2f05a4e4749e263efed94c447fe48b4
experiment-data,analysis/hp_spgg_analytic_scaling/npz/s1_population_m4/n03_m04/pact_seed1001.npz,5521,d083883d74dd43f9dc12963716f31d7b2a82b2621da226829e27a22db71b16ff
experiment-data,analysis/hp_spgg_analytic_scaling/npz/s1_population_m4/n03_m04/pact_seed1002.npz,5904,b6df124f60423a8a523a87f443c5633c1e35c2ee0328dc244029fae7bc287cfe
experiment-data,analysis/hp_spgg_analytic_scaling/npz/s1_population_m4/n03_m04/pact_seed1003.npz,5925,651de13338dab41a8b562e4f741e20f0df8347cdb9810294785985d9953af19f
experiment-data,analysis/hp_spgg_analytic_scaling/npz/s1_population_m4/n03_m04/pact_seed1004.npz,5878,76621722d27e068b85a31496b76b41bbccbfdff2f0a9fe7a734c5328a9c01a3f
experiment-data,analysis/hp_spgg_analytic_scaling/npz/s1_population_m4/n03_m04/pact_seed1005.npz,6005,dbd26af5425082cf78c1e23e74c5cb5829c5f3de4443c2d6ee1bd3fc4661ed9d
experiment-data,analysis/hp_spgg_analytic_scaling/npz/s1_population_m4/n03_m04/pact_seed1006.npz,5890,f42754ed4e6aef0019376297b15fb744748d65c757ac79165098712accd2e77d
experiment-data,analysis/hp_spgg_analytic_scaling/npz/s1_population_m4/n03_m04/pact_seed1007.npz,5816,81d93700d7b872b1e57eeb6ddedb3c222c1ff914185c9c89f3c6cc5c3f699196
experiment-data,analysis/hp_spgg_analytic_scaling/npz/s1_population_m4/n03_m04/pact_seed1008.npz,5686,c0ac0ef371a47680b671e4d2a3158bd913652fdcc55237db37f5c35170d4ac07
experiment-data,analysis/hp_spgg_analytic_scaling/npz/s1_population_m4/n03_m04/pact_seed1009.npz,5692,f4abb03203f31f0b8d1a514f7b1bd18205d045fa8c0f53daadbe1eb760eacd8e
experiment-data,analysis/hp_spgg_analytic_scaling/npz/s1_population_m4/n03_m04/psrl_notype_seed1000.npz,5099,929312d68d7bfa7ce8fd6b39cb7e96868f41e72a7069c6fc23620d3e74e15ae5
experiment-data,analysis/hp_spgg_analytic_scaling/npz/s1_population_m4/n03_m04/psrl_notype_seed1001.npz,5035,88c0bd219cfd2ae71ea5944c2113d852b101c9e08b5767d7c7fb50036e26ec88
experiment-data,analysis/hp_spgg_analytic_scaling/npz/s1_population_m4/n03_m04/psrl_notype_seed1002.npz,5211,59e492784261cf684cdd327f25b7be79edb0d74ebd12275d3e035390f2d486ab
experiment-data,analysis/hp_spgg_analytic_scaling/npz/s1_population_m4/n03_m04/psrl_notype_seed1003.npz,5039,3ae4c7564abe0a6e35b4c517f41ae812db13b9406903a55314345e8bfb6aec4b
experiment-data,analysis/hp_spgg_analytic_scaling/npz/s1_population_m4/n03_m04/psrl_notype_seed1004.npz,5030,8bceb1ac3dd3603bb1bf904dd0db0d161597cba85b1f41a29c8ab9ad2eee2387
experiment-data,analysis/hp_spgg_analytic_scaling/npz/s1_population_m4/n03_m04/psrl_notype_seed1005.npz,5013,5063c6335d26863c8d7e1523a3c20efe126294d511837de337085e0b8236db31
experiment-data,analysis/hp_spgg_analytic_scaling/npz/s1_population_m4/n03_m04/psrl_notype_seed1006.npz,5075,fba7e5048176a65a599e6c1fefbc2b80a8bedaec9f37e5a2b2aa4ce050fecf1d
experiment-data,analysis/hp_spgg_analytic_scaling/npz/s1_population_m4/n03_m04/psrl_notype_seed1007.npz,5005,9d81ccd399990b9c532317d78446780b2a1ebbc2f8017773f55837153eb06a01
experiment-data,analysis/hp_spgg_analytic_scaling/npz/s1_population_m4/n03_m04/psrl_notype_seed1008.npz,4956,45e7216a500bb0daf0940aa1ffefa9f6466e40a09c99d5bc22352be34d7d251d
experiment-data,analysis/hp_spgg_analytic_scaling/npz/s1_population_m4/n03_m04/psrl_notype_seed1009.npz,4997,ad7b9adf53d4b31145a017470709b8c1d471cf69498e52627ce905287b80979f
experiment-data,analysis/hp_spgg_analytic_scaling/npz/s1_population_m4/n04_m04/joint_psrl_uniform_seed1000.npz,6275,fe70c0b83fc79cfe89439c9ba632dea29673cf53ba8ca5997d8ff996ed0ee226
experiment-data,analysis/hp_spgg_analytic_scaling/npz/s1_population_m4/n04_m04/joint_psrl_uniform_seed1001.npz,6196,f811af854b4500544958766673424683b5cff45febb849c7cea88539f015c5e5
experiment-data,analysis/hp_spgg_analytic_scaling/npz/s1_population_m4/n04_m04/joint_psrl_uniform_seed1002.npz,6096,3f476225f331e4581fc7c3965d3677d14c1de2233dc8b2c514e71c29f193c5a7
experiment-data,analysis/hp_spgg_analytic_scaling/npz/s1_population_m4/n04_m04/joint_psrl_uniform_seed1003.npz,6234,e1d297522accb7fcc18f26c777679f5fb2eae6b4b934f79e1dc8df30c49ae2e2
experiment-data,analysis/hp_spgg_analytic_scaling/npz/s1_population_m4/n04_m04/joint_psrl_uniform_seed1004.npz,6026,ab53f3708a1c95c62114c432c196b3398abaeaa3c1121befad82cc6d2a4572dc
experiment-data,analysis/hp_spgg_analytic_scaling/npz/s1_population_m4/n04_m04/joint_psrl_uniform_seed1005.npz,6146,464a497867b786bb7f4d057486c40bd1b59d918276558b850674521f9b874e82
experiment-data,analysis/hp_spgg_analytic_scaling/npz/s1_population_m4/n04_m04/joint_psrl_uniform_seed1006.npz,6073,954bfb14b14cbe17435ea253de93a736d4c1064524270ec66fb683153cf18e96
experiment-data,analysis/hp_spgg_analytic_scaling/npz/s1_population_m4/n04_m04/joint_psrl_uniform_seed1007.npz,6283,e2c1d15e202254fbe638c8093ca862077ffcabf75f0418d7a7f7994c4f43c20c
experiment-data,analysis/hp_spgg_analytic_scaling/npz/s1_population_m4/n04_m04/joint_psrl_uniform_seed1008.npz,6166,18225e8c15356958e80df0a034ea571981be237a651ee71517ad4ef91938e062
experiment-data,analysis/hp_spgg_analytic_scaling/npz/s1_population_m4/n04_m04/joint_psrl_uniform_seed1009.npz,6096,717a655641d39eb57f7ce20d195530546384f76e0d41d8925698e829dddd00c8
experiment-data,analysis/hp_spgg_analytic_scaling/npz/s1_population_m4/n04_m04/oracle_seed1000.npz,4833,f3d15fc871a67f803da7322db839bfbdccfe3a9d2369230393a17017b83e2901
experiment-data,analysis/hp_spgg_analytic_scaling/npz/s1_population_m4/n04_m04/oracle_seed1001.npz,4834,73f1f9de5a70f8ea8d8109aab653d7385bc5d752b2ccdf6ba7c4f75aa86a57fc
experiment-data,analysis/hp_spgg_analytic_scaling/npz/s1_population_m4/n04_m04/oracle_seed1002.npz,4834,63aa7bf6bb830701cf8b393256693ce30bd457401d9f0c341d69276cff23fb2f
experiment-data,analysis/hp_spgg_analytic_scaling/npz/s1_population_m4/n04_m04/oracle_seed1003.npz,4833,48343690eceee24279e62ae9d52a6b2e201e5d5da9b12a6f01302f0c2738fa27
experiment-data,analysis/hp_spgg_analytic_scaling/npz/s1_population_m4/n04_m04/oracle_seed1004.npz,4828,9981d363b55cfff519403a0d61735f26043a1b0fbe3ac8eb26e0131e71f76dcf
experiment-data,analysis/hp_spgg_analytic_scaling/npz/s1_population_m4/n04_m04/oracle_seed1005.npz,4831,a3b278174a3efa53112aaa9b1896ec017c0d62599d39f46223c2e47cbe2c2448
experiment-data,analysis/hp_spgg_analytic_scaling/npz/s1_population_m4/n04_m04/oracle_seed1006.npz,4834,da9e460d68fb85d60f48b3586312f2b679219d7742f9636e8c0164495766b773
experiment-data,analysis/hp_spgg_analytic_scaling/npz/s1_population_m4/n04_m04/oracle_seed1007.npz,4833,900719614118034479a1c1f9f3b39dbb8b3555cef2c9ce2d5a730e4cac9eebbf
experiment-data,analysis/hp_spgg_analytic_scaling/npz/s1_population_m4/n04_m04/oracle_seed1008.npz,4833,88193dc4f6e325b90bac035bbe94fc007b41f22b0a2a7ab7207d549468bc203c
experiment-data,analysis/hp_spgg_analytic_scaling/npz/s1_population_m4/n04_m04/oracle_seed1009.npz,4833,2d99084cf722801963205ea4a855ca9369839bb6302ea614f5a65090b1ceebee
experiment-data,analysis/hp_spgg_analytic_scaling/npz/s1_population_m4/n04_m04/pact_plus_seed1000.npz,6221,c431e7f11880fbc5d92e02fb396f1b8b2f5ff5a07feef3a23b60f223d87e86ab
experiment-data,analysis/hp_spgg_analytic_scaling/npz/s1_population_m4/n04_m04/pact_plus_seed1001.npz,6052,5aceaeca8165d6d9cb5282b8535306a43694e50c7781a3c06d09cf0b0bcf28ef
experiment-data,analysis/hp_spgg_analytic_scaling/npz/s1_population_m4/n04_m04/pact_plus_seed1002.npz,6158,cd2b17986d3966d8ec056f57c9a7a6c4ba00c5f6a482ea9cd03756b6b18e0660
experiment-data,analysis/hp_spgg_analytic_scaling/npz/s1_population_m4/n04_m04/pact_plus_seed1003.npz,6157,7dea1f0131451b4726223290f0c18cefd89923acaa4ca50e786ff89458f9e3b3
experiment-data,analysis/hp_spgg_analytic_scaling/npz/s1_population_m4/n04_m04/pact_plus_seed1004.npz,5934,275a0b9908e1c92f3817493f00d134229af84dba732b82ef608a4c8d5348f9c3
experiment-data,analysis/hp_spgg_analytic_scaling/npz/s1_population_m4/n04_m04/pact_plus_seed1005.npz,6097,5f556f7170899977613f9a2356e0d002edea63728aebcf0fab87efed92ac5cd9
experiment-data,analysis/hp_spgg_analytic_scaling/npz/s1_population_m4/n04_m04/pact_plus_seed1006.npz,6088,7b05a3d0aba87264289e979295ec53995a0a3ed2c4d10847c52b504e0cfb1c69
experiment-data,analysis/hp_spgg_analytic_scaling/npz/s1_population_m4/n04_m04/pact_plus_seed1007.npz,6154,6bc28773e416b04a8e337627069c571a8db7bd72d2f04c45cb216c227df7b273
experiment-data,analysis/hp_spgg_analytic_scaling/npz/s1_population_m4/n04_m04/pact_plus_seed1008.npz,6048,38f30d9b47fc7cbdb61b2801d0428693f992ca5d4727e5aac9266ad010964675
experiment-data,analysis/hp_spgg_analytic_scaling/npz/s1_population_m4/n04_m04/pact_plus_seed1009.npz,6169,bd3da7ee90f113db4125e0ed4abf5ef39973c8aad4cbd22d8fec47e18ce4e480
experiment-data,analysis/hp_spgg_analytic_scaling/npz/s1_population_m4/n04_m04/pact_seed1000.npz,6106,6cf6e5a4735569be5379903f7376477ec644633adb7033592ece18781080b835
experiment-data,analysis/hp_spgg_analytic_scaling/npz/s1_population_m4/n04_m04/pact_seed1001.npz,5979,4c90dd5ca1bf191e9fd4995ebe33e45d3643bfd899e7cac9db0d3bdbe94fc451
experiment-data,analysis/hp_spgg_analytic_scaling/npz/s1_population_m4/n04_m04/pact_seed1002.npz,5869,70acb0f91468d38410f74c62430331fc334d99b28c2b6b9149eb7145d24357de
experiment-data,analysis/hp_spgg_analytic_scaling/npz/s1_population_m4/n04_m04/pact_seed1003.npz,6129,290aea552b7164bff0c4e36de0bf6d39ef2d07f8d2df12bd52f444356e99cdb9
experiment-data,analysis/hp_spgg_analytic_scaling/npz/s1_population_m4/n04_m04/pact_seed1004.npz,5777,1f9a715fc6df81cb12c60f65ecc3b5d7d3a957af7d243f70ba72f4fdefb9fbde
experiment-data,analysis/hp_spgg_analytic_scaling/npz/s1_population_m4/n04_m04/pact_seed1005.npz,5924,0266427f504e09a95ea8872f2a2e92e5782db6072a2d66b6075c76630723f96a
experiment-data,analysis/hp_spgg_analytic_scaling/npz/s1_population_m4/n04_m04/pact_seed1006.npz,5898,11a28c01086ef561ce1a23bd37000542f38c0ea2309d195f1662a1d9038ef3f5
experiment-data,analysis/hp_spgg_analytic_scaling/npz/s1_population_m4/n04_m04/pact_seed1007.npz,6118,93538e73590506b4031676e3ac7d4511fb0937c651a6a948b39c285fcae9ef41
experiment-data,analysis/hp_spgg_analytic_scaling/npz/s1_population_m4/n04_m04/pact_seed1008.npz,6006,4a2a84d881041a69633d6b6312753c8b113960a4560febe3a16432d6fdb66584
experiment-data,analysis/hp_spgg_analytic_scaling/npz/s1_population_m4/n04_m04/pact_seed1009.npz,5888,eb5ef93922f1f03963de3d8a7611e9e3dcb4f7226ac2af0918285b43a5c2bda9
experiment-data,analysis/hp_spgg_analytic_scaling/npz/s1_population_m4/n04_m04/psrl_notype_seed1000.npz,5121,b72825c3160e881be3739f5ea9c117647d64559ffb4d5fb6373fb2546f47ddf7
experiment-data,analysis/hp_spgg_analytic_scaling/npz/s1_population_m4/n04_m04/psrl_notype_seed1001.npz,5109,749efe85496b326950231c347d84d50c845b80343aedb6fddb5f8f37bbf82b67
experiment-data,analysis/hp_spgg_analytic_scaling/npz/s1_population_m4/n04_m04/psrl_notype_seed1002.npz,5101,23e1bfd29f52f4b704e40c84f91907c61b5ffe356d18404f0e58bf3be5c7f79d
experiment-data,analysis/hp_spgg_analytic_scaling/npz/s1_population_m4/n04_m04/psrl_notype_seed1003.npz,5245,c9829859f84fe53eaa76e68416ac41a80bb02140f3c12fe91837ace37326ef62
experiment-data,analysis/hp_spgg_analytic_scaling/npz/s1_population_m4/n04_m04/psrl_notype_seed1004.npz,5125,b11a195462339770faba20a2d89e0b1539ea46ad2e3e097338c9af8ccf8e7daf
experiment-data,analysis/hp_spgg_analytic_scaling/npz/s1_population_m4/n04_m04/psrl_notype_seed1005.npz,5091,d1640743dc5e280a91ebc77f99b7be3bc8813d7ce9cabc59fb42c51eefeeb0eb
experiment-data,analysis/hp_spgg_analytic_scaling/npz/s1_population_m4/n04_m04/psrl_notype_seed1006.npz,5145,787fe5e7192d3001b512dd81abe937d4b0811779d6dc1e7956b04bb1ceebff02
experiment-data,analysis/hp_spgg_analytic_scaling/npz/s1_population_m4/n04_m04/psrl_notype_seed1007.npz,5129,f4f71e4027cc16511ed283c68b6f66ecfdc06c4761d7d082cc93e9beeb1b1850
experiment-data,analysis/hp_spgg_analytic_scaling/npz/s1_population_m4/n04_m04/psrl_notype_seed1008.npz,5064,3f88f1dc28fd1da2cecfcbc092c41f9861f5c2849fb697e1b46f7bf178600657
experiment-data,analysis/hp_spgg_analytic_scaling/npz/s1_population_m4/n04_m04/psrl_notype_seed1009.npz,5060,6f33ce3f0abd4833620d795b673cba72eaa05d4dee7fa29701ff407c0e39121c
experiment-data,analysis/hp_spgg_analytic_scaling/npz/s1_population_m4/n05_m04/joint_psrl_uniform_seed1000.npz,6146,ed0082e30df65276961b88552b3da082f6bfe7837997a3eda796a11244b5b908
experiment-data,analysis/hp_spgg_analytic_scaling/npz/s1_population_m4/n05_m04/joint_psrl_uniform_seed1001.npz,6259,0b5e33686bafa9ac5181b79583c7c1e3f442d6ed45af98260e9bfe93aae7a614
experiment-data,analysis/hp_spgg_analytic_scaling/npz/s1_population_m4/n05_m04/joint_psrl_uniform_seed1002.npz,6266,c9e03e0198f17debb57a5c37d20accbe5209d55d925870321387bd37c523e918
experiment-data,analysis/hp_spgg_analytic_scaling/npz/s1_population_m4/n05_m04/joint_psrl_uniform_seed1003.npz,6249,4aa1ed24973546faa15cd063eb59348d0202cdcd2a7fb300b0d7660d0d6e9f4e
experiment-data,analysis/hp_spgg_analytic_scaling/npz/s1_population_m4/n05_m04/joint_psrl_uniform_seed1004.npz,6075,f2c8d4cf50b73f2c43bc89e3f7c0874c5b3424d056c161a67f2836cd24b86098
experiment-data,analysis/hp_spgg_analytic_scaling/npz/s1_population_m4/n05_m04/joint_psrl_uniform_seed1005.npz,6430,141eb07fac32cb081e6e25c27b713aef3f0af624b62dcb5d4bbf9f506a23f552
experiment-data,analysis/hp_spgg_analytic_scaling/npz/s1_population_m4/n05_m04/joint_psrl_uniform_seed1006.npz,6184,5bb1ad4591b7153da4d26778d592a294b4a46a72d7aefa0513524587dcf6f04c
experiment-data,analysis/hp_spgg_analytic_scaling/npz/s1_population_m4/n05_m04/joint_psrl_uniform_seed1007.npz,6206,9873be996dba22b0a313b4ec9023c3a3c94e6f5d10976e54c28936127b7c16e7
experiment-data,analysis/hp_spgg_analytic_scaling/npz/s1_population_m4/n05_m04/joint_psrl_uniform_seed1008.npz,6455,0376bdf0d451874adfa821f22806b3b483438d7fa195340b7f8150a425ee0ac2
experiment-data,analysis/hp_spgg_analytic_scaling/npz/s1_population_m4/n05_m04/joint_psrl_uniform_seed1009.npz,6255,ef25cf57ab5dc4006ac66a3668b1cfc6811a0dac47088f76d163e6e6a0d81e61
experiment-data,analysis/hp_spgg_analytic_scaling/npz/s1_population_m4/n05_m04/oracle_seed1000.npz,4835,92ac2478ff89f602c86fadf16f7cb40713b3ff4e400059be08e3972a5cbfd4bc
experiment-data,analysis/hp_spgg_analytic_scaling/npz/s1_population_m4/n05_m04/oracle_seed1001.npz,4838,3af06ba032a41252ba9079ac05b136a57a8ec4936bd5fec6ed6eee1e3a248b63
experiment-data,analysis/hp_spgg_analytic_scaling/npz/s1_population_m4/n05_m04/oracle_seed1002.npz,4837,8db31582b46f85acce98003f4b9d28df99434e90a7194478815e18b395428519
experiment-data,analysis/hp_spgg_analytic_scaling/npz/s1_population_m4/n05_m04/oracle_seed1003.npz,4833,f55ab4eb12384d7784120754871e0fb83cbbd3a4c8bbec2e3a750401798d3312
experiment-data,analysis/hp_spgg_analytic_scaling/npz/s1_population_m4/n05_m04/oracle_seed1004.npz,4830,0ac7a5b6513754816f781a2ae0e9956ce3aea6c97f56b7eea118f390fcb7ee96
experiment-data,analysis/hp_spgg_analytic_scaling/npz/s1_population_m4/n05_m04/oracle_seed1005.npz,4836,361c3676ea42de79975362ed05797f023c24707f93569f9f295e4e4d0bc982f6
experiment-data,analysis/hp_spgg_analytic_scaling/npz/s1_population_m4/n05_m04/oracle_seed1006.npz,4838,07237bbbd6da016f39b4b62f78dc4c1dfacb67ff64c2c78c3d1bde15e86d896a
experiment-data,analysis/hp_spgg_analytic_scaling/npz/s1_population_m4/n05_m04/oracle_seed1007.npz,4835,191ea0b4852c8bfca31160a1d09325438a04766d69616268df92d3283233d210
experiment-data,analysis/hp_spgg_analytic_scaling/npz/s1_population_m4/n05_m04/oracle_seed1008.npz,4837,68bab2b75ba35864f268e7b4e83949c7676c77c2fd997cfc2afef54f44171243
experiment-data,analysis/hp_spgg_analytic_scaling/npz/s1_population_m4/n05_m04/oracle_seed1009.npz,4835,762b1dc4f2f0994717f11f4ab276e4d7090d319a9e0decb38f16e9234b5b0892
experiment-data,analysis/hp_spgg_analytic_scaling/npz/s1_population_m4/n05_m04/pact_plus_seed1000.npz,6251,41df749e43f5e31832348cdfe3e0ba8e0128c56940ae829f4ccc6308b5f28e45
experiment-data,analysis/hp_spgg_analytic_scaling/npz/s1_population_m4/n05_m04/pact_plus_seed1001.npz,6238,10fe24e9cc9cf982e7434127c7015e3b5302bf87b3ff8e85eadd81743930be86
experiment-data,analysis/hp_spgg_analytic_scaling/npz/s1_population_m4/n05_m04/pact_plus_seed1002.npz,6108,f56ba80e785264c0eb321153fe60aa349912db8193cd7ce05d2a863f3e94697d
experiment-data,analysis/hp_spgg_analytic_scaling/npz/s1_population_m4/n05_m04/pact_plus_seed1003.npz,6270,dcb1755d5094b5224ddeed518613479ec74f6dcb77a769a7ced3af1c5abac604
experiment-data,analysis/hp_spgg_analytic_scaling/npz/s1_population_m4/n05_m04/pact_plus_seed1004.npz,6030,2c1c88bdf0daddad83d4fbdd18ce82ac5174703ff3f72f94911c1de16f1392d0
experiment-data,analysis/hp_spgg_analytic_scaling/npz/s1_population_m4/n05_m04/pact_plus_seed1005.npz,6452,873d1e2ab3db91355a948bfc149da6f877469bdae0efc84f7136571e13f9d72e
experiment-data,analysis/hp_spgg_analytic_scaling/npz/s1_population_m4/n05_m04/pact_plus_seed1006.npz,6301,f95f847fa23f0c3700a94832ebe433d3cc10884c9f2e07b81d53feb8dc7b929a
experiment-data,analysis/hp_spgg_analytic_scaling/npz/s1_population_m4/n05_m04/pact_plus_seed1007.npz,6263,9fc50d77d8a4fd1bbd81577399e887771f433d38d6b75626a9452b39db13ce6a
experiment-data,analysis/hp_spgg_analytic_scaling/npz/s1_population_m4/n05_m04/pact_plus_seed1008.npz,6450,d55512ee395d0298597f4ae66a4543c5065b8cfa3995f10304ecf580a5faa3bb
experiment-data,analysis/hp_spgg_analytic_scaling/npz/s1_population_m4/n05_m04/pact_plus_seed1009.npz,6233,262ceaafbf0c48fa62f1552aaf65b5d5035964d3b9d7afaa70f87ba213a5bfcf
experiment-data,analysis/hp_spgg_analytic_scaling/npz/s1_population_m4/n05_m04/pact_seed1000.npz,5894,d1896a73e4e7c80af3dff6db1c7e7bc4761e1717c9bae74e72748957d3434f47
experiment-data,analysis/hp_spgg_analytic_scaling/npz/s1_population_m4/n05_m04/pact_seed1001.npz,6088,2826b52e97b6be5dfeaa47413560d41f23ea087804f4e6cf26fcd53337194884
experiment-data,analysis/hp_spgg_analytic_scaling/npz/s1_population_m4/n05_m04/pact_seed1002.npz,6034,1b3406af783c72e0a7268ff5d39c4e7b197518a2e93236647df534f7ba35c451
experiment-data,analysis/hp_spgg_analytic_scaling/npz/s1_population_m4/n05_m04/pact_seed1003.npz,6078,2cb475b0eaf7f5516035dcea742782314802451ebf0af065ce91528ff11ab21e
experiment-data,analysis/hp_spgg_analytic_scaling/npz/s1_population_m4/n05_m04/pact_seed1004.npz,5894,4784d42891deed162d65ae8f1ee22ba6469b418785e754250430b5e5bf5cb57b
experiment-data,analysis/hp_spgg_analytic_scaling/npz/s1_population_m4/n05_m04/pact_seed1005.npz,6266,afe4be24ff111a9e7d01b8eab7c0d8eb570c5cef7b48e226afe3727c80b65844
experiment-data,analysis/hp_spgg_analytic_scaling/npz/s1_population_m4/n05_m04/pact_seed1006.npz,6036,88522d30492c516360f09a5bbe4de9ad02c0a791a451b967c71f0daa73146798
experiment-data,analysis/hp_spgg_analytic_scaling/npz/s1_population_m4/n05_m04/pact_seed1007.npz,6011,c9687f25c636aebcd5530dad17af7ca96b7264296796472441f26a110875c3c6
experiment-data,analysis/hp_spgg_analytic_scaling/npz/s1_population_m4/n05_m04/pact_seed1008.npz,6322,1da09736584118dcf9e72c55f152d3af01a068f482089a983d4fdc3613c13837
experiment-data,analysis/hp_spgg_analytic_scaling/npz/s1_population_m4/n05_m04/pact_seed1009.npz,5999,b08fb2d4044948e01e27bd1f957c62607997a572be78aeb0b8299329eb53532e
experiment-data,analysis/hp_spgg_analytic_scaling/npz/s1_population_m4/n05_m04/psrl_notype_seed1000.npz,5171,509179f723308f9dd71f490ecdb54b3c185b0c8ecfd11bd50760a51de8ffacd9
experiment-data,analysis/hp_spgg_analytic_scaling/npz/s1_population_m4/n05_m04/psrl_notype_seed1001.npz,5256,7cde784b6eca6921b226180c6b8dbe35d7b72a7e88f86ce12200a11a28686b47
experiment-data,analysis/hp_spgg_analytic_scaling/npz/s1_population_m4/n05_m04/psrl_notype_seed1002.npz,5181,2022d3c099061a733f8449fa1b3dde7a98b89d89605d4c3b39e807fc67ebaa11
experiment-data,analysis/hp_spgg_analytic_scaling/npz/s1_population_m4/n05_m04/psrl_notype_seed1003.npz,5236,ad16f68937c9bb4514a974ba4e78421970b0c04704846844310b9d31f59c9f1b
experiment-data,analysis/hp_spgg_analytic_scaling/npz/s1_population_m4/n05_m04/psrl_notype_seed1004.npz,5182,dbac8c1ccae51dcfbf3f51c26abf9647b3faee27e739efd4f1c7ebc66c44b4e6
experiment-data,analysis/hp_spgg_analytic_scaling/npz/s1_population_m4/n05_m04/psrl_notype_seed1005.npz,5212,ab020fa2cc94086d1280ebcbc73bf0094d24f4ba2cebb779da847b7aad6b3aeb
experiment-data,analysis/hp_spgg_analytic_scaling/npz/s1_population_m4/n05_m04/psrl_notype_seed1006.npz,5259,78877936c4dc1706b4935bb4fbc64f35c9466e03265d4857248b008e8eafa8a3
experiment-data,analysis/hp_spgg_analytic_scaling/npz/s1_population_m4/n05_m04/psrl_notype_seed1007.npz,5219,df74f18341de60bda7f5fb6f3a465434e7658abc0715fa6a319b90b6bb1b07fb
experiment-data,analysis/hp_spgg_analytic_scaling/npz/s1_population_m4/n05_m04/psrl_notype_seed1008.npz,5229,dc7c64d2c27398dab2c6b2a5d2ec1d3f4dba91bd5750d3ba002f5bfb2683cc55
experiment-data,analysis/hp_spgg_analytic_scaling/npz/s1_population_m4/n05_m04/psrl_notype_seed1009.npz,5176,d10023a7e3feb969150685d77988ddbdc11836e870d1a5d0af14c8928fabbc9f
experiment-data,analysis/hp_spgg_analytic_scaling/npz/s1_population_m4/n06_m04/joint_psrl_uniform_seed1000.npz,6640,72f74e6222576c4a3535025660a6f6f1f31fa1401ae107a49fad6935957a7c49
experiment-data,analysis/hp_spgg_analytic_scaling/npz/s1_population_m4/n06_m04/joint_psrl_uniform_seed1001.npz,6358,46b39693a83c2e81f9063a2e4097ccd6b98847f2c3b2410c23aef0a0b71ef1dd
experiment-data,analysis/hp_spgg_analytic_scaling/npz/s1_population_m4/n06_m04/joint_psrl_uniform_seed1002.npz,6365,bba096e142af377d065612d51359355b9004be38a0054f2e01b1f6e4db2ac962
experiment-data,analysis/hp_spgg_analytic_scaling/npz/s1_population_m4/n06_m04/joint_psrl_uniform_seed1003.npz,6343,3fd83b5b7c4849ba10a945b491524ef5a2172e2724bb5ac7dfe1218e4f24e604
experiment-data,analysis/hp_spgg_analytic_scaling/npz/s1_population_m4/n06_m04/joint_psrl_uniform_seed1004.npz,6037,8a447bfc4ce14bd97cc0f5e3c4b94197d6b0134cadccc94f9a09671ba5108e23
experiment-data,analysis/hp_spgg_analytic_scaling/npz/s1_population_m4/n06_m04/joint_psrl_uniform_seed1005.npz,6507,40b2348bf5fe136c0761dbf1bbfe4e72c8ce24acbb643351226bd6053a5f1baf
experiment-data,analysis/hp_spgg_analytic_scaling/npz/s1_population_m4/n06_m04/joint_psrl_uniform_seed1006.npz,6426,a453ac2a5893ac9114a4badf8a60a1d1c742b22592310167ee154c9a0c87b701
experiment-data,analysis/hp_spgg_analytic_scaling/npz/s1_population_m4/n06_m04/joint_psrl_uniform_seed1007.npz,6418,ac1198b14fa4a62c055ebb57955996a7f4a4d99e606127cf8866f0ecd1fdbbc8
experiment-data,analysis/hp_spgg_analytic_scaling/npz/s1_population_m4/n06_m04/joint_psrl_uniform_seed1008.npz,6510,def30f5ae040e626907459fcc2e2ac334d06748cb988328517f6026cba421bcb
experiment-data,analysis/hp_spgg_analytic_scaling/npz/s1_population_m4/n06_m04/joint_psrl_uniform_seed1009.npz,6451,64c7a21ed9671a755228c240e40dc9e4082d70480876e9ba8c49b56454d62813
experiment-data,analysis/hp_spgg_analytic_scaling/npz/s1_population_m4/n06_m04/oracle_seed1000.npz,4841,753890ffc96d556ca895244693c5b7ae1679ba57acf1c34c82c0eea0836e843d
experiment-data,analysis/hp_spgg_analytic_scaling/npz/s1_population_m4/n06_m04/oracle_seed1001.npz,4842,0995fb9378028a3520129dea6da23cb60ca26ca85b72f9ba01a5463ca5f816da
experiment-data,analysis/hp_spgg_analytic_scaling/npz/s1_population_m4/n06_m04/oracle_seed1002.npz,4841,497c20350fc753f79aa84ec3432702ad3b3e9f36984b7c523ec4fc864236e969
experiment-data,analysis/hp_spgg_analytic_scaling/npz/s1_population_m4/n06_m04/oracle_seed1003.npz,4839,981777c3e00ccad5fc021b86c86171c3d7f3ff8f80b60029d5a37c2fe4381bde
experiment-data,analysis/hp_spgg_analytic_scaling/npz/s1_population_m4/n06_m04/oracle_seed1004.npz,4833,1cba4eb4f95fd7158cfd187fdc4771d3b821e52a725fc64cc52cf5bfda1fe960
experiment-data,analysis/hp_spgg_analytic_scaling/npz/s1_population_m4/n06_m04/oracle_seed1005.npz,4837,001bcfc4e8323604e32ad303444481f16b3bbd3e60d3bcb197134d0b61d2c008
experiment-data,analysis/hp_spgg_analytic_scaling/npz/s1_population_m4/n06_m04/oracle_seed1006.npz,4841,76df6f393470dc0afdbb7b7728798eac37819e4376611aa9723756e53268d39b
experiment-data,analysis/hp_spgg_analytic_scaling/npz/s1_population_m4/n06_m04/oracle_seed1007.npz,4839,569d6c6bfeb18462690f80fb25007fbd201caf00c63e130d5e58314f4c6cd135
experiment-data,analysis/hp_spgg_analytic_scaling/npz/s1_population_m4/n06_m04/oracle_seed1008.npz,4841,63fe5afbc66f323da3577488b184f3d06413f0f765b4fbc4879a9c527e5f531d
experiment-data,analysis/hp_spgg_analytic_scaling/npz/s1_population_m4/n06_m04/oracle_seed1009.npz,4839,de9dac9f556d807c4c3d56a50aa7f3fd439f3f22000259596eccbba5fb3fc335
experiment-data,analysis/hp_spgg_analytic_scaling/npz/s1_population_m4/n06_m04/pact_plus_seed1000.npz,6478,2b0cddbf197194aeb0f9dbe11cb1f5db8c8cb1af767125c2300dffd9d50df9b7
experiment-data,analysis/hp_spgg_analytic_scaling/npz/s1_population_m4/n06_m04/pact_plus_seed1001.npz,6329,aa34db6bf720ba58220f4cb5b7fe1cca06e705097c84fb0fa605464ed15ceb73
experiment-data,analysis/hp_spgg_analytic_scaling/npz/s1_population_m4/n06_m04/pact_plus_seed1002.npz,6323,799316fc7b85e1583c73ba900b8dfaaa9b42248b6351cc02e060e2532d68628e
experiment-data,analysis/hp_spgg_analytic_scaling/npz/s1_population_m4/n06_m04/pact_plus_seed1003.npz,6369,fd1c450d95b1b51b68b37a8d8712a572794581df9677727378ee82b9f8b667c3
experiment-data,analysis/hp_spgg_analytic_scaling/npz/s1_population_m4/n06_m04/pact_plus_seed1004.npz,6048,69068bd24177c578774e0fff5b2c34c3bb04aa570c49fe216395ab94cbd0999c
experiment-data,analysis/hp_spgg_analytic_scaling/npz/s1_population_m4/n06_m04/pact_plus_seed1005.npz,6522,ca3f5dcc69c0e56b6e856504778eb75df9853e1526abe900cdbf08e11c9daf71
experiment-data,analysis/hp_spgg_analytic_scaling/npz/s1_population_m4/n06_m04/pact_plus_seed1006.npz,6351,c011f276491efa17570d5f694ce526906f6242e108bab91a95e94d3ad360d995
experiment-data,analysis/hp_spgg_analytic_scaling/npz/s1_population_m4/n06_m04/pact_plus_seed1007.npz,6341,e7c1f0d6dc8e92921d1d69baf7cb192b48ce926244112715822da878f61bd87e
experiment-data,analysis/hp_spgg_analytic_scaling/npz/s1_population_m4/n06_m04/pact_plus_seed1008.npz,6530,ee20fb38f92860bafea4420908a763a1952f2ddf9e9e8e2ffa470b365488b60c
experiment-data,analysis/hp_spgg_analytic_scaling/npz/s1_population_m4/n06_m04/pact_plus_seed1009.npz,6361,0ccf4edbc395b68f99dfd0720c343f8008b3627aa2f495a8beb96e56d4d3b7c6
experiment-data,analysis/hp_spgg_analytic_scaling/npz/s1_population_m4/n06_m04/pact_seed1000.npz,6423,7a29da4332612f8c95693514e752e2c91b66d18733a43090bc7effefece6d13d
experiment-data,analysis/hp_spgg_analytic_scaling/npz/s1_population_m4/n06_m04/pact_seed1001.npz,6025,d5109e9ab3a22ca120680fc67ce79f1d92a5301e6990c91086458e36d41a0bac
experiment-data,analysis/hp_spgg_analytic_scaling/npz/s1_population_m4/n06_m04/pact_seed1002.npz,6085,c9dffad7134c9c2ff21334772386779d932278fdce5d60e701cf1ca67c82060c
experiment-data,analysis/hp_spgg_analytic_scaling/npz/s1_population_m4/n06_m04/pact_seed1003.npz,6094,2439b79aa46d45da231c3d15e6408a8bd5e0814a86aa9f19d628100c2e60b6fc
experiment-data,analysis/hp_spgg_analytic_scaling/npz/s1_population_m4/n06_m04/pact_seed1004.npz,5729,c749e13539ad88a7b56bd1ebc5aa5315a5bf4e65855b623bab3b9b1d5829bc4b
experiment-data,analysis/hp_spgg_analytic_scaling/npz/s1_population_m4/n06_m04/pact_seed1005.npz,6248,f545d9a6144aa52ca262a376b354b709561a1a7e37022414f20622c9d3933aa6
experiment-data,analysis/hp_spgg_analytic_scaling/npz/s1_population_m4/n06_m04/pact_seed1006.npz,6059,4d91ff662924c29d36c8f1d584c011b9080c9af8fe9787c2d24e5c8fdd8a770b
experiment-data,analysis/hp_spgg_analytic_scaling/npz/s1_population_m4/n06_m04/pact_seed1007.npz,6181,86564dca66c96dda7bd610f69953a8459125096806bb28032be56d8fbdc26e16
experiment-data,analysis/hp_spgg_analytic_scaling/npz/s1_population_m4/n06_m04/pact_seed1008.npz,6214,88e49b4abc70ca7e9f3d9d032759c2807387ae900904d88ddf812a11345fed65
experiment-data,analysis/hp_spgg_analytic_scaling/npz/s1_population_m4/n06_m04/pact_seed1009.npz,6171,754fc67a51d5f95020dddb56c908c4f768f5f0ff2e74b02674aa285dc44d932f
experiment-data,analysis/hp_spgg_analytic_scaling/npz/s1_population_m4/n06_m04/psrl_notype_seed1000.npz,5222,cd2a22f7f5e13ba83ac70bf3cefa9e9b80abce146c558f185c714d1e41d8f1a0
experiment-data,analysis/hp_spgg_analytic_scaling/npz/s1_population_m4/n06_m04/psrl_notype_seed1001.npz,5246,76950468f061618d41d949e85da9484fd2748430dd99424b64b03c554aeb786f
experiment-data,analysis/hp_spgg_analytic_scaling/npz/s1_population_m4/n06_m04/psrl_notype_seed1002.npz,5229,f28cb83db1671d4b9caecf76a3c442dcd700db6180c10bef0b88a87383770faa
experiment-data,analysis/hp_spgg_analytic_scaling/npz/s1_population_m4/n06_m04/psrl_notype_seed1003.npz,5226,53301620745ffad0632600739ea95c45faaaf0c775db548d87cd7361c218bd1f
experiment-data,analysis/hp_spgg_analytic_scaling/npz/s1_population_m4/n06_m04/psrl_notype_seed1004.npz,5227,249ade39d171fa6b0eb6fdad0257b093de1eddcbdd4e68dd648435f08d892a0d
experiment-data,analysis/hp_spgg_analytic_scaling/npz/s1_population_m4/n06_m04/psrl_notype_seed1005.npz,5247,7e1712c444326b2ee86f7e14bf07f66b35d334b2eece20be1307a0dbbcb9695c
experiment-data,analysis/hp_spgg_analytic_scaling/npz/s1_population_m4/n06_m04/psrl_notype_seed1006.npz,5229,8cf05f6dc5c0aa4e7db2a158e08145b67f5d4bed04502ad3791fd808550c4f4c
experiment-data,analysis/hp_spgg_analytic_scaling/npz/s1_population_m4/n06_m04/psrl_notype_seed1007.npz,5237,627eec4c452b55040c605f349137660ec76a87fcffcb0296abe39b37b7dfe876
experiment-data,analysis/hp_spgg_analytic_scaling/npz/s1_population_m4/n06_m04/psrl_notype_seed1008.npz,5237,10844a7f432536e24662a26536c0185080f4c6965f075cea7786d5a850764090
experiment-data,analysis/hp_spgg_analytic_scaling/npz/s1_population_m4/n06_m04/psrl_notype_seed1009.npz,5249,915de4b668e8c6639256c648b0daa02e405ab86633ed32d756718b5c1a1011b0
experiment-data,analysis/hp_spgg_analytic_scaling/npz/s1_population_m4/n07_m04/joint_psrl_uniform_seed1000.npz,6773,186b5f27eb73d1b93c25fa2560578663deb2e2a31ccb7af7a92b02aaf5365e52
experiment-data,analysis/hp_spgg_analytic_scaling/npz/s1_population_m4/n07_m04/joint_psrl_uniform_seed1001.npz,6515,5c19146c7c335e46aa34750ffe876ad4b99be05be4b659c253ed1b876efd2434
experiment-data,analysis/hp_spgg_analytic_scaling/npz/s1_population_m4/n07_m04/joint_psrl_uniform_seed1002.npz,6465,82014e7e3a07be2a84cb51f403c5f8138cea4055311156e13825f80da8d9c0e6
experiment-data,analysis/hp_spgg_analytic_scaling/npz/s1_population_m4/n07_m04/joint_psrl_uniform_seed1003.npz,6741,43763b20b3122676410d46eaad325708c630968adfb45fc176cb3de9067cae08
experiment-data,analysis/hp_spgg_analytic_scaling/npz/s1_population_m4/n07_m04/joint_psrl_uniform_seed1004.npz,6388,01f920760a054546fc12d64faa30bb6ca60972738511437a319efbeb2045a7a5
experiment-data,analysis/hp_spgg_analytic_scaling/npz/s1_population_m4/n07_m04/joint_psrl_uniform_seed1005.npz,6671,c09ab9ba775e56261df5f239946203ab887824090ef878aa4c938d9444196f1a
experiment-data,analysis/hp_spgg_analytic_scaling/npz/s1_population_m4/n07_m04/joint_psrl_uniform_seed1006.npz,6580,b82571dae455a7186cf1b34c8b1ed305db7b472c7affdf05837059eb0d2096b2
experiment-data,analysis/hp_spgg_analytic_scaling/npz/s1_population_m4/n07_m04/joint_psrl_uniform_seed1007.npz,6536,a81bdd78ed4f1db342739a7bc20ca23e605ae3af224eded02f55c9e246d4cea3
experiment-data,analysis/hp_spgg_analytic_scaling/npz/s1_population_m4/n07_m04/joint_psrl_uniform_seed1008.npz,6694,11e8d08248cfbe5b03d235fbc89a66f490fc22deb285a1bffc1962df66263643
experiment-data,analysis/hp_spgg_analytic_scaling/npz/s1_population_m4/n07_m04/joint_psrl_uniform_seed1009.npz,6625,2881f9ace48acca4a86c708d504ec5f48fa1ffaf814f317ecb67c987585385e3
experiment-data,analysis/hp_spgg_analytic_scaling/npz/s1_population_m4/n07_m04/oracle_seed1000.npz,4845,9a905c57d6fcdb3ce46353180ead094f17c74894e344ea32ea20be47d7ec2bf8
experiment-data,analysis/hp_spgg_analytic_scaling/npz/s1_population_m4/n07_m04/oracle_seed1001.npz,4847,98ebc327634e9fa4ec73728526b9b80252ee5ad582496d2ea0fc9aa1ab84c8bb
experiment-data,analysis/hp_spgg_analytic_scaling/npz/s1_population_m4/n07_m04/oracle_seed1002.npz,4845,4cad190880f93cf7504f79441de41a3020af28dcb36cd799a26ac4c10d942224
experiment-data,analysis/hp_spgg_analytic_scaling/npz/s1_population_m4/n07_m04/oracle_seed1003.npz,4845,fba7a54368454bb73f947cc3b2d60f80f5322d3f058bad052c650dda40fe3654
experiment-data,analysis/hp_spgg_analytic_scaling/npz/s1_population_m4/n07_m04/oracle_seed1004.npz,4839,9578c75a01578190caa43737ac658ca08e5f12a07c640be86f2eaaf0a86d0d19
experiment-data,analysis/hp_spgg_analytic_scaling/npz/s1_population_m4/n07_m04/oracle_seed1005.npz,4846,81ec8e23bbf597fc7b319ba2e1fba0ed6bef131da0091f0bc8e9505d1f1369ed
experiment-data,analysis/hp_spgg_analytic_scaling/npz/s1_population_m4/n07_m04/oracle_seed1006.npz,4846,22ee249892422f0c418576728a4cf8e26bf45de0c6dae7cd9110369e2a0de72b
experiment-data,analysis/hp_spgg_analytic_scaling/npz/s1_population_m4/n07_m04/oracle_seed1007.npz,4844,579d64dc2baabb43d15554dc7185fa2037b16b0d5ffb14177e2371cde3ac4cf4
experiment-data,analysis/hp_spgg_analytic_scaling/npz/s1_population_m4/n07_m04/oracle_seed1008.npz,4845,55cfb0002d20f5b71741e64404200275682619d3cd3e441a9af3e846a1b1b573
experiment-data,analysis/hp_spgg_analytic_scaling/npz/s1_population_m4/n07_m04/oracle_seed1009.npz,4843,285442da3549afe39920b61ce09977c5403f0df17e90ec2a7b8a0590c2dc2dc8
experiment-data,analysis/hp_spgg_analytic_scaling/npz/s1_population_m4/n07_m04/pact_plus_seed1000.npz,6628,10fe5b95a748698b5963aeaf2180a20101931821f8af35f92928e6ad59e5a0cf
experiment-data,analysis/hp_spgg_analytic_scaling/npz/s1_population_m4/n07_m04/pact_plus_seed1001.npz,6436,2632d37f81a8c30144379f8021eea5c398be813df1c55311efd3d8358f77d79c
experiment-data,analysis/hp_spgg_analytic_scaling/npz/s1_population_m4/n07_m04/pact_plus_seed1002.npz,6433,8db6b230c373399fe32b5aae5e21a40c7ca91eb786d1c201a51d5e307654fdec
experiment-data,analysis/hp_spgg_analytic_scaling/npz/s1_population_m4/n07_m04/pact_plus_seed1003.npz,6579,b1ad252532f0baf178e2a8ec2f1568fdfcea2ffd4a726cd60750e6e174aa4d78
experiment-data,analysis/hp_spgg_analytic_scaling/npz/s1_population_m4/n07_m04/pact_plus_seed1004.npz,6351,bed70d7be4fe63e9124ebaaeb4a3ddfe3f0d808f790423f726f0d7781e5327b3
experiment-data,analysis/hp_spgg_analytic_scaling/npz/s1_population_m4/n07_m04/pact_plus_seed1005.npz,6628,b92bc2d38d2796d61e5e2161bb2b30bdfec4f7b4dcaa9f7ca58893da8247a008
experiment-data,analysis/hp_spgg_analytic_scaling/npz/s1_population_m4/n07_m04/pact_plus_seed1006.npz,6498,2e3ded81f29c5e3f216e4afc4a2b79902d28a50478fd9b38bb510cd313e6bba6
experiment-data,analysis/hp_spgg_analytic_scaling/npz/s1_population_m4/n07_m04/pact_plus_seed1007.npz,6448,0156c82a6bc2118f7707f52999cf455969595a5a99a7b8b8befee275e19dc522
experiment-data,analysis/hp_spgg_analytic_scaling/npz/s1_population_m4/n07_m04/pact_plus_seed1008.npz,6653,9cf3781405a976ec26356e7dd5128e7f934590760748e457fe7ed617c9d3e575
experiment-data,analysis/hp_spgg_analytic_scaling/npz/s1_population_m4/n07_m04/pact_plus_seed1009.npz,6463,2186431ec21718fda938a4f2b3f17b40f61d4212468557526ebd767bb660636e
experiment-data,analysis/hp_spgg_analytic_scaling/npz/s1_population_m4/n07_m04/pact_seed1000.npz,6479,4ee17ea2f7a34c4bf11377cfda5df0bae59723ede8fb80fa8e110faf30d97cfb
experiment-data,analysis/hp_spgg_analytic_scaling/npz/s1_population_m4/n07_m04/pact_seed1001.npz,6201,0eb1da403400a49757bd17fe455ba0f0ebd87e4b35c6d2fb035466eb6c32d3b9
experiment-data,analysis/hp_spgg_analytic_scaling/npz/s1_population_m4/n07_m04/pact_seed1002.npz,6125,c3bada1780260f4b832936ca61cf29e37340e2f95a51bd76b180b8e3a33194f8
experiment-data,analysis/hp_spgg_analytic_scaling/npz/s1_population_m4/n07_m04/pact_seed1003.npz,6494,891368042c949aa1f96d853bcaf8a28a3acf58b0b76055ec521da21707cb3ff5
experiment-data,analysis/hp_spgg_analytic_scaling/npz/s1_population_m4/n07_m04/pact_seed1004.npz,6128,0a3af9a9d6e83b4fffe5004c5d2b18f39e52bd0a7d06d9562c3f3f55cdb7768c
experiment-data,analysis/hp_spgg_analytic_scaling/npz/s1_population_m4/n07_m04/pact_seed1005.npz,6372,e800e3fe3f4eaddcc6a76db96f16fe34ce86c5d2862746ba93233c9e121d3e1f
experiment-data,analysis/hp_spgg_analytic_scaling/npz/s1_population_m4/n07_m04/pact_seed1006.npz,6285,c729ea69a6291cc8f57dba15d922f27dc77a270f258d2fce802479a56903dd99
experiment-data,analysis/hp_spgg_analytic_scaling/npz/s1_population_m4/n07_m04/pact_seed1007.npz,6280,f569775ea3682758f00700566a8b0c8da72f718e4a7cc807352ea468ca41c970
experiment-data,analysis/hp_spgg_analytic_scaling/npz/s1_population_m4/n07_m04/pact_seed1008.npz,6391,0b5e013471e512e254d78a42a6ff8258fac7a04f85289ec5f17138bf169a21eb
experiment-data,analysis/hp_spgg_analytic_scaling/npz/s1_population_m4/n07_m04/pact_seed1009.npz,6353,94cc46b6e6e38ae2daa6eddf30a54a39c517c3109d5e410f2167f50738ea04f7
experiment-data,analysis/hp_spgg_analytic_scaling/npz/s1_population_m4/n07_m04/psrl_notype_seed1000.npz,5254,11630a2e274f660e578e7882818c2be22d5f95107ce23257e6e58dc854b12011
experiment-data,analysis/hp_spgg_analytic_scaling/npz/s1_population_m4/n07_m04/psrl_notype_seed1001.npz,5238,d82f1dc25781d5304fc52e65f9050e29db9641adf223fa8930dc621605295347
experiment-data,analysis/hp_spgg_analytic_scaling/npz/s1_population_m4/n07_m04/psrl_notype_seed1002.npz,5244,b57b610c752d63a26e5685c1013a9ecd8698f66a20fa369bc52e6352f85e8377
experiment-data,analysis/hp_spgg_analytic_scaling/npz/s1_population_m4/n07_m04/psrl_notype_seed1003.npz,5230,3e8c2888f95aef7020a41a046e7ca82efc6bfc6eb18c987c208c91327efc51a4
experiment-data,analysis/hp_spgg_analytic_scaling/npz/s1_population_m4/n07_m04/psrl_notype_seed1004.npz,5232,1d3c3063c23bf5be2152958dd4f75360327017197fe0c3e3dbf40986a20c0d82
experiment-data,analysis/hp_spgg_analytic_scaling/npz/s1_population_m4/n07_m04/psrl_notype_seed1005.npz,5236,e159132456edc654921315209fc1c2741c823b545fba59726f151ce684da18cf
experiment-data,analysis/hp_spgg_analytic_scaling/npz/s1_population_m4/n07_m04/psrl_notype_seed1006.npz,5254,ac1289d30d06ceb9de77087d3006cd3fcb0f51c73fe85938969a4d4480b49369
experiment-data,analysis/hp_spgg_analytic_scaling/npz/s1_population_m4/n07_m04/psrl_notype_seed1007.npz,5255,91cada946e38fdc4f6f0642711b93c4cc12175612f8a0661b9f109a0355d4a7a
experiment-data,analysis/hp_spgg_analytic_scaling/npz/s1_population_m4/n07_m04/psrl_notype_seed1008.npz,5241,89ddd70fdc88897772a5785f9a08d61b7e7ea4ef41c362fd4ebebed41ef1345c
experiment-data,analysis/hp_spgg_analytic_scaling/npz/s1_population_m4/n07_m04/psrl_notype_seed1009.npz,5245,83b8af6c4a262b190b1d61e09057d8b7128d08b6dbd713635d0d8864f14b7368
experiment-data,analysis/hp_spgg_analytic_scaling/npz/s1_population_m4/n08_m04/joint_psrl_uniform_seed1000.npz,6694,49a00589d49c42d9ba34256800b343705959880b87a43ce7ca1cd5e099cbe2e9
experiment-data,analysis/hp_spgg_analytic_scaling/npz/s1_population_m4/n08_m04/joint_psrl_uniform_seed1001.npz,6517,028b36af77add0f5aa27dd2d4c7d44a3fd73df46d7603e62eaaf7e0d8ea3b212
experiment-data,analysis/hp_spgg_analytic_scaling/npz/s1_population_m4/n08_m04/joint_psrl_uniform_seed1002.npz,6594,1d4820caedb269b5156fa3d7ad6d6554f7f100d1b5d6f7c4b892d8451218d07f
experiment-data,analysis/hp_spgg_analytic_scaling/npz/s1_population_m4/n08_m04/joint_psrl_uniform_seed1003.npz,6722,2dc339bdbce190f448d5370797bbb1313445ccf501992c5f9c56aecf15476199
experiment-data,analysis/hp_spgg_analytic_scaling/npz/s1_population_m4/n08_m04/joint_psrl_uniform_seed1004.npz,6707,48695f3397a3dc1fc1d0028907488307596aae35087302b2dc865fe715c4f751
experiment-data,analysis/hp_spgg_analytic_scaling/npz/s1_population_m4/n08_m04/joint_psrl_uniform_seed1005.npz,6721,7674f53abadf1a514891afaab33946ef5c838e1259c626c398b375911a0b22d3
experiment-data,analysis/hp_spgg_analytic_scaling/npz/s1_population_m4/n08_m04/joint_psrl_uniform_seed1006.npz,6606,778c998989887e72a95dfb6204bfd00e2b04d83a1e38989a3ec9628408de5cbe
experiment-data,analysis/hp_spgg_analytic_scaling/npz/s1_population_m4/n08_m04/joint_psrl_uniform_seed1007.npz,6653,e321f45aa91ce5bf135f705216c7ce04575383d3388f1ed587fb5c8b54275389
experiment-data,analysis/hp_spgg_analytic_scaling/npz/s1_population_m4/n08_m04/joint_psrl_uniform_seed1008.npz,6797,dccf24bd635beacf34d0ad68945d52c1f2a81675fe75e4189b1b96f53b238d91
experiment-data,analysis/hp_spgg_analytic_scaling/npz/s1_population_m4/n08_m04/joint_psrl_uniform_seed1009.npz,6552,8bc37255cc2deca5fb8839d36b8b3875fc8e3e2a587dd22d41f04abd10c39850
experiment-data,analysis/hp_spgg_analytic_scaling/npz/s1_population_m4/n08_m04/oracle_seed1000.npz,4848,ce04e9eae882d6b10f7106f385b345b80c093ce534c1e9ee4ef105ff86b3bbeb
experiment-data,analysis/hp_spgg_analytic_scaling/npz/s1_population_m4/n08_m04/oracle_seed1001.npz,4852,519779c56249e0007982aa4b579b3764a86353b8ef82888303823ae13537e94a
experiment-data,analysis/hp_spgg_analytic_scaling/npz/s1_population_m4/n08_m04/oracle_seed1002.npz,4849,b0d23e268e16b362742caa0a4ffa771144cf4712c6ddfce0a27afb91be91a34d
experiment-data,analysis/hp_spgg_analytic_scaling/npz/s1_population_m4/n08_m04/oracle_seed1003.npz,4849,271b548a4f2ad93966b8dd937db886bb01cccb3acc5593c08b74f5166f6535ba
experiment-data,analysis/hp_spgg_analytic_scaling/npz/s1_population_m4/n08_m04/oracle_seed1004.npz,4845,c7e6e3920fb4426b951c436f6f7c9aa6a6a849fed180aeb189c8900e985ba3f8
experiment-data,analysis/hp_spgg_analytic_scaling/npz/s1_population_m4/n08_m04/oracle_seed1005.npz,4850,746688d258474c1db31e2220d3b376de8e1b5f4fddaacd9c2202af73ce5eb222
experiment-data,analysis/hp_spgg_analytic_scaling/npz/s1_population_m4/n08_m04/oracle_seed1006.npz,4849,c99a5f200fd0ae4c57e07beb67a68c0ca04626b92f6444cc148a618cac1b1dc6
experiment-data,analysis/hp_spgg_analytic_scaling/npz/s1_population_m4/n08_m04/oracle_seed1007.npz,4847,4620b9c9e374454850bbd5c520654d75e87395e607dcf361041bc44e2c2ae0c2
experiment-data,analysis/hp_spgg_analytic_scaling/npz/s1_population_m4/n08_m04/oracle_seed1008.npz,4850,9b592ce2cbd2b246977462f0a5b047c794c5446c590bea247318cca6951aecbe
experiment-data,analysis/hp_spgg_analytic_scaling/npz/s1_population_m4/n08_m04/oracle_seed1009.npz,4846,3d838c659e0d1341eefcf789f8d3e3d08c16551a76e0ef326c9989fd167214d2
experiment-data,analysis/hp_spgg_analytic_scaling/npz/s1_population_m4/n08_m04/pact_plus_seed1000.npz,6586,80a994e1111584c374b5d8a9137142de680efb619d5826d4a49bce1f4b4357c1
experiment-data,analysis/hp_spgg_analytic_scaling/npz/s1_population_m4/n08_m04/pact_plus_seed1001.npz,6410,f9913d1fe337af7cf86e8b450ff27370253163f232c2ca69855dcd3ac0a21f4d
experiment-data,analysis/hp_spgg_analytic_scaling/npz/s1_population_m4/n08_m04/pact_plus_seed1002.npz,6365,daac9db97f011e56e0ae640a3ac1480a715430595c9aa09a423198a663c63009
experiment-data,analysis/hp_spgg_analytic_scaling/npz/s1_population_m4/n08_m04/pact_plus_seed1003.npz,6570,03dc335d8af353ae01de3184e2962bb20b3cb41aa487201cf8c087d0adabca42
experiment-data,analysis/hp_spgg_analytic_scaling/npz/s1_population_m4/n08_m04/pact_plus_seed1004.npz,6464,7ca21314a87a85f7464d56197d1fe69c26f90203b3271d548269f67f8c923298
experiment-data,analysis/hp_spgg_analytic_scaling/npz/s1_population_m4/n08_m04/pact_plus_seed1005.npz,6599,9a0fd41d1bcd2cf82f8099351ca8e792608f8642e408de6abff22a40788d330e
experiment-data,analysis/hp_spgg_analytic_scaling/npz/s1_population_m4/n08_m04/pact_plus_seed1006.npz,6451,45b1d15e6853c49d9240c964153eb2a1df42a6fafbf2f2679b2659bf06f20d24
experiment-data,analysis/hp_spgg_analytic_scaling/npz/s1_population_m4/n08_m04/pact_plus_seed1007.npz,6376,0bcdd0efe19ebb390c5f5341cb16bd92e19975352b95164dc040f227b9767a57
experiment-data,analysis/hp_spgg_analytic_scaling/npz/s1_population_m4/n08_m04/pact_plus_seed1008.npz,6619,2a3a6b632e10771619604fa8046db97c6f63b29cc7e9def8e339e97261503708
experiment-data,analysis/hp_spgg_analytic_scaling/npz/s1_population_m4/n08_m04/pact_plus_seed1009.npz,6349,53c2140fe5c7e33233dc0115a450a1f9bdbd2fb728d3997a079678b31e405611
experiment-data,analysis/hp_spgg_analytic_scaling/npz/s1_population_m4/n08_m04/pact_seed1000.npz,6355,77dbde9cb6686d53619d9fddd6ff07223714bb13f7bf4630a3fadbd702d95e71
experiment-data,analysis/hp_spgg_analytic_scaling/npz/s1_population_m4/n08_m04/pact_seed1001.npz,6180,8ee2f9ee26919854caa4ac247c20f70aa5fc7f0cc6eaaf692e2ba799a2603469
experiment-data,analysis/hp_spgg_analytic_scaling/npz/s1_population_m4/n08_m04/pact_seed1002.npz,6257,8e61d5916c0be12e14c55e5d4e455c24dd7980e2b2d292a9e7e85bb178a7ebce
experiment-data,analysis/hp_spgg_analytic_scaling/npz/s1_population_m4/n08_m04/pact_seed1003.npz,6401,a51c09d5b7b1da167999870027a435fef54f4675a698a679afbf9e6f531f3946
experiment-data,analysis/hp_spgg_analytic_scaling/npz/s1_population_m4/n08_m04/pact_seed1004.npz,6478,79e46a42bf773d8426133f8e99899bf0a4fac393653e741d796c6b466a117b25
experiment-data,analysis/hp_spgg_analytic_scaling/npz/s1_population_m4/n08_m04/pact_seed1005.npz,6417,455cb74814e11a1024387373051d95c016ffc6528150536879031ff9290d0ba3
experiment-data,analysis/hp_spgg_analytic_scaling/npz/s1_population_m4/n08_m04/pact_seed1006.npz,6250,9c7e640a33f1d1d31ff6625c7e10f5c6d27f89e8a69078265cd4487118cacbfe
experiment-data,analysis/hp_spgg_analytic_scaling/npz/s1_population_m4/n08_m04/pact_seed1007.npz,6362,0007b9d484fa68ba68d95fd0ad73ec3eab28b69273395c44d5121266d7d099ef
experiment-data,analysis/hp_spgg_analytic_scaling/npz/s1_population_m4/n08_m04/pact_seed1008.npz,6506,3b99db4dc4fdbf30d276c6fa62b384280a8a2b4e58ba1e2d56f97027c410795a
experiment-data,analysis/hp_spgg_analytic_scaling/npz/s1_population_m4/n08_m04/pact_seed1009.npz,6223,66d9f34ea977203c0ee79e7dd0e14d745d60d7c5e0ed795b1c6e982a30e13cac
experiment-data,analysis/hp_spgg_analytic_scaling/npz/s1_population_m4/n08_m04/psrl_notype_seed1000.npz,5248,b7359f87a8bd863e8ddcda6417695df41a9bbca591f75302ffb27fe372ce828d
experiment-data,analysis/hp_spgg_analytic_scaling/npz/s1_population_m4/n08_m04/psrl_notype_seed1001.npz,5262,cb55f843525906d23dfd64e2474eca62e8ac48a8bfbcdbd68cd59dfb5c25f89b
experiment-data,analysis/hp_spgg_analytic_scaling/npz/s1_population_m4/n08_m04/psrl_notype_seed1002.npz,5258,7aa2a9f0715053629996780b08d1de1f1c53a8182668677f159879a8a3416dbf
experiment-data,analysis/hp_spgg_analytic_scaling/npz/s1_population_m4/n08_m04/psrl_notype_seed1003.npz,5248,0eb69ffcccad1cfab3bf8fc3d54528dcfd3b426f2ccdd910dc6912f622b24bb3
experiment-data,analysis/hp_spgg_analytic_scaling/npz/s1_population_m4/n08_m04/psrl_notype_seed1004.npz,5249,73d17efa2c1faf5ce9a31b4a31c9428cfbb4c8bb1d43707935701642c2a16483
experiment-data,analysis/hp_spgg_analytic_scaling/npz/s1_population_m4/n08_m04/psrl_notype_seed1005.npz,5241,c2e329f255720f3874dbaed6faeb44da079b7ac3d2f7b8ad31bc4f5519076946
experiment-data,analysis/hp_spgg_analytic_scaling/npz/s1_population_m4/n08_m04/psrl_notype_seed1006.npz,5246,63375a7c9d479b2587d7a5368e9bbc2f4721e9344206a7dc97ceef44fd44bbac
experiment-data,analysis/hp_spgg_analytic_scaling/npz/s1_population_m4/n08_m04/psrl_notype_seed1007.npz,5260,22ef56511dfa06df82df5e2976b95951427727578aad2d34ec4744f4ec8b79e7
experiment-data,analysis/hp_spgg_analytic_scaling/npz/s1_population_m4/n08_m04/psrl_notype_seed1008.npz,5253,6e31a61a294d5f5ad0fdc46d78233d39a49cd0e6333bb5e5911b6c0f4ee04554
experiment-data,analysis/hp_spgg_analytic_scaling/npz/s1_population_m4/n08_m04/psrl_notype_seed1009.npz,5256,88045aedf4148b284f630b50ec1ad5e0e133947d5369a2c4de9c852ea76ab608
experiment-data,analysis/hp_spgg_analytic_scaling/npz/s1_population_m4/n09_m04/joint_psrl_uniform_seed1000.npz,6841,c28a09cabc83c5f027e5a799a2a392b4c9cb0048e2aa0e3eacc05a8bb0a8c920
experiment-data,analysis/hp_spgg_analytic_scaling/npz/s1_population_m4/n09_m04/joint_psrl_uniform_seed1001.npz,6790,c95cf10d84e41a1205fa9ad8f5c9b8bd80ad7c63e725167318c2fe615716a404
experiment-data,analysis/hp_spgg_analytic_scaling/npz/s1_population_m4/n09_m04/joint_psrl_uniform_seed1002.npz,6661,9e555973ee542b54b7a353ae015e48565d927314bd969556e46a7d8b842ab820
experiment-data,analysis/hp_spgg_analytic_scaling/npz/s1_population_m4/n09_m04/joint_psrl_uniform_seed1003.npz,6817,6159602d9b4f892e5b4be8f671a937e07152a28c1ded431232c54b0273f49811
experiment-data,analysis/hp_spgg_analytic_scaling/npz/s1_population_m4/n09_m04/joint_psrl_uniform_seed1004.npz,6754,f131e29de7f9086d60ea6073f2f41c73cee610d4a62e9c0700af53f9b87bb551
experiment-data,analysis/hp_spgg_analytic_scaling/npz/s1_population_m4/n09_m04/joint_psrl_uniform_seed1005.npz,6810,125a2fa8be0813e23adb76245dc910ddac8061d43d32729e3249bbaf019ea4bb
experiment-data,analysis/hp_spgg_analytic_scaling/npz/s1_population_m4/n09_m04/joint_psrl_uniform_seed1006.npz,6794,3d2ef1149ab2550fdfd8a54122482a53a617a19b75642015a2a61bca3c0e906a
experiment-data,analysis/hp_spgg_analytic_scaling/npz/s1_population_m4/n09_m04/joint_psrl_uniform_seed1007.npz,6755,df73036f22693e3db801beb63275af7bbc64e25a6851986d36492d849398e723
experiment-data,analysis/hp_spgg_analytic_scaling/npz/s1_population_m4/n09_m04/joint_psrl_uniform_seed1008.npz,7005,b3db3e9c0cfa30afe3b17285d53fa70f32f5b854c647c5b184d8136ec4744d14
experiment-data,analysis/hp_spgg_analytic_scaling/npz/s1_population_m4/n09_m04/joint_psrl_uniform_seed1009.npz,6813,12679f0115bc48cdb5107280fa8b18972b728c54380870c78dd3880bad089379
experiment-data,analysis/hp_spgg_analytic_scaling/npz/s1_population_m4/n09_m04/oracle_seed1000.npz,4852,19034a81d864dd5f27c9497f2efa0f4c8ac64daa0c6b2eabcfc477df59cf66b2
experiment-data,analysis/hp_spgg_analytic_scaling/npz/s1_population_m4/n09_m04/oracle_seed1001.npz,4854,dbad097ba30ed2998dded8d9b64c414085cd6bb9eaa5d65f442cb98ffa792cb2
experiment-data,analysis/hp_spgg_analytic_scaling/npz/s1_population_m4/n09_m04/oracle_seed1002.npz,4851,f1fd6a4605ac48452c5ee7223886733ea215286008eb27b64d09e3703e68624e
experiment-data,analysis/hp_spgg_analytic_scaling/npz/s1_population_m4/n09_m04/oracle_seed1003.npz,4852,4b4b4475a070c34c63496bac085e018d36969777a052a591b7f13881346615ec
experiment-data,analysis/hp_spgg_analytic_scaling/npz/s1_population_m4/n09_m04/oracle_seed1004.npz,4847,2f06db3288f686178ffa2f5cfaaf7d418504e5de5d976fff48ed76386f2b38c0
experiment-data,analysis/hp_spgg_analytic_scaling/npz/s1_population_m4/n09_m04/oracle_seed1005.npz,4854,b81baf4b8430f41d6898ebf3d5021936a263d5a25dfc85fa5bce5fb31ba48510
experiment-data,analysis/hp_spgg_analytic_scaling/npz/s1_population_m4/n09_m04/oracle_seed1006.npz,4851,e1a6e6c3c7789603a967085fc358d6999e739c10a19262c1757bb11ea5d4ec49
experiment-data,analysis/hp_spgg_analytic_scaling/npz/s1_population_m4/n09_m04/oracle_seed1007.npz,4852,1d1647815ac14304d098562637e1055a9d5a7886aa29a5d19efaafb86c2b6610
experiment-data,analysis/hp_spgg_analytic_scaling/npz/s1_population_m4/n09_m04/oracle_seed1008.npz,4854,6fe7347e3f4d6f05b6643de920bc06058880d44fc26d34904e1b6497ae293fc0
experiment-data,analysis/hp_spgg_analytic_scaling/npz/s1_population_m4/n09_m04/oracle_seed1009.npz,4851,807b70b2a36e154d5a146eeed3380d36406f8d4b93d849930ce36a146d8a3b8d
experiment-data,analysis/hp_spgg_analytic_scaling/npz/s1_population_m4/n09_m04/pact_plus_seed1000.npz,6714,87ad36c39f3cd833d255dd77df416a549ea7b8a15b3c3020addc1755fe2c31ad
experiment-data,analysis/hp_spgg_analytic_scaling/npz/s1_population_m4/n09_m04/pact_plus_seed1001.npz,6554,9a984a21ddc58a0cbb40cf59b190e438f2f9bc19986bb74527bf5b0491265912
experiment-data,analysis/hp_spgg_analytic_scaling/npz/s1_population_m4/n09_m04/pact_plus_seed1002.npz,6469,b006fe37e5c576ed32634b8920760c28e9d1f538814d03848f116ccff8a43a73
experiment-data,analysis/hp_spgg_analytic_scaling/npz/s1_population_m4/n09_m04/pact_plus_seed1003.npz,6708,e449776163b17d2ea25d1947d25a0605c9b79b33bd3b4095f78353c05f41f35e
experiment-data,analysis/hp_spgg_analytic_scaling/npz/s1_population_m4/n09_m04/pact_plus_seed1004.npz,6607,05bcf62bfbc4c93a2f357e8c425147871b63f4c9e15a5699a371b8e96faff3ed
experiment-data,analysis/hp_spgg_analytic_scaling/npz/s1_population_m4/n09_m04/pact_plus_seed1005.npz,6735,02f3613609fe036f3dfeace598542bee55a6a09dc9dbb6405f57bedc94cee103
experiment-data,analysis/hp_spgg_analytic_scaling/npz/s1_population_m4/n09_m04/pact_plus_seed1006.npz,6529,73add3364a401be7702a513730958fd0f2d3a64f36df6c23d8da439cfe93a620
experiment-data,analysis/hp_spgg_analytic_scaling/npz/s1_population_m4/n09_m04/pact_plus_seed1007.npz,6660,954f10b687c0c7c102166662ed72b1aa795493eb50b888824ade33615941e4a1
experiment-data,analysis/hp_spgg_analytic_scaling/npz/s1_population_m4/n09_m04/pact_plus_seed1008.npz,6752,7e0ffd8b632dd0d0b5ca236ce8232fbbfbdcba3f84de0c983f25f5762f0cfe28
experiment-data,analysis/hp_spgg_analytic_scaling/npz/s1_population_m4/n09_m04/pact_plus_seed1009.npz,6663,195a68bd2c8a4bcfaba7bf9a7fd62c8da87c9befb73afe3853d385ccab3f6ee8
experiment-data,analysis/hp_spgg_analytic_scaling/npz/s1_population_m4/n09_m04/pact_seed1000.npz,6503,0e74e7b0d2e0d13035e6d0c1e4a3d9598fe25dd697379d0b8e4060ce4bf90e41
experiment-data,analysis/hp_spgg_analytic_scaling/npz/s1_population_m4/n09_m04/pact_seed1001.npz,6504,153b32e885ed12a3b7757899a4cf1bb945dc050450640c24657c7bf630623e7b
experiment-data,analysis/hp_spgg_analytic_scaling/npz/s1_population_m4/n09_m04/pact_seed1002.npz,6267,aaf37fdf2cd5410fbede997ec51e8e24d7d94bd928674606044d050d8ab004bd
experiment-data,analysis/hp_spgg_analytic_scaling/npz/s1_population_m4/n09_m04/pact_seed1003.npz,6481,835ad8a4b5ee41581b5fe1bb8c5cf446f2647dc0f7c603dda5a7da1a623adb35
experiment-data,analysis/hp_spgg_analytic_scaling/npz/s1_population_m4/n09_m04/pact_seed1004.npz,6477,c8881b6961c0f42b5eff629cfa04f741e314cf51f8976a95d0c496a74fe3133b
experiment-data,analysis/hp_spgg_analytic_scaling/npz/s1_population_m4/n09_m04/pact_seed1005.npz,6448,74d14f828303d4d988b87c6bc4f286d9319e6ab8a256f6016960add8f4249826
experiment-data,analysis/hp_spgg_analytic_scaling/npz/s1_population_m4/n09_m04/pact_seed1006.npz,6461,998bb84e86552fc629fb227a6c18bee20c6c866beb7f3d7a2a91d9055ed3a4b2
experiment-data,analysis/hp_spgg_analytic_scaling/npz/s1_population_m4/n09_m04/pact_seed1007.npz,6411,45f2103dbcba73eb021bedc34d2439f2efb8da1fbfff3a0ba8dd3a500350f8d4
experiment-data,analysis/hp_spgg_analytic_scaling/npz/s1_population_m4/n09_m04/pact_seed1008.npz,6715,a938ab52c42e750ad6eefb144ce08d156a32a7df4ebe9847c163254e0e7d1d82
experiment-data,analysis/hp_spgg_analytic_scaling/npz/s1_population_m4/n09_m04/pact_seed1009.npz,6493,d838f66096fa1d102d1c9dbc077a3c9ec46e05c0a54ff71b7a7301473de51912
experiment-data,analysis/hp_spgg_analytic_scaling/npz/s1_population_m4/n09_m04/psrl_notype_seed1000.npz,5253,0bbe29ce2fb26954e56324c468794efe69267d779ed2da3a3d504caf05f181b4
experiment-data,analysis/hp_spgg_analytic_scaling/npz/s1_population_m4/n09_m04/psrl_notype_seed1001.npz,5265,9331c79a55c0e722608587560f5285454db9dd48e77948e1ad1dc96e84179596
experiment-data,analysis/hp_spgg_analytic_scaling/npz/s1_population_m4/n09_m04/psrl_notype_seed1002.npz,5257,4d84abd4efdc6229f06ccabb211541ad6539b795316a9176d3d6ff670fb5e944
experiment-data,analysis/hp_spgg_analytic_scaling/npz/s1_population_m4/n09_m04/psrl_notype_seed1003.npz,5254,0d0cf4c8c46b628be92592d77a2c8254a6460741332c57699b59d360d6e4b285
experiment-data,analysis/hp_spgg_analytic_scaling/npz/s1_population_m4/n09_m04/psrl_notype_seed1004.npz,5258,28e9592895b3c224a9150764756082fd8a0db03d2b037c5fd86bc218d7be5420
experiment-data,analysis/hp_spgg_analytic_scaling/npz/s1_population_m4/n09_m04/psrl_notype_seed1005.npz,5266,74376b8e573af042abb505e7f92a0cdef3a1091c4aae4e421d3acf1a5461dda3
experiment-data,analysis/hp_spgg_analytic_scaling/npz/s1_population_m4/n09_m04/psrl_notype_seed1006.npz,5255,4f3e5b1e94f2ea7fcd2ffdf779fa24da5f99edf871d1f96a3dc0bf4227c85da1
experiment-data,analysis/hp_spgg_analytic_scaling/npz/s1_population_m4/n09_m04/psrl_notype_seed1007.npz,5252,ddbb028163fef3408d65c551d559b2366272e67d807629e08042fd21112dbae6
experiment-data,analysis/hp_spgg_analytic_scaling/npz/s1_population_m4/n09_m04/psrl_notype_seed1008.npz,5265,6b35d3b98581bf4a57724a828f2ecb681c12d386486619a26fbf56c5f32c4946
experiment-data,analysis/hp_spgg_analytic_scaling/npz/s1_population_m4/n09_m04/psrl_notype_seed1009.npz,5261,1f057ae04321c47e49487d06d2128c6172710befe0cfb4e9b4a04c7c44d23b59
experiment-data,analysis/hp_spgg_analytic_scaling/npz/s1_population_m4/n10_m04/joint_psrl_uniform_seed1000.npz,6864,2c25447bf4287835d40388268a260f0d5a515d9ad90832ad1e2f3867e801b6d0
experiment-data,analysis/hp_spgg_analytic_scaling/npz/s1_population_m4/n10_m04/joint_psrl_uniform_seed1001.npz,6711,cce6b7832b8aa6e614e7ebf6e0ebb8295c9b1b18cb7e9fb024185a717fb7a6db
experiment-data,analysis/hp_spgg_analytic_scaling/npz/s1_population_m4/n10_m04/joint_psrl_uniform_seed1002.npz,6638,80e3047e5850f8c7ac03661d94f8da721e14513cc69e1236a3599ba188ac3c29
experiment-data,analysis/hp_spgg_analytic_scaling/npz/s1_population_m4/n10_m04/joint_psrl_uniform_seed1003.npz,6883,3df6d6b461a8ac9c0ea5f0a12a218985496f2da4d0ee1eeda6b8ec11cb6ea332
experiment-data,analysis/hp_spgg_analytic_scaling/npz/s1_population_m4/n10_m04/joint_psrl_uniform_seed1004.npz,6779,ae6bf6a61792580cb10fabab8e7f1386a4179979c17a826ea8614fc7abf08f3e
experiment-data,analysis/hp_spgg_analytic_scaling/npz/s1_population_m4/n10_m04/joint_psrl_uniform_seed1005.npz,6850,6cd75aee9fa2ea7a044cd0f7eabbcc22edf55c44b4bb5c3b3145c4b82fa6dafe
experiment-data,analysis/hp_spgg_analytic_scaling/npz/s1_population_m4/n10_m04/joint_psrl_uniform_seed1006.npz,6878,ba544835f15dd23f1218aa9db8d17bd5ac73d38adfe5f4de2e9311e4ea878ddf
experiment-data,analysis/hp_spgg_analytic_scaling/npz/s1_population_m4/n10_m04/joint_psrl_uniform_seed1007.npz,6897,1e52369e5edd739474ad06dc49d41762fbdec8cdaa154ef90407846872c4107c
experiment-data,analysis/hp_spgg_analytic_scaling/npz/s1_population_m4/n10_m04/joint_psrl_uniform_seed1008.npz,6874,e893760875ae8ff5acd3641072173f41936aa74b59039b62272538aee70a8ca6
experiment-data,analysis/hp_spgg_analytic_scaling/npz/s1_population_m4/n10_m04/joint_psrl_uniform_seed1009.npz,6789,60117e20bf8e1cad9832d36acb453230ae7c969806780515d67e7e7cd9034bba
experiment-data,analysis/hp_spgg_analytic_scaling/npz/s1_population_m4/n10_m04/oracle_seed1000.npz,4862,4cf5c124fd1f482c777fa280a605d9f1d2f3ff08e557ab6ca722295ba2718450
experiment-data,analysis/hp_spgg_analytic_scaling/npz/s1_population_m4/n10_m04/oracle_seed1001.npz,4864,a75a7adf7e50182d6447bf2c3fab05daa5be41ce61867cf7e3fa5a7d7eb2a490
experiment-data,analysis/hp_spgg_analytic_scaling/npz/s1_population_m4/n10_m04/oracle_seed1002.npz,4859,258b292405507c1415ac8e3a64d5b5907571078bb55f15b4f5d34402e79631dd
experiment-data,analysis/hp_spgg_analytic_scaling/npz/s1_population_m4/n10_m04/oracle_seed1003.npz,4862,51c40df9133c7a47949c855d81a69764bed3beb1a58fec32bac5e467c50910e5
experiment-data,analysis/hp_spgg_analytic_scaling/npz/s1_population_m4/n10_m04/oracle_seed1004.npz,4857,bbd0d2a6fe1ac88fee5f031c039f6f6f48a4c03283403fb8d54bb43546b1a52c
experiment-data,analysis/hp_spgg_analytic_scaling/npz/s1_population_m4/n10_m04/oracle_seed1005.npz,4862,ac2c647826406aff379f4646f284712fa77c50e77d26e98e300225fbd06daf83
experiment-data,analysis/hp_spgg_analytic_scaling/npz/s1_population_m4/n10_m04/oracle_seed1006.npz,4862,363fe9da4af5984c51778f20591fef91782de6301d4343d5b91920ffbd2a9327
experiment-data,analysis/hp_spgg_analytic_scaling/npz/s1_population_m4/n10_m04/oracle_seed1007.npz,4860,6e473ebad6f4c98131ebf5e281c1403687e092f27e443651937afd1853b04513
experiment-data,analysis/hp_spgg_analytic_scaling/npz/s1_population_m4/n10_m04/oracle_seed1008.npz,4862,5ce8a48c01623297ae04702d225194abe6bec715a8d28308ba11271192a4af9c
experiment-data,analysis/hp_spgg_analytic_scaling/npz/s1_population_m4/n10_m04/oracle_seed1009.npz,4859,d3be2ad02cfce84df224e4674bd4308b8fcac8379a1a88d7ba2d3545f89da0f5
experiment-data,analysis/hp_spgg_analytic_scaling/npz/s1_population_m4/n10_m04/pact_plus_seed1000.npz,6718,14441e2b5b07e3c9e67a116ec6fc0d0cfc0a91540de5e9b19186911778155032
experiment-data,analysis/hp_spgg_analytic_scaling/npz/s1_population_m4/n10_m04/pact_plus_seed1001.npz,6567,3106e445b3ee315f5baee26e438e6dafa398be5fa0aa27422bc3d2604a8252c5
experiment-data,analysis/hp_spgg_analytic_scaling/npz/s1_population_m4/n10_m04/pact_plus_seed1002.npz,6446,84cb6bb935e0cf06d653d8797bfe40428d78862dd8dd323b7f30b98be36d722b
experiment-data,analysis/hp_spgg_analytic_scaling/npz/s1_population_m4/n10_m04/pact_plus_seed1003.npz,6701,6ee0a518d2648f574eb91d7e96f5bc546f5e88040723ae99e73d5f112d4f4c42
experiment-data,analysis/hp_spgg_analytic_scaling/npz/s1_population_m4/n10_m04/pact_plus_seed1004.npz,6650,7047c694d9606de047fb494287921f33fadd2f7c3b36d40ee59f29ba065e6402
experiment-data,analysis/hp_spgg_analytic_scaling/npz/s1_population_m4/n10_m04/pact_plus_seed1005.npz,6719,3b9b03fbd4fd9553cc71f72767214da97e2808f2c4fd6a10ef189b69c6fb08e0
experiment-data,analysis/hp_spgg_analytic_scaling/npz/s1_population_m4/n10_m04/pact_plus_seed1006.npz,6735,1e29c6d2ecfe83e04f5bf6ab85ced92e0d6ffb5e3a5af791432ce7140250373e
experiment-data,analysis/hp_spgg_analytic_scaling/npz/s1_population_m4/n10_m04/pact_plus_seed1007.npz,6728,2ebf2256995c4fd4717f52928758ba10b05937a08101bc736fb5e05f27a8c7cc
experiment-data,analysis/hp_spgg_analytic_scaling/npz/s1_population_m4/n10_m04/pact_plus_seed1008.npz,6789,a2ac4dc3d9cbd82b66e576881d603569224c6f0c98496b9ffc05e43478ebf4c9
experiment-data,analysis/hp_spgg_analytic_scaling/npz/s1_population_m4/n10_m04/pact_plus_seed1009.npz,6691,b9ec37b1889f4fb343ea86c4f70aaf63be0518800fc24bad10227673e2e08a7f
experiment-data,analysis/hp_spgg_analytic_scaling/npz/s1_population_m4/n10_m04/pact_seed1000.npz,6519,5094ab3c0fedd4825f273caa8aa13f30530c973704b779dd5d052566b6efe6f9
experiment-data,analysis/hp_spgg_analytic_scaling/npz/s1_population_m4/n10_m04/pact_seed1001.npz,6331,8a94a01a832d7fdee2809c2534f726368d792a449aeca22892a4ac4370776e2d
experiment-data,analysis/hp_spgg_analytic_scaling/npz/s1_population_m4/n10_m04/pact_seed1002.npz,6227,6fded127de0ecd3f3834d325e6bcd0b760eb1e52d654fb31dc01f8a40a2bc112
experiment-data,analysis/hp_spgg_analytic_scaling/npz/s1_population_m4/n10_m04/pact_seed1003.npz,6540,d4259ecea5ba6360b82723a194c54a5e4f3420b62222516eaa81ead449267428
experiment-data,analysis/hp_spgg_analytic_scaling/npz/s1_population_m4/n10_m04/pact_seed1004.npz,6488,82ab3c25fed51dea5f7afc97d267a6c310ee9eb6e9cdaa48f56b1cac07925bba
experiment-data,analysis/hp_spgg_analytic_scaling/npz/s1_population_m4/n10_m04/pact_seed1005.npz,6494,1e9a90c1699d2993ccda906c88963ff8a8306e1617069f3c2162d337803d5c76
experiment-data,analysis/hp_spgg_analytic_scaling/npz/s1_population_m4/n10_m04/pact_seed1006.npz,6535,293b34f0403fc621e123b51a874659a0926d43e787f9bd8c555c382eadaf6606
experiment-data,analysis/hp_spgg_analytic_scaling/npz/s1_population_m4/n10_m04/pact_seed1007.npz,6543,87b5c710dc6f84bbc644d09c8e726c413a12be6fb8fa35f9ceda9deb4dcef74e
experiment-data,analysis/hp_spgg_analytic_scaling/npz/s1_population_m4/n10_m04/pact_seed1008.npz,6509,d6f1c09e339a2ea20b33d1275e2371b23258998964ba32e8f5738a3f45280b41
experiment-data,analysis/hp_spgg_analytic_scaling/npz/s1_population_m4/n10_m04/pact_seed1009.npz,6414,142666462b255e76d93bfaefb5b45964e3adc2ae93bdcae33f08e6cea6286dbf
experiment-data,analysis/hp_spgg_analytic_scaling/npz/s1_population_m4/n10_m04/psrl_notype_seed1000.npz,5272,5f44fe9634af86421f07d7f06285dcdce60420e6ee419aa53f382b0122aefc44
experiment-data,analysis/hp_spgg_analytic_scaling/npz/s1_population_m4/n10_m04/psrl_notype_seed1001.npz,5287,c9c10d875fa61c183d63a87172b30ebab7bbe4471a17d73f80db1db84662caef
experiment-data,analysis/hp_spgg_analytic_scaling/npz/s1_population_m4/n10_m04/psrl_notype_seed1002.npz,5257,8faceb335b0a6e79b51296b1185b6a0a776f6e2a31f9208461e6946cd2388023
experiment-data,analysis/hp_spgg_analytic_scaling/npz/s1_population_m4/n10_m04/psrl_notype_seed1003.npz,5274,adad03b10fe8af567242ca896b407eb52496dcad3fc8741e67242793dd0779a3
experiment-data,analysis/hp_spgg_analytic_scaling/npz/s1_population_m4/n10_m04/psrl_notype_seed1004.npz,5268,34bd4183bc0c30e11504ca6d6925cb596002a4f14e8070cde5e30bd022811062
experiment-data,analysis/hp_spgg_analytic_scaling/npz/s1_population_m4/n10_m04/psrl_notype_seed1005.npz,5282,a693078ce79bb246d54e10e3025c698cdb44b1bf48d4228113e89c5b8fbf1f37
experiment-data,analysis/hp_spgg_analytic_scaling/npz/s1_population_m4/n10_m04/psrl_notype_seed1006.npz,5274,062da4a54782fb393ddb7c3d190ce60497a8b59e5bc840b40f76d4408b7cfe94
experiment-data,analysis/hp_spgg_analytic_scaling/npz/s1_population_m4/n10_m04/psrl_notype_seed1007.npz,5275,8aed8280e2971fa9ad94bdb7b9117ef6a50c3322634ef68b4eacc8816f3d0f86
experiment-data,analysis/hp_spgg_analytic_scaling/npz/s1_population_m4/n10_m04/psrl_notype_seed1008.npz,5275,f90436a2d35839da572232730d8da7b559e6670fc54b095cce819d453796b873
experiment-data,analysis/hp_spgg_analytic_scaling/npz/s1_population_m4/n10_m04/psrl_notype_seed1009.npz,5275,089aacda6fc36af181c55f5241697ec869d4ccabd9394252eac9fa3d6bfe2dfb
experiment-data,analysis/hp_spgg_analytic_scaling/npz/s2_library_n3/n03_m04/joint_psrl_uniform_seed1000.npz,6221,8113ca3dab3e234437df3422250da02f7b55187aae491fac12e1f7061c52dd0b
experiment-data,analysis/hp_spgg_analytic_scaling/npz/s2_library_n3/n03_m04/joint_psrl_uniform_seed1001.npz,5742,a2d86bba3400dcd67b6b5fb6c9de251a73de77b534a02d22d03a313684d093d0
experiment-data,analysis/hp_spgg_analytic_scaling/npz/s2_library_n3/n03_m04/joint_psrl_uniform_seed1002.npz,6120,744e1fd1a669bd1c74697be8afe3e1158e7c6d2d86f3c162d5a3f776ade4ead3
experiment-data,analysis/hp_spgg_analytic_scaling/npz/s2_library_n3/n03_m04/joint_psrl_uniform_seed1003.npz,6062,740a845daeadb97021e7ddc4d12177daf22969fdbb07955dd1091462ffbb4031
experiment-data,analysis/hp_spgg_analytic_scaling/npz/s2_library_n3/n03_m04/joint_psrl_uniform_seed1004.npz,6117,aab89bb3b1c32ba64b321759d9aec9c9569938068a7fc00415f25ebe330c8e36
experiment-data,analysis/hp_spgg_analytic_scaling/npz/s2_library_n3/n03_m04/joint_psrl_uniform_seed1005.npz,6169,f38c30070752624638301a63c50686b79282d76283b7dbc78a2d6feb972f0e1a
experiment-data,analysis/hp_spgg_analytic_scaling/npz/s2_library_n3/n03_m04/joint_psrl_uniform_seed1006.npz,6080,63ad1d4bb0b5d50855d7345934c4f6d06c7b320052cf94214d993599dc2eea02
experiment-data,analysis/hp_spgg_analytic_scaling/npz/s2_library_n3/n03_m04/joint_psrl_uniform_seed1007.npz,5994,912f27ad488debad745112afa02e0c4ca710c8bab7ea216321c8f3584c247c37
experiment-data,analysis/hp_spgg_analytic_scaling/npz/s2_library_n3/n03_m04/joint_psrl_uniform_seed1008.npz,5963,1e767f74438871bc86ab852cb878ad8602a7753d28595f3ac5e8cdcb4483a7c0
experiment-data,analysis/hp_spgg_analytic_scaling/npz/s2_library_n3/n03_m04/joint_psrl_uniform_seed1009.npz,5913,2b221dd14dd8c96a54935cdf5c06e6a0d28bee4f8a04e19058650ccbd972e481
experiment-data,analysis/hp_spgg_analytic_scaling/npz/s2_library_n3/n03_m04/oracle_seed1000.npz,4825,ebce62758223a0ed643ba31fe151b96a73a063a394203f1060460411831eeda1
experiment-data,analysis/hp_spgg_analytic_scaling/npz/s2_library_n3/n03_m04/oracle_seed1001.npz,4824,fda27c3757884839ba9898199605bfdb8b9e5c4ad29367e860572f7edfcee75e
experiment-data,analysis/hp_spgg_analytic_scaling/npz/s2_library_n3/n03_m04/oracle_seed1002.npz,4825,7482c26ca8661da5ced3fa6db3f4a495a5a1db5e320e11aa86787f15cafa6488
experiment-data,analysis/hp_spgg_analytic_scaling/npz/s2_library_n3/n03_m04/oracle_seed1003.npz,4823,2c77c5ca0a4378cf4fb3e5bc16f72eb776cc76bb8005930b49f0784f938f7795
experiment-data,analysis/hp_spgg_analytic_scaling/npz/s2_library_n3/n03_m04/oracle_seed1004.npz,4821,9cabd9853e0e2c070ef758e8afc8b5711408efb9f6bb4c7c90ca8c85531bb76d
experiment-data,analysis/hp_spgg_analytic_scaling/npz/s2_library_n3/n03_m04/oracle_seed1005.npz,4823,dfb29fc0f73429080b3c969834a6f50e9949ead66587a59557bc747e05820c86
experiment-data,analysis/hp_spgg_analytic_scaling/npz/s2_library_n3/n03_m04/oracle_seed1006.npz,4824,9b65786f909a7234f2af8e3b695680e6f4a07d821c8eaa543e75d4c429e89f2e
experiment-data,analysis/hp_spgg_analytic_scaling/npz/s2_library_n3/n03_m04/oracle_seed1007.npz,4823,af6776d1a0f3da5b9c5c14e4df41403b47290d16281345b58f9753cbe6f180b6
experiment-data,analysis/hp_spgg_analytic_scaling/npz/s2_library_n3/n03_m04/oracle_seed1008.npz,4822,d3ca266c67d4ced652ce998aeeb307c4c0e5da759db9966c7c1147bda1e2a962
experiment-data,analysis/hp_spgg_analytic_scaling/npz/s2_library_n3/n03_m04/oracle_seed1009.npz,4822,8e98a8530babcb8b0e89a98a68584dd6563603b6f48d117a33eaf702c959dc12
experiment-data,analysis/hp_spgg_analytic_scaling/npz/s2_library_n3/n03_m04/pact_plus_seed1000.npz,5988,deb5eac6d3aeefbb95a117d0fc637fd833c31b185e4d5fff91dc5ecbb374a270
experiment-data,analysis/hp_spgg_analytic_scaling/npz/s2_library_n3/n03_m04/pact_plus_seed1001.npz,5809,f5fc20122d9a4ad35b2a0bbb86d5bc5eef3426412ff9a23445099ba731256799
experiment-data,analysis/hp_spgg_analytic_scaling/npz/s2_library_n3/n03_m04/pact_plus_seed1002.npz,6078,dece2c27ae01b962bef4a22ccbe5d93e50e5451dc63fe887dda9ecefbf9d8440
experiment-data,analysis/hp_spgg_analytic_scaling/npz/s2_library_n3/n03_m04/pact_plus_seed1003.npz,6021,1fd5f44de99f5afb58df6c9794a047f83646104c9f26d71e2b387df5468a0dc8
experiment-data,analysis/hp_spgg_analytic_scaling/npz/s2_library_n3/n03_m04/pact_plus_seed1004.npz,6003,9cc6e1843971db8d37c0a0051cc9e6b865a49029788628ddd022a1f05932a87f
experiment-data,analysis/hp_spgg_analytic_scaling/npz/s2_library_n3/n03_m04/pact_plus_seed1005.npz,6011,c268aac5de141000ffc5525df6190af4073cc6d954c61ea8a6ea9f1be4c31fa9
experiment-data,analysis/hp_spgg_analytic_scaling/npz/s2_library_n3/n03_m04/pact_plus_seed1006.npz,6073,4ad08c8e2fe7b873567411261221d7905bd5bcc0dd5ca71d7a14e20f03bb7a75
experiment-data,analysis/hp_spgg_analytic_scaling/npz/s2_library_n3/n03_m04/pact_plus_seed1007.npz,5939,9f62cfd4dc8b7271105e0cdbe17559672fb86de491a82b24597475444a278889
experiment-data,analysis/hp_spgg_analytic_scaling/npz/s2_library_n3/n03_m04/pact_plus_seed1008.npz,5811,905a21887369e8fe8b8a69b55eebc2102dab46026950d0da961192b9d883a557
experiment-data,analysis/hp_spgg_analytic_scaling/npz/s2_library_n3/n03_m04/pact_plus_seed1009.npz,5996,57bc105890969e73be9f01693978f8fcf14a96d77dad23be2c7c5cc2ce0b35de
experiment-data,analysis/hp_spgg_analytic_scaling/npz/s2_library_n3/n03_m04/pact_seed1000.npz,6102,8fa01356c12f87e0619b17248d8e99d481967b0dbd9290e1c9c93b501432af2b
experiment-data,analysis/hp_spgg_analytic_scaling/npz/s2_library_n3/n03_m04/pact_seed1001.npz,5579,4e66ded4831af46b54e8e2cc3e3386b50633624e4a45f2ac7c85db04c8ed9977
experiment-data,analysis/hp_spgg_analytic_scaling/npz/s2_library_n3/n03_m04/pact_seed1002.npz,5860,927e3296a6c88c69e6a14945e6e94b05f3a9460c3c24e231a095be6c30ba305b
experiment-data,analysis/hp_spgg_analytic_scaling/npz/s2_library_n3/n03_m04/pact_seed1003.npz,5872,59f4d2aa6bd6aaaaffd76318b1c69fc85e6ce7168bb6b93d18e8599d0c6a4b4a
experiment-data,analysis/hp_spgg_analytic_scaling/npz/s2_library_n3/n03_m04/pact_seed1004.npz,5971,1de64014da10b17491847c10dacaf2a7c3c4ea11c9ffdd842e44cd3e8833f2f8
experiment-data,analysis/hp_spgg_analytic_scaling/npz/s2_library_n3/n03_m04/pact_seed1005.npz,5935,ab8757edc5a383060e8755201d12f491e401e47f13053629db51279b5c26c6a0
experiment-data,analysis/hp_spgg_analytic_scaling/npz/s2_library_n3/n03_m04/pact_seed1006.npz,5923,09f7ad1ef2bd18b2bc928aa47784be44eb1ed8044db609e2693f1c41a98a2e61
experiment-data,analysis/hp_spgg_analytic_scaling/npz/s2_library_n3/n03_m04/pact_seed1007.npz,5786,89cffd924e75b4ba6b10bcbb30f2680e7d5f324b06e492853f8bbba6de032199
experiment-data,analysis/hp_spgg_analytic_scaling/npz/s2_library_n3/n03_m04/pact_seed1008.npz,5758,8153ed3c2f1656dc72492773e1bc3a613b7f1c27722b3c038fa5d66d02621937
experiment-data,analysis/hp_spgg_analytic_scaling/npz/s2_library_n3/n03_m04/pact_seed1009.npz,5689,adf96a1d2b408c0d5f6f4046e34ef4fe8ccc6ffbab9d86fd688016d6cc97f7c1
experiment-data,analysis/hp_spgg_analytic_scaling/npz/s2_library_n3/n03_m04/psrl_notype_seed1000.npz,4968,c6d3c24f8aea55fd60c1e0d34fd520e235c80a978192c2f90590919b716ca91f
experiment-data,analysis/hp_spgg_analytic_scaling/npz/s2_library_n3/n03_m04/psrl_notype_seed1001.npz,5122,61e929f8013464b869f4a3277bc8b0fc4dd0efb947f8d535961b9e996a6ed2b3
experiment-data,analysis/hp_spgg_analytic_scaling/npz/s2_library_n3/n03_m04/psrl_notype_seed1002.npz,5017,8f2276fea4291a62c5f37ef986454bf3f9c858fd144d26c79fcf5716ad1d9dc1
experiment-data,analysis/hp_spgg_analytic_scaling/npz/s2_library_n3/n03_m04/psrl_notype_seed1003.npz,4983,a27d3a0821aeb4c0c01513a676fd661eafd78869ec8820089286918a11f58581
experiment-data,analysis/hp_spgg_analytic_scaling/npz/s2_library_n3/n03_m04/psrl_notype_seed1004.npz,4981,e40eaacaa289a63dad83a1bfcb2a6e76037ba2ab76f755a90476b273cc805ac3
experiment-data,analysis/hp_spgg_analytic_scaling/npz/s2_library_n3/n03_m04/psrl_notype_seed1005.npz,5102,b786589f54754adef8ce6e89343eb4bd108b9346d2fb7008431270f4e8f11a36
experiment-data,analysis/hp_spgg_analytic_scaling/npz/s2_library_n3/n03_m04/psrl_notype_seed1006.npz,5125,93f462df29c5d233778aed69e29495962e6aed41599189145a925fbce7c51efb
experiment-data,analysis/hp_spgg_analytic_scaling/npz/s2_library_n3/n03_m04/psrl_notype_seed1007.npz,5008,96df6ff7667f34b97ad2c3b648da31bee293277b28d919f0050eaf6f809a9526
experiment-data,analysis/hp_spgg_analytic_scaling/npz/s2_library_n3/n03_m04/psrl_notype_seed1008.npz,4946,f64fe9218c9794374ff5029be0485ad6a474b9cb625d9857a178fc7fae01ae08
experiment-data,analysis/hp_spgg_analytic_scaling/npz/s2_library_n3/n03_m04/psrl_notype_seed1009.npz,5013,8fb8635c336ee3666dfcc8e5334b2127b6a3cf8b4d34215b329f895d58bf2bff
experiment-data,analysis/hp_spgg_analytic_scaling/npz/s2_library_n3/n03_m08/joint_psrl_uniform_seed1000.npz,6651,b2b669a66932381b37aea881320c93df6a6e3dc45f04265d1f8b3758590cbd16
experiment-data,analysis/hp_spgg_analytic_scaling/npz/s2_library_n3/n03_m08/joint_psrl_uniform_seed1001.npz,6493,991d67880309689f45d7b1ca84dcba7aedc28b36796a2c609e03fdd3bd42bde7
experiment-data,analysis/hp_spgg_analytic_scaling/npz/s2_library_n3/n03_m08/joint_psrl_uniform_seed1002.npz,6582,f37c701e5e74a18958648c29d8aacac9bd7ada146db30c05c3a82252c09319be
experiment-data,analysis/hp_spgg_analytic_scaling/npz/s2_library_n3/n03_m08/joint_psrl_uniform_seed1003.npz,6478,c88f773a51b4b200af3e54e9e705c8c594fbe3ef7c71a12653050940258f7e5e
experiment-data,analysis/hp_spgg_analytic_scaling/npz/s2_library_n3/n03_m08/joint_psrl_uniform_seed1004.npz,6247,8db4de74973503719648df7adf3a976ab0f2acfe7839dc6212cbc219bdb98f81
experiment-data,analysis/hp_spgg_analytic_scaling/npz/s2_library_n3/n03_m08/joint_psrl_uniform_seed1005.npz,6565,bc018216dc0e8c0b167437aa3406431debfd8a7406c0c71eb1410b0e05236315
experiment-data,analysis/hp_spgg_analytic_scaling/npz/s2_library_n3/n03_m08/joint_psrl_uniform_seed1006.npz,6477,0dbe7acdaf6555a0f1a79798e1e4670bbbcf00a0277c5f7d717d72a6615c8cab
experiment-data,analysis/hp_spgg_analytic_scaling/npz/s2_library_n3/n03_m08/joint_psrl_uniform_seed1007.npz,6216,f13f65843355fbf1a9bf6a9189f31a4ca07275cf25944361801ec44ad6bed7d6
experiment-data,analysis/hp_spgg_analytic_scaling/npz/s2_library_n3/n03_m08/joint_psrl_uniform_seed1008.npz,6529,81dac618c65846dcb82a6599c1f8a4cbed59deb3cad61cf623963d8949689e5c
experiment-data,analysis/hp_spgg_analytic_scaling/npz/s2_library_n3/n03_m08/joint_psrl_uniform_seed1009.npz,6523,18a68844f6c1b659e8807610134743c2547e6105a5cf753380983a9c1f98f788
experiment-data,analysis/hp_spgg_analytic_scaling/npz/s2_library_n3/n03_m08/oracle_seed1000.npz,4825,4f373c81c84b18e4b2c225d6d6fd166a9984c69fef1b57a38a026045bb4965e8
experiment-data,analysis/hp_spgg_analytic_scaling/npz/s2_library_n3/n03_m08/oracle_seed1001.npz,4825,ac6a942f2a6fcb442e4a840598a7f95279d5a567661b7a5b873a5239b5067e2a
experiment-data,analysis/hp_spgg_analytic_scaling/npz/s2_library_n3/n03_m08/oracle_seed1002.npz,4825,7587611d7d19a2c317c2def3ea5a83da4f5d0c524300e873eee06031fd575a12
experiment-data,analysis/hp_spgg_analytic_scaling/npz/s2_library_n3/n03_m08/oracle_seed1003.npz,4825,bdca47c40def1ce13c90a7bbc36ecc641f3d30b25b39dc0bb1246b8298f42c8d
experiment-data,analysis/hp_spgg_analytic_scaling/npz/s2_library_n3/n03_m08/oracle_seed1004.npz,4820,6219b497e96860748ca4f6f431178a68f03835fe37c5cdd2670f609ceac29cec
experiment-data,analysis/hp_spgg_analytic_scaling/npz/s2_library_n3/n03_m08/oracle_seed1005.npz,4823,7973e72c51074ab372b84976c1955a966f9ee3bc8c9a7ba84d4703276b4d108c
experiment-data,analysis/hp_spgg_analytic_scaling/npz/s2_library_n3/n03_m08/oracle_seed1006.npz,4825,063550c4f854c8d621cb47f0ca08291eed7c872bd29dc397d51983f281690b8a
experiment-data,analysis/hp_spgg_analytic_scaling/npz/s2_library_n3/n03_m08/oracle_seed1007.npz,4822,b8a74f43f4dd3b82440a82534d56f509858569c89a6ac79bda1516b351e75bfd
experiment-data,analysis/hp_spgg_analytic_scaling/npz/s2_library_n3/n03_m08/oracle_seed1008.npz,4825,62389f53528fd2c6211aa2bfb85408c173f464c111b9b993331cd379b6a950ba
experiment-data,analysis/hp_spgg_analytic_scaling/npz/s2_library_n3/n03_m08/oracle_seed1009.npz,4823,b6acac8c74a9764d3b6882f11ff1c9081e117bef0e6784c47e1d5322584c3862
experiment-data,analysis/hp_spgg_analytic_scaling/npz/s2_library_n3/n03_m08/pact_plus_seed1000.npz,6269,36606af2f892f7148372afd353f2616c700e4d859dcaf8ba3ee58a41bfa4b59b
experiment-data,analysis/hp_spgg_analytic_scaling/npz/s2_library_n3/n03_m08/pact_plus_seed1001.npz,6227,a74d4b5c00811801b51b71a7fcacd6541019b74476bc49265ce3ed20e7f50fb5
experiment-data,analysis/hp_spgg_analytic_scaling/npz/s2_library_n3/n03_m08/pact_plus_seed1002.npz,6154,61bddad3b51cd587a26c8912683d8d0de90ef5f977d2d3223e32ef6303897c69
experiment-data,analysis/hp_spgg_analytic_scaling/npz/s2_library_n3/n03_m08/pact_plus_seed1003.npz,6305,29545391140bd3a0188625c229ee418c4aafff5615f7c0057594ec7e46f7d68d
experiment-data,analysis/hp_spgg_analytic_scaling/npz/s2_library_n3/n03_m08/pact_plus_seed1004.npz,5994,635846a23f75f568a4244afc3b06994e31ab4a547d7b0ac1e5edf46def445061
experiment-data,analysis/hp_spgg_analytic_scaling/npz/s2_library_n3/n03_m08/pact_plus_seed1005.npz,6531,2819a0f2a71f5ce567a71bebcd0e156cfa9ab6dcc8d4f26da5141cb6d1f6dc48
experiment-data,analysis/hp_spgg_analytic_scaling/npz/s2_library_n3/n03_m08/pact_plus_seed1006.npz,6390,24c242a3867195f82b2cc6e41ec83d8404e6ab42c99da76b1829fa9160327ee3
experiment-data,analysis/hp_spgg_analytic_scaling/npz/s2_library_n3/n03_m08/pact_plus_seed1007.npz,6004,a2a144ddcb286402a3de8a9496652fead7692978355d3487b2597adde1af8011
experiment-data,analysis/hp_spgg_analytic_scaling/npz/s2_library_n3/n03_m08/pact_plus_seed1008.npz,6462,fea11df7d0c9672f848275e4af295ea091e98245adecceab2d4817e3385a72ef
experiment-data,analysis/hp_spgg_analytic_scaling/npz/s2_library_n3/n03_m08/pact_plus_seed1009.npz,6293,fbfdf597bfd7431baaf2550fa5251f7bbe18d15bdc8eaad676e4cb96aea3ccc5
experiment-data,analysis/hp_spgg_analytic_scaling/npz/s2_library_n3/n03_m08/pact_seed1000.npz,6514,d9fcac295a8747bf1ae34db1b7425bc8a064cc1751f94f864e0901ba0e4e3d47
experiment-data,analysis/hp_spgg_analytic_scaling/npz/s2_library_n3/n03_m08/pact_seed1001.npz,6242,1c7fdcefaf2063e9e15870407d6467f5646a3198817e6f145f33ea59f9d93660
experiment-data,analysis/hp_spgg_analytic_scaling/npz/s2_library_n3/n03_m08/pact_seed1002.npz,6392,d0dbd739563f2f9e81b18785b5d4f60c07a7a1875062c5f7aebbf8fccb71083e
experiment-data,analysis/hp_spgg_analytic_scaling/npz/s2_library_n3/n03_m08/pact_seed1003.npz,6381,9d5152a17c3c8c9a326984a5186bf1c7bab19d1b0113c95a815c35d10b5890f1
experiment-data,analysis/hp_spgg_analytic_scaling/npz/s2_library_n3/n03_m08/pact_seed1004.npz,5996,87244aefde24a3dc5b9a9c37be2c1ba24a89ff6a6a39103085d5e24314fb9eb9
experiment-data,analysis/hp_spgg_analytic_scaling/npz/s2_library_n3/n03_m08/pact_seed1005.npz,6372,535a1fe6e2f968320b9bac44bbc2db7eb4eb82641c0f6a13554f3b7a7849560a
experiment-data,analysis/hp_spgg_analytic_scaling/npz/s2_library_n3/n03_m08/pact_seed1006.npz,6338,16e0b4b17742f1473c75b8d7fcc9ddcf4cc946a66c176da52e521692a5ba3594
experiment-data,analysis/hp_spgg_analytic_scaling/npz/s2_library_n3/n03_m08/pact_seed1007.npz,5963,fd6261f2a38f37b2fedf1760ed4d68b8bc0c422a79aaa1fc72832ff1f2720f73
experiment-data,analysis/hp_spgg_analytic_scaling/npz/s2_library_n3/n03_m08/pact_seed1008.npz,6377,0d31552529632ecb7f19c4d47e15279708aa9327b053a1cde1b5f6eb4566bc3c
experiment-data,analysis/hp_spgg_analytic_scaling/npz/s2_library_n3/n03_m08/pact_seed1009.npz,6386,8def06f1874bf38e30d087d85064ef55d850622c5cd2c23cfbee7cc1358205ed
experiment-data,analysis/hp_spgg_analytic_scaling/npz/s2_library_n3/n03_m08/psrl_notype_seed1000.npz,5605,f16a8c74eb9b7e3e0e5bd866ddae372c810c47c93715c4e18c8c026b33adf236
experiment-data,analysis/hp_spgg_analytic_scaling/npz/s2_library_n3/n03_m08/psrl_notype_seed1001.npz,5712,1784b00a019f112e3c781b7213a418e9f8151f544e2a3c9941dbabffce659c3b
experiment-data,analysis/hp_spgg_analytic_scaling/npz/s2_library_n3/n03_m08/psrl_notype_seed1002.npz,5457,34fc4e407b2105f5ae9ec79ac5707f32d1b320228fef72b0b750862a1598d688
experiment-data,analysis/hp_spgg_analytic_scaling/npz/s2_library_n3/n03_m08/psrl_notype_seed1003.npz,5541,04b571594ba933a9442776c648ab72b4e40f33969f11ed97f2d32afe3e3aac34
experiment-data,analysis/hp_spgg_analytic_scaling/npz/s2_library_n3/n03_m08/psrl_notype_seed1004.npz,5539,b3cf5953024c03bbff458ca1f5a0664f3d3367431fb872ec686282e1c4e10758
experiment-data,analysis/hp_spgg_analytic_scaling/npz/s2_library_n3/n03_m08/psrl_notype_seed1005.npz,5850,e6879f4419aa76bc8841c66f4dd7211586c51a23871c84447b5414c7e3167d48
experiment-data,analysis/hp_spgg_analytic_scaling/npz/s2_library_n3/n03_m08/psrl_notype_seed1006.npz,5480,42f0b3ec9af8b57c34da18fa6b444b9faa5012795dc2c8a3774bfc9d87adc9a4
experiment-data,analysis/hp_spgg_analytic_scaling/npz/s2_library_n3/n03_m08/psrl_notype_seed1007.npz,5494,b26676db5e75b454af7c71ead716913e83114a75c7090502ebd878066f31a623
experiment-data,analysis/hp_spgg_analytic_scaling/npz/s2_library_n3/n03_m08/psrl_notype_seed1008.npz,5466,7c37b0ee75477cceaef7cd78acaa4136a86959b14cb22312604f900f085a81e6
experiment-data,analysis/hp_spgg_analytic_scaling/npz/s2_library_n3/n03_m08/psrl_notype_seed1009.npz,5468,bef1be72276061b5c5b411c42a4cb6ce5b95d9434ec33c4379d708ddf82940f7
experiment-data,analysis/hp_spgg_analytic_scaling/npz/s2_library_n3/n03_m16/joint_psrl_uniform_seed1000.npz,6672,849d1f57f8b3a4b59a3f72c6802bf64b049e002e1d255d3abc364dd71d4dc1cb
experiment-data,analysis/hp_spgg_analytic_scaling/npz/s2_library_n3/n03_m16/joint_psrl_uniform_seed1001.npz,6588,d5938b4b25ee34801e5cad47832727a5efbacaec6770d420d09949b59be189bd
experiment-data,analysis/hp_spgg_analytic_scaling/npz/s2_library_n3/n03_m16/joint_psrl_uniform_seed1002.npz,6695,83f799832ed93a56a17a90b71bbfab3b88f883d8cb4a5ddb80688aa09120755c
experiment-data,analysis/hp_spgg_analytic_scaling/npz/s2_library_n3/n03_m16/joint_psrl_uniform_seed1003.npz,6399,842bbefdebece6b137741a3e368ac00d870b5aa6cf3df5f2cf0f8d8326a3ef16
experiment-data,analysis/hp_spgg_analytic_scaling/npz/s2_library_n3/n03_m16/joint_psrl_uniform_seed1004.npz,6458,affdffefebbed8a033252d4873b5258d080f24b06a1d78139b37b7671678034e
experiment-data,analysis/hp_spgg_analytic_scaling/npz/s2_library_n3/n03_m16/joint_psrl_uniform_seed1005.npz,6898,a26405c39a675dff43165973a543bf30d977d64f34010d157295bb0db174e243
experiment-data,analysis/hp_spgg_analytic_scaling/npz/s2_library_n3/n03_m16/joint_psrl_uniform_seed1006.npz,6390,fe9aef95e58fd352f5db24f5be08faef1a90179d806f37694caac6be9a7352a7
experiment-data,analysis/hp_spgg_analytic_scaling/npz/s2_library_n3/n03_m16/joint_psrl_uniform_seed1007.npz,6576,5dd2c04ed121579da784e146655d29bfe56bd7afc57f0e056b51d8b36518c7f7
experiment-data,analysis/hp_spgg_analytic_scaling/npz/s2_library_n3/n03_m16/joint_psrl_uniform_seed1008.npz,6665,97ff829845073751cfe1ac57873b5db4c5a70450596757e470dd7f62301c0e44
experiment-data,analysis/hp_spgg_analytic_scaling/npz/s2_library_n3/n03_m16/joint_psrl_uniform_seed1009.npz,6598,1fe3129d675b47236a843bc0a2aba20ee42b140e0e46288fe178532b997c4941
experiment-data,analysis/hp_spgg_analytic_scaling/npz/s2_library_n3/n03_m16/oracle_seed1000.npz,4825,ffe10a266d5d51bd7e5a8b37de7f2852b21a385531d496498657d27afce67fdb
experiment-data,analysis/hp_spgg_analytic_scaling/npz/s2_library_n3/n03_m16/oracle_seed1001.npz,4826,4f36774f9bfa7a106a85a65c22c9d6e73e2ff13e13e3e7e83331cae9eeea4d99
experiment-data,analysis/hp_spgg_analytic_scaling/npz/s2_library_n3/n03_m16/oracle_seed1002.npz,4825,9d1261c37ea0a746991395c3e8f2f8eb3ed9ca22740b3371fdffda66454a5efc
experiment-data,analysis/hp_spgg_analytic_scaling/npz/s2_library_n3/n03_m16/oracle_seed1003.npz,4825,ff529f609d08d5f7d0d0309933cf1e65770d363ce368a94775d0dd302423fa5e
experiment-data,analysis/hp_spgg_analytic_scaling/npz/s2_library_n3/n03_m16/oracle_seed1004.npz,4823,3ce17cc5fcf7b8299db7401137d6bedfdfcc875ab6a15b9a1e2728f377a45e2d
experiment-data,analysis/hp_spgg_analytic_scaling/npz/s2_library_n3/n03_m16/oracle_seed1005.npz,4825,41dd79a63d40c416a6b027835eb3fdc8e1ce935cb771c1d655d52557338f6e3f
experiment-data,analysis/hp_spgg_analytic_scaling/npz/s2_library_n3/n03_m16/oracle_seed1006.npz,4825,8319374d673a47248903dd68d7d3bf107156f51179c71c6f4d0bd03cd038d693
experiment-data,analysis/hp_spgg_analytic_scaling/npz/s2_library_n3/n03_m16/oracle_seed1007.npz,4825,ec7ce0407e0415e7b670650380c841a021bd3ae2ee05dedf2f41e44493532a96
experiment-data,analysis/hp_spgg_analytic_scaling/npz/s2_library_n3/n03_m16/oracle_seed1008.npz,4825,c6b4e5965c25dd2c7d4a152e779c56d47fea3942fa750d840f9f26a50948cfe1
experiment-data,analysis/hp_spgg_analytic_scaling/npz/s2_library_n3/n03_m16/oracle_seed1009.npz,4823,4bb59a1ce4ac00f30bb13ff9420a6054eddb55677e75102e52778dd5502510e3
experiment-data,analysis/hp_spgg_analytic_scaling/npz/s2_library_n3/n03_m16/pact_plus_seed1000.npz,6344,4343f37342003ea06bb332541e77d459e9baab708116b3f5874f6fb084d3032b
experiment-data,analysis/hp_spgg_analytic_scaling/npz/s2_library_n3/n03_m16/pact_plus_seed1001.npz,6532,ff5339bb377129eccdde474f8028118f0f00df095b6904f46e19333750992e42
experiment-data,analysis/hp_spgg_analytic_scaling/npz/s2_library_n3/n03_m16/pact_plus_seed1002.npz,6111,6510cdd378d23f12b63dc015dee5a5cd1f1d8139cda16521746c22295db51d0d
experiment-data,analysis/hp_spgg_analytic_scaling/npz/s2_library_n3/n03_m16/pact_plus_seed1003.npz,6307,ec66fc793cce59a7dd50e16b645c8203eb7bcbea9b40ff43fba05f7ab316d725
experiment-data,analysis/hp_spgg_analytic_scaling/npz/s2_library_n3/n03_m16/pact_plus_seed1004.npz,6547,91ae50b4ae38dc6fec720609b1d42ff4c21474c91eb35b7ef9f68a9d9143c95d
experiment-data,analysis/hp_spgg_analytic_scaling/npz/s2_library_n3/n03_m16/pact_plus_seed1005.npz,6456,633ae3f4e36b135c1f694cb9e4b00336901ccccf5eb3bc35adf3c9d4f85af644
experiment-data,analysis/hp_spgg_analytic_scaling/npz/s2_library_n3/n03_m16/pact_plus_seed1006.npz,6274,062139df5417a563e13c15fe0439d7e06029922db28f89a0ff290c26d7c9c2d4
experiment-data,analysis/hp_spgg_analytic_scaling/npz/s2_library_n3/n03_m16/pact_plus_seed1007.npz,6475,ec9298e3a8bd4f5c0706bcc3720d133cb64132454f295b8d8aa29818116503bf
experiment-data,analysis/hp_spgg_analytic_scaling/npz/s2_library_n3/n03_m16/pact_plus_seed1008.npz,6278,4263207a43544f6942492f948ac174f45d91f46de61729a91ea8311b831a652f
experiment-data,analysis/hp_spgg_analytic_scaling/npz/s2_library_n3/n03_m16/pact_plus_seed1009.npz,6466,aa8cc062f791ac3c96f2ca9e09fa5318f49aaa89f916eead03fac0996638a901
experiment-data,analysis/hp_spgg_analytic_scaling/npz/s2_library_n3/n03_m16/pact_seed1000.npz,6494,0afeaabdb345b9b9219077be4295d378316a3fadb3c976141ee5ae4d03fcb474
experiment-data,analysis/hp_spgg_analytic_scaling/npz/s2_library_n3/n03_m16/pact_seed1001.npz,6439,2d55307d888aca3e93eb8dda8acc4b98ff5838a42a71e34b7aec538d5a5fcd8b
experiment-data,analysis/hp_spgg_analytic_scaling/npz/s2_library_n3/n03_m16/pact_seed1002.npz,6483,c4bd33966889c5b1c7c12e6a997755b2b200bc02ef20cd1e306b5c8fd3304805
experiment-data,analysis/hp_spgg_analytic_scaling/npz/s2_library_n3/n03_m16/pact_seed1003.npz,6258,b00428e572dacc6a95bf2978a17fb3f61af8bd3064e07edc76b51caaae0beb64
experiment-data,analysis/hp_spgg_analytic_scaling/npz/s2_library_n3/n03_m16/pact_seed1004.npz,6324,3b9d96bee5ed3b0b232bb8f83f526a3f882290a2db6f5b2cb3cef4675d24f0cf
experiment-data,analysis/hp_spgg_analytic_scaling/npz/s2_library_n3/n03_m16/pact_seed1005.npz,6716,f33bbca4ad9723d901f9380259bb2c05618e22dcd4966b40b7ce66f946b80f39
experiment-data,analysis/hp_spgg_analytic_scaling/npz/s2_library_n3/n03_m16/pact_seed1006.npz,6263,c5caa4b87b799f97b52f71cab327786f3604f07e6155d43c7dd30256149430c1
experiment-data,analysis/hp_spgg_analytic_scaling/npz/s2_library_n3/n03_m16/pact_seed1007.npz,6327,799593ef57ddea59295079ce1d63ba15834473e5631abba91d51ff88c5c61e53
experiment-data,analysis/hp_spgg_analytic_scaling/npz/s2_library_n3/n03_m16/pact_seed1008.npz,6541,80f3eb9868f7fb94f3a89425e7719d75bdad72afca7a6c9c2abdef2a50d688f4
experiment-data,analysis/hp_spgg_analytic_scaling/npz/s2_library_n3/n03_m16/pact_seed1009.npz,6474,a0618e5fef8641e1b2b8a45bbbab592f889fc7d315648c014dd13882990900ca
experiment-data,analysis/hp_spgg_analytic_scaling/npz/s2_library_n3/n03_m16/psrl_notype_seed1000.npz,5458,ada5f389645b26b55e612a0ea91acf552146a1d08a4b660c31f1c86b158d1a4e
experiment-data,analysis/hp_spgg_analytic_scaling/npz/s2_library_n3/n03_m16/psrl_notype_seed1001.npz,5653,9d5eb0412d40036dbc86341c6277e94cc5db5415f77734388425d25fcd0ba99a
experiment-data,analysis/hp_spgg_analytic_scaling/npz/s2_library_n3/n03_m16/psrl_notype_seed1002.npz,5479,33f53f911f7dcc73fe00be6bd69e061869e655e03c61f54d17c38e1853ff4e39
experiment-data,analysis/hp_spgg_analytic_scaling/npz/s2_library_n3/n03_m16/psrl_notype_seed1003.npz,5601,1a1c4981ef220c979ca6cf0ddbf221ca54bf6af3dca21a793eff9d668c11775e
experiment-data,analysis/hp_spgg_analytic_scaling/npz/s2_library_n3/n03_m16/psrl_notype_seed1004.npz,5436,9b55fc8cb888dee0b471e199a9ec8e4880d1a123c232c81b7e5a0c1c1903aa0c
experiment-data,analysis/hp_spgg_analytic_scaling/npz/s2_library_n3/n03_m16/psrl_notype_seed1005.npz,5737,114ae296ce770c0930106ec5dcb0f048ab3a658c229f855b990d27969e44b2ff
experiment-data,analysis/hp_spgg_analytic_scaling/npz/s2_library_n3/n03_m16/psrl_notype_seed1006.npz,5380,82140d412a2f7a689fa67243d4d15c11404f503ddaf54bdf5e12f12479879c72
experiment-data,analysis/hp_spgg_analytic_scaling/npz/s2_library_n3/n03_m16/psrl_notype_seed1007.npz,5539,664c7e1d62481df6bb77f9e04da112462b48c2a7f93a1f597067747eee07a785
experiment-data,analysis/hp_spgg_analytic_scaling/npz/s2_library_n3/n03_m16/psrl_notype_seed1008.npz,5478,50d43417dd7c8ad1af79044a85bd5b2fb4feb1fe1b4727eadc44bfd1b9ac4df5
experiment-data,analysis/hp_spgg_analytic_scaling/npz/s2_library_n3/n03_m16/psrl_notype_seed1009.npz,5382,75d7f3278ef49a9286142bb420c2de76ef00d09082a0c0da959bbb4546297a7c
experiment-data,analysis/hp_spgg_analytic_scaling/npz/s3_frontier_m16/n02_m16/joint_psrl_uniform_seed1000.npz,6180,4b4dfb51bb1527558527b79c841a867860110c7f3ec7d6e71fefc8c766a7940e
experiment-data,analysis/hp_spgg_analytic_scaling/npz/s3_frontier_m16/n02_m16/joint_psrl_uniform_seed1001.npz,6162,89341e7d77e2b7ddf93918a6f84327816f8f640f85ed21b94fd2d2ccd0036fdf
experiment-data,analysis/hp_spgg_analytic_scaling/npz/s3_frontier_m16/n02_m16/joint_psrl_uniform_seed1002.npz,5836,90cd5090efd68d2b33c2a828581d3097d91299b79c85f0ec838ed9726b076245
experiment-data,analysis/hp_spgg_analytic_scaling/npz/s3_frontier_m16/n02_m16/joint_psrl_uniform_seed1003.npz,6182,9d90788bb483db2888ea44ba0b881697d058796caab53392f30004567175cf48
experiment-data,analysis/hp_spgg_analytic_scaling/npz/s3_frontier_m16/n02_m16/joint_psrl_uniform_seed1004.npz,6169,f9d452482b1744623e0fafd38ecedc914d2436b636617ce2d961ab3b981c5938
experiment-data,analysis/hp_spgg_analytic_scaling/npz/s3_frontier_m16/n02_m16/joint_psrl_uniform_seed1005.npz,6133,012a6855e1433144125ba7e0c22c2acfa87d77055cb3b1e5744de7382467035d
experiment-data,analysis/hp_spgg_analytic_scaling/npz/s3_frontier_m16/n02_m16/joint_psrl_uniform_seed1006.npz,6069,44a4b20abd5e7e94013ef3c0264431ada146f4d59d42470935ae838e90145166
experiment-data,analysis/hp_spgg_analytic_scaling/npz/s3_frontier_m16/n02_m16/joint_psrl_uniform_seed1007.npz,6138,5fe4534e87764dea05e43deb680dafd34bdf5b65702e42bddf99a9bcce77a4f9
experiment-data,analysis/hp_spgg_analytic_scaling/npz/s3_frontier_m16/n02_m16/joint_psrl_uniform_seed1008.npz,6120,b97f2d93418d6cf41fd40545a6b390423d59060fce39a47a892c55d8f588a675
experiment-data,analysis/hp_spgg_analytic_scaling/npz/s3_frontier_m16/n02_m16/joint_psrl_uniform_seed1009.npz,6099,700acec4c35a6f572a64b41d05e96d52b4c312ad0603242ff306d699af2c22b2
experiment-data,analysis/hp_spgg_analytic_scaling/npz/s3_frontier_m16/n02_m16/oracle_seed1000.npz,4823,b3275598d20c0b7bdd0cae0dea86f6a97c68621f62362663ad9d46166296d916
experiment-data,analysis/hp_spgg_analytic_scaling/npz/s3_frontier_m16/n02_m16/oracle_seed1001.npz,4823,ef9bf3f99e29887f5578960ff415449b860b8be0208fcf298f0822cc3f561674
experiment-data,analysis/hp_spgg_analytic_scaling/npz/s3_frontier_m16/n02_m16/oracle_seed1002.npz,4823,1b2031d88bb5ccb1daecd80d2779878f59c6ef18a40f8536ba725cbb578726c6
experiment-data,analysis/hp_spgg_analytic_scaling/npz/s3_frontier_m16/n02_m16/oracle_seed1003.npz,4823,06da7848e66a9fab82d7ff445870e19e588ba87c8557a7ed933a742d8bdbfd2f
experiment-data,analysis/hp_spgg_analytic_scaling/npz/s3_frontier_m16/n02_m16/oracle_seed1004.npz,4820,e0afc0a1694eebed2c382bf021ec2df6698081817e387c3925bbc3bcc543d284
experiment-data,analysis/hp_spgg_analytic_scaling/npz/s3_frontier_m16/n02_m16/oracle_seed1005.npz,4823,c0d0c2008716f49329313a7ed5f3297cf372c6600d0092eb1d8739c099aca9d3
experiment-data,analysis/hp_spgg_analytic_scaling/npz/s3_frontier_m16/n02_m16/oracle_seed1006.npz,4823,baf4d5a74c40cefbe527ce1f21c1fd2417a0bf505f0b528614d945e25a88bc60
experiment-data,analysis/hp_spgg_analytic_scaling/npz/s3_frontier_m16/n02_m16/oracle_seed1007.npz,4822,a500b73979b2ddaa7f3121a7727b45268a548e8a4356686b78589e133e3f010a
experiment-data,analysis/hp_spgg_analytic_scaling/npz/s3_frontier_m16/n02_m16/oracle_seed1008.npz,4823,dede3adfe7359f30683245487ca5ea00c109869822402559e4e324502544070e
experiment-data,analysis/hp_spgg_analytic_scaling/npz/s3_frontier_m16/n02_m16/oracle_seed1009.npz,4820,d0c905c04f99cdfe06e449732233dc4b5669b492ef3a8c2deb94cf9cd0fc7b1e
experiment-data,analysis/hp_spgg_analytic_scaling/npz/s3_frontier_m16/n02_m16/pact_plus_seed1000.npz,6089,4be9035ef372367aa8dd63279c7c8136fce7f4c6081a83a94b8806b0a883c9dd
experiment-data,analysis/hp_spgg_analytic_scaling/npz/s3_frontier_m16/n02_m16/pact_plus_seed1001.npz,6022,39a0ead103f38cce350cf86ca1463b95d8bc50e5c9ccc7a01d071ee9ae4fb706
experiment-data,analysis/hp_spgg_analytic_scaling/npz/s3_frontier_m16/n02_m16/pact_plus_seed1002.npz,5654,1c1614a29a82864ccb46491126932e1d9e320b2e85adcf03a7a93fd58da94646
experiment-data,analysis/hp_spgg_analytic_scaling/npz/s3_frontier_m16/n02_m16/pact_plus_seed1003.npz,5967,56fa9ef653e9057475bef3fc542125ef7d1977f6b9a73bbaecb2626dfc0cbc4d
experiment-data,analysis/hp_spgg_analytic_scaling/npz/s3_frontier_m16/n02_m16/pact_plus_seed1004.npz,6102,29d15274599a84322fd97e6f812c43e84ca52ea3ef711c880f6d2ce23eb47c4b
experiment-data,analysis/hp_spgg_analytic_scaling/npz/s3_frontier_m16/n02_m16/pact_plus_seed1005.npz,6019,3170be8b0c4c5092d8e9633f19fc075c049bac77b7453144024cf3501f29eaaf
experiment-data,analysis/hp_spgg_analytic_scaling/npz/s3_frontier_m16/n02_m16/pact_plus_seed1006.npz,5866,6f29764c284f85bb8126ddce838594d1e0f245045744df573bd4ac4f834171c9
experiment-data,analysis/hp_spgg_analytic_scaling/npz/s3_frontier_m16/n02_m16/pact_plus_seed1007.npz,6070,4ab88303befe54ce729672ca6276a921ec2fe1480cbe02f401ed0c8e00a8a85b
experiment-data,analysis/hp_spgg_analytic_scaling/npz/s3_frontier_m16/n02_m16/pact_plus_seed1008.npz,5950,737574538254b5e91422688995eb219ea01a600de7d5c2ccf4012bc0bfcc3e31
experiment-data,analysis/hp_spgg_analytic_scaling/npz/s3_frontier_m16/n02_m16/pact_plus_seed1009.npz,5941,7af5286c730477b7afbbd1ed589413364cfbe13a80a48b36fbd4a77e07405105
experiment-data,analysis/hp_spgg_analytic_scaling/npz/s3_frontier_m16/n02_m16/pact_seed1000.npz,5998,b093d6a8f9d63537838125b9fc60c1df4d37c4703c4859e0eb3719d904735e8c
experiment-data,analysis/hp_spgg_analytic_scaling/npz/s3_frontier_m16/n02_m16/pact_seed1001.npz,5997,3f6e7d5c5873a46654fed914ce845405b27984292f7a248fab026812e8d2f2b6
experiment-data,analysis/hp_spgg_analytic_scaling/npz/s3_frontier_m16/n02_m16/pact_seed1002.npz,5688,8ce180cfc787c45320e4d7535bf1c61f13b507290c10bb75cd751d342249f96c
experiment-data,analysis/hp_spgg_analytic_scaling/npz/s3_frontier_m16/n02_m16/pact_seed1003.npz,6110,896d1c2544214a70fbd8396f551e7a1d48ffebba32923347abc7aa6fa487cc5b
experiment-data,analysis/hp_spgg_analytic_scaling/npz/s3_frontier_m16/n02_m16/pact_seed1004.npz,5953,5e2da9e6c8a24635c245979ecc20972b5fab6f4ce0128783cee52d8464dab384
experiment-data,analysis/hp_spgg_analytic_scaling/npz/s3_frontier_m16/n02_m16/pact_seed1005.npz,5964,528ddff1536ed3c6ca4be5a441dadbe1a148197d69460a10c67b12ef2e22e38f
experiment-data,analysis/hp_spgg_analytic_scaling/npz/s3_frontier_m16/n02_m16/pact_seed1006.npz,5951,6ff7d29b0550e7aff0f9fecdf17aa6101c4234675d132376d81216dc422f2682
experiment-data,analysis/hp_spgg_analytic_scaling/npz/s3_frontier_m16/n02_m16/pact_seed1007.npz,6026,897e1b0d395b3535c450fa89add400b80413973c80358ae3e377b25dfff93fff
experiment-data,analysis/hp_spgg_analytic_scaling/npz/s3_frontier_m16/n02_m16/pact_seed1008.npz,5931,c1729d92ecbfa46ba17fbf64fa1147ed06ef2c346037011514844c3733c9317b
experiment-data,analysis/hp_spgg_analytic_scaling/npz/s3_frontier_m16/n02_m16/pact_seed1009.npz,5923,fc5086f76e38a16eeb6ff19b95c10561c53ff164a8e511991eaf1222847f958b
experiment-data,analysis/hp_spgg_analytic_scaling/npz/s3_frontier_m16/n02_m16/psrl_notype_seed1000.npz,5321,f49396f6481375b7445bfd1cc2a40d3e083ebe896a0c10f104ec6bfb3d3c0340
experiment-data,analysis/hp_spgg_analytic_scaling/npz/s3_frontier_m16/n02_m16/psrl_notype_seed1001.npz,5481,d8872e44808978023af8644746ce2dbfd92d86cf6cbed812cc5022e9cda99486
experiment-data,analysis/hp_spgg_analytic_scaling/npz/s3_frontier_m16/n02_m16/psrl_notype_seed1002.npz,5230,3eb73a77ffd679e7e7fe662a6ab9d022a1cb65115af8e7b76419b438c556f514
experiment-data,analysis/hp_spgg_analytic_scaling/npz/s3_frontier_m16/n02_m16/psrl_notype_seed1003.npz,5394,5f51a856b1d330152e45f446883c577fab91faa6c7fcaf6b270191e9018034c2
experiment-data,analysis/hp_spgg_analytic_scaling/npz/s3_frontier_m16/n02_m16/psrl_notype_seed1004.npz,5329,919a02f97c43873b239850b4b8829e4f7505f32ed3952cf1e5b3d7a6e1cc655a
experiment-data,analysis/hp_spgg_analytic_scaling/npz/s3_frontier_m16/n02_m16/psrl_notype_seed1005.npz,5354,ed64f0a21f3d85ceeff599595dba6a15dbfcef73b41dbba52f66e6b59d4fc9a6
experiment-data,analysis/hp_spgg_analytic_scaling/npz/s3_frontier_m16/n02_m16/psrl_notype_seed1006.npz,5402,5fe3343f7fbedc620b99c672d2d780b6031e5abd674234837f7e0238e4a83a3a
experiment-data,analysis/hp_spgg_analytic_scaling/npz/s3_frontier_m16/n02_m16/psrl_notype_seed1007.npz,5278,3a0f316f06f5af19838efc19fbe52fa825f6cadc12d20b64893cb39ac60f6c8b
experiment-data,analysis/hp_spgg_analytic_scaling/npz/s3_frontier_m16/n02_m16/psrl_notype_seed1008.npz,5241,b53602094c6484406b80c1795220618e280f3bf751b5d26d3fdfdda3acc7b122
experiment-data,analysis/hp_spgg_analytic_scaling/npz/s3_frontier_m16/n02_m16/psrl_notype_seed1009.npz,5326,42cf7e4323bd1d3dcfbfd8f5f91c42ee4f7acb46af393f54afbd9d4aee6906c4
experiment-data,analysis/hp_spgg_analytic_scaling/npz/s3_frontier_m16/n03_m16/joint_psrl_uniform_seed1000.npz,6705,fdc8b42e35cddd40d4a9519b3b70b6303c81dc75813d4920e642a764778e4a8e
experiment-data,analysis/hp_spgg_analytic_scaling/npz/s3_frontier_m16/n03_m16/joint_psrl_uniform_seed1001.npz,6448,13447323098297ee1425d3e7bf9c222ae04bb59094512ecff98fb5633dcc461f
experiment-data,analysis/hp_spgg_analytic_scaling/npz/s3_frontier_m16/n03_m16/joint_psrl_uniform_seed1002.npz,6584,92cdf461c4c1a95854de262c9dfbc14a0fd76f37320dbf60fd834598689996a5
experiment-data,analysis/hp_spgg_analytic_scaling/npz/s3_frontier_m16/n03_m16/joint_psrl_uniform_seed1003.npz,6468,ec698d321ec456f2d0822c8bda1eb6fe8c994b62969ec252e5e8253a53ef61c6
experiment-data,analysis/hp_spgg_analytic_scaling/npz/s3_frontier_m16/n03_m16/joint_psrl_uniform_seed1004.npz,6559,1b7040d6cdceaa5bbba7dd92dc03d5ae7959bc60bc0639b117ce474a5ad189dd
experiment-data,analysis/hp_spgg_analytic_scaling/npz/s3_frontier_m16/n03_m16/joint_psrl_uniform_seed1005.npz,6723,f30cc50c61f4f2282147bca9317c22c891670d48a06a1b37e2fd977a36ac00ae
experiment-data,analysis/hp_spgg_analytic_scaling/npz/s3_frontier_m16/n03_m16/joint_psrl_uniform_seed1006.npz,6428,cb60c3d0fbb41d1766a7f9625776f65696c2bcf89b32defc6eb6693112c56727
experiment-data,analysis/hp_spgg_analytic_scaling/npz/s3_frontier_m16/n03_m16/joint_psrl_uniform_seed1007.npz,6433,9d0d74a7f47107912e63884b69fd487e7f7e0c4161cd3fd7be6d6f020e6060ff
experiment-data,analysis/hp_spgg_analytic_scaling/npz/s3_frontier_m16/n03_m16/joint_psrl_uniform_seed1008.npz,6563,c1876d55f273033b77927681c275a4978c3eb2eb23d717de5d308c8bd00cea7a
experiment-data,analysis/hp_spgg_analytic_scaling/npz/s3_frontier_m16/n03_m16/joint_psrl_uniform_seed1009.npz,6601,159df6694f840978fdef010dec984869875f1af5e5da75a20ec538a769eada07
experiment-data,analysis/hp_spgg_analytic_scaling/npz/s3_frontier_m16/n03_m16/oracle_seed1000.npz,4828,335ecf606e6dce0968956a4d02123dc5d970b05297a1cd76b4d27dcf3ceec9db
experiment-data,analysis/hp_spgg_analytic_scaling/npz/s3_frontier_m16/n03_m16/oracle_seed1001.npz,4829,038da332bf24cf667e9ddd19b31edb73fa9c7442cc8cfdfb37693ab70f770f06
experiment-data,analysis/hp_spgg_analytic_scaling/npz/s3_frontier_m16/n03_m16/oracle_seed1002.npz,4828,8c7e4a49c836233fddb89ec288c76ae5cc8811c5424d0a66f372fe46985ff02b
experiment-data,analysis/hp_spgg_analytic_scaling/npz/s3_frontier_m16/n03_m16/oracle_seed1003.npz,4828,07eb4176c3103feb556bfe7745d8bc5dbc87fabafa89569b37edcdacf1feef01
experiment-data,analysis/hp_spgg_analytic_scaling/npz/s3_frontier_m16/n03_m16/oracle_seed1004.npz,4826,007b00c00e3f67dd85553109ae869b3b62abddbec76db9355219498d0d44db06
experiment-data,analysis/hp_spgg_analytic_scaling/npz/s3_frontier_m16/n03_m16/oracle_seed1005.npz,4828,d3c76140e3e5b8b893ae46cf536f62edc8e819687dba1c39d96e02f5cf20f84f
experiment-data,analysis/hp_spgg_analytic_scaling/npz/s3_frontier_m16/n03_m16/oracle_seed1006.npz,4828,9ff8cbe9344760aca707fb8892e704559bcd784e6b5866d2eef8accbacafef82
experiment-data,analysis/hp_spgg_analytic_scaling/npz/s3_frontier_m16/n03_m16/oracle_seed1007.npz,4828,c1c8b2c9f7d202636ee2e1c27cd19575d001edb2da8bc4d06fb447ddab4209a6
experiment-data,analysis/hp_spgg_analytic_scaling/npz/s3_frontier_m16/n03_m16/oracle_seed1008.npz,4828,7aaf5a88d3447f3c1ac993901c6329035a707eedfff2aff99c5e5f18f5e44656
experiment-data,analysis/hp_spgg_analytic_scaling/npz/s3_frontier_m16/n03_m16/oracle_seed1009.npz,4826,5f312acade437a7fe2c6cbe067fb8c2e358b40c1145bb2f33c6728c0cc3acf3c
experiment-data,analysis/hp_spgg_analytic_scaling/npz/s3_frontier_m16/n03_m16/pact_plus_seed1000.npz,6348,4b6fd216d39f0f9b6455027280782760f00350255f81ad7c1bf7b1c95c807c71
experiment-data,analysis/hp_spgg_analytic_scaling/npz/s3_frontier_m16/n03_m16/pact_plus_seed1001.npz,6469,6a29fd90ed8a62667abbd134afbcbf40b58514a8304a42141434387f693054c5
experiment-data,analysis/hp_spgg_analytic_scaling/npz/s3_frontier_m16/n03_m16/pact_plus_seed1002.npz,6197,e62ca55cabea9482e07ae01452442776c93bff02d6bc8b614ac78c2197ca3bd8
experiment-data,analysis/hp_spgg_analytic_scaling/npz/s3_frontier_m16/n03_m16/pact_plus_seed1003.npz,6369,6bae3a7878b59edbcea8f5568523e430eaa9920d9d1479ae346eb70fe631fbc7
experiment-data,analysis/hp_spgg_analytic_scaling/npz/s3_frontier_m16/n03_m16/pact_plus_seed1004.npz,6512,7713975f3e0368a422a6375743fc4d58b8e0f2069170fc0215085df38817496e
experiment-data,analysis/hp_spgg_analytic_scaling/npz/s3_frontier_m16/n03_m16/pact_plus_seed1005.npz,6409,a1a44dee433927a881f9393e9209fd3c99c0fd83c630a916a6fb7444120a1642
experiment-data,analysis/hp_spgg_analytic_scaling/npz/s3_frontier_m16/n03_m16/pact_plus_seed1006.npz,6305,850424f6aa3aeacb74a8f16130c5af06bfe8368af13f9ff30ba4f70e1d7eabb9
experiment-data,analysis/hp_spgg_analytic_scaling/npz/s3_frontier_m16/n03_m16/pact_plus_seed1007.npz,6506,931a4f17092b31b41885c4e5421bf445ef0413927595c2a9a50bcf9fb0049b97
experiment-data,analysis/hp_spgg_analytic_scaling/npz/s3_frontier_m16/n03_m16/pact_plus_seed1008.npz,6356,068a469e4316dde1f6aa190b32bc437050975d38ede3d4513be2c7dc66953ac3
experiment-data,analysis/hp_spgg_analytic_scaling/npz/s3_frontier_m16/n03_m16/pact_plus_seed1009.npz,6478,cb74e0915df53873f05cc2861c64176aa519b25d4908552d57c27df10b2de91d
experiment-data,analysis/hp_spgg_analytic_scaling/npz/s3_frontier_m16/n03_m16/pact_seed1000.npz,6563,e5afabb1975ec1d9584d25a38737482a087139e2db87dacc6d07e4856aef053e
experiment-data,analysis/hp_spgg_analytic_scaling/npz/s3_frontier_m16/n03_m16/pact_seed1001.npz,6226,487ad62f14adaf4ce501429ea5605edfee18bbff03ea1f327f8fca96dc9e906b
experiment-data,analysis/hp_spgg_analytic_scaling/npz/s3_frontier_m16/n03_m16/pact_seed1002.npz,6302,92ae04550861bef6e83feccd3845f20706d4f5cb709176b4c66704fe26dc0d9e
experiment-data,analysis/hp_spgg_analytic_scaling/npz/s3_frontier_m16/n03_m16/pact_seed1003.npz,6214,0176c29dc928f3b9e1813e5b7e880233c92eeaeb859ef47ca406ca71da670758
experiment-data,analysis/hp_spgg_analytic_scaling/npz/s3_frontier_m16/n03_m16/pact_seed1004.npz,6395,470f9b79e878a025175d0bb1dda0e113de0c7947cfc2363858a6cadd092d8097
experiment-data,analysis/hp_spgg_analytic_scaling/npz/s3_frontier_m16/n03_m16/pact_seed1005.npz,6596,34f219060834c94c047caafa8e00c722e94c6203e9cc9d4f6a0fe4ed1de33c73
experiment-data,analysis/hp_spgg_analytic_scaling/npz/s3_frontier_m16/n03_m16/pact_seed1006.npz,6189,ec850e63a5041cbf92c1e201202c5a72f727239445db048d59f68cc34a5e7ddf
experiment-data,analysis/hp_spgg_analytic_scaling/npz/s3_frontier_m16/n03_m16/pact_seed1007.npz,6228,e34eb32245e148c684babd96561fbe67a12f23456e6eab5df60bbece498de435
experiment-data,analysis/hp_spgg_analytic_scaling/npz/s3_frontier_m16/n03_m16/pact_seed1008.npz,6473,75c8f618441b8b14fd698abb57dfb5cef7cd8c0945d3c19351230e68e8402058
experiment-data,analysis/hp_spgg_analytic_scaling/npz/s3_frontier_m16/n03_m16/pact_seed1009.npz,6348,d892eba18fd0c1e7969346cb8be6a7ced88fe42e222f78ba9e1793654243c182
experiment-data,analysis/hp_spgg_analytic_scaling/npz/s3_frontier_m16/n03_m16/psrl_notype_seed1000.npz,5387,a0a1172fb3392114c197fefe003c6202597b8f9893bdf29b77275389b95809e6
experiment-data,analysis/hp_spgg_analytic_scaling/npz/s3_frontier_m16/n03_m16/psrl_notype_seed1001.npz,5595,5a823478a8872369ba3ca3a9ae5cc84973b05c2b5ae10223da5ce2d337ebb7a5
experiment-data,analysis/hp_spgg_analytic_scaling/npz/s3_frontier_m16/n03_m16/psrl_notype_seed1002.npz,5337,31ba9d504dc78a379794ff9b735e08f77b874380564373dc2d2a78b129cdd0d2
experiment-data,analysis/hp_spgg_analytic_scaling/npz/s3_frontier_m16/n03_m16/psrl_notype_seed1003.npz,5558,3beae9b827cce2a243208360648bada11f05f0c1321308cb54a3051dd15d9838
experiment-data,analysis/hp_spgg_analytic_scaling/npz/s3_frontier_m16/n03_m16/psrl_notype_seed1004.npz,5327,71fd99ba731f1c2ad03e5bd5e37fbb260241f758150228c23bce1f152be1098f
experiment-data,analysis/hp_spgg_analytic_scaling/npz/s3_frontier_m16/n03_m16/psrl_notype_seed1005.npz,5709,053ff44f02d14ab900e16f79dd543564489671f21346ad6665bbd2fa6e03f8b6
experiment-data,analysis/hp_spgg_analytic_scaling/npz/s3_frontier_m16/n03_m16/psrl_notype_seed1006.npz,5451,ccdaa5880bbfc34ff53d1aee768d09b79473e4c8f72faf568459b0926c149302
experiment-data,analysis/hp_spgg_analytic_scaling/npz/s3_frontier_m16/n03_m16/psrl_notype_seed1007.npz,5380,ceeee85e2cec2e8afb6e1a0fe642b56ecf9ad390419e15a66516cde6f813afb3
experiment-data,analysis/hp_spgg_analytic_scaling/npz/s3_frontier_m16/n03_m16/psrl_notype_seed1008.npz,5350,dad23881aa7aa03c202c15e6d4af88bb8f300b656dabdee943e04b8a18ddb06b
experiment-data,analysis/hp_spgg_analytic_scaling/npz/s3_frontier_m16/n03_m16/psrl_notype_seed1009.npz,5319,8bcc541a32797b0c7f14dc2e438d405dda7a3ef78126bf34f18bb5f7e4ccfbc3
experiment-data,analysis/hp_spgg_analytic_scaling/npz/s3_frontier_m16/n04_m16/joint_psrl_uniform_seed1000.npz,7205,9af6e9686f1b6a01eaba971348326d0c42a23c35b57b67f354ad0c229e72a7eb
experiment-data,analysis/hp_spgg_analytic_scaling/npz/s3_frontier_m16/n04_m16/joint_psrl_uniform_seed1001.npz,7281,31cd22a5e64e092810821a7dd6ca69ee0368238c52c8351b5ecc3f39cb8beeb2
experiment-data,analysis/hp_spgg_analytic_scaling/npz/s3_frontier_m16/n04_m16/joint_psrl_uniform_seed1002.npz,7034,e8113ed31ad18621843dcbd12388a14df81b183deab5b68a82eb51a985d7b087
experiment-data,analysis/hp_spgg_analytic_scaling/npz/s3_frontier_m16/n04_m16/joint_psrl_uniform_seed1003.npz,6760,ed398826e75071287733e61027cadb4d6f5505c574a805f1a8212ae909e369bb
experiment-data,analysis/hp_spgg_analytic_scaling/npz/s3_frontier_m16/n04_m16/joint_psrl_uniform_seed1004.npz,6998,1d0c800d2fc01f4455e5f5a880ff5b98b4694e0666ab1f2a882b55fa91d6554f
experiment-data,analysis/hp_spgg_analytic_scaling/npz/s3_frontier_m16/n04_m16/joint_psrl_uniform_seed1005.npz,7365,5641be5372d40b548e67be02ebd9d7420e3a0ad2c3b0359daaf4071b4ad25880
experiment-data,analysis/hp_spgg_analytic_scaling/npz/s3_frontier_m16/n04_m16/joint_psrl_uniform_seed1006.npz,6818,fdef30ae69f8747a2a3cb5129893a6aa630023c1f5814ed7ed3a1890fad4bded
experiment-data,analysis/hp_spgg_analytic_scaling/npz/s3_frontier_m16/n04_m16/joint_psrl_uniform_seed1007.npz,7221,96a82a8a43f93e7eed42beb79e25bdecf4ac89138042ab726cc3751a99c4cbd9
experiment-data,analysis/hp_spgg_analytic_scaling/npz/s3_frontier_m16/n04_m16/joint_psrl_uniform_seed1008.npz,7110,6746dc56442f3d071e2b3970deebf7061f38708e972917330be5fec9ad04db18
experiment-data,analysis/hp_spgg_analytic_scaling/npz/s3_frontier_m16/n04_m16/joint_psrl_uniform_seed1009.npz,7032,be01e58c51c3abe02d01a6e689f37a0210db50bd791fc93015632d11f7efc16a
experiment-data,analysis/hp_spgg_analytic_scaling/npz/s3_frontier_m16/n04_m16/oracle_seed1000.npz,4835,4ce791c77b252dc97a6c6125d5d848d3aa99ce8e5946d2a583b86aad488c76d0
experiment-data,analysis/hp_spgg_analytic_scaling/npz/s3_frontier_m16/n04_m16/oracle_seed1001.npz,4834,9100ecb0bbcd166e45595da25dfe0b7e3d3518f8338e2bf9c0fc177b2c871c42
experiment-data,analysis/hp_spgg_analytic_scaling/npz/s3_frontier_m16/n04_m16/oracle_seed1002.npz,4835,68a489f99cb9366199b9fc4fa72e0d5c603936db5e36e87ac5eb789493b64f6e
experiment-data,analysis/hp_spgg_analytic_scaling/npz/s3_frontier_m16/n04_m16/oracle_seed1003.npz,4834,97a4e6bb44266db66595421df615cac0edd618728424dc2731445c6e60933d5d
experiment-data,analysis/hp_spgg_analytic_scaling/npz/s3_frontier_m16/n04_m16/oracle_seed1004.npz,4833,26f4002a50effaa03ab7951535136b363a401b5aae4aa29c1b0a62fd6ba0525d
experiment-data,analysis/hp_spgg_analytic_scaling/npz/s3_frontier_m16/n04_m16/oracle_seed1005.npz,4835,3f1eb74e2fc05cd1d91cc72a41f6c7a5c1cc8508e4cee53a88f1bde72770073a
experiment-data,analysis/hp_spgg_analytic_scaling/npz/s3_frontier_m16/n04_m16/oracle_seed1006.npz,4835,e67c88396d86cb1fbcb299c75ceb083c7b606ad25716ad4c3ca25f7bf6952290
experiment-data,analysis/hp_spgg_analytic_scaling/npz/s3_frontier_m16/n04_m16/oracle_seed1007.npz,4834,4e54676a8611897afb6b8ffc1fe8ff2cdd0dba1b18021a4eb8c4f32b42ccfbcc
experiment-data,analysis/hp_spgg_analytic_scaling/npz/s3_frontier_m16/n04_m16/oracle_seed1008.npz,4835,b7132160f721e809c3da4f8e03175fc68c477f46ed39fb5970aca2195cdbb9d6
experiment-data,analysis/hp_spgg_analytic_scaling/npz/s3_frontier_m16/n04_m16/oracle_seed1009.npz,4833,a339f6dd2d6739c1e2aa7d2df4cec2e0268fca267e83e9b6f86eacc145e70477
experiment-data,analysis/hp_spgg_analytic_scaling/npz/s3_frontier_m16/n04_m16/pact_plus_seed1000.npz,6697,1e6fec31baaf03874f3a1b7ba94eb8b054d09f0e5a072c0fe9589be873dfc8bf
experiment-data,analysis/hp_spgg_analytic_scaling/npz/s3_frontier_m16/n04_m16/pact_plus_seed1001.npz,6930,e94c8d8e67206fe4d26b706fcc69591b0da047d0d17bae08d550458938130efe
experiment-data,analysis/hp_spgg_analytic_scaling/npz/s3_frontier_m16/n04_m16/pact_plus_seed1002.npz,6405,b432e7607d55fc8ffbf19b0758e83986171d00af929f1d424c629da64cbefd32
experiment-data,analysis/hp_spgg_analytic_scaling/npz/s3_frontier_m16/n04_m16/pact_plus_seed1003.npz,6522,6310e96f50f78b6516c12e20d4453afe4fa7c0a7b0c41e9db58842391e3004c0
experiment-data,analysis/hp_spgg_analytic_scaling/npz/s3_frontier_m16/n04_m16/pact_plus_seed1004.npz,6773,9c3aaf833268839c9a4e8322baf0c4eba573ffb5c8901b9808c9f6b61f223863
experiment-data,analysis/hp_spgg_analytic_scaling/npz/s3_frontier_m16/n04_m16/pact_plus_seed1005.npz,6898,637cc2fb279708ffecfe8ba5bcf894ff5c4c97a771fb58d01d8319555d4ee470
experiment-data,analysis/hp_spgg_analytic_scaling/npz/s3_frontier_m16/n04_m16/pact_plus_seed1006.npz,6676,0e7aa4b4172bedafeef5dd11fa013bfd96dbb226f6d6162d3aa481366d0b9402
experiment-data,analysis/hp_spgg_analytic_scaling/npz/s3_frontier_m16/n04_m16/pact_plus_seed1007.npz,6902,d3ce03ae8a17321286a1ab48a7768dfcf8f93909d7a57eb21bb37619d0aa1f52
experiment-data,analysis/hp_spgg_analytic_scaling/npz/s3_frontier_m16/n04_m16/pact_plus_seed1008.npz,6387,1730b669840464e1ea9ff480e40f93c4680c65acbe6c38b2c16be60f75dafe21
experiment-data,analysis/hp_spgg_analytic_scaling/npz/s3_frontier_m16/n04_m16/pact_plus_seed1009.npz,6821,bb13486a67f349fe8d93bdf1bd49bef98e442cfa192fa8c76a9fb123c4c0b2d5
experiment-data,analysis/hp_spgg_analytic_scaling/npz/s3_frontier_m16/n04_m16/pact_seed1000.npz,6998,5366ee3ba5cfb6743795ba1c1d164939bf437b9e2a43d3f2dac2f8e75e596d80
experiment-data,analysis/hp_spgg_analytic_scaling/npz/s3_frontier_m16/n04_m16/pact_seed1001.npz,7046,6801899ae1c99901b181e5fa1081efc764b1c4179f01429c9cfdc0f068a81667
experiment-data,analysis/hp_spgg_analytic_scaling/npz/s3_frontier_m16/n04_m16/pact_seed1002.npz,6832,d445073f1f438ad0a363d394a76fffa6e2008406186634af97d2aeb6d8c5d0ea
experiment-data,analysis/hp_spgg_analytic_scaling/npz/s3_frontier_m16/n04_m16/pact_seed1003.npz,6456,e6618e44ccba4ec9c88850dca3efdd133192b38106ed58a08bc3b025264f66fc
experiment-data,analysis/hp_spgg_analytic_scaling/npz/s3_frontier_m16/n04_m16/pact_seed1004.npz,6758,ad4a86fd7d193d612230136b3115f00fa4880548a789b74a5b4b6080624e7864
experiment-data,analysis/hp_spgg_analytic_scaling/npz/s3_frontier_m16/n04_m16/pact_seed1005.npz,7128,57a27ee12c1a40ec7aceb050c35b2f02f7e072dd913c53c9286ea85093a20837
experiment-data,analysis/hp_spgg_analytic_scaling/npz/s3_frontier_m16/n04_m16/pact_seed1006.npz,6593,01fd8a4454121234635337c90db1e3087d8ad8ea8d0301f9d89bc6b38e67cc6c
experiment-data,analysis/hp_spgg_analytic_scaling/npz/s3_frontier_m16/n04_m16/pact_seed1007.npz,6966,39bc2f555de6030c614a2854c4bee237a31c40ac0d50e9bfe416228671a5ba0e
experiment-data,analysis/hp_spgg_analytic_scaling/npz/s3_frontier_m16/n04_m16/pact_seed1008.npz,6885,40b51df4ecb712884b070514e3829cdd4a8ed335765a4cbf7bebec4180e588ce
experiment-data,analysis/hp_spgg_analytic_scaling/npz/s3_frontier_m16/n04_m16/pact_seed1009.npz,6793,61e134b8f479580452acfe4b86ff6ac703ec12fbe22fb4060480ab6eb88703dc
experiment-data,analysis/hp_spgg_analytic_scaling/npz/s3_frontier_m16/n04_m16/psrl_notype_seed1000.npz,5693,6211b09140d0c3cbe09b5086be514e19ab865338de62533f5abc3c9d9a81f6fc
experiment-data,analysis/hp_spgg_analytic_scaling/npz/s3_frontier_m16/n04_m16/psrl_notype_seed1001.npz,5832,c35cd2c874598cd4ed848e1c29771a1e0160c0cf6b283417cc0a29a157f06698
experiment-data,analysis/hp_spgg_analytic_scaling/npz/s3_frontier_m16/n04_m16/psrl_notype_seed1002.npz,5531,77f351e9d8e055d778ca1d2f25db499b5735cbd36c1e4cb517c0632c279cd9dd
experiment-data,analysis/hp_spgg_analytic_scaling/npz/s3_frontier_m16/n04_m16/psrl_notype_seed1003.npz,5689,09543b53ec4ff3de8bfe5bd3c618be75c66c67c55d88b45efe4e015cefc90f10
experiment-data,analysis/hp_spgg_analytic_scaling/npz/s3_frontier_m16/n04_m16/psrl_notype_seed1004.npz,5539,39ceade93488e74c0c1926a002fb36f89b443da91b8751650dbba5a85716564d
experiment-data,analysis/hp_spgg_analytic_scaling/npz/s3_frontier_m16/n04_m16/psrl_notype_seed1005.npz,5842,af27d12d99982d983319088f98277b95a3a026087160c953296b73e98b33dd13
experiment-data,analysis/hp_spgg_analytic_scaling/npz/s3_frontier_m16/n04_m16/psrl_notype_seed1006.npz,5665,fe873df133f98726ba5c5e9f410f2522bb9947b5041a02dce5900a0d64e44b54
experiment-data,analysis/hp_spgg_analytic_scaling/npz/s3_frontier_m16/n04_m16/psrl_notype_seed1007.npz,5804,8a62aa5ee66fac42699bb5ca7e0c2ccbbe6963327e277e0d4588ad6365c0624c
experiment-data,analysis/hp_spgg_analytic_scaling/npz/s3_frontier_m16/n04_m16/psrl_notype_seed1008.npz,5637,a824f14cef25b8e090fd9cce7dfc412baf6b64953a47b7af2d5c2e2614692383
experiment-data,analysis/hp_spgg_analytic_scaling/npz/s3_frontier_m16/n04_m16/psrl_notype_seed1009.npz,5550,95222e4bcdc4cb2e4b88ef73f9202a22c278b792b75392a7ddc2a9249686a9ba
experiment-data,analysis/hp_spgg_analytic_scaling/npz/s3_frontier_m16/n05_m16/joint_psrl_uniform_seed1000.npz,8035,ff1759ea38c4bd3c4e26525f9cc7ceb3450684f51a365b9b71875f619c9f57f9
experiment-data,analysis/hp_spgg_analytic_scaling/npz/s3_frontier_m16/n05_m16/joint_psrl_uniform_seed1001.npz,7873,c83d503c543a7d2cf7a387940ea8650f3123f0ee10d7aa30823f06fd123d026d
experiment-data,analysis/hp_spgg_analytic_scaling/npz/s3_frontier_m16/n05_m16/joint_psrl_uniform_seed1002.npz,8134,35da435274a660ec6d6a4d22b157d74e4f22fe97191b8f8e189b92efe3cc3872
experiment-data,analysis/hp_spgg_analytic_scaling/npz/s3_frontier_m16/n05_m16/joint_psrl_uniform_seed1003.npz,6919,c9f3cf1a4d31402b5a65ed19dde0c4510bc281918521949354c76065adc05a03
experiment-data,analysis/hp_spgg_analytic_scaling/npz/s3_frontier_m16/n05_m16/joint_psrl_uniform_seed1004.npz,7498,ac57de62db66dccb35660a8a25326e1f5b044dfb3e0d81ed7d1b7b84bd7de7e4
experiment-data,analysis/hp_spgg_analytic_scaling/npz/s3_frontier_m16/n05_m16/joint_psrl_uniform_seed1005.npz,7958,527bcbc5a03b239d276c9fbf039bb34379d927c997f6e25a3b1388adec03f9db
experiment-data,analysis/hp_spgg_analytic_scaling/npz/s3_frontier_m16/n05_m16/joint_psrl_uniform_seed1006.npz,7393,e418b5baab63be85d35af60c236786818b67a18e85357b485de21ef954e900ca
experiment-data,analysis/hp_spgg_analytic_scaling/npz/s3_frontier_m16/n05_m16/joint_psrl_uniform_seed1007.npz,7888,bc5649ae2cfe3ae01fab941ebc3d124bdbe052bc558b2b666656981ccc99a4c3
experiment-data,analysis/hp_spgg_analytic_scaling/npz/s3_frontier_m16/n05_m16/joint_psrl_uniform_seed1008.npz,7471,5563905cd79eadc1b6b7b55db43bdd4ed57729ab75fcba848dfbad5204662c60
experiment-data,analysis/hp_spgg_analytic_scaling/npz/s3_frontier_m16/n05_m16/joint_psrl_uniform_seed1009.npz,7513,ebebeb8b9242568721422f3b1dbe2191ae9758d0d378ae93c94244025608c1e0
experiment-data,analysis/hp_spgg_analytic_scaling/npz/s3_frontier_m16/n05_m16/oracle_seed1000.npz,4837,7c4b5cf58b4702033ad364c97b3a81546476b14e3a90bffbfa927b32bcd7dd48
experiment-data,analysis/hp_spgg_analytic_scaling/npz/s3_frontier_m16/n05_m16/oracle_seed1001.npz,4839,282058f0b656d6f7fdecc6c476d81f0ca0aa2af377fbfd00326fd6113465f234
experiment-data,analysis/hp_spgg_analytic_scaling/npz/s3_frontier_m16/n05_m16/oracle_seed1002.npz,4840,54938afb19f3063abf43044e26ff481bfcf536e1d03538858f352bb0643d9be9
experiment-data,analysis/hp_spgg_analytic_scaling/npz/s3_frontier_m16/n05_m16/oracle_seed1003.npz,4838,d2f8e519214d9d16773b00f0726f292809182899bcbff16007e9e1e008a2df50
experiment-data,analysis/hp_spgg_analytic_scaling/npz/s3_frontier_m16/n05_m16/oracle_seed1004.npz,4837,6e9191871269574b40367c39e048f8645b72e6e4d35607baedfa0c97efb79a3c
experiment-data,analysis/hp_spgg_analytic_scaling/npz/s3_frontier_m16/n05_m16/oracle_seed1005.npz,4840,4d2ea607094e2d257b169ef91181a7df0b16da7d88e3078e37bcca604f20b054
experiment-data,analysis/hp_spgg_analytic_scaling/npz/s3_frontier_m16/n05_m16/oracle_seed1006.npz,4840,8f689a4e4cece30570d7a3346e6a5c53564f71061f624182363d315488fd3dcb
experiment-data,analysis/hp_spgg_analytic_scaling/npz/s3_frontier_m16/n05_m16/oracle_seed1007.npz,4838,64712cccab4bb362159ec37f4eca684d8c4b2fe26d304c7dc1e833462a6c9af2
experiment-data,analysis/hp_spgg_analytic_scaling/npz/s3_frontier_m16/n05_m16/oracle_seed1008.npz,4840,e01c454419a02fa998886811a09cf3f7d0d0bfc9153f57bc025abe01f4bbb4c8
experiment-data,analysis/hp_spgg_analytic_scaling/npz/s3_frontier_m16/n05_m16/oracle_seed1009.npz,4835,b65233922bcbaabaf3bfc211ebaa1ad04361cfab555e070cb504a41466b8d425
experiment-data,analysis/hp_spgg_analytic_scaling/npz/s3_frontier_m16/n05_m16/pact_plus_seed1000.npz,7084,bad4a42458f9dbbf0d0156db2d379ba6b5bef27294283d2f976fd1d276d750fc
experiment-data,analysis/hp_spgg_analytic_scaling/npz/s3_frontier_m16/n05_m16/pact_plus_seed1001.npz,7154,776c2c9c206a82dada11b5b762adb3ef3ea8b9261f36b67efaa6a3b02e489ff1
experiment-data,analysis/hp_spgg_analytic_scaling/npz/s3_frontier_m16/n05_m16/pact_plus_seed1002.npz,7390,99a5fa3a52639aec8161562473952ba013805e8b008e9b15b3eda1361395ff39
experiment-data,analysis/hp_spgg_analytic_scaling/npz/s3_frontier_m16/n05_m16/pact_plus_seed1003.npz,6666,ace867fd4fa4b99bed4aa525568b9731b7f1839d275c1ee8a289e138badd8c92
experiment-data,analysis/hp_spgg_analytic_scaling/npz/s3_frontier_m16/n05_m16/pact_plus_seed1004.npz,7305,730e6ec4d38b37af65d29ec5e76d7b6657bc0ab7c4530f4cf28659bc47ebe1f2
experiment-data,analysis/hp_spgg_analytic_scaling/npz/s3_frontier_m16/n05_m16/pact_plus_seed1005.npz,7333,1f6b7edce9781a538baaeea7836132f6e7a7280cc506ffddcd2d12da2c52f9ec
experiment-data,analysis/hp_spgg_analytic_scaling/npz/s3_frontier_m16/n05_m16/pact_plus_seed1006.npz,7171,b3340d0662d8d757f0633da216b2ca631ebfead0fc667e8a3bb9b7965fad085d
experiment-data,analysis/hp_spgg_analytic_scaling/npz/s3_frontier_m16/n05_m16/pact_plus_seed1007.npz,7466,d105130f71329d388fb61f0c54ae5dd6fc01b42d42058d6ab8d7b8bca87a92ca
experiment-data,analysis/hp_spgg_analytic_scaling/npz/s3_frontier_m16/n05_m16/pact_plus_seed1008.npz,6733,801dd16ac0a6c864ab74196b40bd81441fe8d43f9c95565b15bfcf1d45a26593
experiment-data,analysis/hp_spgg_analytic_scaling/npz/s3_frontier_m16/n05_m16/pact_plus_seed1009.npz,7023,ad57b50846a0525c0791371c14355f73f6a54d318b7e662d1896f401d6ba2a28
experiment-data,analysis/hp_spgg_analytic_scaling/npz/s3_frontier_m16/n05_m16/pact_seed1000.npz,7823,d52c8225fd2696474a40f243a544c8b91d372c82e638582da41a0209cb2b761b
experiment-data,analysis/hp_spgg_analytic_scaling/npz/s3_frontier_m16/n05_m16/pact_seed1001.npz,7638,addb07f0abbbcf1c6183f86d534760886948eca9c5b0c73893e127eff14ea5a7
experiment-data,analysis/hp_spgg_analytic_scaling/npz/s3_frontier_m16/n05_m16/pact_seed1002.npz,7927,f5d12a542e7cfcf62cd3085b54dfc635889865007113aa734229bb2a0b525611
experiment-data,analysis/hp_spgg_analytic_scaling/npz/s3_frontier_m16/n05_m16/pact_seed1003.npz,6505,26e18fe8fb14c514973146ae67d1c27569662190384cf4aec826edee1dd36fea
experiment-data,analysis/hp_spgg_analytic_scaling/npz/s3_frontier_m16/n05_m16/pact_seed1004.npz,7228,e2137d597be1055d1137614987459068113b01f0f71797033c4fde138279966d
experiment-data,analysis/hp_spgg_analytic_scaling/npz/s3_frontier_m16/n05_m16/pact_seed1005.npz,7738,88fc20e528e1859ffd661cfdaff17c7dafa8334ac09166aa5b7b8541765718b2
experiment-data,analysis/hp_spgg_analytic_scaling/npz/s3_frontier_m16/n05_m16/pact_seed1006.npz,7111,6a5e682b1742afbce351e3f93b2e6b355ed2f60c98b5c9e5c3dfc47315b67d21
experiment-data,analysis/hp_spgg_analytic_scaling/npz/s3_frontier_m16/n05_m16/pact_seed1007.npz,7671,f683f7547129d21cea58d0e47ddf2855c48ad80fd01a19fd10dd483b360e800a
experiment-data,analysis/hp_spgg_analytic_scaling/npz/s3_frontier_m16/n05_m16/pact_seed1008.npz,7205,f9d7995150146c8c2298e8a4b4246b968de2f7ef8cbf0900f37324bae20d1851
experiment-data,analysis/hp_spgg_analytic_scaling/npz/s3_frontier_m16/n05_m16/pact_seed1009.npz,7281,055bf836055b047058e0018c15bcfd41d8bf3c6e610f03d0557c57937460979b
experiment-data,analysis/hp_spgg_analytic_scaling/npz/s3_frontier_m16/n05_m16/psrl_notype_seed1000.npz,6056,dfb090daabf5185fe4a10d52bf8acc33126674b21e2ad8df3176b8696a641caf
experiment-data,analysis/hp_spgg_analytic_scaling/npz/s3_frontier_m16/n05_m16/psrl_notype_seed1001.npz,5915,dd309c7f539cd075bd63ea283ea55b35060668f4d2b1fa006091e323c09573b8
experiment-data,analysis/hp_spgg_analytic_scaling/npz/s3_frontier_m16/n05_m16/psrl_notype_seed1002.npz,6083,b7d60b319c7c50b6a2c88027a3f58b6286c4ee75c719799596900c5ccf61c21e
experiment-data,analysis/hp_spgg_analytic_scaling/npz/s3_frontier_m16/n05_m16/psrl_notype_seed1003.npz,5653,d2e66c35e3c568ca996046bbd380fa3d672ab101b701dad99ef41dca2f452ef0
experiment-data,analysis/hp_spgg_analytic_scaling/npz/s3_frontier_m16/n05_m16/psrl_notype_seed1004.npz,5779,90ef64127c8815e3e1a0ad886ad501083317c1a761a68de65c4ea3a332229805
experiment-data,analysis/hp_spgg_analytic_scaling/npz/s3_frontier_m16/n05_m16/psrl_notype_seed1005.npz,6000,dfe71e008841e78c5646c8b9dfaa2e450e0680fe6b7f1112bf8c2d4d70c1b23e
experiment-data,analysis/hp_spgg_analytic_scaling/npz/s3_frontier_m16/n05_m16/psrl_notype_seed1006.npz,5783,c73b2d562f5e70f53eebaba881e2348f4714e2185cf47d73f032d1078fe73a7a
experiment-data,analysis/hp_spgg_analytic_scaling/npz/s3_frontier_m16/n05_m16/psrl_notype_seed1007.npz,5596,0c01f031533b4c9794628f2f5794269d1c08e6066ab22ce919960f1f49e800d9
experiment-data,analysis/hp_spgg_analytic_scaling/npz/s3_frontier_m16/n05_m16/psrl_notype_seed1008.npz,5718,9b2e7f5ad5c02484ffd6b5c2067698d3838964bb1385b7858db2f6a25a8b7dc1
experiment-data,analysis/hp_spgg_analytic_scaling/npz/s3_frontier_m16/n05_m16/psrl_notype_seed1009.npz,5857,fe6952baf93cf55b1d1a663de3db3cff9932b3336738a7c0f2e891632ea5481a
experiment-data,analysis/hp_spgg_analytic_scaling/npz/s3_frontier_m16/n06_m16/joint_psrl_uniform_seed1000.npz,8313,3f9f190255b96345e7f990664cf4970fe0c0731924fe54fcd58b233824065f6a
experiment-data,analysis/hp_spgg_analytic_scaling/npz/s3_frontier_m16/n06_m16/joint_psrl_uniform_seed1001.npz,8447,36b713277338784c77dd3c08aeb7e6fe1731d758cccbd870df1085d7d974f92a
experiment-data,analysis/hp_spgg_analytic_scaling/npz/s3_frontier_m16/n06_m16/joint_psrl_uniform_seed1002.npz,8457,b09e0df8a0748f6f9727bd6fe4d1999642ebe050b80a478a5678886f875909aa
experiment-data,analysis/hp_spgg_analytic_scaling/npz/s3_frontier_m16/n06_m16/joint_psrl_uniform_seed1003.npz,7632,e8abb76c3e36e97ebd79157f02b078a2deb5fe9776821914e830ee97b390dcd0
experiment-data,analysis/hp_spgg_analytic_scaling/npz/s3_frontier_m16/n06_m16/joint_psrl_uniform_seed1004.npz,8002,90fb3422079c79d45c8bb38eaacb07ba73da6f02dcc26cb88ed44c98b7c24131
experiment-data,analysis/hp_spgg_analytic_scaling/npz/s3_frontier_m16/n06_m16/joint_psrl_uniform_seed1005.npz,8427,0c933860c38ef94bf530d63af54edbca83c938a021b0d5523e63f491fbb1497e
experiment-data,analysis/hp_spgg_analytic_scaling/npz/s3_frontier_m16/n06_m16/joint_psrl_uniform_seed1006.npz,7802,72e935fce834e7b558a35a8601822cdfdc39975ee83e2fd7c0f736c6401716c6
experiment-data,analysis/hp_spgg_analytic_scaling/npz/s3_frontier_m16/n06_m16/joint_psrl_uniform_seed1007.npz,8044,94eaa881dabed1fbbed20af4f14e0cc8e0e4942e350a9e85bca46c2d123ef091
experiment-data,analysis/hp_spgg_analytic_scaling/npz/s3_frontier_m16/n06_m16/joint_psrl_uniform_seed1008.npz,7960,ff40c94e9805571e67ac176a7dcb7f85a8ee4b64c1b0c9cc0c5e6ba949571379
experiment-data,analysis/hp_spgg_analytic_scaling/npz/s3_frontier_m16/n06_m16/joint_psrl_uniform_seed1009.npz,7714,e73c78ea0baadace4cf7aee9d487992ffbd80a736ccfa049949902197f0a1d53
experiment-data,analysis/hp_spgg_analytic_scaling/npz/s3_frontier_m16/n06_m16/oracle_seed1000.npz,4843,0b572d1fdef7083db0cdde275c001fef44f7099f170ee5ec910d268ec6a895a8
experiment-data,analysis/hp_spgg_analytic_scaling/npz/s3_frontier_m16/n06_m16/oracle_seed1001.npz,4844,850f91a1ac8add94b0a2777af9bb379389377ca4bd8e69d44254a13c61fb081c
experiment-data,analysis/hp_spgg_analytic_scaling/npz/s3_frontier_m16/n06_m16/oracle_seed1002.npz,4845,ffb13e2135cd86ece425cc4b62cd77ece06255bff3026e4a08de88890aa09e3f
experiment-data,analysis/hp_spgg_analytic_scaling/npz/s3_frontier_m16/n06_m16/oracle_seed1003.npz,4843,e6ab03893d1ef9c7699f751bcaa8319b965ecfff95bb352436c8dea1ac17126a
experiment-data,analysis/hp_spgg_analytic_scaling/npz/s3_frontier_m16/n06_m16/oracle_seed1004.npz,4840,148e2e70bce4dd7e4abc9a768ebe3fd50e541d04563e87bc7a7970dd24274103
experiment-data,analysis/hp_spgg_analytic_scaling/npz/s3_frontier_m16/n06_m16/oracle_seed1005.npz,4845,ae7638f20830cf4830c4c392d5008d8959c96c2c3c11745ccc19b0868aeba498
experiment-data,analysis/hp_spgg_analytic_scaling/npz/s3_frontier_m16/n06_m16/oracle_seed1006.npz,4845,6bcb1ce09fb2582b58d3040dec6cfeb1f551034af332e3f2cdff88db61682525
experiment-data,analysis/hp_spgg_analytic_scaling/npz/s3_frontier_m16/n06_m16/oracle_seed1007.npz,4843,6900ce513a64ce6f2e88faf8dca5785fec5d42d0731a983b6f3e03d7ebe6be8c
experiment-data,analysis/hp_spgg_analytic_scaling/npz/s3_frontier_m16/n06_m16/oracle_seed1008.npz,4845,1cc774a4dbfcb04c4d44031d8705d882d570e3b4f51f435ab2f018e63678cbd0
experiment-data,analysis/hp_spgg_analytic_scaling/npz/s3_frontier_m16/n06_m16/oracle_seed1009.npz,4840,7816ad0b68854db2daa8539ea1a33bf1a981cb05f68dabda998e567afafe74c3
experiment-data,analysis/hp_spgg_analytic_scaling/npz/s3_frontier_m16/n06_m16/pact_plus_seed1000.npz,6966,3cea0334771e6ee4e296fd4e857cfa3d038490adf9726f2bf098cc7aaa6d0fcb
experiment-data,analysis/hp_spgg_analytic_scaling/npz/s3_frontier_m16/n06_m16/pact_plus_seed1001.npz,7603,ad7ee9fa7df83c57dfc7e983069a4f869a83cd4efeb29cd2e09788fc46b71404
experiment-data,analysis/hp_spgg_analytic_scaling/npz/s3_frontier_m16/n06_m16/pact_plus_seed1002.npz,7603,238d118bc02dba5922746d987720b703d73ce7608036f4d56f3d3fc0720df23e
experiment-data,analysis/hp_spgg_analytic_scaling/npz/s3_frontier_m16/n06_m16/pact_plus_seed1003.npz,6915,7f194ade9298e3909c7cd7639f91a1b6278498c121a48fc541e44112b0482693
experiment-data,analysis/hp_spgg_analytic_scaling/npz/s3_frontier_m16/n06_m16/pact_plus_seed1004.npz,7363,c8d7800e472802f62f7a5683c52c1df2da0d120862e1ed03df998eda98d0f2b4
experiment-data,analysis/hp_spgg_analytic_scaling/npz/s3_frontier_m16/n06_m16/pact_plus_seed1005.npz,7673,1f75af9b99aa3ce546e1e42b0dda1a11824825ddc417fa56fdd7c1ffd8fdb54a
experiment-data,analysis/hp_spgg_analytic_scaling/npz/s3_frontier_m16/n06_m16/pact_plus_seed1006.npz,7247,d4b90d6b91027476ba859d276825940982b02c4d555fd3de88a27b5557a23269
experiment-data,analysis/hp_spgg_analytic_scaling/npz/s3_frontier_m16/n06_m16/pact_plus_seed1007.npz,7541,d8ba31ced9006f48eb75c6876b86bcbdfa17c2d976c0878b020db1cfb22a645a
experiment-data,analysis/hp_spgg_analytic_scaling/npz/s3_frontier_m16/n06_m16/pact_plus_seed1008.npz,7101,a4469017b561931445e822cf5888675c6d72c3ab3a48b8f534bc3ef16b5ce649
experiment-data,analysis/hp_spgg_analytic_scaling/npz/s3_frontier_m16/n06_m16/pact_plus_seed1009.npz,6983,912c931aadb395763e12b9fa66a865d512714dd2ba2bd033f35951be22fa7c5c
experiment-data,analysis/hp_spgg_analytic_scaling/npz/s3_frontier_m16/n06_m16/pact_seed1000.npz,8026,a27fff15e5fea61ab72e1a2f424840be78ee6aa5668d60e6eea135ee59dfdd2c
experiment-data,analysis/hp_spgg_analytic_scaling/npz/s3_frontier_m16/n06_m16/pact_seed1001.npz,8173,c84cefb84fa67d5bd656960dd94a7f9b0ebad451a2b4096dc8ddb033c94c466d
experiment-data,analysis/hp_spgg_analytic_scaling/npz/s3_frontier_m16/n06_m16/pact_seed1002.npz,8175,2d1a93ac5e48c6ef422e2901e5875b92b7447933f735f128509448c2d033ebcc
experiment-data,analysis/hp_spgg_analytic_scaling/npz/s3_frontier_m16/n06_m16/pact_seed1003.npz,7293,64bfd0cb6ebe68b20f6d3c053ebb544ab772d9adb07e0ba8e7a71e17c93113da
experiment-data,analysis/hp_spgg_analytic_scaling/npz/s3_frontier_m16/n06_m16/pact_seed1004.npz,7701,6fe60d10ffb6f2a0ac9947c569b923ad89ded6097dfa55d5219f8a486161d2c1
experiment-data,analysis/hp_spgg_analytic_scaling/npz/s3_frontier_m16/n06_m16/pact_seed1005.npz,8138,3414b1dfbedb0b7ef4465ca2db9ea0d9738bab5ef53f6070a595bca1840a89e7
experiment-data,analysis/hp_spgg_analytic_scaling/npz/s3_frontier_m16/n06_m16/pact_seed1006.npz,7504,c27f42f4914e31c36c72f39b14fb691f936155fad46e504b8b05b5455202e561
experiment-data,analysis/hp_spgg_analytic_scaling/npz/s3_frontier_m16/n06_m16/pact_seed1007.npz,7735,0ccf5690e58ca81d402b162d56d018788f8b63a55f41e5937797df02c8f6ae1f
experiment-data,analysis/hp_spgg_analytic_scaling/npz/s3_frontier_m16/n06_m16/pact_seed1008.npz,7689,2ef6f16fe3534021db1dd26e605215bb3148ab8281a2182bd43a9c2fed10d5e4
experiment-data,analysis/hp_spgg_analytic_scaling/npz/s3_frontier_m16/n06_m16/pact_seed1009.npz,7319,8965e165546f05935e6d17da6f08bbedf7fe54d2e5898df73e0556bf5853e822
experiment-data,analysis/hp_spgg_analytic_scaling/npz/s3_frontier_m16/n06_m16/psrl_notype_seed1000.npz,5849,00064fc0b96509374edcc395f63e5d868f230b7d1de1d6cb0d2c1a8034d784e9
experiment-data,analysis/hp_spgg_analytic_scaling/npz/s3_frontier_m16/n06_m16/psrl_notype_seed1001.npz,6100,05b671797cabbeab4d472df5cc1060e0f88fa0307e98eacc1988b143a1426fe7
experiment-data,analysis/hp_spgg_analytic_scaling/npz/s3_frontier_m16/n06_m16/psrl_notype_seed1002.npz,6157,7fa0b729e389b6e45dcb25db828b88746648fd7abb33e83ea7beb18fad299539
experiment-data,analysis/hp_spgg_analytic_scaling/npz/s3_frontier_m16/n06_m16/psrl_notype_seed1003.npz,5915,e708a2abb4cd9d41d3f7e2b2ca1323b549e2fe9e5bfda96eb6df76959d958b7f
experiment-data,analysis/hp_spgg_analytic_scaling/npz/s3_frontier_m16/n06_m16/psrl_notype_seed1004.npz,5974,a3bb2d949de1e7a12409023ab61645bea63c89379f609c5f06455495acfd039a
experiment-data,analysis/hp_spgg_analytic_scaling/npz/s3_frontier_m16/n06_m16/psrl_notype_seed1005.npz,6150,41f87ac0070bcd28fddeaae5056fcb74367211b9a6b93741b5a1dea8a93e87c0
experiment-data,analysis/hp_spgg_analytic_scaling/npz/s3_frontier_m16/n06_m16/psrl_notype_seed1006.npz,5918,50e41c501856474bccc18068f803ea86009aa8eec54e4e70c4491a86e478e590
experiment-data,analysis/hp_spgg_analytic_scaling/npz/s3_frontier_m16/n06_m16/psrl_notype_seed1007.npz,5879,cb1eedd2acb15e10701802027932c3db396cfcffc255f20d6bc8710ed936eb0b
experiment-data,analysis/hp_spgg_analytic_scaling/npz/s3_frontier_m16/n06_m16/psrl_notype_seed1008.npz,5848,f9e9e99c5208b68608e4799d4629c2621bc36b33a37edf95602e8de90109fc24
experiment-data,analysis/hp_spgg_analytic_scaling/npz/s3_frontier_m16/n06_m16/psrl_notype_seed1009.npz,6024,bcf87dc37238c03826c981d95d4b980c168a91a39bd45d07cf5fd9f54d88aaaa
experiment-data,analysis/hp_spgg_analytic_scaling/npz/s3_frontier_m16/n07_m16/joint_psrl_uniform_seed1000.npz,4898,81151e13cd25b9ec979f0d2ce2b5e697c6c6180048847ed89a4db9f8b833a450
experiment-data,analysis/hp_spgg_analytic_scaling/npz/s3_frontier_m16/n07_m16/joint_psrl_uniform_seed1001.npz,4898,2b88a9685ad8d1c4d9a4df9f685949e18bf535424620e0f770e04068e8978168
experiment-data,analysis/hp_spgg_analytic_scaling/npz/s3_frontier_m16/n07_m16/joint_psrl_uniform_seed1002.npz,4898,6bb1f5089014d0c7c9dbc55ebfcdf6dcef9f27e58c497b8724d00028641da5cf
experiment-data,analysis/hp_spgg_analytic_scaling/npz/s3_frontier_m16/n07_m16/joint_psrl_uniform_seed1003.npz,4898,b10aae109eb188b6d3c9eb559b63fdc54db5c14af7850f0dd00c938ae59c94d9
experiment-data,analysis/hp_spgg_analytic_scaling/npz/s3_frontier_m16/n07_m16/joint_psrl_uniform_seed1004.npz,4898,73f8b37767aeb89109d8afb01ae868f2d47304d92ec3d2bdceaf5cb32da0fe20
experiment-data,analysis/hp_spgg_analytic_scaling/npz/s3_frontier_m16/n07_m16/joint_psrl_uniform_seed1005.npz,4898,b537d7d829fe47459b8485b7729d5e0c49b19b522973c8927c9a147260b75e88
experiment-data,analysis/hp_spgg_analytic_scaling/npz/s3_frontier_m16/n07_m16/joint_psrl_uniform_seed1006.npz,4898,23926a915ca0ad88d0b3e985de26fc742e68389c1c7e0e3766b9ac464087f483
experiment-data,analysis/hp_spgg_analytic_scaling/npz/s3_frontier_m16/n07_m16/joint_psrl_uniform_seed1007.npz,4898,7184f557b418233b170cc2c1fe0a82c7ab819ed386de4370c40d669fbb54454e
experiment-data,analysis/hp_spgg_analytic_scaling/npz/s3_frontier_m16/n07_m16/joint_psrl_uniform_seed1008.npz,4898,198edea24c830c7656b75e63f18f47f71a84f1d8f19cbc7f287b8ed0cc644ce2
experiment-data,analysis/hp_spgg_analytic_scaling/npz/s3_frontier_m16/n07_m16/joint_psrl_uniform_seed1009.npz,4898,87615252e1fb226dafd5a9d895b07183d54221371abf1c3f809e200d2d0d0dad
experiment-data,analysis/hp_spgg_analytic_scaling/npz/s3_frontier_m16/n07_m16/oracle_seed1000.npz,4848,a748026af04efb6a575a666dc0d15a2798a126990f4041c9f8324f294cf9f337
experiment-data,analysis/hp_spgg_analytic_scaling/npz/s3_frontier_m16/n07_m16/oracle_seed1001.npz,4849,c5231b5ebdc59b4e4b5ee6ae3daa85f05f8616e74a7747bccc81c6331a496a23
experiment-data,analysis/hp_spgg_analytic_scaling/npz/s3_frontier_m16/n07_m16/oracle_seed1002.npz,4849,4baaa498a127b46308f8f5a28e85a4e9545f19da5cb9a6ff71e93f695d9e9ff5
experiment-data,analysis/hp_spgg_analytic_scaling/npz/s3_frontier_m16/n07_m16/oracle_seed1003.npz,4849,e0e485880e42a91eaf2afe5678d2301786f405ef63c5e719052411f85635f3fb
experiment-data,analysis/hp_spgg_analytic_scaling/npz/s3_frontier_m16/n07_m16/oracle_seed1004.npz,4846,a72b53ddf9b61e994911a4894e23898f450f28b632d1a497fcff05baac1aac76
experiment-data,analysis/hp_spgg_analytic_scaling/npz/s3_frontier_m16/n07_m16/oracle_seed1005.npz,4850,3fc0efce69a69c7f20f87faa9060cd8e4ba99e55f8ca936c280afbfb002cc97f
experiment-data,analysis/hp_spgg_analytic_scaling/npz/s3_frontier_m16/n07_m16/oracle_seed1006.npz,4851,a751c400b6be478e093f8f1edf402181e80d466a994df87ce0425e9aa7155287
experiment-data,analysis/hp_spgg_analytic_scaling/npz/s3_frontier_m16/n07_m16/oracle_seed1007.npz,4848,e8cd2a86ccdd8f054a1be67ec67b0a5aff7a141d8c447bf56e5a1292188bc19f
experiment-data,analysis/hp_spgg_analytic_scaling/npz/s3_frontier_m16/n07_m16/oracle_seed1008.npz,4851,56efb0cc239a9d1135b6baad45040c4d88b256d14ad87cf17867126eaaff6089
experiment-data,analysis/hp_spgg_analytic_scaling/npz/s3_frontier_m16/n07_m16/oracle_seed1009.npz,4846,32ac3668d788806d1bcb764b364f6d0b3c9cc4a213f1d17477d2586596624658
experiment-data,analysis/hp_spgg_analytic_scaling/npz/s3_frontier_m16/n07_m16/pact_plus_seed1000.npz,7089,8bc2f9b609fea292c9eeaf3359595de18f86a74fbf90117e39be2bcc8d576fd2
experiment-data,analysis/hp_spgg_analytic_scaling/npz/s3_frontier_m16/n07_m16/pact_plus_seed1001.npz,7924,c094950327ab622180609a2b439fb6b0cbcfc0a72d5c634468e5fc946904b6bb
experiment-data,analysis/hp_spgg_analytic_scaling/npz/s3_frontier_m16/n07_m16/pact_plus_seed1002.npz,7752,aaf30709da4f42ae651b552b8141251ceb4efc7b323aa1417b7d9b86bbb30058
experiment-data,analysis/hp_spgg_analytic_scaling/npz/s3_frontier_m16/n07_m16/pact_plus_seed1003.npz,7370,082f3209a0da8774dd685306ed177cc11d7b3e4051745552e869a90531a6a926
experiment-data,analysis/hp_spgg_analytic_scaling/npz/s3_frontier_m16/n07_m16/pact_plus_seed1004.npz,7523,4fc30913cbe472435f151f6402141edd7e8489687345bdd030f8b56936e3b09b
experiment-data,analysis/hp_spgg_analytic_scaling/npz/s3_frontier_m16/n07_m16/pact_plus_seed1005.npz,7765,cc73d87356013eacc9b041c3ae76c3dc05c20d3d6743708a4aaebad2590715d8
experiment-data,analysis/hp_spgg_analytic_scaling/npz/s3_frontier_m16/n07_m16/pact_plus_seed1006.npz,7430,c2b5b8ab512e2c410637877782637258dda9f0a8dcaece4de340e78aed696614
experiment-data,analysis/hp_spgg_analytic_scaling/npz/s3_frontier_m16/n07_m16/pact_plus_seed1007.npz,7476,bba274501fd77083a1448dfd2d8e59aefe27b9b11f5ee751ba138a119670d797
experiment-data,analysis/hp_spgg_analytic_scaling/npz/s3_frontier_m16/n07_m16/pact_plus_seed1008.npz,7535,9f7fd5e2f1a5d3fc3510b58ba0747b9d44c805d9eb4d02efecc78a3a99ad5532
experiment-data,analysis/hp_spgg_analytic_scaling/npz/s3_frontier_m16/n07_m16/pact_plus_seed1009.npz,7186,a863a6165ba384a791fce5e7deaf5f9056b9f35274e229bbb2b812e3252eb9af
experiment-data,analysis/hp_spgg_analytic_scaling/npz/s3_frontier_m16/n07_m16/pact_seed1000.npz,8080,ab93859d0875ca47b8059ec8b9259634a90c45410b23d2dbc67e58dd6cc6c9c2
experiment-data,analysis/hp_spgg_analytic_scaling/npz/s3_frontier_m16/n07_m16/pact_seed1001.npz,8612,faa151b6be90b2e54b186e1cd1770711445f8744b7ea3e2ee5989d5ae32471bc
experiment-data,analysis/hp_spgg_analytic_scaling/npz/s3_frontier_m16/n07_m16/pact_seed1002.npz,8646,863d13e1d8925ccda9a2fb1a0b545d22f73c996c6cd2000484c97ede7fca4f11
experiment-data,analysis/hp_spgg_analytic_scaling/npz/s3_frontier_m16/n07_m16/pact_seed1003.npz,7953,a3cd63b8dd1613d7ad55348390f966762a971d957680a85a021df10c1f58d33b
experiment-data,analysis/hp_spgg_analytic_scaling/npz/s3_frontier_m16/n07_m16/pact_seed1004.npz,7903,b2792333575e66b24204e3bdf0d153157feb1d7ad2edfcb631e07bd380cfa541
experiment-data,analysis/hp_spgg_analytic_scaling/npz/s3_frontier_m16/n07_m16/pact_seed1005.npz,8411,484ed964b8765474c0b144c577485ee31911e9b5598e4ef6bb4e37f967c30ec3
experiment-data,analysis/hp_spgg_analytic_scaling/npz/s3_frontier_m16/n07_m16/pact_seed1006.npz,8033,fdd565079af31dd68b0a42b8f3e8a46452f6a4cfda7fbc6acc2532ac634d0e89
experiment-data,analysis/hp_spgg_analytic_scaling/npz/s3_frontier_m16/n07_m16/pact_seed1007.npz,8381,361d7652791f0d244bf3e9446001ed5102e7a13c524e2d72db0e46b2c7d60bb8
experiment-data,analysis/hp_spgg_analytic_scaling/npz/s3_frontier_m16/n07_m16/pact_seed1008.npz,7907,4df8896923bb94236afe542f76a82652e47792fa14d6c0d5225baa1a2cf65a00
experiment-data,analysis/hp_spgg_analytic_scaling/npz/s3_frontier_m16/n07_m16/pact_seed1009.npz,7862,107f879c0f129e3423bf1fb4eeca7efe9de8936b00954b1cd7b300bffb328463
experiment-data,analysis/hp_spgg_analytic_scaling/npz/s3_frontier_m16/n07_m16/psrl_notype_seed1000.npz,5936,c09e394499e99086d9935a72befc4f49a7baae40284d13cc20750c4c0f946290
experiment-data,analysis/hp_spgg_analytic_scaling/npz/s3_frontier_m16/n07_m16/psrl_notype_seed1001.npz,6125,17b05952d1f46f8862db36dfb01ca3dddb89ae5ae10c4dd13418f5b331dd1d99
experiment-data,analysis/hp_spgg_analytic_scaling/npz/s3_frontier_m16/n07_m16/psrl_notype_seed1002.npz,6221,04bbd6f80a9a6a2d1c8bbe765ac8bb1389c784bf807147a94af42eadb35bea26
experiment-data,analysis/hp_spgg_analytic_scaling/npz/s3_frontier_m16/n07_m16/psrl_notype_seed1003.npz,5917,ba95e0045ce48bf28acdea8668b92be26eb294f383c8e661cd4355c019fc7d10
experiment-data,analysis/hp_spgg_analytic_scaling/npz/s3_frontier_m16/n07_m16/psrl_notype_seed1004.npz,6049,59791903ea2894e542ee3fe891b46bf74861f5bb3abf0d3ed0d016df56c4b510
experiment-data,analysis/hp_spgg_analytic_scaling/npz/s3_frontier_m16/n07_m16/psrl_notype_seed1005.npz,6209,2b5c26c59ef9a7cce48fa4f4f1a0dad3635f6becf9de6702b61323c06535ab98
experiment-data,analysis/hp_spgg_analytic_scaling/npz/s3_frontier_m16/n07_m16/psrl_notype_seed1006.npz,6145,7759f5f2caafc06c69efcbdc81eaa5a4b8138b1071b5fad1da95af7eb38f7814
experiment-data,analysis/hp_spgg_analytic_scaling/npz/s3_frontier_m16/n07_m16/psrl_notype_seed1007.npz,5875,5f3fe068c5bc43ac51a9cb5912ae4ed04e5562df2f40698108177ddeac585da1
experiment-data,analysis/hp_spgg_analytic_scaling/npz/s3_frontier_m16/n07_m16/psrl_notype_seed1008.npz,5899,4915478cfa8d3c2d8ef785682e33fa52b9af7014a8d9ce284e62ca0db73093c6
experiment-data,analysis/hp_spgg_analytic_scaling/npz/s3_frontier_m16/n07_m16/psrl_notype_seed1009.npz,6074,8fe29f316347a108c36d8b1870b6fce7c1e23a00f0f58eec5c502da51a04090e
experiment-data,analysis/hp_spgg_analytic_scaling/npz/s3_frontier_m16/n08_m16/joint_psrl_uniform_seed1000.npz,4906,4a2847f6dcf9ea112ac668443a64a024564fd9f6090b8c0c55f40e6a6d56655d
experiment-data,analysis/hp_spgg_analytic_scaling/npz/s3_frontier_m16/n08_m16/joint_psrl_uniform_seed1001.npz,4906,f9428a72b318b2db5b93c86d9a330ac8916bb3f125d3fae661f56a7e0031b1c2
experiment-data,analysis/hp_spgg_analytic_scaling/npz/s3_frontier_m16/n08_m16/joint_psrl_uniform_seed1002.npz,4906,2fac7d5377a700d291d392d8e9688c96ee31b961d1c4540708311090c1df4e31
experiment-data,analysis/hp_spgg_analytic_scaling/npz/s3_frontier_m16/n08_m16/joint_psrl_uniform_seed1003.npz,4906,acd841849f88e354c63e4a20d52250134751253eadca04c9206e6fc18ecf4a73
experiment-data,analysis/hp_spgg_analytic_scaling/npz/s3_frontier_m16/n08_m16/joint_psrl_uniform_seed1004.npz,4906,52c7c0cfabc016e3bc9c7728581d9acb9b58248a9c6e61fdce31ba541f0a9635
experiment-data,analysis/hp_spgg_analytic_scaling/npz/s3_frontier_m16/n08_m16/joint_psrl_uniform_seed1005.npz,4906,e702550a9a7621970ec545956b13504fa3605a03a802d1586c1a008a13b800db
experiment-data,analysis/hp_spgg_analytic_scaling/npz/s3_frontier_m16/n08_m16/joint_psrl_uniform_seed1006.npz,4906,8de2760b37723fb35e97c02dca796d87efcb3ede4e4ab4a03ac3a2299748169b
experiment-data,analysis/hp_spgg_analytic_scaling/npz/s3_frontier_m16/n08_m16/joint_psrl_uniform_seed1007.npz,4906,08bbb61d9f36158a5195d046a964702e09661fc447c1743f939e39f594172227
experiment-data,analysis/hp_spgg_analytic_scaling/npz/s3_frontier_m16/n08_m16/joint_psrl_uniform_seed1008.npz,4906,4de0a43b068b5f6bd607830f3ac6b896eac6390df6745d9253a31623845d2eba
experiment-data,analysis/hp_spgg_analytic_scaling/npz/s3_frontier_m16/n08_m16/joint_psrl_uniform_seed1009.npz,4906,f680547b3de0eae71445998eb235c29dbb3e88875e5236d65fea4ee93ddbb823
experiment-data,analysis/hp_spgg_analytic_scaling/npz/s3_frontier_m16/n08_m16/oracle_seed1000.npz,4852,697160097182bbbdc6537c5e0bfab257d0d7747ba7d19f2d17073dfc9fe30961
experiment-data,analysis/hp_spgg_analytic_scaling/npz/s3_frontier_m16/n08_m16/oracle_seed1001.npz,4853,6afe3557f377d5ba9a391c3374e99501e9a47db0aa04b1fece195bcab82a689b
experiment-data,analysis/hp_spgg_analytic_scaling/npz/s3_frontier_m16/n08_m16/oracle_seed1002.npz,4853,c29119c823bf676dc836aa220549337ff0cac517fdcdaf4a86b44082d3771f97
experiment-data,analysis/hp_spgg_analytic_scaling/npz/s3_frontier_m16/n08_m16/oracle_seed1003.npz,4855,833c41186926f905e2129c08f0a4db6cf3086c7aaa6e3c26b840c0b9c156cbe6
experiment-data,analysis/hp_spgg_analytic_scaling/npz/s3_frontier_m16/n08_m16/oracle_seed1004.npz,4852,38524b558f2381587a38c99dfe5d03a7f7577ac98425e9669c8e1f1295db7492
experiment-data,analysis/hp_spgg_analytic_scaling/npz/s3_frontier_m16/n08_m16/oracle_seed1005.npz,4856,cf2f394c48bab18c444c08b28c3829b46080e7b45ef63cf480ae1362507f0de2
experiment-data,analysis/hp_spgg_analytic_scaling/npz/s3_frontier_m16/n08_m16/oracle_seed1006.npz,4854,d5d6ac9d9408e687157c749c44e7778c71e59cb82e5c23bc2244f98607c65bb3
experiment-data,analysis/hp_spgg_analytic_scaling/npz/s3_frontier_m16/n08_m16/oracle_seed1007.npz,4854,92418ab1070181a8182784e4782afe76a5468d086be511689ff18cb49f39b0c5
experiment-data,analysis/hp_spgg_analytic_scaling/npz/s3_frontier_m16/n08_m16/oracle_seed1008.npz,4856,4666d5cb953cf127d3d8211c281546efce76c579c955df0de5ddfc4e7836ac5e
experiment-data,analysis/hp_spgg_analytic_scaling/npz/s3_frontier_m16/n08_m16/oracle_seed1009.npz,4849,dddbe4730a5df093f6048161ac74d5f7590b04bfe4cb6329392b41b5b911e012
experiment-data,analysis/hp_spgg_analytic_scaling/npz/s3_frontier_m16/n08_m16/pact_plus_seed1000.npz,7103,cb8a1d1c3634fc722c45bd44c78e1e3951e11633ce9a571a0ace29669722bd87
experiment-data,analysis/hp_spgg_analytic_scaling/npz/s3_frontier_m16/n08_m16/pact_plus_seed1001.npz,8238,b3be1526f6282aed21a4d9b1dd64e3ef997cb103cb13eac4ce02c1354c848cbb
experiment-data,analysis/hp_spgg_analytic_scaling/npz/s3_frontier_m16/n08_m16/pact_plus_seed1002.npz,7418,4cae158e921606e3e25f6418ed3798bdac670448e858c01aa7a7c69ae198bac7
experiment-data,analysis/hp_spgg_analytic_scaling/npz/s3_frontier_m16/n08_m16/pact_plus_seed1003.npz,7604,22e0c1068cfe16f93d6627d772763640e3dad1beb3e56e03789741fe4e828642
experiment-data,analysis/hp_spgg_analytic_scaling/npz/s3_frontier_m16/n08_m16/pact_plus_seed1004.npz,7819,e1824c6218a927d07c9839b1e1c0bb92e93367b91da9889ebfafa5edd9d6cc08
experiment-data,analysis/hp_spgg_analytic_scaling/npz/s3_frontier_m16/n08_m16/pact_plus_seed1005.npz,8106,69de96e9b91cd4cd3a70515e00889e9caf647b88af8348e83debefff57bc71e9
experiment-data,analysis/hp_spgg_analytic_scaling/npz/s3_frontier_m16/n08_m16/pact_plus_seed1006.npz,7448,019a4bdb2eccc4b61b01d584d81a7b3178cc4de2dd58858c8a825a585984a62c
experiment-data,analysis/hp_spgg_analytic_scaling/npz/s3_frontier_m16/n08_m16/pact_plus_seed1007.npz,7790,34856d587293828070e7ce19cc4ce950c1f0d73207c111ee3d02ac920dc9ae71
experiment-data,analysis/hp_spgg_analytic_scaling/npz/s3_frontier_m16/n08_m16/pact_plus_seed1008.npz,8143,b30f99bb39e5a725a9554007edbc9cf1c6860973007fa18b0ed18c033a421751
experiment-data,analysis/hp_spgg_analytic_scaling/npz/s3_frontier_m16/n08_m16/pact_plus_seed1009.npz,7093,6a8b6254cd7204ac25570d9ac0d7628e8fa55f91a9f0bc1cc23bdb6910dbf8f6
experiment-data,analysis/hp_spgg_analytic_scaling/npz/s3_frontier_m16/n08_m16/pact_seed1000.npz,7770,58848524bc23c66151561441ce161c259a565f069888bc91aa260c28098d705b
experiment-data,analysis/hp_spgg_analytic_scaling/npz/s3_frontier_m16/n08_m16/pact_seed1001.npz,9006,afc3afa0cf2e15117ffdbdabcb0c36b567705de8bb748ed80b78cfb1c0b6831b
experiment-data,analysis/hp_spgg_analytic_scaling/npz/s3_frontier_m16/n08_m16/pact_seed1002.npz,8685,e9e3574353c1f2322177669c51637ebff656313be6bbda2807b92d0f3a9af182
experiment-data,analysis/hp_spgg_analytic_scaling/npz/s3_frontier_m16/n08_m16/pact_seed1003.npz,8171,25a4e66163b6462dbaeb0fc017836f3af7f7424f756457008c50826b58fe344e
experiment-data,analysis/hp_spgg_analytic_scaling/npz/s3_frontier_m16/n08_m16/pact_seed1004.npz,8515,620791db0b0790e02ee9051186cc2e7782902761395256d6e4ed6de124683b8d
experiment-data,analysis/hp_spgg_analytic_scaling/npz/s3_frontier_m16/n08_m16/pact_seed1005.npz,9039,632ad8a580e4fe47d16431dbdef75756d742f85bbac5fc46fcbce7300da9ab81
experiment-data,analysis/hp_spgg_analytic_scaling/npz/s3_frontier_m16/n08_m16/pact_seed1006.npz,7429,d676c4c861058b2a06ae4c7d3a616ed95d54fe75fbb42fdaa405d45fe8fefb24
experiment-data,analysis/hp_spgg_analytic_scaling/npz/s3_frontier_m16/n08_m16/pact_seed1007.npz,8301,88a0ace076b1a57a042b4ad137d72e83df975a9749d8a350fc920ddbecaa4cbc
experiment-data,analysis/hp_spgg_analytic_scaling/npz/s3_frontier_m16/n08_m16/pact_seed1008.npz,8477,1320e550a286be763efb97fa51984ee1568c57c1ec19f803d6b59ceb733418aa
experiment-data,analysis/hp_spgg_analytic_scaling/npz/s3_frontier_m16/n08_m16/pact_seed1009.npz,7719,b9940117fec4aa138eaca7296f21ba26be31e7c87e3c465a314581de5d067402
experiment-data,analysis/hp_spgg_analytic_scaling/npz/s3_frontier_m16/n08_m16/psrl_notype_seed1000.npz,5985,2c3264408bcf25a529cd71c580e5fb54248d3935758a607d9d4396bb2faf598d
experiment-data,analysis/hp_spgg_analytic_scaling/npz/s3_frontier_m16/n08_m16/psrl_notype_seed1001.npz,6194,47e825589bf5277131ba908f2495d944f100a4a0c67fe09f9b989bd4b22c588a
experiment-data,analysis/hp_spgg_analytic_scaling/npz/s3_frontier_m16/n08_m16/psrl_notype_seed1002.npz,6009,4203f2891dbfa0cf785687d4eadb44b60f36bc489281a67491e51b2d544c62d7
experiment-data,analysis/hp_spgg_analytic_scaling/npz/s3_frontier_m16/n08_m16/psrl_notype_seed1003.npz,6003,1b6ec778b8ccdd0a654d47191f349ffa38f09b6ee7cd400445c37cbab1ddcdd6
experiment-data,analysis/hp_spgg_analytic_scaling/npz/s3_frontier_m16/n08_m16/psrl_notype_seed1004.npz,6074,ba2a44c4c78fdc8a062ea533161a6b4d47374aa20f50fefbf44d3535ca7bb1f1
experiment-data,analysis/hp_spgg_analytic_scaling/npz/s3_frontier_m16/n08_m16/psrl_notype_seed1005.npz,6220,29a58c877e47153378885ecbba6bbe72721643689dbf2fe2a5f56c6979f8a392
experiment-data,analysis/hp_spgg_analytic_scaling/npz/s3_frontier_m16/n08_m16/psrl_notype_seed1006.npz,6056,cf9480b42f8690275b751597a278e3bb199f59f2aa96269c6f882d61658d423e
experiment-data,analysis/hp_spgg_analytic_scaling/npz/s3_frontier_m16/n08_m16/psrl_notype_seed1007.npz,5943,a6a6b5fbf8aee1d87e497ebd8bea40c0f38a398aa2cd047a031ef6d52621d4f6
experiment-data,analysis/hp_spgg_analytic_scaling/npz/s3_frontier_m16/n08_m16/psrl_notype_seed1008.npz,6219,dbd855cb242c274a014d05a00c897bd8a4ac452e98337b2f1ca23f2bce24aef9
experiment-data,analysis/hp_spgg_analytic_scaling/npz/s3_frontier_m16/n08_m16/psrl_notype_seed1009.npz,6115,d930c63df8dfc581d7859067f89d319d62b47f69d4ffff4e21e597cf99b31606
experiment-data,analysis/hp_spgg_analytic_scaling/scaling_burn_in_fit.json,3283,16cc54c2ed18d30f95df505f28612f613b34bab5f251a8c6c7b87b7e860a21a3
experiment-data,analysis/hp_spgg_analytic_scaling/scaling_parity.csv,1234,57942c7ad3ecd52ca597103f0db8e12e6881d7aec73d10633e47f6e145e09144
experiment-data,analysis/hp_spgg_analytic_scaling/scaling_run_report.md,7020,a3e565f6752008b6b54584f9364156b222e3f742022f350f8ae8b2fa9d870c85
experiment-data,analysis/hp_spgg_analytic_scaling/scaling_summary.csv,18080,1e4871d0a90f07965ac013a716279b7f0308552532e84c283c8dcbbc047d99a7
experiment-data,analysis/hp_spgg_analytic_scaling/type_libraries.csv,5043,47b08cfc132abd9227c15b2a2626b5d097ce8cc1ff3e63a99bc281d7a0f06b8a
experiment-data,analysis/hp_spgg_burn_in_v2_pilot/burn_in_v2_contraction.csv,7751,500ccfb7c9f8a69c9c2040bfe99314089cc9aa9473e1f2824f671bcc1cdc958f
experiment-data,analysis/hp_spgg_burn_in_v2_pilot/burn_in_v2_design_and_results.md,6833,548e927909cbbaa07b8d2a54b091ffbcbc8f08c4c0264358e7c860afa5107830
experiment-data,analysis/hp_spgg_burn_in_v2_pilot/burn_in_v2_fits.json,3304,16227f91a909426c74dcd6e86e77e1ee1521c9ecd58e3773f5b65ebbc8f9d74e
experiment-data,analysis/hp_spgg_burn_in_v2_pilot/burn_in_v2_raw.csv,724738,ad4d857379d0a6ffda0e7013bbedf02dc4502c0571d336426e16761522f6b0d3
experiment-data,analysis/hp_spgg_burn_in_v2_pilot/burn_in_v2_summary.csv,1335,ca44d6983f2974215ebba6286b3b5ba2ebba7cb57c539e4221d7d660cededa02
experiment-data,analysis/hp_spgg_burn_in_v2_pilot/fig_hp_spgg_burn_in_v2_pilot.pdf,28770,28e0b51600b5126d49f81828f1f78cebbbfc3b3422d34106667fe820ac8adf4e
experiment-data,analysis/hp_spgg_burn_in_v2_pilot/fig_hp_spgg_burn_in_v2_pilot.png,120467,2c6e8585e052715e2888f97e2fe2ca36e3397efe29dbe4a7cc03a4fe6c7380cd
experiment-data,analysis/hp_spgg_burn_in_v3_confirmatory/PREREGISTRATION.md,3530,4acdb89a5dd39b8a13ef73f160a56ca17f4faee2dda862a02b0969e43ddf11fd
experiment-data,analysis/hp_spgg_burn_in_v3_confirmatory/PREREGISTRATION.sha256,174,a0ba68ad14cb4d22f08680455ab16087c02866a62072da48e97ad73b62291c30
experiment-data,analysis/hp_spgg_burn_in_v3_confirmatory/adaptive_cell_summary.csv,1156,ff56adb6327335b847d59cd95f4ec90206d78c1624c85595a056173ff27b5177
experiment-data,analysis/hp_spgg_burn_in_v3_confirmatory/adaptive_seed_results.csv,122435,e5b6b518d3f78485be450971b28c3ac909941673d31b499aabb558732b645a3b
experiment-data,analysis/hp_spgg_burn_in_v3_confirmatory/affinity_batches.csv,106966,fa95a0203ab3b3eda2f8579afa0fa996b613f13c64696e2dcb6e4885b1e3d750
experiment-data,analysis/hp_spgg_burn_in_v3_confirmatory/affinity_summary.csv,2443,d640993068dbc0c425d0fa4e9529ae5b3ca17cc122aeb29214c4913e2ccc8d6d
experiment-data,analysis/hp_spgg_burn_in_v3_confirmatory/claim_b_all_data.md,20764170,ac0191aac85641815d0ea0f69fb8c236c66a26eaa4f14ce046275e0d3b9289fe
experiment-data,analysis/hp_spgg_burn_in_v3_confirmatory/claim_b_v3_confirmatory_results.md,14643,320159aebc62c9a5a4574ac6bedac9ed5f2ccdd58aed548ac8340173e2e62822
experiment-data,analysis/hp_spgg_burn_in_v3_confirmatory/confirmatory_results.json,4761,9a2ab0078073f373fa052ea3c2b83624384f449bc1b5d1ecd97da3f579ae0d7f
experiment-data,analysis/hp_spgg_burn_in_v3_confirmatory/fig_hp_spgg_burn_in_v3_confirmatory.pdf,49364,3c5e99a99226a8643cec6bb784eb6c13a94b4eb5c075a291f0bc91fc6cc73446
experiment-data,analysis/hp_spgg_burn_in_v3_confirmatory/fig_hp_spgg_burn_in_v3_confirmatory.png,235452,ac2b570d9346ab8f94aead4d749f73f851b6605815f3f98a970ed5a89b745888
experiment-data,analysis/hp_spgg_burn_in_v3_confirmatory/fixed_channel_agent_results.csv,15789895,02879ec219b04954c89d8ff747d5ec16676eb1d1411e552ce38e578f7d471811
experiment-data,analysis/hp_spgg_burn_in_v3_confirmatory/fixed_channel_cell_summary.csv,6201,f2971071e5a9a1856fd5b0d0199e4ca38c6ff55aac4aae32099aa8657ec20515
experiment-data,analysis/hp_spgg_burn_in_v3_confirmatory/posterior_error_proxy_checkpoints.csv,11075,76c192245bb01714f96dbb73071f9038a8e6b19bdbf583639aa7a733235576b2
experiment-data,analysis/hp_spgg_burn_in_v3_confirmatory/preregistration.json,5580,1cbaf2a8eaf215f241e9274e4296c7be9137bdff8ad8f84eefb053e81f84fb44
experiment-data,analysis/hp_spgg_deployment_robustness.csv,3204,2448cd2f9b2cf8863e440dc34457f96a9d2788de4568cf402f58ea0d8c727c0c
experiment-data,analysis/hp_spgg_deployment_robustness.json,1618352,b5b549a6e7349e05b76741570a3ca576aefb12b3454d3fbba698a22bd1888cf7
experiment-data,analysis/hp_spgg_deployment_robustness.md,2458,65dd700e8f37c98c80ec1264421bb9e2cdba52ebafe57646c867322bb551419d
experiment-data,analysis/join_trip_sidebyside.md,22684,c3497cdacb07f82c47defeb4feb52652472449db2639726ae5459bc9a976abdf
experiment-data,analysis/likelihood_audit_runtime_core.json,6839,d29f2765f75d161d6231b4ab7fc41ff85d8427b16163d937a1e406ad15a9078e
experiment-data,analysis/likelihood_audit_runtime_counts.json,376,3303eefa6da7b8f3f20e688242c6b7b0188104002151ac84d33b214d7fe410a8
experiment-data,analysis/likelihood_audit_runtime_sotopia.json,3178,6d91518c507f49d13333a6df7b5625e65eb9053019d1b9c679eeb2f9c1a41688
experiment-data,analysis/llm_baseline_summary.md,3922,2d2b45ed10b768fbf547b68c6d0546f487bbdef641e55f574fca7967489e2e55
experiment-data,analysis/llm_psrl_verbal/concordia_full_haggling_fruitville_deepseek_llmpsrl.json,229075,dfd0b2f78337bbd29820d4249b7eee374dc2c509ce995e19fd46b1c79c5a295d
experiment-data,analysis/llm_psrl_verbal/concordia_full_haggling_fruitville_gpt5_nano_llmpsrl.json,225124,dbe369552ff9bad1fcef53f186e5533f3b6fb23963e3958802fcf9b6ba873c96
experiment-data,analysis/llm_psrl_verbal/concordia_full_haggling_fruitville_kimi_k2_llmpsrl.json,232631,54737b5de05add1abca71e8c3877094a9140611691b23b968ce88888d04e61ac
experiment-data,analysis/llm_psrl_verbal/concordia_full_haggling_fruitville_llama_maverick_llmpsrl.json,251139,08bc70c1b4df27f23986f901891deae370cea2f7d6eae2797d574fd2a16ccce6
experiment-data,analysis/llm_psrl_verbal/concordia_full_haggling_multi_item_fruitville_gullible_deepseek_llmpsrl.json,147259,ee8112c5d5d0b0d7fda359051316dab6a26675935c4272e583acefcfb2332260
experiment-data,analysis/llm_psrl_verbal/concordia_full_haggling_multi_item_fruitville_gullible_gpt5_nano_llmpsrl.json,144952,5d68e7062e18095bf9f32808a5f582ee8a3e11cd07917543147794700a230db7
experiment-data,analysis/llm_psrl_verbal/concordia_full_haggling_multi_item_fruitville_gullible_kimi_k2_llmpsrl.json,150400,9df7fe140a0490e52ed022cbd3367937238d757cc6744c99ef603b45bab311f2
experiment-data,analysis/llm_psrl_verbal/concordia_full_haggling_multi_item_fruitville_gullible_llama_maverick_llmpsrl.json,146542,e576fc5659a66c83593ab4c5c269bc4920e3f1e7b7cbe062f41db0c8a23ddeeb
experiment-data,analysis/llm_psrl_verbal/concordia_full_haggling_vegbrooke_deepseek_llmpsrl.json,438135,23358175f40f5894ab0245b5c66b771b5bb0dea3b4aff5d0e51d435ecf4fa4c2
experiment-data,analysis/llm_psrl_verbal/concordia_full_haggling_vegbrooke_gpt5_nano_llmpsrl.json,425668,b7c247afd55e846155086d19e6eb456b9e5cf907c71500b0ca1249149f7c16e4
experiment-data,analysis/llm_psrl_verbal/concordia_full_haggling_vegbrooke_kimi_k2_llmpsrl.json,446883,3fa26af0739fc891132204bba1d74457204cfcacc17f33ceae8a9a2a723e3b2c
experiment-data,analysis/llm_psrl_verbal/concordia_full_haggling_vegbrooke_llama_maverick_llmpsrl.json,463321,6717287ed222be47ebef24db03cd8479c97e6df125a322e016b2fdf104fd5c7a
experiment-data,analysis/llm_psrl_verbal/concordia_full_haggling_vegbrooke_stubborn_deepseek_llmpsrl.json,194526,90cced5af72a3c6b7b1c10f70252054fd7901b42004d77f1fee57fd7a3249f49
experiment-data,analysis/llm_psrl_verbal/concordia_full_haggling_vegbrooke_stubborn_gpt5_nano_llmpsrl.json,187744,4d98266fc37316dd9358df5b02f7aa9b9810222887e3e22cb5eb73702288b454
experiment-data,analysis/llm_psrl_verbal/concordia_full_haggling_vegbrooke_stubborn_kimi_k2_llmpsrl.json,199342,987ad973857b6c46ed65019432cf90390b37a07d5a0b11a23bd2bf31e05ce6e8
experiment-data,analysis/llm_psrl_verbal/concordia_full_haggling_vegbrooke_stubborn_llama_maverick_llmpsrl.json,213132,629f685bb1bf959db86aef8ca88fe1f82a6cee3808418be196a607ce36c1a741
experiment-data,analysis/llm_psrl_verbal/concordia_full_pub_capetown_s100_deepseek_llmpsrl.json,279355,94eb7f3e7097f877952dc1c9d8f055c3fd3d1f28a6e4d1ad812a7a39aa55e4fe
experiment-data,analysis/llm_psrl_verbal/concordia_full_pub_capetown_s100_gpt5_nano_llmpsrl.json,275259,bcaa50004af06400591c8ce3b763d80652101b9eb9e94d0428e30a88806b7691
experiment-data,analysis/llm_psrl_verbal/concordia_full_pub_capetown_s100_kimi_k2_llmpsrl.json,275168,942171c9fb0ab1a4079d4b76b68af186a76320aa42fbf82989b9d265d93a831f
experiment-data,analysis/llm_psrl_verbal/concordia_full_pub_capetown_s100_llama_maverick_llmpsrl.json,276361,15fdebb5460c8e54c2413fa5ad815d7ee0c40adbde69a5e744059f3d360ad769
experiment-data,analysis/llm_psrl_verbal/concordia_full_pub_edinburgh_closures_s30_deepseek_llmpsrl.json,77981,0839123de77e52a46d6db441702dfc40ab34b4245c9c0e7596dd1571084967a0
experiment-data,analysis/llm_psrl_verbal/concordia_full_pub_edinburgh_closures_s30_gpt5_nano_llmpsrl.json,76338,bccc62aff2bbffdd9c6f3330f25b413a11aea30d5c05f4e64d9bc28540f96df4
experiment-data,analysis/llm_psrl_verbal/concordia_full_pub_edinburgh_closures_s30_kimi_k2_llmpsrl.json,76726,a19f1c316847152fa18aa195d551175a44d573bd26f76a53180a0dc087816ec0
experiment-data,analysis/llm_psrl_verbal/concordia_full_pub_edinburgh_closures_s30_llama_maverick_llmpsrl.json,77103,9226edd11e0f06dadf1ba05cfbaaea6d678abaeb0d0cbb3a1c7c0cd9236ed1ae
experiment-data,analysis/llm_psrl_verbal/concordia_full_pub_london_mini_s30_deepseek_llmpsrl.json,58351,54cfa38aa57eaba92c9af659863941cb0e1d5419769827407e29894ca16752f7
experiment-data,analysis/llm_psrl_verbal/concordia_full_pub_london_mini_s30_gpt5_nano_llmpsrl.json,57198,eb31d8a8e75b8b38d648304840b020dbc4c504006fe630650494aac1edd0eb86
experiment-data,analysis/llm_psrl_verbal/concordia_full_pub_london_mini_s30_kimi_k2_llmpsrl.json,57602,13ecf29c872c9ce47d8cba315f5025c1b6489f93d177d1985542aa43376897a4
experiment-data,analysis/llm_psrl_verbal/concordia_full_pub_london_mini_s30_llama_maverick_llmpsrl.json,57511,be7e32f82456d7d5e145a942ae8625b6f9a337e51266b293a79e4d6cd161b5d0
experiment-data,analysis/llm_psrl_verbal/concordia_full_pub_london_s30_deepseek_llmpsrl.json,70155,e2064b35af0220875db47d15b20bfa2eb48516f17c5ea6c9af453a7a20c0fb8f
experiment-data,analysis/llm_psrl_verbal/concordia_full_pub_london_s30_gpt5_nano_llmpsrl.json,68799,c43f2cb06c880f35884abc7cdacd33931df6202b370d50a7c472f98499bb9728
experiment-data,analysis/llm_psrl_verbal/concordia_full_pub_london_s30_kimi_k2_llmpsrl.json,69171,6d1254e6b12a7d07933b8cfe6424f2177f298c3df29c963789a1afa9e97e6542
experiment-data,analysis/llm_psrl_verbal/concordia_full_pub_london_s30_llama_maverick_llmpsrl.json,69164,5dddccdde7a7bebf33bafe151595de8980abdcf7d778e01e5bd92d21787cd1c4
experiment-data,analysis/maassim_rq2_rq3_all_data.md,244305,f0f452098d7fe5f7de906f9334c6d3e2a6b93948201806687de51c3a39d37383
experiment-data,analysis/model_performance_available_20260517.md,6538,d6f66117d974dcb22a33a538856143ce4589b15bb3de8290b636aee2bf6635d8
experiment-data,analysis/model_sweep_coverage_audit.md,3740,eb4595316d8538844c7efa9fd236d8a9c8cd7ded6157c5e916ff4a4f4a7fa29c
experiment-data,analysis/overall_results_summary.md,17044,16f62e6393a826a200a09694e5dcb88ebbde9b90b1ec6ad0b6d7926eec767fb5
experiment-data,analysis/phase2_concordia_sotopia_environment_notes.md,12614,765e9f71b5aef662503864664fe04316d04856b93ea99f9672ac44cce3febc57
experiment-data,analysis/proposed_vs_baselines_guardrail_20260517.md,3972,cbcb1b3dc2729c26ea2c395612a0780195d55b1963999bbe4e793d8802aca79f
experiment-data,analysis/real_episode_flows_for_figures.md,16115,52d1a56f52908d74745400e6ad83e82475736c13f4b7a4f730764826ecdc1f9e
experiment-data,analysis/related_work_candidate_baselines.md,6061,3bdd523fa15bbc2ff1094caf064e6b9bf9bc3e069155d911c2c6813cc5e78af3
experiment-data,analysis/results_index.md,19284,c246722dbc72dd322194e079abd35dfb203c905057a60cfb5f8def54e30d25f0
experiment-data,analysis/results_integration_memo.md,6663,eb4db300c226eb9050507f86669942b2c005bc0221360c90fc269bf97da571c5
experiment-data,analysis/scientific_integrity_audit_20260517.md,3988,2d13276363c3054f9dbbf8586062d84a29f9ff9cf5a9ff04bf7094e84e87da40
experiment-data,analysis/smoke_8_algos_summary.md,1075,6af8d6ebea16a8b7dace9f6d63a5d236c1117ed35f9375608c8da4e058d57edc
experiment-data,analysis/sotopia_fairness_audit_20260518.md,4558,3070c51f3a617d1c241acf4959c5a183351456f778745cc70838eaa9ea419896
experiment-data,analysis/sotopia_hard_official_DeepSeek_V3_2_summary.md,3265,aa9dee2349c54da178afa172c2334563770f0ba8e9807622c50ad117568801c4
experiment-data,analysis/sotopia_hard_official_all_models_summary.md,3939,90faf18497d34c684abdc002ac492294a834270944180ae448ea6dbd13fb6314
experiment-data,analysis/sotopia_tuned_all70_full_report.md,13295,664a52237acc56bed45f75f939975dea86ca802c7a4b8c29215bccbeb2400e25
experiment-data,analysis/sotopia_tuned_all_baselines_fair_rerun_20260518.md,2242,698778418eddeb50139ab9a83ef30c89e5cc7a22f6918fe06733ba77ca08865d
experiment-data,analysis/sotopia_tuned_hpsmg_plus_all70_results_20260518.md,3000,871bb50448ce6bb021ea4dead8888dfa66bb4d28c53e91c3ecef512ce35521c7
experiment-data,analysis/sotopia_tuned_overnight_plan_20260518.md,2009,6d824bb737ed72b80061403b7501adf419d263f0f2d79aadf926ebe0ee8058b5
experiment-data,analysis/sotopia_tuned_variant_transparency_20260518.md,2845,70294867df8ad67df5a0b5c278d9fd594f369425e224bd19352dc3c7a8c3ba99
experiment-data,analysis/wave1_experiment_additions_summary.md,15921,71c7b872419fca360eca689dff2116ea28c48fd18aaa7438fa3f3bdd629c6df2
paper-figure,artifacts/figures/E2_native_vs_llm_baselines_main.pdf,27354,8d77e78c599ddf73f8b6f1c5cbc69c0ad3db521e0d84512f8a47a8cb2d214c8c
paper-figure,artifacts/figures/fig10_beta_sweep_v3.pdf,34785,e701bd10a3626c0083794c53e01cbb40beef4fb06dde1a210f45440c74b13570
paper-figure,artifacts/figures/fig11_haggling_pareto.png,66833,8d87473ab59696046e03751df2387f4b7ca31b7bb51b3197bde99d807e948f9c
paper-figure,artifacts/figures/fig12_decentralized_price.pdf,26910,d62b6ca3498cd85158792d29c43f9454c5c3f0e92af2658e34b0f8bfd2791eed
paper-figure,artifacts/figures/fig2_concordia_select_v15.pdf,31136,2fab2649b7af5298d9b5abbc4d21c95e26bcc46b8af88b21478f230f5eeb06b0
paper-figure,artifacts/figures/fig2_concordia_strip_v11c.pdf,31878,f844ce8ede3f2b6712a175f6041a2e8dad52c6db34b1d14becde0e2169c97cf3
paper-figure,artifacts/figures/fig_e1_1_n_scaling.pdf,27921,ae8a2ae3293b9ed89b37a39c83e73c59963a8dc318bd497b2dd4ec66a26ba559
paper-figure,artifacts/figures/fig_e1_1_n_scaling_llm.pdf,32977,e2096f643bc2270751d416b11f2a5f15b7e00835f96f1a0827d8c4211582dc71
paper-figure,artifacts/figures/fig_e1_3_pf_isolation.pdf,26216,1a34383738cf6bed3ad921664cf55b5c073e1c6650bbd27417608a3ccd186d9b
paper-figure,artifacts/figures/fig_e1_posterior_concentration_v3.pdf,39342,86fa87072a5db87ba5a728fcde796486b6829031231f5fc10b0020df20fa8da7
paper-figure,artifacts/figures/fig_e3_n_agent_scaling_v3.pdf,29651,af50e07087d2292807b2d667d2de3ebbea9681f48d7d3d7ba3cb273a2ba932b8
paper-figure,artifacts/figures/fig_e5_cumulative_regret_trajectories_v3.pdf,32412,2d377ae3d9b02612473e424a3bf13987ce666f051f110ab5c9dc5c5607dbb5cc
paper-figure,artifacts/figures/fig_e_a_hp_spgg_matched.pdf,36012,9cb8a9cba299f403edc5ea8c44e7a1a9e427f76f9a19bdb3d0b2953aa7758c4b
paper-figure,artifacts/figures/fig_e_a_hp_spgg_matched_v16.pdf,34996,c25adcf95c5d0836fba384f7b11b43ec17eaaa48f4d0c7600d648cccd31bd862
paper-figure,artifacts/figures/fig_e_a_hp_spgg_matched_v16.png,95708,2d037bbb2d8aa663a014f2fcf3480139ddc0a12455e20284b9fc83e7e2739f1d
paper-figure,artifacts/figures/fig_e_a_hp_spgg_matched_v16_data.json,2785,87317cd325e504927482887ae3af7a9a275e649c5eb4889bb507fa6578c3eba4
paper-figure,artifacts/figures/fig_e_b_iterated_concordia_v5.pdf,20164,8734cc01b48f79c8dd483abc42b652e05ff2e5cf47f79066fa39f60d84f3395c
paper-figure,artifacts/figures/fig_e_c_sotopia_component_corrected.pdf,14071,940dfc4d0fc5cf94fa3e20dd9101f21eebfbfb4b1f2cbe3027f9bfdd02dd1226
paper-figure,artifacts/figures/fig_e_c_sotopia_corrected.pdf,23534,664c409b0d595559574c08b56b13d75e2b02889fe4e3c675e86001f674ec672b
paper-figure,artifacts/figures/fig_e_d_reward_locality_violation.pdf,27489,d60263ae71337eab1eb12453e29acb04c30eb9a70ed69bfcec07b890ff1332e9
paper-figure,artifacts/figures/fig_e_g_ladder_v1.pdf,18686,9b6b6b79fc1ea84b3eda5fb968b129c758d5e14c35629c74b1ebb5c9eac6a6b6
paper-figure,artifacts/figures/fig_maassim_combined_v21.pdf,33598,46b505eced03a258eb69076ea05aa1cab71bb09c9500987338524ee8f45a645f
paper-figure,artifacts/figures/fig_maassim_combined_v22.pdf,28182,7207840c6f4531592c685df179953328b58700205a26f20028c5eb79a9886a68
paper-figure,artifacts/figures/fig_maassim_combined_v22.png,135198,9ab0d0dff47fe4e0f69e71fb4f26430d3fa38ea7bf794d22c09fec144d844c0a
paper-figure,artifacts/figures/fig_maassim_combined_v22_data.json,3520,7f5b3797d37a656573d3a4c0c5bc942f4da8058b99877ed0684833ee8d608954
paper-figure,artifacts/figures/fig_maassim_concentration_v1.pdf,17590,3e4b2317e901370cff4870a48f2dcbbe125c8b002a3e53726fc7a82e8350b6d1
paper-figure,artifacts/figures/fig_maassim_conflict_dynamics_v4.pdf,29488,fb61b71cf48f3a02148d8a14d34a39e63b5b8937f933b9cc8cb277fb70d7a0da
paper-figure,artifacts/figures/fig_maassim_pact_persona_mechanism.pdf,26520,36e8212481611336afcfa798cbd8f620d3e8a0d6b93fd05dd5ffbdf4aa112b8f
paper-figure,artifacts/figures/fig_maassim_rq23_v10.pdf,32902,1368a815c3d09b3a67f2ba38d55e447142ff07c91563ebabe3b8b67be68ea486
paper-figure,artifacts/figures/fig_maassim_rq23_v9.pdf,35038,e2be018b2af2e8b049fac4e6c8b8a97ae064976a8e709816e79f885f01dda0d5
paper-figure,artifacts/figures/fig_maassim_unit_validation_v3.pdf,21084,e424a5b2a1121efd759cdacde1c9d202da5189e1238e2e2bd01d9408826e0b8e
paper-figure,artifacts/figures/fig_maassim_wait_reject_tradeoff_v1.pdf,22749,356bf3d0a9aa0c2addfee3bc3935df4ab9b8065d28e369a28fa72d12530ed3d0
paper-figure,artifacts/figures/fig_scaling_hidden_complexity_v5.pdf,30888,c70e97baf26915989e99ed1c36cd637d0d615e23764da885b419ce62c803b766
paper-figure,artifacts/figures/fig_sotopia_combined_v7.pdf,39132,d799e94ccd4ebf670a8bac68d2e3ec860782f674254cb9e9228c115b11e2e0ba
paper-figure,artifacts/figures/main.pdf,50054,334702a7dd668862c555e3cb6528eae1719a668b470841b49cdd806eac376014
paper-data,artifacts/paper_data/figure5_bar_data.json,10928,7afb595e47e0c63393562075188c3064fa84a1074c79413637055a73187d9ac2
paper-data,artifacts/paper_data/figure5_haggling_llm_psrl.json,5000,76573d04f86b76d863cfb818b5f63fd01018c678b7850615af9bca51c5ca3640
configuration,config/aaai27_sotopia_historical_comparators.csv,476,fd74016d81fd76bebdf19b768849224d3c07a18540e7edf90255e8c07af0ede8
configuration,config/aaai27_sotopia_input_manifest.csv,753,52861fb08b90cc5cd8494007af597e9f182c8147abfb2fa371903b250e175134
configuration,config/providers.example.yaml,322,07d6823b8c565825aa8d27580d970004fef6bb9af83f9c8487c8fe1eb8dbd892
implementation,demo_dispatch.py,215,93087a4beadc57169783a1af781a0b63f63cf3d93bf4ac3ab83421b5013d0c0a
implementation,dispatch_env.py,136,42440e999cdb8e23b7cf456e0536713f5f5119dbaff67709311a141805fe57cd
public-input-cache,external/sotopia_data_probe/benchmark_agents.json,16033,a5d7d1c6599d08f17edefe787e6142ce4e89d74877ddd102fc3f7b07b40eb3ef
public-input-cache,external/sotopia_data_probe/sotopia_hard_cases_cache.json,130347,17b08ac995a8c3d8e126ff8525c358743f75550d32622982175a230575e2e482
implementation,llm_courier_dispatch/__init__.py,370,c8951d9c2677773e2b923f7e236db57b26d0da25bf558a85a946c396378fcdfc
implementation,llm_courier_dispatch/calibrate_coefficients.py,5118,f6f274f359bdc34ee695fb28e8328d6e4ed62776c7f51668aca7dd779417672f
implementation,llm_courier_dispatch/demo_dispatch.py,30615,20ff98920469e5c49342c8b18cf551be2fc43554d035398703f0b6bc0cef98c8
implementation,llm_courier_dispatch/dispatch_env.py,22951,b784f31e445f71ae2b111d2201a39d4406876aba0c3de53adeadc8ad604199e4
implementation,llm_courier_dispatch/live_llm_dispatch.py,23667,de13e3ae6802bbdb903469675be9cf63a35e9d7279284997d079666c57b6cefd
implementation,llm_courier_dispatch/live_llm_driver_dispatch.py,21553,218d69d745efbc75dc75e76ed9f768cd12ded5a979a94a295c6bd76e9b7d2028
implementation,llm_courier_dispatch/live_matching_dispatch.py,33893,684f77913a3a993abd275a5e8d5c39e492b7cc0ec5472358bb6ba06438a51582
implementation,llm_courier_dispatch/live_structured_matching_dispatch.py,48599,f1a76bed2b0e665d5e70ed6a8746f3bf59a0d052274845a76fb2f529cf06840e
implementation,llm_courier_dispatch/matching_dispatch.py,28532,8f6485999084e9f230d94691f9be794533be4f958b7a18b0aea53eaa03792cac
implementation,llm_courier_dispatch_maassim/__init__.py,65,b5a0670db28fe52afc53b12a08ce2a63681081e0f24d5c31acd9f200fbb9c127
implementation,llm_courier_dispatch_maassim/adapter.py,11025,70c0a240630b145e1e570eeff532c4610cc0d605f5569d3219e289808f95775c
implementation,llm_courier_dispatch_maassim/hidden_rules.py,11218,1faa9967dd19f9c6e5f638b16b0acfed91d3f935af1b8a7132cae7541774dde4
implementation,llm_courier_dispatch_maassim/personas.py,8405,d2c6e7c4bfe8df4326534302f94cddbb3bafcb6f55b5d30c6d0a240259efd27a
implementation,llm_courier_dispatch_maassim/policies.py,10978,fe4e5c65fc4780f2cc52ba21b30ad0ed467cb5961e0bd54480c942d16e484a94
implementation,llm_hpgg/__init__.py,119,6c0922f307182535536b080c44ac59ad65af63a66f0ecd7cedea27e7bda92f8b
implementation,llm_hpgg/analytic_scaling.py,18467,b25aa8e0a9a2f1df999d5b8e9afef8356eee593aa225de8b0010aebcfbf605a0
implementation,llm_hpgg/audit_personas.py,2088,bb5896e62d2094dac615e583afd705fade1f9e0631105b5b2f8d31b1ef177af4
implementation,llm_hpgg/build_trap_calibration.py,1011,8d1d379417c96622791d2f2d543704f80c3d74e570c0dfcb465f5ce8ae56b676
implementation,llm_hpgg/calibration.py,1090,12ab5da52a6f82ba35d67d52ca4e220ac8a9d8a8675f1cd8cdaa8fb26b492017
implementation,llm_hpgg/calibration_live.py,18657,0a75edfcc06ecc53862f6499eba182dcef8dc13c6fdfe5a84e1df2e1b4450da2
implementation,llm_hpgg/coordinator.py,13891,3513af15677736d982b95f9d4e88fe12f32e22f04f579b077908c26cbc41c09a
implementation,llm_hpgg/decentralized.py,6045,f0f002dbf1f7f2d39242a2031da616ab70ba4ebf81d65631a40dcfd95153a1f1
implementation,llm_hpgg/environment.py,4854,f655c4d667e8ca3649cb8b0cccc2e436b68fb1cc46031bb6b6f4ba9e95e8ddd1
implementation,llm_hpgg/llm_agent.py,2934,6e0e24c6bfa5da4ac584520fa1a616ff372722fddf0134a851381b0d3f0b4c51
implementation,llm_hpgg/llm_agent_anthropic.py,1091,3dc58dc704393f2bce7f8149f37e9598d1292893c6e5d27e979b60e9b1ee9a8e
implementation,llm_hpgg/llm_agent_deepinfra.py,1294,3abb660ab22cab4c3b4b992edf29cddadfe3cf0462c68b27c3c833586e4ed6fe
implementation,llm_hpgg/llm_agent_google.py,1135,f83eedf9cc94720dae9753c4edfb176628a170d4f647a1eb244ffc54910792b6
implementation,llm_hpgg/llm_agent_managed.py,4913,82ff284ff68c37acc7faebaf92be780772f23efe93783f145d11d46c4e74e9da
implementation,llm_hpgg/llm_agent_openai.py,1107,c0b48b1de3fecfecc21d8f3c4935ef2758d73d9f6ee868afd0d2f663943d92f1
implementation,llm_hpgg/personas.py,1682,c16b40253dc5d45df2793ad3b2cd001ab728c59cb2e5a2468e1548601a1247f6
implementation,llm_hpgg/plot_results.py,3668,a930ef805a3b64cc8ae61869fc85b960363df9aa9958f072502919830d43d3ef
implementation,llm_hpgg/run_experiment.py,19406,bd7a29102e31742001aa78945bb8fc25e1038591ac96cbfbfb6756ffc302fc88
implementation,llm_hpgg/run_external_llm_baselines.py,31898,a6d8a32a14df61039b44d53bde5b3b892ce55ab7711a21f16d095ff61cae736d
implementation,llm_hpgg/run_llm_baselines.py,9399,b1e7fc9c55d76d14fb50bf3f44a6b95093456eb608f50913880176624ee83456
implementation,llm_hpgg/smoke_test.py,1463,f84cf0157abdc681c86b162953875db0db41b08ae2f4638166eb347700027dc6
implementation,llm_hpgg/verbal_belief.py,10619,b187807637abb52976d857402e46eb5a45f9b13feec9e2eba3bda9f1bdc0c4ac
implementation,llm_hpgg_com/__init__.py,593,1414b23b75e2b0308aec0138cafca121ad39e21e7ba7b149ec584fb815d84e71
implementation,llm_hpgg_com/hp_spgg_com.py,16108,05f320cdbc794bcc5d9abe234f371fa8275ba4efc47c0d59954de9a184bf75fd
implementation,llm_hpgg_com/real_hp_spgg_com.py,12172,0269245c518049f7a1f91e66eccec4ebd2dc02ad3ed4eb9814d4570957654a38
implementation,llm_hpgg_concordia/__init__.py,64,5ebfd2f27e784c464af508766f117370aacec0fe94742ab603e0def2b98a8098
implementation,llm_hpgg_concordia/analyze_type_recovery_regimes.py,4532,1bf1c14a9314cbb130e811ef97b2c79310667a36e05578e99c16a0aaaecec6fc
implementation,llm_hpgg_concordia/embedder.py,903,f054da8f01b5c1a1d1798fef9a0edfeb2658157629b2108eec3a6a19d0d7392f
implementation,llm_hpgg_concordia/managed_model.py,3589,15e3ce5fd7e5f76003b2f377e151b4b09ce82f5b1e39e70f00f33f5076d0de13
implementation,llm_hpgg_concordia/plot_type_recovery_eps_sensitivity.py,4894,db19da1d75a32a247e97aa423cdfafe5f8307e0c07a1c3032ceec658e29887b4
implementation,llm_hpgg_concordia/plot_type_recovery_v2.py,6552,60308bf7c9000668ae9e3027097f93db2836b4fe6403883aa1973d2149e7649d
implementation,llm_hpgg_concordia/run_concordia_baselines.py,2627,408854c548255261073bf703af75dce1b2f1ed490fe9348ec70afd0014e91936
implementation,llm_hpgg_concordia/run_haggling_compact.py,38205,3971c1b6d85e7d810c8ba4163294a6394a1476babe301e93c3906f130a0db994
implementation,llm_hpgg_concordia/run_pub_coordination.py,3040,214e6b1bf10bb329b20abdcb97208b2ef3c4967282defbb3c962066742c3fb67
implementation,llm_hpgg_concordia/run_pub_coordination_compact.py,40359,586ec46a3f3f8ea9b35ac640927821ec5e121c24451241c6ba65be867e713110
implementation,llm_hpgg_concordia/run_pub_coordination_type_recovery.py,7003,7fcd56c00b83739a831faaf63e28ca35fb0b8cfbe4cc759b4a29e6474a5cb452
implementation,llm_hpgg_concordia/run_pub_coordination_type_recovery_v2.py,28361,b1e544fef72211d305056f062af6272867d14bf5a5721de11bd043086a4df8f0
implementation,llm_hpgg_concordia/run_pub_coordination_type_recovery_v2_multi_model.py,6903,a0ada157333aa95f2cf84777d2830ff90c107192438d39127a5ea0ceacaa569f
implementation,llm_hpgg_sotopia/__init__.py,62,2a5feab4baec54ecd85317199da700e0ab9ae6eb1d2484ad9c3457236dec8c16
implementation,llm_hpgg_sotopia/agents.py,29964,940763cbe20ee7cdba8668b384c19fa332492e71f833812d01c59acc2a35df38
implementation,llm_hpgg_sotopia/official_hard_data.py,6603,11a8a2caa8b7499275e9751ca91c9c0edba4ac5399916ece4ae5012e7ea626b9
implementation,llm_hpgg_sotopia/run_episode_smoke.py,4352,3fb0fb477d2528bee5dc9811b45db43e0bec42dcfb752471ad870575dde57075
implementation,llm_hpgg_sotopia/run_sotopia_baselines.py,2528,85e211e752ca4c8d82aa3f91264708cb2c0c5fe475d2ddf5fb1690f24363242f
implementation,llm_hpgg_sotopia/run_sotopia_hard_official.py,20725,526114da03ca51ad6716bfe903348687927c85c22d459290e1ace9475127c654
prompts,prompts/judge_v1.md,962,843ebe5cfbb2b3a74b462dcebb22557c349b9958ac1ed7c0f7e12eb0f598ad9b
prompts,prompts/personas_v1.md,1536,d9e48cc104e170b2bf72a9cada00d8c08108aa5a871722898f50657412f1a2fc
environment,pyproject.toml,461,b9ac3cd1d8a55b9034fdda3ae8fe0ecc23812146fdb1dc09f4cdded69e42c7b5
environment,requirements.txt,221,97729411c6667c809339225564df3beb13d283dbcb06ab176ca19871c59b8d9e
reproduction,scripts/_append_e1_1_llm_summary.py,1455,43314a9f49efd1f28b75cf448110fad73ce6185a7d5c7bda8443e8ab4b6771e6
reproduction,scripts/_append_e1_1_summary.py,1175,c976d17c4bfdfbd94251e956e476722339fde79fe4ad1a0b1c223d2d7e14be76
reproduction,scripts/_render_e1_1_tables.py,1834,e8fb2828494bc164e501f5c68f22e85d25c8c52bf4a3e8b97b45dc64336d2c69
reproduction,scripts/_view_e1_3.py,611,cf4e04ee9d66f0329215759f825018dc9a27d724afdf819528369caaab8cc30b
reproduction,scripts/aggregate_courier_matching_F2_horizon_beta.py,4996,1a3df33bd861de0c22ff87b817ba61cfb8eff086350eea58eb01a41ebe8d95c0
reproduction,scripts/analyze_concordia_haggling_joint_optimal_intervals.py,11078,2e605102d6658210876c2490b268287fb30f275c33d4474e845cc751cc631875
reproduction,scripts/analyze_concordia_haggling_true_oracle_focal.py,7370,336cf155743c72b117175f43be317916e836f1857bc063fb5c7feb4f2403fa91
reproduction,scripts/analyze_e_c_sotopia_corrected.py,22830,92ed01771ea21553fb64c44f0cb96a7922674ac8761e0d2475ebf091496b8739
reproduction,scripts/analyze_e_h_diagnostics.py,12175,2d50ac1cecbd908b1f502ea1f4e0b800d4dd8ea5206129219f288b9ce4d9ac4d
reproduction,scripts/analyze_e_h_joint_monotonicity.py,5629,de37fc9cc2dd31e5ce9b58b8dac2b4b159fb9c57fa7fdc2f43b435a37206afb6
reproduction,scripts/analyze_e_h_mechanism.py,8995,fe8c6f5f2d2469daeed96b44638deedc5bd60f74af41766e4527be28b8203204
reproduction,scripts/analyze_hp_spgg_burn_in_support.py,13966,75be48b434637af9b0e4d00f6477e41cd4cebb17c0a5a0ca820f23054c80f40f
reproduction,scripts/analyze_hp_spgg_com_lambda_coupling_variants.py,7734,a53dd827e526335ffef45a86c58b4be1684eba123e394704738a5361f96d4095
reproduction,scripts/analyze_hp_spgg_com_nonadditivity.py,13561,04663d2c0c08d7e3cfdf7998dde66648be47dd53598ab777f2865e085dc6eaf9
reproduction,scripts/analyze_tier0_wave1.py,17125,04b85ed6fdd0c06f7d115b3ffd8d13972592d732c42abd0eee0026fb6227dff7
reproduction,scripts/animate_maassim_fig5_policy_comparison.py,17948,2ebcc7889d10c918879e65fa59d40bd9024112445c80e4ec6f59bd1e2bbfdbb7
reproduction,scripts/animate_maassim_llm_baseline_comparison.py,9682,9703dd0ced703bc8d5c88879c36fd1dd7cbc2cf616fe1e7b9d5ab0dec26908d6
reproduction,scripts/animate_maassim_people_cars_comparison.py,17838,db9796f4e45b031fe144134056221866bb29080319bdeb8292ae4ea1f8177438
reproduction,scripts/audit_e_a_matched_likelihood.py,10235,27387e50575ce80d5b99a7539468d3a9a271469b62ed2e355ccc154d6f0a9481
reproduction,scripts/audit_e_h_joint_updates.py,10518,dc0c3a6a6bc64fb07ded88d42eedd857ad66e6d8054bce05176d76f9de517da1
reproduction,scripts/combine_sotopia_figure4.py,3161,f4b20df87a8248fa2942c125637f215013b417fa3b5bd1312a515a1dc57bd211
reproduction,scripts/diagnose_maassim_nearest_optimality.py,8739,373d7301dd31b0ab6c0e02a4e0ff2356a8a68b3216320aeabdfc1908810d270e
reproduction,scripts/dump_e1_3_lb_all_baselines.py,2390,e354f0403b59c2d14c20a818608741a8cc8972d7a5ed0907061333ed02d5f2d3
reproduction,scripts/extract_concordia_fig10_v7_data.py,11146,eca88dd9ba358b0c0e4b502eff4926b2ecd7df55694e41443ad2fc94a36b1d86
reproduction,scripts/extract_concordia_fig10_v7_data_from_git.py,14960,5a9ff5b7b412d5a3988fb8ede3271b663e59aa78599df84b15f65d43b645535b
reproduction,scripts/maassim_rq2_parity.py,7334,bb29acae88bf44eef373a845401b9185b902f36b37de760cbf9a0b8730517ae9
reproduction,scripts/make_fig_e1.py,5949,fe08b263457b09fab52a42411b9c1fe57c17a0fc88dbfac5894a3c10f209bc41
reproduction,scripts/make_fig_e2.py,3701,fd0e2a28451ea306fe3c88eca4da885b4915ee90df5a0a61eefa3a1ac967b123
reproduction,scripts/make_fig_e3.py,4837,4d2bc73287bd139fb4a7754db666d8faf8d962149725038c629472fae88518e6
reproduction,scripts/make_fig_scaling_combined.py,14899,2c224cd107d080a5950d083d7bad410ea2031a63c3c47e2018c2205fbc1bb0ed
reproduction,scripts/make_figures_v3_all.py,49240,99621d2f206b242006e54b19c5b880b0b1d7a1582a3e168a48405ae458cf2496
reproduction,scripts/merge_courier_matching_structured_summaries.py,2689,8dcf55b71b74dd7f476bf2788a06b40a4334fa52c6f69667e3c09921f3e5f383
reproduction,scripts/paper_comparison_methods.py,679,88fcaeee18dcd040ba7147c92e0700fcbbc70cc29fe6252ccf8885960eb690ab
reproduction,scripts/plot_courier_dispatch_main_figures.py,20542,c587e61609d9c34cc17034f1da9cc0677b546893b4c9f70e402f9869f8a156c3
reproduction,scripts/plot_courier_matching_F2_horizon_beta.py,4668,1352cbfee307425a8fbb3c96e6d753d02b98daed6013e23a7e6ea8ca4ce6eeda
reproduction,scripts/plot_courier_matching_F3_F4_A2_A3.py,13754,5002e8a5f66c92379006583c671eb97b34c4f4df7c703aa489e59f0ca6ecd904
reproduction,scripts/plot_courier_matching_beta_sweep_llm_backend.py,7996,9066c3b603af2c15520c6c998142cae808340f2df917350e2d7f5a404d990351
reproduction,scripts/plot_courier_matching_llm_backend_main.py,9756,44fe8420ca9b176472b51c6fa42726843fc903de19823079a7a343eea382c624
reproduction,scripts/plot_e1_1_llm_tier.py,5952,2b73ee426e7c799c0dacc85aee8b7225f575331104b32c9b61b14cd568ea0a7a
reproduction,scripts/plot_e1_1_n_scaling.py,2490,ce178730900fedeee650547d665be7618e1e7bbe13d7df145989fc9a104a1399
reproduction,scripts/plot_e1_3_lower_bound.py,7556,aa994053661738bf652582b4ba409d483da0c0b221a6683a1133ced0f015fbb7
reproduction,scripts/plot_e1_3_pf_isolation.py,4057,f5f7d965311e3bfb96cffbfe05a34511f21d7205dc1103221f49b31cb1c5c490
reproduction,scripts/plot_e_b_iterated_concordia_v2.py,10812,9a9786215b79f5661706a74931a8b9712ab4effd3f90ca991dfde08d1ae46996
reproduction,scripts/plot_e_g_hp_spgg_component_ladder.py,6229,58dafc05741d69292425363f950db9858c25bc864fab138db186eaeac6418fb5
reproduction,scripts/plot_fig6_e5_trajectories.py,4268,c41bee65d53b32725a858b7f41ec7c8f8a5794b572f03f469071e564b1fd93db
reproduction,scripts/plot_fig7_native_vs_llm_baselines.py,4618,80aaa4e64c0630b732342ce379fc50bc1ef4f405718d0b8bebf4e6d1e5da6668
reproduction,scripts/plot_fig_concordia_main_v4.py,15845,9126c7fdc0981e20964bf6499aa9b9d3418ba1ade527fab2cf6a8fed45a6efac
reproduction,scripts/plot_fig_decentralized_price.py,7252,3c51b5a5507eac7baada47c586c17c7e3b7f67d50aeefed90b3352d0abf13d36
reproduction,scripts/plot_fig_haggling_pareto.py,6305,24805c47c01d83dc08a8c97326e85798bfaf1790b46f73892d8fdbea70afc4fa
reproduction,scripts/plot_fig_sotopia_hard_v2.py,10576,fb2e2d4dda0b909f0195f5894ebb476aa979c685e23aa8d4e9a26d77ed33ca51
reproduction,scripts/plot_fig_sotopia_three_exp.py,4792,30e9cb42354966e410dd79badac9ca4dc8b26aaa67bfac8c2c712d7b749f0bf0
reproduction,scripts/plot_fig_sotopia_traj.py,10184,5e7b8998ae55a88eb1092adbcd8e96e8d2e60d6b0261f42eb3128ae3e0283538
reproduction,scripts/plot_hp_spgg_com_live_probe.py,5277,61388370a7edfe75ca776af3a53d98837e2436bf40d60d0066fcbb072efa49be
reproduction,scripts/plot_hp_spgg_com_phase.py,3139,f82cd7ecbf3305e5f6ea6b0cf7a0ca47bcd8a4f37889f1b69c7e6f092e13a486
reproduction,scripts/plot_llm_psrl_verbal_figures.py,15791,7014f4a7bb5072b7891eaad5e6a9d14d689cfecdd92e8db1bcc10f09967e64c8
reproduction,scripts/plot_maassim_experiment_figures.py,41362,68580361a98ef988bb442c7e133a5a92b9fd5f6a1243f1b25be1ec7e092762f9
reproduction,scripts/plot_maassim_integration_smoke.py,14734,f5fa0b013ad8ac4d7bbce31304b57408c56e418987ecd95b89df3b1bbfd15342
reproduction,scripts/plot_maassim_main_figure.py,10314,e4bce220f485812d277fdebc80dac51ed749e88d85c7f6f1badef448f4d09686
reproduction,scripts/plot_real_hp_spgg_com_phase.py,3187,22abe71be424c5af0ecc54da73cc156003e3b5b90d1187544c75b73fa3adae9e
reproduction,scripts/plot_results_old.py,3679,50a73454d3429cd58ca0e0d99471c990d76ae0a4c0eaf469428063b2d215c699
reproduction,scripts/produce_sotopia_revenge_n100.py,20421,ef2a45541cf292d10a098b3e93e3897ff252cbf934465435e68e37b9071d0b57
reproduction,scripts/redraw_harp_paper_figures.py,6460,a0ed68875d68b4771480571cb83f14f08080714f63a3bbcdf4871434a3c007eb
reproduction,scripts/render_e_h_maassim_grouped_prior.py,3068,19ceac9b8c2d234befd8228bede5aaa2dab9fd588462ef5ff7391d89eb04b281
reproduction,scripts/render_harp_component_ladder_v1.py,1451,a6950edc27fadb4f2b4c26c8ea6cd47e8f80f965fde93d4949f55957f85e9185
reproduction,scripts/render_harp_decentralized_summary.py,3109,1852a23a4e1bbb6ae471d468e69a59224f4b9925350735f351b33abec0b9d9ee
reproduction,scripts/render_harp_maassim_appendix.py,6005,9531d34eb8dc97bee0689e138b5d406378eafe92ddcd1684d795ae2df7b0c1ca
reproduction,scripts/render_harp_maassim_main_v21.py,5979,e1c8d9a7abb808b479068cf5dee6a54b2e63e3ccbe4ff01786a5a3a60416c393
reproduction,scripts/render_harp_maassim_main_v22.py,9476,7d11314f52781fb270d30c9723ffc51a2d693925aecf15aba73652eafa0f8a93
reproduction,scripts/render_harp_overview.py,7211,686ed31a0ff8c80efc1c8ee5f6adedcc80f09a0dd141e341ebc4657c7c0db66a
reproduction,scripts/render_harp_release_tables.py,7589,104a3ae94fb7e5afc0b210f4e6567a7970cdf10ea2dd69d8ae21dd2462ad0e18
reproduction,scripts/render_harp_reward_locality.py,1086,43874c14374f41c8523e9f8a4bbdf832822559b3215286819f4eac2fddeadf60
reproduction,scripts/render_harp_sotopia_combined.py,3887,230ec2aba5a17cbf5e2af8604ba2ad243b92bb3cdb86995a882d7712f3d65667
reproduction,scripts/render_harp_sotopia_corrected.py,4329,9718fb67aa172678ceb9d706da0fe34946ca75b51b20f00491cc50f42795f40a
reproduction,scripts/render_hp_spgg_burn_in_v2_pilot.py,4062,b0453b229cbb64d6d401d2eaf6abc4cebf066a2d48c9485312c46849943f48e6
reproduction,scripts/render_hp_spgg_burn_in_v3_confirmatory.py,6328,1ef2fb600454727e6af6b699384c002f2d1e7442d3987b0b86825b92ec0ba1c6
reproduction,scripts/render_hp_spgg_matched_v16.py,5770,e5efdb766dc7770d282b9fcb49d36da9cdd952a36e78cd7e599bf5216172a405
reproduction,scripts/render_iterated_concordia_v5.py,4733,91a3c4d3e2090ee1b6ea51bb1f124910590bca1d1844cbb039a12118f316df38
reproduction,scripts/render_maassim_rq23_v8.py,5019,757e1a550f84b388b0838e39851eedf93dbac3487494e8d9a77b5e81cb7be9cd
reproduction,scripts/render_maassim_rq23_v9.py,10803,4f1f890e26ec7ee06f14e1af3d54c38f227389316f62f303845f4667f6a5bbfc
reproduction,scripts/render_scaling_v1.py,13692,3f8554314662ea07e45976088439db041e48f939aa6a0d524813266b49a59fc1
reproduction,scripts/replay_maassim_common_states.py,15747,10f60923f1cd8826e4393c8ce111fb910688204d2712fb1275599463854e36be
reproduction,scripts/replay_maassim_llm_smoke.py,40485,b7144be74028b878e6dd1af31b5aee987c1df526b310dacf8a2e14f97c93ee52
reproduction,scripts/replay_maassim_pact_persona_mechanism.py,23992,3036d7248195eeaa764ba0025ae4abe249cedb7330abf20988a981749cc2000a
reproduction,scripts/run_aaai27_reviewer_experiments.py,24096,1c274842afd4b47de72bdaafa10c25240fbabfeea892d497ff050072bb634ead
reproduction,scripts/run_e1_1_llm_tier.py,3469,8f09e24ba8fb75d78bddd538509d4e870b33f1de15a13ed0d51304ea01523ee3
reproduction,scripts/run_e1_1_n_scaling.py,3118,37345c588b9a7f3c75a0661fc9b6ce6967cda8568af2fbf580f9af8b3686dda0
reproduction,scripts/run_e1_3_lower_bound_sweep.py,6764,ea8657886c036c7912a7c51c66bc2365e831a521b2a30877739f04e51c6ebf62
reproduction,scripts/run_e1_3_pf_isolation.py,4788,8b147ac93e193a57bdbc39092b5dd1d1b9860a9c8c5a4b783b96cbbb5d3ccc01
reproduction,scripts/run_e_a_matched_likelihood.py,40951,c1adf4927081e12838645934b17eaeeaa74f49acd5db16000e795e2e5eed4d8e
reproduction,scripts/run_e_b_iterated_concordia.py,31674,bcc34390f5d5c52e76429b95d5b57be6b11f167497e35b8f607c78de733ebc87
reproduction,scripts/run_e_d_reward_locality_violation.py,24263,6bedfc0f8b7c086e83cbba9eb578b73fbf134c60950005e5937d959d29563570
reproduction,scripts/run_e_e_maassim_tracker_parity.py,42240,2bdbe59a8993f1dac702a23b6281a31dcc343ccac08b6f471a5bc28dff170288
reproduction,scripts/run_e_f_maassim_bonus.py,13167,0185896c57f3f9d84cf28663f4706b2d480da4ca82ddec21827236766eb16a0d
reproduction,scripts/run_e_g_hp_spgg_component_ladder.py,25969,97227a2f0a7a300952d12f365f8d5a1e833203f5bf0e58af9586cf72150d4700
reproduction,scripts/run_e_h_group_size_control.py,5149,d864c338da3877acb4a39860ed7fb1fd9238b02197c56b5a40f731e73374cacd
reproduction,scripts/run_e_h_joint_temperature_control.py,7819,4ec05402d4f7cc1b5a5244f6c1395d90063c25b2e44a945b0508ae7498130689
reproduction,scripts/run_e_h_maassim_grouped_prior.py,61893,086bfeada2d86b724c95b9c0e9140171e8aa3e82d37578ea1c60cddf2bbb4a23
reproduction,scripts/run_figure5_haggling_llm_psrl.py,8365,b8b5873e333aec55c3b6c433c21591dc2647bd887c99e1892fc1172f7d129ee8
reproduction,scripts/run_figure5_pub_llm_psrl.py,5013,03d6ef991aa9d0d322d91ba31f8fa0b2916966bf047ff74e2409474c981de9f1
reproduction,scripts/run_hp_spgg_analytic_scaling.py,44802,6833dae97f05a4f53f97b8337c80d32d5e47dfbf0fd15571fa0a135cbd314c4f
reproduction,scripts/run_hp_spgg_burn_in_v2_pilot.py,13812,367fd4a5354c6b459e3c18b8cbbf661cb8c803381b46a635b6e5585e4f6a2f5e
reproduction,scripts/run_hp_spgg_burn_in_v3_confirmatory.py,35156,f56e57e60dfdca7f0dda8ca5f7b4c5d2bd3746644a37f91d10d4aef8603558c8
reproduction,scripts/run_hp_spgg_com_lambda_couple.py,24062,a92cc81c2fcbf747e41555ce2efcd4d499d989f8e9308627d33e793dbdeca039
reproduction,scripts/run_hp_spgg_com_live_probe.py,10473,1539f39c3e6c547232fc790d60aef9f17734ca432cdcdb2f36e79d42a8bbf7df
reproduction,scripts/run_hp_spgg_com_phase.py,4901,6c6d45734ed450a2f06d4e4fdbe5024124e270d309c63b3af02853060a8703b8
reproduction,scripts/run_hp_spgg_deployment_robustness.py,13139,d923837b1ce88636f2b724d3d97626eb4ee4bceed1578124d128a892acc59ac1
reproduction,scripts/run_maassim_persona_v2_baselines.py,5313,dfd09aded7af6da03b8788838c45ea4d5a50f0512b7f147410c4a62ed2b75c3a
reproduction,scripts/run_maassim_shadow_smoke.py,16079,7a5a03c33b249caf7a94ab1cff41677d38bffb96cc10d5f3bcb0dc65e48b1325
reproduction,scripts/run_real_hp_spgg_com_phase.py,7260,3a51168e7e5d5d59e5e4a6e2828cba59b1c888ea315e5a1c7062dc9c34801d7c
reproduction,scripts/run_sotopia_intent_partial_judge.py,11739,02a03beaaee2b771c858addc8f9c46eeeb308b024caf564f25d362908a635400
reproduction,scripts/run_sotopia_menu_corruption_suite.py,17192,44a27e2bf3eed65677495005242dee555f075aba2cf5f65ea2b86f899dc11bfd
reproduction,scripts/summarize_aaai27_reviewer_experiments.py,36269,5f08c2aef836b15b92fdf92a970247027190a9ac3f98ca417eee45631413ec3d
reproduction,scripts/summarize_e_b_iterated_concordia_v2_all_data.py,19765,bfc556f96b2fbf033f07e6f0c0d1b0d9e4cc2434f3ab9e04a9fe0c9d276a5f82
reproduction,scripts/summarize_hp_spgg_claim_b_all_data.py,11292,3f1d3d11dabb1d90c3168ab1685ebf35c3b45c7f7c9a811248ed90f72d60a65c
reproduction,scripts/summarize_hp_spgg_scaling_claim_a.py,12280,4843ca68d50c551995b114fcf3faadf7d4958c9524519dbdad21038bad5d2daf
reproduction,scripts/summarize_joint_psrl_aware.py,2214,06c43c75b813d11dc940c2e17ce7a4d93c1c169c4170d520884586e3f92aa11d
reproduction,scripts/summarize_llm_psrl_verbal.py,4264,c76a198ac6f9fffff4d667e854f30201d943e586a9eaefd90306e86b17e88eb7
reproduction,scripts/summarize_maassim_baselines.py,9099,21913d4d80027066a058a9466ae9b29dccbe34618e6efd48213c302cd99357e1
reproduction,scripts/summarize_maassim_rq2_rq3_all_data.py,17999,1e3fa486c93c4b16be900c0eb346542a282cb4a956e68ff515b4248085c5e2aa
reproduction,scripts/summarize_maassim_scenario_suite.py,9761,8bc734c629806361476ba2867f61cb89caacae2852e20670cc7e5c801458970f
reproduction,scripts/summarize_pact_aaai27_supplemental_experiments.py,15682,2f314e8b97f570b2b51e174ef07275c680d20904eaaaf20021a3dbc3a94ff310
reproduction,scripts/summarize_true_shared_type.py,3968,a0e7d5e1e44ab8b2220b09b78e64c9d3d973fae06dd177b6fe552766c3c45aec
reproduction,scripts/sweep_maassim_kpi_calibration.py,9248,ea32238279140965ad9199db05644f624438153c35bf4dd12661a6863dbf5726
reproduction,scripts/validate_aaai27_reviewer_experiments.py,18253,143db0d8b6742cb84505563cc5b33c244c7aefcf448d47fbe0a32d72f7cb7dfa
reproduction,scripts/validate_anonymous_experiment_repo.py,9137,eedf2770434fb32d2cf6e681a2b2309a5058db71f5bad81449a5048b298f5536
reproduction,scripts/validate_e_b_iterated_concordia_v2.py,6317,95dd46d9fc671f2d2a005f2e403516b0ac5836fde94d21058fdb59ed349b81d9
reproduction,scripts/validate_e_b_iterated_concordia_v2_all_data.py,13405,b4ce5fa1c9f20f0ba5433950e1553b8f6c49b59330280b636d8f450e7872b338
reproduction,scripts/validate_e_e_maassim_tracker_parity.py,9263,98ac26e740723c652b1d0eec7d27a6a7f37012c3edc280e47e16b8461e881f0a
reproduction,scripts/validate_e_f_maassim_bonus.py,3287,d9783b8071278b367c09ed8114046ba3613b8d3219b62ec8063a675f9bd46b35
reproduction,scripts/validate_e_g_hp_spgg_component_ladder.py,13271,22681b46460455f9b8217a24eee4a1ee6a0fb6ac687b65fb8bdd2ce2abfa0a03
reproduction,scripts/validate_harp_paper_figures.py,7334,bd2db2ef65bc23363a39338663b45a5957dccea7e1029ebb5436609070ebc871
reproduction,scripts/validate_hp_spgg_analytic_scaling.py,16466,3991fb9ef899891e31cf3a3022f5cf3e8862eebb6694e8eeb879e5d4e1163c48
reproduction,scripts/validate_hp_spgg_burn_in_v2_pilot.py,3825,b5fbac63b9bfcbde640a3681337c9f54f54b996208748f8b4028d13648792059
reproduction,scripts/validate_hp_spgg_burn_in_v3_confirmatory.py,14945,141735f615399d66d634b1847fdb3a8dd4b4730233141ca390fe06a8849cb9cb
reproduction,scripts/validate_hp_spgg_claim_b_all_data_md.py,11784,a6c8919310e28c63d33b86120488cb3549dce9a4ee41d58032f4b91dcf4a6467
reproduction,scripts/validate_hp_spgg_matched_v16.py,3004,f6c8fb7281b7253d1260503eb9cef061f21e40f731cd38af0bb33b1b1834dea7
reproduction,scripts/validate_hp_spgg_scaling_claim_a_md.py,7894,d264b02d3b481d25532a2d8b93a2da047db7fb1bd9d5fe097b39fcbe727fd3d6
reproduction,scripts/validate_maassim_main_v22.py,2945,a9684dba0100bf149d7b446b7146290b1027aea17b468adc43d5434b6bb8dd06
reproduction,scripts/validate_maassim_rq23_v9.py,3715,60bb85ddf4244e9657d1da4fdadfc34a06d5764e3ed949fff648163f09acef9a
reproduction,scripts/validate_maassim_rq2_rq3_all_data.py,5852,a3b8579066d53adaae105e775f55f4423ed7724e3b1f6cdcdc9854dc41dc5809
reproduction,scripts/validate_main_paper_method_consistency.py,8020,f13053e365697865176a1ec91c2c429de19a6d7c7dbcecf566e72d37f57b0430
reproduction,scripts/validate_pact_aaai27_code_artifact.py,8270,8322b02fa1843405bee61648aff01366c766c5c035c9be763986b80e0780d906
reproduction,scripts/validate_pact_aaai27_supplemental_experiments.py,19466,1d1abc83aa97414eb6aee5d84d863292c23875fd200e8033f3f6ac060aa40912
reproduction,scripts/verify_hp_spgg_com_pact_plus_degeneracy.py,3466,0844aef7df3795b2cca026d6d13a19496b7e3e62ee3cf2ffdf556eaa78814268
