config_id,config_label,domain,backbone,seed,method,episode,instant_regret,cumulative_regret,chosen_action,oracle_action,objective_value,oracle_value,posterior_true_mass,true_types,n_agents,type_count,factored_storage,joint_storage
pub/london,Pub: london,pub,exact-payoff (backbone-invariant),1000,pact,1,0.0,0.0,0,0,3.6126647253263613,3.6126647253263613,0.28862310627809473,3|2|2|0,4,4,16,256
pub/london,Pub: london,pub,exact-payoff (backbone-invariant),1000,pact,2,0.0,0.0,0,0,3.6126647253263613,3.6126647253263613,0.3226490111489672,3|2|2|0,4,4,16,256
pub/london,Pub: london,pub,exact-payoff (backbone-invariant),1000,pact,3,0.0,0.0,0,0,3.6126647253263613,3.6126647253263613,0.35259082733703956,3|2|2|0,4,4,16,256
pub/london,Pub: london,pub,exact-payoff (backbone-invariant),1000,pact,4,0.0,0.0,0,0,3.6126647253263613,3.6126647253263613,0.37940314072115655,3|2|2|0,4,4,16,256
pub/london,Pub: london,pub,exact-payoff (backbone-invariant),1000,pact,5,0.0,0.0,0,0,3.6126647253263613,3.6126647253263613,0.40340100571553633,3|2|2|0,4,4,16,256
pub/london,Pub: london,pub,exact-payoff (backbone-invariant),1000,pact,6,0.0,0.0,0,0,3.6126647253263613,3.6126647253263613,0.42469537640855776,3|2|2|0,4,4,16,256
pub/london,Pub: london,pub,exact-payoff (backbone-invariant),1000,pact,7,0.0,0.0,0,0,3.6126647253263613,3.6126647253263613,0.44346507404348723,3|2|2|0,4,4,16,256
pub/london,Pub: london,pub,exact-payoff (backbone-invariant),1000,pact,8,0.0,0.0,0,0,3.6126647253263613,3.6126647253263613,0.45999511923525893,3|2|2|0,4,4,16,256
pub/london,Pub: london,pub,exact-payoff (backbone-invariant),1000,pact,9,0.0,0.0,0,0,3.6126647253263613,3.6126647253263613,0.4746275744952282,3|2|2|0,4,4,16,256
pub/london,Pub: london,pub,exact-payoff (backbone-invariant),1000,pact,10,0.0,0.0,0,0,3.6126647253263613,3.6126647253263613,0.4877070330886716,3|2|2|0,4,4,16,256
pub/london,Pub: london,pub,exact-payoff (backbone-invariant),1000,pact,11,0.0,0.0,0,0,3.6126647253263613,3.6126647253263613,0.49954575984841204,3|2|2|0,4,4,16,256
pub/london,Pub: london,pub,exact-payoff (backbone-invariant),1000,pact,12,0.0,0.0,0,0,3.6126647253263613,3.6126647253263613,0.5104084040901429,3|2|2|0,4,4,16,256
pub/london,Pub: london,pub,exact-payoff (backbone-invariant),1000,pact,13,0.0,0.0,0,0,3.6126647253263613,3.6126647253263613,0.5205095946052969,3|2|2|0,4,4,16,256
pub/london,Pub: london,pub,exact-payoff (backbone-invariant),1000,pact,14,0.0,0.0,0,0,3.6126647253263613,3.6126647253263613,0.5300182204897211,3|2|2|0,4,4,16,256
pub/london,Pub: london,pub,exact-payoff (backbone-invariant),1000,pact,15,0.0,0.0,0,0,3.6126647253263613,3.6126647253263613,0.5390643194403006,3|2|2|0,4,4,16,256
pub/london,Pub: london,pub,exact-payoff (backbone-invariant),1000,pact,16,0.0,0.0,0,0,3.6126647253263613,3.6126647253263613,0.5477463382407392,3|2|2|0,4,4,16,256
pub/london,Pub: london,pub,exact-payoff (backbone-invariant),1000,pact,17,0.0,0.0,0,0,3.6126647253263613,3.6126647253263613,0.5561377306251354,3|2|2|0,4,4,16,256
pub/london,Pub: london,pub,exact-payoff (backbone-invariant),1000,pact,18,0.0,0.0,0,0,3.6126647253263613,3.6126647253263613,0.5642925297970436,3|2|2|0,4,4,16,256
pub/london,Pub: london,pub,exact-payoff (backbone-invariant),1000,pact,19,0.0,0.0,0,0,3.6126647253263613,3.6126647253263613,0.5722498659120914,3|2|2|0,4,4,16,256
pub/london,Pub: london,pub,exact-payoff (backbone-invariant),1000,pact,20,0.0,0.0,0,0,3.6126647253263613,3.6126647253263613,0.5800375405964127,3|2|2|0,4,4,16,256
pub/london,Pub: london,pub,exact-payoff (backbone-invariant),1000,pact_plus,1,0.0,0.0,0,0,3.6126647253263613,3.6126647253263613,0.28862310627809473,3|2|2|0,4,4,16,256
pub/london,Pub: london,pub,exact-payoff (backbone-invariant),1000,pact_plus,2,0.0,0.0,0,0,3.6126647253263613,3.6126647253263613,0.3226490111489672,3|2|2|0,4,4,16,256
pub/london,Pub: london,pub,exact-payoff (backbone-invariant),1000,pact_plus,3,0.0,0.0,0,0,3.6126647253263613,3.6126647253263613,0.35259082733703956,3|2|2|0,4,4,16,256
pub/london,Pub: london,pub,exact-payoff (backbone-invariant),1000,pact_plus,4,0.0,0.0,0,0,3.6126647253263613,3.6126647253263613,0.37940314072115655,3|2|2|0,4,4,16,256
pub/london,Pub: london,pub,exact-payoff (backbone-invariant),1000,pact_plus,5,0.0,0.0,0,0,3.6126647253263613,3.6126647253263613,0.40340100571553633,3|2|2|0,4,4,16,256
pub/london,Pub: london,pub,exact-payoff (backbone-invariant),1000,pact_plus,6,0.0,0.0,0,0,3.6126647253263613,3.6126647253263613,0.42469537640855776,3|2|2|0,4,4,16,256
pub/london,Pub: london,pub,exact-payoff (backbone-invariant),1000,pact_plus,7,0.0,0.0,0,0,3.6126647253263613,3.6126647253263613,0.44346507404348723,3|2|2|0,4,4,16,256
pub/london,Pub: london,pub,exact-payoff (backbone-invariant),1000,pact_plus,8,0.0,0.0,0,0,3.6126647253263613,3.6126647253263613,0.45999511923525893,3|2|2|0,4,4,16,256
pub/london,Pub: london,pub,exact-payoff (backbone-invariant),1000,pact_plus,9,0.0,0.0,0,0,3.6126647253263613,3.6126647253263613,0.4746275744952282,3|2|2|0,4,4,16,256
pub/london,Pub: london,pub,exact-payoff (backbone-invariant),1000,pact_plus,10,0.0,0.0,0,0,3.6126647253263613,3.6126647253263613,0.4877070330886716,3|2|2|0,4,4,16,256
pub/london,Pub: london,pub,exact-payoff (backbone-invariant),1000,pact_plus,11,0.0,0.0,0,0,3.6126647253263613,3.6126647253263613,0.49954575984841204,3|2|2|0,4,4,16,256
pub/london,Pub: london,pub,exact-payoff (backbone-invariant),1000,pact_plus,12,0.0,0.0,0,0,3.6126647253263613,3.6126647253263613,0.5104084040901429,3|2|2|0,4,4,16,256
pub/london,Pub: london,pub,exact-payoff (backbone-invariant),1000,pact_plus,13,0.0,0.0,0,0,3.6126647253263613,3.6126647253263613,0.5205095946052969,3|2|2|0,4,4,16,256
pub/london,Pub: london,pub,exact-payoff (backbone-invariant),1000,pact_plus,14,0.0,0.0,0,0,3.6126647253263613,3.6126647253263613,0.5300182204897211,3|2|2|0,4,4,16,256
pub/london,Pub: london,pub,exact-payoff (backbone-invariant),1000,pact_plus,15,0.0,0.0,0,0,3.6126647253263613,3.6126647253263613,0.5390643194403006,3|2|2|0,4,4,16,256
pub/london,Pub: london,pub,exact-payoff (backbone-invariant),1000,pact_plus,16,0.0,0.0,0,0,3.6126647253263613,3.6126647253263613,0.5477463382407392,3|2|2|0,4,4,16,256
pub/london,Pub: london,pub,exact-payoff (backbone-invariant),1000,pact_plus,17,0.0,0.0,0,0,3.6126647253263613,3.6126647253263613,0.5561377306251354,3|2|2|0,4,4,16,256
pub/london,Pub: london,pub,exact-payoff (backbone-invariant),1000,pact_plus,18,0.0,0.0,0,0,3.6126647253263613,3.6126647253263613,0.5642925297970436,3|2|2|0,4,4,16,256
pub/london,Pub: london,pub,exact-payoff (backbone-invariant),1000,pact_plus,19,0.0,0.0,0,0,3.6126647253263613,3.6126647253263613,0.5722498659120914,3|2|2|0,4,4,16,256
pub/london,Pub: london,pub,exact-payoff (backbone-invariant),1000,pact_plus,20,0.0,0.0,0,0,3.6126647253263613,3.6126647253263613,0.5800375405964127,3|2|2|0,4,4,16,256
pub/london,Pub: london,pub,exact-payoff (backbone-invariant),1000,joint_psrl_uniform,1,0.0,0.0,0,0,3.6126647253263613,3.6126647253263613,0.006545213481078635,3|2|2|0,4,4,16,256
pub/london,Pub: london,pub,exact-payoff (backbone-invariant),1000,joint_psrl_uniform,2,0.0,0.0,0,0,3.6126647253263613,3.6126647253263613,0.009317459803753054,3|2|2|0,4,4,16,256
pub/london,Pub: london,pub,exact-payoff (backbone-invariant),1000,joint_psrl_uniform,3,0.0,0.0,0,0,3.6126647253263613,3.6126647253263613,0.012212506075637643,3|2|2|0,4,4,16,256
pub/london,Pub: london,pub,exact-payoff (backbone-invariant),1000,joint_psrl_uniform,4,0.0,0.0,0,0,3.6126647253263613,3.6126647253263613,0.01526409243290161,3|2|2|0,4,4,16,256
pub/london,Pub: london,pub,exact-payoff (backbone-invariant),1000,joint_psrl_uniform,5,0.0,0.0,0,0,3.6126647253263613,3.6126647253263613,0.018462375103170645,3|2|2|0,4,4,16,256
pub/london,Pub: london,pub,exact-payoff (backbone-invariant),1000,joint_psrl_uniform,6,0.0,0.0,0,0,3.6126647253263613,3.6126647253263613,0.021776643209726703,3|2|2|0,4,4,16,256
pub/london,Pub: london,pub,exact-payoff (backbone-invariant),1000,joint_psrl_uniform,7,0.0,0.0,0,0,3.6126647253263613,3.6126647253263613,0.025179112309934838,3|2|2|0,4,4,16,256
pub/london,Pub: london,pub,exact-payoff (backbone-invariant),1000,joint_psrl_uniform,8,0.0,0.0,0,0,3.6126647253263613,3.6126647253263613,0.028653768269429922,3|2|2|0,4,4,16,256
pub/london,Pub: london,pub,exact-payoff (backbone-invariant),1000,joint_psrl_uniform,9,0.0,0.0,0,0,3.6126647253263613,3.6126647253263613,0.03219611318194572,3|2|2|0,4,4,16,256
pub/london,Pub: london,pub,exact-payoff (backbone-invariant),1000,joint_psrl_uniform,10,0.0,0.0,0,0,3.6126647253263613,3.6126647253263613,0.03580969860118441,3|2|2|0,4,4,16,256
pub/london,Pub: london,pub,exact-payoff (backbone-invariant),1000,joint_psrl_uniform,11,0.0,0.0,0,0,3.6126647253263613,3.6126647253263613,0.03950248731205239,3|2|2|0,4,4,16,256
pub/london,Pub: london,pub,exact-payoff (backbone-invariant),1000,joint_psrl_uniform,12,0.0,0.0,0,0,3.6126647253263613,3.6126647253263613,0.043284092987686935,3|2|2|0,4,4,16,256
pub/london,Pub: london,pub,exact-payoff (backbone-invariant),1000,joint_psrl_uniform,13,0.0,0.0,0,0,3.6126647253263613,3.6126647253263613,0.04716400167101389,3|2|2|0,4,4,16,256
pub/london,Pub: london,pub,exact-payoff (backbone-invariant),1000,joint_psrl_uniform,14,0.0,0.0,0,0,3.6126647253263613,3.6126647253263613,0.051150560930467055,3|2|2|0,4,4,16,256
pub/london,Pub: london,pub,exact-payoff (backbone-invariant),1000,joint_psrl_uniform,15,0.0,0.0,0,0,3.6126647253263613,3.6126647253263613,0.055250483758428386,3|2|2|0,4,4,16,256
pub/london,Pub: london,pub,exact-payoff (backbone-invariant),1000,joint_psrl_uniform,16,0.0,0.0,0,0,3.6126647253263613,3.6126647253263613,0.059468666827149644,3|2|2|0,4,4,16,256
pub/london,Pub: london,pub,exact-payoff (backbone-invariant),1000,joint_psrl_uniform,17,0.0,0.0,0,0,3.6126647253263613,3.6126647253263613,0.06380818735971448,3|2|2|0,4,4,16,256
pub/london,Pub: london,pub,exact-payoff (backbone-invariant),1000,joint_psrl_uniform,18,0.0,0.0,0,0,3.6126647253263613,3.6126647253263613,0.06827039445365739,3|2|2|0,4,4,16,256
pub/london,Pub: london,pub,exact-payoff (backbone-invariant),1000,joint_psrl_uniform,19,0.0,0.0,0,0,3.6126647253263613,3.6126647253263613,0.07285504578453415,3|2|2|0,4,4,16,256
pub/london,Pub: london,pub,exact-payoff (backbone-invariant),1000,joint_psrl_uniform,20,0.0,0.0,0,0,3.6126647253263613,3.6126647253263613,0.07756046249717015,3|2|2|0,4,4,16,256
pub/london,Pub: london,pub,exact-payoff (backbone-invariant),1000,psrl_notype,1,0.0,0.0,0,0,3.6126647253263613,3.6126647253263613,0.00390625,3|2|2|0,4,4,16,256
pub/london,Pub: london,pub,exact-payoff (backbone-invariant),1000,psrl_notype,2,0.0,0.0,0,0,3.6126647253263613,3.6126647253263613,0.00390625,3|2|2|0,4,4,16,256
pub/london,Pub: london,pub,exact-payoff (backbone-invariant),1000,psrl_notype,3,0.0,0.0,0,0,3.6126647253263613,3.6126647253263613,0.00390625,3|2|2|0,4,4,16,256
pub/london,Pub: london,pub,exact-payoff (backbone-invariant),1000,psrl_notype,4,0.0,0.0,0,0,3.6126647253263613,3.6126647253263613,0.00390625,3|2|2|0,4,4,16,256
pub/london,Pub: london,pub,exact-payoff (backbone-invariant),1000,psrl_notype,5,0.0,0.0,0,0,3.6126647253263613,3.6126647253263613,0.00390625,3|2|2|0,4,4,16,256
pub/london,Pub: london,pub,exact-payoff (backbone-invariant),1000,psrl_notype,6,0.0,0.0,0,0,3.6126647253263613,3.6126647253263613,0.00390625,3|2|2|0,4,4,16,256
pub/london,Pub: london,pub,exact-payoff (backbone-invariant),1000,psrl_notype,7,0.0,0.0,0,0,3.6126647253263613,3.6126647253263613,0.00390625,3|2|2|0,4,4,16,256
pub/london,Pub: london,pub,exact-payoff (backbone-invariant),1000,psrl_notype,8,0.0,0.0,0,0,3.6126647253263613,3.6126647253263613,0.00390625,3|2|2|0,4,4,16,256
pub/london,Pub: london,pub,exact-payoff (backbone-invariant),1000,psrl_notype,9,0.0,0.0,0,0,3.6126647253263613,3.6126647253263613,0.00390625,3|2|2|0,4,4,16,256
pub/london,Pub: london,pub,exact-payoff (backbone-invariant),1000,psrl_notype,10,0.0,0.0,0,0,3.6126647253263613,3.6126647253263613,0.00390625,3|2|2|0,4,4,16,256
pub/london,Pub: london,pub,exact-payoff (backbone-invariant),1000,psrl_notype,11,0.0,0.0,0,0,3.6126647253263613,3.6126647253263613,0.00390625,3|2|2|0,4,4,16,256
pub/london,Pub: london,pub,exact-payoff (backbone-invariant),1000,psrl_notype,12,0.0,0.0,0,0,3.6126647253263613,3.6126647253263613,0.00390625,3|2|2|0,4,4,16,256
pub/london,Pub: london,pub,exact-payoff (backbone-invariant),1000,psrl_notype,13,0.0,0.0,0,0,3.6126647253263613,3.6126647253263613,0.00390625,3|2|2|0,4,4,16,256
pub/london,Pub: london,pub,exact-payoff (backbone-invariant),1000,psrl_notype,14,0.0,0.0,0,0,3.6126647253263613,3.6126647253263613,0.00390625,3|2|2|0,4,4,16,256
pub/london,Pub: london,pub,exact-payoff (backbone-invariant),1000,psrl_notype,15,0.0,0.0,0,0,3.6126647253263613,3.6126647253263613,0.00390625,3|2|2|0,4,4,16,256
pub/london,Pub: london,pub,exact-payoff (backbone-invariant),1000,psrl_notype,16,0.0,0.0,0,0,3.6126647253263613,3.6126647253263613,0.00390625,3|2|2|0,4,4,16,256
pub/london,Pub: london,pub,exact-payoff (backbone-invariant),1000,psrl_notype,17,0.0,0.0,0,0,3.6126647253263613,3.6126647253263613,0.00390625,3|2|2|0,4,4,16,256
pub/london,Pub: london,pub,exact-payoff (backbone-invariant),1000,psrl_notype,18,0.0,0.0,0,0,3.6126647253263613,3.6126647253263613,0.00390625,3|2|2|0,4,4,16,256
pub/london,Pub: london,pub,exact-payoff (backbone-invariant),1000,psrl_notype,19,0.0,0.0,0,0,3.6126647253263613,3.6126647253263613,0.00390625,3|2|2|0,4,4,16,256
pub/london,Pub: london,pub,exact-payoff (backbone-invariant),1000,psrl_notype,20,0.0,0.0,0,0,3.6126647253263613,3.6126647253263613,0.00390625,3|2|2|0,4,4,16,256
pub/london,Pub: london,pub,exact-payoff (backbone-invariant),1000,map_type_greedy,1,0.0,0.0,0,0,3.6126647253263613,3.6126647253263613,0.28862310627809473,3|2|2|0,4,4,16,256
pub/london,Pub: london,pub,exact-payoff (backbone-invariant),1000,map_type_greedy,2,0.0,0.0,0,0,3.6126647253263613,3.6126647253263613,0.3226490111489672,3|2|2|0,4,4,16,256
pub/london,Pub: london,pub,exact-payoff (backbone-invariant),1000,map_type_greedy,3,0.0,0.0,0,0,3.6126647253263613,3.6126647253263613,0.35259082733703956,3|2|2|0,4,4,16,256
pub/london,Pub: london,pub,exact-payoff (backbone-invariant),1000,map_type_greedy,4,0.0,0.0,0,0,3.6126647253263613,3.6126647253263613,0.37940314072115655,3|2|2|0,4,4,16,256
pub/london,Pub: london,pub,exact-payoff (backbone-invariant),1000,map_type_greedy,5,0.0,0.0,0,0,3.6126647253263613,3.6126647253263613,0.40340100571553633,3|2|2|0,4,4,16,256
pub/london,Pub: london,pub,exact-payoff (backbone-invariant),1000,map_type_greedy,6,0.0,0.0,0,0,3.6126647253263613,3.6126647253263613,0.42469537640855776,3|2|2|0,4,4,16,256
pub/london,Pub: london,pub,exact-payoff (backbone-invariant),1000,map_type_greedy,7,0.0,0.0,0,0,3.6126647253263613,3.6126647253263613,0.44346507404348723,3|2|2|0,4,4,16,256
pub/london,Pub: london,pub,exact-payoff (backbone-invariant),1000,map_type_greedy,8,0.0,0.0,0,0,3.6126647253263613,3.6126647253263613,0.45999511923525893,3|2|2|0,4,4,16,256
pub/london,Pub: london,pub,exact-payoff (backbone-invariant),1000,map_type_greedy,9,0.0,0.0,0,0,3.6126647253263613,3.6126647253263613,0.4746275744952282,3|2|2|0,4,4,16,256
pub/london,Pub: london,pub,exact-payoff (backbone-invariant),1000,map_type_greedy,10,0.0,0.0,0,0,3.6126647253263613,3.6126647253263613,0.4877070330886716,3|2|2|0,4,4,16,256
pub/london,Pub: london,pub,exact-payoff (backbone-invariant),1000,map_type_greedy,11,0.0,0.0,0,0,3.6126647253263613,3.6126647253263613,0.49954575984841204,3|2|2|0,4,4,16,256
pub/london,Pub: london,pub,exact-payoff (backbone-invariant),1000,map_type_greedy,12,0.0,0.0,0,0,3.6126647253263613,3.6126647253263613,0.5104084040901429,3|2|2|0,4,4,16,256
pub/london,Pub: london,pub,exact-payoff (backbone-invariant),1000,map_type_greedy,13,0.0,0.0,0,0,3.6126647253263613,3.6126647253263613,0.5205095946052969,3|2|2|0,4,4,16,256
pub/london,Pub: london,pub,exact-payoff (backbone-invariant),1000,map_type_greedy,14,0.0,0.0,0,0,3.6126647253263613,3.6126647253263613,0.5300182204897211,3|2|2|0,4,4,16,256
pub/london,Pub: london,pub,exact-payoff (backbone-invariant),1000,map_type_greedy,15,0.0,0.0,0,0,3.6126647253263613,3.6126647253263613,0.5390643194403006,3|2|2|0,4,4,16,256
pub/london,Pub: london,pub,exact-payoff (backbone-invariant),1000,map_type_greedy,16,0.0,0.0,0,0,3.6126647253263613,3.6126647253263613,0.5477463382407392,3|2|2|0,4,4,16,256
pub/london,Pub: london,pub,exact-payoff (backbone-invariant),1000,map_type_greedy,17,0.0,0.0,0,0,3.6126647253263613,3.6126647253263613,0.5561377306251354,3|2|2|0,4,4,16,256
pub/london,Pub: london,pub,exact-payoff (backbone-invariant),1000,map_type_greedy,18,0.0,0.0,0,0,3.6126647253263613,3.6126647253263613,0.5642925297970436,3|2|2|0,4,4,16,256
pub/london,Pub: london,pub,exact-payoff (backbone-invariant),1000,map_type_greedy,19,0.0,0.0,0,0,3.6126647253263613,3.6126647253263613,0.5722498659120914,3|2|2|0,4,4,16,256
pub/london,Pub: london,pub,exact-payoff (backbone-invariant),1000,map_type_greedy,20,0.0,0.0,0,0,3.6126647253263613,3.6126647253263613,0.5800375405964127,3|2|2|0,4,4,16,256
pub/london,Pub: london,pub,exact-payoff (backbone-invariant),1000,econ_bne,1,0.0,0.0,0,0,3.6126647253263613,3.6126647253263613,0.00390625,3|2|2|0,4,4,16,256
pub/london,Pub: london,pub,exact-payoff (backbone-invariant),1000,econ_bne,2,0.0,0.0,0,0,3.6126647253263613,3.6126647253263613,0.00390625,3|2|2|0,4,4,16,256
pub/london,Pub: london,pub,exact-payoff (backbone-invariant),1000,econ_bne,3,0.0,0.0,0,0,3.6126647253263613,3.6126647253263613,0.00390625,3|2|2|0,4,4,16,256
pub/london,Pub: london,pub,exact-payoff (backbone-invariant),1000,econ_bne,4,0.0,0.0,0,0,3.6126647253263613,3.6126647253263613,0.00390625,3|2|2|0,4,4,16,256
pub/london,Pub: london,pub,exact-payoff (backbone-invariant),1000,econ_bne,5,0.0,0.0,0,0,3.6126647253263613,3.6126647253263613,0.00390625,3|2|2|0,4,4,16,256
pub/london,Pub: london,pub,exact-payoff (backbone-invariant),1000,econ_bne,6,0.0,0.0,0,0,3.6126647253263613,3.6126647253263613,0.00390625,3|2|2|0,4,4,16,256
pub/london,Pub: london,pub,exact-payoff (backbone-invariant),1000,econ_bne,7,0.0,0.0,0,0,3.6126647253263613,3.6126647253263613,0.00390625,3|2|2|0,4,4,16,256
pub/london,Pub: london,pub,exact-payoff (backbone-invariant),1000,econ_bne,8,0.0,0.0,0,0,3.6126647253263613,3.6126647253263613,0.00390625,3|2|2|0,4,4,16,256
pub/london,Pub: london,pub,exact-payoff (backbone-invariant),1000,econ_bne,9,0.0,0.0,0,0,3.6126647253263613,3.6126647253263613,0.00390625,3|2|2|0,4,4,16,256
pub/london,Pub: london,pub,exact-payoff (backbone-invariant),1000,econ_bne,10,0.0,0.0,0,0,3.6126647253263613,3.6126647253263613,0.00390625,3|2|2|0,4,4,16,256
pub/london,Pub: london,pub,exact-payoff (backbone-invariant),1000,econ_bne,11,0.0,0.0,0,0,3.6126647253263613,3.6126647253263613,0.00390625,3|2|2|0,4,4,16,256
pub/london,Pub: london,pub,exact-payoff (backbone-invariant),1000,econ_bne,12,0.0,0.0,0,0,3.6126647253263613,3.6126647253263613,0.00390625,3|2|2|0,4,4,16,256
pub/london,Pub: london,pub,exact-payoff (backbone-invariant),1000,econ_bne,13,0.0,0.0,0,0,3.6126647253263613,3.6126647253263613,0.00390625,3|2|2|0,4,4,16,256
pub/london,Pub: london,pub,exact-payoff (backbone-invariant),1000,econ_bne,14,0.0,0.0,0,0,3.6126647253263613,3.6126647253263613,0.00390625,3|2|2|0,4,4,16,256
pub/london,Pub: london,pub,exact-payoff (backbone-invariant),1000,econ_bne,15,0.0,0.0,0,0,3.6126647253263613,3.6126647253263613,0.00390625,3|2|2|0,4,4,16,256
pub/london,Pub: london,pub,exact-payoff (backbone-invariant),1000,econ_bne,16,0.0,0.0,0,0,3.6126647253263613,3.6126647253263613,0.00390625,3|2|2|0,4,4,16,256
pub/london,Pub: london,pub,exact-payoff (backbone-invariant),1000,econ_bne,17,0.0,0.0,0,0,3.6126647253263613,3.6126647253263613,0.00390625,3|2|2|0,4,4,16,256
pub/london,Pub: london,pub,exact-payoff (backbone-invariant),1000,econ_bne,18,0.0,0.0,0,0,3.6126647253263613,3.6126647253263613,0.00390625,3|2|2|0,4,4,16,256
pub/london,Pub: london,pub,exact-payoff (backbone-invariant),1000,econ_bne,19,0.0,0.0,0,0,3.6126647253263613,3.6126647253263613,0.00390625,3|2|2|0,4,4,16,256
pub/london,Pub: london,pub,exact-payoff (backbone-invariant),1000,econ_bne,20,0.0,0.0,0,0,3.6126647253263613,3.6126647253263613,0.00390625,3|2|2|0,4,4,16,256
pub/london,Pub: london,pub,exact-payoff (backbone-invariant),1000,atom_tom1,1,0.0,0.0,0,0,3.6126647253263613,3.6126647253263613,0.00390625,3|2|2|0,4,4,16,256
pub/london,Pub: london,pub,exact-payoff (backbone-invariant),1000,atom_tom1,2,0.0,0.0,0,0,3.6126647253263613,3.6126647253263613,0.00390625,3|2|2|0,4,4,16,256
pub/london,Pub: london,pub,exact-payoff (backbone-invariant),1000,atom_tom1,3,0.0,0.0,0,0,3.6126647253263613,3.6126647253263613,0.00390625,3|2|2|0,4,4,16,256
pub/london,Pub: london,pub,exact-payoff (backbone-invariant),1000,atom_tom1,4,0.0,0.0,0,0,3.6126647253263613,3.6126647253263613,0.00390625,3|2|2|0,4,4,16,256
pub/london,Pub: london,pub,exact-payoff (backbone-invariant),1000,atom_tom1,5,0.0,0.0,0,0,3.6126647253263613,3.6126647253263613,0.00390625,3|2|2|0,4,4,16,256
pub/london,Pub: london,pub,exact-payoff (backbone-invariant),1000,atom_tom1,6,0.0,0.0,0,0,3.6126647253263613,3.6126647253263613,0.00390625,3|2|2|0,4,4,16,256
pub/london,Pub: london,pub,exact-payoff (backbone-invariant),1000,atom_tom1,7,0.0,0.0,0,0,3.6126647253263613,3.6126647253263613,0.00390625,3|2|2|0,4,4,16,256
pub/london,Pub: london,pub,exact-payoff (backbone-invariant),1000,atom_tom1,8,0.0,0.0,0,0,3.6126647253263613,3.6126647253263613,0.00390625,3|2|2|0,4,4,16,256
pub/london,Pub: london,pub,exact-payoff (backbone-invariant),1000,atom_tom1,9,0.0,0.0,0,0,3.6126647253263613,3.6126647253263613,0.00390625,3|2|2|0,4,4,16,256
pub/london,Pub: london,pub,exact-payoff (backbone-invariant),1000,atom_tom1,10,0.0,0.0,0,0,3.6126647253263613,3.6126647253263613,0.00390625,3|2|2|0,4,4,16,256
pub/london,Pub: london,pub,exact-payoff (backbone-invariant),1000,atom_tom1,11,0.0,0.0,0,0,3.6126647253263613,3.6126647253263613,0.00390625,3|2|2|0,4,4,16,256
pub/london,Pub: london,pub,exact-payoff (backbone-invariant),1000,atom_tom1,12,0.0,0.0,0,0,3.6126647253263613,3.6126647253263613,0.00390625,3|2|2|0,4,4,16,256
pub/london,Pub: london,pub,exact-payoff (backbone-invariant),1000,atom_tom1,13,0.0,0.0,0,0,3.6126647253263613,3.6126647253263613,0.00390625,3|2|2|0,4,4,16,256
pub/london,Pub: london,pub,exact-payoff (backbone-invariant),1000,atom_tom1,14,0.0,0.0,0,0,3.6126647253263613,3.6126647253263613,0.00390625,3|2|2|0,4,4,16,256
pub/london,Pub: london,pub,exact-payoff (backbone-invariant),1000,atom_tom1,15,0.0,0.0,0,0,3.6126647253263613,3.6126647253263613,0.00390625,3|2|2|0,4,4,16,256
pub/london,Pub: london,pub,exact-payoff (backbone-invariant),1000,atom_tom1,16,0.0,0.0,0,0,3.6126647253263613,3.6126647253263613,0.00390625,3|2|2|0,4,4,16,256
pub/london,Pub: london,pub,exact-payoff (backbone-invariant),1000,atom_tom1,17,0.0,0.0,0,0,3.6126647253263613,3.6126647253263613,0.00390625,3|2|2|0,4,4,16,256
pub/london,Pub: london,pub,exact-payoff (backbone-invariant),1000,atom_tom1,18,0.0,0.0,0,0,3.6126647253263613,3.6126647253263613,0.00390625,3|2|2|0,4,4,16,256
pub/london,Pub: london,pub,exact-payoff (backbone-invariant),1000,atom_tom1,19,0.0,0.0,0,0,3.6126647253263613,3.6126647253263613,0.00390625,3|2|2|0,4,4,16,256
pub/london,Pub: london,pub,exact-payoff (backbone-invariant),1000,atom_tom1,20,0.0,0.0,0,0,3.6126647253263613,3.6126647253263613,0.00390625,3|2|2|0,4,4,16,256
pub/london,Pub: london,pub,exact-payoff (backbone-invariant),1000,random,1,1.958186360491978,1.958186360491978,7,0,1.6544783648343833,3.6126647253263613,0.00390625,3|2|2|0,4,4,16,256
pub/london,Pub: london,pub,exact-payoff (backbone-invariant),1000,random,2,1.0729688686408503,3.0311552291328283,2,0,2.539695856685511,3.6126647253263613,0.00390625,3|2|2|0,4,4,16,256
pub/london,Pub: london,pub,exact-payoff (backbone-invariant),1000,random,3,0.0,3.0311552291328283,0,0,3.6126647253263613,3.6126647253263613,0.00390625,3|2|2|0,4,4,16,256
pub/london,Pub: london,pub,exact-payoff (backbone-invariant),1000,random,4,1.4435009081451744,4.474656137278003,5,0,2.169163817181187,3.6126647253263613,0.00390625,3|2|2|0,4,4,16,256
pub/london,Pub: london,pub,exact-payoff (backbone-invariant),1000,random,5,0.0,4.474656137278003,0,0,3.6126647253263613,3.6126647253263613,0.00390625,3|2|2|0,4,4,16,256
pub/london,Pub: london,pub,exact-payoff (backbone-invariant),1000,random,6,2.4531409846094405,6.927797121887443,9,0,1.159523740716921,3.6126647253263613,0.00390625,3|2|2|0,4,4,16,256
pub/london,Pub: london,pub,exact-payoff (backbone-invariant),1000,random,7,2.967826436956244,9.895623558843688,11,0,0.6448382883701171,3.6126647253263613,0.00390625,3|2|2|0,4,4,16,256
pub/london,Pub: london,pub,exact-payoff (backbone-invariant),1000,random,8,1.6172562976345701,11.512879856478259,1,0,1.9954084276917912,3.6126647253263613,0.00390625,3|2|2|0,4,4,16,256
pub/london,Pub: london,pub,exact-payoff (backbone-invariant),1000,random,9,2.1603069740230594,13.673186830501319,14,0,1.452357751303302,3.6126647253263613,0.00390625,3|2|2|0,4,4,16,256
pub/london,Pub: london,pub,exact-payoff (backbone-invariant),1000,random,10,1.0729688686408503,14.746155699142168,2,0,2.539695856685511,3.6126647253263613,0.00390625,3|2|2|0,4,4,16,256
pub/london,Pub: london,pub,exact-payoff (backbone-invariant),1000,random,11,1.0873381053822087,15.833493804524377,12,0,2.5253266199441526,3.6126647253263613,0.00390625,3|2|2|0,4,4,16,256
pub/london,Pub: london,pub,exact-payoff (backbone-invariant),1000,random,12,1.6172562976345701,17.450750102158946,1,0,1.9954084276917912,3.6126647253263613,0.00390625,3|2|2|0,4,4,16,256
pub/london,Pub: london,pub,exact-payoff (backbone-invariant),1000,random,13,2.479056937852721,19.929807040011667,10,0,1.13360778747364,3.6126647253263613,0.00390625,3|2|2|0,4,4,16,256
pub/london,Pub: london,pub,exact-payoff (backbone-invariant),1000,random,14,2.131941749981374,22.06174878999304,3,0,1.480722975344987,3.6126647253263613,0.00390625,3|2|2|0,4,4,16,256
pub/london,Pub: london,pub,exact-payoff (backbone-invariant),1000,random,15,1.6172562976345701,23.67900508762761,1,0,1.9954084276917912,3.6126647253263613,0.00390625,3|2|2|0,4,4,16,256
pub/london,Pub: london,pub,exact-payoff (backbone-invariant),1000,random,16,1.4435009081451744,25.122505995772784,5,0,2.169163817181187,3.6126647253263613,0.00390625,3|2|2|0,4,4,16,256
pub/london,Pub: london,pub,exact-payoff (backbone-invariant),1000,random,17,2.4531409846094405,27.575646980382224,9,0,1.159523740716921,3.6126647253263613,0.00390625,3|2|2|0,4,4,16,256
pub/london,Pub: london,pub,exact-payoff (backbone-invariant),1000,random,18,2.967826436956244,30.54347341733847,11,0,0.6448382883701171,3.6126647253263613,0.00390625,3|2|2|0,4,4,16,256
pub/london,Pub: london,pub,exact-payoff (backbone-invariant),1000,random,19,1.83690033470284,32.38037375204131,15,0,1.7757643906235212,3.6126647253263613,0.00390625,3|2|2|0,4,4,16,256
pub/london,Pub: london,pub,exact-payoff (backbone-invariant),1000,random,20,1.958186360491978,34.33856011253329,7,0,1.6544783648343833,3.6126647253263613,0.00390625,3|2|2|0,4,4,16,256
pub/london_mini,Pub: london_mini,pub,exact-payoff (backbone-invariant),1000,pact,1,0.0,0.0,0,0,1.9555555555555555,1.9555555555555555,0.2566692924786813,3|2,2,4,8,16
pub/london_mini,Pub: london_mini,pub,exact-payoff (backbone-invariant),1000,pact,2,0.0,0.0,0,0,1.9555555555555555,1.9555555555555555,0.2634114067076817,3|2,2,4,8,16
pub/london_mini,Pub: london_mini,pub,exact-payoff (backbone-invariant),1000,pact,3,0.0,0.0,0,0,1.9555555555555555,1.9555555555555555,0.27022049196276887,3|2,2,4,8,16
pub/london_mini,Pub: london_mini,pub,exact-payoff (backbone-invariant),1000,pact,4,0.0,0.0,0,0,1.9555555555555555,1.9555555555555555,0.27709052479740837,3|2,2,4,8,16
pub/london_mini,Pub: london_mini,pub,exact-payoff (backbone-invariant),1000,pact,5,0.0,0.0,0,0,1.9555555555555555,1.9555555555555555,0.28401533646199684,3|2,2,4,8,16
pub/london_mini,Pub: london_mini,pub,exact-payoff (backbone-invariant),1000,pact,6,0.0,0.0,0,0,1.9555555555555555,1.9555555555555555,0.29098864061023677,3|2,2,4,8,16
pub/london_mini,Pub: london_mini,pub,exact-payoff (backbone-invariant),1000,pact,7,0.0,0.0,0,0,1.9555555555555555,1.9555555555555555,0.2980040610203405,3|2,2,4,8,16
pub/london_mini,Pub: london_mini,pub,exact-payoff (backbone-invariant),1000,pact,8,0.0,0.0,0,0,1.9555555555555555,1.9555555555555555,0.3050551590742913,3|2,2,4,8,16
pub/london_mini,Pub: london_mini,pub,exact-payoff (backbone-invariant),1000,pact,9,0.0,0.0,0,0,1.9555555555555555,1.9555555555555555,0.3121354607572301,3|2,2,4,8,16
pub/london_mini,Pub: london_mini,pub,exact-payoff (backbone-invariant),1000,pact,10,0.0,0.0,0,0,1.9555555555555555,1.9555555555555555,0.3192384829604544,3|2,2,4,8,16
pub/london_mini,Pub: london_mini,pub,exact-payoff (backbone-invariant),1000,pact,11,0.0,0.0,0,0,1.9555555555555555,1.9555555555555555,0.3263577588948098,3|2,2,4,8,16
pub/london_mini,Pub: london_mini,pub,exact-payoff (backbone-invariant),1000,pact,12,0.0,0.0,0,0,1.9555555555555555,1.9555555555555555,0.3334868624457319,3|2,2,4,8,16
pub/london_mini,Pub: london_mini,pub,exact-payoff (backbone-invariant),1000,pact,13,0.0,0.0,0,0,1.9555555555555555,1.9555555555555555,0.34061943132620853,3|2,2,4,8,16
pub/london_mini,Pub: london_mini,pub,exact-payoff (backbone-invariant),1000,pact,14,0.0,0.0,0,0,1.9555555555555555,1.9555555555555555,0.3477491889088975,3|2,2,4,8,16
pub/london_mini,Pub: london_mini,pub,exact-payoff (backbone-invariant),1000,pact,15,0.0,0.0,0,0,1.9555555555555555,1.9555555555555555,0.35486996464302845,3|2,2,4,8,16
pub/london_mini,Pub: london_mini,pub,exact-payoff (backbone-invariant),1000,pact,16,0.0,0.0,0,0,1.9555555555555555,1.9555555555555555,0.3619757129851077,3|2,2,4,8,16
pub/london_mini,Pub: london_mini,pub,exact-payoff (backbone-invariant),1000,pact,17,0.0,0.0,0,0,1.9555555555555555,1.9555555555555555,0.3690605307944711,3|2,2,4,8,16
pub/london_mini,Pub: london_mini,pub,exact-payoff (backbone-invariant),1000,pact,18,0.0,0.0,0,0,1.9555555555555555,1.9555555555555555,0.37611867316512015,3|2,2,4,8,16
pub/london_mini,Pub: london_mini,pub,exact-payoff (backbone-invariant),1000,pact,19,0.0,0.0,0,0,1.9555555555555555,1.9555555555555555,0.38314456768384114,3|2,2,4,8,16
pub/london_mini,Pub: london_mini,pub,exact-payoff (backbone-invariant),1000,pact,20,0.0,0.0,0,0,1.9555555555555555,1.9555555555555555,0.39013282712121133,3|2,2,4,8,16
pub/london_mini,Pub: london_mini,pub,exact-payoff (backbone-invariant),1000,pact_plus,1,0.0,0.0,0,0,1.9555555555555555,1.9555555555555555,0.2566692924786813,3|2,2,4,8,16
pub/london_mini,Pub: london_mini,pub,exact-payoff (backbone-invariant),1000,pact_plus,2,0.0,0.0,0,0,1.9555555555555555,1.9555555555555555,0.2634114067076817,3|2,2,4,8,16
pub/london_mini,Pub: london_mini,pub,exact-payoff (backbone-invariant),1000,pact_plus,3,0.0,0.0,0,0,1.9555555555555555,1.9555555555555555,0.27022049196276887,3|2,2,4,8,16
pub/london_mini,Pub: london_mini,pub,exact-payoff (backbone-invariant),1000,pact_plus,4,0.0,0.0,0,0,1.9555555555555555,1.9555555555555555,0.27709052479740837,3|2,2,4,8,16
pub/london_mini,Pub: london_mini,pub,exact-payoff (backbone-invariant),1000,pact_plus,5,0.0,0.0,0,0,1.9555555555555555,1.9555555555555555,0.28401533646199684,3|2,2,4,8,16
pub/london_mini,Pub: london_mini,pub,exact-payoff (backbone-invariant),1000,pact_plus,6,0.0,0.0,0,0,1.9555555555555555,1.9555555555555555,0.29098864061023677,3|2,2,4,8,16
pub/london_mini,Pub: london_mini,pub,exact-payoff (backbone-invariant),1000,pact_plus,7,0.0,0.0,0,0,1.9555555555555555,1.9555555555555555,0.2980040610203405,3|2,2,4,8,16
pub/london_mini,Pub: london_mini,pub,exact-payoff (backbone-invariant),1000,pact_plus,8,0.0,0.0,0,0,1.9555555555555555,1.9555555555555555,0.3050551590742913,3|2,2,4,8,16
pub/london_mini,Pub: london_mini,pub,exact-payoff (backbone-invariant),1000,pact_plus,9,0.0,0.0,0,0,1.9555555555555555,1.9555555555555555,0.3121354607572301,3|2,2,4,8,16
pub/london_mini,Pub: london_mini,pub,exact-payoff (backbone-invariant),1000,pact_plus,10,0.0,0.0,0,0,1.9555555555555555,1.9555555555555555,0.3192384829604544,3|2,2,4,8,16
pub/london_mini,Pub: london_mini,pub,exact-payoff (backbone-invariant),1000,pact_plus,11,0.0,0.0,0,0,1.9555555555555555,1.9555555555555555,0.3263577588948098,3|2,2,4,8,16
pub/london_mini,Pub: london_mini,pub,exact-payoff (backbone-invariant),1000,pact_plus,12,0.0,0.0,0,0,1.9555555555555555,1.9555555555555555,0.3334868624457319,3|2,2,4,8,16
pub/london_mini,Pub: london_mini,pub,exact-payoff (backbone-invariant),1000,pact_plus,13,0.0,0.0,0,0,1.9555555555555555,1.9555555555555555,0.34061943132620853,3|2,2,4,8,16
pub/london_mini,Pub: london_mini,pub,exact-payoff (backbone-invariant),1000,pact_plus,14,0.0,0.0,0,0,1.9555555555555555,1.9555555555555555,0.3477491889088975,3|2,2,4,8,16
pub/london_mini,Pub: london_mini,pub,exact-payoff (backbone-invariant),1000,pact_plus,15,0.0,0.0,0,0,1.9555555555555555,1.9555555555555555,0.35486996464302845,3|2,2,4,8,16
pub/london_mini,Pub: london_mini,pub,exact-payoff (backbone-invariant),1000,pact_plus,16,0.0,0.0,0,0,1.9555555555555555,1.9555555555555555,0.3619757129851077,3|2,2,4,8,16
pub/london_mini,Pub: london_mini,pub,exact-payoff (backbone-invariant),1000,pact_plus,17,0.0,0.0,0,0,1.9555555555555555,1.9555555555555555,0.3690605307944711,3|2,2,4,8,16
pub/london_mini,Pub: london_mini,pub,exact-payoff (backbone-invariant),1000,pact_plus,18,0.0,0.0,0,0,1.9555555555555555,1.9555555555555555,0.37611867316512015,3|2,2,4,8,16
pub/london_mini,Pub: london_mini,pub,exact-payoff (backbone-invariant),1000,pact_plus,19,0.0,0.0,0,0,1.9555555555555555,1.9555555555555555,0.38314456768384114,3|2,2,4,8,16
pub/london_mini,Pub: london_mini,pub,exact-payoff (backbone-invariant),1000,pact_plus,20,0.0,0.0,0,0,1.9555555555555555,1.9555555555555555,0.39013282712121133,3|2,2,4,8,16
pub/london_mini,Pub: london_mini,pub,exact-payoff (backbone-invariant),1000,joint_psrl_uniform,1,0.0,0.0,0,0,1.9555555555555555,1.9555555555555555,0.0658656682764749,3|2,2,4,8,16
pub/london_mini,Pub: london_mini,pub,exact-payoff (backbone-invariant),1000,joint_psrl_uniform,2,0.0,0.0,0,0,1.9555555555555555,1.9555555555555555,0.06933026465426571,3|2,2,4,8,16
pub/london_mini,Pub: london_mini,pub,exact-payoff (backbone-invariant),1000,joint_psrl_uniform,3,0.0,0.0,0,0,1.9555555555555555,1.9555555555555555,0.0728914302359069,3|2,2,4,8,16
pub/london_mini,Pub: london_mini,pub,exact-payoff (backbone-invariant),1000,joint_psrl_uniform,4,0.0,0.0,0,0,1.9555555555555555,1.9555555555555555,0.07654652772774444,3|2,2,4,8,16
pub/london_mini,Pub: london_mini,pub,exact-payoff (backbone-invariant),1000,joint_psrl_uniform,5,0.0,0.0,0,0,1.9555555555555555,1.9555555555555555,0.08029265506234484,3|2,2,4,8,16
pub/london_mini,Pub: london_mini,pub,exact-payoff (backbone-invariant),1000,joint_psrl_uniform,6,0.0,0.0,0,0,1.9555555555555555,1.9555555555555555,0.08412666054826519,3|2,2,4,8,16
pub/london_mini,Pub: london_mini,pub,exact-payoff (backbone-invariant),1000,joint_psrl_uniform,7,0.0,0.0,0,0,1.9555555555555555,1.9555555555555555,0.0880451593525685,3|2,2,4,8,16
pub/london_mini,Pub: london_mini,pub,exact-payoff (backbone-invariant),1000,joint_psrl_uniform,8,0.0,0.0,0,0,1.9555555555555555,1.9555555555555555,0.09204455111453108,3|2,2,4,8,16
pub/london_mini,Pub: london_mini,pub,exact-payoff (backbone-invariant),1000,joint_psrl_uniform,9,0.0,0.0,0,0,1.9555555555555555,1.9555555555555555,0.09612103848585726,3|2,2,4,8,16
pub/london_mini,Pub: london_mini,pub,exact-payoff (backbone-invariant),1000,joint_psrl_uniform,10,0.0,0.0,0,0,1.9555555555555555,1.9555555555555555,0.10027064639314628,3|2,2,4,8,16
pub/london_mini,Pub: london_mini,pub,exact-payoff (backbone-invariant),1000,joint_psrl_uniform,11,0.0,0.0,0,0,1.9555555555555555,1.9555555555555555,0.10448924182202164,3|2,2,4,8,16
pub/london_mini,Pub: london_mini,pub,exact-payoff (backbone-invariant),1000,joint_psrl_uniform,12,0.0,0.0,0,0,1.9555555555555555,1.9555555555555555,0.10877255392886263,3|2,2,4,8,16
pub/london_mini,Pub: london_mini,pub,exact-payoff (backbone-invariant),1000,joint_psrl_uniform,13,0.0,0.0,0,0,1.9555555555555555,1.9555555555555555,0.11311619429506008,3|2,2,4,8,16
pub/london_mini,Pub: london_mini,pub,exact-payoff (backbone-invariant),1000,joint_psrl_uniform,14,0.0,0.0,0,0,1.9555555555555555,1.9555555555555555,0.11751567714972797,3|2,2,4,8,16
pub/london_mini,Pub: london_mini,pub,exact-payoff (backbone-invariant),1000,joint_psrl_uniform,15,0.0,0.0,0,0,1.9555555555555555,1.9555555555555555,0.12196643939940972,3|2,2,4,8,16
pub/london_mini,Pub: london_mini,pub,exact-payoff (backbone-invariant),1000,joint_psrl_uniform,16,0.0,0.0,0,0,1.9555555555555555,1.9555555555555555,0.12646386031710602,3|2,2,4,8,16
pub/london_mini,Pub: london_mini,pub,exact-payoff (backbone-invariant),1000,joint_psrl_uniform,17,0.0,0.0,0,0,1.9555555555555555,1.9555555555555555,0.131003280757527,3|2,2,4,8,16
pub/london_mini,Pub: london_mini,pub,exact-payoff (backbone-invariant),1000,joint_psrl_uniform,18,0.0,0.0,0,0,1.9555555555555555,1.9555555555555555,0.13558002178047351,3|2,2,4,8,16
pub/london_mini,Pub: london_mini,pub,exact-payoff (backbone-invariant),1000,joint_psrl_uniform,19,0.0,0.0,0,0,1.9555555555555555,1.9555555555555555,0.14018940257935708,3|2,2,4,8,16
pub/london_mini,Pub: london_mini,pub,exact-payoff (backbone-invariant),1000,joint_psrl_uniform,20,0.0,0.0,0,0,1.9555555555555555,1.9555555555555555,0.1448267576267961,3|2,2,4,8,16
pub/london_mini,Pub: london_mini,pub,exact-payoff (backbone-invariant),1000,psrl_notype,1,0.0,0.0,0,0,1.9555555555555555,1.9555555555555555,0.0625,3|2,2,4,8,16
pub/london_mini,Pub: london_mini,pub,exact-payoff (backbone-invariant),1000,psrl_notype,2,0.0,0.0,0,0,1.9555555555555555,1.9555555555555555,0.0625,3|2,2,4,8,16
pub/london_mini,Pub: london_mini,pub,exact-payoff (backbone-invariant),1000,psrl_notype,3,0.0,0.0,0,0,1.9555555555555555,1.9555555555555555,0.0625,3|2,2,4,8,16
pub/london_mini,Pub: london_mini,pub,exact-payoff (backbone-invariant),1000,psrl_notype,4,0.0,0.0,0,0,1.9555555555555555,1.9555555555555555,0.0625,3|2,2,4,8,16
pub/london_mini,Pub: london_mini,pub,exact-payoff (backbone-invariant),1000,psrl_notype,5,0.0,0.0,0,0,1.9555555555555555,1.9555555555555555,0.0625,3|2,2,4,8,16
pub/london_mini,Pub: london_mini,pub,exact-payoff (backbone-invariant),1000,psrl_notype,6,0.0,0.0,0,0,1.9555555555555555,1.9555555555555555,0.0625,3|2,2,4,8,16
pub/london_mini,Pub: london_mini,pub,exact-payoff (backbone-invariant),1000,psrl_notype,7,0.0,0.0,0,0,1.9555555555555555,1.9555555555555555,0.0625,3|2,2,4,8,16
pub/london_mini,Pub: london_mini,pub,exact-payoff (backbone-invariant),1000,psrl_notype,8,0.0,0.0,0,0,1.9555555555555555,1.9555555555555555,0.0625,3|2,2,4,8,16
pub/london_mini,Pub: london_mini,pub,exact-payoff (backbone-invariant),1000,psrl_notype,9,0.0,0.0,0,0,1.9555555555555555,1.9555555555555555,0.0625,3|2,2,4,8,16
pub/london_mini,Pub: london_mini,pub,exact-payoff (backbone-invariant),1000,psrl_notype,10,0.0,0.0,0,0,1.9555555555555555,1.9555555555555555,0.0625,3|2,2,4,8,16
pub/london_mini,Pub: london_mini,pub,exact-payoff (backbone-invariant),1000,psrl_notype,11,0.0,0.0,0,0,1.9555555555555555,1.9555555555555555,0.0625,3|2,2,4,8,16
pub/london_mini,Pub: london_mini,pub,exact-payoff (backbone-invariant),1000,psrl_notype,12,0.0,0.0,0,0,1.9555555555555555,1.9555555555555555,0.0625,3|2,2,4,8,16
pub/london_mini,Pub: london_mini,pub,exact-payoff (backbone-invariant),1000,psrl_notype,13,0.0,0.0,0,0,1.9555555555555555,1.9555555555555555,0.0625,3|2,2,4,8,16
pub/london_mini,Pub: london_mini,pub,exact-payoff (backbone-invariant),1000,psrl_notype,14,0.0,0.0,0,0,1.9555555555555555,1.9555555555555555,0.0625,3|2,2,4,8,16
pub/london_mini,Pub: london_mini,pub,exact-payoff (backbone-invariant),1000,psrl_notype,15,0.0,0.0,0,0,1.9555555555555555,1.9555555555555555,0.0625,3|2,2,4,8,16
pub/london_mini,Pub: london_mini,pub,exact-payoff (backbone-invariant),1000,psrl_notype,16,0.0,0.0,0,0,1.9555555555555555,1.9555555555555555,0.0625,3|2,2,4,8,16
pub/london_mini,Pub: london_mini,pub,exact-payoff (backbone-invariant),1000,psrl_notype,17,0.0,0.0,0,0,1.9555555555555555,1.9555555555555555,0.0625,3|2,2,4,8,16
pub/london_mini,Pub: london_mini,pub,exact-payoff (backbone-invariant),1000,psrl_notype,18,0.0,0.0,0,0,1.9555555555555555,1.9555555555555555,0.0625,3|2,2,4,8,16
pub/london_mini,Pub: london_mini,pub,exact-payoff (backbone-invariant),1000,psrl_notype,19,0.0,0.0,0,0,1.9555555555555555,1.9555555555555555,0.0625,3|2,2,4,8,16
pub/london_mini,Pub: london_mini,pub,exact-payoff (backbone-invariant),1000,psrl_notype,20,0.0,0.0,0,0,1.9555555555555555,1.9555555555555555,0.0625,3|2,2,4,8,16
pub/london_mini,Pub: london_mini,pub,exact-payoff (backbone-invariant),1000,map_type_greedy,1,0.0,0.0,0,0,1.9555555555555555,1.9555555555555555,0.2566692924786813,3|2,2,4,8,16
pub/london_mini,Pub: london_mini,pub,exact-payoff (backbone-invariant),1000,map_type_greedy,2,0.0,0.0,0,0,1.9555555555555555,1.9555555555555555,0.2634114067076817,3|2,2,4,8,16
pub/london_mini,Pub: london_mini,pub,exact-payoff (backbone-invariant),1000,map_type_greedy,3,0.0,0.0,0,0,1.9555555555555555,1.9555555555555555,0.27022049196276887,3|2,2,4,8,16
pub/london_mini,Pub: london_mini,pub,exact-payoff (backbone-invariant),1000,map_type_greedy,4,0.0,0.0,0,0,1.9555555555555555,1.9555555555555555,0.27709052479740837,3|2,2,4,8,16
pub/london_mini,Pub: london_mini,pub,exact-payoff (backbone-invariant),1000,map_type_greedy,5,0.0,0.0,0,0,1.9555555555555555,1.9555555555555555,0.28401533646199684,3|2,2,4,8,16
pub/london_mini,Pub: london_mini,pub,exact-payoff (backbone-invariant),1000,map_type_greedy,6,0.0,0.0,0,0,1.9555555555555555,1.9555555555555555,0.29098864061023677,3|2,2,4,8,16
pub/london_mini,Pub: london_mini,pub,exact-payoff (backbone-invariant),1000,map_type_greedy,7,0.0,0.0,0,0,1.9555555555555555,1.9555555555555555,0.2980040610203405,3|2,2,4,8,16
pub/london_mini,Pub: london_mini,pub,exact-payoff (backbone-invariant),1000,map_type_greedy,8,0.0,0.0,0,0,1.9555555555555555,1.9555555555555555,0.3050551590742913,3|2,2,4,8,16
pub/london_mini,Pub: london_mini,pub,exact-payoff (backbone-invariant),1000,map_type_greedy,9,0.0,0.0,0,0,1.9555555555555555,1.9555555555555555,0.3121354607572301,3|2,2,4,8,16
pub/london_mini,Pub: london_mini,pub,exact-payoff (backbone-invariant),1000,map_type_greedy,10,0.0,0.0,0,0,1.9555555555555555,1.9555555555555555,0.3192384829604544,3|2,2,4,8,16
pub/london_mini,Pub: london_mini,pub,exact-payoff (backbone-invariant),1000,map_type_greedy,11,0.0,0.0,0,0,1.9555555555555555,1.9555555555555555,0.3263577588948098,3|2,2,4,8,16
pub/london_mini,Pub: london_mini,pub,exact-payoff (backbone-invariant),1000,map_type_greedy,12,0.0,0.0,0,0,1.9555555555555555,1.9555555555555555,0.3334868624457319,3|2,2,4,8,16
pub/london_mini,Pub: london_mini,pub,exact-payoff (backbone-invariant),1000,map_type_greedy,13,0.0,0.0,0,0,1.9555555555555555,1.9555555555555555,0.34061943132620853,3|2,2,4,8,16
pub/london_mini,Pub: london_mini,pub,exact-payoff (backbone-invariant),1000,map_type_greedy,14,0.0,0.0,0,0,1.9555555555555555,1.9555555555555555,0.3477491889088975,3|2,2,4,8,16
pub/london_mini,Pub: london_mini,pub,exact-payoff (backbone-invariant),1000,map_type_greedy,15,0.0,0.0,0,0,1.9555555555555555,1.9555555555555555,0.35486996464302845,3|2,2,4,8,16
pub/london_mini,Pub: london_mini,pub,exact-payoff (backbone-invariant),1000,map_type_greedy,16,0.0,0.0,0,0,1.9555555555555555,1.9555555555555555,0.3619757129851077,3|2,2,4,8,16
pub/london_mini,Pub: london_mini,pub,exact-payoff (backbone-invariant),1000,map_type_greedy,17,0.0,0.0,0,0,1.9555555555555555,1.9555555555555555,0.3690605307944711,3|2,2,4,8,16
pub/london_mini,Pub: london_mini,pub,exact-payoff (backbone-invariant),1000,map_type_greedy,18,0.0,0.0,0,0,1.9555555555555555,1.9555555555555555,0.37611867316512015,3|2,2,4,8,16
pub/london_mini,Pub: london_mini,pub,exact-payoff (backbone-invariant),1000,map_type_greedy,19,0.0,0.0,0,0,1.9555555555555555,1.9555555555555555,0.38314456768384114,3|2,2,4,8,16
pub/london_mini,Pub: london_mini,pub,exact-payoff (backbone-invariant),1000,map_type_greedy,20,0.0,0.0,0,0,1.9555555555555555,1.9555555555555555,0.39013282712121133,3|2,2,4,8,16
pub/london_mini,Pub: london_mini,pub,exact-payoff (backbone-invariant),1000,econ_bne,1,0.0,0.0,0,0,1.9555555555555555,1.9555555555555555,0.0625,3|2,2,4,8,16
pub/london_mini,Pub: london_mini,pub,exact-payoff (backbone-invariant),1000,econ_bne,2,0.0,0.0,0,0,1.9555555555555555,1.9555555555555555,0.0625,3|2,2,4,8,16
pub/london_mini,Pub: london_mini,pub,exact-payoff (backbone-invariant),1000,econ_bne,3,0.0,0.0,0,0,1.9555555555555555,1.9555555555555555,0.0625,3|2,2,4,8,16
pub/london_mini,Pub: london_mini,pub,exact-payoff (backbone-invariant),1000,econ_bne,4,0.0,0.0,0,0,1.9555555555555555,1.9555555555555555,0.0625,3|2,2,4,8,16
pub/london_mini,Pub: london_mini,pub,exact-payoff (backbone-invariant),1000,econ_bne,5,0.0,0.0,0,0,1.9555555555555555,1.9555555555555555,0.0625,3|2,2,4,8,16
pub/london_mini,Pub: london_mini,pub,exact-payoff (backbone-invariant),1000,econ_bne,6,0.0,0.0,0,0,1.9555555555555555,1.9555555555555555,0.0625,3|2,2,4,8,16
pub/london_mini,Pub: london_mini,pub,exact-payoff (backbone-invariant),1000,econ_bne,7,0.0,0.0,0,0,1.9555555555555555,1.9555555555555555,0.0625,3|2,2,4,8,16
pub/london_mini,Pub: london_mini,pub,exact-payoff (backbone-invariant),1000,econ_bne,8,0.0,0.0,0,0,1.9555555555555555,1.9555555555555555,0.0625,3|2,2,4,8,16
pub/london_mini,Pub: london_mini,pub,exact-payoff (backbone-invariant),1000,econ_bne,9,0.0,0.0,0,0,1.9555555555555555,1.9555555555555555,0.0625,3|2,2,4,8,16
pub/london_mini,Pub: london_mini,pub,exact-payoff (backbone-invariant),1000,econ_bne,10,0.0,0.0,0,0,1.9555555555555555,1.9555555555555555,0.0625,3|2,2,4,8,16
pub/london_mini,Pub: london_mini,pub,exact-payoff (backbone-invariant),1000,econ_bne,11,0.0,0.0,0,0,1.9555555555555555,1.9555555555555555,0.0625,3|2,2,4,8,16
pub/london_mini,Pub: london_mini,pub,exact-payoff (backbone-invariant),1000,econ_bne,12,0.0,0.0,0,0,1.9555555555555555,1.9555555555555555,0.0625,3|2,2,4,8,16
pub/london_mini,Pub: london_mini,pub,exact-payoff (backbone-invariant),1000,econ_bne,13,0.0,0.0,0,0,1.9555555555555555,1.9555555555555555,0.0625,3|2,2,4,8,16
pub/london_mini,Pub: london_mini,pub,exact-payoff (backbone-invariant),1000,econ_bne,14,0.0,0.0,0,0,1.9555555555555555,1.9555555555555555,0.0625,3|2,2,4,8,16
pub/london_mini,Pub: london_mini,pub,exact-payoff (backbone-invariant),1000,econ_bne,15,0.0,0.0,0,0,1.9555555555555555,1.9555555555555555,0.0625,3|2,2,4,8,16
pub/london_mini,Pub: london_mini,pub,exact-payoff (backbone-invariant),1000,econ_bne,16,0.0,0.0,0,0,1.9555555555555555,1.9555555555555555,0.0625,3|2,2,4,8,16
pub/london_mini,Pub: london_mini,pub,exact-payoff (backbone-invariant),1000,econ_bne,17,0.0,0.0,0,0,1.9555555555555555,1.9555555555555555,0.0625,3|2,2,4,8,16
pub/london_mini,Pub: london_mini,pub,exact-payoff (backbone-invariant),1000,econ_bne,18,0.0,0.0,0,0,1.9555555555555555,1.9555555555555555,0.0625,3|2,2,4,8,16
pub/london_mini,Pub: london_mini,pub,exact-payoff (backbone-invariant),1000,econ_bne,19,0.0,0.0,0,0,1.9555555555555555,1.9555555555555555,0.0625,3|2,2,4,8,16
pub/london_mini,Pub: london_mini,pub,exact-payoff (backbone-invariant),1000,econ_bne,20,0.0,0.0,0,0,1.9555555555555555,1.9555555555555555,0.0625,3|2,2,4,8,16
pub/london_mini,Pub: london_mini,pub,exact-payoff (backbone-invariant),1000,atom_tom1,1,0.0,0.0,0,0,1.9555555555555555,1.9555555555555555,0.0625,3|2,2,4,8,16
pub/london_mini,Pub: london_mini,pub,exact-payoff (backbone-invariant),1000,atom_tom1,2,0.0,0.0,0,0,1.9555555555555555,1.9555555555555555,0.0625,3|2,2,4,8,16
pub/london_mini,Pub: london_mini,pub,exact-payoff (backbone-invariant),1000,atom_tom1,3,0.0,0.0,0,0,1.9555555555555555,1.9555555555555555,0.0625,3|2,2,4,8,16
pub/london_mini,Pub: london_mini,pub,exact-payoff (backbone-invariant),1000,atom_tom1,4,0.0,0.0,0,0,1.9555555555555555,1.9555555555555555,0.0625,3|2,2,4,8,16
pub/london_mini,Pub: london_mini,pub,exact-payoff (backbone-invariant),1000,atom_tom1,5,0.0,0.0,0,0,1.9555555555555555,1.9555555555555555,0.0625,3|2,2,4,8,16
pub/london_mini,Pub: london_mini,pub,exact-payoff (backbone-invariant),1000,atom_tom1,6,0.0,0.0,0,0,1.9555555555555555,1.9555555555555555,0.0625,3|2,2,4,8,16
pub/london_mini,Pub: london_mini,pub,exact-payoff (backbone-invariant),1000,atom_tom1,7,0.0,0.0,0,0,1.9555555555555555,1.9555555555555555,0.0625,3|2,2,4,8,16
pub/london_mini,Pub: london_mini,pub,exact-payoff (backbone-invariant),1000,atom_tom1,8,0.0,0.0,0,0,1.9555555555555555,1.9555555555555555,0.0625,3|2,2,4,8,16
pub/london_mini,Pub: london_mini,pub,exact-payoff (backbone-invariant),1000,atom_tom1,9,0.0,0.0,0,0,1.9555555555555555,1.9555555555555555,0.0625,3|2,2,4,8,16
pub/london_mini,Pub: london_mini,pub,exact-payoff (backbone-invariant),1000,atom_tom1,10,0.0,0.0,0,0,1.9555555555555555,1.9555555555555555,0.0625,3|2,2,4,8,16
pub/london_mini,Pub: london_mini,pub,exact-payoff (backbone-invariant),1000,atom_tom1,11,0.0,0.0,0,0,1.9555555555555555,1.9555555555555555,0.0625,3|2,2,4,8,16
pub/london_mini,Pub: london_mini,pub,exact-payoff (backbone-invariant),1000,atom_tom1,12,0.0,0.0,0,0,1.9555555555555555,1.9555555555555555,0.0625,3|2,2,4,8,16
pub/london_mini,Pub: london_mini,pub,exact-payoff (backbone-invariant),1000,atom_tom1,13,0.0,0.0,0,0,1.9555555555555555,1.9555555555555555,0.0625,3|2,2,4,8,16
pub/london_mini,Pub: london_mini,pub,exact-payoff (backbone-invariant),1000,atom_tom1,14,0.0,0.0,0,0,1.9555555555555555,1.9555555555555555,0.0625,3|2,2,4,8,16
pub/london_mini,Pub: london_mini,pub,exact-payoff (backbone-invariant),1000,atom_tom1,15,0.0,0.0,0,0,1.9555555555555555,1.9555555555555555,0.0625,3|2,2,4,8,16
pub/london_mini,Pub: london_mini,pub,exact-payoff (backbone-invariant),1000,atom_tom1,16,0.0,0.0,0,0,1.9555555555555555,1.9555555555555555,0.0625,3|2,2,4,8,16
pub/london_mini,Pub: london_mini,pub,exact-payoff (backbone-invariant),1000,atom_tom1,17,0.0,0.0,0,0,1.9555555555555555,1.9555555555555555,0.0625,3|2,2,4,8,16
pub/london_mini,Pub: london_mini,pub,exact-payoff (backbone-invariant),1000,atom_tom1,18,0.0,0.0,0,0,1.9555555555555555,1.9555555555555555,0.0625,3|2,2,4,8,16
pub/london_mini,Pub: london_mini,pub,exact-payoff (backbone-invariant),1000,atom_tom1,19,0.0,0.0,0,0,1.9555555555555555,1.9555555555555555,0.0625,3|2,2,4,8,16
pub/london_mini,Pub: london_mini,pub,exact-payoff (backbone-invariant),1000,atom_tom1,20,0.0,0.0,0,0,1.9555555555555555,1.9555555555555555,0.0625,3|2,2,4,8,16
pub/london_mini,Pub: london_mini,pub,exact-payoff (backbone-invariant),1000,random,1,1.2259259259259259,1.2259259259259259,1,0,0.7296296296296297,1.9555555555555555,0.0625,3|2,2,4,8,16
pub/london_mini,Pub: london_mini,pub,exact-payoff (backbone-invariant),1000,random,2,1.248148148148148,2.474074074074074,2,0,0.7074074074074075,1.9555555555555555,0.0625,3|2,2,4,8,16
pub/london_mini,Pub: london_mini,pub,exact-payoff (backbone-invariant),1000,random,3,1.4370370370370371,3.911111111111111,3,0,0.5185185185185185,1.9555555555555555,0.0625,3|2,2,4,8,16
pub/london_mini,Pub: london_mini,pub,exact-payoff (backbone-invariant),1000,random,4,1.4370370370370371,5.348148148148148,3,0,0.5185185185185185,1.9555555555555555,0.0625,3|2,2,4,8,16
pub/london_mini,Pub: london_mini,pub,exact-payoff (backbone-invariant),1000,random,5,1.248148148148148,6.5962962962962965,2,0,0.7074074074074075,1.9555555555555555,0.0625,3|2,2,4,8,16
pub/london_mini,Pub: london_mini,pub,exact-payoff (backbone-invariant),1000,random,6,1.4370370370370371,8.033333333333333,3,0,0.5185185185185185,1.9555555555555555,0.0625,3|2,2,4,8,16
pub/london_mini,Pub: london_mini,pub,exact-payoff (backbone-invariant),1000,random,7,0.0,8.033333333333333,0,0,1.9555555555555555,1.9555555555555555,0.0625,3|2,2,4,8,16
pub/london_mini,Pub: london_mini,pub,exact-payoff (backbone-invariant),1000,random,8,1.4370370370370371,9.47037037037037,3,0,0.5185185185185185,1.9555555555555555,0.0625,3|2,2,4,8,16
pub/london_mini,Pub: london_mini,pub,exact-payoff (backbone-invariant),1000,random,9,1.248148148148148,10.718518518518518,2,0,0.7074074074074075,1.9555555555555555,0.0625,3|2,2,4,8,16
pub/london_mini,Pub: london_mini,pub,exact-payoff (backbone-invariant),1000,random,10,0.0,10.718518518518518,0,0,1.9555555555555555,1.9555555555555555,0.0625,3|2,2,4,8,16
pub/london_mini,Pub: london_mini,pub,exact-payoff (backbone-invariant),1000,random,11,1.2259259259259259,11.944444444444445,1,0,0.7296296296296297,1.9555555555555555,0.0625,3|2,2,4,8,16
pub/london_mini,Pub: london_mini,pub,exact-payoff (backbone-invariant),1000,random,12,1.2259259259259259,13.170370370370371,1,0,0.7296296296296297,1.9555555555555555,0.0625,3|2,2,4,8,16
pub/london_mini,Pub: london_mini,pub,exact-payoff (backbone-invariant),1000,random,13,1.2259259259259259,14.396296296296297,1,0,0.7296296296296297,1.9555555555555555,0.0625,3|2,2,4,8,16
pub/london_mini,Pub: london_mini,pub,exact-payoff (backbone-invariant),1000,random,14,1.4370370370370371,15.833333333333334,3,0,0.5185185185185185,1.9555555555555555,0.0625,3|2,2,4,8,16
pub/london_mini,Pub: london_mini,pub,exact-payoff (backbone-invariant),1000,random,15,1.4370370370370371,17.270370370370372,3,0,0.5185185185185185,1.9555555555555555,0.0625,3|2,2,4,8,16
pub/london_mini,Pub: london_mini,pub,exact-payoff (backbone-invariant),1000,random,16,1.248148148148148,18.51851851851852,2,0,0.7074074074074075,1.9555555555555555,0.0625,3|2,2,4,8,16
pub/london_mini,Pub: london_mini,pub,exact-payoff (backbone-invariant),1000,random,17,1.2259259259259259,19.744444444444444,1,0,0.7296296296296297,1.9555555555555555,0.0625,3|2,2,4,8,16
pub/london_mini,Pub: london_mini,pub,exact-payoff (backbone-invariant),1000,random,18,1.4370370370370371,21.18148148148148,3,0,0.5185185185185185,1.9555555555555555,0.0625,3|2,2,4,8,16
pub/london_mini,Pub: london_mini,pub,exact-payoff (backbone-invariant),1000,random,19,1.4370370370370371,22.618518518518517,3,0,0.5185185185185185,1.9555555555555555,0.0625,3|2,2,4,8,16
pub/london_mini,Pub: london_mini,pub,exact-payoff (backbone-invariant),1000,random,20,0.0,22.618518518518517,0,0,1.9555555555555555,1.9555555555555555,0.0625,3|2,2,4,8,16
haggling/fruitville,Haggling: fruitville,haggling,exact-payoff (backbone-invariant),1000,pact,1,0.156521739130435,0.156521739130435,9,7,1.026086956521739,1.182608695652174,0.3415236473678964,3|2,2,4,8,16
haggling/fruitville,Haggling: fruitville,haggling,exact-payoff (backbone-invariant),1000,pact,2,0.0,0.156521739130435,7,7,1.182608695652174,1.182608695652174,0.3415236473678964,3|2,2,4,8,16
haggling/fruitville,Haggling: fruitville,haggling,exact-payoff (backbone-invariant),1000,pact,3,0.0,0.156521739130435,7,7,1.182608695652174,1.182608695652174,0.3415236473678964,3|2,2,4,8,16
haggling/fruitville,Haggling: fruitville,haggling,exact-payoff (backbone-invariant),1000,pact,4,0.18260869565217397,0.33913043478260896,1,7,1.0,1.182608695652174,0.9111544400433109,3|2,2,4,8,16
haggling/fruitville,Haggling: fruitville,haggling,exact-payoff (backbone-invariant),1000,pact,5,0.0,0.33913043478260896,7,7,1.182608695652174,1.182608695652174,0.9111544400433109,3|2,2,4,8,16
haggling/fruitville,Haggling: fruitville,haggling,exact-payoff (backbone-invariant),1000,pact,6,0.0,0.33913043478260896,7,7,1.182608695652174,1.182608695652174,0.9111544400433109,3|2,2,4,8,16
haggling/fruitville,Haggling: fruitville,haggling,exact-payoff (backbone-invariant),1000,pact,7,0.0,0.33913043478260896,7,7,1.182608695652174,1.182608695652174,0.9111544400433109,3|2,2,4,8,16
haggling/fruitville,Haggling: fruitville,haggling,exact-payoff (backbone-invariant),1000,pact,8,0.0,0.33913043478260896,7,7,1.182608695652174,1.182608695652174,0.9111544400433109,3|2,2,4,8,16
haggling/fruitville,Haggling: fruitville,haggling,exact-payoff (backbone-invariant),1000,pact,9,0.0,0.33913043478260896,7,7,1.182608695652174,1.182608695652174,0.9111544400433109,3|2,2,4,8,16
haggling/fruitville,Haggling: fruitville,haggling,exact-payoff (backbone-invariant),1000,pact,10,0.0,0.33913043478260896,7,7,1.182608695652174,1.182608695652174,0.9111544400433109,3|2,2,4,8,16
haggling/fruitville,Haggling: fruitville,haggling,exact-payoff (backbone-invariant),1000,pact,11,0.0,0.33913043478260896,7,7,1.182608695652174,1.182608695652174,0.9111544400433109,3|2,2,4,8,16
haggling/fruitville,Haggling: fruitville,haggling,exact-payoff (backbone-invariant),1000,pact,12,0.0,0.33913043478260896,7,7,1.182608695652174,1.182608695652174,0.9111544400433109,3|2,2,4,8,16
haggling/fruitville,Haggling: fruitville,haggling,exact-payoff (backbone-invariant),1000,pact,13,0.0,0.33913043478260896,7,7,1.182608695652174,1.182608695652174,0.9111544400433109,3|2,2,4,8,16
haggling/fruitville,Haggling: fruitville,haggling,exact-payoff (backbone-invariant),1000,pact,14,0.0,0.33913043478260896,7,7,1.182608695652174,1.182608695652174,0.9111544400433109,3|2,2,4,8,16
haggling/fruitville,Haggling: fruitville,haggling,exact-payoff (backbone-invariant),1000,pact,15,0.0,0.33913043478260896,7,7,1.182608695652174,1.182608695652174,0.9111544400433109,3|2,2,4,8,16
haggling/fruitville,Haggling: fruitville,haggling,exact-payoff (backbone-invariant),1000,pact,16,0.0,0.33913043478260896,7,7,1.182608695652174,1.182608695652174,0.9111544400433109,3|2,2,4,8,16
haggling/fruitville,Haggling: fruitville,haggling,exact-payoff (backbone-invariant),1000,pact,17,0.0,0.33913043478260896,7,7,1.182608695652174,1.182608695652174,0.9111544400433109,3|2,2,4,8,16
haggling/fruitville,Haggling: fruitville,haggling,exact-payoff (backbone-invariant),1000,pact,18,0.0,0.33913043478260896,7,7,1.182608695652174,1.182608695652174,0.9111544400433109,3|2,2,4,8,16
haggling/fruitville,Haggling: fruitville,haggling,exact-payoff (backbone-invariant),1000,pact,19,0.156521739130435,0.49565217391304395,9,7,1.026086956521739,1.182608695652174,0.938720704179797,3|2,2,4,8,16
haggling/fruitville,Haggling: fruitville,haggling,exact-payoff (backbone-invariant),1000,pact,20,0.0,0.49565217391304395,7,7,1.182608695652174,1.182608695652174,0.938720704179797,3|2,2,4,8,16
haggling/fruitville,Haggling: fruitville,haggling,exact-payoff (backbone-invariant),1000,pact_plus,1,0.156521739130435,0.156521739130435,9,7,1.026086956521739,1.182608695652174,0.3415236473678964,3|2,2,4,8,16
haggling/fruitville,Haggling: fruitville,haggling,exact-payoff (backbone-invariant),1000,pact_plus,2,0.0,0.156521739130435,7,7,1.182608695652174,1.182608695652174,0.3415236473678964,3|2,2,4,8,16
haggling/fruitville,Haggling: fruitville,haggling,exact-payoff (backbone-invariant),1000,pact_plus,3,0.0,0.156521739130435,7,7,1.182608695652174,1.182608695652174,0.3415236473678964,3|2,2,4,8,16
haggling/fruitville,Haggling: fruitville,haggling,exact-payoff (backbone-invariant),1000,pact_plus,4,0.18260869565217397,0.33913043478260896,1,7,1.0,1.182608695652174,0.9111544400433109,3|2,2,4,8,16
haggling/fruitville,Haggling: fruitville,haggling,exact-payoff (backbone-invariant),1000,pact_plus,5,0.0,0.33913043478260896,7,7,1.182608695652174,1.182608695652174,0.9111544400433109,3|2,2,4,8,16
haggling/fruitville,Haggling: fruitville,haggling,exact-payoff (backbone-invariant),1000,pact_plus,6,0.0,0.33913043478260896,7,7,1.182608695652174,1.182608695652174,0.9111544400433109,3|2,2,4,8,16
haggling/fruitville,Haggling: fruitville,haggling,exact-payoff (backbone-invariant),1000,pact_plus,7,0.0,0.33913043478260896,7,7,1.182608695652174,1.182608695652174,0.9111544400433109,3|2,2,4,8,16
haggling/fruitville,Haggling: fruitville,haggling,exact-payoff (backbone-invariant),1000,pact_plus,8,0.0,0.33913043478260896,7,7,1.182608695652174,1.182608695652174,0.9111544400433109,3|2,2,4,8,16
haggling/fruitville,Haggling: fruitville,haggling,exact-payoff (backbone-invariant),1000,pact_plus,9,0.0,0.33913043478260896,7,7,1.182608695652174,1.182608695652174,0.9111544400433109,3|2,2,4,8,16
haggling/fruitville,Haggling: fruitville,haggling,exact-payoff (backbone-invariant),1000,pact_plus,10,0.0,0.33913043478260896,7,7,1.182608695652174,1.182608695652174,0.9111544400433109,3|2,2,4,8,16
haggling/fruitville,Haggling: fruitville,haggling,exact-payoff (backbone-invariant),1000,pact_plus,11,0.0,0.33913043478260896,7,7,1.182608695652174,1.182608695652174,0.9111544400433109,3|2,2,4,8,16
haggling/fruitville,Haggling: fruitville,haggling,exact-payoff (backbone-invariant),1000,pact_plus,12,0.0,0.33913043478260896,7,7,1.182608695652174,1.182608695652174,0.9111544400433109,3|2,2,4,8,16
haggling/fruitville,Haggling: fruitville,haggling,exact-payoff (backbone-invariant),1000,pact_plus,13,0.0,0.33913043478260896,7,7,1.182608695652174,1.182608695652174,0.9111544400433109,3|2,2,4,8,16
haggling/fruitville,Haggling: fruitville,haggling,exact-payoff (backbone-invariant),1000,pact_plus,14,0.0,0.33913043478260896,7,7,1.182608695652174,1.182608695652174,0.9111544400433109,3|2,2,4,8,16
haggling/fruitville,Haggling: fruitville,haggling,exact-payoff (backbone-invariant),1000,pact_plus,15,0.0,0.33913043478260896,7,7,1.182608695652174,1.182608695652174,0.9111544400433109,3|2,2,4,8,16
haggling/fruitville,Haggling: fruitville,haggling,exact-payoff (backbone-invariant),1000,pact_plus,16,0.0,0.33913043478260896,7,7,1.182608695652174,1.182608695652174,0.9111544400433109,3|2,2,4,8,16
haggling/fruitville,Haggling: fruitville,haggling,exact-payoff (backbone-invariant),1000,pact_plus,17,0.0,0.33913043478260896,7,7,1.182608695652174,1.182608695652174,0.9111544400433109,3|2,2,4,8,16
haggling/fruitville,Haggling: fruitville,haggling,exact-payoff (backbone-invariant),1000,pact_plus,18,0.0,0.33913043478260896,7,7,1.182608695652174,1.182608695652174,0.9111544400433109,3|2,2,4,8,16
haggling/fruitville,Haggling: fruitville,haggling,exact-payoff (backbone-invariant),1000,pact_plus,19,0.156521739130435,0.49565217391304395,9,7,1.026086956521739,1.182608695652174,0.938720704179797,3|2,2,4,8,16
haggling/fruitville,Haggling: fruitville,haggling,exact-payoff (backbone-invariant),1000,pact_plus,20,0.0,0.49565217391304395,7,7,1.182608695652174,1.182608695652174,0.938720704179797,3|2,2,4,8,16
haggling/fruitville,Haggling: fruitville,haggling,exact-payoff (backbone-invariant),1000,joint_psrl_uniform,1,0.156521739130435,0.156521739130435,9,7,1.026086956521739,1.182608695652174,0.11628443007989578,3|2,2,4,8,16
haggling/fruitville,Haggling: fruitville,haggling,exact-payoff (backbone-invariant),1000,joint_psrl_uniform,2,0.0,0.156521739130435,7,7,1.182608695652174,1.182608695652174,0.11628443007989578,3|2,2,4,8,16
haggling/fruitville,Haggling: fruitville,haggling,exact-payoff (backbone-invariant),1000,joint_psrl_uniform,3,0.18260869565217397,0.33913043478260896,1,7,1.0,1.182608695652174,0.8224650513889313,3|2,2,4,8,16
haggling/fruitville,Haggling: fruitville,haggling,exact-payoff (backbone-invariant),1000,joint_psrl_uniform,4,0.0,0.33913043478260896,7,7,1.182608695652174,1.182608695652174,0.8224650513889313,3|2,2,4,8,16
haggling/fruitville,Haggling: fruitville,haggling,exact-payoff (backbone-invariant),1000,joint_psrl_uniform,5,0.0,0.33913043478260896,7,7,1.182608695652174,1.182608695652174,0.8224650513889313,3|2,2,4,8,16
haggling/fruitville,Haggling: fruitville,haggling,exact-payoff (backbone-invariant),1000,joint_psrl_uniform,6,0.0,0.33913043478260896,7,7,1.182608695652174,1.182608695652174,0.8224650513889313,3|2,2,4,8,16
haggling/fruitville,Haggling: fruitville,haggling,exact-payoff (backbone-invariant),1000,joint_psrl_uniform,7,0.0,0.33913043478260896,7,7,1.182608695652174,1.182608695652174,0.8224650513889313,3|2,2,4,8,16
haggling/fruitville,Haggling: fruitville,haggling,exact-payoff (backbone-invariant),1000,joint_psrl_uniform,8,0.0,0.33913043478260896,7,7,1.182608695652174,1.182608695652174,0.8224650513889313,3|2,2,4,8,16
haggling/fruitville,Haggling: fruitville,haggling,exact-payoff (backbone-invariant),1000,joint_psrl_uniform,9,0.0,0.33913043478260896,7,7,1.182608695652174,1.182608695652174,0.8224650513889313,3|2,2,4,8,16
haggling/fruitville,Haggling: fruitville,haggling,exact-payoff (backbone-invariant),1000,joint_psrl_uniform,10,0.0,0.33913043478260896,7,7,1.182608695652174,1.182608695652174,0.8224650513889313,3|2,2,4,8,16
haggling/fruitville,Haggling: fruitville,haggling,exact-payoff (backbone-invariant),1000,joint_psrl_uniform,11,0.0,0.33913043478260896,7,7,1.182608695652174,1.182608695652174,0.8224650513889313,3|2,2,4,8,16
haggling/fruitville,Haggling: fruitville,haggling,exact-payoff (backbone-invariant),1000,joint_psrl_uniform,12,0.0,0.33913043478260896,7,7,1.182608695652174,1.182608695652174,0.8224650513889313,3|2,2,4,8,16
haggling/fruitville,Haggling: fruitville,haggling,exact-payoff (backbone-invariant),1000,joint_psrl_uniform,13,0.156521739130435,0.49565217391304395,9,7,1.026086956521739,1.182608695652174,0.8775488607143592,3|2,2,4,8,16
haggling/fruitville,Haggling: fruitville,haggling,exact-payoff (backbone-invariant),1000,joint_psrl_uniform,14,0.0,0.49565217391304395,7,7,1.182608695652174,1.182608695652174,0.8775488607143594,3|2,2,4,8,16
haggling/fruitville,Haggling: fruitville,haggling,exact-payoff (backbone-invariant),1000,joint_psrl_uniform,15,0.0,0.49565217391304395,7,7,1.182608695652174,1.182608695652174,0.8775488607143592,3|2,2,4,8,16
haggling/fruitville,Haggling: fruitville,haggling,exact-payoff (backbone-invariant),1000,joint_psrl_uniform,16,0.0,0.49565217391304395,7,7,1.182608695652174,1.182608695652174,0.8775488607143594,3|2,2,4,8,16
haggling/fruitville,Haggling: fruitville,haggling,exact-payoff (backbone-invariant),1000,joint_psrl_uniform,17,0.0,0.49565217391304395,7,7,1.182608695652174,1.182608695652174,0.8775488607143592,3|2,2,4,8,16
haggling/fruitville,Haggling: fruitville,haggling,exact-payoff (backbone-invariant),1000,joint_psrl_uniform,18,0.0,0.49565217391304395,7,7,1.182608695652174,1.182608695652174,0.8775488607143592,3|2,2,4,8,16
haggling/fruitville,Haggling: fruitville,haggling,exact-payoff (backbone-invariant),1000,joint_psrl_uniform,19,0.0,0.49565217391304395,7,7,1.182608695652174,1.182608695652174,0.8775488607143592,3|2,2,4,8,16
haggling/fruitville,Haggling: fruitville,haggling,exact-payoff (backbone-invariant),1000,joint_psrl_uniform,20,0.0,0.49565217391304395,7,7,1.182608695652174,1.182608695652174,0.8775488607143592,3|2,2,4,8,16
haggling/fruitville,Haggling: fruitville,haggling,exact-payoff (backbone-invariant),1000,psrl_notype,1,0.0,0.0,7,7,1.182608695652174,1.182608695652174,0.0625,3|2,2,4,8,16
haggling/fruitville,Haggling: fruitville,haggling,exact-payoff (backbone-invariant),1000,psrl_notype,2,0.156521739130435,0.156521739130435,9,7,1.026086956521739,1.182608695652174,0.0625,3|2,2,4,8,16
haggling/fruitville,Haggling: fruitville,haggling,exact-payoff (backbone-invariant),1000,psrl_notype,3,0.156521739130435,0.31304347826087,9,7,1.026086956521739,1.182608695652174,0.0625,3|2,2,4,8,16
haggling/fruitville,Haggling: fruitville,haggling,exact-payoff (backbone-invariant),1000,psrl_notype,4,0.0,0.31304347826087,7,7,1.182608695652174,1.182608695652174,0.0625,3|2,2,4,8,16
haggling/fruitville,Haggling: fruitville,haggling,exact-payoff (backbone-invariant),1000,psrl_notype,5,0.0,0.31304347826087,7,7,1.182608695652174,1.182608695652174,0.0625,3|2,2,4,8,16
haggling/fruitville,Haggling: fruitville,haggling,exact-payoff (backbone-invariant),1000,psrl_notype,6,0.0,0.31304347826087,7,7,1.182608695652174,1.182608695652174,0.0625,3|2,2,4,8,16
haggling/fruitville,Haggling: fruitville,haggling,exact-payoff (backbone-invariant),1000,psrl_notype,7,0.0,0.31304347826087,7,7,1.182608695652174,1.182608695652174,0.0625,3|2,2,4,8,16
haggling/fruitville,Haggling: fruitville,haggling,exact-payoff (backbone-invariant),1000,psrl_notype,8,0.156521739130435,0.46956521739130497,9,7,1.026086956521739,1.182608695652174,0.0625,3|2,2,4,8,16
haggling/fruitville,Haggling: fruitville,haggling,exact-payoff (backbone-invariant),1000,psrl_notype,9,0.0,0.46956521739130497,7,7,1.182608695652174,1.182608695652174,0.0625,3|2,2,4,8,16
haggling/fruitville,Haggling: fruitville,haggling,exact-payoff (backbone-invariant),1000,psrl_notype,10,0.0,0.46956521739130497,7,7,1.182608695652174,1.182608695652174,0.0625,3|2,2,4,8,16
haggling/fruitville,Haggling: fruitville,haggling,exact-payoff (backbone-invariant),1000,psrl_notype,11,0.156521739130435,0.62608695652174,9,7,1.026086956521739,1.182608695652174,0.0625,3|2,2,4,8,16
haggling/fruitville,Haggling: fruitville,haggling,exact-payoff (backbone-invariant),1000,psrl_notype,12,0.156521739130435,0.782608695652175,9,7,1.026086956521739,1.182608695652174,0.0625,3|2,2,4,8,16
haggling/fruitville,Haggling: fruitville,haggling,exact-payoff (backbone-invariant),1000,psrl_notype,13,0.18260869565217397,0.9652173913043489,1,7,1.0,1.182608695652174,0.0625,3|2,2,4,8,16
haggling/fruitville,Haggling: fruitville,haggling,exact-payoff (backbone-invariant),1000,psrl_notype,14,0.156521739130435,1.121739130434784,9,7,1.026086956521739,1.182608695652174,0.0625,3|2,2,4,8,16
haggling/fruitville,Haggling: fruitville,haggling,exact-payoff (backbone-invariant),1000,psrl_notype,15,0.0,1.121739130434784,7,7,1.182608695652174,1.182608695652174,0.0625,3|2,2,4,8,16
haggling/fruitville,Haggling: fruitville,haggling,exact-payoff (backbone-invariant),1000,psrl_notype,16,0.0,1.121739130434784,7,7,1.182608695652174,1.182608695652174,0.0625,3|2,2,4,8,16
haggling/fruitville,Haggling: fruitville,haggling,exact-payoff (backbone-invariant),1000,psrl_notype,17,0.0,1.121739130434784,7,7,1.182608695652174,1.182608695652174,0.0625,3|2,2,4,8,16
haggling/fruitville,Haggling: fruitville,haggling,exact-payoff (backbone-invariant),1000,psrl_notype,18,0.156521739130435,1.278260869565219,9,7,1.026086956521739,1.182608695652174,0.0625,3|2,2,4,8,16
haggling/fruitville,Haggling: fruitville,haggling,exact-payoff (backbone-invariant),1000,psrl_notype,19,0.0,1.278260869565219,7,7,1.182608695652174,1.182608695652174,0.0625,3|2,2,4,8,16
haggling/fruitville,Haggling: fruitville,haggling,exact-payoff (backbone-invariant),1000,psrl_notype,20,0.0,1.278260869565219,7,7,1.182608695652174,1.182608695652174,0.0625,3|2,2,4,8,16
haggling/fruitville,Haggling: fruitville,haggling,exact-payoff (backbone-invariant),1000,map_type_greedy,1,0.156521739130435,0.156521739130435,9,7,1.026086956521739,1.182608695652174,0.3415236473678964,3|2,2,4,8,16
haggling/fruitville,Haggling: fruitville,haggling,exact-payoff (backbone-invariant),1000,map_type_greedy,2,0.0,0.156521739130435,7,7,1.182608695652174,1.182608695652174,0.3415236473678964,3|2,2,4,8,16
haggling/fruitville,Haggling: fruitville,haggling,exact-payoff (backbone-invariant),1000,map_type_greedy,3,0.0,0.156521739130435,7,7,1.182608695652174,1.182608695652174,0.3415236473678964,3|2,2,4,8,16
haggling/fruitville,Haggling: fruitville,haggling,exact-payoff (backbone-invariant),1000,map_type_greedy,4,0.0,0.156521739130435,7,7,1.182608695652174,1.182608695652174,0.3415236473678964,3|2,2,4,8,16
haggling/fruitville,Haggling: fruitville,haggling,exact-payoff (backbone-invariant),1000,map_type_greedy,5,0.0,0.156521739130435,7,7,1.182608695652174,1.182608695652174,0.3415236473678964,3|2,2,4,8,16
haggling/fruitville,Haggling: fruitville,haggling,exact-payoff (backbone-invariant),1000,map_type_greedy,6,0.0,0.156521739130435,7,7,1.182608695652174,1.182608695652174,0.3415236473678964,3|2,2,4,8,16
haggling/fruitville,Haggling: fruitville,haggling,exact-payoff (backbone-invariant),1000,map_type_greedy,7,0.0,0.156521739130435,7,7,1.182608695652174,1.182608695652174,0.3415236473678964,3|2,2,4,8,16
haggling/fruitville,Haggling: fruitville,haggling,exact-payoff (backbone-invariant),1000,map_type_greedy,8,0.0,0.156521739130435,7,7,1.182608695652174,1.182608695652174,0.3415236473678964,3|2,2,4,8,16
haggling/fruitville,Haggling: fruitville,haggling,exact-payoff (backbone-invariant),1000,map_type_greedy,9,0.0,0.156521739130435,7,7,1.182608695652174,1.182608695652174,0.3415236473678964,3|2,2,4,8,16
haggling/fruitville,Haggling: fruitville,haggling,exact-payoff (backbone-invariant),1000,map_type_greedy,10,0.0,0.156521739130435,7,7,1.182608695652174,1.182608695652174,0.3415236473678964,3|2,2,4,8,16
haggling/fruitville,Haggling: fruitville,haggling,exact-payoff (backbone-invariant),1000,map_type_greedy,11,0.0,0.156521739130435,7,7,1.182608695652174,1.182608695652174,0.3415236473678964,3|2,2,4,8,16
haggling/fruitville,Haggling: fruitville,haggling,exact-payoff (backbone-invariant),1000,map_type_greedy,12,0.0,0.156521739130435,7,7,1.182608695652174,1.182608695652174,0.3415236473678964,3|2,2,4,8,16
haggling/fruitville,Haggling: fruitville,haggling,exact-payoff (backbone-invariant),1000,map_type_greedy,13,0.0,0.156521739130435,7,7,1.182608695652174,1.182608695652174,0.3415236473678964,3|2,2,4,8,16
haggling/fruitville,Haggling: fruitville,haggling,exact-payoff (backbone-invariant),1000,map_type_greedy,14,0.0,0.156521739130435,7,7,1.182608695652174,1.182608695652174,0.3415236473678964,3|2,2,4,8,16
haggling/fruitville,Haggling: fruitville,haggling,exact-payoff (backbone-invariant),1000,map_type_greedy,15,0.0,0.156521739130435,7,7,1.182608695652174,1.182608695652174,0.3415236473678964,3|2,2,4,8,16
haggling/fruitville,Haggling: fruitville,haggling,exact-payoff (backbone-invariant),1000,map_type_greedy,16,0.0,0.156521739130435,7,7,1.182608695652174,1.182608695652174,0.3415236473678964,3|2,2,4,8,16
haggling/fruitville,Haggling: fruitville,haggling,exact-payoff (backbone-invariant),1000,map_type_greedy,17,0.0,0.156521739130435,7,7,1.182608695652174,1.182608695652174,0.3415236473678964,3|2,2,4,8,16
haggling/fruitville,Haggling: fruitville,haggling,exact-payoff (backbone-invariant),1000,map_type_greedy,18,0.0,0.156521739130435,7,7,1.182608695652174,1.182608695652174,0.3415236473678964,3|2,2,4,8,16
haggling/fruitville,Haggling: fruitville,haggling,exact-payoff (backbone-invariant),1000,map_type_greedy,19,0.0,0.156521739130435,7,7,1.182608695652174,1.182608695652174,0.3415236473678964,3|2,2,4,8,16
haggling/fruitville,Haggling: fruitville,haggling,exact-payoff (backbone-invariant),1000,map_type_greedy,20,0.0,0.156521739130435,7,7,1.182608695652174,1.182608695652174,0.3415236473678964,3|2,2,4,8,16
haggling/fruitville,Haggling: fruitville,haggling,exact-payoff (backbone-invariant),1000,econ_bne,1,0.060869565217391175,0.060869565217391175,5,7,1.1217391304347828,1.182608695652174,0.0625,3|2,2,4,8,16
haggling/fruitville,Haggling: fruitville,haggling,exact-payoff (backbone-invariant),1000,econ_bne,2,0.060869565217391175,0.12173913043478235,5,7,1.1217391304347828,1.182608695652174,0.0625,3|2,2,4,8,16
haggling/fruitville,Haggling: fruitville,haggling,exact-payoff (backbone-invariant),1000,econ_bne,3,0.060869565217391175,0.18260869565217352,5,7,1.1217391304347828,1.182608695652174,0.0625,3|2,2,4,8,16
haggling/fruitville,Haggling: fruitville,haggling,exact-payoff (backbone-invariant),1000,econ_bne,4,0.060869565217391175,0.2434782608695647,5,7,1.1217391304347828,1.182608695652174,0.0625,3|2,2,4,8,16
haggling/fruitville,Haggling: fruitville,haggling,exact-payoff (backbone-invariant),1000,econ_bne,5,0.060869565217391175,0.3043478260869559,5,7,1.1217391304347828,1.182608695652174,0.0625,3|2,2,4,8,16
haggling/fruitville,Haggling: fruitville,haggling,exact-payoff (backbone-invariant),1000,econ_bne,6,0.060869565217391175,0.36521739130434705,5,7,1.1217391304347828,1.182608695652174,0.0625,3|2,2,4,8,16
haggling/fruitville,Haggling: fruitville,haggling,exact-payoff (backbone-invariant),1000,econ_bne,7,0.060869565217391175,0.4260869565217382,5,7,1.1217391304347828,1.182608695652174,0.0625,3|2,2,4,8,16
haggling/fruitville,Haggling: fruitville,haggling,exact-payoff (backbone-invariant),1000,econ_bne,8,0.060869565217391175,0.4869565217391294,5,7,1.1217391304347828,1.182608695652174,0.0625,3|2,2,4,8,16
haggling/fruitville,Haggling: fruitville,haggling,exact-payoff (backbone-invariant),1000,econ_bne,9,0.060869565217391175,0.5478260869565206,5,7,1.1217391304347828,1.182608695652174,0.0625,3|2,2,4,8,16
haggling/fruitville,Haggling: fruitville,haggling,exact-payoff (backbone-invariant),1000,econ_bne,10,0.060869565217391175,0.6086956521739117,5,7,1.1217391304347828,1.182608695652174,0.0625,3|2,2,4,8,16
haggling/fruitville,Haggling: fruitville,haggling,exact-payoff (backbone-invariant),1000,econ_bne,11,0.060869565217391175,0.6695652173913029,5,7,1.1217391304347828,1.182608695652174,0.0625,3|2,2,4,8,16
haggling/fruitville,Haggling: fruitville,haggling,exact-payoff (backbone-invariant),1000,econ_bne,12,0.060869565217391175,0.7304347826086941,5,7,1.1217391304347828,1.182608695652174,0.0625,3|2,2,4,8,16
haggling/fruitville,Haggling: fruitville,haggling,exact-payoff (backbone-invariant),1000,econ_bne,13,0.060869565217391175,0.7913043478260853,5,7,1.1217391304347828,1.182608695652174,0.0625,3|2,2,4,8,16
haggling/fruitville,Haggling: fruitville,haggling,exact-payoff (backbone-invariant),1000,econ_bne,14,0.060869565217391175,0.8521739130434764,5,7,1.1217391304347828,1.182608695652174,0.0625,3|2,2,4,8,16
haggling/fruitville,Haggling: fruitville,haggling,exact-payoff (backbone-invariant),1000,econ_bne,15,0.060869565217391175,0.9130434782608676,5,7,1.1217391304347828,1.182608695652174,0.0625,3|2,2,4,8,16
haggling/fruitville,Haggling: fruitville,haggling,exact-payoff (backbone-invariant),1000,econ_bne,16,0.060869565217391175,0.9739130434782588,5,7,1.1217391304347828,1.182608695652174,0.0625,3|2,2,4,8,16
haggling/fruitville,Haggling: fruitville,haggling,exact-payoff (backbone-invariant),1000,econ_bne,17,0.060869565217391175,1.03478260869565,5,7,1.1217391304347828,1.182608695652174,0.0625,3|2,2,4,8,16
haggling/fruitville,Haggling: fruitville,haggling,exact-payoff (backbone-invariant),1000,econ_bne,18,0.060869565217391175,1.0956521739130411,5,7,1.1217391304347828,1.182608695652174,0.0625,3|2,2,4,8,16
haggling/fruitville,Haggling: fruitville,haggling,exact-payoff (backbone-invariant),1000,econ_bne,19,0.060869565217391175,1.1565217391304323,5,7,1.1217391304347828,1.182608695652174,0.0625,3|2,2,4,8,16
haggling/fruitville,Haggling: fruitville,haggling,exact-payoff (backbone-invariant),1000,econ_bne,20,0.060869565217391175,1.2173913043478235,5,7,1.1217391304347828,1.182608695652174,0.0625,3|2,2,4,8,16
haggling/fruitville,Haggling: fruitville,haggling,exact-payoff (backbone-invariant),1000,atom_tom1,1,0.12173913043478257,0.12173913043478257,3,7,1.0608695652173914,1.182608695652174,0.0625,3|2,2,4,8,16
haggling/fruitville,Haggling: fruitville,haggling,exact-payoff (backbone-invariant),1000,atom_tom1,2,0.12173913043478257,0.24347826086956514,3,7,1.0608695652173914,1.182608695652174,0.0625,3|2,2,4,8,16
haggling/fruitville,Haggling: fruitville,haggling,exact-payoff (backbone-invariant),1000,atom_tom1,3,0.12173913043478257,0.3652173913043477,3,7,1.0608695652173914,1.182608695652174,0.0625,3|2,2,4,8,16
haggling/fruitville,Haggling: fruitville,haggling,exact-payoff (backbone-invariant),1000,atom_tom1,4,0.12173913043478257,0.4869565217391303,3,7,1.0608695652173914,1.182608695652174,0.0625,3|2,2,4,8,16
haggling/fruitville,Haggling: fruitville,haggling,exact-payoff (backbone-invariant),1000,atom_tom1,5,0.12173913043478257,0.6086956521739129,3,7,1.0608695652173914,1.182608695652174,0.0625,3|2,2,4,8,16
haggling/fruitville,Haggling: fruitville,haggling,exact-payoff (backbone-invariant),1000,atom_tom1,6,0.12173913043478257,0.7304347826086954,3,7,1.0608695652173914,1.182608695652174,0.0625,3|2,2,4,8,16
haggling/fruitville,Haggling: fruitville,haggling,exact-payoff (backbone-invariant),1000,atom_tom1,7,0.12173913043478257,0.852173913043478,3,7,1.0608695652173914,1.182608695652174,0.0625,3|2,2,4,8,16
haggling/fruitville,Haggling: fruitville,haggling,exact-payoff (backbone-invariant),1000,atom_tom1,8,0.12173913043478257,0.9739130434782606,3,7,1.0608695652173914,1.182608695652174,0.0625,3|2,2,4,8,16
haggling/fruitville,Haggling: fruitville,haggling,exact-payoff (backbone-invariant),1000,atom_tom1,9,0.12173913043478257,1.0956521739130431,3,7,1.0608695652173914,1.182608695652174,0.0625,3|2,2,4,8,16
haggling/fruitville,Haggling: fruitville,haggling,exact-payoff (backbone-invariant),1000,atom_tom1,10,0.12173913043478257,1.2173913043478257,3,7,1.0608695652173914,1.182608695652174,0.0625,3|2,2,4,8,16
haggling/fruitville,Haggling: fruitville,haggling,exact-payoff (backbone-invariant),1000,atom_tom1,11,0.12173913043478257,1.3391304347826083,3,7,1.0608695652173914,1.182608695652174,0.0625,3|2,2,4,8,16
haggling/fruitville,Haggling: fruitville,haggling,exact-payoff (backbone-invariant),1000,atom_tom1,12,0.12173913043478257,1.4608695652173909,3,7,1.0608695652173914,1.182608695652174,0.0625,3|2,2,4,8,16
haggling/fruitville,Haggling: fruitville,haggling,exact-payoff (backbone-invariant),1000,atom_tom1,13,0.12173913043478257,1.5826086956521734,3,7,1.0608695652173914,1.182608695652174,0.0625,3|2,2,4,8,16
haggling/fruitville,Haggling: fruitville,haggling,exact-payoff (backbone-invariant),1000,atom_tom1,14,0.12173913043478257,1.704347826086956,3,7,1.0608695652173914,1.182608695652174,0.0625,3|2,2,4,8,16
haggling/fruitville,Haggling: fruitville,haggling,exact-payoff (backbone-invariant),1000,atom_tom1,15,0.12173913043478257,1.8260869565217386,3,7,1.0608695652173914,1.182608695652174,0.0625,3|2,2,4,8,16
haggling/fruitville,Haggling: fruitville,haggling,exact-payoff (backbone-invariant),1000,atom_tom1,16,0.12173913043478257,1.9478260869565212,3,7,1.0608695652173914,1.182608695652174,0.0625,3|2,2,4,8,16
haggling/fruitville,Haggling: fruitville,haggling,exact-payoff (backbone-invariant),1000,atom_tom1,17,0.12173913043478257,2.069565217391304,3,7,1.0608695652173914,1.182608695652174,0.0625,3|2,2,4,8,16
haggling/fruitville,Haggling: fruitville,haggling,exact-payoff (backbone-invariant),1000,atom_tom1,18,0.12173913043478257,2.1913043478260867,3,7,1.0608695652173914,1.182608695652174,0.0625,3|2,2,4,8,16
haggling/fruitville,Haggling: fruitville,haggling,exact-payoff (backbone-invariant),1000,atom_tom1,19,0.12173913043478257,2.3130434782608695,3,7,1.0608695652173914,1.182608695652174,0.0625,3|2,2,4,8,16
haggling/fruitville,Haggling: fruitville,haggling,exact-payoff (backbone-invariant),1000,atom_tom1,20,0.12173913043478257,2.4347826086956523,3,7,1.0608695652173914,1.182608695652174,0.0625,3|2,2,4,8,16
haggling/fruitville,Haggling: fruitville,haggling,exact-payoff (backbone-invariant),1000,random,1,0.12173913043478257,0.12173913043478257,3,7,1.0608695652173914,1.182608695652174,0.0625,3|2,2,4,8,16
haggling/fruitville,Haggling: fruitville,haggling,exact-payoff (backbone-invariant),1000,random,2,0.060869565217391175,0.18260869565217375,5,7,1.1217391304347828,1.182608695652174,0.0625,3|2,2,4,8,16
haggling/fruitville,Haggling: fruitville,haggling,exact-payoff (backbone-invariant),1000,random,3,0.8347826086956522,1.017391304347826,8,7,0.3478260869565218,1.182608695652174,0.0625,3|2,2,4,8,16
haggling/fruitville,Haggling: fruitville,haggling,exact-payoff (backbone-invariant),1000,random,4,0.0,1.017391304347826,7,7,1.182608695652174,1.182608695652174,0.0625,3|2,2,4,8,16
haggling/fruitville,Haggling: fruitville,haggling,exact-payoff (backbone-invariant),1000,random,5,0.8347826086956522,1.8521739130434782,6,7,0.3478260869565218,1.182608695652174,0.0625,3|2,2,4,8,16
haggling/fruitville,Haggling: fruitville,haggling,exact-payoff (backbone-invariant),1000,random,6,0.0,1.8521739130434782,7,7,1.182608695652174,1.182608695652174,0.0625,3|2,2,4,8,16
haggling/fruitville,Haggling: fruitville,haggling,exact-payoff (backbone-invariant),1000,random,7,0.8347826086956522,2.6869565217391305,0,7,0.3478260869565218,1.182608695652174,0.0625,3|2,2,4,8,16
haggling/fruitville,Haggling: fruitville,haggling,exact-payoff (backbone-invariant),1000,random,8,0.8347826086956522,3.5217391304347827,8,7,0.3478260869565218,1.182608695652174,0.0625,3|2,2,4,8,16
haggling/fruitville,Haggling: fruitville,haggling,exact-payoff (backbone-invariant),1000,random,9,0.8347826086956522,4.356521739130435,6,7,0.3478260869565218,1.182608695652174,0.0625,3|2,2,4,8,16
haggling/fruitville,Haggling: fruitville,haggling,exact-payoff (backbone-invariant),1000,random,10,0.8347826086956522,5.191304347826087,2,7,0.3478260869565218,1.182608695652174,0.0625,3|2,2,4,8,16
haggling/fruitville,Haggling: fruitville,haggling,exact-payoff (backbone-invariant),1000,random,11,0.8347826086956522,6.026086956521739,4,7,0.3478260869565218,1.182608695652174,0.0625,3|2,2,4,8,16
haggling/fruitville,Haggling: fruitville,haggling,exact-payoff (backbone-invariant),1000,random,12,0.8347826086956522,6.860869565217392,4,7,0.3478260869565218,1.182608695652174,0.0625,3|2,2,4,8,16
haggling/fruitville,Haggling: fruitville,haggling,exact-payoff (backbone-invariant),1000,random,13,0.8347826086956522,7.695652173913045,4,7,0.3478260869565218,1.182608695652174,0.0625,3|2,2,4,8,16
haggling/fruitville,Haggling: fruitville,haggling,exact-payoff (backbone-invariant),1000,random,14,0.8347826086956522,8.530434782608697,8,7,0.3478260869565218,1.182608695652174,0.0625,3|2,2,4,8,16
haggling/fruitville,Haggling: fruitville,haggling,exact-payoff (backbone-invariant),1000,random,15,0.156521739130435,8.686956521739132,9,7,1.026086956521739,1.182608695652174,0.0625,3|2,2,4,8,16
haggling/fruitville,Haggling: fruitville,haggling,exact-payoff (backbone-invariant),1000,random,16,0.8347826086956522,9.521739130434785,6,7,0.3478260869565218,1.182608695652174,0.0625,3|2,2,4,8,16
haggling/fruitville,Haggling: fruitville,haggling,exact-payoff (backbone-invariant),1000,random,17,0.8347826086956522,10.356521739130438,4,7,0.3478260869565218,1.182608695652174,0.0625,3|2,2,4,8,16
haggling/fruitville,Haggling: fruitville,haggling,exact-payoff (backbone-invariant),1000,random,18,0.8347826086956522,11.19130434782609,8,7,0.3478260869565218,1.182608695652174,0.0625,3|2,2,4,8,16
haggling/fruitville,Haggling: fruitville,haggling,exact-payoff (backbone-invariant),1000,random,19,0.156521739130435,11.347826086956525,9,7,1.026086956521739,1.182608695652174,0.0625,3|2,2,4,8,16
haggling/fruitville,Haggling: fruitville,haggling,exact-payoff (backbone-invariant),1000,random,20,0.18260869565217397,11.5304347826087,1,7,1.0,1.182608695652174,0.0625,3|2,2,4,8,16
haggling/vegbrooke,Haggling: vegbrooke,haggling,exact-payoff (backbone-invariant),1000,pact,1,0.5095607235142121,0.5095607235142121,9,0,0.8031007751937982,1.3126614987080103,0.3958674276704185,3|2,2,4,8,16
haggling/vegbrooke,Haggling: vegbrooke,haggling,exact-payoff (backbone-invariant),1000,pact,2,0.0,0.5095607235142121,0,0,1.3126614987080103,1.3126614987080103,0.3958674276704185,3|2,2,4,8,16
haggling/vegbrooke,Haggling: vegbrooke,haggling,exact-payoff (backbone-invariant),1000,pact,3,0.0,0.5095607235142121,0,0,1.3126614987080103,1.3126614987080103,0.3958674276704185,3|2,2,4,8,16
haggling/vegbrooke,Haggling: vegbrooke,haggling,exact-payoff (backbone-invariant),1000,pact,4,0.3126614987080103,0.8222222222222224,1,0,1.0,1.3126614987080103,0.9244969717773734,3|2,2,4,8,16
haggling/vegbrooke,Haggling: vegbrooke,haggling,exact-payoff (backbone-invariant),1000,pact,5,0.0,0.8222222222222224,0,0,1.3126614987080103,1.3126614987080103,0.9244969717773734,3|2,2,4,8,16
haggling/vegbrooke,Haggling: vegbrooke,haggling,exact-payoff (backbone-invariant),1000,pact,6,0.0,0.8222222222222224,0,0,1.3126614987080103,1.3126614987080103,0.9244969717773734,3|2,2,4,8,16
haggling/vegbrooke,Haggling: vegbrooke,haggling,exact-payoff (backbone-invariant),1000,pact,7,0.0,0.8222222222222224,0,0,1.3126614987080103,1.3126614987080103,0.9244969717773734,3|2,2,4,8,16
haggling/vegbrooke,Haggling: vegbrooke,haggling,exact-payoff (backbone-invariant),1000,pact,8,0.0,0.8222222222222224,0,0,1.3126614987080103,1.3126614987080103,0.9244969717773734,3|2,2,4,8,16
haggling/vegbrooke,Haggling: vegbrooke,haggling,exact-payoff (backbone-invariant),1000,pact,9,0.0,0.8222222222222224,0,0,1.3126614987080103,1.3126614987080103,0.9244969717773734,3|2,2,4,8,16
haggling/vegbrooke,Haggling: vegbrooke,haggling,exact-payoff (backbone-invariant),1000,pact,10,0.0,0.8222222222222224,0,0,1.3126614987080103,1.3126614987080103,0.9244969717773734,3|2,2,4,8,16
haggling/vegbrooke,Haggling: vegbrooke,haggling,exact-payoff (backbone-invariant),1000,pact,11,0.0,0.8222222222222224,0,0,1.3126614987080103,1.3126614987080103,0.9244969717773734,3|2,2,4,8,16
haggling/vegbrooke,Haggling: vegbrooke,haggling,exact-payoff (backbone-invariant),1000,pact,12,0.0,0.8222222222222224,0,0,1.3126614987080103,1.3126614987080103,0.9244969717773734,3|2,2,4,8,16
haggling/vegbrooke,Haggling: vegbrooke,haggling,exact-payoff (backbone-invariant),1000,pact,13,0.0,0.8222222222222224,0,0,1.3126614987080103,1.3126614987080103,0.9244969717773734,3|2,2,4,8,16
haggling/vegbrooke,Haggling: vegbrooke,haggling,exact-payoff (backbone-invariant),1000,pact,14,0.0,0.8222222222222224,0,0,1.3126614987080103,1.3126614987080103,0.9244969717773734,3|2,2,4,8,16
haggling/vegbrooke,Haggling: vegbrooke,haggling,exact-payoff (backbone-invariant),1000,pact,15,0.0,0.8222222222222224,0,0,1.3126614987080103,1.3126614987080103,0.9244969717773734,3|2,2,4,8,16
haggling/vegbrooke,Haggling: vegbrooke,haggling,exact-payoff (backbone-invariant),1000,pact,16,0.0,0.8222222222222224,0,0,1.3126614987080103,1.3126614987080103,0.9244969717773734,3|2,2,4,8,16
haggling/vegbrooke,Haggling: vegbrooke,haggling,exact-payoff (backbone-invariant),1000,pact,17,0.0,0.8222222222222224,0,0,1.3126614987080103,1.3126614987080103,0.9244969717773734,3|2,2,4,8,16
haggling/vegbrooke,Haggling: vegbrooke,haggling,exact-payoff (backbone-invariant),1000,pact,18,0.0,0.8222222222222224,0,0,1.3126614987080103,1.3126614987080103,0.9244969717773734,3|2,2,4,8,16
haggling/vegbrooke,Haggling: vegbrooke,haggling,exact-payoff (backbone-invariant),1000,pact,19,0.0,0.8222222222222224,0,0,1.3126614987080103,1.3126614987080103,0.9244969717773734,3|2,2,4,8,16
haggling/vegbrooke,Haggling: vegbrooke,haggling,exact-payoff (backbone-invariant),1000,pact,20,0.0,0.8222222222222224,0,0,1.3126614987080103,1.3126614987080103,0.9244969717773734,3|2,2,4,8,16
haggling/vegbrooke,Haggling: vegbrooke,haggling,exact-payoff (backbone-invariant),1000,pact_plus,1,0.5095607235142121,0.5095607235142121,9,0,0.8031007751937982,1.3126614987080103,0.3958674276704185,3|2,2,4,8,16
haggling/vegbrooke,Haggling: vegbrooke,haggling,exact-payoff (backbone-invariant),1000,pact_plus,2,0.0,0.5095607235142121,0,0,1.3126614987080103,1.3126614987080103,0.3958674276704185,3|2,2,4,8,16
haggling/vegbrooke,Haggling: vegbrooke,haggling,exact-payoff (backbone-invariant),1000,pact_plus,3,0.0,0.5095607235142121,0,0,1.3126614987080103,1.3126614987080103,0.3958674276704185,3|2,2,4,8,16
haggling/vegbrooke,Haggling: vegbrooke,haggling,exact-payoff (backbone-invariant),1000,pact_plus,4,0.3126614987080103,0.8222222222222224,1,0,1.0,1.3126614987080103,0.9244969717773734,3|2,2,4,8,16
haggling/vegbrooke,Haggling: vegbrooke,haggling,exact-payoff (backbone-invariant),1000,pact_plus,5,0.0,0.8222222222222224,0,0,1.3126614987080103,1.3126614987080103,0.9244969717773734,3|2,2,4,8,16
haggling/vegbrooke,Haggling: vegbrooke,haggling,exact-payoff (backbone-invariant),1000,pact_plus,6,0.0,0.8222222222222224,0,0,1.3126614987080103,1.3126614987080103,0.9244969717773734,3|2,2,4,8,16
haggling/vegbrooke,Haggling: vegbrooke,haggling,exact-payoff (backbone-invariant),1000,pact_plus,7,0.0,0.8222222222222224,0,0,1.3126614987080103,1.3126614987080103,0.9244969717773734,3|2,2,4,8,16
haggling/vegbrooke,Haggling: vegbrooke,haggling,exact-payoff (backbone-invariant),1000,pact_plus,8,0.0,0.8222222222222224,0,0,1.3126614987080103,1.3126614987080103,0.9244969717773734,3|2,2,4,8,16
haggling/vegbrooke,Haggling: vegbrooke,haggling,exact-payoff (backbone-invariant),1000,pact_plus,9,0.0,0.8222222222222224,0,0,1.3126614987080103,1.3126614987080103,0.9244969717773734,3|2,2,4,8,16
haggling/vegbrooke,Haggling: vegbrooke,haggling,exact-payoff (backbone-invariant),1000,pact_plus,10,0.0,0.8222222222222224,0,0,1.3126614987080103,1.3126614987080103,0.9244969717773734,3|2,2,4,8,16
haggling/vegbrooke,Haggling: vegbrooke,haggling,exact-payoff (backbone-invariant),1000,pact_plus,11,0.0,0.8222222222222224,0,0,1.3126614987080103,1.3126614987080103,0.9244969717773734,3|2,2,4,8,16
haggling/vegbrooke,Haggling: vegbrooke,haggling,exact-payoff (backbone-invariant),1000,pact_plus,12,0.0,0.8222222222222224,0,0,1.3126614987080103,1.3126614987080103,0.9244969717773734,3|2,2,4,8,16
haggling/vegbrooke,Haggling: vegbrooke,haggling,exact-payoff (backbone-invariant),1000,pact_plus,13,0.0,0.8222222222222224,0,0,1.3126614987080103,1.3126614987080103,0.9244969717773734,3|2,2,4,8,16
haggling/vegbrooke,Haggling: vegbrooke,haggling,exact-payoff (backbone-invariant),1000,pact_plus,14,0.0,0.8222222222222224,0,0,1.3126614987080103,1.3126614987080103,0.9244969717773734,3|2,2,4,8,16
haggling/vegbrooke,Haggling: vegbrooke,haggling,exact-payoff (backbone-invariant),1000,pact_plus,15,0.0,0.8222222222222224,0,0,1.3126614987080103,1.3126614987080103,0.9244969717773734,3|2,2,4,8,16
haggling/vegbrooke,Haggling: vegbrooke,haggling,exact-payoff (backbone-invariant),1000,pact_plus,16,0.0,0.8222222222222224,0,0,1.3126614987080103,1.3126614987080103,0.9244969717773734,3|2,2,4,8,16
haggling/vegbrooke,Haggling: vegbrooke,haggling,exact-payoff (backbone-invariant),1000,pact_plus,17,0.0,0.8222222222222224,0,0,1.3126614987080103,1.3126614987080103,0.9244969717773734,3|2,2,4,8,16
haggling/vegbrooke,Haggling: vegbrooke,haggling,exact-payoff (backbone-invariant),1000,pact_plus,18,0.0,0.8222222222222224,0,0,1.3126614987080103,1.3126614987080103,0.9244969717773734,3|2,2,4,8,16
haggling/vegbrooke,Haggling: vegbrooke,haggling,exact-payoff (backbone-invariant),1000,pact_plus,19,0.0,0.8222222222222224,0,0,1.3126614987080103,1.3126614987080103,0.9244969717773734,3|2,2,4,8,16
haggling/vegbrooke,Haggling: vegbrooke,haggling,exact-payoff (backbone-invariant),1000,pact_plus,20,0.0,0.8222222222222224,0,0,1.3126614987080103,1.3126614987080103,0.9244969717773734,3|2,2,4,8,16
haggling/vegbrooke,Haggling: vegbrooke,haggling,exact-payoff (backbone-invariant),1000,joint_psrl_uniform,1,0.0,0.0,0,0,1.3126614987080103,1.3126614987080103,0.0625,3|2,2,4,8,16
haggling/vegbrooke,Haggling: vegbrooke,haggling,exact-payoff (backbone-invariant),1000,joint_psrl_uniform,2,0.5095607235142121,0.5095607235142121,9,0,0.8031007751937982,1.3126614987080103,0.15610802508844987,3|2,2,4,8,16
haggling/vegbrooke,Haggling: vegbrooke,haggling,exact-payoff (backbone-invariant),1000,joint_psrl_uniform,3,0.3126614987080103,0.8222222222222224,1,0,1.0,1.3126614987080103,0.8491968559916937,3|2,2,4,8,16
haggling/vegbrooke,Haggling: vegbrooke,haggling,exact-payoff (backbone-invariant),1000,joint_psrl_uniform,4,0.0,0.8222222222222224,0,0,1.3126614987080103,1.3126614987080103,0.8491968559916937,3|2,2,4,8,16
haggling/vegbrooke,Haggling: vegbrooke,haggling,exact-payoff (backbone-invariant),1000,joint_psrl_uniform,5,0.0,0.8222222222222224,0,0,1.3126614987080103,1.3126614987080103,0.8491968559916937,3|2,2,4,8,16
haggling/vegbrooke,Haggling: vegbrooke,haggling,exact-payoff (backbone-invariant),1000,joint_psrl_uniform,6,0.0,0.8222222222222224,0,0,1.3126614987080103,1.3126614987080103,0.8491968559916937,3|2,2,4,8,16
haggling/vegbrooke,Haggling: vegbrooke,haggling,exact-payoff (backbone-invariant),1000,joint_psrl_uniform,7,0.0,0.8222222222222224,0,0,1.3126614987080103,1.3126614987080103,0.8491968559916937,3|2,2,4,8,16
haggling/vegbrooke,Haggling: vegbrooke,haggling,exact-payoff (backbone-invariant),1000,joint_psrl_uniform,8,0.0,0.8222222222222224,0,0,1.3126614987080103,1.3126614987080103,0.8491968559916937,3|2,2,4,8,16
haggling/vegbrooke,Haggling: vegbrooke,haggling,exact-payoff (backbone-invariant),1000,joint_psrl_uniform,9,0.0,0.8222222222222224,0,0,1.3126614987080103,1.3126614987080103,0.8491968559916937,3|2,2,4,8,16
haggling/vegbrooke,Haggling: vegbrooke,haggling,exact-payoff (backbone-invariant),1000,joint_psrl_uniform,10,0.0,0.8222222222222224,0,0,1.3126614987080103,1.3126614987080103,0.8491968559916937,3|2,2,4,8,16
haggling/vegbrooke,Haggling: vegbrooke,haggling,exact-payoff (backbone-invariant),1000,joint_psrl_uniform,11,0.0,0.8222222222222224,0,0,1.3126614987080103,1.3126614987080103,0.8491968559916937,3|2,2,4,8,16
haggling/vegbrooke,Haggling: vegbrooke,haggling,exact-payoff (backbone-invariant),1000,joint_psrl_uniform,12,0.0,0.8222222222222224,0,0,1.3126614987080103,1.3126614987080103,0.8491968559916937,3|2,2,4,8,16
haggling/vegbrooke,Haggling: vegbrooke,haggling,exact-payoff (backbone-invariant),1000,joint_psrl_uniform,13,0.0,0.8222222222222224,0,0,1.3126614987080103,1.3126614987080103,0.8491968559916937,3|2,2,4,8,16
haggling/vegbrooke,Haggling: vegbrooke,haggling,exact-payoff (backbone-invariant),1000,joint_psrl_uniform,14,0.0,0.8222222222222224,0,0,1.3126614987080103,1.3126614987080103,0.8491968559916937,3|2,2,4,8,16
haggling/vegbrooke,Haggling: vegbrooke,haggling,exact-payoff (backbone-invariant),1000,joint_psrl_uniform,15,0.0,0.8222222222222224,0,0,1.3126614987080103,1.3126614987080103,0.8491968559916937,3|2,2,4,8,16
haggling/vegbrooke,Haggling: vegbrooke,haggling,exact-payoff (backbone-invariant),1000,joint_psrl_uniform,16,0.0,0.8222222222222224,0,0,1.3126614987080103,1.3126614987080103,0.8491968559916937,3|2,2,4,8,16
haggling/vegbrooke,Haggling: vegbrooke,haggling,exact-payoff (backbone-invariant),1000,joint_psrl_uniform,17,0.0,0.8222222222222224,0,0,1.3126614987080103,1.3126614987080103,0.8491968559916937,3|2,2,4,8,16
haggling/vegbrooke,Haggling: vegbrooke,haggling,exact-payoff (backbone-invariant),1000,joint_psrl_uniform,18,0.0,0.8222222222222224,0,0,1.3126614987080103,1.3126614987080103,0.8491968559916937,3|2,2,4,8,16
haggling/vegbrooke,Haggling: vegbrooke,haggling,exact-payoff (backbone-invariant),1000,joint_psrl_uniform,19,0.0,0.8222222222222224,0,0,1.3126614987080103,1.3126614987080103,0.8491968559916937,3|2,2,4,8,16
haggling/vegbrooke,Haggling: vegbrooke,haggling,exact-payoff (backbone-invariant),1000,joint_psrl_uniform,20,0.0,0.8222222222222224,0,0,1.3126614987080103,1.3126614987080103,0.8491968559916937,3|2,2,4,8,16
haggling/vegbrooke,Haggling: vegbrooke,haggling,exact-payoff (backbone-invariant),1000,psrl_notype,1,0.0,0.0,0,0,1.3126614987080103,1.3126614987080103,0.0625,3|2,2,4,8,16
haggling/vegbrooke,Haggling: vegbrooke,haggling,exact-payoff (backbone-invariant),1000,psrl_notype,2,0.0,0.0,0,0,1.3126614987080103,1.3126614987080103,0.0625,3|2,2,4,8,16
haggling/vegbrooke,Haggling: vegbrooke,haggling,exact-payoff (backbone-invariant),1000,psrl_notype,3,0.0,0.0,0,0,1.3126614987080103,1.3126614987080103,0.0625,3|2,2,4,8,16
haggling/vegbrooke,Haggling: vegbrooke,haggling,exact-payoff (backbone-invariant),1000,psrl_notype,4,0.0,0.0,0,0,1.3126614987080103,1.3126614987080103,0.0625,3|2,2,4,8,16
haggling/vegbrooke,Haggling: vegbrooke,haggling,exact-payoff (backbone-invariant),1000,psrl_notype,5,0.0,0.0,0,0,1.3126614987080103,1.3126614987080103,0.0625,3|2,2,4,8,16
haggling/vegbrooke,Haggling: vegbrooke,haggling,exact-payoff (backbone-invariant),1000,psrl_notype,6,0.0,0.0,0,0,1.3126614987080103,1.3126614987080103,0.0625,3|2,2,4,8,16
haggling/vegbrooke,Haggling: vegbrooke,haggling,exact-payoff (backbone-invariant),1000,psrl_notype,7,0.0,0.0,0,0,1.3126614987080103,1.3126614987080103,0.0625,3|2,2,4,8,16
haggling/vegbrooke,Haggling: vegbrooke,haggling,exact-payoff (backbone-invariant),1000,psrl_notype,8,0.0,0.0,0,0,1.3126614987080103,1.3126614987080103,0.0625,3|2,2,4,8,16
haggling/vegbrooke,Haggling: vegbrooke,haggling,exact-payoff (backbone-invariant),1000,psrl_notype,9,0.0,0.0,0,0,1.3126614987080103,1.3126614987080103,0.0625,3|2,2,4,8,16
haggling/vegbrooke,Haggling: vegbrooke,haggling,exact-payoff (backbone-invariant),1000,psrl_notype,10,0.0,0.0,0,0,1.3126614987080103,1.3126614987080103,0.0625,3|2,2,4,8,16
haggling/vegbrooke,Haggling: vegbrooke,haggling,exact-payoff (backbone-invariant),1000,psrl_notype,11,0.0,0.0,0,0,1.3126614987080103,1.3126614987080103,0.0625,3|2,2,4,8,16
haggling/vegbrooke,Haggling: vegbrooke,haggling,exact-payoff (backbone-invariant),1000,psrl_notype,12,0.5095607235142121,0.5095607235142121,9,0,0.8031007751937982,1.3126614987080103,0.0625,3|2,2,4,8,16
haggling/vegbrooke,Haggling: vegbrooke,haggling,exact-payoff (backbone-invariant),1000,psrl_notype,13,0.3126614987080103,0.8222222222222224,1,0,1.0,1.3126614987080103,0.0625,3|2,2,4,8,16
haggling/vegbrooke,Haggling: vegbrooke,haggling,exact-payoff (backbone-invariant),1000,psrl_notype,14,0.5095607235142121,1.3317829457364345,9,0,0.8031007751937982,1.3126614987080103,0.0625,3|2,2,4,8,16
haggling/vegbrooke,Haggling: vegbrooke,haggling,exact-payoff (backbone-invariant),1000,psrl_notype,15,0.0,1.3317829457364345,0,0,1.3126614987080103,1.3126614987080103,0.0625,3|2,2,4,8,16
haggling/vegbrooke,Haggling: vegbrooke,haggling,exact-payoff (backbone-invariant),1000,psrl_notype,16,0.0,1.3317829457364345,0,0,1.3126614987080103,1.3126614987080103,0.0625,3|2,2,4,8,16
haggling/vegbrooke,Haggling: vegbrooke,haggling,exact-payoff (backbone-invariant),1000,psrl_notype,17,0.0,1.3317829457364345,0,0,1.3126614987080103,1.3126614987080103,0.0625,3|2,2,4,8,16
haggling/vegbrooke,Haggling: vegbrooke,haggling,exact-payoff (backbone-invariant),1000,psrl_notype,18,0.0,1.3317829457364345,0,0,1.3126614987080103,1.3126614987080103,0.0625,3|2,2,4,8,16
haggling/vegbrooke,Haggling: vegbrooke,haggling,exact-payoff (backbone-invariant),1000,psrl_notype,19,0.0,1.3317829457364345,0,0,1.3126614987080103,1.3126614987080103,0.0625,3|2,2,4,8,16
haggling/vegbrooke,Haggling: vegbrooke,haggling,exact-payoff (backbone-invariant),1000,psrl_notype,20,0.0,1.3317829457364345,0,0,1.3126614987080103,1.3126614987080103,0.0625,3|2,2,4,8,16
haggling/vegbrooke,Haggling: vegbrooke,haggling,exact-payoff (backbone-invariant),1000,map_type_greedy,1,0.0,0.0,0,0,1.3126614987080103,1.3126614987080103,0.25,3|2,2,4,8,16
haggling/vegbrooke,Haggling: vegbrooke,haggling,exact-payoff (backbone-invariant),1000,map_type_greedy,2,0.0,0.0,0,0,1.3126614987080103,1.3126614987080103,0.25,3|2,2,4,8,16
haggling/vegbrooke,Haggling: vegbrooke,haggling,exact-payoff (backbone-invariant),1000,map_type_greedy,3,0.0,0.0,0,0,1.3126614987080103,1.3126614987080103,0.25,3|2,2,4,8,16
haggling/vegbrooke,Haggling: vegbrooke,haggling,exact-payoff (backbone-invariant),1000,map_type_greedy,4,0.0,0.0,0,0,1.3126614987080103,1.3126614987080103,0.25,3|2,2,4,8,16
haggling/vegbrooke,Haggling: vegbrooke,haggling,exact-payoff (backbone-invariant),1000,map_type_greedy,5,0.0,0.0,0,0,1.3126614987080103,1.3126614987080103,0.25,3|2,2,4,8,16
haggling/vegbrooke,Haggling: vegbrooke,haggling,exact-payoff (backbone-invariant),1000,map_type_greedy,6,0.0,0.0,0,0,1.3126614987080103,1.3126614987080103,0.25,3|2,2,4,8,16
haggling/vegbrooke,Haggling: vegbrooke,haggling,exact-payoff (backbone-invariant),1000,map_type_greedy,7,0.0,0.0,0,0,1.3126614987080103,1.3126614987080103,0.25,3|2,2,4,8,16
haggling/vegbrooke,Haggling: vegbrooke,haggling,exact-payoff (backbone-invariant),1000,map_type_greedy,8,0.0,0.0,0,0,1.3126614987080103,1.3126614987080103,0.25,3|2,2,4,8,16
haggling/vegbrooke,Haggling: vegbrooke,haggling,exact-payoff (backbone-invariant),1000,map_type_greedy,9,0.0,0.0,0,0,1.3126614987080103,1.3126614987080103,0.25,3|2,2,4,8,16
haggling/vegbrooke,Haggling: vegbrooke,haggling,exact-payoff (backbone-invariant),1000,map_type_greedy,10,0.0,0.0,0,0,1.3126614987080103,1.3126614987080103,0.25,3|2,2,4,8,16
haggling/vegbrooke,Haggling: vegbrooke,haggling,exact-payoff (backbone-invariant),1000,map_type_greedy,11,0.0,0.0,0,0,1.3126614987080103,1.3126614987080103,0.25,3|2,2,4,8,16
haggling/vegbrooke,Haggling: vegbrooke,haggling,exact-payoff (backbone-invariant),1000,map_type_greedy,12,0.0,0.0,0,0,1.3126614987080103,1.3126614987080103,0.25,3|2,2,4,8,16
haggling/vegbrooke,Haggling: vegbrooke,haggling,exact-payoff (backbone-invariant),1000,map_type_greedy,13,0.0,0.0,0,0,1.3126614987080103,1.3126614987080103,0.25,3|2,2,4,8,16
haggling/vegbrooke,Haggling: vegbrooke,haggling,exact-payoff (backbone-invariant),1000,map_type_greedy,14,0.0,0.0,0,0,1.3126614987080103,1.3126614987080103,0.25,3|2,2,4,8,16
haggling/vegbrooke,Haggling: vegbrooke,haggling,exact-payoff (backbone-invariant),1000,map_type_greedy,15,0.0,0.0,0,0,1.3126614987080103,1.3126614987080103,0.25,3|2,2,4,8,16
haggling/vegbrooke,Haggling: vegbrooke,haggling,exact-payoff (backbone-invariant),1000,map_type_greedy,16,0.0,0.0,0,0,1.3126614987080103,1.3126614987080103,0.25,3|2,2,4,8,16
haggling/vegbrooke,Haggling: vegbrooke,haggling,exact-payoff (backbone-invariant),1000,map_type_greedy,17,0.0,0.0,0,0,1.3126614987080103,1.3126614987080103,0.25,3|2,2,4,8,16
haggling/vegbrooke,Haggling: vegbrooke,haggling,exact-payoff (backbone-invariant),1000,map_type_greedy,18,0.0,0.0,0,0,1.3126614987080103,1.3126614987080103,0.25,3|2,2,4,8,16
haggling/vegbrooke,Haggling: vegbrooke,haggling,exact-payoff (backbone-invariant),1000,map_type_greedy,19,0.0,0.0,0,0,1.3126614987080103,1.3126614987080103,0.25,3|2,2,4,8,16
haggling/vegbrooke,Haggling: vegbrooke,haggling,exact-payoff (backbone-invariant),1000,map_type_greedy,20,0.0,0.0,0,0,1.3126614987080103,1.3126614987080103,0.25,3|2,2,4,8,16
haggling/vegbrooke,Haggling: vegbrooke,haggling,exact-payoff (backbone-invariant),1000,econ_bne,1,0.0,0.0,4,0,1.3126614987080103,1.3126614987080103,0.0625,3|2,2,4,8,16
haggling/vegbrooke,Haggling: vegbrooke,haggling,exact-payoff (backbone-invariant),1000,econ_bne,2,0.0,0.0,4,0,1.3126614987080103,1.3126614987080103,0.0625,3|2,2,4,8,16
haggling/vegbrooke,Haggling: vegbrooke,haggling,exact-payoff (backbone-invariant),1000,econ_bne,3,0.0,0.0,4,0,1.3126614987080103,1.3126614987080103,0.0625,3|2,2,4,8,16
haggling/vegbrooke,Haggling: vegbrooke,haggling,exact-payoff (backbone-invariant),1000,econ_bne,4,0.0,0.0,4,0,1.3126614987080103,1.3126614987080103,0.0625,3|2,2,4,8,16
haggling/vegbrooke,Haggling: vegbrooke,haggling,exact-payoff (backbone-invariant),1000,econ_bne,5,0.0,0.0,4,0,1.3126614987080103,1.3126614987080103,0.0625,3|2,2,4,8,16
haggling/vegbrooke,Haggling: vegbrooke,haggling,exact-payoff (backbone-invariant),1000,econ_bne,6,0.0,0.0,4,0,1.3126614987080103,1.3126614987080103,0.0625,3|2,2,4,8,16
haggling/vegbrooke,Haggling: vegbrooke,haggling,exact-payoff (backbone-invariant),1000,econ_bne,7,0.0,0.0,4,0,1.3126614987080103,1.3126614987080103,0.0625,3|2,2,4,8,16
haggling/vegbrooke,Haggling: vegbrooke,haggling,exact-payoff (backbone-invariant),1000,econ_bne,8,0.0,0.0,4,0,1.3126614987080103,1.3126614987080103,0.0625,3|2,2,4,8,16
haggling/vegbrooke,Haggling: vegbrooke,haggling,exact-payoff (backbone-invariant),1000,econ_bne,9,0.0,0.0,4,0,1.3126614987080103,1.3126614987080103,0.0625,3|2,2,4,8,16
haggling/vegbrooke,Haggling: vegbrooke,haggling,exact-payoff (backbone-invariant),1000,econ_bne,10,0.0,0.0,4,0,1.3126614987080103,1.3126614987080103,0.0625,3|2,2,4,8,16
haggling/vegbrooke,Haggling: vegbrooke,haggling,exact-payoff (backbone-invariant),1000,econ_bne,11,0.0,0.0,4,0,1.3126614987080103,1.3126614987080103,0.0625,3|2,2,4,8,16
haggling/vegbrooke,Haggling: vegbrooke,haggling,exact-payoff (backbone-invariant),1000,econ_bne,12,0.0,0.0,4,0,1.3126614987080103,1.3126614987080103,0.0625,3|2,2,4,8,16
haggling/vegbrooke,Haggling: vegbrooke,haggling,exact-payoff (backbone-invariant),1000,econ_bne,13,0.0,0.0,4,0,1.3126614987080103,1.3126614987080103,0.0625,3|2,2,4,8,16
haggling/vegbrooke,Haggling: vegbrooke,haggling,exact-payoff (backbone-invariant),1000,econ_bne,14,0.0,0.0,4,0,1.3126614987080103,1.3126614987080103,0.0625,3|2,2,4,8,16
haggling/vegbrooke,Haggling: vegbrooke,haggling,exact-payoff (backbone-invariant),1000,econ_bne,15,0.0,0.0,4,0,1.3126614987080103,1.3126614987080103,0.0625,3|2,2,4,8,16
haggling/vegbrooke,Haggling: vegbrooke,haggling,exact-payoff (backbone-invariant),1000,econ_bne,16,0.0,0.0,4,0,1.3126614987080103,1.3126614987080103,0.0625,3|2,2,4,8,16
haggling/vegbrooke,Haggling: vegbrooke,haggling,exact-payoff (backbone-invariant),1000,econ_bne,17,0.0,0.0,4,0,1.3126614987080103,1.3126614987080103,0.0625,3|2,2,4,8,16
haggling/vegbrooke,Haggling: vegbrooke,haggling,exact-payoff (backbone-invariant),1000,econ_bne,18,0.0,0.0,4,0,1.3126614987080103,1.3126614987080103,0.0625,3|2,2,4,8,16
haggling/vegbrooke,Haggling: vegbrooke,haggling,exact-payoff (backbone-invariant),1000,econ_bne,19,0.0,0.0,4,0,1.3126614987080103,1.3126614987080103,0.0625,3|2,2,4,8,16
haggling/vegbrooke,Haggling: vegbrooke,haggling,exact-payoff (backbone-invariant),1000,econ_bne,20,0.0,0.0,4,0,1.3126614987080103,1.3126614987080103,0.0625,3|2,2,4,8,16
haggling/vegbrooke,Haggling: vegbrooke,haggling,exact-payoff (backbone-invariant),1000,atom_tom1,1,0.0,0.0,6,0,1.3126614987080103,1.3126614987080103,0.0625,3|2,2,4,8,16
haggling/vegbrooke,Haggling: vegbrooke,haggling,exact-payoff (backbone-invariant),1000,atom_tom1,2,0.0,0.0,6,0,1.3126614987080103,1.3126614987080103,0.0625,3|2,2,4,8,16
haggling/vegbrooke,Haggling: vegbrooke,haggling,exact-payoff (backbone-invariant),1000,atom_tom1,3,0.0,0.0,6,0,1.3126614987080103,1.3126614987080103,0.0625,3|2,2,4,8,16
haggling/vegbrooke,Haggling: vegbrooke,haggling,exact-payoff (backbone-invariant),1000,atom_tom1,4,0.0,0.0,6,0,1.3126614987080103,1.3126614987080103,0.0625,3|2,2,4,8,16
haggling/vegbrooke,Haggling: vegbrooke,haggling,exact-payoff (backbone-invariant),1000,atom_tom1,5,0.0,0.0,6,0,1.3126614987080103,1.3126614987080103,0.0625,3|2,2,4,8,16
haggling/vegbrooke,Haggling: vegbrooke,haggling,exact-payoff (backbone-invariant),1000,atom_tom1,6,0.0,0.0,6,0,1.3126614987080103,1.3126614987080103,0.0625,3|2,2,4,8,16
haggling/vegbrooke,Haggling: vegbrooke,haggling,exact-payoff (backbone-invariant),1000,atom_tom1,7,0.0,0.0,6,0,1.3126614987080103,1.3126614987080103,0.0625,3|2,2,4,8,16
haggling/vegbrooke,Haggling: vegbrooke,haggling,exact-payoff (backbone-invariant),1000,atom_tom1,8,0.0,0.0,6,0,1.3126614987080103,1.3126614987080103,0.0625,3|2,2,4,8,16
haggling/vegbrooke,Haggling: vegbrooke,haggling,exact-payoff (backbone-invariant),1000,atom_tom1,9,0.0,0.0,6,0,1.3126614987080103,1.3126614987080103,0.0625,3|2,2,4,8,16
haggling/vegbrooke,Haggling: vegbrooke,haggling,exact-payoff (backbone-invariant),1000,atom_tom1,10,0.0,0.0,6,0,1.3126614987080103,1.3126614987080103,0.0625,3|2,2,4,8,16
haggling/vegbrooke,Haggling: vegbrooke,haggling,exact-payoff (backbone-invariant),1000,atom_tom1,11,0.0,0.0,6,0,1.3126614987080103,1.3126614987080103,0.0625,3|2,2,4,8,16
haggling/vegbrooke,Haggling: vegbrooke,haggling,exact-payoff (backbone-invariant),1000,atom_tom1,12,0.0,0.0,6,0,1.3126614987080103,1.3126614987080103,0.0625,3|2,2,4,8,16
haggling/vegbrooke,Haggling: vegbrooke,haggling,exact-payoff (backbone-invariant),1000,atom_tom1,13,0.0,0.0,6,0,1.3126614987080103,1.3126614987080103,0.0625,3|2,2,4,8,16
haggling/vegbrooke,Haggling: vegbrooke,haggling,exact-payoff (backbone-invariant),1000,atom_tom1,14,0.0,0.0,6,0,1.3126614987080103,1.3126614987080103,0.0625,3|2,2,4,8,16
haggling/vegbrooke,Haggling: vegbrooke,haggling,exact-payoff (backbone-invariant),1000,atom_tom1,15,0.0,0.0,6,0,1.3126614987080103,1.3126614987080103,0.0625,3|2,2,4,8,16
haggling/vegbrooke,Haggling: vegbrooke,haggling,exact-payoff (backbone-invariant),1000,atom_tom1,16,0.0,0.0,6,0,1.3126614987080103,1.3126614987080103,0.0625,3|2,2,4,8,16
haggling/vegbrooke,Haggling: vegbrooke,haggling,exact-payoff (backbone-invariant),1000,atom_tom1,17,0.0,0.0,6,0,1.3126614987080103,1.3126614987080103,0.0625,3|2,2,4,8,16
haggling/vegbrooke,Haggling: vegbrooke,haggling,exact-payoff (backbone-invariant),1000,atom_tom1,18,0.0,0.0,6,0,1.3126614987080103,1.3126614987080103,0.0625,3|2,2,4,8,16
haggling/vegbrooke,Haggling: vegbrooke,haggling,exact-payoff (backbone-invariant),1000,atom_tom1,19,0.0,0.0,6,0,1.3126614987080103,1.3126614987080103,0.0625,3|2,2,4,8,16
haggling/vegbrooke,Haggling: vegbrooke,haggling,exact-payoff (backbone-invariant),1000,atom_tom1,20,0.0,0.0,6,0,1.3126614987080103,1.3126614987080103,0.0625,3|2,2,4,8,16
haggling/vegbrooke,Haggling: vegbrooke,haggling,exact-payoff (backbone-invariant),1000,random,1,0.2785529715762274,0.2785529715762274,3,0,1.034108527131783,1.3126614987080103,0.0625,3|2,2,4,8,16
haggling/vegbrooke,Haggling: vegbrooke,haggling,exact-payoff (backbone-invariant),1000,random,2,0.24444444444444446,0.5229974160206718,5,0,1.0682170542635658,1.3126614987080103,0.0625,3|2,2,4,8,16
haggling/vegbrooke,Haggling: vegbrooke,haggling,exact-payoff (backbone-invariant),1000,random,3,0.0,0.5229974160206718,8,0,1.3126614987080103,1.3126614987080103,0.0625,3|2,2,4,8,16
haggling/vegbrooke,Haggling: vegbrooke,haggling,exact-payoff (backbone-invariant),1000,random,4,0.3214470284237727,0.8444444444444446,7,0,0.9912144702842376,1.3126614987080103,0.0625,3|2,2,4,8,16
haggling/vegbrooke,Haggling: vegbrooke,haggling,exact-payoff (backbone-invariant),1000,random,5,0.0,0.8444444444444446,6,0,1.3126614987080103,1.3126614987080103,0.0625,3|2,2,4,8,16
haggling/vegbrooke,Haggling: vegbrooke,haggling,exact-payoff (backbone-invariant),1000,random,6,0.3214470284237727,1.1658914728682173,7,0,0.9912144702842376,1.3126614987080103,0.0625,3|2,2,4,8,16
haggling/vegbrooke,Haggling: vegbrooke,haggling,exact-payoff (backbone-invariant),1000,random,7,0.0,1.1658914728682173,0,0,1.3126614987080103,1.3126614987080103,0.0625,3|2,2,4,8,16
haggling/vegbrooke,Haggling: vegbrooke,haggling,exact-payoff (backbone-invariant),1000,random,8,0.0,1.1658914728682173,8,0,1.3126614987080103,1.3126614987080103,0.0625,3|2,2,4,8,16
haggling/vegbrooke,Haggling: vegbrooke,haggling,exact-payoff (backbone-invariant),1000,random,9,0.0,1.1658914728682173,6,0,1.3126614987080103,1.3126614987080103,0.0625,3|2,2,4,8,16
haggling/vegbrooke,Haggling: vegbrooke,haggling,exact-payoff (backbone-invariant),1000,random,10,0.0,1.1658914728682173,2,0,1.3126614987080103,1.3126614987080103,0.0625,3|2,2,4,8,16
haggling/vegbrooke,Haggling: vegbrooke,haggling,exact-payoff (backbone-invariant),1000,random,11,0.0,1.1658914728682173,4,0,1.3126614987080103,1.3126614987080103,0.0625,3|2,2,4,8,16
haggling/vegbrooke,Haggling: vegbrooke,haggling,exact-payoff (backbone-invariant),1000,random,12,0.0,1.1658914728682173,4,0,1.3126614987080103,1.3126614987080103,0.0625,3|2,2,4,8,16
haggling/vegbrooke,Haggling: vegbrooke,haggling,exact-payoff (backbone-invariant),1000,random,13,0.0,1.1658914728682173,4,0,1.3126614987080103,1.3126614987080103,0.0625,3|2,2,4,8,16
haggling/vegbrooke,Haggling: vegbrooke,haggling,exact-payoff (backbone-invariant),1000,random,14,0.0,1.1658914728682173,8,0,1.3126614987080103,1.3126614987080103,0.0625,3|2,2,4,8,16
haggling/vegbrooke,Haggling: vegbrooke,haggling,exact-payoff (backbone-invariant),1000,random,15,0.5095607235142121,1.6754521963824294,9,0,0.8031007751937982,1.3126614987080103,0.0625,3|2,2,4,8,16
haggling/vegbrooke,Haggling: vegbrooke,haggling,exact-payoff (backbone-invariant),1000,random,16,0.0,1.6754521963824294,6,0,1.3126614987080103,1.3126614987080103,0.0625,3|2,2,4,8,16
haggling/vegbrooke,Haggling: vegbrooke,haggling,exact-payoff (backbone-invariant),1000,random,17,0.0,1.6754521963824294,4,0,1.3126614987080103,1.3126614987080103,0.0625,3|2,2,4,8,16
haggling/vegbrooke,Haggling: vegbrooke,haggling,exact-payoff (backbone-invariant),1000,random,18,0.0,1.6754521963824294,8,0,1.3126614987080103,1.3126614987080103,0.0625,3|2,2,4,8,16
haggling/vegbrooke,Haggling: vegbrooke,haggling,exact-payoff (backbone-invariant),1000,random,19,0.5095607235142121,2.1850129198966415,9,0,0.8031007751937982,1.3126614987080103,0.0625,3|2,2,4,8,16
haggling/vegbrooke,Haggling: vegbrooke,haggling,exact-payoff (backbone-invariant),1000,random,20,0.3126614987080103,2.497674418604652,1,0,1.0,1.3126614987080103,0.0625,3|2,2,4,8,16
haggling_multi_item/vegbrooke,Multi-item: vegbrooke,haggling_multi_item,exact-payoff (backbone-invariant),1000,pact,1,0.36363636363636365,0.36363636363636365,11,5,0.7272727272727274,1.090909090909091,0.4378642884589015,3|2,2,4,8,16
haggling_multi_item/vegbrooke,Multi-item: vegbrooke,haggling_multi_item,exact-payoff (backbone-invariant),1000,pact,2,0.0,0.36363636363636365,5,5,1.090909090909091,1.090909090909091,0.43786428845890146,3|2,2,4,8,16
haggling_multi_item/vegbrooke,Multi-item: vegbrooke,haggling_multi_item,exact-payoff (backbone-invariant),1000,pact,3,0.0,0.36363636363636365,5,5,1.090909090909091,1.090909090909091,0.4378642884589015,3|2,2,4,8,16
haggling_multi_item/vegbrooke,Multi-item: vegbrooke,haggling_multi_item,exact-payoff (backbone-invariant),1000,pact,4,0.09090909090909105,0.4545454545454547,13,5,1.0,1.090909090909091,0.9366720061029021,3|2,2,4,8,16
haggling_multi_item/vegbrooke,Multi-item: vegbrooke,haggling_multi_item,exact-payoff (backbone-invariant),1000,pact,5,0.0,0.4545454545454547,5,5,1.090909090909091,1.090909090909091,0.9366720061029022,3|2,2,4,8,16
haggling_multi_item/vegbrooke,Multi-item: vegbrooke,haggling_multi_item,exact-payoff (backbone-invariant),1000,pact,6,0.0,0.4545454545454547,5,5,1.090909090909091,1.090909090909091,0.9366720061029021,3|2,2,4,8,16
haggling_multi_item/vegbrooke,Multi-item: vegbrooke,haggling_multi_item,exact-payoff (backbone-invariant),1000,pact,7,0.0,0.4545454545454547,5,5,1.090909090909091,1.090909090909091,0.9366720061029021,3|2,2,4,8,16
haggling_multi_item/vegbrooke,Multi-item: vegbrooke,haggling_multi_item,exact-payoff (backbone-invariant),1000,pact,8,0.0,0.4545454545454547,5,5,1.090909090909091,1.090909090909091,0.9366720061029021,3|2,2,4,8,16
haggling_multi_item/vegbrooke,Multi-item: vegbrooke,haggling_multi_item,exact-payoff (backbone-invariant),1000,pact,9,0.0,0.4545454545454547,5,5,1.090909090909091,1.090909090909091,0.9366720061029021,3|2,2,4,8,16
haggling_multi_item/vegbrooke,Multi-item: vegbrooke,haggling_multi_item,exact-payoff (backbone-invariant),1000,pact,10,0.0,0.4545454545454547,5,5,1.090909090909091,1.090909090909091,0.9366720061029021,3|2,2,4,8,16
haggling_multi_item/vegbrooke,Multi-item: vegbrooke,haggling_multi_item,exact-payoff (backbone-invariant),1000,pact,11,0.0,0.4545454545454547,5,5,1.090909090909091,1.090909090909091,0.9366720061029021,3|2,2,4,8,16
haggling_multi_item/vegbrooke,Multi-item: vegbrooke,haggling_multi_item,exact-payoff (backbone-invariant),1000,pact,12,0.0,0.4545454545454547,5,5,1.090909090909091,1.090909090909091,0.9366720061029021,3|2,2,4,8,16
haggling_multi_item/vegbrooke,Multi-item: vegbrooke,haggling_multi_item,exact-payoff (backbone-invariant),1000,pact,13,0.0,0.4545454545454547,5,5,1.090909090909091,1.090909090909091,0.9366720061029021,3|2,2,4,8,16
haggling_multi_item/vegbrooke,Multi-item: vegbrooke,haggling_multi_item,exact-payoff (backbone-invariant),1000,pact,14,0.060606060606060774,0.5151515151515155,1,5,1.0303030303030303,1.090909090909091,0.9563801841997983,3|2,2,4,8,16
haggling_multi_item/vegbrooke,Multi-item: vegbrooke,haggling_multi_item,exact-payoff (backbone-invariant),1000,pact,15,0.0,0.5151515151515155,5,5,1.090909090909091,1.090909090909091,0.9563801841997983,3|2,2,4,8,16
haggling_multi_item/vegbrooke,Multi-item: vegbrooke,haggling_multi_item,exact-payoff (backbone-invariant),1000,pact,16,0.0,0.5151515151515155,5,5,1.090909090909091,1.090909090909091,0.9563801841997983,3|2,2,4,8,16
haggling_multi_item/vegbrooke,Multi-item: vegbrooke,haggling_multi_item,exact-payoff (backbone-invariant),1000,pact,17,0.060606060606060774,0.5757575757575762,1,5,1.0303030303030303,1.090909090909091,0.9674379204746368,3|2,2,4,8,16
haggling_multi_item/vegbrooke,Multi-item: vegbrooke,haggling_multi_item,exact-payoff (backbone-invariant),1000,pact,18,0.0,0.5757575757575762,5,5,1.090909090909091,1.090909090909091,0.9674379204746368,3|2,2,4,8,16
haggling_multi_item/vegbrooke,Multi-item: vegbrooke,haggling_multi_item,exact-payoff (backbone-invariant),1000,pact,19,0.0,0.5757575757575762,5,5,1.090909090909091,1.090909090909091,0.9674379204746368,3|2,2,4,8,16
haggling_multi_item/vegbrooke,Multi-item: vegbrooke,haggling_multi_item,exact-payoff (backbone-invariant),1000,pact,20,0.0,0.5757575757575762,5,5,1.090909090909091,1.090909090909091,0.9674379204746368,3|2,2,4,8,16
haggling_multi_item/vegbrooke,Multi-item: vegbrooke,haggling_multi_item,exact-payoff (backbone-invariant),1000,pact_plus,1,0.36363636363636365,0.36363636363636365,11,5,0.7272727272727274,1.090909090909091,0.4378642884589015,3|2,2,4,8,16
haggling_multi_item/vegbrooke,Multi-item: vegbrooke,haggling_multi_item,exact-payoff (backbone-invariant),1000,pact_plus,2,0.0,0.36363636363636365,5,5,1.090909090909091,1.090909090909091,0.43786428845890146,3|2,2,4,8,16
haggling_multi_item/vegbrooke,Multi-item: vegbrooke,haggling_multi_item,exact-payoff (backbone-invariant),1000,pact_plus,3,0.0,0.36363636363636365,5,5,1.090909090909091,1.090909090909091,0.4378642884589015,3|2,2,4,8,16
haggling_multi_item/vegbrooke,Multi-item: vegbrooke,haggling_multi_item,exact-payoff (backbone-invariant),1000,pact_plus,4,0.09090909090909105,0.4545454545454547,13,5,1.0,1.090909090909091,0.9366720061029021,3|2,2,4,8,16
haggling_multi_item/vegbrooke,Multi-item: vegbrooke,haggling_multi_item,exact-payoff (backbone-invariant),1000,pact_plus,5,0.0,0.4545454545454547,5,5,1.090909090909091,1.090909090909091,0.9366720061029022,3|2,2,4,8,16
haggling_multi_item/vegbrooke,Multi-item: vegbrooke,haggling_multi_item,exact-payoff (backbone-invariant),1000,pact_plus,6,0.0,0.4545454545454547,5,5,1.090909090909091,1.090909090909091,0.9366720061029021,3|2,2,4,8,16
haggling_multi_item/vegbrooke,Multi-item: vegbrooke,haggling_multi_item,exact-payoff (backbone-invariant),1000,pact_plus,7,0.0,0.4545454545454547,5,5,1.090909090909091,1.090909090909091,0.9366720061029021,3|2,2,4,8,16
haggling_multi_item/vegbrooke,Multi-item: vegbrooke,haggling_multi_item,exact-payoff (backbone-invariant),1000,pact_plus,8,0.0,0.4545454545454547,5,5,1.090909090909091,1.090909090909091,0.9366720061029021,3|2,2,4,8,16
haggling_multi_item/vegbrooke,Multi-item: vegbrooke,haggling_multi_item,exact-payoff (backbone-invariant),1000,pact_plus,9,0.0,0.4545454545454547,5,5,1.090909090909091,1.090909090909091,0.9366720061029021,3|2,2,4,8,16
haggling_multi_item/vegbrooke,Multi-item: vegbrooke,haggling_multi_item,exact-payoff (backbone-invariant),1000,pact_plus,10,0.0,0.4545454545454547,5,5,1.090909090909091,1.090909090909091,0.9366720061029021,3|2,2,4,8,16
haggling_multi_item/vegbrooke,Multi-item: vegbrooke,haggling_multi_item,exact-payoff (backbone-invariant),1000,pact_plus,11,0.0,0.4545454545454547,5,5,1.090909090909091,1.090909090909091,0.9366720061029021,3|2,2,4,8,16
haggling_multi_item/vegbrooke,Multi-item: vegbrooke,haggling_multi_item,exact-payoff (backbone-invariant),1000,pact_plus,12,0.0,0.4545454545454547,5,5,1.090909090909091,1.090909090909091,0.9366720061029021,3|2,2,4,8,16
haggling_multi_item/vegbrooke,Multi-item: vegbrooke,haggling_multi_item,exact-payoff (backbone-invariant),1000,pact_plus,13,0.0,0.4545454545454547,5,5,1.090909090909091,1.090909090909091,0.9366720061029021,3|2,2,4,8,16
haggling_multi_item/vegbrooke,Multi-item: vegbrooke,haggling_multi_item,exact-payoff (backbone-invariant),1000,pact_plus,14,0.09090909090909105,0.5454545454545457,13,5,1.0,1.090909090909091,0.9696283172997056,3|2,2,4,8,16
haggling_multi_item/vegbrooke,Multi-item: vegbrooke,haggling_multi_item,exact-payoff (backbone-invariant),1000,pact_plus,15,0.0,0.5454545454545457,5,5,1.090909090909091,1.090909090909091,0.9696283172997056,3|2,2,4,8,16
haggling_multi_item/vegbrooke,Multi-item: vegbrooke,haggling_multi_item,exact-payoff (backbone-invariant),1000,pact_plus,16,0.0,0.5454545454545457,5,5,1.090909090909091,1.090909090909091,0.9696283172997056,3|2,2,4,8,16
haggling_multi_item/vegbrooke,Multi-item: vegbrooke,haggling_multi_item,exact-payoff (backbone-invariant),1000,pact_plus,17,0.09090909090909105,0.6363636363636368,13,5,1.0,1.090909090909091,0.9836859095269368,3|2,2,4,8,16
haggling_multi_item/vegbrooke,Multi-item: vegbrooke,haggling_multi_item,exact-payoff (backbone-invariant),1000,pact_plus,18,0.0,0.6363636363636368,5,5,1.090909090909091,1.090909090909091,0.9836859095269368,3|2,2,4,8,16
haggling_multi_item/vegbrooke,Multi-item: vegbrooke,haggling_multi_item,exact-payoff (backbone-invariant),1000,pact_plus,19,0.0,0.6363636363636368,5,5,1.090909090909091,1.090909090909091,0.9836859095269368,3|2,2,4,8,16
haggling_multi_item/vegbrooke,Multi-item: vegbrooke,haggling_multi_item,exact-payoff (backbone-invariant),1000,pact_plus,20,0.0,0.6363636363636368,5,5,1.090909090909091,1.090909090909091,0.9836859095269368,3|2,2,4,8,16
haggling_multi_item/vegbrooke,Multi-item: vegbrooke,haggling_multi_item,exact-payoff (backbone-invariant),1000,joint_psrl_uniform,1,0.060606060606060774,0.060606060606060774,1,5,1.0303030303030303,1.090909090909091,0.33106485894234633,3|2,2,4,8,16
haggling_multi_item/vegbrooke,Multi-item: vegbrooke,haggling_multi_item,exact-payoff (backbone-invariant),1000,joint_psrl_uniform,2,0.060606060606060774,0.12121212121212155,1,5,1.0303030303030303,1.090909090909091,0.45712181735618035,3|2,2,4,8,16
haggling_multi_item/vegbrooke,Multi-item: vegbrooke,haggling_multi_item,exact-payoff (backbone-invariant),1000,joint_psrl_uniform,3,0.0,0.12121212121212155,5,5,1.090909090909091,1.090909090909091,0.45712181735618035,3|2,2,4,8,16
haggling_multi_item/vegbrooke,Multi-item: vegbrooke,haggling_multi_item,exact-payoff (backbone-invariant),1000,joint_psrl_uniform,4,0.060606060606060774,0.18181818181818232,1,5,1.0303030303030303,1.090909090909091,0.539336891465895,3|2,2,4,8,16
haggling_multi_item/vegbrooke,Multi-item: vegbrooke,haggling_multi_item,exact-payoff (backbone-invariant),1000,joint_psrl_uniform,5,0.0,0.18181818181818232,5,5,1.090909090909091,1.090909090909091,0.539336891465895,3|2,2,4,8,16
haggling_multi_item/vegbrooke,Multi-item: vegbrooke,haggling_multi_item,exact-payoff (backbone-invariant),1000,joint_psrl_uniform,6,0.060606060606060774,0.2424242424242431,1,5,1.0303030303030303,1.090909090909091,0.6112860237588343,3|2,2,4,8,16
haggling_multi_item/vegbrooke,Multi-item: vegbrooke,haggling_multi_item,exact-payoff (backbone-invariant),1000,joint_psrl_uniform,7,0.0,0.2424242424242431,5,5,1.090909090909091,1.090909090909091,0.6112860237588345,3|2,2,4,8,16
haggling_multi_item/vegbrooke,Multi-item: vegbrooke,haggling_multi_item,exact-payoff (backbone-invariant),1000,joint_psrl_uniform,8,0.0,0.2424242424242431,5,5,1.090909090909091,1.090909090909091,0.6112860237588343,3|2,2,4,8,16
haggling_multi_item/vegbrooke,Multi-item: vegbrooke,haggling_multi_item,exact-payoff (backbone-invariant),1000,joint_psrl_uniform,9,0.0,0.2424242424242431,5,5,1.090909090909091,1.090909090909091,0.6112860237588343,3|2,2,4,8,16
haggling_multi_item/vegbrooke,Multi-item: vegbrooke,haggling_multi_item,exact-payoff (backbone-invariant),1000,joint_psrl_uniform,10,0.0,0.2424242424242431,5,5,1.090909090909091,1.090909090909091,0.6112860237588343,3|2,2,4,8,16
haggling_multi_item/vegbrooke,Multi-item: vegbrooke,haggling_multi_item,exact-payoff (backbone-invariant),1000,joint_psrl_uniform,11,0.0,0.2424242424242431,5,5,1.090909090909091,1.090909090909091,0.6112860237588343,3|2,2,4,8,16
haggling_multi_item/vegbrooke,Multi-item: vegbrooke,haggling_multi_item,exact-payoff (backbone-invariant),1000,joint_psrl_uniform,12,0.060606060606060774,0.30303030303030387,1,5,1.0303030303030303,1.090909090909091,0.6772713810662968,3|2,2,4,8,16
haggling_multi_item/vegbrooke,Multi-item: vegbrooke,haggling_multi_item,exact-payoff (backbone-invariant),1000,joint_psrl_uniform,13,0.060606060606060774,0.36363636363636465,1,5,1.0303030303030303,1.090909090909091,0.7366318473785258,3|2,2,4,8,16
haggling_multi_item/vegbrooke,Multi-item: vegbrooke,haggling_multi_item,exact-payoff (backbone-invariant),1000,joint_psrl_uniform,14,0.0,0.36363636363636465,5,5,1.090909090909091,1.090909090909091,0.7366318473785258,3|2,2,4,8,16
haggling_multi_item/vegbrooke,Multi-item: vegbrooke,haggling_multi_item,exact-payoff (backbone-invariant),1000,joint_psrl_uniform,15,0.0,0.36363636363636465,5,5,1.090909090909091,1.090909090909091,0.7366318473785258,3|2,2,4,8,16
haggling_multi_item/vegbrooke,Multi-item: vegbrooke,haggling_multi_item,exact-payoff (backbone-invariant),1000,joint_psrl_uniform,16,0.0,0.36363636363636465,5,5,1.090909090909091,1.090909090909091,0.7366318473785258,3|2,2,4,8,16
haggling_multi_item/vegbrooke,Multi-item: vegbrooke,haggling_multi_item,exact-payoff (backbone-invariant),1000,joint_psrl_uniform,17,0.0,0.36363636363636465,5,5,1.090909090909091,1.090909090909091,0.7366318473785258,3|2,2,4,8,16
haggling_multi_item/vegbrooke,Multi-item: vegbrooke,haggling_multi_item,exact-payoff (backbone-invariant),1000,joint_psrl_uniform,18,0.0,0.36363636363636465,5,5,1.090909090909091,1.090909090909091,0.7366318473785258,3|2,2,4,8,16
haggling_multi_item/vegbrooke,Multi-item: vegbrooke,haggling_multi_item,exact-payoff (backbone-invariant),1000,joint_psrl_uniform,19,0.0,0.36363636363636465,5,5,1.090909090909091,1.090909090909091,0.7366318473785258,3|2,2,4,8,16
haggling_multi_item/vegbrooke,Multi-item: vegbrooke,haggling_multi_item,exact-payoff (backbone-invariant),1000,joint_psrl_uniform,20,0.0,0.36363636363636465,5,5,1.090909090909091,1.090909090909091,0.7366318473785258,3|2,2,4,8,16
haggling_multi_item/vegbrooke,Multi-item: vegbrooke,haggling_multi_item,exact-payoff (backbone-invariant),1000,psrl_notype,1,0.0,0.0,5,5,1.090909090909091,1.090909090909091,0.0625,3|2,2,4,8,16
haggling_multi_item/vegbrooke,Multi-item: vegbrooke,haggling_multi_item,exact-payoff (backbone-invariant),1000,psrl_notype,2,0.060606060606060774,0.060606060606060774,1,5,1.0303030303030303,1.090909090909091,0.0625,3|2,2,4,8,16
haggling_multi_item/vegbrooke,Multi-item: vegbrooke,haggling_multi_item,exact-payoff (backbone-invariant),1000,psrl_notype,3,0.060606060606060774,0.12121212121212155,1,5,1.0303030303030303,1.090909090909091,0.0625,3|2,2,4,8,16
haggling_multi_item/vegbrooke,Multi-item: vegbrooke,haggling_multi_item,exact-payoff (backbone-invariant),1000,psrl_notype,4,0.0,0.12121212121212155,5,5,1.090909090909091,1.090909090909091,0.0625,3|2,2,4,8,16
haggling_multi_item/vegbrooke,Multi-item: vegbrooke,haggling_multi_item,exact-payoff (backbone-invariant),1000,psrl_notype,5,0.0,0.12121212121212155,5,5,1.090909090909091,1.090909090909091,0.0625,3|2,2,4,8,16
haggling_multi_item/vegbrooke,Multi-item: vegbrooke,haggling_multi_item,exact-payoff (backbone-invariant),1000,psrl_notype,6,0.0,0.12121212121212155,5,5,1.090909090909091,1.090909090909091,0.0625,3|2,2,4,8,16
haggling_multi_item/vegbrooke,Multi-item: vegbrooke,haggling_multi_item,exact-payoff (backbone-invariant),1000,psrl_notype,7,0.060606060606060774,0.18181818181818232,1,5,1.0303030303030303,1.090909090909091,0.0625,3|2,2,4,8,16
haggling_multi_item/vegbrooke,Multi-item: vegbrooke,haggling_multi_item,exact-payoff (backbone-invariant),1000,psrl_notype,8,0.0,0.18181818181818232,5,5,1.090909090909091,1.090909090909091,0.0625,3|2,2,4,8,16
haggling_multi_item/vegbrooke,Multi-item: vegbrooke,haggling_multi_item,exact-payoff (backbone-invariant),1000,psrl_notype,9,0.0,0.18181818181818232,5,5,1.090909090909091,1.090909090909091,0.0625,3|2,2,4,8,16
haggling_multi_item/vegbrooke,Multi-item: vegbrooke,haggling_multi_item,exact-payoff (backbone-invariant),1000,psrl_notype,10,0.0,0.18181818181818232,5,5,1.090909090909091,1.090909090909091,0.0625,3|2,2,4,8,16
haggling_multi_item/vegbrooke,Multi-item: vegbrooke,haggling_multi_item,exact-payoff (backbone-invariant),1000,psrl_notype,11,0.060606060606060774,0.2424242424242431,1,5,1.0303030303030303,1.090909090909091,0.0625,3|2,2,4,8,16
haggling_multi_item/vegbrooke,Multi-item: vegbrooke,haggling_multi_item,exact-payoff (backbone-invariant),1000,psrl_notype,12,0.36363636363636365,0.6060606060606067,11,5,0.7272727272727274,1.090909090909091,0.0625,3|2,2,4,8,16
haggling_multi_item/vegbrooke,Multi-item: vegbrooke,haggling_multi_item,exact-payoff (backbone-invariant),1000,psrl_notype,13,0.09090909090909105,0.6969696969696978,13,5,1.0,1.090909090909091,0.0625,3|2,2,4,8,16
haggling_multi_item/vegbrooke,Multi-item: vegbrooke,haggling_multi_item,exact-payoff (backbone-invariant),1000,psrl_notype,14,0.36363636363636365,1.0606060606060614,11,5,0.7272727272727274,1.090909090909091,0.0625,3|2,2,4,8,16
haggling_multi_item/vegbrooke,Multi-item: vegbrooke,haggling_multi_item,exact-payoff (backbone-invariant),1000,psrl_notype,15,0.0,1.0606060606060614,5,5,1.090909090909091,1.090909090909091,0.0625,3|2,2,4,8,16
haggling_multi_item/vegbrooke,Multi-item: vegbrooke,haggling_multi_item,exact-payoff (backbone-invariant),1000,psrl_notype,16,0.0,1.0606060606060614,5,5,1.090909090909091,1.090909090909091,0.0625,3|2,2,4,8,16
haggling_multi_item/vegbrooke,Multi-item: vegbrooke,haggling_multi_item,exact-payoff (backbone-invariant),1000,psrl_notype,17,0.0,1.0606060606060614,5,5,1.090909090909091,1.090909090909091,0.0625,3|2,2,4,8,16
haggling_multi_item/vegbrooke,Multi-item: vegbrooke,haggling_multi_item,exact-payoff (backbone-invariant),1000,psrl_notype,18,0.36363636363636365,1.4242424242424252,11,5,0.7272727272727274,1.090909090909091,0.0625,3|2,2,4,8,16
haggling_multi_item/vegbrooke,Multi-item: vegbrooke,haggling_multi_item,exact-payoff (backbone-invariant),1000,psrl_notype,19,0.060606060606060774,1.484848484848486,1,5,1.0303030303030303,1.090909090909091,0.0625,3|2,2,4,8,16
haggling_multi_item/vegbrooke,Multi-item: vegbrooke,haggling_multi_item,exact-payoff (backbone-invariant),1000,psrl_notype,20,0.0,1.484848484848486,5,5,1.090909090909091,1.090909090909091,0.0625,3|2,2,4,8,16
haggling_multi_item/vegbrooke,Multi-item: vegbrooke,haggling_multi_item,exact-payoff (backbone-invariant),1000,map_type_greedy,1,0.060606060606060774,0.060606060606060774,1,5,1.0303030303030303,1.090909090909091,0.6141803470691639,3|2,2,4,8,16
haggling_multi_item/vegbrooke,Multi-item: vegbrooke,haggling_multi_item,exact-payoff (backbone-invariant),1000,map_type_greedy,2,0.0,0.060606060606060774,5,5,1.090909090909091,1.090909090909091,0.6141803470691639,3|2,2,4,8,16
haggling_multi_item/vegbrooke,Multi-item: vegbrooke,haggling_multi_item,exact-payoff (backbone-invariant),1000,map_type_greedy,3,0.0,0.060606060606060774,5,5,1.090909090909091,1.090909090909091,0.6141803470691639,3|2,2,4,8,16
haggling_multi_item/vegbrooke,Multi-item: vegbrooke,haggling_multi_item,exact-payoff (backbone-invariant),1000,map_type_greedy,4,0.0,0.060606060606060774,5,5,1.090909090909091,1.090909090909091,0.6141803470691639,3|2,2,4,8,16
haggling_multi_item/vegbrooke,Multi-item: vegbrooke,haggling_multi_item,exact-payoff (backbone-invariant),1000,map_type_greedy,5,0.0,0.060606060606060774,5,5,1.090909090909091,1.090909090909091,0.6141803470691639,3|2,2,4,8,16
haggling_multi_item/vegbrooke,Multi-item: vegbrooke,haggling_multi_item,exact-payoff (backbone-invariant),1000,map_type_greedy,6,0.0,0.060606060606060774,5,5,1.090909090909091,1.090909090909091,0.6141803470691639,3|2,2,4,8,16
haggling_multi_item/vegbrooke,Multi-item: vegbrooke,haggling_multi_item,exact-payoff (backbone-invariant),1000,map_type_greedy,7,0.0,0.060606060606060774,5,5,1.090909090909091,1.090909090909091,0.6141803470691639,3|2,2,4,8,16
haggling_multi_item/vegbrooke,Multi-item: vegbrooke,haggling_multi_item,exact-payoff (backbone-invariant),1000,map_type_greedy,8,0.0,0.060606060606060774,5,5,1.090909090909091,1.090909090909091,0.6141803470691639,3|2,2,4,8,16
haggling_multi_item/vegbrooke,Multi-item: vegbrooke,haggling_multi_item,exact-payoff (backbone-invariant),1000,map_type_greedy,9,0.0,0.060606060606060774,5,5,1.090909090909091,1.090909090909091,0.6141803470691639,3|2,2,4,8,16
haggling_multi_item/vegbrooke,Multi-item: vegbrooke,haggling_multi_item,exact-payoff (backbone-invariant),1000,map_type_greedy,10,0.0,0.060606060606060774,5,5,1.090909090909091,1.090909090909091,0.6141803470691639,3|2,2,4,8,16
haggling_multi_item/vegbrooke,Multi-item: vegbrooke,haggling_multi_item,exact-payoff (backbone-invariant),1000,map_type_greedy,11,0.0,0.060606060606060774,5,5,1.090909090909091,1.090909090909091,0.6141803470691639,3|2,2,4,8,16
haggling_multi_item/vegbrooke,Multi-item: vegbrooke,haggling_multi_item,exact-payoff (backbone-invariant),1000,map_type_greedy,12,0.0,0.060606060606060774,5,5,1.090909090909091,1.090909090909091,0.6141803470691639,3|2,2,4,8,16
haggling_multi_item/vegbrooke,Multi-item: vegbrooke,haggling_multi_item,exact-payoff (backbone-invariant),1000,map_type_greedy,13,0.0,0.060606060606060774,5,5,1.090909090909091,1.090909090909091,0.6141803470691639,3|2,2,4,8,16
haggling_multi_item/vegbrooke,Multi-item: vegbrooke,haggling_multi_item,exact-payoff (backbone-invariant),1000,map_type_greedy,14,0.0,0.060606060606060774,5,5,1.090909090909091,1.090909090909091,0.6141803470691639,3|2,2,4,8,16
haggling_multi_item/vegbrooke,Multi-item: vegbrooke,haggling_multi_item,exact-payoff (backbone-invariant),1000,map_type_greedy,15,0.0,0.060606060606060774,5,5,1.090909090909091,1.090909090909091,0.6141803470691639,3|2,2,4,8,16
haggling_multi_item/vegbrooke,Multi-item: vegbrooke,haggling_multi_item,exact-payoff (backbone-invariant),1000,map_type_greedy,16,0.0,0.060606060606060774,5,5,1.090909090909091,1.090909090909091,0.6141803470691639,3|2,2,4,8,16
haggling_multi_item/vegbrooke,Multi-item: vegbrooke,haggling_multi_item,exact-payoff (backbone-invariant),1000,map_type_greedy,17,0.0,0.060606060606060774,5,5,1.090909090909091,1.090909090909091,0.6141803470691639,3|2,2,4,8,16
haggling_multi_item/vegbrooke,Multi-item: vegbrooke,haggling_multi_item,exact-payoff (backbone-invariant),1000,map_type_greedy,18,0.0,0.060606060606060774,5,5,1.090909090909091,1.090909090909091,0.6141803470691639,3|2,2,4,8,16
haggling_multi_item/vegbrooke,Multi-item: vegbrooke,haggling_multi_item,exact-payoff (backbone-invariant),1000,map_type_greedy,19,0.0,0.060606060606060774,5,5,1.090909090909091,1.090909090909091,0.6141803470691639,3|2,2,4,8,16
haggling_multi_item/vegbrooke,Multi-item: vegbrooke,haggling_multi_item,exact-payoff (backbone-invariant),1000,map_type_greedy,20,0.0,0.060606060606060774,5,5,1.090909090909091,1.090909090909091,0.6141803470691639,3|2,2,4,8,16
haggling_multi_item/vegbrooke,Multi-item: vegbrooke,haggling_multi_item,exact-payoff (backbone-invariant),1000,econ_bne,1,0.0,0.0,5,5,1.090909090909091,1.090909090909091,0.0625,3|2,2,4,8,16
haggling_multi_item/vegbrooke,Multi-item: vegbrooke,haggling_multi_item,exact-payoff (backbone-invariant),1000,econ_bne,2,0.0,0.0,5,5,1.090909090909091,1.090909090909091,0.0625,3|2,2,4,8,16
haggling_multi_item/vegbrooke,Multi-item: vegbrooke,haggling_multi_item,exact-payoff (backbone-invariant),1000,econ_bne,3,0.0,0.0,5,5,1.090909090909091,1.090909090909091,0.0625,3|2,2,4,8,16
haggling_multi_item/vegbrooke,Multi-item: vegbrooke,haggling_multi_item,exact-payoff (backbone-invariant),1000,econ_bne,4,0.0,0.0,5,5,1.090909090909091,1.090909090909091,0.0625,3|2,2,4,8,16
haggling_multi_item/vegbrooke,Multi-item: vegbrooke,haggling_multi_item,exact-payoff (backbone-invariant),1000,econ_bne,5,0.0,0.0,5,5,1.090909090909091,1.090909090909091,0.0625,3|2,2,4,8,16
haggling_multi_item/vegbrooke,Multi-item: vegbrooke,haggling_multi_item,exact-payoff (backbone-invariant),1000,econ_bne,6,0.0,0.0,5,5,1.090909090909091,1.090909090909091,0.0625,3|2,2,4,8,16
haggling_multi_item/vegbrooke,Multi-item: vegbrooke,haggling_multi_item,exact-payoff (backbone-invariant),1000,econ_bne,7,0.0,0.0,5,5,1.090909090909091,1.090909090909091,0.0625,3|2,2,4,8,16
haggling_multi_item/vegbrooke,Multi-item: vegbrooke,haggling_multi_item,exact-payoff (backbone-invariant),1000,econ_bne,8,0.0,0.0,5,5,1.090909090909091,1.090909090909091,0.0625,3|2,2,4,8,16
haggling_multi_item/vegbrooke,Multi-item: vegbrooke,haggling_multi_item,exact-payoff (backbone-invariant),1000,econ_bne,9,0.0,0.0,5,5,1.090909090909091,1.090909090909091,0.0625,3|2,2,4,8,16
haggling_multi_item/vegbrooke,Multi-item: vegbrooke,haggling_multi_item,exact-payoff (backbone-invariant),1000,econ_bne,10,0.0,0.0,5,5,1.090909090909091,1.090909090909091,0.0625,3|2,2,4,8,16
haggling_multi_item/vegbrooke,Multi-item: vegbrooke,haggling_multi_item,exact-payoff (backbone-invariant),1000,econ_bne,11,0.0,0.0,5,5,1.090909090909091,1.090909090909091,0.0625,3|2,2,4,8,16
haggling_multi_item/vegbrooke,Multi-item: vegbrooke,haggling_multi_item,exact-payoff (backbone-invariant),1000,econ_bne,12,0.0,0.0,5,5,1.090909090909091,1.090909090909091,0.0625,3|2,2,4,8,16
haggling_multi_item/vegbrooke,Multi-item: vegbrooke,haggling_multi_item,exact-payoff (backbone-invariant),1000,econ_bne,13,0.0,0.0,5,5,1.090909090909091,1.090909090909091,0.0625,3|2,2,4,8,16
haggling_multi_item/vegbrooke,Multi-item: vegbrooke,haggling_multi_item,exact-payoff (backbone-invariant),1000,econ_bne,14,0.0,0.0,5,5,1.090909090909091,1.090909090909091,0.0625,3|2,2,4,8,16
haggling_multi_item/vegbrooke,Multi-item: vegbrooke,haggling_multi_item,exact-payoff (backbone-invariant),1000,econ_bne,15,0.0,0.0,5,5,1.090909090909091,1.090909090909091,0.0625,3|2,2,4,8,16
haggling_multi_item/vegbrooke,Multi-item: vegbrooke,haggling_multi_item,exact-payoff (backbone-invariant),1000,econ_bne,16,0.0,0.0,5,5,1.090909090909091,1.090909090909091,0.0625,3|2,2,4,8,16
haggling_multi_item/vegbrooke,Multi-item: vegbrooke,haggling_multi_item,exact-payoff (backbone-invariant),1000,econ_bne,17,0.0,0.0,5,5,1.090909090909091,1.090909090909091,0.0625,3|2,2,4,8,16
haggling_multi_item/vegbrooke,Multi-item: vegbrooke,haggling_multi_item,exact-payoff (backbone-invariant),1000,econ_bne,18,0.0,0.0,5,5,1.090909090909091,1.090909090909091,0.0625,3|2,2,4,8,16
haggling_multi_item/vegbrooke,Multi-item: vegbrooke,haggling_multi_item,exact-payoff (backbone-invariant),1000,econ_bne,19,0.0,0.0,5,5,1.090909090909091,1.090909090909091,0.0625,3|2,2,4,8,16
haggling_multi_item/vegbrooke,Multi-item: vegbrooke,haggling_multi_item,exact-payoff (backbone-invariant),1000,econ_bne,20,0.0,0.0,5,5,1.090909090909091,1.090909090909091,0.0625,3|2,2,4,8,16
haggling_multi_item/vegbrooke,Multi-item: vegbrooke,haggling_multi_item,exact-payoff (backbone-invariant),1000,atom_tom1,1,0.060606060606060774,0.060606060606060774,1,5,1.0303030303030303,1.090909090909091,0.0625,3|2,2,4,8,16
haggling_multi_item/vegbrooke,Multi-item: vegbrooke,haggling_multi_item,exact-payoff (backbone-invariant),1000,atom_tom1,2,0.060606060606060774,0.12121212121212155,1,5,1.0303030303030303,1.090909090909091,0.0625,3|2,2,4,8,16
haggling_multi_item/vegbrooke,Multi-item: vegbrooke,haggling_multi_item,exact-payoff (backbone-invariant),1000,atom_tom1,3,0.060606060606060774,0.18181818181818232,1,5,1.0303030303030303,1.090909090909091,0.0625,3|2,2,4,8,16
haggling_multi_item/vegbrooke,Multi-item: vegbrooke,haggling_multi_item,exact-payoff (backbone-invariant),1000,atom_tom1,4,0.060606060606060774,0.2424242424242431,1,5,1.0303030303030303,1.090909090909091,0.0625,3|2,2,4,8,16
haggling_multi_item/vegbrooke,Multi-item: vegbrooke,haggling_multi_item,exact-payoff (backbone-invariant),1000,atom_tom1,5,0.060606060606060774,0.30303030303030387,1,5,1.0303030303030303,1.090909090909091,0.0625,3|2,2,4,8,16
haggling_multi_item/vegbrooke,Multi-item: vegbrooke,haggling_multi_item,exact-payoff (backbone-invariant),1000,atom_tom1,6,0.060606060606060774,0.36363636363636465,1,5,1.0303030303030303,1.090909090909091,0.0625,3|2,2,4,8,16
haggling_multi_item/vegbrooke,Multi-item: vegbrooke,haggling_multi_item,exact-payoff (backbone-invariant),1000,atom_tom1,7,0.060606060606060774,0.4242424242424254,1,5,1.0303030303030303,1.090909090909091,0.0625,3|2,2,4,8,16
haggling_multi_item/vegbrooke,Multi-item: vegbrooke,haggling_multi_item,exact-payoff (backbone-invariant),1000,atom_tom1,8,0.060606060606060774,0.4848484848484862,1,5,1.0303030303030303,1.090909090909091,0.0625,3|2,2,4,8,16
haggling_multi_item/vegbrooke,Multi-item: vegbrooke,haggling_multi_item,exact-payoff (backbone-invariant),1000,atom_tom1,9,0.060606060606060774,0.545454545454547,1,5,1.0303030303030303,1.090909090909091,0.0625,3|2,2,4,8,16
haggling_multi_item/vegbrooke,Multi-item: vegbrooke,haggling_multi_item,exact-payoff (backbone-invariant),1000,atom_tom1,10,0.060606060606060774,0.6060606060606077,1,5,1.0303030303030303,1.090909090909091,0.0625,3|2,2,4,8,16
haggling_multi_item/vegbrooke,Multi-item: vegbrooke,haggling_multi_item,exact-payoff (backbone-invariant),1000,atom_tom1,11,0.060606060606060774,0.6666666666666685,1,5,1.0303030303030303,1.090909090909091,0.0625,3|2,2,4,8,16
haggling_multi_item/vegbrooke,Multi-item: vegbrooke,haggling_multi_item,exact-payoff (backbone-invariant),1000,atom_tom1,12,0.060606060606060774,0.7272727272727293,1,5,1.0303030303030303,1.090909090909091,0.0625,3|2,2,4,8,16
haggling_multi_item/vegbrooke,Multi-item: vegbrooke,haggling_multi_item,exact-payoff (backbone-invariant),1000,atom_tom1,13,0.060606060606060774,0.7878787878787901,1,5,1.0303030303030303,1.090909090909091,0.0625,3|2,2,4,8,16
haggling_multi_item/vegbrooke,Multi-item: vegbrooke,haggling_multi_item,exact-payoff (backbone-invariant),1000,atom_tom1,14,0.060606060606060774,0.8484848484848508,1,5,1.0303030303030303,1.090909090909091,0.0625,3|2,2,4,8,16
haggling_multi_item/vegbrooke,Multi-item: vegbrooke,haggling_multi_item,exact-payoff (backbone-invariant),1000,atom_tom1,15,0.060606060606060774,0.9090909090909116,1,5,1.0303030303030303,1.090909090909091,0.0625,3|2,2,4,8,16
haggling_multi_item/vegbrooke,Multi-item: vegbrooke,haggling_multi_item,exact-payoff (backbone-invariant),1000,atom_tom1,16,0.060606060606060774,0.9696969696969724,1,5,1.0303030303030303,1.090909090909091,0.0625,3|2,2,4,8,16
haggling_multi_item/vegbrooke,Multi-item: vegbrooke,haggling_multi_item,exact-payoff (backbone-invariant),1000,atom_tom1,17,0.060606060606060774,1.0303030303030332,1,5,1.0303030303030303,1.090909090909091,0.0625,3|2,2,4,8,16
haggling_multi_item/vegbrooke,Multi-item: vegbrooke,haggling_multi_item,exact-payoff (backbone-invariant),1000,atom_tom1,18,0.060606060606060774,1.090909090909094,1,5,1.0303030303030303,1.090909090909091,0.0625,3|2,2,4,8,16
haggling_multi_item/vegbrooke,Multi-item: vegbrooke,haggling_multi_item,exact-payoff (backbone-invariant),1000,atom_tom1,19,0.060606060606060774,1.1515151515151547,1,5,1.0303030303030303,1.090909090909091,0.0625,3|2,2,4,8,16
haggling_multi_item/vegbrooke,Multi-item: vegbrooke,haggling_multi_item,exact-payoff (backbone-invariant),1000,atom_tom1,20,0.060606060606060774,1.2121212121212155,1,5,1.0303030303030303,1.090909090909091,0.0625,3|2,2,4,8,16
haggling_multi_item/vegbrooke,Multi-item: vegbrooke,haggling_multi_item,exact-payoff (backbone-invariant),1000,random,1,0.36363636363636365,0.36363636363636365,11,5,0.7272727272727274,1.090909090909091,0.0625,3|2,2,4,8,16
haggling_multi_item/vegbrooke,Multi-item: vegbrooke,haggling_multi_item,exact-payoff (backbone-invariant),1000,random,2,0.6060606060606062,0.9696969696969698,20,5,0.4848484848484849,1.090909090909091,0.0625,3|2,2,4,8,16
haggling_multi_item/vegbrooke,Multi-item: vegbrooke,haggling_multi_item,exact-payoff (backbone-invariant),1000,random,3,0.6060606060606062,1.5757575757575761,30,5,0.4848484848484849,1.090909090909091,0.0625,3|2,2,4,8,16
haggling_multi_item/vegbrooke,Multi-item: vegbrooke,haggling_multi_item,exact-payoff (backbone-invariant),1000,random,4,0.6060606060606062,2.1818181818181825,28,5,0.4848484848484849,1.090909090909091,0.0625,3|2,2,4,8,16
haggling_multi_item/vegbrooke,Multi-item: vegbrooke,haggling_multi_item,exact-payoff (backbone-invariant),1000,random,5,0.6060606060606062,2.787878787878789,24,5,0.4848484848484849,1.090909090909091,0.0625,3|2,2,4,8,16
haggling_multi_item/vegbrooke,Multi-item: vegbrooke,haggling_multi_item,exact-payoff (backbone-invariant),1000,random,6,0.030303030303030498,2.8181818181818192,27,5,1.0606060606060606,1.090909090909091,0.0625,3|2,2,4,8,16
haggling_multi_item/vegbrooke,Multi-item: vegbrooke,haggling_multi_item,exact-payoff (backbone-invariant),1000,random,7,0.6060606060606062,3.4242424242424256,2,5,0.4848484848484849,1.090909090909091,0.0625,3|2,2,4,8,16
haggling_multi_item/vegbrooke,Multi-item: vegbrooke,haggling_multi_item,exact-payoff (backbone-invariant),1000,random,8,0.0,3.4242424242424256,29,5,1.090909090909091,1.090909090909091,0.0625,3|2,2,4,8,16
haggling_multi_item/vegbrooke,Multi-item: vegbrooke,haggling_multi_item,exact-payoff (backbone-invariant),1000,random,9,0.6060606060606062,4.030303030303032,22,5,0.4848484848484849,1.090909090909091,0.0625,3|2,2,4,8,16
haggling_multi_item/vegbrooke,Multi-item: vegbrooke,haggling_multi_item,exact-payoff (backbone-invariant),1000,random,10,0.6060606060606062,4.6363636363636385,8,5,0.4848484848484849,1.090909090909091,0.0625,3|2,2,4,8,16
haggling_multi_item/vegbrooke,Multi-item: vegbrooke,haggling_multi_item,exact-payoff (backbone-invariant),1000,random,11,0.060606060606060774,4.696969696969699,15,5,1.0303030303030303,1.090909090909091,0.0625,3|2,2,4,8,16
haggling_multi_item/vegbrooke,Multi-item: vegbrooke,haggling_multi_item,exact-payoff (backbone-invariant),1000,random,12,0.030303030303030498,4.727272727272729,17,5,1.0606060606060606,1.090909090909091,0.0625,3|2,2,4,8,16
haggling_multi_item/vegbrooke,Multi-item: vegbrooke,haggling_multi_item,exact-payoff (backbone-invariant),1000,random,13,0.6060606060606062,5.333333333333336,16,5,0.4848484848484849,1.090909090909091,0.0625,3|2,2,4,8,16
haggling_multi_item/vegbrooke,Multi-item: vegbrooke,haggling_multi_item,exact-payoff (backbone-invariant),1000,random,14,0.6060606060606062,5.939393939393942,30,5,0.4848484848484849,1.090909090909091,0.0625,3|2,2,4,8,16
haggling_multi_item/vegbrooke,Multi-item: vegbrooke,haggling_multi_item,exact-payoff (backbone-invariant),1000,random,15,0.36363636363636365,6.303030303030305,35,5,0.7272727272727274,1.090909090909091,0.0625,3|2,2,4,8,16
haggling_multi_item/vegbrooke,Multi-item: vegbrooke,haggling_multi_item,exact-payoff (backbone-invariant),1000,random,16,0.12121212121212133,6.4242424242424265,21,5,0.9696969696969697,1.090909090909091,0.0625,3|2,2,4,8,16
haggling_multi_item/vegbrooke,Multi-item: vegbrooke,haggling_multi_item,exact-payoff (backbone-invariant),1000,random,17,0.060606060606060774,6.484848484848487,15,5,1.0303030303030303,1.090909090909091,0.0625,3|2,2,4,8,16
haggling_multi_item/vegbrooke,Multi-item: vegbrooke,haggling_multi_item,exact-payoff (backbone-invariant),1000,random,18,0.12121212121212133,6.606060606060608,31,5,0.9696969696969697,1.090909090909091,0.0625,3|2,2,4,8,16
haggling_multi_item/vegbrooke,Multi-item: vegbrooke,haggling_multi_item,exact-payoff (backbone-invariant),1000,random,19,0.36363636363636365,6.9696969696969715,35,5,0.7272727272727274,1.090909090909091,0.0625,3|2,2,4,8,16
haggling_multi_item/vegbrooke,Multi-item: vegbrooke,haggling_multi_item,exact-payoff (backbone-invariant),1000,random,20,0.6060606060606062,7.575757575757578,6,5,0.4848484848484849,1.090909090909091,0.0625,3|2,2,4,8,16
haggling_multi_item/fruitville_multi,Multi-item: fruitville,haggling_multi_item,exact-payoff (backbone-invariant),1000,pact,1,0.36363636363636365,0.36363636363636365,35,19,0.7272727272727274,1.090909090909091,0.4378642884589015,3|2,2,4,8,16
haggling_multi_item/fruitville_multi,Multi-item: fruitville,haggling_multi_item,exact-payoff (backbone-invariant),1000,pact,2,0.0,0.36363636363636365,19,19,1.090909090909091,1.090909090909091,0.43786428845890146,3|2,2,4,8,16
haggling_multi_item/fruitville_multi,Multi-item: fruitville,haggling_multi_item,exact-payoff (backbone-invariant),1000,pact,3,0.0,0.36363636363636365,19,19,1.090909090909091,1.090909090909091,0.4378642884589015,3|2,2,4,8,16
haggling_multi_item/fruitville_multi,Multi-item: fruitville,haggling_multi_item,exact-payoff (backbone-invariant),1000,pact,4,0.09090909090909105,0.4545454545454547,13,19,1.0,1.090909090909091,0.9366720061029021,3|2,2,4,8,16
haggling_multi_item/fruitville_multi,Multi-item: fruitville,haggling_multi_item,exact-payoff (backbone-invariant),1000,pact,5,0.0,0.4545454545454547,19,19,1.090909090909091,1.090909090909091,0.9366720061029022,3|2,2,4,8,16
haggling_multi_item/fruitville_multi,Multi-item: fruitville,haggling_multi_item,exact-payoff (backbone-invariant),1000,pact,6,0.0,0.4545454545454547,19,19,1.090909090909091,1.090909090909091,0.9366720061029021,3|2,2,4,8,16
haggling_multi_item/fruitville_multi,Multi-item: fruitville,haggling_multi_item,exact-payoff (backbone-invariant),1000,pact,7,0.0,0.4545454545454547,19,19,1.090909090909091,1.090909090909091,0.9366720061029021,3|2,2,4,8,16
haggling_multi_item/fruitville_multi,Multi-item: fruitville,haggling_multi_item,exact-payoff (backbone-invariant),1000,pact,8,0.0,0.4545454545454547,19,19,1.090909090909091,1.090909090909091,0.9366720061029021,3|2,2,4,8,16
haggling_multi_item/fruitville_multi,Multi-item: fruitville,haggling_multi_item,exact-payoff (backbone-invariant),1000,pact,9,0.0,0.4545454545454547,19,19,1.090909090909091,1.090909090909091,0.9366720061029021,3|2,2,4,8,16
haggling_multi_item/fruitville_multi,Multi-item: fruitville,haggling_multi_item,exact-payoff (backbone-invariant),1000,pact,10,0.0,0.4545454545454547,19,19,1.090909090909091,1.090909090909091,0.9366720061029021,3|2,2,4,8,16
haggling_multi_item/fruitville_multi,Multi-item: fruitville,haggling_multi_item,exact-payoff (backbone-invariant),1000,pact,11,0.0,0.4545454545454547,19,19,1.090909090909091,1.090909090909091,0.9366720061029021,3|2,2,4,8,16
haggling_multi_item/fruitville_multi,Multi-item: fruitville,haggling_multi_item,exact-payoff (backbone-invariant),1000,pact,12,0.0,0.4545454545454547,19,19,1.090909090909091,1.090909090909091,0.9366720061029021,3|2,2,4,8,16
haggling_multi_item/fruitville_multi,Multi-item: fruitville,haggling_multi_item,exact-payoff (backbone-invariant),1000,pact,13,0.0,0.4545454545454547,19,19,1.090909090909091,1.090909090909091,0.9366720061029021,3|2,2,4,8,16
haggling_multi_item/fruitville_multi,Multi-item: fruitville,haggling_multi_item,exact-payoff (backbone-invariant),1000,pact,14,0.060606060606060774,0.5151515151515155,15,19,1.0303030303030303,1.090909090909091,0.9563801841997983,3|2,2,4,8,16
haggling_multi_item/fruitville_multi,Multi-item: fruitville,haggling_multi_item,exact-payoff (backbone-invariant),1000,pact,15,0.0,0.5151515151515155,19,19,1.090909090909091,1.090909090909091,0.9563801841997983,3|2,2,4,8,16
haggling_multi_item/fruitville_multi,Multi-item: fruitville,haggling_multi_item,exact-payoff (backbone-invariant),1000,pact,16,0.0,0.5151515151515155,19,19,1.090909090909091,1.090909090909091,0.9563801841997983,3|2,2,4,8,16
haggling_multi_item/fruitville_multi,Multi-item: fruitville,haggling_multi_item,exact-payoff (backbone-invariant),1000,pact,17,0.060606060606060774,0.5757575757575762,15,19,1.0303030303030303,1.090909090909091,0.9674379204746368,3|2,2,4,8,16
haggling_multi_item/fruitville_multi,Multi-item: fruitville,haggling_multi_item,exact-payoff (backbone-invariant),1000,pact,18,0.0,0.5757575757575762,19,19,1.090909090909091,1.090909090909091,0.9674379204746368,3|2,2,4,8,16
haggling_multi_item/fruitville_multi,Multi-item: fruitville,haggling_multi_item,exact-payoff (backbone-invariant),1000,pact,19,0.0,0.5757575757575762,19,19,1.090909090909091,1.090909090909091,0.9674379204746368,3|2,2,4,8,16
haggling_multi_item/fruitville_multi,Multi-item: fruitville,haggling_multi_item,exact-payoff (backbone-invariant),1000,pact,20,0.0,0.5757575757575762,19,19,1.090909090909091,1.090909090909091,0.9674379204746368,3|2,2,4,8,16
haggling_multi_item/fruitville_multi,Multi-item: fruitville,haggling_multi_item,exact-payoff (backbone-invariant),1000,pact_plus,1,0.36363636363636365,0.36363636363636365,35,19,0.7272727272727274,1.090909090909091,0.4378642884589015,3|2,2,4,8,16
haggling_multi_item/fruitville_multi,Multi-item: fruitville,haggling_multi_item,exact-payoff (backbone-invariant),1000,pact_plus,2,0.0,0.36363636363636365,19,19,1.090909090909091,1.090909090909091,0.43786428845890146,3|2,2,4,8,16
haggling_multi_item/fruitville_multi,Multi-item: fruitville,haggling_multi_item,exact-payoff (backbone-invariant),1000,pact_plus,3,0.0,0.36363636363636365,19,19,1.090909090909091,1.090909090909091,0.4378642884589015,3|2,2,4,8,16
haggling_multi_item/fruitville_multi,Multi-item: fruitville,haggling_multi_item,exact-payoff (backbone-invariant),1000,pact_plus,4,0.09090909090909105,0.4545454545454547,13,19,1.0,1.090909090909091,0.9366720061029021,3|2,2,4,8,16
haggling_multi_item/fruitville_multi,Multi-item: fruitville,haggling_multi_item,exact-payoff (backbone-invariant),1000,pact_plus,5,0.0,0.4545454545454547,19,19,1.090909090909091,1.090909090909091,0.9366720061029022,3|2,2,4,8,16
haggling_multi_item/fruitville_multi,Multi-item: fruitville,haggling_multi_item,exact-payoff (backbone-invariant),1000,pact_plus,6,0.0,0.4545454545454547,19,19,1.090909090909091,1.090909090909091,0.9366720061029021,3|2,2,4,8,16
haggling_multi_item/fruitville_multi,Multi-item: fruitville,haggling_multi_item,exact-payoff (backbone-invariant),1000,pact_plus,7,0.0,0.4545454545454547,19,19,1.090909090909091,1.090909090909091,0.9366720061029021,3|2,2,4,8,16
haggling_multi_item/fruitville_multi,Multi-item: fruitville,haggling_multi_item,exact-payoff (backbone-invariant),1000,pact_plus,8,0.0,0.4545454545454547,19,19,1.090909090909091,1.090909090909091,0.9366720061029021,3|2,2,4,8,16
haggling_multi_item/fruitville_multi,Multi-item: fruitville,haggling_multi_item,exact-payoff (backbone-invariant),1000,pact_plus,9,0.0,0.4545454545454547,19,19,1.090909090909091,1.090909090909091,0.9366720061029021,3|2,2,4,8,16
haggling_multi_item/fruitville_multi,Multi-item: fruitville,haggling_multi_item,exact-payoff (backbone-invariant),1000,pact_plus,10,0.0,0.4545454545454547,19,19,1.090909090909091,1.090909090909091,0.9366720061029021,3|2,2,4,8,16
haggling_multi_item/fruitville_multi,Multi-item: fruitville,haggling_multi_item,exact-payoff (backbone-invariant),1000,pact_plus,11,0.0,0.4545454545454547,19,19,1.090909090909091,1.090909090909091,0.9366720061029021,3|2,2,4,8,16
haggling_multi_item/fruitville_multi,Multi-item: fruitville,haggling_multi_item,exact-payoff (backbone-invariant),1000,pact_plus,12,0.0,0.4545454545454547,19,19,1.090909090909091,1.090909090909091,0.9366720061029021,3|2,2,4,8,16
haggling_multi_item/fruitville_multi,Multi-item: fruitville,haggling_multi_item,exact-payoff (backbone-invariant),1000,pact_plus,13,0.0,0.4545454545454547,19,19,1.090909090909091,1.090909090909091,0.9366720061029021,3|2,2,4,8,16
haggling_multi_item/fruitville_multi,Multi-item: fruitville,haggling_multi_item,exact-payoff (backbone-invariant),1000,pact_plus,14,0.09090909090909105,0.5454545454545457,13,19,1.0,1.090909090909091,0.9696283172997056,3|2,2,4,8,16
haggling_multi_item/fruitville_multi,Multi-item: fruitville,haggling_multi_item,exact-payoff (backbone-invariant),1000,pact_plus,15,0.0,0.5454545454545457,19,19,1.090909090909091,1.090909090909091,0.9696283172997056,3|2,2,4,8,16
haggling_multi_item/fruitville_multi,Multi-item: fruitville,haggling_multi_item,exact-payoff (backbone-invariant),1000,pact_plus,16,0.0,0.5454545454545457,19,19,1.090909090909091,1.090909090909091,0.9696283172997056,3|2,2,4,8,16
haggling_multi_item/fruitville_multi,Multi-item: fruitville,haggling_multi_item,exact-payoff (backbone-invariant),1000,pact_plus,17,0.09090909090909105,0.6363636363636368,13,19,1.0,1.090909090909091,0.9836859095269368,3|2,2,4,8,16
haggling_multi_item/fruitville_multi,Multi-item: fruitville,haggling_multi_item,exact-payoff (backbone-invariant),1000,pact_plus,18,0.0,0.6363636363636368,19,19,1.090909090909091,1.090909090909091,0.9836859095269368,3|2,2,4,8,16
haggling_multi_item/fruitville_multi,Multi-item: fruitville,haggling_multi_item,exact-payoff (backbone-invariant),1000,pact_plus,19,0.0,0.6363636363636368,19,19,1.090909090909091,1.090909090909091,0.9836859095269368,3|2,2,4,8,16
haggling_multi_item/fruitville_multi,Multi-item: fruitville,haggling_multi_item,exact-payoff (backbone-invariant),1000,pact_plus,20,0.0,0.6363636363636368,19,19,1.090909090909091,1.090909090909091,0.9836859095269368,3|2,2,4,8,16
haggling_multi_item/fruitville_multi,Multi-item: fruitville,haggling_multi_item,exact-payoff (backbone-invariant),1000,joint_psrl_uniform,1,0.09090909090909105,0.09090909090909105,13,19,1.0,1.090909090909091,0.479462108144162,3|2,2,4,8,16
haggling_multi_item/fruitville_multi,Multi-item: fruitville,haggling_multi_item,exact-payoff (backbone-invariant),1000,joint_psrl_uniform,2,0.060606060606060774,0.15151515151515182,15,19,1.0303030303030303,1.090909090909091,0.5579367714615276,3|2,2,4,8,16
haggling_multi_item/fruitville_multi,Multi-item: fruitville,haggling_multi_item,exact-payoff (backbone-invariant),1000,joint_psrl_uniform,3,0.0,0.15151515151515182,19,19,1.090909090909091,1.090909090909091,0.5579367714615276,3|2,2,4,8,16
haggling_multi_item/fruitville_multi,Multi-item: fruitville,haggling_multi_item,exact-payoff (backbone-invariant),1000,joint_psrl_uniform,4,0.0,0.15151515151515182,19,19,1.090909090909091,1.090909090909091,0.5579367714615276,3|2,2,4,8,16
haggling_multi_item/fruitville_multi,Multi-item: fruitville,haggling_multi_item,exact-payoff (backbone-invariant),1000,joint_psrl_uniform,5,0.0,0.15151515151515182,19,19,1.090909090909091,1.090909090909091,0.5579367714615276,3|2,2,4,8,16
haggling_multi_item/fruitville_multi,Multi-item: fruitville,haggling_multi_item,exact-payoff (backbone-invariant),1000,joint_psrl_uniform,6,0.060606060606060774,0.2121212121212126,15,19,1.0303030303030303,1.090909090909091,0.6283435506976366,3|2,2,4,8,16
haggling_multi_item/fruitville_multi,Multi-item: fruitville,haggling_multi_item,exact-payoff (backbone-invariant),1000,joint_psrl_uniform,7,0.0,0.2121212121212126,19,19,1.090909090909091,1.090909090909091,0.6283435506976366,3|2,2,4,8,16
haggling_multi_item/fruitville_multi,Multi-item: fruitville,haggling_multi_item,exact-payoff (backbone-invariant),1000,joint_psrl_uniform,8,0.0,0.2121212121212126,19,19,1.090909090909091,1.090909090909091,0.6283435506976366,3|2,2,4,8,16
haggling_multi_item/fruitville_multi,Multi-item: fruitville,haggling_multi_item,exact-payoff (backbone-invariant),1000,joint_psrl_uniform,9,0.0,0.2121212121212126,19,19,1.090909090909091,1.090909090909091,0.6283435506976366,3|2,2,4,8,16
haggling_multi_item/fruitville_multi,Multi-item: fruitville,haggling_multi_item,exact-payoff (backbone-invariant),1000,joint_psrl_uniform,10,0.0,0.2121212121212126,19,19,1.090909090909091,1.090909090909091,0.6283435506976366,3|2,2,4,8,16
haggling_multi_item/fruitville_multi,Multi-item: fruitville,haggling_multi_item,exact-payoff (backbone-invariant),1000,joint_psrl_uniform,11,0.0,0.2121212121212126,19,19,1.090909090909091,1.090909090909091,0.6283435506976366,3|2,2,4,8,16
haggling_multi_item/fruitville_multi,Multi-item: fruitville,haggling_multi_item,exact-payoff (backbone-invariant),1000,joint_psrl_uniform,12,0.060606060606060774,0.2727272727272734,15,19,1.0303030303030303,1.090909090909091,0.6927761840510963,3|2,2,4,8,16
haggling_multi_item/fruitville_multi,Multi-item: fruitville,haggling_multi_item,exact-payoff (backbone-invariant),1000,joint_psrl_uniform,13,0.060606060606060774,0.33333333333333415,15,19,1.0303030303030303,1.090909090909091,0.750316645335106,3|2,2,4,8,16
haggling_multi_item/fruitville_multi,Multi-item: fruitville,haggling_multi_item,exact-payoff (backbone-invariant),1000,joint_psrl_uniform,14,0.0,0.33333333333333415,19,19,1.090909090909091,1.090909090909091,0.750316645335106,3|2,2,4,8,16
haggling_multi_item/fruitville_multi,Multi-item: fruitville,haggling_multi_item,exact-payoff (backbone-invariant),1000,joint_psrl_uniform,15,0.0,0.33333333333333415,19,19,1.090909090909091,1.090909090909091,0.750316645335106,3|2,2,4,8,16
haggling_multi_item/fruitville_multi,Multi-item: fruitville,haggling_multi_item,exact-payoff (backbone-invariant),1000,joint_psrl_uniform,16,0.0,0.33333333333333415,19,19,1.090909090909091,1.090909090909091,0.750316645335106,3|2,2,4,8,16
haggling_multi_item/fruitville_multi,Multi-item: fruitville,haggling_multi_item,exact-payoff (backbone-invariant),1000,joint_psrl_uniform,17,0.0,0.33333333333333415,19,19,1.090909090909091,1.090909090909091,0.750316645335106,3|2,2,4,8,16
haggling_multi_item/fruitville_multi,Multi-item: fruitville,haggling_multi_item,exact-payoff (backbone-invariant),1000,joint_psrl_uniform,18,0.0,0.33333333333333415,19,19,1.090909090909091,1.090909090909091,0.750316645335106,3|2,2,4,8,16
haggling_multi_item/fruitville_multi,Multi-item: fruitville,haggling_multi_item,exact-payoff (backbone-invariant),1000,joint_psrl_uniform,19,0.0,0.33333333333333415,19,19,1.090909090909091,1.090909090909091,0.750316645335106,3|2,2,4,8,16
haggling_multi_item/fruitville_multi,Multi-item: fruitville,haggling_multi_item,exact-payoff (backbone-invariant),1000,joint_psrl_uniform,20,0.0,0.33333333333333415,19,19,1.090909090909091,1.090909090909091,0.750316645335106,3|2,2,4,8,16
haggling_multi_item/fruitville_multi,Multi-item: fruitville,haggling_multi_item,exact-payoff (backbone-invariant),1000,psrl_notype,1,0.0,0.0,19,19,1.090909090909091,1.090909090909091,0.0625,3|2,2,4,8,16
haggling_multi_item/fruitville_multi,Multi-item: fruitville,haggling_multi_item,exact-payoff (backbone-invariant),1000,psrl_notype,2,0.09090909090909105,0.09090909090909105,13,19,1.0,1.090909090909091,0.0625,3|2,2,4,8,16
haggling_multi_item/fruitville_multi,Multi-item: fruitville,haggling_multi_item,exact-payoff (backbone-invariant),1000,psrl_notype,3,0.09090909090909105,0.1818181818181821,13,19,1.0,1.090909090909091,0.0625,3|2,2,4,8,16
haggling_multi_item/fruitville_multi,Multi-item: fruitville,haggling_multi_item,exact-payoff (backbone-invariant),1000,psrl_notype,4,0.0,0.1818181818181821,19,19,1.090909090909091,1.090909090909091,0.0625,3|2,2,4,8,16
haggling_multi_item/fruitville_multi,Multi-item: fruitville,haggling_multi_item,exact-payoff (backbone-invariant),1000,psrl_notype,5,0.0,0.1818181818181821,19,19,1.090909090909091,1.090909090909091,0.0625,3|2,2,4,8,16
haggling_multi_item/fruitville_multi,Multi-item: fruitville,haggling_multi_item,exact-payoff (backbone-invariant),1000,psrl_notype,6,0.0,0.1818181818181821,19,19,1.090909090909091,1.090909090909091,0.0625,3|2,2,4,8,16
haggling_multi_item/fruitville_multi,Multi-item: fruitville,haggling_multi_item,exact-payoff (backbone-invariant),1000,psrl_notype,7,0.060606060606060774,0.24242424242424288,15,19,1.0303030303030303,1.090909090909091,0.0625,3|2,2,4,8,16
haggling_multi_item/fruitville_multi,Multi-item: fruitville,haggling_multi_item,exact-payoff (backbone-invariant),1000,psrl_notype,8,0.0,0.24242424242424288,19,19,1.090909090909091,1.090909090909091,0.0625,3|2,2,4,8,16
haggling_multi_item/fruitville_multi,Multi-item: fruitville,haggling_multi_item,exact-payoff (backbone-invariant),1000,psrl_notype,9,0.0,0.24242424242424288,19,19,1.090909090909091,1.090909090909091,0.0625,3|2,2,4,8,16
haggling_multi_item/fruitville_multi,Multi-item: fruitville,haggling_multi_item,exact-payoff (backbone-invariant),1000,psrl_notype,10,0.0,0.24242424242424288,19,19,1.090909090909091,1.090909090909091,0.0625,3|2,2,4,8,16
haggling_multi_item/fruitville_multi,Multi-item: fruitville,haggling_multi_item,exact-payoff (backbone-invariant),1000,psrl_notype,11,0.060606060606060774,0.30303030303030365,15,19,1.0303030303030303,1.090909090909091,0.0625,3|2,2,4,8,16
haggling_multi_item/fruitville_multi,Multi-item: fruitville,haggling_multi_item,exact-payoff (backbone-invariant),1000,psrl_notype,12,0.36363636363636365,0.6666666666666673,35,19,0.7272727272727274,1.090909090909091,0.0625,3|2,2,4,8,16
haggling_multi_item/fruitville_multi,Multi-item: fruitville,haggling_multi_item,exact-payoff (backbone-invariant),1000,psrl_notype,13,0.09090909090909105,0.7575757575757583,13,19,1.0,1.090909090909091,0.0625,3|2,2,4,8,16
haggling_multi_item/fruitville_multi,Multi-item: fruitville,haggling_multi_item,exact-payoff (backbone-invariant),1000,psrl_notype,14,0.36363636363636365,1.121212121212122,35,19,0.7272727272727274,1.090909090909091,0.0625,3|2,2,4,8,16
haggling_multi_item/fruitville_multi,Multi-item: fruitville,haggling_multi_item,exact-payoff (backbone-invariant),1000,psrl_notype,15,0.0,1.121212121212122,19,19,1.090909090909091,1.090909090909091,0.0625,3|2,2,4,8,16
haggling_multi_item/fruitville_multi,Multi-item: fruitville,haggling_multi_item,exact-payoff (backbone-invariant),1000,psrl_notype,16,0.0,1.121212121212122,19,19,1.090909090909091,1.090909090909091,0.0625,3|2,2,4,8,16
haggling_multi_item/fruitville_multi,Multi-item: fruitville,haggling_multi_item,exact-payoff (backbone-invariant),1000,psrl_notype,17,0.0,1.121212121212122,19,19,1.090909090909091,1.090909090909091,0.0625,3|2,2,4,8,16
haggling_multi_item/fruitville_multi,Multi-item: fruitville,haggling_multi_item,exact-payoff (backbone-invariant),1000,psrl_notype,18,0.36363636363636365,1.4848484848484858,35,19,0.7272727272727274,1.090909090909091,0.0625,3|2,2,4,8,16
haggling_multi_item/fruitville_multi,Multi-item: fruitville,haggling_multi_item,exact-payoff (backbone-invariant),1000,psrl_notype,19,0.060606060606060774,1.5454545454545465,15,19,1.0303030303030303,1.090909090909091,0.0625,3|2,2,4,8,16
haggling_multi_item/fruitville_multi,Multi-item: fruitville,haggling_multi_item,exact-payoff (backbone-invariant),1000,psrl_notype,20,0.0,1.5454545454545465,19,19,1.090909090909091,1.090909090909091,0.0625,3|2,2,4,8,16
haggling_multi_item/fruitville_multi,Multi-item: fruitville,haggling_multi_item,exact-payoff (backbone-invariant),1000,map_type_greedy,1,0.09090909090909105,0.09090909090909105,13,19,1.0,1.090909090909091,0.7351862148280542,3|2,2,4,8,16
haggling_multi_item/fruitville_multi,Multi-item: fruitville,haggling_multi_item,exact-payoff (backbone-invariant),1000,map_type_greedy,2,0.0,0.09090909090909105,19,19,1.090909090909091,1.090909090909091,0.7351862148280542,3|2,2,4,8,16
haggling_multi_item/fruitville_multi,Multi-item: fruitville,haggling_multi_item,exact-payoff (backbone-invariant),1000,map_type_greedy,3,0.0,0.09090909090909105,19,19,1.090909090909091,1.090909090909091,0.7351862148280542,3|2,2,4,8,16
haggling_multi_item/fruitville_multi,Multi-item: fruitville,haggling_multi_item,exact-payoff (backbone-invariant),1000,map_type_greedy,4,0.0,0.09090909090909105,19,19,1.090909090909091,1.090909090909091,0.7351862148280542,3|2,2,4,8,16
haggling_multi_item/fruitville_multi,Multi-item: fruitville,haggling_multi_item,exact-payoff (backbone-invariant),1000,map_type_greedy,5,0.0,0.09090909090909105,19,19,1.090909090909091,1.090909090909091,0.7351862148280542,3|2,2,4,8,16
haggling_multi_item/fruitville_multi,Multi-item: fruitville,haggling_multi_item,exact-payoff (backbone-invariant),1000,map_type_greedy,6,0.0,0.09090909090909105,19,19,1.090909090909091,1.090909090909091,0.7351862148280542,3|2,2,4,8,16
haggling_multi_item/fruitville_multi,Multi-item: fruitville,haggling_multi_item,exact-payoff (backbone-invariant),1000,map_type_greedy,7,0.0,0.09090909090909105,19,19,1.090909090909091,1.090909090909091,0.7351862148280542,3|2,2,4,8,16
haggling_multi_item/fruitville_multi,Multi-item: fruitville,haggling_multi_item,exact-payoff (backbone-invariant),1000,map_type_greedy,8,0.0,0.09090909090909105,19,19,1.090909090909091,1.090909090909091,0.7351862148280542,3|2,2,4,8,16
haggling_multi_item/fruitville_multi,Multi-item: fruitville,haggling_multi_item,exact-payoff (backbone-invariant),1000,map_type_greedy,9,0.0,0.09090909090909105,19,19,1.090909090909091,1.090909090909091,0.7351862148280542,3|2,2,4,8,16
haggling_multi_item/fruitville_multi,Multi-item: fruitville,haggling_multi_item,exact-payoff (backbone-invariant),1000,map_type_greedy,10,0.0,0.09090909090909105,19,19,1.090909090909091,1.090909090909091,0.7351862148280542,3|2,2,4,8,16
haggling_multi_item/fruitville_multi,Multi-item: fruitville,haggling_multi_item,exact-payoff (backbone-invariant),1000,map_type_greedy,11,0.0,0.09090909090909105,19,19,1.090909090909091,1.090909090909091,0.7351862148280542,3|2,2,4,8,16
haggling_multi_item/fruitville_multi,Multi-item: fruitville,haggling_multi_item,exact-payoff (backbone-invariant),1000,map_type_greedy,12,0.0,0.09090909090909105,19,19,1.090909090909091,1.090909090909091,0.7351862148280542,3|2,2,4,8,16
haggling_multi_item/fruitville_multi,Multi-item: fruitville,haggling_multi_item,exact-payoff (backbone-invariant),1000,map_type_greedy,13,0.0,0.09090909090909105,19,19,1.090909090909091,1.090909090909091,0.7351862148280542,3|2,2,4,8,16
haggling_multi_item/fruitville_multi,Multi-item: fruitville,haggling_multi_item,exact-payoff (backbone-invariant),1000,map_type_greedy,14,0.0,0.09090909090909105,19,19,1.090909090909091,1.090909090909091,0.7351862148280542,3|2,2,4,8,16
haggling_multi_item/fruitville_multi,Multi-item: fruitville,haggling_multi_item,exact-payoff (backbone-invariant),1000,map_type_greedy,15,0.0,0.09090909090909105,19,19,1.090909090909091,1.090909090909091,0.7351862148280542,3|2,2,4,8,16
haggling_multi_item/fruitville_multi,Multi-item: fruitville,haggling_multi_item,exact-payoff (backbone-invariant),1000,map_type_greedy,16,0.0,0.09090909090909105,19,19,1.090909090909091,1.090909090909091,0.7351862148280542,3|2,2,4,8,16
haggling_multi_item/fruitville_multi,Multi-item: fruitville,haggling_multi_item,exact-payoff (backbone-invariant),1000,map_type_greedy,17,0.0,0.09090909090909105,19,19,1.090909090909091,1.090909090909091,0.7351862148280542,3|2,2,4,8,16
haggling_multi_item/fruitville_multi,Multi-item: fruitville,haggling_multi_item,exact-payoff (backbone-invariant),1000,map_type_greedy,18,0.0,0.09090909090909105,19,19,1.090909090909091,1.090909090909091,0.7351862148280542,3|2,2,4,8,16
haggling_multi_item/fruitville_multi,Multi-item: fruitville,haggling_multi_item,exact-payoff (backbone-invariant),1000,map_type_greedy,19,0.0,0.09090909090909105,19,19,1.090909090909091,1.090909090909091,0.7351862148280542,3|2,2,4,8,16
haggling_multi_item/fruitville_multi,Multi-item: fruitville,haggling_multi_item,exact-payoff (backbone-invariant),1000,map_type_greedy,20,0.0,0.09090909090909105,19,19,1.090909090909091,1.090909090909091,0.7351862148280542,3|2,2,4,8,16
haggling_multi_item/fruitville_multi,Multi-item: fruitville,haggling_multi_item,exact-payoff (backbone-invariant),1000,econ_bne,1,0.030303030303030498,0.030303030303030498,17,19,1.0606060606060606,1.090909090909091,0.0625,3|2,2,4,8,16
haggling_multi_item/fruitville_multi,Multi-item: fruitville,haggling_multi_item,exact-payoff (backbone-invariant),1000,econ_bne,2,0.030303030303030498,0.060606060606060996,17,19,1.0606060606060606,1.090909090909091,0.0625,3|2,2,4,8,16
haggling_multi_item/fruitville_multi,Multi-item: fruitville,haggling_multi_item,exact-payoff (backbone-invariant),1000,econ_bne,3,0.030303030303030498,0.0909090909090915,17,19,1.0606060606060606,1.090909090909091,0.0625,3|2,2,4,8,16
haggling_multi_item/fruitville_multi,Multi-item: fruitville,haggling_multi_item,exact-payoff (backbone-invariant),1000,econ_bne,4,0.030303030303030498,0.12121212121212199,17,19,1.0606060606060606,1.090909090909091,0.0625,3|2,2,4,8,16
haggling_multi_item/fruitville_multi,Multi-item: fruitville,haggling_multi_item,exact-payoff (backbone-invariant),1000,econ_bne,5,0.030303030303030498,0.1515151515151525,17,19,1.0606060606060606,1.090909090909091,0.0625,3|2,2,4,8,16
haggling_multi_item/fruitville_multi,Multi-item: fruitville,haggling_multi_item,exact-payoff (backbone-invariant),1000,econ_bne,6,0.030303030303030498,0.181818181818183,17,19,1.0606060606060606,1.090909090909091,0.0625,3|2,2,4,8,16
haggling_multi_item/fruitville_multi,Multi-item: fruitville,haggling_multi_item,exact-payoff (backbone-invariant),1000,econ_bne,7,0.030303030303030498,0.2121212121212135,17,19,1.0606060606060606,1.090909090909091,0.0625,3|2,2,4,8,16
haggling_multi_item/fruitville_multi,Multi-item: fruitville,haggling_multi_item,exact-payoff (backbone-invariant),1000,econ_bne,8,0.030303030303030498,0.24242424242424399,17,19,1.0606060606060606,1.090909090909091,0.0625,3|2,2,4,8,16
haggling_multi_item/fruitville_multi,Multi-item: fruitville,haggling_multi_item,exact-payoff (backbone-invariant),1000,econ_bne,9,0.030303030303030498,0.2727272727272745,17,19,1.0606060606060606,1.090909090909091,0.0625,3|2,2,4,8,16
haggling_multi_item/fruitville_multi,Multi-item: fruitville,haggling_multi_item,exact-payoff (backbone-invariant),1000,econ_bne,10,0.030303030303030498,0.303030303030305,17,19,1.0606060606060606,1.090909090909091,0.0625,3|2,2,4,8,16
haggling_multi_item/fruitville_multi,Multi-item: fruitville,haggling_multi_item,exact-payoff (backbone-invariant),1000,econ_bne,11,0.030303030303030498,0.3333333333333355,17,19,1.0606060606060606,1.090909090909091,0.0625,3|2,2,4,8,16
haggling_multi_item/fruitville_multi,Multi-item: fruitville,haggling_multi_item,exact-payoff (backbone-invariant),1000,econ_bne,12,0.030303030303030498,0.363636363636366,17,19,1.0606060606060606,1.090909090909091,0.0625,3|2,2,4,8,16
haggling_multi_item/fruitville_multi,Multi-item: fruitville,haggling_multi_item,exact-payoff (backbone-invariant),1000,econ_bne,13,0.030303030303030498,0.3939393939393965,17,19,1.0606060606060606,1.090909090909091,0.0625,3|2,2,4,8,16
haggling_multi_item/fruitville_multi,Multi-item: fruitville,haggling_multi_item,exact-payoff (backbone-invariant),1000,econ_bne,14,0.030303030303030498,0.424242424242427,17,19,1.0606060606060606,1.090909090909091,0.0625,3|2,2,4,8,16
haggling_multi_item/fruitville_multi,Multi-item: fruitville,haggling_multi_item,exact-payoff (backbone-invariant),1000,econ_bne,15,0.030303030303030498,0.4545454545454575,17,19,1.0606060606060606,1.090909090909091,0.0625,3|2,2,4,8,16
haggling_multi_item/fruitville_multi,Multi-item: fruitville,haggling_multi_item,exact-payoff (backbone-invariant),1000,econ_bne,16,0.030303030303030498,0.48484848484848797,17,19,1.0606060606060606,1.090909090909091,0.0625,3|2,2,4,8,16
haggling_multi_item/fruitville_multi,Multi-item: fruitville,haggling_multi_item,exact-payoff (backbone-invariant),1000,econ_bne,17,0.030303030303030498,0.5151515151515185,17,19,1.0606060606060606,1.090909090909091,0.0625,3|2,2,4,8,16
haggling_multi_item/fruitville_multi,Multi-item: fruitville,haggling_multi_item,exact-payoff (backbone-invariant),1000,econ_bne,18,0.030303030303030498,0.545454545454549,17,19,1.0606060606060606,1.090909090909091,0.0625,3|2,2,4,8,16
haggling_multi_item/fruitville_multi,Multi-item: fruitville,haggling_multi_item,exact-payoff (backbone-invariant),1000,econ_bne,19,0.030303030303030498,0.5757575757575795,17,19,1.0606060606060606,1.090909090909091,0.0625,3|2,2,4,8,16
haggling_multi_item/fruitville_multi,Multi-item: fruitville,haggling_multi_item,exact-payoff (backbone-invariant),1000,econ_bne,20,0.030303030303030498,0.60606060606061,17,19,1.0606060606060606,1.090909090909091,0.0625,3|2,2,4,8,16
haggling_multi_item/fruitville_multi,Multi-item: fruitville,haggling_multi_item,exact-payoff (backbone-invariant),1000,atom_tom1,1,0.19696969696969713,0.19696969696969713,3,19,0.8939393939393939,1.090909090909091,0.0625,3|2,2,4,8,16
haggling_multi_item/fruitville_multi,Multi-item: fruitville,haggling_multi_item,exact-payoff (backbone-invariant),1000,atom_tom1,2,0.19696969696969713,0.39393939393939426,3,19,0.8939393939393939,1.090909090909091,0.0625,3|2,2,4,8,16
haggling_multi_item/fruitville_multi,Multi-item: fruitville,haggling_multi_item,exact-payoff (backbone-invariant),1000,atom_tom1,3,0.19696969696969713,0.5909090909090914,3,19,0.8939393939393939,1.090909090909091,0.0625,3|2,2,4,8,16
haggling_multi_item/fruitville_multi,Multi-item: fruitville,haggling_multi_item,exact-payoff (backbone-invariant),1000,atom_tom1,4,0.19696969696969713,0.7878787878787885,3,19,0.8939393939393939,1.090909090909091,0.0625,3|2,2,4,8,16
haggling_multi_item/fruitville_multi,Multi-item: fruitville,haggling_multi_item,exact-payoff (backbone-invariant),1000,atom_tom1,5,0.19696969696969713,0.9848484848484856,3,19,0.8939393939393939,1.090909090909091,0.0625,3|2,2,4,8,16
haggling_multi_item/fruitville_multi,Multi-item: fruitville,haggling_multi_item,exact-payoff (backbone-invariant),1000,atom_tom1,6,0.19696969696969713,1.1818181818181828,3,19,0.8939393939393939,1.090909090909091,0.0625,3|2,2,4,8,16
haggling_multi_item/fruitville_multi,Multi-item: fruitville,haggling_multi_item,exact-payoff (backbone-invariant),1000,atom_tom1,7,0.19696969696969713,1.3787878787878798,3,19,0.8939393939393939,1.090909090909091,0.0625,3|2,2,4,8,16
haggling_multi_item/fruitville_multi,Multi-item: fruitville,haggling_multi_item,exact-payoff (backbone-invariant),1000,atom_tom1,8,0.19696969696969713,1.575757575757577,3,19,0.8939393939393939,1.090909090909091,0.0625,3|2,2,4,8,16
haggling_multi_item/fruitville_multi,Multi-item: fruitville,haggling_multi_item,exact-payoff (backbone-invariant),1000,atom_tom1,9,0.19696969696969713,1.7727272727272743,3,19,0.8939393939393939,1.090909090909091,0.0625,3|2,2,4,8,16
haggling_multi_item/fruitville_multi,Multi-item: fruitville,haggling_multi_item,exact-payoff (backbone-invariant),1000,atom_tom1,10,0.19696969696969713,1.9696969696969715,3,19,0.8939393939393939,1.090909090909091,0.0625,3|2,2,4,8,16
haggling_multi_item/fruitville_multi,Multi-item: fruitville,haggling_multi_item,exact-payoff (backbone-invariant),1000,atom_tom1,11,0.19696969696969713,2.1666666666666687,3,19,0.8939393939393939,1.090909090909091,0.0625,3|2,2,4,8,16
haggling_multi_item/fruitville_multi,Multi-item: fruitville,haggling_multi_item,exact-payoff (backbone-invariant),1000,atom_tom1,12,0.19696969696969713,2.363636363636366,3,19,0.8939393939393939,1.090909090909091,0.0625,3|2,2,4,8,16
haggling_multi_item/fruitville_multi,Multi-item: fruitville,haggling_multi_item,exact-payoff (backbone-invariant),1000,atom_tom1,13,0.19696969696969713,2.560606060606063,3,19,0.8939393939393939,1.090909090909091,0.0625,3|2,2,4,8,16
haggling_multi_item/fruitville_multi,Multi-item: fruitville,haggling_multi_item,exact-payoff (backbone-invariant),1000,atom_tom1,14,0.19696969696969713,2.7575757575757605,3,19,0.8939393939393939,1.090909090909091,0.0625,3|2,2,4,8,16
haggling_multi_item/fruitville_multi,Multi-item: fruitville,haggling_multi_item,exact-payoff (backbone-invariant),1000,atom_tom1,15,0.19696969696969713,2.9545454545454577,3,19,0.8939393939393939,1.090909090909091,0.0625,3|2,2,4,8,16
haggling_multi_item/fruitville_multi,Multi-item: fruitville,haggling_multi_item,exact-payoff (backbone-invariant),1000,atom_tom1,16,0.19696969696969713,3.151515151515155,3,19,0.8939393939393939,1.090909090909091,0.0625,3|2,2,4,8,16
haggling_multi_item/fruitville_multi,Multi-item: fruitville,haggling_multi_item,exact-payoff (backbone-invariant),1000,atom_tom1,17,0.19696969696969713,3.348484848484852,3,19,0.8939393939393939,1.090909090909091,0.0625,3|2,2,4,8,16
haggling_multi_item/fruitville_multi,Multi-item: fruitville,haggling_multi_item,exact-payoff (backbone-invariant),1000,atom_tom1,18,0.19696969696969713,3.5454545454545494,3,19,0.8939393939393939,1.090909090909091,0.0625,3|2,2,4,8,16
haggling_multi_item/fruitville_multi,Multi-item: fruitville,haggling_multi_item,exact-payoff (backbone-invariant),1000,atom_tom1,19,0.19696969696969713,3.7424242424242466,3,19,0.8939393939393939,1.090909090909091,0.0625,3|2,2,4,8,16
haggling_multi_item/fruitville_multi,Multi-item: fruitville,haggling_multi_item,exact-payoff (backbone-invariant),1000,atom_tom1,20,0.19696969696969713,3.939393939393944,3,19,0.8939393939393939,1.090909090909091,0.0625,3|2,2,4,8,16
haggling_multi_item/fruitville_multi,Multi-item: fruitville,haggling_multi_item,exact-payoff (backbone-invariant),1000,random,1,0.4545454545454546,0.4545454545454546,11,19,0.6363636363636365,1.090909090909091,0.0625,3|2,2,4,8,16
haggling_multi_item/fruitville_multi,Multi-item: fruitville,haggling_multi_item,exact-payoff (backbone-invariant),1000,random,2,0.6060606060606062,1.0606060606060608,20,19,0.4848484848484849,1.090909090909091,0.0625,3|2,2,4,8,16
haggling_multi_item/fruitville_multi,Multi-item: fruitville,haggling_multi_item,exact-payoff (backbone-invariant),1000,random,3,0.6060606060606062,1.666666666666667,30,19,0.4848484848484849,1.090909090909091,0.0625,3|2,2,4,8,16
haggling_multi_item/fruitville_multi,Multi-item: fruitville,haggling_multi_item,exact-payoff (backbone-invariant),1000,random,4,0.6060606060606062,2.2727272727272734,28,19,0.4848484848484849,1.090909090909091,0.0625,3|2,2,4,8,16
haggling_multi_item/fruitville_multi,Multi-item: fruitville,haggling_multi_item,exact-payoff (backbone-invariant),1000,random,5,0.6060606060606062,2.87878787878788,24,19,0.4848484848484849,1.090909090909091,0.0625,3|2,2,4,8,16
haggling_multi_item/fruitville_multi,Multi-item: fruitville,haggling_multi_item,exact-payoff (backbone-invariant),1000,random,6,0.030303030303030498,2.90909090909091,27,19,1.0606060606060606,1.090909090909091,0.0625,3|2,2,4,8,16
haggling_multi_item/fruitville_multi,Multi-item: fruitville,haggling_multi_item,exact-payoff (backbone-invariant),1000,random,7,0.6060606060606062,3.5151515151515165,2,19,0.4848484848484849,1.090909090909091,0.0625,3|2,2,4,8,16
haggling_multi_item/fruitville_multi,Multi-item: fruitville,haggling_multi_item,exact-payoff (backbone-invariant),1000,random,8,0.0,3.5151515151515165,29,19,1.090909090909091,1.090909090909091,0.0625,3|2,2,4,8,16
haggling_multi_item/fruitville_multi,Multi-item: fruitville,haggling_multi_item,exact-payoff (backbone-invariant),1000,random,9,0.6060606060606062,4.121212121212123,22,19,0.4848484848484849,1.090909090909091,0.0625,3|2,2,4,8,16
haggling_multi_item/fruitville_multi,Multi-item: fruitville,haggling_multi_item,exact-payoff (backbone-invariant),1000,random,10,0.6060606060606062,4.727272727272729,8,19,0.4848484848484849,1.090909090909091,0.0625,3|2,2,4,8,16
haggling_multi_item/fruitville_multi,Multi-item: fruitville,haggling_multi_item,exact-payoff (backbone-invariant),1000,random,11,0.060606060606060774,4.78787878787879,15,19,1.0303030303030303,1.090909090909091,0.0625,3|2,2,4,8,16
haggling_multi_item/fruitville_multi,Multi-item: fruitville,haggling_multi_item,exact-payoff (backbone-invariant),1000,random,12,0.030303030303030498,4.81818181818182,17,19,1.0606060606060606,1.090909090909091,0.0625,3|2,2,4,8,16
haggling_multi_item/fruitville_multi,Multi-item: fruitville,haggling_multi_item,exact-payoff (backbone-invariant),1000,random,13,0.6060606060606062,5.4242424242424265,16,19,0.4848484848484849,1.090909090909091,0.0625,3|2,2,4,8,16
haggling_multi_item/fruitville_multi,Multi-item: fruitville,haggling_multi_item,exact-payoff (backbone-invariant),1000,random,14,0.6060606060606062,6.030303030303033,30,19,0.4848484848484849,1.090909090909091,0.0625,3|2,2,4,8,16
haggling_multi_item/fruitville_multi,Multi-item: fruitville,haggling_multi_item,exact-payoff (backbone-invariant),1000,random,15,0.36363636363636365,6.393939393939396,35,19,0.7272727272727274,1.090909090909091,0.0625,3|2,2,4,8,16
haggling_multi_item/fruitville_multi,Multi-item: fruitville,haggling_multi_item,exact-payoff (backbone-invariant),1000,random,16,0.12121212121212133,6.515151515151517,21,19,0.9696969696969697,1.090909090909091,0.0625,3|2,2,4,8,16
haggling_multi_item/fruitville_multi,Multi-item: fruitville,haggling_multi_item,exact-payoff (backbone-invariant),1000,random,17,0.060606060606060774,6.575757575757578,15,19,1.0303030303030303,1.090909090909091,0.0625,3|2,2,4,8,16
haggling_multi_item/fruitville_multi,Multi-item: fruitville,haggling_multi_item,exact-payoff (backbone-invariant),1000,random,18,0.12121212121212133,6.696969696969699,31,19,0.9696969696969697,1.090909090909091,0.0625,3|2,2,4,8,16
haggling_multi_item/fruitville_multi,Multi-item: fruitville,haggling_multi_item,exact-payoff (backbone-invariant),1000,random,19,0.36363636363636365,7.060606060606062,35,19,0.7272727272727274,1.090909090909091,0.0625,3|2,2,4,8,16
haggling_multi_item/fruitville_multi,Multi-item: fruitville,haggling_multi_item,exact-payoff (backbone-invariant),1000,random,20,0.6060606060606062,7.666666666666669,6,19,0.4848484848484849,1.090909090909091,0.0625,3|2,2,4,8,16
pub/london,Pub: london,pub,exact-payoff (backbone-invariant),1001,pact,1,0.0,0.0,0,0,3.7047706422018347,3.7047706422018347,0.31458866658526563,0|2|0|1,4,4,16,256
pub/london,Pub: london,pub,exact-payoff (backbone-invariant),1001,pact,2,0.0,0.0,0,0,3.7047706422018347,3.7047706422018347,0.3621746061429887,0|2|0|1,4,4,16,256
pub/london,Pub: london,pub,exact-payoff (backbone-invariant),1001,pact,3,0.0,0.0,0,0,3.7047706422018347,3.7047706422018347,0.39737014396559617,0|2|0|1,4,4,16,256
pub/london,Pub: london,pub,exact-payoff (backbone-invariant),1001,pact,4,0.0,0.0,0,0,3.7047706422018347,3.7047706422018347,0.4218317228477396,0|2|0|1,4,4,16,256
pub/london,Pub: london,pub,exact-payoff (backbone-invariant),1001,pact,5,0.0,0.0,0,0,3.7047706422018347,3.7047706422018347,0.4382443920929376,0|2|0|1,4,4,16,256
pub/london,Pub: london,pub,exact-payoff (backbone-invariant),1001,pact,6,0.0,0.0,0,0,3.7047706422018347,3.7047706422018347,0.4493845130590147,0|2|0|1,4,4,16,256
pub/london,Pub: london,pub,exact-payoff (backbone-invariant),1001,pact,7,0.0,0.0,0,0,3.7047706422018347,3.7047706422018347,0.45729306191585406,0|2|0|1,4,4,16,256
pub/london,Pub: london,pub,exact-payoff (backbone-invariant),1001,pact,8,0.0,0.0,0,0,3.7047706422018347,3.7047706422018347,0.46326704902468013,0|2|0|1,4,4,16,256
pub/london,Pub: london,pub,exact-payoff (backbone-invariant),1001,pact,9,0.0,0.0,0,0,3.7047706422018347,3.7047706422018347,0.46808232717769266,0|2|0|1,4,4,16,256
pub/london,Pub: london,pub,exact-payoff (backbone-invariant),1001,pact,10,0.0,0.0,0,0,3.7047706422018347,3.7047706422018347,0.472192569427624,0|2|0|1,4,4,16,256
pub/london,Pub: london,pub,exact-payoff (backbone-invariant),1001,pact,11,0.0,0.0,0,0,3.7047706422018347,3.7047706422018347,0.47586154158270255,0|2|0|1,4,4,16,256
pub/london,Pub: london,pub,exact-payoff (backbone-invariant),1001,pact,12,0.0,0.0,0,0,3.7047706422018347,3.7047706422018347,0.47924293726620415,0|2|0|1,4,4,16,256
pub/london,Pub: london,pub,exact-payoff (backbone-invariant),1001,pact,13,0.0,0.0,0,0,3.7047706422018347,3.7047706422018347,0.48242691548840866,0|2|0|1,4,4,16,256
pub/london,Pub: london,pub,exact-payoff (backbone-invariant),1001,pact,14,0.0,0.0,0,0,3.7047706422018347,3.7047706422018347,0.4854669363688612,0|2|0|1,4,4,16,256
pub/london,Pub: london,pub,exact-payoff (backbone-invariant),1001,pact,15,0.0,0.0,0,0,3.7047706422018347,3.7047706422018347,0.4883952150313853,0|2|0|1,4,4,16,256
pub/london,Pub: london,pub,exact-payoff (backbone-invariant),1001,pact,16,0.0,0.0,0,0,3.7047706422018347,3.7047706422018347,0.49123163814357484,0|2|0|1,4,4,16,256
pub/london,Pub: london,pub,exact-payoff (backbone-invariant),1001,pact,17,0.0,0.0,0,0,3.7047706422018347,3.7047706422018347,0.4939889212958065,0|2|0|1,4,4,16,256
pub/london,Pub: london,pub,exact-payoff (backbone-invariant),1001,pact,18,0.0,0.0,0,0,3.7047706422018347,3.7047706422018347,0.4966755976346545,0|2|0|1,4,4,16,256
pub/london,Pub: london,pub,exact-payoff (backbone-invariant),1001,pact,19,0.0,0.0,0,0,3.7047706422018347,3.7047706422018347,0.4992977510646797,0|2|0|1,4,4,16,256
pub/london,Pub: london,pub,exact-payoff (backbone-invariant),1001,pact,20,0.0,0.0,0,0,3.7047706422018347,3.7047706422018347,0.5018600208008303,0|2|0|1,4,4,16,256
pub/london,Pub: london,pub,exact-payoff (backbone-invariant),1001,pact_plus,1,0.0,0.0,0,0,3.7047706422018347,3.7047706422018347,0.31458866658526563,0|2|0|1,4,4,16,256
pub/london,Pub: london,pub,exact-payoff (backbone-invariant),1001,pact_plus,2,0.0,0.0,0,0,3.7047706422018347,3.7047706422018347,0.3621746061429887,0|2|0|1,4,4,16,256
pub/london,Pub: london,pub,exact-payoff (backbone-invariant),1001,pact_plus,3,0.0,0.0,0,0,3.7047706422018347,3.7047706422018347,0.39737014396559617,0|2|0|1,4,4,16,256
pub/london,Pub: london,pub,exact-payoff (backbone-invariant),1001,pact_plus,4,0.0,0.0,0,0,3.7047706422018347,3.7047706422018347,0.4218317228477396,0|2|0|1,4,4,16,256
pub/london,Pub: london,pub,exact-payoff (backbone-invariant),1001,pact_plus,5,0.0,0.0,0,0,3.7047706422018347,3.7047706422018347,0.4382443920929376,0|2|0|1,4,4,16,256
pub/london,Pub: london,pub,exact-payoff (backbone-invariant),1001,pact_plus,6,0.0,0.0,0,0,3.7047706422018347,3.7047706422018347,0.4493845130590147,0|2|0|1,4,4,16,256
pub/london,Pub: london,pub,exact-payoff (backbone-invariant),1001,pact_plus,7,0.0,0.0,0,0,3.7047706422018347,3.7047706422018347,0.45729306191585406,0|2|0|1,4,4,16,256
pub/london,Pub: london,pub,exact-payoff (backbone-invariant),1001,pact_plus,8,0.0,0.0,0,0,3.7047706422018347,3.7047706422018347,0.46326704902468013,0|2|0|1,4,4,16,256
pub/london,Pub: london,pub,exact-payoff (backbone-invariant),1001,pact_plus,9,0.0,0.0,0,0,3.7047706422018347,3.7047706422018347,0.46808232717769266,0|2|0|1,4,4,16,256
pub/london,Pub: london,pub,exact-payoff (backbone-invariant),1001,pact_plus,10,0.0,0.0,0,0,3.7047706422018347,3.7047706422018347,0.472192569427624,0|2|0|1,4,4,16,256
pub/london,Pub: london,pub,exact-payoff (backbone-invariant),1001,pact_plus,11,0.0,0.0,0,0,3.7047706422018347,3.7047706422018347,0.47586154158270255,0|2|0|1,4,4,16,256
pub/london,Pub: london,pub,exact-payoff (backbone-invariant),1001,pact_plus,12,0.0,0.0,0,0,3.7047706422018347,3.7047706422018347,0.47924293726620415,0|2|0|1,4,4,16,256
pub/london,Pub: london,pub,exact-payoff (backbone-invariant),1001,pact_plus,13,0.0,0.0,0,0,3.7047706422018347,3.7047706422018347,0.48242691548840866,0|2|0|1,4,4,16,256
pub/london,Pub: london,pub,exact-payoff (backbone-invariant),1001,pact_plus,14,0.0,0.0,0,0,3.7047706422018347,3.7047706422018347,0.4854669363688612,0|2|0|1,4,4,16,256
pub/london,Pub: london,pub,exact-payoff (backbone-invariant),1001,pact_plus,15,0.0,0.0,0,0,3.7047706422018347,3.7047706422018347,0.4883952150313853,0|2|0|1,4,4,16,256
pub/london,Pub: london,pub,exact-payoff (backbone-invariant),1001,pact_plus,16,0.0,0.0,0,0,3.7047706422018347,3.7047706422018347,0.49123163814357484,0|2|0|1,4,4,16,256
pub/london,Pub: london,pub,exact-payoff (backbone-invariant),1001,pact_plus,17,0.0,0.0,0,0,3.7047706422018347,3.7047706422018347,0.4939889212958065,0|2|0|1,4,4,16,256
pub/london,Pub: london,pub,exact-payoff (backbone-invariant),1001,pact_plus,18,0.0,0.0,0,0,3.7047706422018347,3.7047706422018347,0.4966755976346545,0|2|0|1,4,4,16,256
pub/london,Pub: london,pub,exact-payoff (backbone-invariant),1001,pact_plus,19,0.0,0.0,0,0,3.7047706422018347,3.7047706422018347,0.4992977510646797,0|2|0|1,4,4,16,256
pub/london,Pub: london,pub,exact-payoff (backbone-invariant),1001,pact_plus,20,0.0,0.0,0,0,3.7047706422018347,3.7047706422018347,0.5018600208008303,0|2|0|1,4,4,16,256
pub/london,Pub: london,pub,exact-payoff (backbone-invariant),1001,joint_psrl_uniform,1,0.0,0.0,0,0,3.7047706422018347,3.7047706422018347,0.008191506780433448,0|2|0|1,4,4,16,256
pub/london,Pub: london,pub,exact-payoff (backbone-invariant),1001,joint_psrl_uniform,2,0.0,0.0,0,0,3.7047706422018347,3.7047706422018347,0.011783176349504633,0|2|0|1,4,4,16,256
pub/london,Pub: london,pub,exact-payoff (backbone-invariant),1001,joint_psrl_uniform,3,0.0,0.0,0,0,3.7047706422018347,3.7047706422018347,0.014827136272198435,0|2|0|1,4,4,16,256
pub/london,Pub: london,pub,exact-payoff (backbone-invariant),1001,joint_psrl_uniform,4,0.0,0.0,0,0,3.7047706422018347,3.7047706422018347,0.01730531369152249,0|2|0|1,4,4,16,256
pub/london,Pub: london,pub,exact-payoff (backbone-invariant),1001,joint_psrl_uniform,5,0.0,0.0,0,0,3.7047706422018347,3.7047706422018347,0.01930826084863306,0|2|0|1,4,4,16,256
pub/london,Pub: london,pub,exact-payoff (backbone-invariant),1001,joint_psrl_uniform,6,0.0,0.0,0,0,3.7047706422018347,3.7047706422018347,0.020977132757335128,0|2|0|1,4,4,16,256
pub/london,Pub: london,pub,exact-payoff (backbone-invariant),1001,joint_psrl_uniform,7,0.0,0.0,0,0,3.7047706422018347,3.7047706422018347,0.022431545491215735,0|2|0|1,4,4,16,256
pub/london,Pub: london,pub,exact-payoff (backbone-invariant),1001,joint_psrl_uniform,8,0.0,0.0,0,0,3.7047706422018347,3.7047706422018347,0.023754060526494526,0|2|0|1,4,4,16,256
pub/london,Pub: london,pub,exact-payoff (backbone-invariant),1001,joint_psrl_uniform,9,0.0,0.0,0,0,3.7047706422018347,3.7047706422018347,0.024997070380891454,0|2|0|1,4,4,16,256
pub/london,Pub: london,pub,exact-payoff (backbone-invariant),1001,joint_psrl_uniform,10,0.0,0.0,0,0,3.7047706422018347,3.7047706422018347,0.026192617992910883,0|2|0|1,4,4,16,256
pub/london,Pub: london,pub,exact-payoff (backbone-invariant),1001,joint_psrl_uniform,11,0.0,0.0,0,0,3.7047706422018347,3.7047706422018347,0.02735994486541226,0|2|0|1,4,4,16,256
pub/london,Pub: london,pub,exact-payoff (backbone-invariant),1001,joint_psrl_uniform,12,0.0,0.0,0,0,3.7047706422018347,3.7047706422018347,0.028510461868119428,0|2|0|1,4,4,16,256
pub/london,Pub: london,pub,exact-payoff (backbone-invariant),1001,joint_psrl_uniform,13,0.0,0.0,0,0,3.7047706422018347,3.7047706422018347,0.029650848869345506,0|2|0|1,4,4,16,256
pub/london,Pub: london,pub,exact-payoff (backbone-invariant),1001,joint_psrl_uniform,14,0.0,0.0,0,0,3.7047706422018347,3.7047706422018347,0.030784950138468117,0|2|0|1,4,4,16,256
pub/london,Pub: london,pub,exact-payoff (backbone-invariant),1001,joint_psrl_uniform,15,0.0,0.0,0,0,3.7047706422018347,3.7047706422018347,0.03191492603223564,0|2|0|1,4,4,16,256
pub/london,Pub: london,pub,exact-payoff (backbone-invariant),1001,joint_psrl_uniform,16,0.0,0.0,0,0,3.7047706422018347,3.7047706422018347,0.03304195125205707,0|2|0|1,4,4,16,256
pub/london,Pub: london,pub,exact-payoff (backbone-invariant),1001,joint_psrl_uniform,17,0.0,0.0,0,0,3.7047706422018347,3.7047706422018347,0.034166637258694586,0|2|0|1,4,4,16,256
pub/london,Pub: london,pub,exact-payoff (backbone-invariant),1001,joint_psrl_uniform,18,0.0,0.0,0,0,3.7047706422018347,3.7047706422018347,0.03528928666644076,0|2|0|1,4,4,16,256
pub/london,Pub: london,pub,exact-payoff (backbone-invariant),1001,joint_psrl_uniform,19,0.0,0.0,0,0,3.7047706422018347,3.7047706422018347,0.03641004513063228,0|2|0|1,4,4,16,256
pub/london,Pub: london,pub,exact-payoff (backbone-invariant),1001,joint_psrl_uniform,20,0.0,0.0,0,0,3.7047706422018347,3.7047706422018347,0.03752899066500385,0|2|0|1,4,4,16,256
pub/london,Pub: london,pub,exact-payoff (backbone-invariant),1001,psrl_notype,1,0.0,0.0,0,0,3.7047706422018347,3.7047706422018347,0.00390625,0|2|0|1,4,4,16,256
pub/london,Pub: london,pub,exact-payoff (backbone-invariant),1001,psrl_notype,2,0.0,0.0,0,0,3.7047706422018347,3.7047706422018347,0.00390625,0|2|0|1,4,4,16,256
pub/london,Pub: london,pub,exact-payoff (backbone-invariant),1001,psrl_notype,3,0.0,0.0,0,0,3.7047706422018347,3.7047706422018347,0.00390625,0|2|0|1,4,4,16,256
pub/london,Pub: london,pub,exact-payoff (backbone-invariant),1001,psrl_notype,4,0.0,0.0,0,0,3.7047706422018347,3.7047706422018347,0.00390625,0|2|0|1,4,4,16,256
pub/london,Pub: london,pub,exact-payoff (backbone-invariant),1001,psrl_notype,5,0.0,0.0,0,0,3.7047706422018347,3.7047706422018347,0.00390625,0|2|0|1,4,4,16,256
pub/london,Pub: london,pub,exact-payoff (backbone-invariant),1001,psrl_notype,6,0.0,0.0,0,0,3.7047706422018347,3.7047706422018347,0.00390625,0|2|0|1,4,4,16,256
pub/london,Pub: london,pub,exact-payoff (backbone-invariant),1001,psrl_notype,7,0.0,0.0,0,0,3.7047706422018347,3.7047706422018347,0.00390625,0|2|0|1,4,4,16,256
pub/london,Pub: london,pub,exact-payoff (backbone-invariant),1001,psrl_notype,8,0.0,0.0,0,0,3.7047706422018347,3.7047706422018347,0.00390625,0|2|0|1,4,4,16,256
pub/london,Pub: london,pub,exact-payoff (backbone-invariant),1001,psrl_notype,9,0.0,0.0,0,0,3.7047706422018347,3.7047706422018347,0.00390625,0|2|0|1,4,4,16,256
pub/london,Pub: london,pub,exact-payoff (backbone-invariant),1001,psrl_notype,10,0.0,0.0,0,0,3.7047706422018347,3.7047706422018347,0.00390625,0|2|0|1,4,4,16,256
pub/london,Pub: london,pub,exact-payoff (backbone-invariant),1001,psrl_notype,11,0.0,0.0,0,0,3.7047706422018347,3.7047706422018347,0.00390625,0|2|0|1,4,4,16,256
pub/london,Pub: london,pub,exact-payoff (backbone-invariant),1001,psrl_notype,12,0.0,0.0,0,0,3.7047706422018347,3.7047706422018347,0.00390625,0|2|0|1,4,4,16,256
pub/london,Pub: london,pub,exact-payoff (backbone-invariant),1001,psrl_notype,13,0.0,0.0,0,0,3.7047706422018347,3.7047706422018347,0.00390625,0|2|0|1,4,4,16,256
pub/london,Pub: london,pub,exact-payoff (backbone-invariant),1001,psrl_notype,14,0.0,0.0,0,0,3.7047706422018347,3.7047706422018347,0.00390625,0|2|0|1,4,4,16,256
pub/london,Pub: london,pub,exact-payoff (backbone-invariant),1001,psrl_notype,15,0.0,0.0,0,0,3.7047706422018347,3.7047706422018347,0.00390625,0|2|0|1,4,4,16,256
pub/london,Pub: london,pub,exact-payoff (backbone-invariant),1001,psrl_notype,16,0.0,0.0,0,0,3.7047706422018347,3.7047706422018347,0.00390625,0|2|0|1,4,4,16,256
pub/london,Pub: london,pub,exact-payoff (backbone-invariant),1001,psrl_notype,17,0.0,0.0,0,0,3.7047706422018347,3.7047706422018347,0.00390625,0|2|0|1,4,4,16,256
pub/london,Pub: london,pub,exact-payoff (backbone-invariant),1001,psrl_notype,18,0.0,0.0,0,0,3.7047706422018347,3.7047706422018347,0.00390625,0|2|0|1,4,4,16,256
pub/london,Pub: london,pub,exact-payoff (backbone-invariant),1001,psrl_notype,19,0.0,0.0,0,0,3.7047706422018347,3.7047706422018347,0.00390625,0|2|0|1,4,4,16,256
pub/london,Pub: london,pub,exact-payoff (backbone-invariant),1001,psrl_notype,20,0.0,0.0,0,0,3.7047706422018347,3.7047706422018347,0.00390625,0|2|0|1,4,4,16,256
pub/london,Pub: london,pub,exact-payoff (backbone-invariant),1001,map_type_greedy,1,0.0,0.0,0,0,3.7047706422018347,3.7047706422018347,0.31458866658526563,0|2|0|1,4,4,16,256
pub/london,Pub: london,pub,exact-payoff (backbone-invariant),1001,map_type_greedy,2,0.0,0.0,0,0,3.7047706422018347,3.7047706422018347,0.3621746061429887,0|2|0|1,4,4,16,256
pub/london,Pub: london,pub,exact-payoff (backbone-invariant),1001,map_type_greedy,3,0.0,0.0,0,0,3.7047706422018347,3.7047706422018347,0.39737014396559617,0|2|0|1,4,4,16,256
pub/london,Pub: london,pub,exact-payoff (backbone-invariant),1001,map_type_greedy,4,0.0,0.0,0,0,3.7047706422018347,3.7047706422018347,0.4218317228477396,0|2|0|1,4,4,16,256
pub/london,Pub: london,pub,exact-payoff (backbone-invariant),1001,map_type_greedy,5,0.0,0.0,0,0,3.7047706422018347,3.7047706422018347,0.4382443920929376,0|2|0|1,4,4,16,256
pub/london,Pub: london,pub,exact-payoff (backbone-invariant),1001,map_type_greedy,6,0.0,0.0,0,0,3.7047706422018347,3.7047706422018347,0.4493845130590147,0|2|0|1,4,4,16,256
pub/london,Pub: london,pub,exact-payoff (backbone-invariant),1001,map_type_greedy,7,0.0,0.0,0,0,3.7047706422018347,3.7047706422018347,0.45729306191585406,0|2|0|1,4,4,16,256
pub/london,Pub: london,pub,exact-payoff (backbone-invariant),1001,map_type_greedy,8,0.0,0.0,0,0,3.7047706422018347,3.7047706422018347,0.46326704902468013,0|2|0|1,4,4,16,256
pub/london,Pub: london,pub,exact-payoff (backbone-invariant),1001,map_type_greedy,9,0.0,0.0,0,0,3.7047706422018347,3.7047706422018347,0.46808232717769266,0|2|0|1,4,4,16,256
pub/london,Pub: london,pub,exact-payoff (backbone-invariant),1001,map_type_greedy,10,0.0,0.0,0,0,3.7047706422018347,3.7047706422018347,0.472192569427624,0|2|0|1,4,4,16,256
pub/london,Pub: london,pub,exact-payoff (backbone-invariant),1001,map_type_greedy,11,0.0,0.0,0,0,3.7047706422018347,3.7047706422018347,0.47586154158270255,0|2|0|1,4,4,16,256
pub/london,Pub: london,pub,exact-payoff (backbone-invariant),1001,map_type_greedy,12,0.0,0.0,0,0,3.7047706422018347,3.7047706422018347,0.47924293726620415,0|2|0|1,4,4,16,256
pub/london,Pub: london,pub,exact-payoff (backbone-invariant),1001,map_type_greedy,13,0.0,0.0,0,0,3.7047706422018347,3.7047706422018347,0.48242691548840866,0|2|0|1,4,4,16,256
pub/london,Pub: london,pub,exact-payoff (backbone-invariant),1001,map_type_greedy,14,0.0,0.0,0,0,3.7047706422018347,3.7047706422018347,0.4854669363688612,0|2|0|1,4,4,16,256
pub/london,Pub: london,pub,exact-payoff (backbone-invariant),1001,map_type_greedy,15,0.0,0.0,0,0,3.7047706422018347,3.7047706422018347,0.4883952150313853,0|2|0|1,4,4,16,256
pub/london,Pub: london,pub,exact-payoff (backbone-invariant),1001,map_type_greedy,16,0.0,0.0,0,0,3.7047706422018347,3.7047706422018347,0.49123163814357484,0|2|0|1,4,4,16,256
pub/london,Pub: london,pub,exact-payoff (backbone-invariant),1001,map_type_greedy,17,0.0,0.0,0,0,3.7047706422018347,3.7047706422018347,0.4939889212958065,0|2|0|1,4,4,16,256
pub/london,Pub: london,pub,exact-payoff (backbone-invariant),1001,map_type_greedy,18,0.0,0.0,0,0,3.7047706422018347,3.7047706422018347,0.4966755976346545,0|2|0|1,4,4,16,256
pub/london,Pub: london,pub,exact-payoff (backbone-invariant),1001,map_type_greedy,19,0.0,0.0,0,0,3.7047706422018347,3.7047706422018347,0.4992977510646797,0|2|0|1,4,4,16,256
pub/london,Pub: london,pub,exact-payoff (backbone-invariant),1001,map_type_greedy,20,0.0,0.0,0,0,3.7047706422018347,3.7047706422018347,0.5018600208008303,0|2|0|1,4,4,16,256
pub/london,Pub: london,pub,exact-payoff (backbone-invariant),1001,econ_bne,1,0.0,0.0,0,0,3.7047706422018347,3.7047706422018347,0.00390625,0|2|0|1,4,4,16,256
pub/london,Pub: london,pub,exact-payoff (backbone-invariant),1001,econ_bne,2,0.0,0.0,0,0,3.7047706422018347,3.7047706422018347,0.00390625,0|2|0|1,4,4,16,256
pub/london,Pub: london,pub,exact-payoff (backbone-invariant),1001,econ_bne,3,0.0,0.0,0,0,3.7047706422018347,3.7047706422018347,0.00390625,0|2|0|1,4,4,16,256
pub/london,Pub: london,pub,exact-payoff (backbone-invariant),1001,econ_bne,4,0.0,0.0,0,0,3.7047706422018347,3.7047706422018347,0.00390625,0|2|0|1,4,4,16,256
pub/london,Pub: london,pub,exact-payoff (backbone-invariant),1001,econ_bne,5,0.0,0.0,0,0,3.7047706422018347,3.7047706422018347,0.00390625,0|2|0|1,4,4,16,256
pub/london,Pub: london,pub,exact-payoff (backbone-invariant),1001,econ_bne,6,0.0,0.0,0,0,3.7047706422018347,3.7047706422018347,0.00390625,0|2|0|1,4,4,16,256
pub/london,Pub: london,pub,exact-payoff (backbone-invariant),1001,econ_bne,7,0.0,0.0,0,0,3.7047706422018347,3.7047706422018347,0.00390625,0|2|0|1,4,4,16,256
pub/london,Pub: london,pub,exact-payoff (backbone-invariant),1001,econ_bne,8,0.0,0.0,0,0,3.7047706422018347,3.7047706422018347,0.00390625,0|2|0|1,4,4,16,256
pub/london,Pub: london,pub,exact-payoff (backbone-invariant),1001,econ_bne,9,0.0,0.0,0,0,3.7047706422018347,3.7047706422018347,0.00390625,0|2|0|1,4,4,16,256
pub/london,Pub: london,pub,exact-payoff (backbone-invariant),1001,econ_bne,10,0.0,0.0,0,0,3.7047706422018347,3.7047706422018347,0.00390625,0|2|0|1,4,4,16,256
pub/london,Pub: london,pub,exact-payoff (backbone-invariant),1001,econ_bne,11,0.0,0.0,0,0,3.7047706422018347,3.7047706422018347,0.00390625,0|2|0|1,4,4,16,256
pub/london,Pub: london,pub,exact-payoff (backbone-invariant),1001,econ_bne,12,0.0,0.0,0,0,3.7047706422018347,3.7047706422018347,0.00390625,0|2|0|1,4,4,16,256
pub/london,Pub: london,pub,exact-payoff (backbone-invariant),1001,econ_bne,13,0.0,0.0,0,0,3.7047706422018347,3.7047706422018347,0.00390625,0|2|0|1,4,4,16,256
pub/london,Pub: london,pub,exact-payoff (backbone-invariant),1001,econ_bne,14,0.0,0.0,0,0,3.7047706422018347,3.7047706422018347,0.00390625,0|2|0|1,4,4,16,256
pub/london,Pub: london,pub,exact-payoff (backbone-invariant),1001,econ_bne,15,0.0,0.0,0,0,3.7047706422018347,3.7047706422018347,0.00390625,0|2|0|1,4,4,16,256
pub/london,Pub: london,pub,exact-payoff (backbone-invariant),1001,econ_bne,16,0.0,0.0,0,0,3.7047706422018347,3.7047706422018347,0.00390625,0|2|0|1,4,4,16,256
pub/london,Pub: london,pub,exact-payoff (backbone-invariant),1001,econ_bne,17,0.0,0.0,0,0,3.7047706422018347,3.7047706422018347,0.00390625,0|2|0|1,4,4,16,256
pub/london,Pub: london,pub,exact-payoff (backbone-invariant),1001,econ_bne,18,0.0,0.0,0,0,3.7047706422018347,3.7047706422018347,0.00390625,0|2|0|1,4,4,16,256
pub/london,Pub: london,pub,exact-payoff (backbone-invariant),1001,econ_bne,19,0.0,0.0,0,0,3.7047706422018347,3.7047706422018347,0.00390625,0|2|0|1,4,4,16,256
pub/london,Pub: london,pub,exact-payoff (backbone-invariant),1001,econ_bne,20,0.0,0.0,0,0,3.7047706422018347,3.7047706422018347,0.00390625,0|2|0|1,4,4,16,256
pub/london,Pub: london,pub,exact-payoff (backbone-invariant),1001,atom_tom1,1,0.0,0.0,0,0,3.7047706422018347,3.7047706422018347,0.00390625,0|2|0|1,4,4,16,256
pub/london,Pub: london,pub,exact-payoff (backbone-invariant),1001,atom_tom1,2,0.0,0.0,0,0,3.7047706422018347,3.7047706422018347,0.00390625,0|2|0|1,4,4,16,256
pub/london,Pub: london,pub,exact-payoff (backbone-invariant),1001,atom_tom1,3,0.0,0.0,0,0,3.7047706422018347,3.7047706422018347,0.00390625,0|2|0|1,4,4,16,256
pub/london,Pub: london,pub,exact-payoff (backbone-invariant),1001,atom_tom1,4,0.0,0.0,0,0,3.7047706422018347,3.7047706422018347,0.00390625,0|2|0|1,4,4,16,256
pub/london,Pub: london,pub,exact-payoff (backbone-invariant),1001,atom_tom1,5,0.0,0.0,0,0,3.7047706422018347,3.7047706422018347,0.00390625,0|2|0|1,4,4,16,256
pub/london,Pub: london,pub,exact-payoff (backbone-invariant),1001,atom_tom1,6,0.0,0.0,0,0,3.7047706422018347,3.7047706422018347,0.00390625,0|2|0|1,4,4,16,256
pub/london,Pub: london,pub,exact-payoff (backbone-invariant),1001,atom_tom1,7,0.0,0.0,0,0,3.7047706422018347,3.7047706422018347,0.00390625,0|2|0|1,4,4,16,256
pub/london,Pub: london,pub,exact-payoff (backbone-invariant),1001,atom_tom1,8,0.0,0.0,0,0,3.7047706422018347,3.7047706422018347,0.00390625,0|2|0|1,4,4,16,256
pub/london,Pub: london,pub,exact-payoff (backbone-invariant),1001,atom_tom1,9,0.0,0.0,0,0,3.7047706422018347,3.7047706422018347,0.00390625,0|2|0|1,4,4,16,256
pub/london,Pub: london,pub,exact-payoff (backbone-invariant),1001,atom_tom1,10,0.0,0.0,0,0,3.7047706422018347,3.7047706422018347,0.00390625,0|2|0|1,4,4,16,256
pub/london,Pub: london,pub,exact-payoff (backbone-invariant),1001,atom_tom1,11,0.0,0.0,0,0,3.7047706422018347,3.7047706422018347,0.00390625,0|2|0|1,4,4,16,256
pub/london,Pub: london,pub,exact-payoff (backbone-invariant),1001,atom_tom1,12,0.0,0.0,0,0,3.7047706422018347,3.7047706422018347,0.00390625,0|2|0|1,4,4,16,256
pub/london,Pub: london,pub,exact-payoff (backbone-invariant),1001,atom_tom1,13,0.0,0.0,0,0,3.7047706422018347,3.7047706422018347,0.00390625,0|2|0|1,4,4,16,256
pub/london,Pub: london,pub,exact-payoff (backbone-invariant),1001,atom_tom1,14,0.0,0.0,0,0,3.7047706422018347,3.7047706422018347,0.00390625,0|2|0|1,4,4,16,256
pub/london,Pub: london,pub,exact-payoff (backbone-invariant),1001,atom_tom1,15,0.0,0.0,0,0,3.7047706422018347,3.7047706422018347,0.00390625,0|2|0|1,4,4,16,256
pub/london,Pub: london,pub,exact-payoff (backbone-invariant),1001,atom_tom1,16,0.0,0.0,0,0,3.7047706422018347,3.7047706422018347,0.00390625,0|2|0|1,4,4,16,256
pub/london,Pub: london,pub,exact-payoff (backbone-invariant),1001,atom_tom1,17,0.0,0.0,0,0,3.7047706422018347,3.7047706422018347,0.00390625,0|2|0|1,4,4,16,256
pub/london,Pub: london,pub,exact-payoff (backbone-invariant),1001,atom_tom1,18,0.0,0.0,0,0,3.7047706422018347,3.7047706422018347,0.00390625,0|2|0|1,4,4,16,256
pub/london,Pub: london,pub,exact-payoff (backbone-invariant),1001,atom_tom1,19,0.0,0.0,0,0,3.7047706422018347,3.7047706422018347,0.00390625,0|2|0|1,4,4,16,256
pub/london,Pub: london,pub,exact-payoff (backbone-invariant),1001,atom_tom1,20,0.0,0.0,0,0,3.7047706422018347,3.7047706422018347,0.00390625,0|2|0|1,4,4,16,256
pub/london,Pub: london,pub,exact-payoff (backbone-invariant),1001,random,1,1.259259259259259,1.259259259259259,8,0,2.4455113829425756,3.7047706422018347,0.00390625,0|2|0|1,4,4,16,256
pub/london,Pub: london,pub,exact-payoff (backbone-invariant),1001,random,2,0.0,1.259259259259259,0,0,3.7047706422018347,3.7047706422018347,0.00390625,0|2|0|1,4,4,16,256
pub/london,Pub: london,pub,exact-payoff (backbone-invariant),1001,random,3,2.728127760788311,3.9873870200475703,3,0,0.9766428814135235,3.7047706422018347,0.00390625,0|2|0|1,4,4,16,256
pub/london,Pub: london,pub,exact-payoff (backbone-invariant),1001,random,4,1.5186816173972133,5.506068637444784,15,0,2.1860890248046214,3.7047706422018347,0.00390625,0|2|0|1,4,4,16,256
pub/london,Pub: london,pub,exact-payoff (backbone-invariant),1001,random,5,1.8614610941216443,7.367529731566428,1,0,1.8433095480801904,3.7047706422018347,0.00390625,0|2|0|1,4,4,16,256
pub/london,Pub: london,pub,exact-payoff (backbone-invariant),1001,random,6,0.6379204892966355,8.005450220863064,4,0,3.0668501529051992,3.7047706422018347,0.00390625,0|2|0|1,4,4,16,256
pub/london,Pub: london,pub,exact-payoff (backbone-invariant),1001,random,7,0.0,8.005450220863064,0,0,3.7047706422018347,3.7047706422018347,0.00390625,0|2|0|1,4,4,16,256
pub/london,Pub: london,pub,exact-payoff (backbone-invariant),1001,random,8,3.1207203533809036,11.126170574243968,9,0,0.584050288820931,3.7047706422018347,0.00390625,0|2|0|1,4,4,16,256
pub/london,Pub: london,pub,exact-payoff (backbone-invariant),1001,random,9,2.728127760788311,13.85429833503228,3,0,0.9766428814135235,3.7047706422018347,0.00390625,0|2|0|1,4,4,16,256
pub/london,Pub: london,pub,exact-payoff (backbone-invariant),1001,random,10,0.6379204892966355,14.492218824328916,4,0,3.0668501529051992,3.7047706422018347,0.00390625,0|2|0|1,4,4,16,256
pub/london,Pub: london,pub,exact-payoff (backbone-invariant),1001,random,11,1.9934760448521915,16.485694869181106,14,0,1.7112945973496432,3.7047706422018347,0.00390625,0|2|0|1,4,4,16,256
pub/london,Pub: london,pub,exact-payoff (backbone-invariant),1001,random,12,1.8149779136935098,18.300672782874617,7,0,1.889792728508325,3.7047706422018347,0.00390625,0|2|0|1,4,4,16,256
pub/london,Pub: london,pub,exact-payoff (backbone-invariant),1001,random,13,0.9483112470268429,19.24898402990146,5,0,2.756459395174992,3.7047706422018347,0.00390625,0|2|0|1,4,4,16,256
pub/london,Pub: london,pub,exact-payoff (backbone-invariant),1001,random,14,1.8971797485558946,21.146163778457357,12,0,1.8075908936459402,3.7047706422018347,0.00390625,0|2|0|1,4,4,16,256
pub/london,Pub: london,pub,exact-payoff (backbone-invariant),1001,random,15,1.5186816173972133,22.66484539585457,15,0,2.1860890248046214,3.7047706422018347,0.00390625,0|2|0|1,4,4,16,256
pub/london,Pub: london,pub,exact-payoff (backbone-invariant),1001,random,16,3.1207203533809036,25.785565749235474,9,0,0.584050288820931,3.7047706422018347,0.00390625,0|2|0|1,4,4,16,256
pub/london,Pub: london,pub,exact-payoff (backbone-invariant),1001,random,17,1.5186816173972133,27.304247366632687,15,0,2.1860890248046214,3.7047706422018347,0.00390625,0|2|0|1,4,4,16,256
pub/london,Pub: london,pub,exact-payoff (backbone-invariant),1001,random,18,1.5186816173972133,28.8229289840299,15,0,2.1860890248046214,3.7047706422018347,0.00390625,0|2|0|1,4,4,16,256
pub/london,Pub: london,pub,exact-payoff (backbone-invariant),1001,random,19,1.5186816173972133,30.341610601427114,15,0,2.1860890248046214,3.7047706422018347,0.00390625,0|2|0|1,4,4,16,256
pub/london,Pub: london,pub,exact-payoff (backbone-invariant),1001,random,20,0.9483112470268429,31.289921848453957,5,0,2.756459395174992,3.7047706422018347,0.00390625,0|2|0|1,4,4,16,256
pub/london_mini,Pub: london_mini,pub,exact-payoff (backbone-invariant),1001,pact,1,0.0,0.0,1,1,1.8728813559322035,1.8728813559322035,0.3246813186741484,0|2,2,4,8,16
pub/london_mini,Pub: london_mini,pub,exact-payoff (backbone-invariant),1001,pact,2,0.0,0.0,1,1,1.8728813559322035,1.8728813559322035,0.38837518828761297,0|2,2,4,8,16
pub/london_mini,Pub: london_mini,pub,exact-payoff (backbone-invariant),1001,pact,3,0.0,0.0,1,1,1.8728813559322035,1.8728813559322035,0.4364271096229,0|2,2,4,8,16
pub/london_mini,Pub: london_mini,pub,exact-payoff (backbone-invariant),1001,pact,4,0.0,0.0,1,1,1.8728813559322035,1.8728813559322035,0.4729008990980241,0|2,2,4,8,16
pub/london_mini,Pub: london_mini,pub,exact-payoff (backbone-invariant),1001,pact,5,0.0,0.0,1,1,1.8728813559322035,1.8728813559322035,0.5020592539814076,0|2,2,4,8,16
pub/london_mini,Pub: london_mini,pub,exact-payoff (backbone-invariant),1001,pact,6,0.0,0.0,1,1,1.8728813559322035,1.8728813559322035,0.5264676775051134,0|2,2,4,8,16
pub/london_mini,Pub: london_mini,pub,exact-payoff (backbone-invariant),1001,pact,7,0.0,0.0,1,1,1.8728813559322035,1.8728813559322035,0.5474702481654867,0|2,2,4,8,16
pub/london_mini,Pub: london_mini,pub,exact-payoff (backbone-invariant),1001,pact,8,0.0,0.0,1,1,1.8728813559322035,1.8728813559322035,0.5657759867505345,0|2,2,4,8,16
pub/london_mini,Pub: london_mini,pub,exact-payoff (backbone-invariant),1001,pact,9,0.0,0.0,1,1,1.8728813559322035,1.8728813559322035,0.5818002893704406,0|2,2,4,8,16
pub/london_mini,Pub: london_mini,pub,exact-payoff (backbone-invariant),1001,pact,10,0.0,0.0,1,1,1.8728813559322035,1.8728813559322035,0.5958306632601449,0|2,2,4,8,16
pub/london_mini,Pub: london_mini,pub,exact-payoff (backbone-invariant),1001,pact,11,0.0,0.0,1,1,1.8728813559322035,1.8728813559322035,0.6080998926809018,0|2,2,4,8,16
pub/london_mini,Pub: london_mini,pub,exact-payoff (backbone-invariant),1001,pact,12,0.0,0.0,1,1,1.8728813559322035,1.8728813559322035,0.6188151103156616,0|2,2,4,8,16
pub/london_mini,Pub: london_mini,pub,exact-payoff (backbone-invariant),1001,pact,13,0.0,0.0,1,1,1.8728813559322035,1.8728813559322035,0.6281673017841267,0|2,2,4,8,16
pub/london_mini,Pub: london_mini,pub,exact-payoff (backbone-invariant),1001,pact,14,0.0,0.0,1,1,1.8728813559322035,1.8728813559322035,0.6363330102946871,0|2,2,4,8,16
pub/london_mini,Pub: london_mini,pub,exact-payoff (backbone-invariant),1001,pact,15,0.0,0.0,1,1,1.8728813559322035,1.8728813559322035,0.6434736117574046,0|2,2,4,8,16
pub/london_mini,Pub: london_mini,pub,exact-payoff (backbone-invariant),1001,pact,16,0.0,0.0,1,1,1.8728813559322035,1.8728813559322035,0.6497344024426986,0|2,2,4,8,16
pub/london_mini,Pub: london_mini,pub,exact-payoff (backbone-invariant),1001,pact,17,0.0,0.0,1,1,1.8728813559322035,1.8728813559322035,0.6552442633843983,0|2,2,4,8,16
pub/london_mini,Pub: london_mini,pub,exact-payoff (backbone-invariant),1001,pact,18,0.0,0.0,1,1,1.8728813559322035,1.8728813559322035,0.6601160144441037,0|2,2,4,8,16
pub/london_mini,Pub: london_mini,pub,exact-payoff (backbone-invariant),1001,pact,19,0.0,0.0,1,1,1.8728813559322035,1.8728813559322035,0.6644473235568167,0|2,2,4,8,16
pub/london_mini,Pub: london_mini,pub,exact-payoff (backbone-invariant),1001,pact,20,0.0,0.0,1,1,1.8728813559322035,1.8728813559322035,0.6683219761196723,0|2,2,4,8,16
pub/london_mini,Pub: london_mini,pub,exact-payoff (backbone-invariant),1001,pact_plus,1,0.0,0.0,1,1,1.8728813559322035,1.8728813559322035,0.3246813186741484,0|2,2,4,8,16
pub/london_mini,Pub: london_mini,pub,exact-payoff (backbone-invariant),1001,pact_plus,2,0.0,0.0,1,1,1.8728813559322035,1.8728813559322035,0.38837518828761297,0|2,2,4,8,16
pub/london_mini,Pub: london_mini,pub,exact-payoff (backbone-invariant),1001,pact_plus,3,0.0,0.0,1,1,1.8728813559322035,1.8728813559322035,0.4364271096229,0|2,2,4,8,16
pub/london_mini,Pub: london_mini,pub,exact-payoff (backbone-invariant),1001,pact_plus,4,0.0,0.0,1,1,1.8728813559322035,1.8728813559322035,0.4729008990980241,0|2,2,4,8,16
pub/london_mini,Pub: london_mini,pub,exact-payoff (backbone-invariant),1001,pact_plus,5,0.0,0.0,1,1,1.8728813559322035,1.8728813559322035,0.5020592539814076,0|2,2,4,8,16
pub/london_mini,Pub: london_mini,pub,exact-payoff (backbone-invariant),1001,pact_plus,6,0.0,0.0,1,1,1.8728813559322035,1.8728813559322035,0.5264676775051134,0|2,2,4,8,16
pub/london_mini,Pub: london_mini,pub,exact-payoff (backbone-invariant),1001,pact_plus,7,0.0,0.0,1,1,1.8728813559322035,1.8728813559322035,0.5474702481654867,0|2,2,4,8,16
pub/london_mini,Pub: london_mini,pub,exact-payoff (backbone-invariant),1001,pact_plus,8,0.0,0.0,1,1,1.8728813559322035,1.8728813559322035,0.5657759867505345,0|2,2,4,8,16
pub/london_mini,Pub: london_mini,pub,exact-payoff (backbone-invariant),1001,pact_plus,9,0.0,0.0,1,1,1.8728813559322035,1.8728813559322035,0.5818002893704406,0|2,2,4,8,16
pub/london_mini,Pub: london_mini,pub,exact-payoff (backbone-invariant),1001,pact_plus,10,0.0,0.0,1,1,1.8728813559322035,1.8728813559322035,0.5958306632601449,0|2,2,4,8,16
pub/london_mini,Pub: london_mini,pub,exact-payoff (backbone-invariant),1001,pact_plus,11,0.0,0.0,1,1,1.8728813559322035,1.8728813559322035,0.6080998926809018,0|2,2,4,8,16
pub/london_mini,Pub: london_mini,pub,exact-payoff (backbone-invariant),1001,pact_plus,12,0.0,0.0,1,1,1.8728813559322035,1.8728813559322035,0.6188151103156616,0|2,2,4,8,16
pub/london_mini,Pub: london_mini,pub,exact-payoff (backbone-invariant),1001,pact_plus,13,0.0,0.0,1,1,1.8728813559322035,1.8728813559322035,0.6281673017841267,0|2,2,4,8,16
pub/london_mini,Pub: london_mini,pub,exact-payoff (backbone-invariant),1001,pact_plus,14,0.0,0.0,1,1,1.8728813559322035,1.8728813559322035,0.6363330102946871,0|2,2,4,8,16
pub/london_mini,Pub: london_mini,pub,exact-payoff (backbone-invariant),1001,pact_plus,15,0.0,0.0,1,1,1.8728813559322035,1.8728813559322035,0.6434736117574046,0|2,2,4,8,16
pub/london_mini,Pub: london_mini,pub,exact-payoff (backbone-invariant),1001,pact_plus,16,0.0,0.0,1,1,1.8728813559322035,1.8728813559322035,0.6497344024426986,0|2,2,4,8,16
pub/london_mini,Pub: london_mini,pub,exact-payoff (backbone-invariant),1001,pact_plus,17,0.0,0.0,1,1,1.8728813559322035,1.8728813559322035,0.6552442633843983,0|2,2,4,8,16
pub/london_mini,Pub: london_mini,pub,exact-payoff (backbone-invariant),1001,pact_plus,18,0.0,0.0,1,1,1.8728813559322035,1.8728813559322035,0.6601160144441037,0|2,2,4,8,16
pub/london_mini,Pub: london_mini,pub,exact-payoff (backbone-invariant),1001,pact_plus,19,0.0,0.0,1,1,1.8728813559322035,1.8728813559322035,0.6644473235568167,0|2,2,4,8,16
pub/london_mini,Pub: london_mini,pub,exact-payoff (backbone-invariant),1001,pact_plus,20,0.0,0.0,1,1,1.8728813559322035,1.8728813559322035,0.6683219761196723,0|2,2,4,8,16
pub/london_mini,Pub: london_mini,pub,exact-payoff (backbone-invariant),1001,joint_psrl_uniform,1,0.0,0.0,1,1,1.8728813559322035,1.8728813559322035,0.10077803443237378,0|2,2,4,8,16
pub/london_mini,Pub: london_mini,pub,exact-payoff (backbone-invariant),1001,joint_psrl_uniform,2,0.0,0.0,1,1,1.8728813559322035,1.8728813559322035,0.13511406211734717,0|2,2,4,8,16
pub/london_mini,Pub: london_mini,pub,exact-payoff (backbone-invariant),1001,joint_psrl_uniform,3,0.0,0.0,1,1,1.8728813559322035,1.8728813559322035,0.1625284639149732,0|2,2,4,8,16
pub/london_mini,Pub: london_mini,pub,exact-payoff (backbone-invariant),1001,joint_psrl_uniform,4,0.0,0.0,1,1,1.8728813559322035,1.8728813559322035,0.18463239417726857,0|2,2,4,8,16
pub/london_mini,Pub: london_mini,pub,exact-payoff (backbone-invariant),1001,joint_psrl_uniform,5,0.0,0.0,1,1,1.8728813559322035,1.8728813559322035,0.2033704681143091,0|2,2,4,8,16
pub/london_mini,Pub: london_mini,pub,exact-payoff (backbone-invariant),1001,joint_psrl_uniform,6,0.0,0.0,1,1,1.8728813559322035,1.8728813559322035,0.21993199380371678,0|2,2,4,8,16
pub/london_mini,Pub: london_mini,pub,exact-payoff (backbone-invariant),1001,joint_psrl_uniform,7,0.0,0.0,1,1,1.8728813559322035,1.8728813559322035,0.23492083377032194,0|2,2,4,8,16
pub/london_mini,Pub: london_mini,pub,exact-payoff (backbone-invariant),1001,joint_psrl_uniform,8,0.0,0.0,1,1,1.8728813559322035,1.8728813559322035,0.24863026821898068,0|2,2,4,8,16
pub/london_mini,Pub: london_mini,pub,exact-payoff (backbone-invariant),1001,joint_psrl_uniform,9,0.0,0.0,1,1,1.8728813559322035,1.8728813559322035,0.26121229925281153,0|2,2,4,8,16
pub/london_mini,Pub: london_mini,pub,exact-payoff (backbone-invariant),1001,joint_psrl_uniform,10,0.0,0.0,1,1,1.8728813559322035,1.8728813559322035,0.2727625902758923,0|2,2,4,8,16
pub/london_mini,Pub: london_mini,pub,exact-payoff (backbone-invariant),1001,joint_psrl_uniform,11,0.0,0.0,1,1,1.8728813559322035,1.8728813559322035,0.283358631552831,0|2,2,4,8,16
pub/london_mini,Pub: london_mini,pub,exact-payoff (backbone-invariant),1001,joint_psrl_uniform,12,0.0,0.0,1,1,1.8728813559322035,1.8728813559322035,0.29307464591923915,0|2,2,4,8,16
pub/london_mini,Pub: london_mini,pub,exact-payoff (backbone-invariant),1001,joint_psrl_uniform,13,0.0,0.0,1,1,1.8728813559322035,1.8728813559322035,0.3019857234973706,0|2,2,4,8,16
pub/london_mini,Pub: london_mini,pub,exact-payoff (backbone-invariant),1001,joint_psrl_uniform,14,0.0,0.0,1,1,1.8728813559322035,1.8728813559322035,0.31016747604015593,0|2,2,4,8,16
pub/london_mini,Pub: london_mini,pub,exact-payoff (backbone-invariant),1001,joint_psrl_uniform,15,0.0,0.0,1,1,1.8728813559322035,1.8728813559322035,0.31769424587349243,0|2,2,4,8,16
pub/london_mini,Pub: london_mini,pub,exact-payoff (backbone-invariant),1001,joint_psrl_uniform,16,0.0,0.0,1,1,1.8728813559322035,1.8728813559322035,0.324637228092441,0|2,2,4,8,16
pub/london_mini,Pub: london_mini,pub,exact-payoff (backbone-invariant),1001,joint_psrl_uniform,17,0.0,0.0,1,1,1.8728813559322035,1.8728813559322035,0.33106302292545814,0|2,2,4,8,16
pub/london_mini,Pub: london_mini,pub,exact-payoff (backbone-invariant),1001,joint_psrl_uniform,18,0.0,0.0,1,1,1.8728813559322035,1.8728813559322035,0.33703273417886565,0|2,2,4,8,16
pub/london_mini,Pub: london_mini,pub,exact-payoff (backbone-invariant),1001,joint_psrl_uniform,19,0.0,0.0,1,1,1.8728813559322035,1.8728813559322035,0.3426015579745735,0|2,2,4,8,16
pub/london_mini,Pub: london_mini,pub,exact-payoff (backbone-invariant),1001,joint_psrl_uniform,20,0.0,0.0,1,1,1.8728813559322035,1.8728813559322035,0.34781874900041626,0|2,2,4,8,16
pub/london_mini,Pub: london_mini,pub,exact-payoff (backbone-invariant),1001,psrl_notype,1,0.0,0.0,1,1,1.8728813559322035,1.8728813559322035,0.0625,0|2,2,4,8,16
pub/london_mini,Pub: london_mini,pub,exact-payoff (backbone-invariant),1001,psrl_notype,2,0.0,0.0,1,1,1.8728813559322035,1.8728813559322035,0.0625,0|2,2,4,8,16
pub/london_mini,Pub: london_mini,pub,exact-payoff (backbone-invariant),1001,psrl_notype,3,0.0,0.0,1,1,1.8728813559322035,1.8728813559322035,0.0625,0|2,2,4,8,16
pub/london_mini,Pub: london_mini,pub,exact-payoff (backbone-invariant),1001,psrl_notype,4,0.0,0.0,1,1,1.8728813559322035,1.8728813559322035,0.0625,0|2,2,4,8,16
pub/london_mini,Pub: london_mini,pub,exact-payoff (backbone-invariant),1001,psrl_notype,5,0.0,0.0,1,1,1.8728813559322035,1.8728813559322035,0.0625,0|2,2,4,8,16
pub/london_mini,Pub: london_mini,pub,exact-payoff (backbone-invariant),1001,psrl_notype,6,0.0,0.0,1,1,1.8728813559322035,1.8728813559322035,0.0625,0|2,2,4,8,16
pub/london_mini,Pub: london_mini,pub,exact-payoff (backbone-invariant),1001,psrl_notype,7,0.0,0.0,1,1,1.8728813559322035,1.8728813559322035,0.0625,0|2,2,4,8,16
pub/london_mini,Pub: london_mini,pub,exact-payoff (backbone-invariant),1001,psrl_notype,8,0.0,0.0,1,1,1.8728813559322035,1.8728813559322035,0.0625,0|2,2,4,8,16
pub/london_mini,Pub: london_mini,pub,exact-payoff (backbone-invariant),1001,psrl_notype,9,0.0,0.0,1,1,1.8728813559322035,1.8728813559322035,0.0625,0|2,2,4,8,16
pub/london_mini,Pub: london_mini,pub,exact-payoff (backbone-invariant),1001,psrl_notype,10,0.0,0.0,1,1,1.8728813559322035,1.8728813559322035,0.0625,0|2,2,4,8,16
pub/london_mini,Pub: london_mini,pub,exact-payoff (backbone-invariant),1001,psrl_notype,11,0.0,0.0,1,1,1.8728813559322035,1.8728813559322035,0.0625,0|2,2,4,8,16
pub/london_mini,Pub: london_mini,pub,exact-payoff (backbone-invariant),1001,psrl_notype,12,0.0,0.0,1,1,1.8728813559322035,1.8728813559322035,0.0625,0|2,2,4,8,16
pub/london_mini,Pub: london_mini,pub,exact-payoff (backbone-invariant),1001,psrl_notype,13,0.0,0.0,1,1,1.8728813559322035,1.8728813559322035,0.0625,0|2,2,4,8,16
pub/london_mini,Pub: london_mini,pub,exact-payoff (backbone-invariant),1001,psrl_notype,14,0.0,0.0,1,1,1.8728813559322035,1.8728813559322035,0.0625,0|2,2,4,8,16
pub/london_mini,Pub: london_mini,pub,exact-payoff (backbone-invariant),1001,psrl_notype,15,0.0,0.0,1,1,1.8728813559322035,1.8728813559322035,0.0625,0|2,2,4,8,16
pub/london_mini,Pub: london_mini,pub,exact-payoff (backbone-invariant),1001,psrl_notype,16,0.0,0.0,1,1,1.8728813559322035,1.8728813559322035,0.0625,0|2,2,4,8,16
pub/london_mini,Pub: london_mini,pub,exact-payoff (backbone-invariant),1001,psrl_notype,17,0.0,0.0,1,1,1.8728813559322035,1.8728813559322035,0.0625,0|2,2,4,8,16
pub/london_mini,Pub: london_mini,pub,exact-payoff (backbone-invariant),1001,psrl_notype,18,0.0,0.0,1,1,1.8728813559322035,1.8728813559322035,0.0625,0|2,2,4,8,16
pub/london_mini,Pub: london_mini,pub,exact-payoff (backbone-invariant),1001,psrl_notype,19,0.0,0.0,1,1,1.8728813559322035,1.8728813559322035,0.0625,0|2,2,4,8,16
pub/london_mini,Pub: london_mini,pub,exact-payoff (backbone-invariant),1001,psrl_notype,20,0.0,0.0,1,1,1.8728813559322035,1.8728813559322035,0.0625,0|2,2,4,8,16
pub/london_mini,Pub: london_mini,pub,exact-payoff (backbone-invariant),1001,map_type_greedy,1,0.0,0.0,1,1,1.8728813559322035,1.8728813559322035,0.3246813186741484,0|2,2,4,8,16
pub/london_mini,Pub: london_mini,pub,exact-payoff (backbone-invariant),1001,map_type_greedy,2,0.0,0.0,1,1,1.8728813559322035,1.8728813559322035,0.38837518828761297,0|2,2,4,8,16
pub/london_mini,Pub: london_mini,pub,exact-payoff (backbone-invariant),1001,map_type_greedy,3,0.0,0.0,1,1,1.8728813559322035,1.8728813559322035,0.4364271096229,0|2,2,4,8,16
pub/london_mini,Pub: london_mini,pub,exact-payoff (backbone-invariant),1001,map_type_greedy,4,0.0,0.0,1,1,1.8728813559322035,1.8728813559322035,0.4729008990980241,0|2,2,4,8,16
pub/london_mini,Pub: london_mini,pub,exact-payoff (backbone-invariant),1001,map_type_greedy,5,0.0,0.0,1,1,1.8728813559322035,1.8728813559322035,0.5020592539814076,0|2,2,4,8,16
pub/london_mini,Pub: london_mini,pub,exact-payoff (backbone-invariant),1001,map_type_greedy,6,0.0,0.0,1,1,1.8728813559322035,1.8728813559322035,0.5264676775051134,0|2,2,4,8,16
pub/london_mini,Pub: london_mini,pub,exact-payoff (backbone-invariant),1001,map_type_greedy,7,0.0,0.0,1,1,1.8728813559322035,1.8728813559322035,0.5474702481654867,0|2,2,4,8,16
pub/london_mini,Pub: london_mini,pub,exact-payoff (backbone-invariant),1001,map_type_greedy,8,0.0,0.0,1,1,1.8728813559322035,1.8728813559322035,0.5657759867505345,0|2,2,4,8,16
pub/london_mini,Pub: london_mini,pub,exact-payoff (backbone-invariant),1001,map_type_greedy,9,0.0,0.0,1,1,1.8728813559322035,1.8728813559322035,0.5818002893704406,0|2,2,4,8,16
pub/london_mini,Pub: london_mini,pub,exact-payoff (backbone-invariant),1001,map_type_greedy,10,0.0,0.0,1,1,1.8728813559322035,1.8728813559322035,0.5958306632601449,0|2,2,4,8,16
pub/london_mini,Pub: london_mini,pub,exact-payoff (backbone-invariant),1001,map_type_greedy,11,0.0,0.0,1,1,1.8728813559322035,1.8728813559322035,0.6080998926809018,0|2,2,4,8,16
pub/london_mini,Pub: london_mini,pub,exact-payoff (backbone-invariant),1001,map_type_greedy,12,0.0,0.0,1,1,1.8728813559322035,1.8728813559322035,0.6188151103156616,0|2,2,4,8,16
pub/london_mini,Pub: london_mini,pub,exact-payoff (backbone-invariant),1001,map_type_greedy,13,0.0,0.0,1,1,1.8728813559322035,1.8728813559322035,0.6281673017841267,0|2,2,4,8,16
pub/london_mini,Pub: london_mini,pub,exact-payoff (backbone-invariant),1001,map_type_greedy,14,0.0,0.0,1,1,1.8728813559322035,1.8728813559322035,0.6363330102946871,0|2,2,4,8,16
pub/london_mini,Pub: london_mini,pub,exact-payoff (backbone-invariant),1001,map_type_greedy,15,0.0,0.0,1,1,1.8728813559322035,1.8728813559322035,0.6434736117574046,0|2,2,4,8,16
pub/london_mini,Pub: london_mini,pub,exact-payoff (backbone-invariant),1001,map_type_greedy,16,0.0,0.0,1,1,1.8728813559322035,1.8728813559322035,0.6497344024426986,0|2,2,4,8,16
pub/london_mini,Pub: london_mini,pub,exact-payoff (backbone-invariant),1001,map_type_greedy,17,0.0,0.0,1,1,1.8728813559322035,1.8728813559322035,0.6552442633843983,0|2,2,4,8,16
pub/london_mini,Pub: london_mini,pub,exact-payoff (backbone-invariant),1001,map_type_greedy,18,0.0,0.0,1,1,1.8728813559322035,1.8728813559322035,0.6601160144441037,0|2,2,4,8,16
pub/london_mini,Pub: london_mini,pub,exact-payoff (backbone-invariant),1001,map_type_greedy,19,0.0,0.0,1,1,1.8728813559322035,1.8728813559322035,0.6644473235568167,0|2,2,4,8,16
pub/london_mini,Pub: london_mini,pub,exact-payoff (backbone-invariant),1001,map_type_greedy,20,0.0,0.0,1,1,1.8728813559322035,1.8728813559322035,0.6683219761196723,0|2,2,4,8,16
pub/london_mini,Pub: london_mini,pub,exact-payoff (backbone-invariant),1001,econ_bne,1,0.0,0.0,1,1,1.8728813559322035,1.8728813559322035,0.0625,0|2,2,4,8,16
pub/london_mini,Pub: london_mini,pub,exact-payoff (backbone-invariant),1001,econ_bne,2,0.0,0.0,1,1,1.8728813559322035,1.8728813559322035,0.0625,0|2,2,4,8,16
pub/london_mini,Pub: london_mini,pub,exact-payoff (backbone-invariant),1001,econ_bne,3,0.0,0.0,1,1,1.8728813559322035,1.8728813559322035,0.0625,0|2,2,4,8,16
pub/london_mini,Pub: london_mini,pub,exact-payoff (backbone-invariant),1001,econ_bne,4,0.0,0.0,1,1,1.8728813559322035,1.8728813559322035,0.0625,0|2,2,4,8,16
pub/london_mini,Pub: london_mini,pub,exact-payoff (backbone-invariant),1001,econ_bne,5,0.0,0.0,1,1,1.8728813559322035,1.8728813559322035,0.0625,0|2,2,4,8,16
pub/london_mini,Pub: london_mini,pub,exact-payoff (backbone-invariant),1001,econ_bne,6,0.0,0.0,1,1,1.8728813559322035,1.8728813559322035,0.0625,0|2,2,4,8,16
pub/london_mini,Pub: london_mini,pub,exact-payoff (backbone-invariant),1001,econ_bne,7,0.0,0.0,1,1,1.8728813559322035,1.8728813559322035,0.0625,0|2,2,4,8,16
pub/london_mini,Pub: london_mini,pub,exact-payoff (backbone-invariant),1001,econ_bne,8,0.0,0.0,1,1,1.8728813559322035,1.8728813559322035,0.0625,0|2,2,4,8,16
pub/london_mini,Pub: london_mini,pub,exact-payoff (backbone-invariant),1001,econ_bne,9,0.0,0.0,1,1,1.8728813559322035,1.8728813559322035,0.0625,0|2,2,4,8,16
pub/london_mini,Pub: london_mini,pub,exact-payoff (backbone-invariant),1001,econ_bne,10,0.0,0.0,1,1,1.8728813559322035,1.8728813559322035,0.0625,0|2,2,4,8,16
pub/london_mini,Pub: london_mini,pub,exact-payoff (backbone-invariant),1001,econ_bne,11,0.0,0.0,1,1,1.8728813559322035,1.8728813559322035,0.0625,0|2,2,4,8,16
pub/london_mini,Pub: london_mini,pub,exact-payoff (backbone-invariant),1001,econ_bne,12,0.0,0.0,1,1,1.8728813559322035,1.8728813559322035,0.0625,0|2,2,4,8,16
pub/london_mini,Pub: london_mini,pub,exact-payoff (backbone-invariant),1001,econ_bne,13,0.0,0.0,1,1,1.8728813559322035,1.8728813559322035,0.0625,0|2,2,4,8,16
pub/london_mini,Pub: london_mini,pub,exact-payoff (backbone-invariant),1001,econ_bne,14,0.0,0.0,1,1,1.8728813559322035,1.8728813559322035,0.0625,0|2,2,4,8,16
pub/london_mini,Pub: london_mini,pub,exact-payoff (backbone-invariant),1001,econ_bne,15,0.0,0.0,1,1,1.8728813559322035,1.8728813559322035,0.0625,0|2,2,4,8,16
pub/london_mini,Pub: london_mini,pub,exact-payoff (backbone-invariant),1001,econ_bne,16,0.0,0.0,1,1,1.8728813559322035,1.8728813559322035,0.0625,0|2,2,4,8,16
pub/london_mini,Pub: london_mini,pub,exact-payoff (backbone-invariant),1001,econ_bne,17,0.0,0.0,1,1,1.8728813559322035,1.8728813559322035,0.0625,0|2,2,4,8,16
pub/london_mini,Pub: london_mini,pub,exact-payoff (backbone-invariant),1001,econ_bne,18,0.0,0.0,1,1,1.8728813559322035,1.8728813559322035,0.0625,0|2,2,4,8,16
pub/london_mini,Pub: london_mini,pub,exact-payoff (backbone-invariant),1001,econ_bne,19,0.0,0.0,1,1,1.8728813559322035,1.8728813559322035,0.0625,0|2,2,4,8,16
pub/london_mini,Pub: london_mini,pub,exact-payoff (backbone-invariant),1001,econ_bne,20,0.0,0.0,1,1,1.8728813559322035,1.8728813559322035,0.0625,0|2,2,4,8,16
pub/london_mini,Pub: london_mini,pub,exact-payoff (backbone-invariant),1001,atom_tom1,1,0.0,0.0,1,1,1.8728813559322035,1.8728813559322035,0.0625,0|2,2,4,8,16
pub/london_mini,Pub: london_mini,pub,exact-payoff (backbone-invariant),1001,atom_tom1,2,0.0,0.0,1,1,1.8728813559322035,1.8728813559322035,0.0625,0|2,2,4,8,16
pub/london_mini,Pub: london_mini,pub,exact-payoff (backbone-invariant),1001,atom_tom1,3,0.0,0.0,1,1,1.8728813559322035,1.8728813559322035,0.0625,0|2,2,4,8,16
pub/london_mini,Pub: london_mini,pub,exact-payoff (backbone-invariant),1001,atom_tom1,4,0.0,0.0,1,1,1.8728813559322035,1.8728813559322035,0.0625,0|2,2,4,8,16
pub/london_mini,Pub: london_mini,pub,exact-payoff (backbone-invariant),1001,atom_tom1,5,0.0,0.0,1,1,1.8728813559322035,1.8728813559322035,0.0625,0|2,2,4,8,16
pub/london_mini,Pub: london_mini,pub,exact-payoff (backbone-invariant),1001,atom_tom1,6,0.0,0.0,1,1,1.8728813559322035,1.8728813559322035,0.0625,0|2,2,4,8,16
pub/london_mini,Pub: london_mini,pub,exact-payoff (backbone-invariant),1001,atom_tom1,7,0.0,0.0,1,1,1.8728813559322035,1.8728813559322035,0.0625,0|2,2,4,8,16
pub/london_mini,Pub: london_mini,pub,exact-payoff (backbone-invariant),1001,atom_tom1,8,0.0,0.0,1,1,1.8728813559322035,1.8728813559322035,0.0625,0|2,2,4,8,16
pub/london_mini,Pub: london_mini,pub,exact-payoff (backbone-invariant),1001,atom_tom1,9,0.0,0.0,1,1,1.8728813559322035,1.8728813559322035,0.0625,0|2,2,4,8,16
pub/london_mini,Pub: london_mini,pub,exact-payoff (backbone-invariant),1001,atom_tom1,10,0.0,0.0,1,1,1.8728813559322035,1.8728813559322035,0.0625,0|2,2,4,8,16
pub/london_mini,Pub: london_mini,pub,exact-payoff (backbone-invariant),1001,atom_tom1,11,0.0,0.0,1,1,1.8728813559322035,1.8728813559322035,0.0625,0|2,2,4,8,16
pub/london_mini,Pub: london_mini,pub,exact-payoff (backbone-invariant),1001,atom_tom1,12,0.0,0.0,1,1,1.8728813559322035,1.8728813559322035,0.0625,0|2,2,4,8,16
pub/london_mini,Pub: london_mini,pub,exact-payoff (backbone-invariant),1001,atom_tom1,13,0.0,0.0,1,1,1.8728813559322035,1.8728813559322035,0.0625,0|2,2,4,8,16
pub/london_mini,Pub: london_mini,pub,exact-payoff (backbone-invariant),1001,atom_tom1,14,0.0,0.0,1,1,1.8728813559322035,1.8728813559322035,0.0625,0|2,2,4,8,16
pub/london_mini,Pub: london_mini,pub,exact-payoff (backbone-invariant),1001,atom_tom1,15,0.0,0.0,1,1,1.8728813559322035,1.8728813559322035,0.0625,0|2,2,4,8,16
pub/london_mini,Pub: london_mini,pub,exact-payoff (backbone-invariant),1001,atom_tom1,16,0.0,0.0,1,1,1.8728813559322035,1.8728813559322035,0.0625,0|2,2,4,8,16
pub/london_mini,Pub: london_mini,pub,exact-payoff (backbone-invariant),1001,atom_tom1,17,0.0,0.0,1,1,1.8728813559322035,1.8728813559322035,0.0625,0|2,2,4,8,16
pub/london_mini,Pub: london_mini,pub,exact-payoff (backbone-invariant),1001,atom_tom1,18,0.0,0.0,1,1,1.8728813559322035,1.8728813559322035,0.0625,0|2,2,4,8,16
pub/london_mini,Pub: london_mini,pub,exact-payoff (backbone-invariant),1001,atom_tom1,19,0.0,0.0,1,1,1.8728813559322035,1.8728813559322035,0.0625,0|2,2,4,8,16
pub/london_mini,Pub: london_mini,pub,exact-payoff (backbone-invariant),1001,atom_tom1,20,0.0,0.0,1,1,1.8728813559322035,1.8728813559322035,0.0625,0|2,2,4,8,16
pub/london_mini,Pub: london_mini,pub,exact-payoff (backbone-invariant),1001,random,1,1.8728813559322035,1.8728813559322035,2,1,0.0,1.8728813559322035,0.0625,0|2,2,4,8,16
pub/london_mini,Pub: london_mini,pub,exact-payoff (backbone-invariant),1001,random,2,0.0,1.8728813559322035,1,1,1.8728813559322035,1.8728813559322035,0.0625,0|2,2,4,8,16
pub/london_mini,Pub: london_mini,pub,exact-payoff (backbone-invariant),1001,random,3,0.0,1.8728813559322035,1,1,1.8728813559322035,1.8728813559322035,0.0625,0|2,2,4,8,16
pub/london_mini,Pub: london_mini,pub,exact-payoff (backbone-invariant),1001,random,4,1.8728813559322035,3.745762711864407,2,1,0.0,1.8728813559322035,0.0625,0|2,2,4,8,16
pub/london_mini,Pub: london_mini,pub,exact-payoff (backbone-invariant),1001,random,5,0.0,3.745762711864407,1,1,1.8728813559322035,1.8728813559322035,0.0625,0|2,2,4,8,16
pub/london_mini,Pub: london_mini,pub,exact-payoff (backbone-invariant),1001,random,6,0.0,3.745762711864407,1,1,1.8728813559322035,1.8728813559322035,0.0625,0|2,2,4,8,16
pub/london_mini,Pub: london_mini,pub,exact-payoff (backbone-invariant),1001,random,7,0.0,3.745762711864407,1,1,1.8728813559322035,1.8728813559322035,0.0625,0|2,2,4,8,16
pub/london_mini,Pub: london_mini,pub,exact-payoff (backbone-invariant),1001,random,8,0.8728813559322035,4.618644067796611,0,1,1.0,1.8728813559322035,0.0625,0|2,2,4,8,16
pub/london_mini,Pub: london_mini,pub,exact-payoff (backbone-invariant),1001,random,9,1.8728813559322035,6.491525423728814,2,1,0.0,1.8728813559322035,0.0625,0|2,2,4,8,16
pub/london_mini,Pub: london_mini,pub,exact-payoff (backbone-invariant),1001,random,10,1.8728813559322035,8.364406779661017,2,1,0.0,1.8728813559322035,0.0625,0|2,2,4,8,16
pub/london_mini,Pub: london_mini,pub,exact-payoff (backbone-invariant),1001,random,11,0.0,8.364406779661017,1,1,1.8728813559322035,1.8728813559322035,0.0625,0|2,2,4,8,16
pub/london_mini,Pub: london_mini,pub,exact-payoff (backbone-invariant),1001,random,12,0.0,8.364406779661017,1,1,1.8728813559322035,1.8728813559322035,0.0625,0|2,2,4,8,16
pub/london_mini,Pub: london_mini,pub,exact-payoff (backbone-invariant),1001,random,13,0.0,8.364406779661017,1,1,1.8728813559322035,1.8728813559322035,0.0625,0|2,2,4,8,16
pub/london_mini,Pub: london_mini,pub,exact-payoff (backbone-invariant),1001,random,14,1.0,9.364406779661017,3,1,0.8728813559322035,1.8728813559322035,0.0625,0|2,2,4,8,16
pub/london_mini,Pub: london_mini,pub,exact-payoff (backbone-invariant),1001,random,15,0.0,9.364406779661017,1,1,1.8728813559322035,1.8728813559322035,0.0625,0|2,2,4,8,16
pub/london_mini,Pub: london_mini,pub,exact-payoff (backbone-invariant),1001,random,16,1.8728813559322035,11.237288135593221,2,1,0.0,1.8728813559322035,0.0625,0|2,2,4,8,16
pub/london_mini,Pub: london_mini,pub,exact-payoff (backbone-invariant),1001,random,17,0.0,11.237288135593221,1,1,1.8728813559322035,1.8728813559322035,0.0625,0|2,2,4,8,16
pub/london_mini,Pub: london_mini,pub,exact-payoff (backbone-invariant),1001,random,18,0.8728813559322035,12.110169491525426,0,1,1.0,1.8728813559322035,0.0625,0|2,2,4,8,16
pub/london_mini,Pub: london_mini,pub,exact-payoff (backbone-invariant),1001,random,19,1.8728813559322035,13.98305084745763,2,1,0.0,1.8728813559322035,0.0625,0|2,2,4,8,16
pub/london_mini,Pub: london_mini,pub,exact-payoff (backbone-invariant),1001,random,20,0.0,13.98305084745763,1,1,1.8728813559322035,1.8728813559322035,0.0625,0|2,2,4,8,16
haggling/fruitville,Haggling: fruitville,haggling,exact-payoff (backbone-invariant),1001,pact,1,0.0,0.0,7,7,1.072609819121447,1.072609819121447,0.33613157259006887,0|2,2,4,8,16
haggling/fruitville,Haggling: fruitville,haggling,exact-payoff (backbone-invariant),1001,pact,2,0.4795865633074936,0.4795865633074936,1,7,0.5930232558139534,1.072609819121447,0.647552732139953,0|2,2,4,8,16
haggling/fruitville,Haggling: fruitville,haggling,exact-payoff (backbone-invariant),1001,pact,3,0.0,0.4795865633074936,7,7,1.072609819121447,1.072609819121447,0.745453212260807,0|2,2,4,8,16
haggling/fruitville,Haggling: fruitville,haggling,exact-payoff (backbone-invariant),1001,pact,4,0.0,0.4795865633074936,7,7,1.072609819121447,1.072609819121447,0.8108620184225372,0|2,2,4,8,16
haggling/fruitville,Haggling: fruitville,haggling,exact-payoff (backbone-invariant),1001,pact,5,0.08578811369509043,0.565374677002584,5,7,0.9868217054263566,1.072609819121447,0.8159835585466602,0|2,2,4,8,16
haggling/fruitville,Haggling: fruitville,haggling,exact-payoff (backbone-invariant),1001,pact,6,0.0,0.565374677002584,7,7,1.072609819121447,1.072609819121447,0.8562066288540653,0|2,2,4,8,16
haggling/fruitville,Haggling: fruitville,haggling,exact-payoff (backbone-invariant),1001,pact,7,0.0,0.565374677002584,7,7,1.072609819121447,1.072609819121447,0.8814228090205269,0|2,2,4,8,16
haggling/fruitville,Haggling: fruitville,haggling,exact-payoff (backbone-invariant),1001,pact,8,0.0,0.565374677002584,7,7,1.072609819121447,1.072609819121447,0.898012867806852,0|2,2,4,8,16
haggling/fruitville,Haggling: fruitville,haggling,exact-payoff (backbone-invariant),1001,pact,9,0.0,0.565374677002584,7,7,1.072609819121447,1.072609819121447,0.9097261315560122,0|2,2,4,8,16
haggling/fruitville,Haggling: fruitville,haggling,exact-payoff (backbone-invariant),1001,pact,10,0.0,0.565374677002584,7,7,1.072609819121447,1.072609819121447,0.9186312681422576,0|2,2,4,8,16
haggling/fruitville,Haggling: fruitville,haggling,exact-payoff (backbone-invariant),1001,pact,11,0.0,0.565374677002584,7,7,1.072609819121447,1.072609819121447,0.9258503965477938,0|2,2,4,8,16
haggling/fruitville,Haggling: fruitville,haggling,exact-payoff (backbone-invariant),1001,pact,12,0.0,0.565374677002584,7,7,1.072609819121447,1.072609819121447,0.9319953132187823,0|2,2,4,8,16
haggling/fruitville,Haggling: fruitville,haggling,exact-payoff (backbone-invariant),1001,pact,13,0.0,0.565374677002584,7,7,1.072609819121447,1.072609819121447,0.9374053243028448,0|2,2,4,8,16
haggling/fruitville,Haggling: fruitville,haggling,exact-payoff (backbone-invariant),1001,pact,14,0.0,0.565374677002584,7,7,1.072609819121447,1.072609819121447,0.9422735071666535,0|2,2,4,8,16
haggling/fruitville,Haggling: fruitville,haggling,exact-payoff (backbone-invariant),1001,pact,15,0.0,0.565374677002584,7,7,1.072609819121447,1.072609819121447,0.9467136079632268,0|2,2,4,8,16
haggling/fruitville,Haggling: fruitville,haggling,exact-payoff (backbone-invariant),1001,pact,16,0.0,0.565374677002584,7,7,1.072609819121447,1.072609819121447,0.9507957803974314,0|2,2,4,8,16
haggling/fruitville,Haggling: fruitville,haggling,exact-payoff (backbone-invariant),1001,pact,17,0.0,0.565374677002584,7,7,1.072609819121447,1.072609819121447,0.9545659021140113,0|2,2,4,8,16
haggling/fruitville,Haggling: fruitville,haggling,exact-payoff (backbone-invariant),1001,pact,18,0.0,0.565374677002584,7,7,1.072609819121447,1.072609819121447,0.9580561359650425,0|2,2,4,8,16
haggling/fruitville,Haggling: fruitville,haggling,exact-payoff (backbone-invariant),1001,pact,19,0.0,0.565374677002584,7,7,1.072609819121447,1.072609819121447,0.9612907601316947,0|2,2,4,8,16
haggling/fruitville,Haggling: fruitville,haggling,exact-payoff (backbone-invariant),1001,pact,20,0.0,0.565374677002584,7,7,1.072609819121447,1.072609819121447,0.9642894085295528,0|2,2,4,8,16
haggling/fruitville,Haggling: fruitville,haggling,exact-payoff (backbone-invariant),1001,pact_plus,1,0.02532299741602073,0.02532299741602073,9,7,1.0472868217054263,1.072609819121447,0.7006881818908315,0|2,2,4,8,16
haggling/fruitville,Haggling: fruitville,haggling,exact-payoff (backbone-invariant),1001,pact_plus,2,0.4795865633074936,0.5049095607235143,1,7,0.5930232558139534,1.072609819121447,0.9233591252092217,0|2,2,4,8,16
haggling/fruitville,Haggling: fruitville,haggling,exact-payoff (backbone-invariant),1001,pact_plus,3,0.0,0.5049095607235143,7,7,1.072609819121447,1.072609819121447,0.9296840110209255,0|2,2,4,8,16
haggling/fruitville,Haggling: fruitville,haggling,exact-payoff (backbone-invariant),1001,pact_plus,4,0.0,0.5049095607235143,7,7,1.072609819121447,1.072609819121447,0.935254792714191,0|2,2,4,8,16
haggling/fruitville,Haggling: fruitville,haggling,exact-payoff (backbone-invariant),1001,pact_plus,5,0.0,0.5049095607235143,7,7,1.072609819121447,1.072609819121447,0.940269977166043,0|2,2,4,8,16
haggling/fruitville,Haggling: fruitville,haggling,exact-payoff (backbone-invariant),1001,pact_plus,6,0.0,0.5049095607235143,7,7,1.072609819121447,1.072609819121447,0.9448464559386052,0|2,2,4,8,16
haggling/fruitville,Haggling: fruitville,haggling,exact-payoff (backbone-invariant),1001,pact_plus,7,0.0,0.5049095607235143,7,7,1.072609819121447,1.072609819121447,0.9490562104077036,0|2,2,4,8,16
haggling/fruitville,Haggling: fruitville,haggling,exact-payoff (backbone-invariant),1001,pact_plus,8,0.0,0.5049095607235143,7,7,1.072609819121447,1.072609819121447,0.952946197254297,0|2,2,4,8,16
haggling/fruitville,Haggling: fruitville,haggling,exact-payoff (backbone-invariant),1001,pact_plus,9,0.0,0.5049095607235143,7,7,1.072609819121447,1.072609819121447,0.9565492412231755,0|2,2,4,8,16
haggling/fruitville,Haggling: fruitville,haggling,exact-payoff (backbone-invariant),1001,pact_plus,10,0.0,0.5049095607235143,7,7,1.072609819121447,1.072609819121447,0.9598900564277575,0|2,2,4,8,16
haggling/fruitville,Haggling: fruitville,haggling,exact-payoff (backbone-invariant),1001,pact_plus,11,0.0,0.5049095607235143,7,7,1.072609819121447,1.072609819121447,0.9629885956204935,0|2,2,4,8,16
haggling/fruitville,Haggling: fruitville,haggling,exact-payoff (backbone-invariant),1001,pact_plus,12,0.0,0.5049095607235143,7,7,1.072609819121447,1.072609819121447,0.9658619186346442,0|2,2,4,8,16
haggling/fruitville,Haggling: fruitville,haggling,exact-payoff (backbone-invariant),1001,pact_plus,13,0.0,0.5049095607235143,7,7,1.072609819121447,1.072609819121447,0.9685252341511164,0|2,2,4,8,16
haggling/fruitville,Haggling: fruitville,haggling,exact-payoff (backbone-invariant),1001,pact_plus,14,0.0,0.5049095607235143,7,7,1.072609819121447,1.072609819121447,0.9709924782844124,0|2,2,4,8,16
haggling/fruitville,Haggling: fruitville,haggling,exact-payoff (backbone-invariant),1001,pact_plus,15,0.0,0.5049095607235143,7,7,1.072609819121447,1.072609819121447,0.9732766338307585,0|2,2,4,8,16
haggling/fruitville,Haggling: fruitville,haggling,exact-payoff (backbone-invariant),1001,pact_plus,16,0.0,0.5049095607235143,7,7,1.072609819121447,1.072609819121447,0.9753899052013824,0|2,2,4,8,16
haggling/fruitville,Haggling: fruitville,haggling,exact-payoff (backbone-invariant),1001,pact_plus,17,0.0,0.5049095607235143,7,7,1.072609819121447,1.072609819121447,0.9773438141316437,0|2,2,4,8,16
haggling/fruitville,Haggling: fruitville,haggling,exact-payoff (backbone-invariant),1001,pact_plus,18,0.0,0.5049095607235143,7,7,1.072609819121447,1.072609819121447,0.9791492529614754,0|2,2,4,8,16
haggling/fruitville,Haggling: fruitville,haggling,exact-payoff (backbone-invariant),1001,pact_plus,19,0.0,0.5049095607235143,7,7,1.072609819121447,1.072609819121447,0.9808165161605764,0|2,2,4,8,16
haggling/fruitville,Haggling: fruitville,haggling,exact-payoff (backbone-invariant),1001,pact_plus,20,0.0,0.5049095607235143,7,7,1.072609819121447,1.072609819121447,0.9823553215599543,0|2,2,4,8,16
haggling/fruitville,Haggling: fruitville,haggling,exact-payoff (backbone-invariant),1001,joint_psrl_uniform,1,0.0,0.0,7,7,1.072609819121447,1.072609819121447,0.11086880524589553,0|2,2,4,8,16
haggling/fruitville,Haggling: fruitville,haggling,exact-payoff (backbone-invariant),1001,joint_psrl_uniform,2,0.4795865633074936,0.4795865633074936,1,7,0.5930232558139534,1.072609819121447,0.41930427856208285,0|2,2,4,8,16
haggling/fruitville,Haggling: fruitville,haggling,exact-payoff (backbone-invariant),1001,joint_psrl_uniform,3,0.0,0.4795865633074936,7,7,1.072609819121447,1.072609819121447,0.5535101489325667,0|2,2,4,8,16
haggling/fruitville,Haggling: fruitville,haggling,exact-payoff (backbone-invariant),1001,joint_psrl_uniform,4,0.02532299741602073,0.5049095607235143,9,7,1.0472868217054263,1.072609819121447,0.8706676414048127,0|2,2,4,8,16
haggling/fruitville,Haggling: fruitville,haggling,exact-payoff (backbone-invariant),1001,joint_psrl_uniform,5,0.0,0.5049095607235143,7,7,1.072609819121447,1.072609819121447,0.8806259261966917,0|2,2,4,8,16
haggling/fruitville,Haggling: fruitville,haggling,exact-payoff (backbone-invariant),1001,joint_psrl_uniform,6,0.0,0.5049095607235143,7,7,1.072609819121447,1.072609819121447,0.8897398387799814,0|2,2,4,8,16
haggling/fruitville,Haggling: fruitville,haggling,exact-payoff (backbone-invariant),1001,joint_psrl_uniform,7,0.0,0.5049095607235143,7,7,1.072609819121447,1.072609819121447,0.8981380960707086,0|2,2,4,8,16
haggling/fruitville,Haggling: fruitville,haggling,exact-payoff (backbone-invariant),1001,joint_psrl_uniform,8,0.02532299741602073,0.5302325581395351,9,7,1.0472868217054263,1.072609819121447,0.9507799261873412,0|2,2,4,8,16
haggling/fruitville,Haggling: fruitville,haggling,exact-payoff (backbone-invariant),1001,joint_psrl_uniform,9,0.0,0.5302325581395351,7,7,1.072609819121447,1.072609819121447,0.9546876917716578,0|2,2,4,8,16
haggling/fruitville,Haggling: fruitville,haggling,exact-payoff (backbone-invariant),1001,joint_psrl_uniform,10,0.0,0.5302325581395351,7,7,1.072609819121447,1.072609819121447,0.9582985407490704,0|2,2,4,8,16
haggling/fruitville,Haggling: fruitville,haggling,exact-payoff (backbone-invariant),1001,joint_psrl_uniform,11,0.0,0.5302325581395351,7,7,1.072609819121447,1.072609819121447,0.9616330514142358,0|2,2,4,8,16
haggling/fruitville,Haggling: fruitville,haggling,exact-payoff (backbone-invariant),1001,joint_psrl_uniform,12,0.0,0.5302325581395351,7,7,1.072609819121447,1.072609819121447,0.9647106535851746,0|2,2,4,8,16
haggling/fruitville,Haggling: fruitville,haggling,exact-payoff (backbone-invariant),1001,joint_psrl_uniform,13,0.0,0.5302325581395351,7,7,1.072609819121447,1.072609819121447,0.9675496607134961,0|2,2,4,8,16
haggling/fruitville,Haggling: fruitville,haggling,exact-payoff (backbone-invariant),1001,joint_psrl_uniform,14,0.0,0.5302325581395351,7,7,1.072609819121447,1.072609819121447,0.970167301193395,0|2,2,4,8,16
haggling/fruitville,Haggling: fruitville,haggling,exact-payoff (backbone-invariant),1001,joint_psrl_uniform,15,0.0,0.5302325581395351,7,7,1.072609819121447,1.072609819121447,0.972579751468755,0|2,2,4,8,16
haggling/fruitville,Haggling: fruitville,haggling,exact-payoff (backbone-invariant),1001,joint_psrl_uniform,16,0.0,0.5302325581395351,7,7,1.072609819121447,1.072609819121447,0.9748021718700691,0|2,2,4,8,16
haggling/fruitville,Haggling: fruitville,haggling,exact-payoff (backbone-invariant),1001,joint_psrl_uniform,17,0.0,0.5302325581395351,7,7,1.072609819121447,1.072609819121447,0.9768487452234788,0|2,2,4,8,16
haggling/fruitville,Haggling: fruitville,haggling,exact-payoff (backbone-invariant),1001,joint_psrl_uniform,18,0.0,0.5302325581395351,7,7,1.072609819121447,1.072609819121447,0.9787327178321399,0|2,2,4,8,16
haggling/fruitville,Haggling: fruitville,haggling,exact-payoff (backbone-invariant),1001,joint_psrl_uniform,19,0.0,0.5302325581395351,7,7,1.072609819121447,1.072609819121447,0.9804664422418479,0|2,2,4,8,16
haggling/fruitville,Haggling: fruitville,haggling,exact-payoff (backbone-invariant),1001,joint_psrl_uniform,20,0.0,0.5302325581395351,7,7,1.072609819121447,1.072609819121447,0.9820614211552078,0|2,2,4,8,16
haggling/fruitville,Haggling: fruitville,haggling,exact-payoff (backbone-invariant),1001,psrl_notype,1,0.08578811369509043,0.08578811369509043,5,7,0.9868217054263566,1.072609819121447,0.0625,0|2,2,4,8,16
haggling/fruitville,Haggling: fruitville,haggling,exact-payoff (backbone-invariant),1001,psrl_notype,2,0.08578811369509043,0.17157622739018086,5,7,0.9868217054263566,1.072609819121447,0.0625,0|2,2,4,8,16
haggling/fruitville,Haggling: fruitville,haggling,exact-payoff (backbone-invariant),1001,psrl_notype,3,0.08578811369509043,0.2573643410852713,5,7,0.9868217054263566,1.072609819121447,0.0625,0|2,2,4,8,16
haggling/fruitville,Haggling: fruitville,haggling,exact-payoff (backbone-invariant),1001,psrl_notype,4,0.0,0.2573643410852713,7,7,1.072609819121447,1.072609819121447,0.0625,0|2,2,4,8,16
haggling/fruitville,Haggling: fruitville,haggling,exact-payoff (backbone-invariant),1001,psrl_notype,5,0.4795865633074936,0.7369509043927649,1,7,0.5930232558139534,1.072609819121447,0.0625,0|2,2,4,8,16
haggling/fruitville,Haggling: fruitville,haggling,exact-payoff (backbone-invariant),1001,psrl_notype,6,0.08578811369509043,0.8227390180878553,5,7,0.9868217054263566,1.072609819121447,0.0625,0|2,2,4,8,16
haggling/fruitville,Haggling: fruitville,haggling,exact-payoff (backbone-invariant),1001,psrl_notype,7,0.08578811369509043,0.9085271317829458,5,7,0.9868217054263566,1.072609819121447,0.0625,0|2,2,4,8,16
haggling/fruitville,Haggling: fruitville,haggling,exact-payoff (backbone-invariant),1001,psrl_notype,8,0.4795865633074936,1.3881136950904394,1,7,0.5930232558139534,1.072609819121447,0.0625,0|2,2,4,8,16
haggling/fruitville,Haggling: fruitville,haggling,exact-payoff (backbone-invariant),1001,psrl_notype,9,0.4795865633074936,1.867700258397933,1,7,0.5930232558139534,1.072609819121447,0.0625,0|2,2,4,8,16
haggling/fruitville,Haggling: fruitville,haggling,exact-payoff (backbone-invariant),1001,psrl_notype,10,0.08578811369509043,1.9534883720930234,5,7,0.9868217054263566,1.072609819121447,0.0625,0|2,2,4,8,16
haggling/fruitville,Haggling: fruitville,haggling,exact-payoff (backbone-invariant),1001,psrl_notype,11,0.0,1.9534883720930234,7,7,1.072609819121447,1.072609819121447,0.0625,0|2,2,4,8,16
haggling/fruitville,Haggling: fruitville,haggling,exact-payoff (backbone-invariant),1001,psrl_notype,12,0.0,1.9534883720930234,7,7,1.072609819121447,1.072609819121447,0.0625,0|2,2,4,8,16
haggling/fruitville,Haggling: fruitville,haggling,exact-payoff (backbone-invariant),1001,psrl_notype,13,0.4795865633074936,2.433074935400517,1,7,0.5930232558139534,1.072609819121447,0.0625,0|2,2,4,8,16
haggling/fruitville,Haggling: fruitville,haggling,exact-payoff (backbone-invariant),1001,psrl_notype,14,0.08578811369509043,2.518863049095607,5,7,0.9868217054263566,1.072609819121447,0.0625,0|2,2,4,8,16
haggling/fruitville,Haggling: fruitville,haggling,exact-payoff (backbone-invariant),1001,psrl_notype,15,0.08578811369509043,2.604651162790698,5,7,0.9868217054263566,1.072609819121447,0.0625,0|2,2,4,8,16
haggling/fruitville,Haggling: fruitville,haggling,exact-payoff (backbone-invariant),1001,psrl_notype,16,0.0,2.604651162790698,7,7,1.072609819121447,1.072609819121447,0.0625,0|2,2,4,8,16
haggling/fruitville,Haggling: fruitville,haggling,exact-payoff (backbone-invariant),1001,psrl_notype,17,0.4795865633074936,3.0842377260981912,1,7,0.5930232558139534,1.072609819121447,0.0625,0|2,2,4,8,16
haggling/fruitville,Haggling: fruitville,haggling,exact-payoff (backbone-invariant),1001,psrl_notype,18,0.4795865633074936,3.5638242894056846,1,7,0.5930232558139534,1.072609819121447,0.0625,0|2,2,4,8,16
haggling/fruitville,Haggling: fruitville,haggling,exact-payoff (backbone-invariant),1001,psrl_notype,19,0.08578811369509043,3.6496124031007753,5,7,0.9868217054263566,1.072609819121447,0.0625,0|2,2,4,8,16
haggling/fruitville,Haggling: fruitville,haggling,exact-payoff (backbone-invariant),1001,psrl_notype,20,0.4795865633074936,4.129198966408269,1,7,0.5930232558139534,1.072609819121447,0.0625,0|2,2,4,8,16
haggling/fruitville,Haggling: fruitville,haggling,exact-payoff (backbone-invariant),1001,map_type_greedy,1,0.4795865633074936,0.4795865633074936,1,7,0.5930232558139534,1.072609819121447,0.5200471567087624,0|2,2,4,8,16
haggling/fruitville,Haggling: fruitville,haggling,exact-payoff (backbone-invariant),1001,map_type_greedy,2,0.0,0.4795865633074936,7,7,1.072609819121447,1.072609819121447,0.647552732139953,0|2,2,4,8,16
haggling/fruitville,Haggling: fruitville,haggling,exact-payoff (backbone-invariant),1001,map_type_greedy,3,0.0,0.4795865633074936,7,7,1.072609819121447,1.072609819121447,0.7454532122608069,0|2,2,4,8,16
haggling/fruitville,Haggling: fruitville,haggling,exact-payoff (backbone-invariant),1001,map_type_greedy,4,0.0,0.4795865633074936,7,7,1.072609819121447,1.072609819121447,0.8108620184225372,0|2,2,4,8,16
haggling/fruitville,Haggling: fruitville,haggling,exact-payoff (backbone-invariant),1001,map_type_greedy,5,0.0,0.4795865633074936,7,7,1.072609819121447,1.072609819121447,0.8518968323160794,0|2,2,4,8,16
haggling/fruitville,Haggling: fruitville,haggling,exact-payoff (backbone-invariant),1001,map_type_greedy,6,0.0,0.4795865633074936,7,7,1.072609819121447,1.072609819121447,0.8777128045354347,0|2,2,4,8,16
haggling/fruitville,Haggling: fruitville,haggling,exact-payoff (backbone-invariant),1001,map_type_greedy,7,0.0,0.4795865633074936,7,7,1.072609819121447,1.072609819121447,0.894737050282362,0|2,2,4,8,16
haggling/fruitville,Haggling: fruitville,haggling,exact-payoff (backbone-invariant),1001,map_type_greedy,8,0.0,0.4795865633074936,7,7,1.072609819121447,1.072609819121447,0.9067735442501881,0|2,2,4,8,16
haggling/fruitville,Haggling: fruitville,haggling,exact-payoff (backbone-invariant),1001,map_type_greedy,9,0.0,0.4795865633074936,7,7,1.072609819121447,1.072609819121447,0.9159315041177669,0|2,2,4,8,16
haggling/fruitville,Haggling: fruitville,haggling,exact-payoff (backbone-invariant),1001,map_type_greedy,10,0.0,0.4795865633074936,7,7,1.072609819121447,1.072609819121447,0.9233591252099184,0|2,2,4,8,16
haggling/fruitville,Haggling: fruitville,haggling,exact-payoff (backbone-invariant),1001,map_type_greedy,11,0.0,0.4795865633074936,7,7,1.072609819121447,1.072609819121447,0.929684011021279,0|2,2,4,8,16
haggling/fruitville,Haggling: fruitville,haggling,exact-payoff (backbone-invariant),1001,map_type_greedy,12,0.0,0.4795865633074936,7,7,1.072609819121447,1.072609819121447,0.9352547927143787,0|2,2,4,8,16
haggling/fruitville,Haggling: fruitville,haggling,exact-payoff (backbone-invariant),1001,map_type_greedy,13,0.0,0.4795865633074936,7,7,1.072609819121447,1.072609819121447,0.9402699771661484,0|2,2,4,8,16
haggling/fruitville,Haggling: fruitville,haggling,exact-payoff (backbone-invariant),1001,map_type_greedy,14,0.0,0.4795865633074936,7,7,1.072609819121447,1.072609819121447,0.9448464559386687,0|2,2,4,8,16
haggling/fruitville,Haggling: fruitville,haggling,exact-payoff (backbone-invariant),1001,map_type_greedy,15,0.0,0.4795865633074936,7,7,1.072609819121447,1.072609819121447,0.9490562104077449,0|2,2,4,8,16
haggling/fruitville,Haggling: fruitville,haggling,exact-payoff (backbone-invariant),1001,map_type_greedy,16,0.0,0.4795865633074936,7,7,1.072609819121447,1.072609819121447,0.952946197254326,0|2,2,4,8,16
haggling/fruitville,Haggling: fruitville,haggling,exact-payoff (backbone-invariant),1001,map_type_greedy,17,0.0,0.4795865633074936,7,7,1.072609819121447,1.072609819121447,0.9565492412231975,0|2,2,4,8,16
haggling/fruitville,Haggling: fruitville,haggling,exact-payoff (backbone-invariant),1001,map_type_greedy,18,0.0,0.4795865633074936,7,7,1.072609819121447,1.072609819121447,0.9598900564277753,0|2,2,4,8,16
haggling/fruitville,Haggling: fruitville,haggling,exact-payoff (backbone-invariant),1001,map_type_greedy,19,0.0,0.4795865633074936,7,7,1.072609819121447,1.072609819121447,0.9629885956205086,0|2,2,4,8,16
haggling/fruitville,Haggling: fruitville,haggling,exact-payoff (backbone-invariant),1001,map_type_greedy,20,0.0,0.4795865633074936,7,7,1.072609819121447,1.072609819121447,0.9658619186346573,0|2,2,4,8,16
haggling/fruitville,Haggling: fruitville,haggling,exact-payoff (backbone-invariant),1001,econ_bne,1,0.08578811369509043,0.08578811369509043,5,7,0.9868217054263566,1.072609819121447,0.0625,0|2,2,4,8,16
haggling/fruitville,Haggling: fruitville,haggling,exact-payoff (backbone-invariant),1001,econ_bne,2,0.08578811369509043,0.17157622739018086,5,7,0.9868217054263566,1.072609819121447,0.0625,0|2,2,4,8,16
haggling/fruitville,Haggling: fruitville,haggling,exact-payoff (backbone-invariant),1001,econ_bne,3,0.08578811369509043,0.2573643410852713,5,7,0.9868217054263566,1.072609819121447,0.0625,0|2,2,4,8,16
haggling/fruitville,Haggling: fruitville,haggling,exact-payoff (backbone-invariant),1001,econ_bne,4,0.08578811369509043,0.3431524547803617,5,7,0.9868217054263566,1.072609819121447,0.0625,0|2,2,4,8,16
haggling/fruitville,Haggling: fruitville,haggling,exact-payoff (backbone-invariant),1001,econ_bne,5,0.08578811369509043,0.42894056847545214,5,7,0.9868217054263566,1.072609819121447,0.0625,0|2,2,4,8,16
haggling/fruitville,Haggling: fruitville,haggling,exact-payoff (backbone-invariant),1001,econ_bne,6,0.08578811369509043,0.5147286821705426,5,7,0.9868217054263566,1.072609819121447,0.0625,0|2,2,4,8,16
haggling/fruitville,Haggling: fruitville,haggling,exact-payoff (backbone-invariant),1001,econ_bne,7,0.08578811369509043,0.600516795865633,5,7,0.9868217054263566,1.072609819121447,0.0625,0|2,2,4,8,16
haggling/fruitville,Haggling: fruitville,haggling,exact-payoff (backbone-invariant),1001,econ_bne,8,0.08578811369509043,0.6863049095607234,5,7,0.9868217054263566,1.072609819121447,0.0625,0|2,2,4,8,16
haggling/fruitville,Haggling: fruitville,haggling,exact-payoff (backbone-invariant),1001,econ_bne,9,0.08578811369509043,0.7720930232558139,5,7,0.9868217054263566,1.072609819121447,0.0625,0|2,2,4,8,16
haggling/fruitville,Haggling: fruitville,haggling,exact-payoff (backbone-invariant),1001,econ_bne,10,0.08578811369509043,0.8578811369509043,5,7,0.9868217054263566,1.072609819121447,0.0625,0|2,2,4,8,16
haggling/fruitville,Haggling: fruitville,haggling,exact-payoff (backbone-invariant),1001,econ_bne,11,0.08578811369509043,0.9436692506459947,5,7,0.9868217054263566,1.072609819121447,0.0625,0|2,2,4,8,16
haggling/fruitville,Haggling: fruitville,haggling,exact-payoff (backbone-invariant),1001,econ_bne,12,0.08578811369509043,1.0294573643410851,5,7,0.9868217054263566,1.072609819121447,0.0625,0|2,2,4,8,16
haggling/fruitville,Haggling: fruitville,haggling,exact-payoff (backbone-invariant),1001,econ_bne,13,0.08578811369509043,1.1152454780361756,5,7,0.9868217054263566,1.072609819121447,0.0625,0|2,2,4,8,16
haggling/fruitville,Haggling: fruitville,haggling,exact-payoff (backbone-invariant),1001,econ_bne,14,0.08578811369509043,1.201033591731266,5,7,0.9868217054263566,1.072609819121447,0.0625,0|2,2,4,8,16
haggling/fruitville,Haggling: fruitville,haggling,exact-payoff (backbone-invariant),1001,econ_bne,15,0.08578811369509043,1.2868217054263564,5,7,0.9868217054263566,1.072609819121447,0.0625,0|2,2,4,8,16
haggling/fruitville,Haggling: fruitville,haggling,exact-payoff (backbone-invariant),1001,econ_bne,16,0.08578811369509043,1.3726098191214469,5,7,0.9868217054263566,1.072609819121447,0.0625,0|2,2,4,8,16
haggling/fruitville,Haggling: fruitville,haggling,exact-payoff (backbone-invariant),1001,econ_bne,17,0.08578811369509043,1.4583979328165373,5,7,0.9868217054263566,1.072609819121447,0.0625,0|2,2,4,8,16
haggling/fruitville,Haggling: fruitville,haggling,exact-payoff (backbone-invariant),1001,econ_bne,18,0.08578811369509043,1.5441860465116277,5,7,0.9868217054263566,1.072609819121447,0.0625,0|2,2,4,8,16
haggling/fruitville,Haggling: fruitville,haggling,exact-payoff (backbone-invariant),1001,econ_bne,19,0.08578811369509043,1.6299741602067181,5,7,0.9868217054263566,1.072609819121447,0.0625,0|2,2,4,8,16
haggling/fruitville,Haggling: fruitville,haggling,exact-payoff (backbone-invariant),1001,econ_bne,20,0.08578811369509043,1.7157622739018086,5,7,0.9868217054263566,1.072609819121447,0.0625,0|2,2,4,8,16
haggling/fruitville,Haggling: fruitville,haggling,exact-payoff (backbone-invariant),1001,atom_tom1,1,0.282687338501292,0.282687338501292,3,7,0.789922480620155,1.072609819121447,0.0625,0|2,2,4,8,16
haggling/fruitville,Haggling: fruitville,haggling,exact-payoff (backbone-invariant),1001,atom_tom1,2,0.282687338501292,0.565374677002584,3,7,0.789922480620155,1.072609819121447,0.0625,0|2,2,4,8,16
haggling/fruitville,Haggling: fruitville,haggling,exact-payoff (backbone-invariant),1001,atom_tom1,3,0.282687338501292,0.848062015503876,3,7,0.789922480620155,1.072609819121447,0.0625,0|2,2,4,8,16
haggling/fruitville,Haggling: fruitville,haggling,exact-payoff (backbone-invariant),1001,atom_tom1,4,0.282687338501292,1.130749354005168,3,7,0.789922480620155,1.072609819121447,0.0625,0|2,2,4,8,16
haggling/fruitville,Haggling: fruitville,haggling,exact-payoff (backbone-invariant),1001,atom_tom1,5,0.282687338501292,1.41343669250646,3,7,0.789922480620155,1.072609819121447,0.0625,0|2,2,4,8,16
haggling/fruitville,Haggling: fruitville,haggling,exact-payoff (backbone-invariant),1001,atom_tom1,6,0.282687338501292,1.696124031007752,3,7,0.789922480620155,1.072609819121447,0.0625,0|2,2,4,8,16
haggling/fruitville,Haggling: fruitville,haggling,exact-payoff (backbone-invariant),1001,atom_tom1,7,0.282687338501292,1.9788113695090441,3,7,0.789922480620155,1.072609819121447,0.0625,0|2,2,4,8,16
haggling/fruitville,Haggling: fruitville,haggling,exact-payoff (backbone-invariant),1001,atom_tom1,8,0.282687338501292,2.261498708010336,3,7,0.789922480620155,1.072609819121447,0.0625,0|2,2,4,8,16
haggling/fruitville,Haggling: fruitville,haggling,exact-payoff (backbone-invariant),1001,atom_tom1,9,0.282687338501292,2.544186046511628,3,7,0.789922480620155,1.072609819121447,0.0625,0|2,2,4,8,16
haggling/fruitville,Haggling: fruitville,haggling,exact-payoff (backbone-invariant),1001,atom_tom1,10,0.282687338501292,2.82687338501292,3,7,0.789922480620155,1.072609819121447,0.0625,0|2,2,4,8,16
haggling/fruitville,Haggling: fruitville,haggling,exact-payoff (backbone-invariant),1001,atom_tom1,11,0.282687338501292,3.109560723514212,3,7,0.789922480620155,1.072609819121447,0.0625,0|2,2,4,8,16
haggling/fruitville,Haggling: fruitville,haggling,exact-payoff (backbone-invariant),1001,atom_tom1,12,0.282687338501292,3.392248062015504,3,7,0.789922480620155,1.072609819121447,0.0625,0|2,2,4,8,16
haggling/fruitville,Haggling: fruitville,haggling,exact-payoff (backbone-invariant),1001,atom_tom1,13,0.282687338501292,3.6749354005167962,3,7,0.789922480620155,1.072609819121447,0.0625,0|2,2,4,8,16
haggling/fruitville,Haggling: fruitville,haggling,exact-payoff (backbone-invariant),1001,atom_tom1,14,0.282687338501292,3.9576227390180883,3,7,0.789922480620155,1.072609819121447,0.0625,0|2,2,4,8,16
haggling/fruitville,Haggling: fruitville,haggling,exact-payoff (backbone-invariant),1001,atom_tom1,15,0.282687338501292,4.24031007751938,3,7,0.789922480620155,1.072609819121447,0.0625,0|2,2,4,8,16
haggling/fruitville,Haggling: fruitville,haggling,exact-payoff (backbone-invariant),1001,atom_tom1,16,0.282687338501292,4.522997416020672,3,7,0.789922480620155,1.072609819121447,0.0625,0|2,2,4,8,16
haggling/fruitville,Haggling: fruitville,haggling,exact-payoff (backbone-invariant),1001,atom_tom1,17,0.282687338501292,4.805684754521964,3,7,0.789922480620155,1.072609819121447,0.0625,0|2,2,4,8,16
haggling/fruitville,Haggling: fruitville,haggling,exact-payoff (backbone-invariant),1001,atom_tom1,18,0.282687338501292,5.088372093023256,3,7,0.789922480620155,1.072609819121447,0.0625,0|2,2,4,8,16
haggling/fruitville,Haggling: fruitville,haggling,exact-payoff (backbone-invariant),1001,atom_tom1,19,0.282687338501292,5.371059431524548,3,7,0.789922480620155,1.072609819121447,0.0625,0|2,2,4,8,16
haggling/fruitville,Haggling: fruitville,haggling,exact-payoff (backbone-invariant),1001,atom_tom1,20,0.282687338501292,5.65374677002584,3,7,0.789922480620155,1.072609819121447,0.0625,0|2,2,4,8,16
haggling/fruitville,Haggling: fruitville,haggling,exact-payoff (backbone-invariant),1001,random,1,0.08578811369509043,0.08578811369509043,5,7,0.9868217054263566,1.072609819121447,0.0625,0|2,2,4,8,16
haggling/fruitville,Haggling: fruitville,haggling,exact-payoff (backbone-invariant),1001,random,2,0.282687338501292,0.36847545219638245,3,7,0.789922480620155,1.072609819121447,0.0625,0|2,2,4,8,16
haggling/fruitville,Haggling: fruitville,haggling,exact-payoff (backbone-invariant),1001,random,3,0.282687338501292,0.6511627906976745,3,7,0.789922480620155,1.072609819121447,0.0625,0|2,2,4,8,16
haggling/fruitville,Haggling: fruitville,haggling,exact-payoff (backbone-invariant),1001,random,4,0.08578811369509043,0.7369509043927649,5,7,0.9868217054263566,1.072609819121447,0.0625,0|2,2,4,8,16
haggling/fruitville,Haggling: fruitville,haggling,exact-payoff (backbone-invariant),1001,random,5,0.282687338501292,1.019638242894057,3,7,0.789922480620155,1.072609819121447,0.0625,0|2,2,4,8,16
haggling/fruitville,Haggling: fruitville,haggling,exact-payoff (backbone-invariant),1001,random,6,0.282687338501292,1.302325581395349,3,7,0.789922480620155,1.072609819121447,0.0625,0|2,2,4,8,16
haggling/fruitville,Haggling: fruitville,haggling,exact-payoff (backbone-invariant),1001,random,7,0.6695090439276485,1.9718346253229975,2,7,0.40310077519379844,1.072609819121447,0.0625,0|2,2,4,8,16
haggling/fruitville,Haggling: fruitville,haggling,exact-payoff (backbone-invariant),1001,random,8,0.4795865633074936,2.451421188630491,1,7,0.5930232558139534,1.072609819121447,0.0625,0|2,2,4,8,16
haggling/fruitville,Haggling: fruitville,haggling,exact-payoff (backbone-invariant),1001,random,9,0.08578811369509043,2.5372093023255813,5,7,0.9868217054263566,1.072609819121447,0.0625,0|2,2,4,8,16
haggling/fruitville,Haggling: fruitville,haggling,exact-payoff (backbone-invariant),1001,random,10,0.6695090439276485,3.20671834625323,6,7,0.40310077519379844,1.072609819121447,0.0625,0|2,2,4,8,16
haggling/fruitville,Haggling: fruitville,haggling,exact-payoff (backbone-invariant),1001,random,11,0.6695090439276485,3.876227390180879,2,7,0.40310077519379844,1.072609819121447,0.0625,0|2,2,4,8,16
haggling/fruitville,Haggling: fruitville,haggling,exact-payoff (backbone-invariant),1001,random,12,0.6695090439276485,4.545736434108528,4,7,0.40310077519379844,1.072609819121447,0.0625,0|2,2,4,8,16
haggling/fruitville,Haggling: fruitville,haggling,exact-payoff (backbone-invariant),1001,random,13,0.282687338501292,4.82842377260982,3,7,0.789922480620155,1.072609819121447,0.0625,0|2,2,4,8,16
haggling/fruitville,Haggling: fruitville,haggling,exact-payoff (backbone-invariant),1001,random,14,0.0,4.82842377260982,7,7,1.072609819121447,1.072609819121447,0.0625,0|2,2,4,8,16
haggling/fruitville,Haggling: fruitville,haggling,exact-payoff (backbone-invariant),1001,random,15,0.282687338501292,5.111111111111112,3,7,0.789922480620155,1.072609819121447,0.0625,0|2,2,4,8,16
haggling/fruitville,Haggling: fruitville,haggling,exact-payoff (backbone-invariant),1001,random,16,0.08578811369509043,5.196899224806202,5,7,0.9868217054263566,1.072609819121447,0.0625,0|2,2,4,8,16
haggling/fruitville,Haggling: fruitville,haggling,exact-payoff (backbone-invariant),1001,random,17,0.6695090439276485,5.866408268733851,4,7,0.40310077519379844,1.072609819121447,0.0625,0|2,2,4,8,16
haggling/fruitville,Haggling: fruitville,haggling,exact-payoff (backbone-invariant),1001,random,18,0.6695090439276485,6.5359173126615,0,7,0.40310077519379844,1.072609819121447,0.0625,0|2,2,4,8,16
haggling/fruitville,Haggling: fruitville,haggling,exact-payoff (backbone-invariant),1001,random,19,0.08578811369509043,6.62170542635659,5,7,0.9868217054263566,1.072609819121447,0.0625,0|2,2,4,8,16
haggling/fruitville,Haggling: fruitville,haggling,exact-payoff (backbone-invariant),1001,random,20,0.6695090439276485,7.291214470284239,4,7,0.40310077519379844,1.072609819121447,0.0625,0|2,2,4,8,16
haggling/vegbrooke,Haggling: vegbrooke,haggling,exact-payoff (backbone-invariant),1001,pact,1,0.0,0.0,7,7,1.0683229813664596,1.0683229813664596,0.25,0|2,2,4,8,16
haggling/vegbrooke,Haggling: vegbrooke,haggling,exact-payoff (backbone-invariant),1001,pact,2,0.5683229813664596,0.5683229813664596,1,7,0.5,1.0683229813664596,0.5936927745035796,0|2,2,4,8,16
haggling/vegbrooke,Haggling: vegbrooke,haggling,exact-payoff (backbone-invariant),1001,pact,3,0.0,0.5683229813664596,7,7,1.0683229813664596,1.0683229813664596,0.5936927745035796,0|2,2,4,8,16
haggling/vegbrooke,Haggling: vegbrooke,haggling,exact-payoff (backbone-invariant),1001,pact,4,0.0,0.5683229813664596,7,7,1.0683229813664596,1.0683229813664596,0.5936927745035796,0|2,2,4,8,16
haggling/vegbrooke,Haggling: vegbrooke,haggling,exact-payoff (backbone-invariant),1001,pact,5,0.0,0.5683229813664596,7,7,1.0683229813664596,1.0683229813664596,0.5936927745035796,0|2,2,4,8,16
haggling/vegbrooke,Haggling: vegbrooke,haggling,exact-payoff (backbone-invariant),1001,pact,6,0.0,0.5683229813664596,7,7,1.0683229813664596,1.0683229813664596,0.5936927745035796,0|2,2,4,8,16
haggling/vegbrooke,Haggling: vegbrooke,haggling,exact-payoff (backbone-invariant),1001,pact,7,0.0,0.5683229813664596,7,7,1.0683229813664596,1.0683229813664596,0.5936927745035796,0|2,2,4,8,16
haggling/vegbrooke,Haggling: vegbrooke,haggling,exact-payoff (backbone-invariant),1001,pact,8,0.0,0.5683229813664596,7,7,1.0683229813664596,1.0683229813664596,0.5936927745035796,0|2,2,4,8,16
haggling/vegbrooke,Haggling: vegbrooke,haggling,exact-payoff (backbone-invariant),1001,pact,9,0.0,0.5683229813664596,7,7,1.0683229813664596,1.0683229813664596,0.5936927745035796,0|2,2,4,8,16
haggling/vegbrooke,Haggling: vegbrooke,haggling,exact-payoff (backbone-invariant),1001,pact,10,0.0,0.5683229813664596,7,7,1.0683229813664596,1.0683229813664596,0.5936927745035796,0|2,2,4,8,16
haggling/vegbrooke,Haggling: vegbrooke,haggling,exact-payoff (backbone-invariant),1001,pact,11,0.0,0.5683229813664596,7,7,1.0683229813664596,1.0683229813664596,0.5936927745035796,0|2,2,4,8,16
haggling/vegbrooke,Haggling: vegbrooke,haggling,exact-payoff (backbone-invariant),1001,pact,12,0.0,0.5683229813664596,7,7,1.0683229813664596,1.0683229813664596,0.5936927745035796,0|2,2,4,8,16
haggling/vegbrooke,Haggling: vegbrooke,haggling,exact-payoff (backbone-invariant),1001,pact,13,0.0,0.5683229813664596,7,7,1.0683229813664596,1.0683229813664596,0.5936927745035796,0|2,2,4,8,16
haggling/vegbrooke,Haggling: vegbrooke,haggling,exact-payoff (backbone-invariant),1001,pact,14,0.0,0.5683229813664596,7,7,1.0683229813664596,1.0683229813664596,0.5936927745035796,0|2,2,4,8,16
haggling/vegbrooke,Haggling: vegbrooke,haggling,exact-payoff (backbone-invariant),1001,pact,15,0.0,0.5683229813664596,7,7,1.0683229813664596,1.0683229813664596,0.5936927745035796,0|2,2,4,8,16
haggling/vegbrooke,Haggling: vegbrooke,haggling,exact-payoff (backbone-invariant),1001,pact,16,0.0,0.5683229813664596,7,7,1.0683229813664596,1.0683229813664596,0.5936927745035796,0|2,2,4,8,16
haggling/vegbrooke,Haggling: vegbrooke,haggling,exact-payoff (backbone-invariant),1001,pact,17,0.0,0.5683229813664596,7,7,1.0683229813664596,1.0683229813664596,0.5936927745035796,0|2,2,4,8,16
haggling/vegbrooke,Haggling: vegbrooke,haggling,exact-payoff (backbone-invariant),1001,pact,18,0.0,0.5683229813664596,7,7,1.0683229813664596,1.0683229813664596,0.5936927745035796,0|2,2,4,8,16
haggling/vegbrooke,Haggling: vegbrooke,haggling,exact-payoff (backbone-invariant),1001,pact,19,0.0,0.5683229813664596,7,7,1.0683229813664596,1.0683229813664596,0.5936927745035796,0|2,2,4,8,16
haggling/vegbrooke,Haggling: vegbrooke,haggling,exact-payoff (backbone-invariant),1001,pact,20,0.0,0.5683229813664596,7,7,1.0683229813664596,1.0683229813664596,0.5936927745035796,0|2,2,4,8,16
haggling/vegbrooke,Haggling: vegbrooke,haggling,exact-payoff (backbone-invariant),1001,pact_plus,1,0.02795031055900621,0.02795031055900621,9,7,1.0403726708074534,1.0683229813664596,0.5782598179057721,0|2,2,4,8,16
haggling/vegbrooke,Haggling: vegbrooke,haggling,exact-payoff (backbone-invariant),1001,pact_plus,2,0.5683229813664596,0.5962732919254659,1,7,0.5,1.0683229813664596,0.8915562969769286,0|2,2,4,8,16
haggling/vegbrooke,Haggling: vegbrooke,haggling,exact-payoff (backbone-invariant),1001,pact_plus,3,0.0,0.5962732919254659,7,7,1.0683229813664596,1.0683229813664596,0.8915562969769286,0|2,2,4,8,16
haggling/vegbrooke,Haggling: vegbrooke,haggling,exact-payoff (backbone-invariant),1001,pact_plus,4,0.0,0.5962732919254659,7,7,1.0683229813664596,1.0683229813664596,0.8915562969769286,0|2,2,4,8,16
haggling/vegbrooke,Haggling: vegbrooke,haggling,exact-payoff (backbone-invariant),1001,pact_plus,5,0.0,0.5962732919254659,7,7,1.0683229813664596,1.0683229813664596,0.8915562969769286,0|2,2,4,8,16
haggling/vegbrooke,Haggling: vegbrooke,haggling,exact-payoff (backbone-invariant),1001,pact_plus,6,0.0,0.5962732919254659,7,7,1.0683229813664596,1.0683229813664596,0.8915562969769286,0|2,2,4,8,16
haggling/vegbrooke,Haggling: vegbrooke,haggling,exact-payoff (backbone-invariant),1001,pact_plus,7,0.0,0.5962732919254659,7,7,1.0683229813664596,1.0683229813664596,0.8915562969769286,0|2,2,4,8,16
haggling/vegbrooke,Haggling: vegbrooke,haggling,exact-payoff (backbone-invariant),1001,pact_plus,8,0.0,0.5962732919254659,7,7,1.0683229813664596,1.0683229813664596,0.8915562969769286,0|2,2,4,8,16
haggling/vegbrooke,Haggling: vegbrooke,haggling,exact-payoff (backbone-invariant),1001,pact_plus,9,0.0,0.5962732919254659,7,7,1.0683229813664596,1.0683229813664596,0.8915562969769286,0|2,2,4,8,16
haggling/vegbrooke,Haggling: vegbrooke,haggling,exact-payoff (backbone-invariant),1001,pact_plus,10,0.0,0.5962732919254659,7,7,1.0683229813664596,1.0683229813664596,0.8915562969769286,0|2,2,4,8,16
haggling/vegbrooke,Haggling: vegbrooke,haggling,exact-payoff (backbone-invariant),1001,pact_plus,11,0.0,0.5962732919254659,7,7,1.0683229813664596,1.0683229813664596,0.8915562969769286,0|2,2,4,8,16
haggling/vegbrooke,Haggling: vegbrooke,haggling,exact-payoff (backbone-invariant),1001,pact_plus,12,0.0,0.5962732919254659,7,7,1.0683229813664596,1.0683229813664596,0.8915562969769286,0|2,2,4,8,16
haggling/vegbrooke,Haggling: vegbrooke,haggling,exact-payoff (backbone-invariant),1001,pact_plus,13,0.0,0.5962732919254659,7,7,1.0683229813664596,1.0683229813664596,0.8915562969769286,0|2,2,4,8,16
haggling/vegbrooke,Haggling: vegbrooke,haggling,exact-payoff (backbone-invariant),1001,pact_plus,14,0.0,0.5962732919254659,7,7,1.0683229813664596,1.0683229813664596,0.8915562969769286,0|2,2,4,8,16
haggling/vegbrooke,Haggling: vegbrooke,haggling,exact-payoff (backbone-invariant),1001,pact_plus,15,0.0,0.5962732919254659,7,7,1.0683229813664596,1.0683229813664596,0.8915562969769286,0|2,2,4,8,16
haggling/vegbrooke,Haggling: vegbrooke,haggling,exact-payoff (backbone-invariant),1001,pact_plus,16,0.0,0.5962732919254659,7,7,1.0683229813664596,1.0683229813664596,0.8915562969769286,0|2,2,4,8,16
haggling/vegbrooke,Haggling: vegbrooke,haggling,exact-payoff (backbone-invariant),1001,pact_plus,17,0.0,0.5962732919254659,7,7,1.0683229813664596,1.0683229813664596,0.8915562969769286,0|2,2,4,8,16
haggling/vegbrooke,Haggling: vegbrooke,haggling,exact-payoff (backbone-invariant),1001,pact_plus,18,0.02795031055900621,0.6242236024844721,9,7,1.0403726708074534,1.0683229813664596,0.9375871946800107,0|2,2,4,8,16
haggling/vegbrooke,Haggling: vegbrooke,haggling,exact-payoff (backbone-invariant),1001,pact_plus,19,0.0,0.6242236024844721,7,7,1.0683229813664596,1.0683229813664596,0.9375871946800107,0|2,2,4,8,16
haggling/vegbrooke,Haggling: vegbrooke,haggling,exact-payoff (backbone-invariant),1001,pact_plus,20,0.0,0.6242236024844721,7,7,1.0683229813664596,1.0683229813664596,0.9375871946800107,0|2,2,4,8,16
haggling/vegbrooke,Haggling: vegbrooke,haggling,exact-payoff (backbone-invariant),1001,joint_psrl_uniform,1,0.0,0.0,7,7,1.0683229813664596,1.0683229813664596,0.0625,0|2,2,4,8,16
haggling/vegbrooke,Haggling: vegbrooke,haggling,exact-payoff (backbone-invariant),1001,joint_psrl_uniform,2,0.5683229813664596,0.5683229813664596,1,7,0.5,1.0683229813664596,0.34885205943462044,0|2,2,4,8,16
haggling/vegbrooke,Haggling: vegbrooke,haggling,exact-payoff (backbone-invariant),1001,joint_psrl_uniform,3,0.0,0.5683229813664596,7,7,1.0683229813664596,1.0683229813664596,0.34885205943462044,0|2,2,4,8,16
haggling/vegbrooke,Haggling: vegbrooke,haggling,exact-payoff (backbone-invariant),1001,joint_psrl_uniform,4,0.0,0.5683229813664596,7,7,1.0683229813664596,1.0683229813664596,0.34885205943462044,0|2,2,4,8,16
haggling/vegbrooke,Haggling: vegbrooke,haggling,exact-payoff (backbone-invariant),1001,joint_psrl_uniform,5,0.0,0.5683229813664596,7,7,1.0683229813664596,1.0683229813664596,0.34885205943462044,0|2,2,4,8,16
haggling/vegbrooke,Haggling: vegbrooke,haggling,exact-payoff (backbone-invariant),1001,joint_psrl_uniform,6,0.0,0.5683229813664596,7,7,1.0683229813664596,1.0683229813664596,0.34885205943462044,0|2,2,4,8,16
haggling/vegbrooke,Haggling: vegbrooke,haggling,exact-payoff (backbone-invariant),1001,joint_psrl_uniform,7,0.0,0.5683229813664596,7,7,1.0683229813664596,1.0683229813664596,0.34885205943462044,0|2,2,4,8,16
haggling/vegbrooke,Haggling: vegbrooke,haggling,exact-payoff (backbone-invariant),1001,joint_psrl_uniform,8,0.02795031055900621,0.5962732919254659,9,7,1.0403726708074534,1.0683229813664596,0.7901989758341261,0|2,2,4,8,16
haggling/vegbrooke,Haggling: vegbrooke,haggling,exact-payoff (backbone-invariant),1001,joint_psrl_uniform,9,0.0,0.5962732919254659,7,7,1.0683229813664596,1.0683229813664596,0.7901989758341263,0|2,2,4,8,16
haggling/vegbrooke,Haggling: vegbrooke,haggling,exact-payoff (backbone-invariant),1001,joint_psrl_uniform,10,0.0,0.5962732919254659,7,7,1.0683229813664596,1.0683229813664596,0.7901989758341263,0|2,2,4,8,16
haggling/vegbrooke,Haggling: vegbrooke,haggling,exact-payoff (backbone-invariant),1001,joint_psrl_uniform,11,0.0,0.5962732919254659,7,7,1.0683229813664596,1.0683229813664596,0.7901989758341263,0|2,2,4,8,16
haggling/vegbrooke,Haggling: vegbrooke,haggling,exact-payoff (backbone-invariant),1001,joint_psrl_uniform,12,0.0,0.5962732919254659,7,7,1.0683229813664596,1.0683229813664596,0.7901989758341263,0|2,2,4,8,16
haggling/vegbrooke,Haggling: vegbrooke,haggling,exact-payoff (backbone-invariant),1001,joint_psrl_uniform,13,0.0,0.5962732919254659,7,7,1.0683229813664596,1.0683229813664596,0.7901989758341263,0|2,2,4,8,16
haggling/vegbrooke,Haggling: vegbrooke,haggling,exact-payoff (backbone-invariant),1001,joint_psrl_uniform,14,0.0,0.5962732919254659,7,7,1.0683229813664596,1.0683229813664596,0.7901989758341263,0|2,2,4,8,16
haggling/vegbrooke,Haggling: vegbrooke,haggling,exact-payoff (backbone-invariant),1001,joint_psrl_uniform,15,0.0,0.5962732919254659,7,7,1.0683229813664596,1.0683229813664596,0.7901989758341263,0|2,2,4,8,16
haggling/vegbrooke,Haggling: vegbrooke,haggling,exact-payoff (backbone-invariant),1001,joint_psrl_uniform,16,0.0,0.5962732919254659,7,7,1.0683229813664596,1.0683229813664596,0.7901989758341263,0|2,2,4,8,16
haggling/vegbrooke,Haggling: vegbrooke,haggling,exact-payoff (backbone-invariant),1001,joint_psrl_uniform,17,0.0,0.5962732919254659,7,7,1.0683229813664596,1.0683229813664596,0.7901989758341263,0|2,2,4,8,16
haggling/vegbrooke,Haggling: vegbrooke,haggling,exact-payoff (backbone-invariant),1001,joint_psrl_uniform,18,0.0,0.5962732919254659,7,7,1.0683229813664596,1.0683229813664596,0.7901989758341263,0|2,2,4,8,16
haggling/vegbrooke,Haggling: vegbrooke,haggling,exact-payoff (backbone-invariant),1001,joint_psrl_uniform,19,0.0,0.5962732919254659,7,7,1.0683229813664596,1.0683229813664596,0.7901989758341263,0|2,2,4,8,16
haggling/vegbrooke,Haggling: vegbrooke,haggling,exact-payoff (backbone-invariant),1001,joint_psrl_uniform,20,0.02795031055900621,0.6242236024844721,9,7,1.0403726708074534,1.0683229813664596,0.8755576823509932,0|2,2,4,8,16
haggling/vegbrooke,Haggling: vegbrooke,haggling,exact-payoff (backbone-invariant),1001,psrl_notype,1,0.0,0.0,7,7,1.0683229813664596,1.0683229813664596,0.0625,0|2,2,4,8,16
haggling/vegbrooke,Haggling: vegbrooke,haggling,exact-payoff (backbone-invariant),1001,psrl_notype,2,0.0,0.0,7,7,1.0683229813664596,1.0683229813664596,0.0625,0|2,2,4,8,16
haggling/vegbrooke,Haggling: vegbrooke,haggling,exact-payoff (backbone-invariant),1001,psrl_notype,3,0.0,0.0,7,7,1.0683229813664596,1.0683229813664596,0.0625,0|2,2,4,8,16
haggling/vegbrooke,Haggling: vegbrooke,haggling,exact-payoff (backbone-invariant),1001,psrl_notype,4,0.0,0.0,7,7,1.0683229813664596,1.0683229813664596,0.0625,0|2,2,4,8,16
haggling/vegbrooke,Haggling: vegbrooke,haggling,exact-payoff (backbone-invariant),1001,psrl_notype,5,0.5683229813664596,0.5683229813664596,1,7,0.5,1.0683229813664596,0.0625,0|2,2,4,8,16
haggling/vegbrooke,Haggling: vegbrooke,haggling,exact-payoff (backbone-invariant),1001,psrl_notype,6,0.0,0.5683229813664596,7,7,1.0683229813664596,1.0683229813664596,0.0625,0|2,2,4,8,16
haggling/vegbrooke,Haggling: vegbrooke,haggling,exact-payoff (backbone-invariant),1001,psrl_notype,7,0.0,0.5683229813664596,7,7,1.0683229813664596,1.0683229813664596,0.0625,0|2,2,4,8,16
haggling/vegbrooke,Haggling: vegbrooke,haggling,exact-payoff (backbone-invariant),1001,psrl_notype,8,0.5683229813664596,1.1366459627329193,1,7,0.5,1.0683229813664596,0.0625,0|2,2,4,8,16
haggling/vegbrooke,Haggling: vegbrooke,haggling,exact-payoff (backbone-invariant),1001,psrl_notype,9,0.5683229813664596,1.704968944099379,1,7,0.5,1.0683229813664596,0.0625,0|2,2,4,8,16
haggling/vegbrooke,Haggling: vegbrooke,haggling,exact-payoff (backbone-invariant),1001,psrl_notype,10,0.0,1.704968944099379,7,7,1.0683229813664596,1.0683229813664596,0.0625,0|2,2,4,8,16
haggling/vegbrooke,Haggling: vegbrooke,haggling,exact-payoff (backbone-invariant),1001,psrl_notype,11,0.0,1.704968944099379,7,7,1.0683229813664596,1.0683229813664596,0.0625,0|2,2,4,8,16
haggling/vegbrooke,Haggling: vegbrooke,haggling,exact-payoff (backbone-invariant),1001,psrl_notype,12,0.0,1.704968944099379,7,7,1.0683229813664596,1.0683229813664596,0.0625,0|2,2,4,8,16
haggling/vegbrooke,Haggling: vegbrooke,haggling,exact-payoff (backbone-invariant),1001,psrl_notype,13,0.5683229813664596,2.2732919254658386,1,7,0.5,1.0683229813664596,0.0625,0|2,2,4,8,16
haggling/vegbrooke,Haggling: vegbrooke,haggling,exact-payoff (backbone-invariant),1001,psrl_notype,14,0.0,2.2732919254658386,7,7,1.0683229813664596,1.0683229813664596,0.0625,0|2,2,4,8,16
haggling/vegbrooke,Haggling: vegbrooke,haggling,exact-payoff (backbone-invariant),1001,psrl_notype,15,0.0,2.2732919254658386,7,7,1.0683229813664596,1.0683229813664596,0.0625,0|2,2,4,8,16
haggling/vegbrooke,Haggling: vegbrooke,haggling,exact-payoff (backbone-invariant),1001,psrl_notype,16,0.0,2.2732919254658386,7,7,1.0683229813664596,1.0683229813664596,0.0625,0|2,2,4,8,16
haggling/vegbrooke,Haggling: vegbrooke,haggling,exact-payoff (backbone-invariant),1001,psrl_notype,17,0.5683229813664596,2.841614906832298,1,7,0.5,1.0683229813664596,0.0625,0|2,2,4,8,16
haggling/vegbrooke,Haggling: vegbrooke,haggling,exact-payoff (backbone-invariant),1001,psrl_notype,18,0.5683229813664596,3.4099378881987574,1,7,0.5,1.0683229813664596,0.0625,0|2,2,4,8,16
haggling/vegbrooke,Haggling: vegbrooke,haggling,exact-payoff (backbone-invariant),1001,psrl_notype,19,0.0,3.4099378881987574,7,7,1.0683229813664596,1.0683229813664596,0.0625,0|2,2,4,8,16
haggling/vegbrooke,Haggling: vegbrooke,haggling,exact-payoff (backbone-invariant),1001,psrl_notype,20,0.5683229813664596,3.978260869565217,1,7,0.5,1.0683229813664596,0.0625,0|2,2,4,8,16
haggling/vegbrooke,Haggling: vegbrooke,haggling,exact-payoff (backbone-invariant),1001,map_type_greedy,1,0.5683229813664596,0.5683229813664596,1,7,0.5,1.0683229813664596,0.5936927745035796,0|2,2,4,8,16
haggling/vegbrooke,Haggling: vegbrooke,haggling,exact-payoff (backbone-invariant),1001,map_type_greedy,2,0.0,0.5683229813664596,7,7,1.0683229813664596,1.0683229813664596,0.5936927745035796,0|2,2,4,8,16
haggling/vegbrooke,Haggling: vegbrooke,haggling,exact-payoff (backbone-invariant),1001,map_type_greedy,3,0.0,0.5683229813664596,7,7,1.0683229813664596,1.0683229813664596,0.5936927745035796,0|2,2,4,8,16
haggling/vegbrooke,Haggling: vegbrooke,haggling,exact-payoff (backbone-invariant),1001,map_type_greedy,4,0.0,0.5683229813664596,7,7,1.0683229813664596,1.0683229813664596,0.5936927745035796,0|2,2,4,8,16
haggling/vegbrooke,Haggling: vegbrooke,haggling,exact-payoff (backbone-invariant),1001,map_type_greedy,5,0.0,0.5683229813664596,7,7,1.0683229813664596,1.0683229813664596,0.5936927745035796,0|2,2,4,8,16
haggling/vegbrooke,Haggling: vegbrooke,haggling,exact-payoff (backbone-invariant),1001,map_type_greedy,6,0.0,0.5683229813664596,7,7,1.0683229813664596,1.0683229813664596,0.5936927745035796,0|2,2,4,8,16
haggling/vegbrooke,Haggling: vegbrooke,haggling,exact-payoff (backbone-invariant),1001,map_type_greedy,7,0.0,0.5683229813664596,7,7,1.0683229813664596,1.0683229813664596,0.5936927745035796,0|2,2,4,8,16
haggling/vegbrooke,Haggling: vegbrooke,haggling,exact-payoff (backbone-invariant),1001,map_type_greedy,8,0.0,0.5683229813664596,7,7,1.0683229813664596,1.0683229813664596,0.5936927745035796,0|2,2,4,8,16
haggling/vegbrooke,Haggling: vegbrooke,haggling,exact-payoff (backbone-invariant),1001,map_type_greedy,9,0.0,0.5683229813664596,7,7,1.0683229813664596,1.0683229813664596,0.5936927745035796,0|2,2,4,8,16
haggling/vegbrooke,Haggling: vegbrooke,haggling,exact-payoff (backbone-invariant),1001,map_type_greedy,10,0.0,0.5683229813664596,7,7,1.0683229813664596,1.0683229813664596,0.5936927745035796,0|2,2,4,8,16
haggling/vegbrooke,Haggling: vegbrooke,haggling,exact-payoff (backbone-invariant),1001,map_type_greedy,11,0.0,0.5683229813664596,7,7,1.0683229813664596,1.0683229813664596,0.5936927745035796,0|2,2,4,8,16
haggling/vegbrooke,Haggling: vegbrooke,haggling,exact-payoff (backbone-invariant),1001,map_type_greedy,12,0.0,0.5683229813664596,7,7,1.0683229813664596,1.0683229813664596,0.5936927745035796,0|2,2,4,8,16
haggling/vegbrooke,Haggling: vegbrooke,haggling,exact-payoff (backbone-invariant),1001,map_type_greedy,13,0.0,0.5683229813664596,7,7,1.0683229813664596,1.0683229813664596,0.5936927745035796,0|2,2,4,8,16
haggling/vegbrooke,Haggling: vegbrooke,haggling,exact-payoff (backbone-invariant),1001,map_type_greedy,14,0.0,0.5683229813664596,7,7,1.0683229813664596,1.0683229813664596,0.5936927745035796,0|2,2,4,8,16
haggling/vegbrooke,Haggling: vegbrooke,haggling,exact-payoff (backbone-invariant),1001,map_type_greedy,15,0.0,0.5683229813664596,7,7,1.0683229813664596,1.0683229813664596,0.5936927745035796,0|2,2,4,8,16
haggling/vegbrooke,Haggling: vegbrooke,haggling,exact-payoff (backbone-invariant),1001,map_type_greedy,16,0.0,0.5683229813664596,7,7,1.0683229813664596,1.0683229813664596,0.5936927745035796,0|2,2,4,8,16
haggling/vegbrooke,Haggling: vegbrooke,haggling,exact-payoff (backbone-invariant),1001,map_type_greedy,17,0.0,0.5683229813664596,7,7,1.0683229813664596,1.0683229813664596,0.5936927745035796,0|2,2,4,8,16
haggling/vegbrooke,Haggling: vegbrooke,haggling,exact-payoff (backbone-invariant),1001,map_type_greedy,18,0.0,0.5683229813664596,7,7,1.0683229813664596,1.0683229813664596,0.5936927745035796,0|2,2,4,8,16
haggling/vegbrooke,Haggling: vegbrooke,haggling,exact-payoff (backbone-invariant),1001,map_type_greedy,19,0.0,0.5683229813664596,7,7,1.0683229813664596,1.0683229813664596,0.5936927745035796,0|2,2,4,8,16
haggling/vegbrooke,Haggling: vegbrooke,haggling,exact-payoff (backbone-invariant),1001,map_type_greedy,20,0.0,0.5683229813664596,7,7,1.0683229813664596,1.0683229813664596,0.5936927745035796,0|2,2,4,8,16
haggling/vegbrooke,Haggling: vegbrooke,haggling,exact-payoff (backbone-invariant),1001,econ_bne,1,0.18944099378881996,0.18944099378881996,5,7,0.8788819875776397,1.0683229813664596,0.0625,0|2,2,4,8,16
haggling/vegbrooke,Haggling: vegbrooke,haggling,exact-payoff (backbone-invariant),1001,econ_bne,2,0.18944099378881996,0.3788819875776399,5,7,0.8788819875776397,1.0683229813664596,0.0625,0|2,2,4,8,16
haggling/vegbrooke,Haggling: vegbrooke,haggling,exact-payoff (backbone-invariant),1001,econ_bne,3,0.18944099378881996,0.5683229813664599,5,7,0.8788819875776397,1.0683229813664596,0.0625,0|2,2,4,8,16
haggling/vegbrooke,Haggling: vegbrooke,haggling,exact-payoff (backbone-invariant),1001,econ_bne,4,0.18944099378881996,0.7577639751552798,5,7,0.8788819875776397,1.0683229813664596,0.0625,0|2,2,4,8,16
haggling/vegbrooke,Haggling: vegbrooke,haggling,exact-payoff (backbone-invariant),1001,econ_bne,5,0.18944099378881996,0.9472049689440998,5,7,0.8788819875776397,1.0683229813664596,0.0625,0|2,2,4,8,16
haggling/vegbrooke,Haggling: vegbrooke,haggling,exact-payoff (backbone-invariant),1001,econ_bne,6,0.18944099378881996,1.1366459627329197,5,7,0.8788819875776397,1.0683229813664596,0.0625,0|2,2,4,8,16
haggling/vegbrooke,Haggling: vegbrooke,haggling,exact-payoff (backbone-invariant),1001,econ_bne,7,0.18944099378881996,1.3260869565217397,5,7,0.8788819875776397,1.0683229813664596,0.0625,0|2,2,4,8,16
haggling/vegbrooke,Haggling: vegbrooke,haggling,exact-payoff (backbone-invariant),1001,econ_bne,8,0.18944099378881996,1.5155279503105596,5,7,0.8788819875776397,1.0683229813664596,0.0625,0|2,2,4,8,16
haggling/vegbrooke,Haggling: vegbrooke,haggling,exact-payoff (backbone-invariant),1001,econ_bne,9,0.18944099378881996,1.7049689440993796,5,7,0.8788819875776397,1.0683229813664596,0.0625,0|2,2,4,8,16
haggling/vegbrooke,Haggling: vegbrooke,haggling,exact-payoff (backbone-invariant),1001,econ_bne,10,0.18944099378881996,1.8944099378881996,5,7,0.8788819875776397,1.0683229813664596,0.0625,0|2,2,4,8,16
haggling/vegbrooke,Haggling: vegbrooke,haggling,exact-payoff (backbone-invariant),1001,econ_bne,11,0.18944099378881996,2.0838509316770195,5,7,0.8788819875776397,1.0683229813664596,0.0625,0|2,2,4,8,16
haggling/vegbrooke,Haggling: vegbrooke,haggling,exact-payoff (backbone-invariant),1001,econ_bne,12,0.18944099378881996,2.2732919254658395,5,7,0.8788819875776397,1.0683229813664596,0.0625,0|2,2,4,8,16
haggling/vegbrooke,Haggling: vegbrooke,haggling,exact-payoff (backbone-invariant),1001,econ_bne,13,0.18944099378881996,2.4627329192546594,5,7,0.8788819875776397,1.0683229813664596,0.0625,0|2,2,4,8,16
haggling/vegbrooke,Haggling: vegbrooke,haggling,exact-payoff (backbone-invariant),1001,econ_bne,14,0.18944099378881996,2.6521739130434794,5,7,0.8788819875776397,1.0683229813664596,0.0625,0|2,2,4,8,16
haggling/vegbrooke,Haggling: vegbrooke,haggling,exact-payoff (backbone-invariant),1001,econ_bne,15,0.18944099378881996,2.8416149068322993,5,7,0.8788819875776397,1.0683229813664596,0.0625,0|2,2,4,8,16
haggling/vegbrooke,Haggling: vegbrooke,haggling,exact-payoff (backbone-invariant),1001,econ_bne,16,0.18944099378881996,3.0310559006211193,5,7,0.8788819875776397,1.0683229813664596,0.0625,0|2,2,4,8,16
haggling/vegbrooke,Haggling: vegbrooke,haggling,exact-payoff (backbone-invariant),1001,econ_bne,17,0.18944099378881996,3.2204968944099392,5,7,0.8788819875776397,1.0683229813664596,0.0625,0|2,2,4,8,16
haggling/vegbrooke,Haggling: vegbrooke,haggling,exact-payoff (backbone-invariant),1001,econ_bne,18,0.18944099378881996,3.409937888198759,5,7,0.8788819875776397,1.0683229813664596,0.0625,0|2,2,4,8,16
haggling/vegbrooke,Haggling: vegbrooke,haggling,exact-payoff (backbone-invariant),1001,econ_bne,19,0.18944099378881996,3.599378881987579,5,7,0.8788819875776397,1.0683229813664596,0.0625,0|2,2,4,8,16
haggling/vegbrooke,Haggling: vegbrooke,haggling,exact-payoff (backbone-invariant),1001,econ_bne,20,0.18944099378881996,3.788819875776399,5,7,0.8788819875776397,1.0683229813664596,0.0625,0|2,2,4,8,16
haggling/vegbrooke,Haggling: vegbrooke,haggling,exact-payoff (backbone-invariant),1001,atom_tom1,1,0.18944099378881996,0.18944099378881996,5,7,0.8788819875776397,1.0683229813664596,0.0625,0|2,2,4,8,16
haggling/vegbrooke,Haggling: vegbrooke,haggling,exact-payoff (backbone-invariant),1001,atom_tom1,2,0.18944099378881996,0.3788819875776399,5,7,0.8788819875776397,1.0683229813664596,0.0625,0|2,2,4,8,16
haggling/vegbrooke,Haggling: vegbrooke,haggling,exact-payoff (backbone-invariant),1001,atom_tom1,3,0.18944099378881996,0.5683229813664599,5,7,0.8788819875776397,1.0683229813664596,0.0625,0|2,2,4,8,16
haggling/vegbrooke,Haggling: vegbrooke,haggling,exact-payoff (backbone-invariant),1001,atom_tom1,4,0.18944099378881996,0.7577639751552798,5,7,0.8788819875776397,1.0683229813664596,0.0625,0|2,2,4,8,16
haggling/vegbrooke,Haggling: vegbrooke,haggling,exact-payoff (backbone-invariant),1001,atom_tom1,5,0.18944099378881996,0.9472049689440998,5,7,0.8788819875776397,1.0683229813664596,0.0625,0|2,2,4,8,16
haggling/vegbrooke,Haggling: vegbrooke,haggling,exact-payoff (backbone-invariant),1001,atom_tom1,6,0.18944099378881996,1.1366459627329197,5,7,0.8788819875776397,1.0683229813664596,0.0625,0|2,2,4,8,16
haggling/vegbrooke,Haggling: vegbrooke,haggling,exact-payoff (backbone-invariant),1001,atom_tom1,7,0.18944099378881996,1.3260869565217397,5,7,0.8788819875776397,1.0683229813664596,0.0625,0|2,2,4,8,16
haggling/vegbrooke,Haggling: vegbrooke,haggling,exact-payoff (backbone-invariant),1001,atom_tom1,8,0.18944099378881996,1.5155279503105596,5,7,0.8788819875776397,1.0683229813664596,0.0625,0|2,2,4,8,16
haggling/vegbrooke,Haggling: vegbrooke,haggling,exact-payoff (backbone-invariant),1001,atom_tom1,9,0.18944099378881996,1.7049689440993796,5,7,0.8788819875776397,1.0683229813664596,0.0625,0|2,2,4,8,16
haggling/vegbrooke,Haggling: vegbrooke,haggling,exact-payoff (backbone-invariant),1001,atom_tom1,10,0.18944099378881996,1.8944099378881996,5,7,0.8788819875776397,1.0683229813664596,0.0625,0|2,2,4,8,16
haggling/vegbrooke,Haggling: vegbrooke,haggling,exact-payoff (backbone-invariant),1001,atom_tom1,11,0.18944099378881996,2.0838509316770195,5,7,0.8788819875776397,1.0683229813664596,0.0625,0|2,2,4,8,16
haggling/vegbrooke,Haggling: vegbrooke,haggling,exact-payoff (backbone-invariant),1001,atom_tom1,12,0.18944099378881996,2.2732919254658395,5,7,0.8788819875776397,1.0683229813664596,0.0625,0|2,2,4,8,16
haggling/vegbrooke,Haggling: vegbrooke,haggling,exact-payoff (backbone-invariant),1001,atom_tom1,13,0.18944099378881996,2.4627329192546594,5,7,0.8788819875776397,1.0683229813664596,0.0625,0|2,2,4,8,16
haggling/vegbrooke,Haggling: vegbrooke,haggling,exact-payoff (backbone-invariant),1001,atom_tom1,14,0.18944099378881996,2.6521739130434794,5,7,0.8788819875776397,1.0683229813664596,0.0625,0|2,2,4,8,16
haggling/vegbrooke,Haggling: vegbrooke,haggling,exact-payoff (backbone-invariant),1001,atom_tom1,15,0.18944099378881996,2.8416149068322993,5,7,0.8788819875776397,1.0683229813664596,0.0625,0|2,2,4,8,16
haggling/vegbrooke,Haggling: vegbrooke,haggling,exact-payoff (backbone-invariant),1001,atom_tom1,16,0.18944099378881996,3.0310559006211193,5,7,0.8788819875776397,1.0683229813664596,0.0625,0|2,2,4,8,16
haggling/vegbrooke,Haggling: vegbrooke,haggling,exact-payoff (backbone-invariant),1001,atom_tom1,17,0.18944099378881996,3.2204968944099392,5,7,0.8788819875776397,1.0683229813664596,0.0625,0|2,2,4,8,16
haggling/vegbrooke,Haggling: vegbrooke,haggling,exact-payoff (backbone-invariant),1001,atom_tom1,18,0.18944099378881996,3.409937888198759,5,7,0.8788819875776397,1.0683229813664596,0.0625,0|2,2,4,8,16
haggling/vegbrooke,Haggling: vegbrooke,haggling,exact-payoff (backbone-invariant),1001,atom_tom1,19,0.18944099378881996,3.599378881987579,5,7,0.8788819875776397,1.0683229813664596,0.0625,0|2,2,4,8,16
haggling/vegbrooke,Haggling: vegbrooke,haggling,exact-payoff (backbone-invariant),1001,atom_tom1,20,0.18944099378881996,3.788819875776399,5,7,0.8788819875776397,1.0683229813664596,0.0625,0|2,2,4,8,16
haggling/vegbrooke,Haggling: vegbrooke,haggling,exact-payoff (backbone-invariant),1001,random,1,0.18944099378881996,0.18944099378881996,5,7,0.8788819875776397,1.0683229813664596,0.0625,0|2,2,4,8,16
haggling/vegbrooke,Haggling: vegbrooke,haggling,exact-payoff (backbone-invariant),1001,random,2,0.3788819875776397,0.5683229813664596,3,7,0.68944099378882,1.0683229813664596,0.0625,0|2,2,4,8,16
haggling/vegbrooke,Haggling: vegbrooke,haggling,exact-payoff (backbone-invariant),1001,random,3,0.3788819875776397,0.9472049689440993,3,7,0.68944099378882,1.0683229813664596,0.0625,0|2,2,4,8,16
haggling/vegbrooke,Haggling: vegbrooke,haggling,exact-payoff (backbone-invariant),1001,random,4,0.18944099378881996,1.1366459627329193,5,7,0.8788819875776397,1.0683229813664596,0.0625,0|2,2,4,8,16
haggling/vegbrooke,Haggling: vegbrooke,haggling,exact-payoff (backbone-invariant),1001,random,5,0.3788819875776397,1.515527950310559,3,7,0.68944099378882,1.0683229813664596,0.0625,0|2,2,4,8,16
haggling/vegbrooke,Haggling: vegbrooke,haggling,exact-payoff (backbone-invariant),1001,random,6,0.3788819875776397,1.8944099378881987,3,7,0.68944099378882,1.0683229813664596,0.0625,0|2,2,4,8,16
haggling/vegbrooke,Haggling: vegbrooke,haggling,exact-payoff (backbone-invariant),1001,random,7,0.4554865424430641,2.349896480331263,2,7,0.6128364389233956,1.0683229813664596,0.0625,0|2,2,4,8,16
haggling/vegbrooke,Haggling: vegbrooke,haggling,exact-payoff (backbone-invariant),1001,random,8,0.5683229813664596,2.9182194616977224,1,7,0.5,1.0683229813664596,0.0625,0|2,2,4,8,16
haggling/vegbrooke,Haggling: vegbrooke,haggling,exact-payoff (backbone-invariant),1001,random,9,0.18944099378881996,3.1076604554865424,5,7,0.8788819875776397,1.0683229813664596,0.0625,0|2,2,4,8,16
haggling/vegbrooke,Haggling: vegbrooke,haggling,exact-payoff (backbone-invariant),1001,random,10,0.4554865424430641,3.563146997929606,6,7,0.6128364389233956,1.0683229813664596,0.0625,0|2,2,4,8,16
haggling/vegbrooke,Haggling: vegbrooke,haggling,exact-payoff (backbone-invariant),1001,random,11,0.4554865424430641,4.0186335403726705,2,7,0.6128364389233956,1.0683229813664596,0.0625,0|2,2,4,8,16
haggling/vegbrooke,Haggling: vegbrooke,haggling,exact-payoff (backbone-invariant),1001,random,12,0.4554865424430641,4.474120082815735,4,7,0.6128364389233956,1.0683229813664596,0.0625,0|2,2,4,8,16
haggling/vegbrooke,Haggling: vegbrooke,haggling,exact-payoff (backbone-invariant),1001,random,13,0.3788819875776397,4.853002070393375,3,7,0.68944099378882,1.0683229813664596,0.0625,0|2,2,4,8,16
haggling/vegbrooke,Haggling: vegbrooke,haggling,exact-payoff (backbone-invariant),1001,random,14,0.0,4.853002070393375,7,7,1.0683229813664596,1.0683229813664596,0.0625,0|2,2,4,8,16
haggling/vegbrooke,Haggling: vegbrooke,haggling,exact-payoff (backbone-invariant),1001,random,15,0.3788819875776397,5.231884057971015,3,7,0.68944099378882,1.0683229813664596,0.0625,0|2,2,4,8,16
haggling/vegbrooke,Haggling: vegbrooke,haggling,exact-payoff (backbone-invariant),1001,random,16,0.18944099378881996,5.421325051759835,5,7,0.8788819875776397,1.0683229813664596,0.0625,0|2,2,4,8,16
haggling/vegbrooke,Haggling: vegbrooke,haggling,exact-payoff (backbone-invariant),1001,random,17,0.4554865424430641,5.876811594202899,4,7,0.6128364389233956,1.0683229813664596,0.0625,0|2,2,4,8,16
haggling/vegbrooke,Haggling: vegbrooke,haggling,exact-payoff (backbone-invariant),1001,random,18,0.4554865424430641,6.332298136645964,0,7,0.6128364389233956,1.0683229813664596,0.0625,0|2,2,4,8,16
haggling/vegbrooke,Haggling: vegbrooke,haggling,exact-payoff (backbone-invariant),1001,random,19,0.18944099378881996,6.521739130434783,5,7,0.8788819875776397,1.0683229813664596,0.0625,0|2,2,4,8,16
haggling/vegbrooke,Haggling: vegbrooke,haggling,exact-payoff (backbone-invariant),1001,random,20,0.4554865424430641,6.9772256728778475,4,7,0.6128364389233956,1.0683229813664596,0.0625,0|2,2,4,8,16
haggling_multi_item/vegbrooke,Multi-item: vegbrooke,haggling_multi_item,exact-payoff (backbone-invariant),1001,pact,1,0.018181818181818077,0.018181818181818077,11,7,1.143939393939394,1.162121212121212,0.7356800919011807,0|2,2,4,8,16
haggling_multi_item/vegbrooke,Multi-item: vegbrooke,haggling_multi_item,exact-payoff (backbone-invariant),1001,pact,2,0.018181818181818077,0.036363636363636154,11,7,1.143939393939394,1.162121212121212,0.7810683675137586,0|2,2,4,8,16
haggling_multi_item/vegbrooke,Multi-item: vegbrooke,haggling_multi_item,exact-payoff (backbone-invariant),1001,pact,3,0.0,0.036363636363636154,7,7,1.162121212121212,1.162121212121212,0.7823016204832878,0|2,2,4,8,16
haggling_multi_item/vegbrooke,Multi-item: vegbrooke,haggling_multi_item,exact-payoff (backbone-invariant),1001,pact,4,0.0,0.036363636363636154,7,7,1.162121212121212,1.162121212121212,0.7835121597024706,0|2,2,4,8,16
haggling_multi_item/vegbrooke,Multi-item: vegbrooke,haggling_multi_item,exact-payoff (backbone-invariant),1001,pact,5,0.0,0.036363636363636154,7,7,1.162121212121212,1.162121212121212,0.7847010368678617,0|2,2,4,8,16
haggling_multi_item/vegbrooke,Multi-item: vegbrooke,haggling_multi_item,exact-payoff (backbone-invariant),1001,pact,6,0.0,0.036363636363636154,7,7,1.162121212121212,1.162121212121212,0.7858692442032433,0|2,2,4,8,16
haggling_multi_item/vegbrooke,Multi-item: vegbrooke,haggling_multi_item,exact-payoff (backbone-invariant),1001,pact,7,0.0,0.036363636363636154,7,7,1.162121212121212,1.162121212121212,0.7870177200014085,0|2,2,4,8,16
haggling_multi_item/vegbrooke,Multi-item: vegbrooke,haggling_multi_item,exact-payoff (backbone-invariant),1001,pact,8,0.0,0.036363636363636154,7,7,1.162121212121212,1.162121212121212,0.7881473532468342,0|2,2,4,8,16
haggling_multi_item/vegbrooke,Multi-item: vegbrooke,haggling_multi_item,exact-payoff (backbone-invariant),1001,pact,9,0.0,0.036363636363636154,7,7,1.162121212121212,1.162121212121212,0.7892589875049619,0|2,2,4,8,16
haggling_multi_item/vegbrooke,Multi-item: vegbrooke,haggling_multi_item,exact-payoff (backbone-invariant),1001,pact,10,0.0,0.036363636363636154,7,7,1.162121212121212,1.162121212121212,0.7903534242257246,0|2,2,4,8,16
haggling_multi_item/vegbrooke,Multi-item: vegbrooke,haggling_multi_item,exact-payoff (backbone-invariant),1001,pact,11,0.0,0.036363636363636154,7,7,1.162121212121212,1.162121212121212,0.7914314255785732,0|2,2,4,8,16
haggling_multi_item/vegbrooke,Multi-item: vegbrooke,haggling_multi_item,exact-payoff (backbone-invariant),1001,pact,12,0.0,0.036363636363636154,7,7,1.162121212121212,1.162121212121212,0.7924937169120473,0|2,2,4,8,16
haggling_multi_item/vegbrooke,Multi-item: vegbrooke,haggling_multi_item,exact-payoff (backbone-invariant),1001,pact,13,0.0,0.036363636363636154,7,7,1.162121212121212,1.162121212121212,0.7935409889116256,0|2,2,4,8,16
haggling_multi_item/vegbrooke,Multi-item: vegbrooke,haggling_multi_item,exact-payoff (backbone-invariant),1001,pact,14,0.0,0.036363636363636154,7,7,1.162121212121212,1.162121212121212,0.7945738995142431,0|2,2,4,8,16
haggling_multi_item/vegbrooke,Multi-item: vegbrooke,haggling_multi_item,exact-payoff (backbone-invariant),1001,pact,15,0.0,0.036363636363636154,7,7,1.162121212121212,1.162121212121212,0.7955930756256422,0|2,2,4,8,16
haggling_multi_item/vegbrooke,Multi-item: vegbrooke,haggling_multi_item,exact-payoff (backbone-invariant),1001,pact,16,0.0,0.036363636363636154,7,7,1.162121212121212,1.162121212121212,0.7965991146770286,0|2,2,4,8,16
haggling_multi_item/vegbrooke,Multi-item: vegbrooke,haggling_multi_item,exact-payoff (backbone-invariant),1001,pact,17,0.0,0.036363636363636154,7,7,1.162121212121212,1.162121212121212,0.7975925860498034,0|2,2,4,8,16
haggling_multi_item/vegbrooke,Multi-item: vegbrooke,haggling_multi_item,exact-payoff (backbone-invariant),1001,pact,18,0.018181818181818077,0.05454545454545423,11,7,1.143939393939394,1.162121212121212,0.8195623473345097,0|2,2,4,8,16
haggling_multi_item/vegbrooke,Multi-item: vegbrooke,haggling_multi_item,exact-payoff (backbone-invariant),1001,pact,19,0.0,0.05454545454545423,7,7,1.162121212121212,1.162121212121212,0.8203612291621809,0|2,2,4,8,16
haggling_multi_item/vegbrooke,Multi-item: vegbrooke,haggling_multi_item,exact-payoff (backbone-invariant),1001,pact,20,0.0,0.05454545454545423,7,7,1.162121212121212,1.162121212121212,0.821155816342698,0|2,2,4,8,16
haggling_multi_item/vegbrooke,Multi-item: vegbrooke,haggling_multi_item,exact-payoff (backbone-invariant),1001,pact_plus,1,0.018181818181818077,0.018181818181818077,11,7,1.143939393939394,1.162121212121212,0.7356800919011807,0|2,2,4,8,16
haggling_multi_item/vegbrooke,Multi-item: vegbrooke,haggling_multi_item,exact-payoff (backbone-invariant),1001,pact_plus,2,0.018181818181818077,0.036363636363636154,11,7,1.143939393939394,1.162121212121212,0.7810683675137586,0|2,2,4,8,16
haggling_multi_item/vegbrooke,Multi-item: vegbrooke,haggling_multi_item,exact-payoff (backbone-invariant),1001,pact_plus,3,0.0,0.036363636363636154,7,7,1.162121212121212,1.162121212121212,0.7823016204832878,0|2,2,4,8,16
haggling_multi_item/vegbrooke,Multi-item: vegbrooke,haggling_multi_item,exact-payoff (backbone-invariant),1001,pact_plus,4,0.0,0.036363636363636154,7,7,1.162121212121212,1.162121212121212,0.7835121597024706,0|2,2,4,8,16
haggling_multi_item/vegbrooke,Multi-item: vegbrooke,haggling_multi_item,exact-payoff (backbone-invariant),1001,pact_plus,5,0.0,0.036363636363636154,7,7,1.162121212121212,1.162121212121212,0.7847010368678617,0|2,2,4,8,16
haggling_multi_item/vegbrooke,Multi-item: vegbrooke,haggling_multi_item,exact-payoff (backbone-invariant),1001,pact_plus,6,0.0,0.036363636363636154,7,7,1.162121212121212,1.162121212121212,0.7858692442032433,0|2,2,4,8,16
haggling_multi_item/vegbrooke,Multi-item: vegbrooke,haggling_multi_item,exact-payoff (backbone-invariant),1001,pact_plus,7,0.0,0.036363636363636154,7,7,1.162121212121212,1.162121212121212,0.7870177200014085,0|2,2,4,8,16
haggling_multi_item/vegbrooke,Multi-item: vegbrooke,haggling_multi_item,exact-payoff (backbone-invariant),1001,pact_plus,8,0.0,0.036363636363636154,7,7,1.162121212121212,1.162121212121212,0.7881473532468342,0|2,2,4,8,16
haggling_multi_item/vegbrooke,Multi-item: vegbrooke,haggling_multi_item,exact-payoff (backbone-invariant),1001,pact_plus,9,0.0,0.036363636363636154,7,7,1.162121212121212,1.162121212121212,0.7892589875049619,0|2,2,4,8,16
haggling_multi_item/vegbrooke,Multi-item: vegbrooke,haggling_multi_item,exact-payoff (backbone-invariant),1001,pact_plus,10,0.0,0.036363636363636154,7,7,1.162121212121212,1.162121212121212,0.7903534242257246,0|2,2,4,8,16
haggling_multi_item/vegbrooke,Multi-item: vegbrooke,haggling_multi_item,exact-payoff (backbone-invariant),1001,pact_plus,11,0.0,0.036363636363636154,7,7,1.162121212121212,1.162121212121212,0.7914314255785732,0|2,2,4,8,16
haggling_multi_item/vegbrooke,Multi-item: vegbrooke,haggling_multi_item,exact-payoff (backbone-invariant),1001,pact_plus,12,0.0,0.036363636363636154,7,7,1.162121212121212,1.162121212121212,0.7924937169120473,0|2,2,4,8,16
haggling_multi_item/vegbrooke,Multi-item: vegbrooke,haggling_multi_item,exact-payoff (backbone-invariant),1001,pact_plus,13,0.0,0.036363636363636154,7,7,1.162121212121212,1.162121212121212,0.7935409889116256,0|2,2,4,8,16
haggling_multi_item/vegbrooke,Multi-item: vegbrooke,haggling_multi_item,exact-payoff (backbone-invariant),1001,pact_plus,14,0.0,0.036363636363636154,7,7,1.162121212121212,1.162121212121212,0.7945738995142431,0|2,2,4,8,16
haggling_multi_item/vegbrooke,Multi-item: vegbrooke,haggling_multi_item,exact-payoff (backbone-invariant),1001,pact_plus,15,0.0,0.036363636363636154,7,7,1.162121212121212,1.162121212121212,0.7955930756256422,0|2,2,4,8,16
haggling_multi_item/vegbrooke,Multi-item: vegbrooke,haggling_multi_item,exact-payoff (backbone-invariant),1001,pact_plus,16,0.0,0.036363636363636154,7,7,1.162121212121212,1.162121212121212,0.7965991146770286,0|2,2,4,8,16
haggling_multi_item/vegbrooke,Multi-item: vegbrooke,haggling_multi_item,exact-payoff (backbone-invariant),1001,pact_plus,17,0.0,0.036363636363636154,7,7,1.162121212121212,1.162121212121212,0.7975925860498034,0|2,2,4,8,16
haggling_multi_item/vegbrooke,Multi-item: vegbrooke,haggling_multi_item,exact-payoff (backbone-invariant),1001,pact_plus,18,0.018181818181818077,0.05454545454545423,11,7,1.143939393939394,1.162121212121212,0.8195623473345097,0|2,2,4,8,16
haggling_multi_item/vegbrooke,Multi-item: vegbrooke,haggling_multi_item,exact-payoff (backbone-invariant),1001,pact_plus,19,0.0,0.05454545454545423,7,7,1.162121212121212,1.162121212121212,0.8203612291621809,0|2,2,4,8,16
haggling_multi_item/vegbrooke,Multi-item: vegbrooke,haggling_multi_item,exact-payoff (backbone-invariant),1001,pact_plus,20,0.0,0.05454545454545423,7,7,1.162121212121212,1.162121212121212,0.821155816342698,0|2,2,4,8,16
haggling_multi_item/vegbrooke,Multi-item: vegbrooke,haggling_multi_item,exact-payoff (backbone-invariant),1001,joint_psrl_uniform,1,0.0,0.0,7,7,1.162121212121212,1.162121212121212,0.08418247330106503,0|2,2,4,8,16
haggling_multi_item/vegbrooke,Multi-item: vegbrooke,haggling_multi_item,exact-payoff (backbone-invariant),1001,joint_psrl_uniform,2,0.08181818181818179,0.08181818181818179,5,7,1.0803030303030303,1.162121212121212,0.10148014203830179,0|2,2,4,8,16
haggling_multi_item/vegbrooke,Multi-item: vegbrooke,haggling_multi_item,exact-payoff (backbone-invariant),1001,joint_psrl_uniform,3,0.42727272727272725,0.509090909090909,1,7,0.7348484848484849,1.162121212121212,0.25853041351451755,0|2,2,4,8,16
haggling_multi_item/vegbrooke,Multi-item: vegbrooke,haggling_multi_item,exact-payoff (backbone-invariant),1001,joint_psrl_uniform,4,0.0,0.509090909090909,7,7,1.162121212121212,1.162121212121212,0.3243523198698815,0|2,2,4,8,16
haggling_multi_item/vegbrooke,Multi-item: vegbrooke,haggling_multi_item,exact-payoff (backbone-invariant),1001,joint_psrl_uniform,5,0.0,0.509090909090909,7,7,1.162121212121212,1.162121212121212,0.39005708347952267,0|2,2,4,8,16
haggling_multi_item/vegbrooke,Multi-item: vegbrooke,haggling_multi_item,exact-payoff (backbone-invariant),1001,joint_psrl_uniform,6,0.018181818181818077,0.5272727272727271,11,7,1.143939393939394,1.162121212121212,0.9075025157315809,0|2,2,4,8,16
haggling_multi_item/vegbrooke,Multi-item: vegbrooke,haggling_multi_item,exact-payoff (backbone-invariant),1001,joint_psrl_uniform,7,0.0,0.5272727272727271,7,7,1.162121212121212,1.162121212121212,0.9124534345251142,0|2,2,4,8,16
haggling_multi_item/vegbrooke,Multi-item: vegbrooke,haggling_multi_item,exact-payoff (backbone-invariant),1001,joint_psrl_uniform,8,0.018181818181818077,0.5454545454545452,11,7,1.143939393939394,1.162121212121212,0.978313843038829,0|2,2,4,8,16
haggling_multi_item/vegbrooke,Multi-item: vegbrooke,haggling_multi_item,exact-payoff (backbone-invariant),1001,joint_psrl_uniform,9,0.0,0.5454545454545452,7,7,1.162121212121212,1.162121212121212,0.9795135943537844,0|2,2,4,8,16
haggling_multi_item/vegbrooke,Multi-item: vegbrooke,haggling_multi_item,exact-payoff (backbone-invariant),1001,joint_psrl_uniform,10,0.0,0.5454545454545452,7,7,1.162121212121212,1.162121212121212,0.9806481941478872,0|2,2,4,8,16
haggling_multi_item/vegbrooke,Multi-item: vegbrooke,haggling_multi_item,exact-payoff (backbone-invariant),1001,joint_psrl_uniform,11,0.0,0.5454545454545452,7,7,1.162121212121212,1.162121212121212,0.9817210561843315,0|2,2,4,8,16
haggling_multi_item/vegbrooke,Multi-item: vegbrooke,haggling_multi_item,exact-payoff (backbone-invariant),1001,joint_psrl_uniform,12,0.0,0.5454545454545452,7,7,1.162121212121212,1.162121212121212,0.9827354271927075,0|2,2,4,8,16
haggling_multi_item/vegbrooke,Multi-item: vegbrooke,haggling_multi_item,exact-payoff (backbone-invariant),1001,joint_psrl_uniform,13,0.0,0.5454545454545452,7,7,1.162121212121212,1.162121212121212,0.9836943940735801,0|2,2,4,8,16
haggling_multi_item/vegbrooke,Multi-item: vegbrooke,haggling_multi_item,exact-payoff (backbone-invariant),1001,joint_psrl_uniform,14,0.0,0.5454545454545452,7,7,1.162121212121212,1.162121212121212,0.9846008908333433,0|2,2,4,8,16
haggling_multi_item/vegbrooke,Multi-item: vegbrooke,haggling_multi_item,exact-payoff (backbone-invariant),1001,joint_psrl_uniform,15,0.0,0.5454545454545452,7,7,1.162121212121212,1.162121212121212,0.9854577052690423,0|2,2,4,8,16
haggling_multi_item/vegbrooke,Multi-item: vegbrooke,haggling_multi_item,exact-payoff (backbone-invariant),1001,joint_psrl_uniform,16,0.0,0.5454545454545452,7,7,1.162121212121212,1.162121212121212,0.9862674854176771,0|2,2,4,8,16
haggling_multi_item/vegbrooke,Multi-item: vegbrooke,haggling_multi_item,exact-payoff (backbone-invariant),1001,joint_psrl_uniform,17,0.0,0.5454545454545452,7,7,1.162121212121212,1.162121212121212,0.9870327457807317,0|2,2,4,8,16
haggling_multi_item/vegbrooke,Multi-item: vegbrooke,haggling_multi_item,exact-payoff (backbone-invariant),1001,joint_psrl_uniform,18,0.0,0.5454545454545452,7,7,1.162121212121212,1.162121212121212,0.9877558733319595,0|2,2,4,8,16
haggling_multi_item/vegbrooke,Multi-item: vegbrooke,haggling_multi_item,exact-payoff (backbone-invariant),1001,joint_psrl_uniform,19,0.0,0.5454545454545452,7,7,1.162121212121212,1.162121212121212,0.9884391333145814,0|2,2,4,8,16
haggling_multi_item/vegbrooke,Multi-item: vegbrooke,haggling_multi_item,exact-payoff (backbone-invariant),1001,joint_psrl_uniform,20,0.0,0.5454545454545452,7,7,1.162121212121212,1.162121212121212,0.989084674832787,0|2,2,4,8,16
haggling_multi_item/vegbrooke,Multi-item: vegbrooke,haggling_multi_item,exact-payoff (backbone-invariant),1001,psrl_notype,1,0.0,0.0,7,7,1.162121212121212,1.162121212121212,0.0625,0|2,2,4,8,16
haggling_multi_item/vegbrooke,Multi-item: vegbrooke,haggling_multi_item,exact-payoff (backbone-invariant),1001,psrl_notype,2,0.0,0.0,7,7,1.162121212121212,1.162121212121212,0.0625,0|2,2,4,8,16
haggling_multi_item/vegbrooke,Multi-item: vegbrooke,haggling_multi_item,exact-payoff (backbone-invariant),1001,psrl_notype,3,0.0,0.0,7,7,1.162121212121212,1.162121212121212,0.0625,0|2,2,4,8,16
haggling_multi_item/vegbrooke,Multi-item: vegbrooke,haggling_multi_item,exact-payoff (backbone-invariant),1001,psrl_notype,4,0.009090909090909038,0.009090909090909038,9,7,1.153030303030303,1.162121212121212,0.0625,0|2,2,4,8,16
haggling_multi_item/vegbrooke,Multi-item: vegbrooke,haggling_multi_item,exact-payoff (backbone-invariant),1001,psrl_notype,5,0.018181818181818077,0.027272727272727115,11,7,1.143939393939394,1.162121212121212,0.0625,0|2,2,4,8,16
haggling_multi_item/vegbrooke,Multi-item: vegbrooke,haggling_multi_item,exact-payoff (backbone-invariant),1001,psrl_notype,6,0.08181818181818179,0.1090909090909089,5,7,1.0803030303030303,1.162121212121212,0.0625,0|2,2,4,8,16
haggling_multi_item/vegbrooke,Multi-item: vegbrooke,haggling_multi_item,exact-payoff (backbone-invariant),1001,psrl_notype,7,0.0,0.1090909090909089,7,7,1.162121212121212,1.162121212121212,0.0625,0|2,2,4,8,16
haggling_multi_item/vegbrooke,Multi-item: vegbrooke,haggling_multi_item,exact-payoff (backbone-invariant),1001,psrl_notype,8,0.018181818181818077,0.12727272727272698,11,7,1.143939393939394,1.162121212121212,0.0625,0|2,2,4,8,16
haggling_multi_item/vegbrooke,Multi-item: vegbrooke,haggling_multi_item,exact-payoff (backbone-invariant),1001,psrl_notype,9,0.018181818181818077,0.14545454545454506,11,7,1.143939393939394,1.162121212121212,0.0625,0|2,2,4,8,16
haggling_multi_item/vegbrooke,Multi-item: vegbrooke,haggling_multi_item,exact-payoff (backbone-invariant),1001,psrl_notype,10,0.08181818181818179,0.22727272727272685,5,7,1.0803030303030303,1.162121212121212,0.0625,0|2,2,4,8,16
haggling_multi_item/vegbrooke,Multi-item: vegbrooke,haggling_multi_item,exact-payoff (backbone-invariant),1001,psrl_notype,11,0.009090909090909038,0.2363636363636359,9,7,1.153030303030303,1.162121212121212,0.0625,0|2,2,4,8,16
haggling_multi_item/vegbrooke,Multi-item: vegbrooke,haggling_multi_item,exact-payoff (backbone-invariant),1001,psrl_notype,12,0.009090909090909038,0.24545454545454493,9,7,1.153030303030303,1.162121212121212,0.0625,0|2,2,4,8,16
haggling_multi_item/vegbrooke,Multi-item: vegbrooke,haggling_multi_item,exact-payoff (backbone-invariant),1001,psrl_notype,13,0.018181818181818077,0.263636363636363,11,7,1.143939393939394,1.162121212121212,0.0625,0|2,2,4,8,16
haggling_multi_item/vegbrooke,Multi-item: vegbrooke,haggling_multi_item,exact-payoff (backbone-invariant),1001,psrl_notype,14,0.08181818181818179,0.3454545454545448,5,7,1.0803030303030303,1.162121212121212,0.0625,0|2,2,4,8,16
haggling_multi_item/vegbrooke,Multi-item: vegbrooke,haggling_multi_item,exact-payoff (backbone-invariant),1001,psrl_notype,15,0.08181818181818179,0.4272727272727266,5,7,1.0803030303030303,1.162121212121212,0.0625,0|2,2,4,8,16
haggling_multi_item/vegbrooke,Multi-item: vegbrooke,haggling_multi_item,exact-payoff (backbone-invariant),1001,psrl_notype,16,0.0,0.4272727272727266,7,7,1.162121212121212,1.162121212121212,0.0625,0|2,2,4,8,16
haggling_multi_item/vegbrooke,Multi-item: vegbrooke,haggling_multi_item,exact-payoff (backbone-invariant),1001,psrl_notype,17,0.42727272727272725,0.8545454545454538,1,7,0.7348484848484849,1.162121212121212,0.0625,0|2,2,4,8,16
haggling_multi_item/vegbrooke,Multi-item: vegbrooke,haggling_multi_item,exact-payoff (backbone-invariant),1001,psrl_notype,18,0.08181818181818179,0.9363636363636356,5,7,1.0803030303030303,1.162121212121212,0.0625,0|2,2,4,8,16
haggling_multi_item/vegbrooke,Multi-item: vegbrooke,haggling_multi_item,exact-payoff (backbone-invariant),1001,psrl_notype,19,0.08181818181818179,1.0181818181818174,5,7,1.0803030303030303,1.162121212121212,0.0625,0|2,2,4,8,16
haggling_multi_item/vegbrooke,Multi-item: vegbrooke,haggling_multi_item,exact-payoff (backbone-invariant),1001,psrl_notype,20,0.42727272727272725,1.4454545454545447,1,7,0.7348484848484849,1.162121212121212,0.0625,0|2,2,4,8,16
haggling_multi_item/vegbrooke,Multi-item: vegbrooke,haggling_multi_item,exact-payoff (backbone-invariant),1001,map_type_greedy,1,0.018181818181818077,0.018181818181818077,11,7,1.143939393939394,1.162121212121212,0.7356800919011807,0|2,2,4,8,16
haggling_multi_item/vegbrooke,Multi-item: vegbrooke,haggling_multi_item,exact-payoff (backbone-invariant),1001,map_type_greedy,2,0.0,0.018181818181818077,7,7,1.162121212121212,1.162121212121212,0.738666909067722,0|2,2,4,8,16
haggling_multi_item/vegbrooke,Multi-item: vegbrooke,haggling_multi_item,exact-payoff (backbone-invariant),1001,map_type_greedy,3,0.0,0.018181818181818077,7,7,1.162121212121212,1.162121212121212,0.7414387572513764,0|2,2,4,8,16
haggling_multi_item/vegbrooke,Multi-item: vegbrooke,haggling_multi_item,exact-payoff (backbone-invariant),1001,map_type_greedy,4,0.0,0.018181818181818077,7,7,1.162121212121212,1.162121212121212,0.7440286707031798,0|2,2,4,8,16
haggling_multi_item/vegbrooke,Multi-item: vegbrooke,haggling_multi_item,exact-payoff (backbone-invariant),1001,map_type_greedy,5,0.0,0.018181818181818077,7,7,1.162121212121212,1.162121212121212,0.7464635240203704,0|2,2,4,8,16
haggling_multi_item/vegbrooke,Multi-item: vegbrooke,haggling_multi_item,exact-payoff (backbone-invariant),1001,map_type_greedy,6,0.0,0.018181818181818077,7,7,1.162121212121212,1.162121212121212,0.7487652144043635,0|2,2,4,8,16
haggling_multi_item/vegbrooke,Multi-item: vegbrooke,haggling_multi_item,exact-payoff (backbone-invariant),1001,map_type_greedy,7,0.0,0.018181818181818077,7,7,1.162121212121212,1.162121212121212,0.7509516241491716,0|2,2,4,8,16
haggling_multi_item/vegbrooke,Multi-item: vegbrooke,haggling_multi_item,exact-payoff (backbone-invariant),1001,map_type_greedy,8,0.0,0.018181818181818077,7,7,1.162121212121212,1.162121212121212,0.7530374007356286,0|2,2,4,8,16
haggling_multi_item/vegbrooke,Multi-item: vegbrooke,haggling_multi_item,exact-payoff (backbone-invariant),1001,map_type_greedy,9,0.0,0.018181818181818077,7,7,1.162121212121212,1.162121212121212,0.7550345869748962,0|2,2,4,8,16
haggling_multi_item/vegbrooke,Multi-item: vegbrooke,haggling_multi_item,exact-payoff (backbone-invariant),1001,map_type_greedy,10,0.0,0.018181818181818077,7,7,1.162121212121212,1.162121212121212,0.7569531287340203,0|2,2,4,8,16
haggling_multi_item/vegbrooke,Multi-item: vegbrooke,haggling_multi_item,exact-payoff (backbone-invariant),1001,map_type_greedy,11,0.0,0.018181818181818077,7,7,1.162121212121212,1.162121212121212,0.75880128324276,0|2,2,4,8,16
haggling_multi_item/vegbrooke,Multi-item: vegbrooke,haggling_multi_item,exact-payoff (backbone-invariant),1001,map_type_greedy,12,0.0,0.018181818181818077,7,7,1.162121212121212,1.162121212121212,0.7605859469775189,0|2,2,4,8,16
haggling_multi_item/vegbrooke,Multi-item: vegbrooke,haggling_multi_item,exact-payoff (backbone-invariant),1001,map_type_greedy,13,0.0,0.018181818181818077,7,7,1.162121212121212,1.162121212121212,0.7623129186825873,0|2,2,4,8,16
haggling_multi_item/vegbrooke,Multi-item: vegbrooke,haggling_multi_item,exact-payoff (backbone-invariant),1001,map_type_greedy,14,0.0,0.018181818181818077,7,7,1.162121212121212,1.162121212121212,0.7639871101971167,0|2,2,4,8,16
haggling_multi_item/vegbrooke,Multi-item: vegbrooke,haggling_multi_item,exact-payoff (backbone-invariant),1001,map_type_greedy,15,0.0,0.018181818181818077,7,7,1.162121212121212,1.162121212121212,0.765612715355142,0|2,2,4,8,16
haggling_multi_item/vegbrooke,Multi-item: vegbrooke,haggling_multi_item,exact-payoff (backbone-invariant),1001,map_type_greedy,16,0.0,0.018181818181818077,7,7,1.162121212121212,1.162121212121212,0.7671933452516868,0|2,2,4,8,16
haggling_multi_item/vegbrooke,Multi-item: vegbrooke,haggling_multi_item,exact-payoff (backbone-invariant),1001,map_type_greedy,17,0.0,0.018181818181818077,7,7,1.162121212121212,1.162121212121212,0.7687321365562003,0|2,2,4,8,16
haggling_multi_item/vegbrooke,Multi-item: vegbrooke,haggling_multi_item,exact-payoff (backbone-invariant),1001,map_type_greedy,18,0.0,0.018181818181818077,7,7,1.162121212121212,1.162121212121212,0.7702318382456124,0|2,2,4,8,16
haggling_multi_item/vegbrooke,Multi-item: vegbrooke,haggling_multi_item,exact-payoff (backbone-invariant),1001,map_type_greedy,19,0.0,0.018181818181818077,7,7,1.162121212121212,1.162121212121212,0.7716948810704003,0|2,2,4,8,16
haggling_multi_item/vegbrooke,Multi-item: vegbrooke,haggling_multi_item,exact-payoff (backbone-invariant),1001,map_type_greedy,20,0.0,0.018181818181818077,7,7,1.162121212121212,1.162121212121212,0.7731234332129218,0|2,2,4,8,16
haggling_multi_item/vegbrooke,Multi-item: vegbrooke,haggling_multi_item,exact-payoff (backbone-invariant),1001,econ_bne,1,0.08181818181818179,0.08181818181818179,5,7,1.0803030303030303,1.162121212121212,0.0625,0|2,2,4,8,16
haggling_multi_item/vegbrooke,Multi-item: vegbrooke,haggling_multi_item,exact-payoff (backbone-invariant),1001,econ_bne,2,0.08181818181818179,0.16363636363636358,5,7,1.0803030303030303,1.162121212121212,0.0625,0|2,2,4,8,16
haggling_multi_item/vegbrooke,Multi-item: vegbrooke,haggling_multi_item,exact-payoff (backbone-invariant),1001,econ_bne,3,0.08181818181818179,0.24545454545454537,5,7,1.0803030303030303,1.162121212121212,0.0625,0|2,2,4,8,16
haggling_multi_item/vegbrooke,Multi-item: vegbrooke,haggling_multi_item,exact-payoff (backbone-invariant),1001,econ_bne,4,0.08181818181818179,0.32727272727272716,5,7,1.0803030303030303,1.162121212121212,0.0625,0|2,2,4,8,16
haggling_multi_item/vegbrooke,Multi-item: vegbrooke,haggling_multi_item,exact-payoff (backbone-invariant),1001,econ_bne,5,0.08181818181818179,0.40909090909090895,5,7,1.0803030303030303,1.162121212121212,0.0625,0|2,2,4,8,16
haggling_multi_item/vegbrooke,Multi-item: vegbrooke,haggling_multi_item,exact-payoff (backbone-invariant),1001,econ_bne,6,0.08181818181818179,0.49090909090909074,5,7,1.0803030303030303,1.162121212121212,0.0625,0|2,2,4,8,16
haggling_multi_item/vegbrooke,Multi-item: vegbrooke,haggling_multi_item,exact-payoff (backbone-invariant),1001,econ_bne,7,0.08181818181818179,0.5727272727272725,5,7,1.0803030303030303,1.162121212121212,0.0625,0|2,2,4,8,16
haggling_multi_item/vegbrooke,Multi-item: vegbrooke,haggling_multi_item,exact-payoff (backbone-invariant),1001,econ_bne,8,0.08181818181818179,0.6545454545454543,5,7,1.0803030303030303,1.162121212121212,0.0625,0|2,2,4,8,16
haggling_multi_item/vegbrooke,Multi-item: vegbrooke,haggling_multi_item,exact-payoff (backbone-invariant),1001,econ_bne,9,0.08181818181818179,0.7363636363636361,5,7,1.0803030303030303,1.162121212121212,0.0625,0|2,2,4,8,16
haggling_multi_item/vegbrooke,Multi-item: vegbrooke,haggling_multi_item,exact-payoff (backbone-invariant),1001,econ_bne,10,0.08181818181818179,0.8181818181818179,5,7,1.0803030303030303,1.162121212121212,0.0625,0|2,2,4,8,16
haggling_multi_item/vegbrooke,Multi-item: vegbrooke,haggling_multi_item,exact-payoff (backbone-invariant),1001,econ_bne,11,0.08181818181818179,0.8999999999999997,5,7,1.0803030303030303,1.162121212121212,0.0625,0|2,2,4,8,16
haggling_multi_item/vegbrooke,Multi-item: vegbrooke,haggling_multi_item,exact-payoff (backbone-invariant),1001,econ_bne,12,0.08181818181818179,0.9818181818181815,5,7,1.0803030303030303,1.162121212121212,0.0625,0|2,2,4,8,16
haggling_multi_item/vegbrooke,Multi-item: vegbrooke,haggling_multi_item,exact-payoff (backbone-invariant),1001,econ_bne,13,0.08181818181818179,1.0636363636363633,5,7,1.0803030303030303,1.162121212121212,0.0625,0|2,2,4,8,16
haggling_multi_item/vegbrooke,Multi-item: vegbrooke,haggling_multi_item,exact-payoff (backbone-invariant),1001,econ_bne,14,0.08181818181818179,1.145454545454545,5,7,1.0803030303030303,1.162121212121212,0.0625,0|2,2,4,8,16
haggling_multi_item/vegbrooke,Multi-item: vegbrooke,haggling_multi_item,exact-payoff (backbone-invariant),1001,econ_bne,15,0.08181818181818179,1.2272727272727268,5,7,1.0803030303030303,1.162121212121212,0.0625,0|2,2,4,8,16
haggling_multi_item/vegbrooke,Multi-item: vegbrooke,haggling_multi_item,exact-payoff (backbone-invariant),1001,econ_bne,16,0.08181818181818179,1.3090909090909086,5,7,1.0803030303030303,1.162121212121212,0.0625,0|2,2,4,8,16
haggling_multi_item/vegbrooke,Multi-item: vegbrooke,haggling_multi_item,exact-payoff (backbone-invariant),1001,econ_bne,17,0.08181818181818179,1.3909090909090904,5,7,1.0803030303030303,1.162121212121212,0.0625,0|2,2,4,8,16
haggling_multi_item/vegbrooke,Multi-item: vegbrooke,haggling_multi_item,exact-payoff (backbone-invariant),1001,econ_bne,18,0.08181818181818179,1.4727272727272722,5,7,1.0803030303030303,1.162121212121212,0.0625,0|2,2,4,8,16
haggling_multi_item/vegbrooke,Multi-item: vegbrooke,haggling_multi_item,exact-payoff (backbone-invariant),1001,econ_bne,19,0.08181818181818179,1.554545454545454,5,7,1.0803030303030303,1.162121212121212,0.0625,0|2,2,4,8,16
haggling_multi_item/vegbrooke,Multi-item: vegbrooke,haggling_multi_item,exact-payoff (backbone-invariant),1001,econ_bne,20,0.08181818181818179,1.6363636363636358,5,7,1.0803030303030303,1.162121212121212,0.0625,0|2,2,4,8,16
haggling_multi_item/vegbrooke,Multi-item: vegbrooke,haggling_multi_item,exact-payoff (backbone-invariant),1001,atom_tom1,1,0.42727272727272725,0.42727272727272725,1,7,0.7348484848484849,1.162121212121212,0.0625,0|2,2,4,8,16
haggling_multi_item/vegbrooke,Multi-item: vegbrooke,haggling_multi_item,exact-payoff (backbone-invariant),1001,atom_tom1,2,0.42727272727272725,0.8545454545454545,1,7,0.7348484848484849,1.162121212121212,0.0625,0|2,2,4,8,16
haggling_multi_item/vegbrooke,Multi-item: vegbrooke,haggling_multi_item,exact-payoff (backbone-invariant),1001,atom_tom1,3,0.42727272727272725,1.2818181818181817,1,7,0.7348484848484849,1.162121212121212,0.0625,0|2,2,4,8,16
haggling_multi_item/vegbrooke,Multi-item: vegbrooke,haggling_multi_item,exact-payoff (backbone-invariant),1001,atom_tom1,4,0.42727272727272725,1.709090909090909,1,7,0.7348484848484849,1.162121212121212,0.0625,0|2,2,4,8,16
haggling_multi_item/vegbrooke,Multi-item: vegbrooke,haggling_multi_item,exact-payoff (backbone-invariant),1001,atom_tom1,5,0.42727272727272725,2.1363636363636362,1,7,0.7348484848484849,1.162121212121212,0.0625,0|2,2,4,8,16
haggling_multi_item/vegbrooke,Multi-item: vegbrooke,haggling_multi_item,exact-payoff (backbone-invariant),1001,atom_tom1,6,0.42727272727272725,2.5636363636363635,1,7,0.7348484848484849,1.162121212121212,0.0625,0|2,2,4,8,16
haggling_multi_item/vegbrooke,Multi-item: vegbrooke,haggling_multi_item,exact-payoff (backbone-invariant),1001,atom_tom1,7,0.42727272727272725,2.9909090909090907,1,7,0.7348484848484849,1.162121212121212,0.0625,0|2,2,4,8,16
haggling_multi_item/vegbrooke,Multi-item: vegbrooke,haggling_multi_item,exact-payoff (backbone-invariant),1001,atom_tom1,8,0.42727272727272725,3.418181818181818,1,7,0.7348484848484849,1.162121212121212,0.0625,0|2,2,4,8,16
haggling_multi_item/vegbrooke,Multi-item: vegbrooke,haggling_multi_item,exact-payoff (backbone-invariant),1001,atom_tom1,9,0.42727272727272725,3.8454545454545452,1,7,0.7348484848484849,1.162121212121212,0.0625,0|2,2,4,8,16
haggling_multi_item/vegbrooke,Multi-item: vegbrooke,haggling_multi_item,exact-payoff (backbone-invariant),1001,atom_tom1,10,0.42727272727272725,4.2727272727272725,1,7,0.7348484848484849,1.162121212121212,0.0625,0|2,2,4,8,16
haggling_multi_item/vegbrooke,Multi-item: vegbrooke,haggling_multi_item,exact-payoff (backbone-invariant),1001,atom_tom1,11,0.42727272727272725,4.699999999999999,1,7,0.7348484848484849,1.162121212121212,0.0625,0|2,2,4,8,16
haggling_multi_item/vegbrooke,Multi-item: vegbrooke,haggling_multi_item,exact-payoff (backbone-invariant),1001,atom_tom1,12,0.42727272727272725,5.127272727272727,1,7,0.7348484848484849,1.162121212121212,0.0625,0|2,2,4,8,16
haggling_multi_item/vegbrooke,Multi-item: vegbrooke,haggling_multi_item,exact-payoff (backbone-invariant),1001,atom_tom1,13,0.42727272727272725,5.554545454545455,1,7,0.7348484848484849,1.162121212121212,0.0625,0|2,2,4,8,16
haggling_multi_item/vegbrooke,Multi-item: vegbrooke,haggling_multi_item,exact-payoff (backbone-invariant),1001,atom_tom1,14,0.42727272727272725,5.981818181818182,1,7,0.7348484848484849,1.162121212121212,0.0625,0|2,2,4,8,16
haggling_multi_item/vegbrooke,Multi-item: vegbrooke,haggling_multi_item,exact-payoff (backbone-invariant),1001,atom_tom1,15,0.42727272727272725,6.40909090909091,1,7,0.7348484848484849,1.162121212121212,0.0625,0|2,2,4,8,16
haggling_multi_item/vegbrooke,Multi-item: vegbrooke,haggling_multi_item,exact-payoff (backbone-invariant),1001,atom_tom1,16,0.42727272727272725,6.836363636363638,1,7,0.7348484848484849,1.162121212121212,0.0625,0|2,2,4,8,16
haggling_multi_item/vegbrooke,Multi-item: vegbrooke,haggling_multi_item,exact-payoff (backbone-invariant),1001,atom_tom1,17,0.42727272727272725,7.2636363636363654,1,7,0.7348484848484849,1.162121212121212,0.0625,0|2,2,4,8,16
haggling_multi_item/vegbrooke,Multi-item: vegbrooke,haggling_multi_item,exact-payoff (backbone-invariant),1001,atom_tom1,18,0.42727272727272725,7.690909090909093,1,7,0.7348484848484849,1.162121212121212,0.0625,0|2,2,4,8,16
haggling_multi_item/vegbrooke,Multi-item: vegbrooke,haggling_multi_item,exact-payoff (backbone-invariant),1001,atom_tom1,19,0.42727272727272725,8.11818181818182,1,7,0.7348484848484849,1.162121212121212,0.0625,0|2,2,4,8,16
haggling_multi_item/vegbrooke,Multi-item: vegbrooke,haggling_multi_item,exact-payoff (backbone-invariant),1001,atom_tom1,20,0.42727272727272725,8.545454545454549,1,7,0.7348484848484849,1.162121212121212,0.0625,0|2,2,4,8,16
haggling_multi_item/vegbrooke,Multi-item: vegbrooke,haggling_multi_item,exact-payoff (backbone-invariant),1001,random,1,0.8287878787878787,0.8287878787878787,20,7,0.33333333333333337,1.162121212121212,0.0625,0|2,2,4,8,16
haggling_multi_item/vegbrooke,Multi-item: vegbrooke,haggling_multi_item,exact-payoff (backbone-invariant),1001,random,2,0.8287878787878787,1.6575757575757575,14,7,0.33333333333333337,1.162121212121212,0.0625,0|2,2,4,8,16
haggling_multi_item/vegbrooke,Multi-item: vegbrooke,haggling_multi_item,exact-payoff (backbone-invariant),1001,random,3,0.5075757575757575,2.165151515151515,13,7,0.6545454545454547,1.162121212121212,0.0625,0|2,2,4,8,16
haggling_multi_item/vegbrooke,Multi-item: vegbrooke,haggling_multi_item,exact-payoff (backbone-invariant),1001,random,4,0.8287878787878787,2.9939393939393937,20,7,0.33333333333333337,1.162121212121212,0.0625,0|2,2,4,8,16
haggling_multi_item/vegbrooke,Multi-item: vegbrooke,haggling_multi_item,exact-payoff (backbone-invariant),1001,random,5,0.018181818181818077,3.0121212121212118,11,7,1.143939393939394,1.162121212121212,0.0625,0|2,2,4,8,16
haggling_multi_item/vegbrooke,Multi-item: vegbrooke,haggling_multi_item,exact-payoff (backbone-invariant),1001,random,6,0.8287878787878787,3.8409090909090904,12,7,0.33333333333333337,1.162121212121212,0.0625,0|2,2,4,8,16
haggling_multi_item/vegbrooke,Multi-item: vegbrooke,haggling_multi_item,exact-payoff (backbone-invariant),1001,random,7,0.009090909090909038,3.8499999999999996,9,7,1.153030303030303,1.162121212121212,0.0625,0|2,2,4,8,16
haggling_multi_item/vegbrooke,Multi-item: vegbrooke,haggling_multi_item,exact-payoff (backbone-invariant),1001,random,8,0.8287878787878787,4.678787878787879,6,7,0.33333333333333337,1.162121212121212,0.0625,0|2,2,4,8,16
haggling_multi_item/vegbrooke,Multi-item: vegbrooke,haggling_multi_item,exact-payoff (backbone-invariant),1001,random,9,0.8287878787878787,5.507575757575758,20,7,0.33333333333333337,1.162121212121212,0.0625,0|2,2,4,8,16
haggling_multi_item/vegbrooke,Multi-item: vegbrooke,haggling_multi_item,exact-payoff (backbone-invariant),1001,random,10,0.8287878787878787,6.336363636363637,22,7,0.33333333333333337,1.162121212121212,0.0625,0|2,2,4,8,16
haggling_multi_item/vegbrooke,Multi-item: vegbrooke,haggling_multi_item,exact-payoff (backbone-invariant),1001,random,11,0.009090909090909038,6.345454545454546,9,7,1.153030303030303,1.162121212121212,0.0625,0|2,2,4,8,16
haggling_multi_item/vegbrooke,Multi-item: vegbrooke,haggling_multi_item,exact-payoff (backbone-invariant),1001,random,12,0.8287878787878787,7.174242424242425,14,7,0.33333333333333337,1.162121212121212,0.0625,0|2,2,4,8,16
haggling_multi_item/vegbrooke,Multi-item: vegbrooke,haggling_multi_item,exact-payoff (backbone-invariant),1001,random,13,0.8287878787878787,8.003030303030304,12,7,0.33333333333333337,1.162121212121212,0.0625,0|2,2,4,8,16
haggling_multi_item/vegbrooke,Multi-item: vegbrooke,haggling_multi_item,exact-payoff (backbone-invariant),1001,random,14,0.8287878787878787,8.831818181818182,28,7,0.33333333333333337,1.162121212121212,0.0625,0|2,2,4,8,16
haggling_multi_item/vegbrooke,Multi-item: vegbrooke,haggling_multi_item,exact-payoff (backbone-invariant),1001,random,15,0.018181818181818077,8.85,11,7,1.143939393939394,1.162121212121212,0.0625,0|2,2,4,8,16
haggling_multi_item/vegbrooke,Multi-item: vegbrooke,haggling_multi_item,exact-payoff (backbone-invariant),1001,random,16,0.8287878787878787,9.678787878787878,20,7,0.33333333333333337,1.162121212121212,0.0625,0|2,2,4,8,16
haggling_multi_item/vegbrooke,Multi-item: vegbrooke,haggling_multi_item,exact-payoff (backbone-invariant),1001,random,17,0.1621212121212121,9.84090909090909,17,7,1.0,1.162121212121212,0.0625,0|2,2,4,8,16
haggling_multi_item/vegbrooke,Multi-item: vegbrooke,haggling_multi_item,exact-payoff (backbone-invariant),1001,random,18,0.8287878787878787,10.669696969696968,2,7,0.33333333333333337,1.162121212121212,0.0625,0|2,2,4,8,16
haggling_multi_item/vegbrooke,Multi-item: vegbrooke,haggling_multi_item,exact-payoff (backbone-invariant),1001,random,19,0.8287878787878787,11.498484848484846,18,7,0.33333333333333337,1.162121212121212,0.0625,0|2,2,4,8,16
haggling_multi_item/vegbrooke,Multi-item: vegbrooke,haggling_multi_item,exact-payoff (backbone-invariant),1001,random,20,0.33484848484848484,11.83333333333333,15,7,0.8272727272727273,1.162121212121212,0.0625,0|2,2,4,8,16
haggling_multi_item/fruitville_multi,Multi-item: fruitville,haggling_multi_item,exact-payoff (backbone-invariant),1001,pact,1,0.0,0.0,5,5,1.090909090909091,1.090909090909091,0.25,0|2,2,4,8,16
haggling_multi_item/fruitville_multi,Multi-item: fruitville,haggling_multi_item,exact-payoff (backbone-invariant),1001,pact,2,0.40909090909090917,0.40909090909090917,13,5,0.6818181818181819,1.090909090909091,0.4545363352928966,0|2,2,4,8,16
haggling_multi_item/fruitville_multi,Multi-item: fruitville,haggling_multi_item,exact-payoff (backbone-invariant),1001,pact,3,0.0,0.40909090909090917,5,5,1.090909090909091,1.090909090909091,0.4545363352928966,0|2,2,4,8,16
haggling_multi_item/fruitville_multi,Multi-item: fruitville,haggling_multi_item,exact-payoff (backbone-invariant),1001,pact,4,0.0,0.40909090909090917,5,5,1.090909090909091,1.090909090909091,0.4545363352928966,0|2,2,4,8,16
haggling_multi_item/fruitville_multi,Multi-item: fruitville,haggling_multi_item,exact-payoff (backbone-invariant),1001,pact,5,0.0,0.40909090909090917,5,5,1.090909090909091,1.090909090909091,0.4545363352928966,0|2,2,4,8,16
haggling_multi_item/fruitville_multi,Multi-item: fruitville,haggling_multi_item,exact-payoff (backbone-invariant),1001,pact,6,0.0,0.40909090909090917,5,5,1.090909090909091,1.090909090909091,0.4545363352928966,0|2,2,4,8,16
haggling_multi_item/fruitville_multi,Multi-item: fruitville,haggling_multi_item,exact-payoff (backbone-invariant),1001,pact,7,0.045454545454545414,0.4545454545454546,11,5,1.0454545454545456,1.090909090909091,0.9452690015165164,0|2,2,4,8,16
haggling_multi_item/fruitville_multi,Multi-item: fruitville,haggling_multi_item,exact-payoff (backbone-invariant),1001,pact,8,0.0,0.4545454545454546,5,5,1.090909090909091,1.090909090909091,0.9452690015165165,0|2,2,4,8,16
haggling_multi_item/fruitville_multi,Multi-item: fruitville,haggling_multi_item,exact-payoff (backbone-invariant),1001,pact,9,0.0,0.4545454545454546,5,5,1.090909090909091,1.090909090909091,0.9452690015165165,0|2,2,4,8,16
haggling_multi_item/fruitville_multi,Multi-item: fruitville,haggling_multi_item,exact-payoff (backbone-invariant),1001,pact,10,0.0,0.4545454545454546,5,5,1.090909090909091,1.090909090909091,0.9452690015165165,0|2,2,4,8,16
haggling_multi_item/fruitville_multi,Multi-item: fruitville,haggling_multi_item,exact-payoff (backbone-invariant),1001,pact,11,0.0,0.4545454545454546,5,5,1.090909090909091,1.090909090909091,0.9452690015165165,0|2,2,4,8,16
haggling_multi_item/fruitville_multi,Multi-item: fruitville,haggling_multi_item,exact-payoff (backbone-invariant),1001,pact,12,0.0,0.4545454545454546,5,5,1.090909090909091,1.090909090909091,0.9452690015165165,0|2,2,4,8,16
haggling_multi_item/fruitville_multi,Multi-item: fruitville,haggling_multi_item,exact-payoff (backbone-invariant),1001,pact,13,0.0,0.4545454545454546,5,5,1.090909090909091,1.090909090909091,0.9452690015165165,0|2,2,4,8,16
haggling_multi_item/fruitville_multi,Multi-item: fruitville,haggling_multi_item,exact-payoff (backbone-invariant),1001,pact,14,0.0,0.4545454545454546,5,5,1.090909090909091,1.090909090909091,0.9452690015165165,0|2,2,4,8,16
haggling_multi_item/fruitville_multi,Multi-item: fruitville,haggling_multi_item,exact-payoff (backbone-invariant),1001,pact,15,0.0,0.4545454545454546,5,5,1.090909090909091,1.090909090909091,0.9452690015165165,0|2,2,4,8,16
haggling_multi_item/fruitville_multi,Multi-item: fruitville,haggling_multi_item,exact-payoff (backbone-invariant),1001,pact,16,0.0,0.4545454545454546,5,5,1.090909090909091,1.090909090909091,0.9452690015165165,0|2,2,4,8,16
haggling_multi_item/fruitville_multi,Multi-item: fruitville,haggling_multi_item,exact-payoff (backbone-invariant),1001,pact,17,0.0,0.4545454545454546,5,5,1.090909090909091,1.090909090909091,0.9452690015165165,0|2,2,4,8,16
haggling_multi_item/fruitville_multi,Multi-item: fruitville,haggling_multi_item,exact-payoff (backbone-invariant),1001,pact,18,0.0,0.4545454545454546,5,5,1.090909090909091,1.090909090909091,0.9452690015165165,0|2,2,4,8,16
haggling_multi_item/fruitville_multi,Multi-item: fruitville,haggling_multi_item,exact-payoff (backbone-invariant),1001,pact,19,0.0,0.4545454545454546,5,5,1.090909090909091,1.090909090909091,0.9452690015165165,0|2,2,4,8,16
haggling_multi_item/fruitville_multi,Multi-item: fruitville,haggling_multi_item,exact-payoff (backbone-invariant),1001,pact,20,0.0,0.4545454545454546,5,5,1.090909090909091,1.090909090909091,0.9452690015165165,0|2,2,4,8,16
haggling_multi_item/fruitville_multi,Multi-item: fruitville,haggling_multi_item,exact-payoff (backbone-invariant),1001,pact_plus,1,0.045454545454545414,0.045454545454545414,11,5,1.0454545454545456,1.090909090909091,0.7394515569466337,0|2,2,4,8,16
haggling_multi_item/fruitville_multi,Multi-item: fruitville,haggling_multi_item,exact-payoff (backbone-invariant),1001,pact_plus,2,0.40909090909090917,0.4545454545454546,13,5,0.6818181818181819,1.090909090909091,0.9452690015165164,0|2,2,4,8,16
haggling_multi_item/fruitville_multi,Multi-item: fruitville,haggling_multi_item,exact-payoff (backbone-invariant),1001,pact_plus,3,0.0,0.4545454545454546,5,5,1.090909090909091,1.090909090909091,0.9452690015165166,0|2,2,4,8,16
haggling_multi_item/fruitville_multi,Multi-item: fruitville,haggling_multi_item,exact-payoff (backbone-invariant),1001,pact_plus,4,0.0,0.4545454545454546,5,5,1.090909090909091,1.090909090909091,0.9452690015165165,0|2,2,4,8,16
haggling_multi_item/fruitville_multi,Multi-item: fruitville,haggling_multi_item,exact-payoff (backbone-invariant),1001,pact_plus,5,0.0,0.4545454545454546,5,5,1.090909090909091,1.090909090909091,0.9452690015165165,0|2,2,4,8,16
haggling_multi_item/fruitville_multi,Multi-item: fruitville,haggling_multi_item,exact-payoff (backbone-invariant),1001,pact_plus,6,0.0,0.4545454545454546,5,5,1.090909090909091,1.090909090909091,0.9452690015165165,0|2,2,4,8,16
haggling_multi_item/fruitville_multi,Multi-item: fruitville,haggling_multi_item,exact-payoff (backbone-invariant),1001,pact_plus,7,0.0,0.4545454545454546,5,5,1.090909090909091,1.090909090909091,0.9452690015165165,0|2,2,4,8,16
haggling_multi_item/fruitville_multi,Multi-item: fruitville,haggling_multi_item,exact-payoff (backbone-invariant),1001,pact_plus,8,0.0,0.4545454545454546,5,5,1.090909090909091,1.090909090909091,0.9452690015165165,0|2,2,4,8,16
haggling_multi_item/fruitville_multi,Multi-item: fruitville,haggling_multi_item,exact-payoff (backbone-invariant),1001,pact_plus,9,0.0,0.4545454545454546,5,5,1.090909090909091,1.090909090909091,0.9452690015165165,0|2,2,4,8,16
haggling_multi_item/fruitville_multi,Multi-item: fruitville,haggling_multi_item,exact-payoff (backbone-invariant),1001,pact_plus,10,0.0,0.4545454545454546,5,5,1.090909090909091,1.090909090909091,0.9452690015165165,0|2,2,4,8,16
haggling_multi_item/fruitville_multi,Multi-item: fruitville,haggling_multi_item,exact-payoff (backbone-invariant),1001,pact_plus,11,0.0,0.4545454545454546,5,5,1.090909090909091,1.090909090909091,0.9452690015165165,0|2,2,4,8,16
haggling_multi_item/fruitville_multi,Multi-item: fruitville,haggling_multi_item,exact-payoff (backbone-invariant),1001,pact_plus,12,0.0,0.4545454545454546,5,5,1.090909090909091,1.090909090909091,0.9452690015165165,0|2,2,4,8,16
haggling_multi_item/fruitville_multi,Multi-item: fruitville,haggling_multi_item,exact-payoff (backbone-invariant),1001,pact_plus,13,0.0,0.4545454545454546,5,5,1.090909090909091,1.090909090909091,0.9452690015165165,0|2,2,4,8,16
haggling_multi_item/fruitville_multi,Multi-item: fruitville,haggling_multi_item,exact-payoff (backbone-invariant),1001,pact_plus,14,0.0,0.4545454545454546,5,5,1.090909090909091,1.090909090909091,0.9452690015165165,0|2,2,4,8,16
haggling_multi_item/fruitville_multi,Multi-item: fruitville,haggling_multi_item,exact-payoff (backbone-invariant),1001,pact_plus,15,0.0,0.4545454545454546,5,5,1.090909090909091,1.090909090909091,0.9452690015165165,0|2,2,4,8,16
haggling_multi_item/fruitville_multi,Multi-item: fruitville,haggling_multi_item,exact-payoff (backbone-invariant),1001,pact_plus,16,0.0,0.4545454545454546,5,5,1.090909090909091,1.090909090909091,0.9452690015165165,0|2,2,4,8,16
haggling_multi_item/fruitville_multi,Multi-item: fruitville,haggling_multi_item,exact-payoff (backbone-invariant),1001,pact_plus,17,0.0,0.4545454545454546,5,5,1.090909090909091,1.090909090909091,0.9452690015165165,0|2,2,4,8,16
haggling_multi_item/fruitville_multi,Multi-item: fruitville,haggling_multi_item,exact-payoff (backbone-invariant),1001,pact_plus,18,0.0,0.4545454545454546,5,5,1.090909090909091,1.090909090909091,0.9452690015165165,0|2,2,4,8,16
haggling_multi_item/fruitville_multi,Multi-item: fruitville,haggling_multi_item,exact-payoff (backbone-invariant),1001,pact_plus,19,0.0,0.4545454545454546,5,5,1.090909090909091,1.090909090909091,0.9452690015165165,0|2,2,4,8,16
haggling_multi_item/fruitville_multi,Multi-item: fruitville,haggling_multi_item,exact-payoff (backbone-invariant),1001,pact_plus,20,0.0,0.4545454545454546,5,5,1.090909090909091,1.090909090909091,0.9452690015165165,0|2,2,4,8,16
haggling_multi_item/fruitville_multi,Multi-item: fruitville,haggling_multi_item,exact-payoff (backbone-invariant),1001,joint_psrl_uniform,1,0.0,0.0,5,5,1.090909090909091,1.090909090909091,0.0625,0|2,2,4,8,16
haggling_multi_item/fruitville_multi,Multi-item: fruitville,haggling_multi_item,exact-payoff (backbone-invariant),1001,joint_psrl_uniform,2,0.2727272727272727,0.2727272727272727,1,5,0.8181818181818183,1.090909090909091,0.147303850737807,0|2,2,4,8,16
haggling_multi_item/fruitville_multi,Multi-item: fruitville,haggling_multi_item,exact-payoff (backbone-invariant),1001,joint_psrl_uniform,3,0.045454545454545414,0.3181818181818181,11,5,1.0454545454545456,1.090909090909091,0.8485463322806349,0|2,2,4,8,16
haggling_multi_item/fruitville_multi,Multi-item: fruitville,haggling_multi_item,exact-payoff (backbone-invariant),1001,joint_psrl_uniform,4,0.0,0.3181818181818181,5,5,1.090909090909091,1.090909090909091,0.8485463322806349,0|2,2,4,8,16
haggling_multi_item/fruitville_multi,Multi-item: fruitville,haggling_multi_item,exact-payoff (backbone-invariant),1001,joint_psrl_uniform,5,0.0,0.3181818181818181,5,5,1.090909090909091,1.090909090909091,0.8485463322806349,0|2,2,4,8,16
haggling_multi_item/fruitville_multi,Multi-item: fruitville,haggling_multi_item,exact-payoff (backbone-invariant),1001,joint_psrl_uniform,6,0.0,0.3181818181818181,5,5,1.090909090909091,1.090909090909091,0.8485463322806349,0|2,2,4,8,16
haggling_multi_item/fruitville_multi,Multi-item: fruitville,haggling_multi_item,exact-payoff (backbone-invariant),1001,joint_psrl_uniform,7,0.0,0.3181818181818181,5,5,1.090909090909091,1.090909090909091,0.8485463322806349,0|2,2,4,8,16
haggling_multi_item/fruitville_multi,Multi-item: fruitville,haggling_multi_item,exact-payoff (backbone-invariant),1001,joint_psrl_uniform,8,0.045454545454545414,0.36363636363636354,11,5,1.0454545454545456,1.090909090909091,0.9585520306858561,0|2,2,4,8,16
haggling_multi_item/fruitville_multi,Multi-item: fruitville,haggling_multi_item,exact-payoff (backbone-invariant),1001,joint_psrl_uniform,9,0.0,0.36363636363636354,5,5,1.090909090909091,1.090909090909091,0.9585520306858561,0|2,2,4,8,16
haggling_multi_item/fruitville_multi,Multi-item: fruitville,haggling_multi_item,exact-payoff (backbone-invariant),1001,joint_psrl_uniform,10,0.0,0.36363636363636354,5,5,1.090909090909091,1.090909090909091,0.9585520306858561,0|2,2,4,8,16
haggling_multi_item/fruitville_multi,Multi-item: fruitville,haggling_multi_item,exact-payoff (backbone-invariant),1001,joint_psrl_uniform,11,0.0,0.36363636363636354,5,5,1.090909090909091,1.090909090909091,0.9585520306858561,0|2,2,4,8,16
haggling_multi_item/fruitville_multi,Multi-item: fruitville,haggling_multi_item,exact-payoff (backbone-invariant),1001,joint_psrl_uniform,12,0.0,0.36363636363636354,5,5,1.090909090909091,1.090909090909091,0.9585520306858561,0|2,2,4,8,16
haggling_multi_item/fruitville_multi,Multi-item: fruitville,haggling_multi_item,exact-payoff (backbone-invariant),1001,joint_psrl_uniform,13,0.0,0.36363636363636354,5,5,1.090909090909091,1.090909090909091,0.9585520306858561,0|2,2,4,8,16
haggling_multi_item/fruitville_multi,Multi-item: fruitville,haggling_multi_item,exact-payoff (backbone-invariant),1001,joint_psrl_uniform,14,0.0,0.36363636363636354,5,5,1.090909090909091,1.090909090909091,0.9585520306858561,0|2,2,4,8,16
haggling_multi_item/fruitville_multi,Multi-item: fruitville,haggling_multi_item,exact-payoff (backbone-invariant),1001,joint_psrl_uniform,15,0.0,0.36363636363636354,5,5,1.090909090909091,1.090909090909091,0.9585520306858561,0|2,2,4,8,16
haggling_multi_item/fruitville_multi,Multi-item: fruitville,haggling_multi_item,exact-payoff (backbone-invariant),1001,joint_psrl_uniform,16,0.0,0.36363636363636354,5,5,1.090909090909091,1.090909090909091,0.9585520306858561,0|2,2,4,8,16
haggling_multi_item/fruitville_multi,Multi-item: fruitville,haggling_multi_item,exact-payoff (backbone-invariant),1001,joint_psrl_uniform,17,0.0,0.36363636363636354,5,5,1.090909090909091,1.090909090909091,0.9585520306858561,0|2,2,4,8,16
haggling_multi_item/fruitville_multi,Multi-item: fruitville,haggling_multi_item,exact-payoff (backbone-invariant),1001,joint_psrl_uniform,18,0.0,0.36363636363636354,5,5,1.090909090909091,1.090909090909091,0.9585520306858561,0|2,2,4,8,16
haggling_multi_item/fruitville_multi,Multi-item: fruitville,haggling_multi_item,exact-payoff (backbone-invariant),1001,joint_psrl_uniform,19,0.0,0.36363636363636354,5,5,1.090909090909091,1.090909090909091,0.9585520306858561,0|2,2,4,8,16
haggling_multi_item/fruitville_multi,Multi-item: fruitville,haggling_multi_item,exact-payoff (backbone-invariant),1001,joint_psrl_uniform,20,0.0,0.36363636363636354,5,5,1.090909090909091,1.090909090909091,0.9585520306858561,0|2,2,4,8,16
haggling_multi_item/fruitville_multi,Multi-item: fruitville,haggling_multi_item,exact-payoff (backbone-invariant),1001,psrl_notype,1,0.0,0.0,5,5,1.090909090909091,1.090909090909091,0.0625,0|2,2,4,8,16
haggling_multi_item/fruitville_multi,Multi-item: fruitville,haggling_multi_item,exact-payoff (backbone-invariant),1001,psrl_notype,2,0.0,0.0,5,5,1.090909090909091,1.090909090909091,0.0625,0|2,2,4,8,16
haggling_multi_item/fruitville_multi,Multi-item: fruitville,haggling_multi_item,exact-payoff (backbone-invariant),1001,psrl_notype,3,0.0,0.0,5,5,1.090909090909091,1.090909090909091,0.0625,0|2,2,4,8,16
haggling_multi_item/fruitville_multi,Multi-item: fruitville,haggling_multi_item,exact-payoff (backbone-invariant),1001,psrl_notype,4,0.0,0.0,5,5,1.090909090909091,1.090909090909091,0.0625,0|2,2,4,8,16
haggling_multi_item/fruitville_multi,Multi-item: fruitville,haggling_multi_item,exact-payoff (backbone-invariant),1001,psrl_notype,5,0.2727272727272727,0.2727272727272727,1,5,0.8181818181818183,1.090909090909091,0.0625,0|2,2,4,8,16
haggling_multi_item/fruitville_multi,Multi-item: fruitville,haggling_multi_item,exact-payoff (backbone-invariant),1001,psrl_notype,6,0.0,0.2727272727272727,5,5,1.090909090909091,1.090909090909091,0.0625,0|2,2,4,8,16
haggling_multi_item/fruitville_multi,Multi-item: fruitville,haggling_multi_item,exact-payoff (backbone-invariant),1001,psrl_notype,7,0.0,0.2727272727272727,5,5,1.090909090909091,1.090909090909091,0.0625,0|2,2,4,8,16
haggling_multi_item/fruitville_multi,Multi-item: fruitville,haggling_multi_item,exact-payoff (backbone-invariant),1001,psrl_notype,8,0.2727272727272727,0.5454545454545454,1,5,0.8181818181818183,1.090909090909091,0.0625,0|2,2,4,8,16
haggling_multi_item/fruitville_multi,Multi-item: fruitville,haggling_multi_item,exact-payoff (backbone-invariant),1001,psrl_notype,9,0.2727272727272727,0.8181818181818181,1,5,0.8181818181818183,1.090909090909091,0.0625,0|2,2,4,8,16
haggling_multi_item/fruitville_multi,Multi-item: fruitville,haggling_multi_item,exact-payoff (backbone-invariant),1001,psrl_notype,10,0.0,0.8181818181818181,5,5,1.090909090909091,1.090909090909091,0.0625,0|2,2,4,8,16
haggling_multi_item/fruitville_multi,Multi-item: fruitville,haggling_multi_item,exact-payoff (backbone-invariant),1001,psrl_notype,11,0.0,0.8181818181818181,5,5,1.090909090909091,1.090909090909091,0.0625,0|2,2,4,8,16
haggling_multi_item/fruitville_multi,Multi-item: fruitville,haggling_multi_item,exact-payoff (backbone-invariant),1001,psrl_notype,12,0.0,0.8181818181818181,5,5,1.090909090909091,1.090909090909091,0.0625,0|2,2,4,8,16
haggling_multi_item/fruitville_multi,Multi-item: fruitville,haggling_multi_item,exact-payoff (backbone-invariant),1001,psrl_notype,13,0.2727272727272727,1.0909090909090908,1,5,0.8181818181818183,1.090909090909091,0.0625,0|2,2,4,8,16
haggling_multi_item/fruitville_multi,Multi-item: fruitville,haggling_multi_item,exact-payoff (backbone-invariant),1001,psrl_notype,14,0.0,1.0909090909090908,5,5,1.090909090909091,1.090909090909091,0.0625,0|2,2,4,8,16
haggling_multi_item/fruitville_multi,Multi-item: fruitville,haggling_multi_item,exact-payoff (backbone-invariant),1001,psrl_notype,15,0.0,1.0909090909090908,5,5,1.090909090909091,1.090909090909091,0.0625,0|2,2,4,8,16
haggling_multi_item/fruitville_multi,Multi-item: fruitville,haggling_multi_item,exact-payoff (backbone-invariant),1001,psrl_notype,16,0.0,1.0909090909090908,5,5,1.090909090909091,1.090909090909091,0.0625,0|2,2,4,8,16
haggling_multi_item/fruitville_multi,Multi-item: fruitville,haggling_multi_item,exact-payoff (backbone-invariant),1001,psrl_notype,17,0.40909090909090917,1.5,13,5,0.6818181818181819,1.090909090909091,0.0625,0|2,2,4,8,16
haggling_multi_item/fruitville_multi,Multi-item: fruitville,haggling_multi_item,exact-payoff (backbone-invariant),1001,psrl_notype,18,0.2727272727272727,1.7727272727272727,1,5,0.8181818181818183,1.090909090909091,0.0625,0|2,2,4,8,16
haggling_multi_item/fruitville_multi,Multi-item: fruitville,haggling_multi_item,exact-payoff (backbone-invariant),1001,psrl_notype,19,0.0,1.7727272727272727,5,5,1.090909090909091,1.090909090909091,0.0625,0|2,2,4,8,16
haggling_multi_item/fruitville_multi,Multi-item: fruitville,haggling_multi_item,exact-payoff (backbone-invariant),1001,psrl_notype,20,0.40909090909090917,2.1818181818181817,13,5,0.6818181818181819,1.090909090909091,0.0625,0|2,2,4,8,16
haggling_multi_item/fruitville_multi,Multi-item: fruitville,haggling_multi_item,exact-payoff (backbone-invariant),1001,map_type_greedy,1,0.2727272727272727,0.2727272727272727,1,5,0.8181818181818183,1.090909090909091,0.38410446146702965,0|2,2,4,8,16
haggling_multi_item/fruitville_multi,Multi-item: fruitville,haggling_multi_item,exact-payoff (backbone-invariant),1001,map_type_greedy,2,0.0,0.2727272727272727,5,5,1.090909090909091,1.090909090909091,0.3841044614670297,0|2,2,4,8,16
haggling_multi_item/fruitville_multi,Multi-item: fruitville,haggling_multi_item,exact-payoff (backbone-invariant),1001,map_type_greedy,3,0.0,0.2727272727272727,5,5,1.090909090909091,1.090909090909091,0.3841044614670297,0|2,2,4,8,16
haggling_multi_item/fruitville_multi,Multi-item: fruitville,haggling_multi_item,exact-payoff (backbone-invariant),1001,map_type_greedy,4,0.0,0.2727272727272727,5,5,1.090909090909091,1.090909090909091,0.3841044614670297,0|2,2,4,8,16
haggling_multi_item/fruitville_multi,Multi-item: fruitville,haggling_multi_item,exact-payoff (backbone-invariant),1001,map_type_greedy,5,0.0,0.2727272727272727,5,5,1.090909090909091,1.090909090909091,0.3841044614670297,0|2,2,4,8,16
haggling_multi_item/fruitville_multi,Multi-item: fruitville,haggling_multi_item,exact-payoff (backbone-invariant),1001,map_type_greedy,6,0.0,0.2727272727272727,5,5,1.090909090909091,1.090909090909091,0.3841044614670297,0|2,2,4,8,16
haggling_multi_item/fruitville_multi,Multi-item: fruitville,haggling_multi_item,exact-payoff (backbone-invariant),1001,map_type_greedy,7,0.0,0.2727272727272727,5,5,1.090909090909091,1.090909090909091,0.3841044614670297,0|2,2,4,8,16
haggling_multi_item/fruitville_multi,Multi-item: fruitville,haggling_multi_item,exact-payoff (backbone-invariant),1001,map_type_greedy,8,0.0,0.2727272727272727,5,5,1.090909090909091,1.090909090909091,0.3841044614670297,0|2,2,4,8,16
haggling_multi_item/fruitville_multi,Multi-item: fruitville,haggling_multi_item,exact-payoff (backbone-invariant),1001,map_type_greedy,9,0.0,0.2727272727272727,5,5,1.090909090909091,1.090909090909091,0.3841044614670297,0|2,2,4,8,16
haggling_multi_item/fruitville_multi,Multi-item: fruitville,haggling_multi_item,exact-payoff (backbone-invariant),1001,map_type_greedy,10,0.0,0.2727272727272727,5,5,1.090909090909091,1.090909090909091,0.3841044614670297,0|2,2,4,8,16
haggling_multi_item/fruitville_multi,Multi-item: fruitville,haggling_multi_item,exact-payoff (backbone-invariant),1001,map_type_greedy,11,0.0,0.2727272727272727,5,5,1.090909090909091,1.090909090909091,0.3841044614670297,0|2,2,4,8,16
haggling_multi_item/fruitville_multi,Multi-item: fruitville,haggling_multi_item,exact-payoff (backbone-invariant),1001,map_type_greedy,12,0.0,0.2727272727272727,5,5,1.090909090909091,1.090909090909091,0.3841044614670297,0|2,2,4,8,16
haggling_multi_item/fruitville_multi,Multi-item: fruitville,haggling_multi_item,exact-payoff (backbone-invariant),1001,map_type_greedy,13,0.0,0.2727272727272727,5,5,1.090909090909091,1.090909090909091,0.3841044614670297,0|2,2,4,8,16
haggling_multi_item/fruitville_multi,Multi-item: fruitville,haggling_multi_item,exact-payoff (backbone-invariant),1001,map_type_greedy,14,0.0,0.2727272727272727,5,5,1.090909090909091,1.090909090909091,0.3841044614670297,0|2,2,4,8,16
haggling_multi_item/fruitville_multi,Multi-item: fruitville,haggling_multi_item,exact-payoff (backbone-invariant),1001,map_type_greedy,15,0.0,0.2727272727272727,5,5,1.090909090909091,1.090909090909091,0.3841044614670297,0|2,2,4,8,16
haggling_multi_item/fruitville_multi,Multi-item: fruitville,haggling_multi_item,exact-payoff (backbone-invariant),1001,map_type_greedy,16,0.0,0.2727272727272727,5,5,1.090909090909091,1.090909090909091,0.3841044614670297,0|2,2,4,8,16
haggling_multi_item/fruitville_multi,Multi-item: fruitville,haggling_multi_item,exact-payoff (backbone-invariant),1001,map_type_greedy,17,0.0,0.2727272727272727,5,5,1.090909090909091,1.090909090909091,0.3841044614670297,0|2,2,4,8,16
haggling_multi_item/fruitville_multi,Multi-item: fruitville,haggling_multi_item,exact-payoff (backbone-invariant),1001,map_type_greedy,18,0.0,0.2727272727272727,5,5,1.090909090909091,1.090909090909091,0.3841044614670297,0|2,2,4,8,16
haggling_multi_item/fruitville_multi,Multi-item: fruitville,haggling_multi_item,exact-payoff (backbone-invariant),1001,map_type_greedy,19,0.0,0.2727272727272727,5,5,1.090909090909091,1.090909090909091,0.3841044614670297,0|2,2,4,8,16
haggling_multi_item/fruitville_multi,Multi-item: fruitville,haggling_multi_item,exact-payoff (backbone-invariant),1001,map_type_greedy,20,0.0,0.2727272727272727,5,5,1.090909090909091,1.090909090909091,0.3841044614670297,0|2,2,4,8,16
haggling_multi_item/fruitville_multi,Multi-item: fruitville,haggling_multi_item,exact-payoff (backbone-invariant),1001,econ_bne,1,0.0,0.0,5,5,1.090909090909091,1.090909090909091,0.0625,0|2,2,4,8,16
haggling_multi_item/fruitville_multi,Multi-item: fruitville,haggling_multi_item,exact-payoff (backbone-invariant),1001,econ_bne,2,0.0,0.0,5,5,1.090909090909091,1.090909090909091,0.0625,0|2,2,4,8,16
haggling_multi_item/fruitville_multi,Multi-item: fruitville,haggling_multi_item,exact-payoff (backbone-invariant),1001,econ_bne,3,0.0,0.0,5,5,1.090909090909091,1.090909090909091,0.0625,0|2,2,4,8,16
haggling_multi_item/fruitville_multi,Multi-item: fruitville,haggling_multi_item,exact-payoff (backbone-invariant),1001,econ_bne,4,0.0,0.0,5,5,1.090909090909091,1.090909090909091,0.0625,0|2,2,4,8,16
haggling_multi_item/fruitville_multi,Multi-item: fruitville,haggling_multi_item,exact-payoff (backbone-invariant),1001,econ_bne,5,0.0,0.0,5,5,1.090909090909091,1.090909090909091,0.0625,0|2,2,4,8,16
haggling_multi_item/fruitville_multi,Multi-item: fruitville,haggling_multi_item,exact-payoff (backbone-invariant),1001,econ_bne,6,0.0,0.0,5,5,1.090909090909091,1.090909090909091,0.0625,0|2,2,4,8,16
haggling_multi_item/fruitville_multi,Multi-item: fruitville,haggling_multi_item,exact-payoff (backbone-invariant),1001,econ_bne,7,0.0,0.0,5,5,1.090909090909091,1.090909090909091,0.0625,0|2,2,4,8,16
haggling_multi_item/fruitville_multi,Multi-item: fruitville,haggling_multi_item,exact-payoff (backbone-invariant),1001,econ_bne,8,0.0,0.0,5,5,1.090909090909091,1.090909090909091,0.0625,0|2,2,4,8,16
haggling_multi_item/fruitville_multi,Multi-item: fruitville,haggling_multi_item,exact-payoff (backbone-invariant),1001,econ_bne,9,0.0,0.0,5,5,1.090909090909091,1.090909090909091,0.0625,0|2,2,4,8,16
haggling_multi_item/fruitville_multi,Multi-item: fruitville,haggling_multi_item,exact-payoff (backbone-invariant),1001,econ_bne,10,0.0,0.0,5,5,1.090909090909091,1.090909090909091,0.0625,0|2,2,4,8,16
haggling_multi_item/fruitville_multi,Multi-item: fruitville,haggling_multi_item,exact-payoff (backbone-invariant),1001,econ_bne,11,0.0,0.0,5,5,1.090909090909091,1.090909090909091,0.0625,0|2,2,4,8,16
haggling_multi_item/fruitville_multi,Multi-item: fruitville,haggling_multi_item,exact-payoff (backbone-invariant),1001,econ_bne,12,0.0,0.0,5,5,1.090909090909091,1.090909090909091,0.0625,0|2,2,4,8,16
haggling_multi_item/fruitville_multi,Multi-item: fruitville,haggling_multi_item,exact-payoff (backbone-invariant),1001,econ_bne,13,0.0,0.0,5,5,1.090909090909091,1.090909090909091,0.0625,0|2,2,4,8,16
haggling_multi_item/fruitville_multi,Multi-item: fruitville,haggling_multi_item,exact-payoff (backbone-invariant),1001,econ_bne,14,0.0,0.0,5,5,1.090909090909091,1.090909090909091,0.0625,0|2,2,4,8,16
haggling_multi_item/fruitville_multi,Multi-item: fruitville,haggling_multi_item,exact-payoff (backbone-invariant),1001,econ_bne,15,0.0,0.0,5,5,1.090909090909091,1.090909090909091,0.0625,0|2,2,4,8,16
haggling_multi_item/fruitville_multi,Multi-item: fruitville,haggling_multi_item,exact-payoff (backbone-invariant),1001,econ_bne,16,0.0,0.0,5,5,1.090909090909091,1.090909090909091,0.0625,0|2,2,4,8,16
haggling_multi_item/fruitville_multi,Multi-item: fruitville,haggling_multi_item,exact-payoff (backbone-invariant),1001,econ_bne,17,0.0,0.0,5,5,1.090909090909091,1.090909090909091,0.0625,0|2,2,4,8,16
haggling_multi_item/fruitville_multi,Multi-item: fruitville,haggling_multi_item,exact-payoff (backbone-invariant),1001,econ_bne,18,0.0,0.0,5,5,1.090909090909091,1.090909090909091,0.0625,0|2,2,4,8,16
haggling_multi_item/fruitville_multi,Multi-item: fruitville,haggling_multi_item,exact-payoff (backbone-invariant),1001,econ_bne,19,0.0,0.0,5,5,1.090909090909091,1.090909090909091,0.0625,0|2,2,4,8,16
haggling_multi_item/fruitville_multi,Multi-item: fruitville,haggling_multi_item,exact-payoff (backbone-invariant),1001,econ_bne,20,0.0,0.0,5,5,1.090909090909091,1.090909090909091,0.0625,0|2,2,4,8,16
haggling_multi_item/fruitville_multi,Multi-item: fruitville,haggling_multi_item,exact-payoff (backbone-invariant),1001,atom_tom1,1,0.2727272727272727,0.2727272727272727,1,5,0.8181818181818183,1.090909090909091,0.0625,0|2,2,4,8,16
haggling_multi_item/fruitville_multi,Multi-item: fruitville,haggling_multi_item,exact-payoff (backbone-invariant),1001,atom_tom1,2,0.2727272727272727,0.5454545454545454,1,5,0.8181818181818183,1.090909090909091,0.0625,0|2,2,4,8,16
haggling_multi_item/fruitville_multi,Multi-item: fruitville,haggling_multi_item,exact-payoff (backbone-invariant),1001,atom_tom1,3,0.2727272727272727,0.8181818181818181,1,5,0.8181818181818183,1.090909090909091,0.0625,0|2,2,4,8,16
haggling_multi_item/fruitville_multi,Multi-item: fruitville,haggling_multi_item,exact-payoff (backbone-invariant),1001,atom_tom1,4,0.2727272727272727,1.0909090909090908,1,5,0.8181818181818183,1.090909090909091,0.0625,0|2,2,4,8,16
haggling_multi_item/fruitville_multi,Multi-item: fruitville,haggling_multi_item,exact-payoff (backbone-invariant),1001,atom_tom1,5,0.2727272727272727,1.3636363636363635,1,5,0.8181818181818183,1.090909090909091,0.0625,0|2,2,4,8,16
haggling_multi_item/fruitville_multi,Multi-item: fruitville,haggling_multi_item,exact-payoff (backbone-invariant),1001,atom_tom1,6,0.2727272727272727,1.6363636363636362,1,5,0.8181818181818183,1.090909090909091,0.0625,0|2,2,4,8,16
haggling_multi_item/fruitville_multi,Multi-item: fruitville,haggling_multi_item,exact-payoff (backbone-invariant),1001,atom_tom1,7,0.2727272727272727,1.909090909090909,1,5,0.8181818181818183,1.090909090909091,0.0625,0|2,2,4,8,16
haggling_multi_item/fruitville_multi,Multi-item: fruitville,haggling_multi_item,exact-payoff (backbone-invariant),1001,atom_tom1,8,0.2727272727272727,2.1818181818181817,1,5,0.8181818181818183,1.090909090909091,0.0625,0|2,2,4,8,16
haggling_multi_item/fruitville_multi,Multi-item: fruitville,haggling_multi_item,exact-payoff (backbone-invariant),1001,atom_tom1,9,0.2727272727272727,2.454545454545454,1,5,0.8181818181818183,1.090909090909091,0.0625,0|2,2,4,8,16
haggling_multi_item/fruitville_multi,Multi-item: fruitville,haggling_multi_item,exact-payoff (backbone-invariant),1001,atom_tom1,10,0.2727272727272727,2.7272727272727266,1,5,0.8181818181818183,1.090909090909091,0.0625,0|2,2,4,8,16
haggling_multi_item/fruitville_multi,Multi-item: fruitville,haggling_multi_item,exact-payoff (backbone-invariant),1001,atom_tom1,11,0.2727272727272727,2.999999999999999,1,5,0.8181818181818183,1.090909090909091,0.0625,0|2,2,4,8,16
haggling_multi_item/fruitville_multi,Multi-item: fruitville,haggling_multi_item,exact-payoff (backbone-invariant),1001,atom_tom1,12,0.2727272727272727,3.2727272727272716,1,5,0.8181818181818183,1.090909090909091,0.0625,0|2,2,4,8,16
haggling_multi_item/fruitville_multi,Multi-item: fruitville,haggling_multi_item,exact-payoff (backbone-invariant),1001,atom_tom1,13,0.2727272727272727,3.545454545454544,1,5,0.8181818181818183,1.090909090909091,0.0625,0|2,2,4,8,16
haggling_multi_item/fruitville_multi,Multi-item: fruitville,haggling_multi_item,exact-payoff (backbone-invariant),1001,atom_tom1,14,0.2727272727272727,3.8181818181818166,1,5,0.8181818181818183,1.090909090909091,0.0625,0|2,2,4,8,16
haggling_multi_item/fruitville_multi,Multi-item: fruitville,haggling_multi_item,exact-payoff (backbone-invariant),1001,atom_tom1,15,0.2727272727272727,4.090909090909089,1,5,0.8181818181818183,1.090909090909091,0.0625,0|2,2,4,8,16
haggling_multi_item/fruitville_multi,Multi-item: fruitville,haggling_multi_item,exact-payoff (backbone-invariant),1001,atom_tom1,16,0.2727272727272727,4.3636363636363615,1,5,0.8181818181818183,1.090909090909091,0.0625,0|2,2,4,8,16
haggling_multi_item/fruitville_multi,Multi-item: fruitville,haggling_multi_item,exact-payoff (backbone-invariant),1001,atom_tom1,17,0.2727272727272727,4.636363636363634,1,5,0.8181818181818183,1.090909090909091,0.0625,0|2,2,4,8,16
haggling_multi_item/fruitville_multi,Multi-item: fruitville,haggling_multi_item,exact-payoff (backbone-invariant),1001,atom_tom1,18,0.2727272727272727,4.9090909090909065,1,5,0.8181818181818183,1.090909090909091,0.0625,0|2,2,4,8,16
haggling_multi_item/fruitville_multi,Multi-item: fruitville,haggling_multi_item,exact-payoff (backbone-invariant),1001,atom_tom1,19,0.2727272727272727,5.181818181818179,1,5,0.8181818181818183,1.090909090909091,0.0625,0|2,2,4,8,16
haggling_multi_item/fruitville_multi,Multi-item: fruitville,haggling_multi_item,exact-payoff (backbone-invariant),1001,atom_tom1,20,0.2727272727272727,5.4545454545454515,1,5,0.8181818181818183,1.090909090909091,0.0625,0|2,2,4,8,16
haggling_multi_item/fruitville_multi,Multi-item: fruitville,haggling_multi_item,exact-payoff (backbone-invariant),1001,random,1,0.6060606060606062,0.6060606060606062,20,5,0.4848484848484849,1.090909090909091,0.0625,0|2,2,4,8,16
haggling_multi_item/fruitville_multi,Multi-item: fruitville,haggling_multi_item,exact-payoff (backbone-invariant),1001,random,2,0.6060606060606062,1.2121212121212124,14,5,0.4848484848484849,1.090909090909091,0.0625,0|2,2,4,8,16
haggling_multi_item/fruitville_multi,Multi-item: fruitville,haggling_multi_item,exact-payoff (backbone-invariant),1001,random,3,0.40909090909090917,1.6212121212121215,13,5,0.6818181818181819,1.090909090909091,0.0625,0|2,2,4,8,16
haggling_multi_item/fruitville_multi,Multi-item: fruitville,haggling_multi_item,exact-payoff (backbone-invariant),1001,random,4,0.6060606060606062,2.2272727272727275,20,5,0.4848484848484849,1.090909090909091,0.0625,0|2,2,4,8,16
haggling_multi_item/fruitville_multi,Multi-item: fruitville,haggling_multi_item,exact-payoff (backbone-invariant),1001,random,5,0.045454545454545414,2.272727272727273,11,5,1.0454545454545456,1.090909090909091,0.0625,0|2,2,4,8,16
haggling_multi_item/fruitville_multi,Multi-item: fruitville,haggling_multi_item,exact-payoff (backbone-invariant),1001,random,6,0.6060606060606062,2.878787878787879,12,5,0.4848484848484849,1.090909090909091,0.0625,0|2,2,4,8,16
haggling_multi_item/fruitville_multi,Multi-item: fruitville,haggling_multi_item,exact-payoff (backbone-invariant),1001,random,7,0.030303030303030498,2.909090909090909,9,5,1.0606060606060606,1.090909090909091,0.0625,0|2,2,4,8,16
haggling_multi_item/fruitville_multi,Multi-item: fruitville,haggling_multi_item,exact-payoff (backbone-invariant),1001,random,8,0.6060606060606062,3.5151515151515156,6,5,0.4848484848484849,1.090909090909091,0.0625,0|2,2,4,8,16
haggling_multi_item/fruitville_multi,Multi-item: fruitville,haggling_multi_item,exact-payoff (backbone-invariant),1001,random,9,0.6060606060606062,4.121212121212122,20,5,0.4848484848484849,1.090909090909091,0.0625,0|2,2,4,8,16
haggling_multi_item/fruitville_multi,Multi-item: fruitville,haggling_multi_item,exact-payoff (backbone-invariant),1001,random,10,0.6060606060606062,4.727272727272728,22,5,0.4848484848484849,1.090909090909091,0.0625,0|2,2,4,8,16
haggling_multi_item/fruitville_multi,Multi-item: fruitville,haggling_multi_item,exact-payoff (backbone-invariant),1001,random,11,0.030303030303030498,4.757575757575759,9,5,1.0606060606060606,1.090909090909091,0.0625,0|2,2,4,8,16
haggling_multi_item/fruitville_multi,Multi-item: fruitville,haggling_multi_item,exact-payoff (backbone-invariant),1001,random,12,0.6060606060606062,5.363636363636365,14,5,0.4848484848484849,1.090909090909091,0.0625,0|2,2,4,8,16
haggling_multi_item/fruitville_multi,Multi-item: fruitville,haggling_multi_item,exact-payoff (backbone-invariant),1001,random,13,0.6060606060606062,5.9696969696969715,12,5,0.4848484848484849,1.090909090909091,0.0625,0|2,2,4,8,16
haggling_multi_item/fruitville_multi,Multi-item: fruitville,haggling_multi_item,exact-payoff (backbone-invariant),1001,random,14,0.6060606060606062,6.575757575757578,28,5,0.4848484848484849,1.090909090909091,0.0625,0|2,2,4,8,16
haggling_multi_item/fruitville_multi,Multi-item: fruitville,haggling_multi_item,exact-payoff (backbone-invariant),1001,random,15,0.045454545454545414,6.621212121212123,11,5,1.0454545454545456,1.090909090909091,0.0625,0|2,2,4,8,16
haggling_multi_item/fruitville_multi,Multi-item: fruitville,haggling_multi_item,exact-payoff (backbone-invariant),1001,random,16,0.6060606060606062,7.227272727272729,20,5,0.4848484848484849,1.090909090909091,0.0625,0|2,2,4,8,16
haggling_multi_item/fruitville_multi,Multi-item: fruitville,haggling_multi_item,exact-payoff (backbone-invariant),1001,random,17,0.13636363636363646,7.363636363636366,17,5,0.9545454545454546,1.090909090909091,0.0625,0|2,2,4,8,16
haggling_multi_item/fruitville_multi,Multi-item: fruitville,haggling_multi_item,exact-payoff (backbone-invariant),1001,random,18,0.6060606060606062,7.969696969696972,2,5,0.4848484848484849,1.090909090909091,0.0625,0|2,2,4,8,16
haggling_multi_item/fruitville_multi,Multi-item: fruitville,haggling_multi_item,exact-payoff (backbone-invariant),1001,random,19,0.6060606060606062,8.575757575757578,18,5,0.4848484848484849,1.090909090909091,0.0625,0|2,2,4,8,16
haggling_multi_item/fruitville_multi,Multi-item: fruitville,haggling_multi_item,exact-payoff (backbone-invariant),1001,random,20,0.2727272727272727,8.848484848484851,15,5,0.8181818181818183,1.090909090909091,0.0625,0|2,2,4,8,16
pub/london,Pub: london,pub,exact-payoff (backbone-invariant),1002,pact,1,0.0,0.0,12,12,3.170564651742297,3.170564651742297,0.4283258342219543,3|2|3|1,4,4,16,256
pub/london,Pub: london,pub,exact-payoff (backbone-invariant),1002,pact,2,0.0,0.0,12,12,3.170564651742297,3.170564651742297,0.5493516991183582,3|2|3|1,4,4,16,256
pub/london,Pub: london,pub,exact-payoff (backbone-invariant),1002,pact,3,0.0,0.0,12,12,3.170564651742297,3.170564651742297,0.6116942057674263,3|2|3|1,4,4,16,256
pub/london,Pub: london,pub,exact-payoff (backbone-invariant),1002,pact,4,0.0,0.0,12,12,3.170564651742297,3.170564651742297,0.6428143413076155,3|2|3|1,4,4,16,256
pub/london,Pub: london,pub,exact-payoff (backbone-invariant),1002,pact,5,0.0,0.0,12,12,3.170564651742297,3.170564651742297,0.6608868445328537,3|2|3|1,4,4,16,256
pub/london,Pub: london,pub,exact-payoff (backbone-invariant),1002,pact,6,0.0,0.0,12,12,3.170564651742297,3.170564651742297,0.6738219494965065,3|2|3|1,4,4,16,256
pub/london,Pub: london,pub,exact-payoff (backbone-invariant),1002,pact,7,0.0,0.0,12,12,3.170564651742297,3.170564651742297,0.6847340438672459,3|2|3|1,4,4,16,256
pub/london,Pub: london,pub,exact-payoff (backbone-invariant),1002,pact,8,0.0,0.0,12,12,3.170564651742297,3.170564651742297,0.6948100993775111,3|2|3|1,4,4,16,256
pub/london,Pub: london,pub,exact-payoff (backbone-invariant),1002,pact,9,0.0,0.0,12,12,3.170564651742297,3.170564651742297,0.7044778646926977,3|2|3|1,4,4,16,256
pub/london,Pub: london,pub,exact-payoff (backbone-invariant),1002,pact,10,0.0,0.0,12,12,3.170564651742297,3.170564651742297,0.7138643793468039,3|2|3|1,4,4,16,256
pub/london,Pub: london,pub,exact-payoff (backbone-invariant),1002,pact,11,0.0,0.0,12,12,3.170564651742297,3.170564651742297,0.7229786961406178,3|2|3|1,4,4,16,256
pub/london,Pub: london,pub,exact-payoff (backbone-invariant),1002,pact,12,0.0,0.0,12,12,3.170564651742297,3.170564651742297,0.7317868115469048,3|2|3|1,4,4,16,256
pub/london,Pub: london,pub,exact-payoff (backbone-invariant),1002,pact,13,0.0,0.0,12,12,3.170564651742297,3.170564651742297,0.7402433361594386,3|2|3|1,4,4,16,256
pub/london,Pub: london,pub,exact-payoff (backbone-invariant),1002,pact,14,0.0,0.0,12,12,3.170564651742297,3.170564651742297,0.7483051696324035,3|2|3|1,4,4,16,256
pub/london,Pub: london,pub,exact-payoff (backbone-invariant),1002,pact,15,0.0,0.0,12,12,3.170564651742297,3.170564651742297,0.7559373200870686,3|2|3|1,4,4,16,256
pub/london,Pub: london,pub,exact-payoff (backbone-invariant),1002,pact,16,0.0,0.0,12,12,3.170564651742297,3.170564651742297,0.763115064285092,3|2|3|1,4,4,16,256
pub/london,Pub: london,pub,exact-payoff (backbone-invariant),1002,pact,17,0.0,0.0,12,12,3.170564651742297,3.170564651742297,0.7698242698943697,3|2|3|1,4,4,16,256
pub/london,Pub: london,pub,exact-payoff (backbone-invariant),1002,pact,18,0.0,0.0,12,12,3.170564651742297,3.170564651742297,0.7760607368744912,3|2|3|1,4,4,16,256
pub/london,Pub: london,pub,exact-payoff (backbone-invariant),1002,pact,19,0.0,0.0,12,12,3.170564651742297,3.170564651742297,0.7818290117960275,3|2|3|1,4,4,16,256
pub/london,Pub: london,pub,exact-payoff (backbone-invariant),1002,pact,20,0.0,0.0,12,12,3.170564651742297,3.170564651742297,0.7871409478714451,3|2|3|1,4,4,16,256
pub/london,Pub: london,pub,exact-payoff (backbone-invariant),1002,pact_plus,1,0.0,0.0,12,12,3.170564651742297,3.170564651742297,0.4283258342219543,3|2|3|1,4,4,16,256
pub/london,Pub: london,pub,exact-payoff (backbone-invariant),1002,pact_plus,2,0.0,0.0,12,12,3.170564651742297,3.170564651742297,0.5493516991183582,3|2|3|1,4,4,16,256
pub/london,Pub: london,pub,exact-payoff (backbone-invariant),1002,pact_plus,3,0.0,0.0,12,12,3.170564651742297,3.170564651742297,0.6116942057674263,3|2|3|1,4,4,16,256
pub/london,Pub: london,pub,exact-payoff (backbone-invariant),1002,pact_plus,4,0.0,0.0,12,12,3.170564651742297,3.170564651742297,0.6428143413076155,3|2|3|1,4,4,16,256
pub/london,Pub: london,pub,exact-payoff (backbone-invariant),1002,pact_plus,5,0.0,0.0,12,12,3.170564651742297,3.170564651742297,0.6608868445328537,3|2|3|1,4,4,16,256
pub/london,Pub: london,pub,exact-payoff (backbone-invariant),1002,pact_plus,6,0.0,0.0,12,12,3.170564651742297,3.170564651742297,0.6738219494965065,3|2|3|1,4,4,16,256
pub/london,Pub: london,pub,exact-payoff (backbone-invariant),1002,pact_plus,7,0.0,0.0,12,12,3.170564651742297,3.170564651742297,0.6847340438672459,3|2|3|1,4,4,16,256
pub/london,Pub: london,pub,exact-payoff (backbone-invariant),1002,pact_plus,8,0.0,0.0,12,12,3.170564651742297,3.170564651742297,0.6948100993775111,3|2|3|1,4,4,16,256
pub/london,Pub: london,pub,exact-payoff (backbone-invariant),1002,pact_plus,9,0.0,0.0,12,12,3.170564651742297,3.170564651742297,0.7044778646926977,3|2|3|1,4,4,16,256
pub/london,Pub: london,pub,exact-payoff (backbone-invariant),1002,pact_plus,10,0.0,0.0,12,12,3.170564651742297,3.170564651742297,0.7138643793468039,3|2|3|1,4,4,16,256
pub/london,Pub: london,pub,exact-payoff (backbone-invariant),1002,pact_plus,11,0.0,0.0,12,12,3.170564651742297,3.170564651742297,0.7229786961406178,3|2|3|1,4,4,16,256
pub/london,Pub: london,pub,exact-payoff (backbone-invariant),1002,pact_plus,12,0.0,0.0,12,12,3.170564651742297,3.170564651742297,0.7317868115469048,3|2|3|1,4,4,16,256
pub/london,Pub: london,pub,exact-payoff (backbone-invariant),1002,pact_plus,13,0.0,0.0,12,12,3.170564651742297,3.170564651742297,0.7402433361594386,3|2|3|1,4,4,16,256
pub/london,Pub: london,pub,exact-payoff (backbone-invariant),1002,pact_plus,14,0.0,0.0,12,12,3.170564651742297,3.170564651742297,0.7483051696324035,3|2|3|1,4,4,16,256
pub/london,Pub: london,pub,exact-payoff (backbone-invariant),1002,pact_plus,15,0.0,0.0,12,12,3.170564651742297,3.170564651742297,0.7559373200870686,3|2|3|1,4,4,16,256
pub/london,Pub: london,pub,exact-payoff (backbone-invariant),1002,pact_plus,16,0.0,0.0,12,12,3.170564651742297,3.170564651742297,0.763115064285092,3|2|3|1,4,4,16,256
pub/london,Pub: london,pub,exact-payoff (backbone-invariant),1002,pact_plus,17,0.0,0.0,12,12,3.170564651742297,3.170564651742297,0.7698242698943697,3|2|3|1,4,4,16,256
pub/london,Pub: london,pub,exact-payoff (backbone-invariant),1002,pact_plus,18,0.0,0.0,12,12,3.170564651742297,3.170564651742297,0.7760607368744912,3|2|3|1,4,4,16,256
pub/london,Pub: london,pub,exact-payoff (backbone-invariant),1002,pact_plus,19,0.0,0.0,12,12,3.170564651742297,3.170564651742297,0.7818290117960275,3|2|3|1,4,4,16,256
pub/london,Pub: london,pub,exact-payoff (backbone-invariant),1002,pact_plus,20,0.0,0.0,12,12,3.170564651742297,3.170564651742297,0.7871409478714451,3|2|3|1,4,4,16,256
pub/london,Pub: london,pub,exact-payoff (backbone-invariant),1002,joint_psrl_uniform,1,0.0,0.0,12,12,3.170564651742297,3.170564651742297,0.024562125423402078,3|2|3|1,4,4,16,256
pub/london,Pub: london,pub,exact-payoff (backbone-invariant),1002,joint_psrl_uniform,2,0.273942408754416,0.273942408754416,15,12,2.896622242987881,3.170564651742297,0.04647934083802492,3|2|3|1,4,4,16,256
pub/london,Pub: london,pub,exact-payoff (backbone-invariant),1002,joint_psrl_uniform,3,0.0,0.273942408754416,12,12,3.170564651742297,3.170564651742297,0.07047351975838978,3|2|3|1,4,4,16,256
pub/london,Pub: london,pub,exact-payoff (backbone-invariant),1002,joint_psrl_uniform,4,0.0,0.273942408754416,12,12,3.170564651742297,3.170564651742297,0.0883945723060964,3|2|3|1,4,4,16,256
pub/london,Pub: london,pub,exact-payoff (backbone-invariant),1002,joint_psrl_uniform,5,0.0,0.273942408754416,12,12,3.170564651742297,3.170564651742297,0.10233793441223371,3|2|3|1,4,4,16,256
pub/london,Pub: london,pub,exact-payoff (backbone-invariant),1002,joint_psrl_uniform,6,0.0,0.273942408754416,12,12,3.170564651742297,3.170564651742297,0.11444727906909759,3|2|3|1,4,4,16,256
pub/london,Pub: london,pub,exact-payoff (backbone-invariant),1002,joint_psrl_uniform,7,0.0,0.273942408754416,12,12,3.170564651742297,3.170564651742297,0.12585148921236214,3|2|3|1,4,4,16,256
pub/london,Pub: london,pub,exact-payoff (backbone-invariant),1002,joint_psrl_uniform,8,0.0,0.273942408754416,12,12,3.170564651742297,3.170564651742297,0.1370285261164129,3|2|3|1,4,4,16,256
pub/london,Pub: london,pub,exact-payoff (backbone-invariant),1002,joint_psrl_uniform,9,0.0,0.273942408754416,12,12,3.170564651742297,3.170564651742297,0.14813869197097596,3|2|3|1,4,4,16,256
pub/london,Pub: london,pub,exact-payoff (backbone-invariant),1002,joint_psrl_uniform,10,0.0,0.273942408754416,12,12,3.170564651742297,3.170564651742297,0.15919904828692258,3|2|3|1,4,4,16,256
pub/london,Pub: london,pub,exact-payoff (backbone-invariant),1002,joint_psrl_uniform,11,0.0,0.273942408754416,12,12,3.170564651742297,3.170564651742297,0.17016551766194551,3|2|3|1,4,4,16,256
pub/london,Pub: london,pub,exact-payoff (backbone-invariant),1002,joint_psrl_uniform,12,0.0,0.273942408754416,12,12,3.170564651742297,3.170564651742297,0.18097128205576135,3|2|3|1,4,4,16,256
pub/london,Pub: london,pub,exact-payoff (backbone-invariant),1002,joint_psrl_uniform,13,0.0,0.273942408754416,12,12,3.170564651742297,3.170564651742297,0.19154524040610674,3|2|3|1,4,4,16,256
pub/london,Pub: london,pub,exact-payoff (backbone-invariant),1002,joint_psrl_uniform,14,0.0,0.273942408754416,12,12,3.170564651742297,3.170564651742297,0.20182116649926907,3|2|3|1,4,4,16,256
pub/london,Pub: london,pub,exact-payoff (backbone-invariant),1002,joint_psrl_uniform,15,0.0,0.273942408754416,12,12,3.170564651742297,3.170564651742297,0.21174226104964877,3|2|3|1,4,4,16,256
pub/london,Pub: london,pub,exact-payoff (backbone-invariant),1002,joint_psrl_uniform,16,0.0,0.273942408754416,12,12,3.170564651742297,3.170564651742297,0.22126321058383602,3|2|3|1,4,4,16,256
pub/london,Pub: london,pub,exact-payoff (backbone-invariant),1002,joint_psrl_uniform,17,0.0,0.273942408754416,12,12,3.170564651742297,3.170564651742297,0.23035076360221873,3|2|3|1,4,4,16,256
pub/london,Pub: london,pub,exact-payoff (backbone-invariant),1002,joint_psrl_uniform,18,0.0,0.273942408754416,12,12,3.170564651742297,3.170564651742297,0.23898336630112763,3|2|3|1,4,4,16,256
pub/london,Pub: london,pub,exact-payoff (backbone-invariant),1002,joint_psrl_uniform,19,0.0,0.273942408754416,12,12,3.170564651742297,3.170564651742297,0.2471501965192006,3|2|3|1,4,4,16,256
pub/london,Pub: london,pub,exact-payoff (backbone-invariant),1002,joint_psrl_uniform,20,0.0,0.273942408754416,12,12,3.170564651742297,3.170564651742297,0.2548498366294574,3|2|3|1,4,4,16,256
pub/london,Pub: london,pub,exact-payoff (backbone-invariant),1002,psrl_notype,1,0.273942408754416,0.273942408754416,15,12,2.896622242987881,3.170564651742297,0.00390625,3|2|3|1,4,4,16,256
pub/london,Pub: london,pub,exact-payoff (backbone-invariant),1002,psrl_notype,2,0.0,0.273942408754416,12,12,3.170564651742297,3.170564651742297,0.00390625,3|2|3|1,4,4,16,256
pub/london,Pub: london,pub,exact-payoff (backbone-invariant),1002,psrl_notype,3,0.273942408754416,0.547884817508832,15,12,2.896622242987881,3.170564651742297,0.00390625,3|2|3|1,4,4,16,256
pub/london,Pub: london,pub,exact-payoff (backbone-invariant),1002,psrl_notype,4,0.0,0.547884817508832,12,12,3.170564651742297,3.170564651742297,0.00390625,3|2|3|1,4,4,16,256
pub/london,Pub: london,pub,exact-payoff (backbone-invariant),1002,psrl_notype,5,0.0,0.547884817508832,12,12,3.170564651742297,3.170564651742297,0.00390625,3|2|3|1,4,4,16,256
pub/london,Pub: london,pub,exact-payoff (backbone-invariant),1002,psrl_notype,6,0.273942408754416,0.821827226263248,15,12,2.896622242987881,3.170564651742297,0.00390625,3|2|3|1,4,4,16,256
pub/london,Pub: london,pub,exact-payoff (backbone-invariant),1002,psrl_notype,7,0.0,0.821827226263248,12,12,3.170564651742297,3.170564651742297,0.00390625,3|2|3|1,4,4,16,256
pub/london,Pub: london,pub,exact-payoff (backbone-invariant),1002,psrl_notype,8,0.0,0.821827226263248,12,12,3.170564651742297,3.170564651742297,0.00390625,3|2|3|1,4,4,16,256
pub/london,Pub: london,pub,exact-payoff (backbone-invariant),1002,psrl_notype,9,0.273942408754416,1.095769635017664,15,12,2.896622242987881,3.170564651742297,0.00390625,3|2|3|1,4,4,16,256
pub/london,Pub: london,pub,exact-payoff (backbone-invariant),1002,psrl_notype,10,0.273942408754416,1.36971204377208,15,12,2.896622242987881,3.170564651742297,0.00390625,3|2|3|1,4,4,16,256
pub/london,Pub: london,pub,exact-payoff (backbone-invariant),1002,psrl_notype,11,0.0,1.36971204377208,12,12,3.170564651742297,3.170564651742297,0.00390625,3|2|3|1,4,4,16,256
pub/london,Pub: london,pub,exact-payoff (backbone-invariant),1002,psrl_notype,12,0.273942408754416,1.643654452526496,15,12,2.896622242987881,3.170564651742297,0.00390625,3|2|3|1,4,4,16,256
pub/london,Pub: london,pub,exact-payoff (backbone-invariant),1002,psrl_notype,13,0.0,1.643654452526496,12,12,3.170564651742297,3.170564651742297,0.00390625,3|2|3|1,4,4,16,256
pub/london,Pub: london,pub,exact-payoff (backbone-invariant),1002,psrl_notype,14,0.0,1.643654452526496,12,12,3.170564651742297,3.170564651742297,0.00390625,3|2|3|1,4,4,16,256
pub/london,Pub: london,pub,exact-payoff (backbone-invariant),1002,psrl_notype,15,0.0,1.643654452526496,12,12,3.170564651742297,3.170564651742297,0.00390625,3|2|3|1,4,4,16,256
pub/london,Pub: london,pub,exact-payoff (backbone-invariant),1002,psrl_notype,16,0.0,1.643654452526496,12,12,3.170564651742297,3.170564651742297,0.00390625,3|2|3|1,4,4,16,256
pub/london,Pub: london,pub,exact-payoff (backbone-invariant),1002,psrl_notype,17,0.273942408754416,1.917596861280912,15,12,2.896622242987881,3.170564651742297,0.00390625,3|2|3|1,4,4,16,256
pub/london,Pub: london,pub,exact-payoff (backbone-invariant),1002,psrl_notype,18,0.273942408754416,2.191539270035328,15,12,2.896622242987881,3.170564651742297,0.00390625,3|2|3|1,4,4,16,256
pub/london,Pub: london,pub,exact-payoff (backbone-invariant),1002,psrl_notype,19,0.273942408754416,2.465481678789744,15,12,2.896622242987881,3.170564651742297,0.00390625,3|2|3|1,4,4,16,256
pub/london,Pub: london,pub,exact-payoff (backbone-invariant),1002,psrl_notype,20,0.0,2.465481678789744,12,12,3.170564651742297,3.170564651742297,0.00390625,3|2|3|1,4,4,16,256
pub/london,Pub: london,pub,exact-payoff (backbone-invariant),1002,map_type_greedy,1,0.273942408754416,0.273942408754416,15,12,2.896622242987881,3.170564651742297,0.40340281861889027,3|2|3|1,4,4,16,256
pub/london,Pub: london,pub,exact-payoff (backbone-invariant),1002,map_type_greedy,2,0.0,0.273942408754416,12,12,3.170564651742297,3.170564651742297,0.5269978678078105,3|2|3|1,4,4,16,256
pub/london,Pub: london,pub,exact-payoff (backbone-invariant),1002,map_type_greedy,3,0.0,0.273942408754416,12,12,3.170564651742297,3.170564651742297,0.5997803505455996,3|2|3|1,4,4,16,256
pub/london,Pub: london,pub,exact-payoff (backbone-invariant),1002,map_type_greedy,4,0.0,0.273942408754416,12,12,3.170564651742297,3.170564651742297,0.6373961001937898,3|2|3|1,4,4,16,256
pub/london,Pub: london,pub,exact-payoff (backbone-invariant),1002,map_type_greedy,5,0.0,0.273942408754416,12,12,3.170564651742297,3.170564651742297,0.6583406826043592,3|2|3|1,4,4,16,256
pub/london,Pub: london,pub,exact-payoff (backbone-invariant),1002,map_type_greedy,6,0.0,0.273942408754416,12,12,3.170564651742297,3.170564651742297,0.6724164567444139,3|2|3|1,4,4,16,256
pub/london,Pub: london,pub,exact-payoff (backbone-invariant),1002,map_type_greedy,7,0.0,0.273942408754416,12,12,3.170564651742297,3.170564651742297,0.6837678466231383,3|2|3|1,4,4,16,256
pub/london,Pub: london,pub,exact-payoff (backbone-invariant),1002,map_type_greedy,8,0.0,0.273942408754416,12,12,3.170564651742297,3.170564651742297,0.6940139176200077,3|2|3|1,4,4,16,256
pub/london,Pub: london,pub,exact-payoff (backbone-invariant),1002,map_type_greedy,9,0.0,0.273942408754416,12,12,3.170564651742297,3.170564651742297,0.7037502465333912,3|2|3|1,4,4,16,256
pub/london,Pub: london,pub,exact-payoff (backbone-invariant),1002,map_type_greedy,10,0.0,0.273942408754416,12,12,3.170564651742297,3.170564651742297,0.7131673879532481,3|2|3|1,4,4,16,256
pub/london,Pub: london,pub,exact-payoff (backbone-invariant),1002,map_type_greedy,11,0.0,0.273942408754416,12,12,3.170564651742297,3.170564651742297,0.7222982089579666,3|2|3|1,4,4,16,256
pub/london,Pub: london,pub,exact-payoff (backbone-invariant),1002,map_type_greedy,12,0.0,0.273942408754416,12,12,3.170564651742297,3.170564651742297,0.7311176009157087,3|2|3|1,4,4,16,256
pub/london,Pub: london,pub,exact-payoff (backbone-invariant),1002,map_type_greedy,13,0.0,0.273942408754416,12,12,3.170564651742297,3.170564651742297,0.7395834882585944,3|2|3|1,4,4,16,256
pub/london,Pub: london,pub,exact-payoff (backbone-invariant),1002,map_type_greedy,14,0.0,0.273942408754416,12,12,3.170564651742297,3.170564651742297,0.7476540003236974,3|2|3|1,4,4,16,256
pub/london,Pub: london,pub,exact-payoff (backbone-invariant),1002,map_type_greedy,15,0.0,0.273942408754416,12,12,3.170564651742297,3.170564651742297,0.7552945972547327,3|2|3|1,4,4,16,256
pub/london,Pub: london,pub,exact-payoff (backbone-invariant),1002,map_type_greedy,16,0.0,0.273942408754416,12,12,3.170564651742297,3.170564651742297,0.7624807178965064,3|2|3|1,4,4,16,256
pub/london,Pub: london,pub,exact-payoff (backbone-invariant),1002,map_type_greedy,17,0.0,0.273942408754416,12,12,3.170564651742297,3.170564651742297,0.7691982840763671,3|2|3|1,4,4,16,256
pub/london,Pub: london,pub,exact-payoff (backbone-invariant),1002,map_type_greedy,18,0.0,0.273942408754416,12,12,3.170564651742297,3.170564651742297,0.7754431099117445,3|2|3|1,4,4,16,256
pub/london,Pub: london,pub,exact-payoff (backbone-invariant),1002,map_type_greedy,19,0.0,0.273942408754416,12,12,3.170564651742297,3.170564651742297,0.781219741476147,3|2|3|1,4,4,16,256
pub/london,Pub: london,pub,exact-payoff (backbone-invariant),1002,map_type_greedy,20,0.0,0.273942408754416,12,12,3.170564651742297,3.170564651742297,0.7865400262894291,3|2|3|1,4,4,16,256
pub/london,Pub: london,pub,exact-payoff (backbone-invariant),1002,econ_bne,1,0.625,0.625,8,12,2.545564651742297,3.170564651742297,0.00390625,3|2|3|1,4,4,16,256
pub/london,Pub: london,pub,exact-payoff (backbone-invariant),1002,econ_bne,2,0.625,1.25,8,12,2.545564651742297,3.170564651742297,0.00390625,3|2|3|1,4,4,16,256
pub/london,Pub: london,pub,exact-payoff (backbone-invariant),1002,econ_bne,3,0.625,1.875,8,12,2.545564651742297,3.170564651742297,0.00390625,3|2|3|1,4,4,16,256
pub/london,Pub: london,pub,exact-payoff (backbone-invariant),1002,econ_bne,4,0.625,2.5,8,12,2.545564651742297,3.170564651742297,0.00390625,3|2|3|1,4,4,16,256
pub/london,Pub: london,pub,exact-payoff (backbone-invariant),1002,econ_bne,5,0.625,3.125,8,12,2.545564651742297,3.170564651742297,0.00390625,3|2|3|1,4,4,16,256
pub/london,Pub: london,pub,exact-payoff (backbone-invariant),1002,econ_bne,6,0.625,3.75,8,12,2.545564651742297,3.170564651742297,0.00390625,3|2|3|1,4,4,16,256
pub/london,Pub: london,pub,exact-payoff (backbone-invariant),1002,econ_bne,7,0.625,4.375,8,12,2.545564651742297,3.170564651742297,0.00390625,3|2|3|1,4,4,16,256
pub/london,Pub: london,pub,exact-payoff (backbone-invariant),1002,econ_bne,8,0.625,5.0,8,12,2.545564651742297,3.170564651742297,0.00390625,3|2|3|1,4,4,16,256
pub/london,Pub: london,pub,exact-payoff (backbone-invariant),1002,econ_bne,9,0.625,5.625,8,12,2.545564651742297,3.170564651742297,0.00390625,3|2|3|1,4,4,16,256
pub/london,Pub: london,pub,exact-payoff (backbone-invariant),1002,econ_bne,10,0.625,6.25,8,12,2.545564651742297,3.170564651742297,0.00390625,3|2|3|1,4,4,16,256
pub/london,Pub: london,pub,exact-payoff (backbone-invariant),1002,econ_bne,11,0.625,6.875,8,12,2.545564651742297,3.170564651742297,0.00390625,3|2|3|1,4,4,16,256
pub/london,Pub: london,pub,exact-payoff (backbone-invariant),1002,econ_bne,12,0.625,7.5,8,12,2.545564651742297,3.170564651742297,0.00390625,3|2|3|1,4,4,16,256
pub/london,Pub: london,pub,exact-payoff (backbone-invariant),1002,econ_bne,13,0.625,8.125,8,12,2.545564651742297,3.170564651742297,0.00390625,3|2|3|1,4,4,16,256
pub/london,Pub: london,pub,exact-payoff (backbone-invariant),1002,econ_bne,14,0.625,8.75,8,12,2.545564651742297,3.170564651742297,0.00390625,3|2|3|1,4,4,16,256
pub/london,Pub: london,pub,exact-payoff (backbone-invariant),1002,econ_bne,15,0.625,9.375,8,12,2.545564651742297,3.170564651742297,0.00390625,3|2|3|1,4,4,16,256
pub/london,Pub: london,pub,exact-payoff (backbone-invariant),1002,econ_bne,16,0.625,10.0,8,12,2.545564651742297,3.170564651742297,0.00390625,3|2|3|1,4,4,16,256
pub/london,Pub: london,pub,exact-payoff (backbone-invariant),1002,econ_bne,17,0.625,10.625,8,12,2.545564651742297,3.170564651742297,0.00390625,3|2|3|1,4,4,16,256
pub/london,Pub: london,pub,exact-payoff (backbone-invariant),1002,econ_bne,18,0.625,11.25,8,12,2.545564651742297,3.170564651742297,0.00390625,3|2|3|1,4,4,16,256
pub/london,Pub: london,pub,exact-payoff (backbone-invariant),1002,econ_bne,19,0.625,11.875,8,12,2.545564651742297,3.170564651742297,0.00390625,3|2|3|1,4,4,16,256
pub/london,Pub: london,pub,exact-payoff (backbone-invariant),1002,econ_bne,20,0.625,12.5,8,12,2.545564651742297,3.170564651742297,0.00390625,3|2|3|1,4,4,16,256
pub/london,Pub: london,pub,exact-payoff (backbone-invariant),1002,atom_tom1,1,0.0,0.0,12,12,3.170564651742297,3.170564651742297,0.00390625,3|2|3|1,4,4,16,256
pub/london,Pub: london,pub,exact-payoff (backbone-invariant),1002,atom_tom1,2,0.0,0.0,12,12,3.170564651742297,3.170564651742297,0.00390625,3|2|3|1,4,4,16,256
pub/london,Pub: london,pub,exact-payoff (backbone-invariant),1002,atom_tom1,3,0.0,0.0,12,12,3.170564651742297,3.170564651742297,0.00390625,3|2|3|1,4,4,16,256
pub/london,Pub: london,pub,exact-payoff (backbone-invariant),1002,atom_tom1,4,0.0,0.0,12,12,3.170564651742297,3.170564651742297,0.00390625,3|2|3|1,4,4,16,256
pub/london,Pub: london,pub,exact-payoff (backbone-invariant),1002,atom_tom1,5,0.0,0.0,12,12,3.170564651742297,3.170564651742297,0.00390625,3|2|3|1,4,4,16,256
pub/london,Pub: london,pub,exact-payoff (backbone-invariant),1002,atom_tom1,6,0.0,0.0,12,12,3.170564651742297,3.170564651742297,0.00390625,3|2|3|1,4,4,16,256
pub/london,Pub: london,pub,exact-payoff (backbone-invariant),1002,atom_tom1,7,0.0,0.0,12,12,3.170564651742297,3.170564651742297,0.00390625,3|2|3|1,4,4,16,256
pub/london,Pub: london,pub,exact-payoff (backbone-invariant),1002,atom_tom1,8,0.0,0.0,12,12,3.170564651742297,3.170564651742297,0.00390625,3|2|3|1,4,4,16,256
pub/london,Pub: london,pub,exact-payoff (backbone-invariant),1002,atom_tom1,9,0.0,0.0,12,12,3.170564651742297,3.170564651742297,0.00390625,3|2|3|1,4,4,16,256
pub/london,Pub: london,pub,exact-payoff (backbone-invariant),1002,atom_tom1,10,0.0,0.0,12,12,3.170564651742297,3.170564651742297,0.00390625,3|2|3|1,4,4,16,256
pub/london,Pub: london,pub,exact-payoff (backbone-invariant),1002,atom_tom1,11,0.0,0.0,12,12,3.170564651742297,3.170564651742297,0.00390625,3|2|3|1,4,4,16,256
pub/london,Pub: london,pub,exact-payoff (backbone-invariant),1002,atom_tom1,12,0.0,0.0,12,12,3.170564651742297,3.170564651742297,0.00390625,3|2|3|1,4,4,16,256
pub/london,Pub: london,pub,exact-payoff (backbone-invariant),1002,atom_tom1,13,0.0,0.0,12,12,3.170564651742297,3.170564651742297,0.00390625,3|2|3|1,4,4,16,256
pub/london,Pub: london,pub,exact-payoff (backbone-invariant),1002,atom_tom1,14,0.0,0.0,12,12,3.170564651742297,3.170564651742297,0.00390625,3|2|3|1,4,4,16,256
pub/london,Pub: london,pub,exact-payoff (backbone-invariant),1002,atom_tom1,15,0.0,0.0,12,12,3.170564651742297,3.170564651742297,0.00390625,3|2|3|1,4,4,16,256
pub/london,Pub: london,pub,exact-payoff (backbone-invariant),1002,atom_tom1,16,0.0,0.0,12,12,3.170564651742297,3.170564651742297,0.00390625,3|2|3|1,4,4,16,256
pub/london,Pub: london,pub,exact-payoff (backbone-invariant),1002,atom_tom1,17,0.0,0.0,12,12,3.170564651742297,3.170564651742297,0.00390625,3|2|3|1,4,4,16,256
pub/london,Pub: london,pub,exact-payoff (backbone-invariant),1002,atom_tom1,18,0.0,0.0,12,12,3.170564651742297,3.170564651742297,0.00390625,3|2|3|1,4,4,16,256
pub/london,Pub: london,pub,exact-payoff (backbone-invariant),1002,atom_tom1,19,0.0,0.0,12,12,3.170564651742297,3.170564651742297,0.00390625,3|2|3|1,4,4,16,256
pub/london,Pub: london,pub,exact-payoff (backbone-invariant),1002,atom_tom1,20,0.0,0.0,12,12,3.170564651742297,3.170564651742297,0.00390625,3|2|3|1,4,4,16,256
pub/london,Pub: london,pub,exact-payoff (backbone-invariant),1002,random,1,1.5823124528072792,1.5823124528072792,7,12,1.588252198935018,3.170564651742297,0.00390625,3|2|3|1,4,4,16,256
pub/london,Pub: london,pub,exact-payoff (backbone-invariant),1002,random,2,0.8989424087544156,2.4812548615616947,11,12,2.2716222429878816,3.170564651742297,0.00390625,3|2|3|1,4,4,16,256
pub/london,Pub: london,pub,exact-payoff (backbone-invariant),1002,random,3,0.0,2.4812548615616947,12,12,3.170564651742297,3.170564651742297,0.00390625,3|2|3|1,4,4,16,256
pub/london,Pub: london,pub,exact-payoff (backbone-invariant),1002,random,4,2.0712532299741597,4.552508091535854,1,12,1.0993114217681375,3.170564651742297,0.00390625,3|2|3|1,4,4,16,256
pub/london,Pub: london,pub,exact-payoff (backbone-invariant),1002,random,5,1.255460600955427,5.807968692491281,10,12,1.9151040507868702,3.170564651742297,0.00390625,3|2|3|1,4,4,16,256
pub/london,Pub: london,pub,exact-payoff (backbone-invariant),1002,random,6,1.4462532299741602,7.254221922465441,5,12,1.724311421768137,3.170564651742297,0.00390625,3|2|3|1,4,4,16,256
pub/london,Pub: london,pub,exact-payoff (backbone-invariant),1002,random,7,1.5823124528072792,8.83653437527272,7,12,1.588252198935018,3.170564651742297,0.00390625,3|2|3|1,4,4,16,256
pub/london,Pub: london,pub,exact-payoff (backbone-invariant),1002,random,8,0.625,9.46153437527272,8,12,2.545564651742297,3.170564651742297,0.00390625,3|2|3|1,4,4,16,256
pub/london,Pub: london,pub,exact-payoff (backbone-invariant),1002,random,9,1.297258932941752,10.758793308214472,13,12,1.873305718800545,3.170564651742297,0.00390625,3|2|3|1,4,4,16,256
pub/london,Pub: london,pub,exact-payoff (backbone-invariant),1002,random,10,1.4462532299741602,12.205046538188633,5,12,1.724311421768137,3.170564651742297,0.00390625,3|2|3|1,4,4,16,256
pub/london,Pub: london,pub,exact-payoff (backbone-invariant),1002,random,11,2.56383064500829,14.768877183196922,2,12,0.6067340067340069,3.170564651742297,0.00390625,3|2|3|1,4,4,16,256
pub/london,Pub: london,pub,exact-payoff (backbone-invariant),1002,random,12,1.297258932941752,16.066136116138676,13,12,1.873305718800545,3.170564651742297,0.00390625,3|2|3|1,4,4,16,256
pub/london,Pub: london,pub,exact-payoff (backbone-invariant),1002,random,13,1.297258932941752,17.363395049080427,13,12,1.873305718800545,3.170564651742297,0.00390625,3|2|3|1,4,4,16,256
pub/london,Pub: london,pub,exact-payoff (backbone-invariant),1002,random,14,1.9388306450082906,19.30222569408872,6,12,1.2317340067340066,3.170564651742297,0.00390625,3|2|3|1,4,4,16,256
pub/london,Pub: london,pub,exact-payoff (backbone-invariant),1002,random,15,1.297258932941752,20.59948462703047,13,12,1.873305718800545,3.170564651742297,0.00390625,3|2|3|1,4,4,16,256
pub/london,Pub: london,pub,exact-payoff (backbone-invariant),1002,random,16,1.297258932941752,21.896743559972222,13,12,1.873305718800545,3.170564651742297,0.00390625,3|2|3|1,4,4,16,256
pub/london,Pub: london,pub,exact-payoff (backbone-invariant),1002,random,17,0.273942408754416,22.170685968726637,15,12,2.896622242987881,3.170564651742297,0.00390625,3|2|3|1,4,4,16,256
pub/london,Pub: london,pub,exact-payoff (backbone-invariant),1002,random,18,1.255460600955427,23.426146569682064,10,12,1.9151040507868702,3.170564651742297,0.00390625,3|2|3|1,4,4,16,256
pub/london,Pub: london,pub,exact-payoff (backbone-invariant),1002,random,19,1.9222589329417519,25.348405502623816,9,12,1.2483057188005453,3.170564651742297,0.00390625,3|2|3|1,4,4,16,256
pub/london,Pub: london,pub,exact-payoff (backbone-invariant),1002,random,20,2.0712532299741597,27.419658732597977,1,12,1.0993114217681375,3.170564651742297,0.00390625,3|2|3|1,4,4,16,256
pub/london_mini,Pub: london_mini,pub,exact-payoff (backbone-invariant),1002,pact,1,0.0,0.0,1,1,1.5319722650231125,1.5319722650231125,0.5403996666526438,3|2,2,4,8,16
pub/london_mini,Pub: london_mini,pub,exact-payoff (backbone-invariant),1002,pact,2,0.0,0.0,1,1,1.5319722650231125,1.5319722650231125,0.6752128644437498,3|2,2,4,8,16
pub/london_mini,Pub: london_mini,pub,exact-payoff (backbone-invariant),1002,pact,3,0.0,0.0,1,1,1.5319722650231125,1.5319722650231125,0.7621247701542823,3|2,2,4,8,16
pub/london_mini,Pub: london_mini,pub,exact-payoff (backbone-invariant),1002,pact,4,0.0,0.0,1,1,1.5319722650231125,1.5319722650231125,0.816865088034695,3|2,2,4,8,16
pub/london_mini,Pub: london_mini,pub,exact-payoff (backbone-invariant),1002,pact,5,0.0,0.0,1,1,1.5319722650231125,1.5319722650231125,0.8530964122136008,3|2,2,4,8,16
pub/london_mini,Pub: london_mini,pub,exact-payoff (backbone-invariant),1002,pact,6,0.0,0.0,1,1,1.5319722650231125,1.5319722650231125,0.8791694824851417,3|2,2,4,8,16
pub/london_mini,Pub: london_mini,pub,exact-payoff (backbone-invariant),1002,pact,7,0.0,0.0,1,1,1.5319722650231125,1.5319722650231125,0.8993828892850381,3|2,2,4,8,16
pub/london_mini,Pub: london_mini,pub,exact-payoff (backbone-invariant),1002,pact,8,0.0,0.0,1,1,1.5319722650231125,1.5319722650231125,0.9158362822614798,3|2,2,4,8,16
pub/london_mini,Pub: london_mini,pub,exact-payoff (backbone-invariant),1002,pact,9,0.0,0.0,1,1,1.5319722650231125,1.5319722650231125,0.9295762435431536,3|2,2,4,8,16
pub/london_mini,Pub: london_mini,pub,exact-payoff (backbone-invariant),1002,pact,10,0.0,0.0,1,1,1.5319722650231125,1.5319722650231125,0.94117178482916,3|2,2,4,8,16
pub/london_mini,Pub: london_mini,pub,exact-payoff (backbone-invariant),1002,pact,11,0.0,0.0,1,1,1.5319722650231125,1.5319722650231125,0.950979772531789,3|2,2,4,8,16
pub/london_mini,Pub: london_mini,pub,exact-payoff (backbone-invariant),1002,pact,12,0.0,0.0,1,1,1.5319722650231125,1.5319722650231125,0.9592611948009497,3|2,2,4,8,16
pub/london_mini,Pub: london_mini,pub,exact-payoff (backbone-invariant),1002,pact,13,0.0,0.0,1,1,1.5319722650231125,1.5319722650231125,0.9662296488072959,3|2,2,4,8,16
pub/london_mini,Pub: london_mini,pub,exact-payoff (backbone-invariant),1002,pact,14,0.0,0.0,1,1,1.5319722650231125,1.5319722650231125,0.9720703745589645,3|2,2,4,8,16
pub/london_mini,Pub: london_mini,pub,exact-payoff (backbone-invariant),1002,pact,15,0.0,0.0,1,1,1.5319722650231125,1.5319722650231125,0.9769472231076377,3|2,2,4,8,16
pub/london_mini,Pub: london_mini,pub,exact-payoff (backbone-invariant),1002,pact,16,0.0,0.0,1,1,1.5319722650231125,1.5319722650231125,0.9810051654237186,3|2,2,4,8,16
pub/london_mini,Pub: london_mini,pub,exact-payoff (backbone-invariant),1002,pact,17,0.0,0.0,1,1,1.5319722650231125,1.5319722650231125,0.9843714864207236,3|2,2,4,8,16
pub/london_mini,Pub: london_mini,pub,exact-payoff (backbone-invariant),1002,pact,18,0.0,0.0,1,1,1.5319722650231125,1.5319722650231125,0.987156830565301,3|2,2,4,8,16
pub/london_mini,Pub: london_mini,pub,exact-payoff (backbone-invariant),1002,pact,19,0.0,0.0,1,1,1.5319722650231125,1.5319722650231125,0.9894564304098379,3|2,2,4,8,16
pub/london_mini,Pub: london_mini,pub,exact-payoff (backbone-invariant),1002,pact,20,0.0,0.0,1,1,1.5319722650231125,1.5319722650231125,0.991351528938313,3|2,2,4,8,16
pub/london_mini,Pub: london_mini,pub,exact-payoff (backbone-invariant),1002,pact_plus,1,0.0,0.0,1,1,1.5319722650231125,1.5319722650231125,0.5403996666526438,3|2,2,4,8,16
pub/london_mini,Pub: london_mini,pub,exact-payoff (backbone-invariant),1002,pact_plus,2,0.0,0.0,1,1,1.5319722650231125,1.5319722650231125,0.6752128644437498,3|2,2,4,8,16
pub/london_mini,Pub: london_mini,pub,exact-payoff (backbone-invariant),1002,pact_plus,3,0.0,0.0,1,1,1.5319722650231125,1.5319722650231125,0.7621247701542823,3|2,2,4,8,16
pub/london_mini,Pub: london_mini,pub,exact-payoff (backbone-invariant),1002,pact_plus,4,0.0,0.0,1,1,1.5319722650231125,1.5319722650231125,0.816865088034695,3|2,2,4,8,16
pub/london_mini,Pub: london_mini,pub,exact-payoff (backbone-invariant),1002,pact_plus,5,0.0,0.0,1,1,1.5319722650231125,1.5319722650231125,0.8530964122136008,3|2,2,4,8,16
pub/london_mini,Pub: london_mini,pub,exact-payoff (backbone-invariant),1002,pact_plus,6,0.0,0.0,1,1,1.5319722650231125,1.5319722650231125,0.8791694824851417,3|2,2,4,8,16
pub/london_mini,Pub: london_mini,pub,exact-payoff (backbone-invariant),1002,pact_plus,7,0.0,0.0,1,1,1.5319722650231125,1.5319722650231125,0.8993828892850381,3|2,2,4,8,16
pub/london_mini,Pub: london_mini,pub,exact-payoff (backbone-invariant),1002,pact_plus,8,0.0,0.0,1,1,1.5319722650231125,1.5319722650231125,0.9158362822614798,3|2,2,4,8,16
pub/london_mini,Pub: london_mini,pub,exact-payoff (backbone-invariant),1002,pact_plus,9,0.0,0.0,1,1,1.5319722650231125,1.5319722650231125,0.9295762435431536,3|2,2,4,8,16
pub/london_mini,Pub: london_mini,pub,exact-payoff (backbone-invariant),1002,pact_plus,10,0.0,0.0,1,1,1.5319722650231125,1.5319722650231125,0.94117178482916,3|2,2,4,8,16
pub/london_mini,Pub: london_mini,pub,exact-payoff (backbone-invariant),1002,pact_plus,11,0.0,0.0,1,1,1.5319722650231125,1.5319722650231125,0.950979772531789,3|2,2,4,8,16
pub/london_mini,Pub: london_mini,pub,exact-payoff (backbone-invariant),1002,pact_plus,12,0.0,0.0,1,1,1.5319722650231125,1.5319722650231125,0.9592611948009497,3|2,2,4,8,16
pub/london_mini,Pub: london_mini,pub,exact-payoff (backbone-invariant),1002,pact_plus,13,0.0,0.0,1,1,1.5319722650231125,1.5319722650231125,0.9662296488072959,3|2,2,4,8,16
pub/london_mini,Pub: london_mini,pub,exact-payoff (backbone-invariant),1002,pact_plus,14,0.0,0.0,1,1,1.5319722650231125,1.5319722650231125,0.9720703745589645,3|2,2,4,8,16
pub/london_mini,Pub: london_mini,pub,exact-payoff (backbone-invariant),1002,pact_plus,15,0.0,0.0,1,1,1.5319722650231125,1.5319722650231125,0.9769472231076377,3|2,2,4,8,16
pub/london_mini,Pub: london_mini,pub,exact-payoff (backbone-invariant),1002,pact_plus,16,0.0,0.0,1,1,1.5319722650231125,1.5319722650231125,0.9810051654237186,3|2,2,4,8,16
pub/london_mini,Pub: london_mini,pub,exact-payoff (backbone-invariant),1002,pact_plus,17,0.0,0.0,1,1,1.5319722650231125,1.5319722650231125,0.9843714864207236,3|2,2,4,8,16
pub/london_mini,Pub: london_mini,pub,exact-payoff (backbone-invariant),1002,pact_plus,18,0.0,0.0,1,1,1.5319722650231125,1.5319722650231125,0.987156830565301,3|2,2,4,8,16
pub/london_mini,Pub: london_mini,pub,exact-payoff (backbone-invariant),1002,pact_plus,19,0.0,0.0,1,1,1.5319722650231125,1.5319722650231125,0.9894564304098379,3|2,2,4,8,16
pub/london_mini,Pub: london_mini,pub,exact-payoff (backbone-invariant),1002,pact_plus,20,0.0,0.0,1,1,1.5319722650231125,1.5319722650231125,0.991351528938313,3|2,2,4,8,16
pub/london_mini,Pub: london_mini,pub,exact-payoff (backbone-invariant),1002,joint_psrl_uniform,1,0.0,0.0,1,1,1.5319722650231125,1.5319722650231125,0.27024563870532803,3|2,2,4,8,16
pub/london_mini,Pub: london_mini,pub,exact-payoff (backbone-invariant),1002,joint_psrl_uniform,2,0.0,0.0,1,1,1.5319722650231125,1.5319722650231125,0.42984522230879524,3|2,2,4,8,16
pub/london_mini,Pub: london_mini,pub,exact-payoff (backbone-invariant),1002,joint_psrl_uniform,3,0.0,0.0,1,1,1.5319722650231125,1.5319722650231125,0.555697786906545,3|2,2,4,8,16
pub/london_mini,Pub: london_mini,pub,exact-payoff (backbone-invariant),1002,joint_psrl_uniform,4,0.0,0.0,1,1,1.5319722650231125,1.5319722650231125,0.6458143038795842,3|2,2,4,8,16
pub/london_mini,Pub: london_mini,pub,exact-payoff (backbone-invariant),1002,joint_psrl_uniform,5,0.0,0.0,1,1,1.5319722650231125,1.5319722650231125,0.7107765795368517,3|2,2,4,8,16
pub/london_mini,Pub: london_mini,pub,exact-payoff (backbone-invariant),1002,joint_psrl_uniform,6,0.0,0.0,1,1,1.5319722650231125,1.5319722650231125,0.7600656083396755,3|2,2,4,8,16
pub/london_mini,Pub: london_mini,pub,exact-payoff (backbone-invariant),1002,joint_psrl_uniform,7,0.0,0.0,1,1,1.5319722650231125,1.5319722650231125,0.799412826961172,3|2,2,4,8,16
pub/london_mini,Pub: london_mini,pub,exact-payoff (backbone-invariant),1002,joint_psrl_uniform,8,0.0,0.0,1,1,1.5319722650231125,1.5319722650231125,0.83191391996598,3|2,2,4,8,16
pub/london_mini,Pub: london_mini,pub,exact-payoff (backbone-invariant),1002,joint_psrl_uniform,9,0.0,0.0,1,1,1.5319722650231125,1.5319722650231125,0.8592421233660077,3|2,2,4,8,16
pub/london_mini,Pub: london_mini,pub,exact-payoff (backbone-invariant),1002,joint_psrl_uniform,10,0.0,0.0,1,1,1.5319722650231125,1.5319722650231125,0.8823767245019873,3|2,2,4,8,16
pub/london_mini,Pub: london_mini,pub,exact-payoff (backbone-invariant),1002,joint_psrl_uniform,11,0.0,0.0,1,1,1.5319722650231125,1.5319722650231125,0.9019717632216245,3|2,2,4,8,16
pub/london_mini,Pub: london_mini,pub,exact-payoff (backbone-invariant),1002,joint_psrl_uniform,12,0.0,0.0,1,1,1.5319722650231125,1.5319722650231125,0.918526877448269,3|2,2,4,8,16
pub/london_mini,Pub: london_mini,pub,exact-payoff (backbone-invariant),1002,joint_psrl_uniform,13,0.0,0.0,1,1,1.5319722650231125,1.5319722650231125,0.9324609413267831,3|2,2,4,8,16
pub/london_mini,Pub: london_mini,pub,exact-payoff (backbone-invariant),1002,joint_psrl_uniform,14,0.0,0.0,1,1,1.5319722650231125,1.5319722650231125,0.9441413496608309,3|2,2,4,8,16
pub/london_mini,Pub: london_mini,pub,exact-payoff (backbone-invariant),1002,joint_psrl_uniform,15,0.0,0.0,1,1,1.5319722650231125,1.5319722650231125,0.9538946651696456,3|2,2,4,8,16
pub/london_mini,Pub: london_mini,pub,exact-payoff (backbone-invariant),1002,joint_psrl_uniform,16,0.0,0.0,1,1,1.5319722650231125,1.5319722650231125,0.9620104105363695,3|2,2,4,8,16
pub/london_mini,Pub: london_mini,pub,exact-payoff (backbone-invariant),1002,joint_psrl_uniform,17,0.0,0.0,1,1,1.5319722650231125,1.5319722650231125,0.968743001801716,3|2,2,4,8,16
pub/london_mini,Pub: london_mini,pub,exact-payoff (backbone-invariant),1002,joint_psrl_uniform,18,0.0,0.0,1,1,1.5319722650231125,1.5319722650231125,0.9743136716423645,3|2,2,4,8,16
pub/london_mini,Pub: london_mini,pub,exact-payoff (backbone-invariant),1002,joint_psrl_uniform,19,0.0,0.0,1,1,1.5319722650231125,1.5319722650231125,0.9789128646312985,3|2,2,4,8,16
pub/london_mini,Pub: london_mini,pub,exact-payoff (backbone-invariant),1002,joint_psrl_uniform,20,0.0,0.0,1,1,1.5319722650231125,1.5319722650231125,0.9827030592576049,3|2,2,4,8,16
pub/london_mini,Pub: london_mini,pub,exact-payoff (backbone-invariant),1002,psrl_notype,1,0.0,0.0,1,1,1.5319722650231125,1.5319722650231125,0.0625,3|2,2,4,8,16
pub/london_mini,Pub: london_mini,pub,exact-payoff (backbone-invariant),1002,psrl_notype,2,0.0,0.0,1,1,1.5319722650231125,1.5319722650231125,0.0625,3|2,2,4,8,16
pub/london_mini,Pub: london_mini,pub,exact-payoff (backbone-invariant),1002,psrl_notype,3,0.0,0.0,1,1,1.5319722650231125,1.5319722650231125,0.0625,3|2,2,4,8,16
pub/london_mini,Pub: london_mini,pub,exact-payoff (backbone-invariant),1002,psrl_notype,4,0.0,0.0,1,1,1.5319722650231125,1.5319722650231125,0.0625,3|2,2,4,8,16
pub/london_mini,Pub: london_mini,pub,exact-payoff (backbone-invariant),1002,psrl_notype,5,0.0,0.0,1,1,1.5319722650231125,1.5319722650231125,0.0625,3|2,2,4,8,16
pub/london_mini,Pub: london_mini,pub,exact-payoff (backbone-invariant),1002,psrl_notype,6,0.0,0.0,1,1,1.5319722650231125,1.5319722650231125,0.0625,3|2,2,4,8,16
pub/london_mini,Pub: london_mini,pub,exact-payoff (backbone-invariant),1002,psrl_notype,7,0.0,0.0,1,1,1.5319722650231125,1.5319722650231125,0.0625,3|2,2,4,8,16
pub/london_mini,Pub: london_mini,pub,exact-payoff (backbone-invariant),1002,psrl_notype,8,0.0,0.0,1,1,1.5319722650231125,1.5319722650231125,0.0625,3|2,2,4,8,16
pub/london_mini,Pub: london_mini,pub,exact-payoff (backbone-invariant),1002,psrl_notype,9,0.0,0.0,1,1,1.5319722650231125,1.5319722650231125,0.0625,3|2,2,4,8,16
pub/london_mini,Pub: london_mini,pub,exact-payoff (backbone-invariant),1002,psrl_notype,10,0.0,0.0,1,1,1.5319722650231125,1.5319722650231125,0.0625,3|2,2,4,8,16
pub/london_mini,Pub: london_mini,pub,exact-payoff (backbone-invariant),1002,psrl_notype,11,0.0,0.0,1,1,1.5319722650231125,1.5319722650231125,0.0625,3|2,2,4,8,16
pub/london_mini,Pub: london_mini,pub,exact-payoff (backbone-invariant),1002,psrl_notype,12,0.0,0.0,1,1,1.5319722650231125,1.5319722650231125,0.0625,3|2,2,4,8,16
pub/london_mini,Pub: london_mini,pub,exact-payoff (backbone-invariant),1002,psrl_notype,13,0.0,0.0,1,1,1.5319722650231125,1.5319722650231125,0.0625,3|2,2,4,8,16
pub/london_mini,Pub: london_mini,pub,exact-payoff (backbone-invariant),1002,psrl_notype,14,0.0,0.0,1,1,1.5319722650231125,1.5319722650231125,0.0625,3|2,2,4,8,16
pub/london_mini,Pub: london_mini,pub,exact-payoff (backbone-invariant),1002,psrl_notype,15,0.0,0.0,1,1,1.5319722650231125,1.5319722650231125,0.0625,3|2,2,4,8,16
pub/london_mini,Pub: london_mini,pub,exact-payoff (backbone-invariant),1002,psrl_notype,16,0.0,0.0,1,1,1.5319722650231125,1.5319722650231125,0.0625,3|2,2,4,8,16
pub/london_mini,Pub: london_mini,pub,exact-payoff (backbone-invariant),1002,psrl_notype,17,0.0,0.0,1,1,1.5319722650231125,1.5319722650231125,0.0625,3|2,2,4,8,16
pub/london_mini,Pub: london_mini,pub,exact-payoff (backbone-invariant),1002,psrl_notype,18,0.0,0.0,1,1,1.5319722650231125,1.5319722650231125,0.0625,3|2,2,4,8,16
pub/london_mini,Pub: london_mini,pub,exact-payoff (backbone-invariant),1002,psrl_notype,19,0.0,0.0,1,1,1.5319722650231125,1.5319722650231125,0.0625,3|2,2,4,8,16
pub/london_mini,Pub: london_mini,pub,exact-payoff (backbone-invariant),1002,psrl_notype,20,0.0,0.0,1,1,1.5319722650231125,1.5319722650231125,0.0625,3|2,2,4,8,16
pub/london_mini,Pub: london_mini,pub,exact-payoff (backbone-invariant),1002,map_type_greedy,1,0.0,0.0,1,1,1.5319722650231125,1.5319722650231125,0.5403996666526438,3|2,2,4,8,16
pub/london_mini,Pub: london_mini,pub,exact-payoff (backbone-invariant),1002,map_type_greedy,2,0.0,0.0,1,1,1.5319722650231125,1.5319722650231125,0.6752128644437498,3|2,2,4,8,16
pub/london_mini,Pub: london_mini,pub,exact-payoff (backbone-invariant),1002,map_type_greedy,3,0.0,0.0,1,1,1.5319722650231125,1.5319722650231125,0.7621247701542823,3|2,2,4,8,16
pub/london_mini,Pub: london_mini,pub,exact-payoff (backbone-invariant),1002,map_type_greedy,4,0.0,0.0,1,1,1.5319722650231125,1.5319722650231125,0.816865088034695,3|2,2,4,8,16
pub/london_mini,Pub: london_mini,pub,exact-payoff (backbone-invariant),1002,map_type_greedy,5,0.0,0.0,1,1,1.5319722650231125,1.5319722650231125,0.8530964122136008,3|2,2,4,8,16
pub/london_mini,Pub: london_mini,pub,exact-payoff (backbone-invariant),1002,map_type_greedy,6,0.0,0.0,1,1,1.5319722650231125,1.5319722650231125,0.8791694824851417,3|2,2,4,8,16
pub/london_mini,Pub: london_mini,pub,exact-payoff (backbone-invariant),1002,map_type_greedy,7,0.0,0.0,1,1,1.5319722650231125,1.5319722650231125,0.8993828892850381,3|2,2,4,8,16
pub/london_mini,Pub: london_mini,pub,exact-payoff (backbone-invariant),1002,map_type_greedy,8,0.0,0.0,1,1,1.5319722650231125,1.5319722650231125,0.9158362822614798,3|2,2,4,8,16
pub/london_mini,Pub: london_mini,pub,exact-payoff (backbone-invariant),1002,map_type_greedy,9,0.0,0.0,1,1,1.5319722650231125,1.5319722650231125,0.9295762435431536,3|2,2,4,8,16
pub/london_mini,Pub: london_mini,pub,exact-payoff (backbone-invariant),1002,map_type_greedy,10,0.0,0.0,1,1,1.5319722650231125,1.5319722650231125,0.94117178482916,3|2,2,4,8,16
pub/london_mini,Pub: london_mini,pub,exact-payoff (backbone-invariant),1002,map_type_greedy,11,0.0,0.0,1,1,1.5319722650231125,1.5319722650231125,0.950979772531789,3|2,2,4,8,16
pub/london_mini,Pub: london_mini,pub,exact-payoff (backbone-invariant),1002,map_type_greedy,12,0.0,0.0,1,1,1.5319722650231125,1.5319722650231125,0.9592611948009497,3|2,2,4,8,16
pub/london_mini,Pub: london_mini,pub,exact-payoff (backbone-invariant),1002,map_type_greedy,13,0.0,0.0,1,1,1.5319722650231125,1.5319722650231125,0.9662296488072959,3|2,2,4,8,16
pub/london_mini,Pub: london_mini,pub,exact-payoff (backbone-invariant),1002,map_type_greedy,14,0.0,0.0,1,1,1.5319722650231125,1.5319722650231125,0.9720703745589645,3|2,2,4,8,16
pub/london_mini,Pub: london_mini,pub,exact-payoff (backbone-invariant),1002,map_type_greedy,15,0.0,0.0,1,1,1.5319722650231125,1.5319722650231125,0.9769472231076377,3|2,2,4,8,16
pub/london_mini,Pub: london_mini,pub,exact-payoff (backbone-invariant),1002,map_type_greedy,16,0.0,0.0,1,1,1.5319722650231125,1.5319722650231125,0.9810051654237186,3|2,2,4,8,16
pub/london_mini,Pub: london_mini,pub,exact-payoff (backbone-invariant),1002,map_type_greedy,17,0.0,0.0,1,1,1.5319722650231125,1.5319722650231125,0.9843714864207236,3|2,2,4,8,16
pub/london_mini,Pub: london_mini,pub,exact-payoff (backbone-invariant),1002,map_type_greedy,18,0.0,0.0,1,1,1.5319722650231125,1.5319722650231125,0.987156830565301,3|2,2,4,8,16
pub/london_mini,Pub: london_mini,pub,exact-payoff (backbone-invariant),1002,map_type_greedy,19,0.0,0.0,1,1,1.5319722650231125,1.5319722650231125,0.9894564304098379,3|2,2,4,8,16
pub/london_mini,Pub: london_mini,pub,exact-payoff (backbone-invariant),1002,map_type_greedy,20,0.0,0.0,1,1,1.5319722650231125,1.5319722650231125,0.991351528938313,3|2,2,4,8,16
pub/london_mini,Pub: london_mini,pub,exact-payoff (backbone-invariant),1002,econ_bne,1,0.35227272727272707,0.35227272727272707,3,1,1.1796995377503854,1.5319722650231125,0.0625,3|2,2,4,8,16
pub/london_mini,Pub: london_mini,pub,exact-payoff (backbone-invariant),1002,econ_bne,2,0.35227272727272707,0.7045454545454541,3,1,1.1796995377503854,1.5319722650231125,0.0625,3|2,2,4,8,16
pub/london_mini,Pub: london_mini,pub,exact-payoff (backbone-invariant),1002,econ_bne,3,0.35227272727272707,1.0568181818181812,3,1,1.1796995377503854,1.5319722650231125,0.0625,3|2,2,4,8,16
pub/london_mini,Pub: london_mini,pub,exact-payoff (backbone-invariant),1002,econ_bne,4,0.35227272727272707,1.4090909090909083,3,1,1.1796995377503854,1.5319722650231125,0.0625,3|2,2,4,8,16
pub/london_mini,Pub: london_mini,pub,exact-payoff (backbone-invariant),1002,econ_bne,5,0.35227272727272707,1.7613636363636354,3,1,1.1796995377503854,1.5319722650231125,0.0625,3|2,2,4,8,16
pub/london_mini,Pub: london_mini,pub,exact-payoff (backbone-invariant),1002,econ_bne,6,0.35227272727272707,2.1136363636363624,3,1,1.1796995377503854,1.5319722650231125,0.0625,3|2,2,4,8,16
pub/london_mini,Pub: london_mini,pub,exact-payoff (backbone-invariant),1002,econ_bne,7,0.35227272727272707,2.4659090909090895,3,1,1.1796995377503854,1.5319722650231125,0.0625,3|2,2,4,8,16
pub/london_mini,Pub: london_mini,pub,exact-payoff (backbone-invariant),1002,econ_bne,8,0.35227272727272707,2.8181818181818166,3,1,1.1796995377503854,1.5319722650231125,0.0625,3|2,2,4,8,16
pub/london_mini,Pub: london_mini,pub,exact-payoff (backbone-invariant),1002,econ_bne,9,0.35227272727272707,3.1704545454545436,3,1,1.1796995377503854,1.5319722650231125,0.0625,3|2,2,4,8,16
pub/london_mini,Pub: london_mini,pub,exact-payoff (backbone-invariant),1002,econ_bne,10,0.35227272727272707,3.5227272727272707,3,1,1.1796995377503854,1.5319722650231125,0.0625,3|2,2,4,8,16
pub/london_mini,Pub: london_mini,pub,exact-payoff (backbone-invariant),1002,econ_bne,11,0.35227272727272707,3.874999999999998,3,1,1.1796995377503854,1.5319722650231125,0.0625,3|2,2,4,8,16
pub/london_mini,Pub: london_mini,pub,exact-payoff (backbone-invariant),1002,econ_bne,12,0.35227272727272707,4.227272727272725,3,1,1.1796995377503854,1.5319722650231125,0.0625,3|2,2,4,8,16
pub/london_mini,Pub: london_mini,pub,exact-payoff (backbone-invariant),1002,econ_bne,13,0.35227272727272707,4.5795454545454515,3,1,1.1796995377503854,1.5319722650231125,0.0625,3|2,2,4,8,16
pub/london_mini,Pub: london_mini,pub,exact-payoff (backbone-invariant),1002,econ_bne,14,0.35227272727272707,4.931818181818178,3,1,1.1796995377503854,1.5319722650231125,0.0625,3|2,2,4,8,16
pub/london_mini,Pub: london_mini,pub,exact-payoff (backbone-invariant),1002,econ_bne,15,0.35227272727272707,5.284090909090905,3,1,1.1796995377503854,1.5319722650231125,0.0625,3|2,2,4,8,16
pub/london_mini,Pub: london_mini,pub,exact-payoff (backbone-invariant),1002,econ_bne,16,0.35227272727272707,5.636363636363631,3,1,1.1796995377503854,1.5319722650231125,0.0625,3|2,2,4,8,16
pub/london_mini,Pub: london_mini,pub,exact-payoff (backbone-invariant),1002,econ_bne,17,0.35227272727272707,5.988636363636358,3,1,1.1796995377503854,1.5319722650231125,0.0625,3|2,2,4,8,16
pub/london_mini,Pub: london_mini,pub,exact-payoff (backbone-invariant),1002,econ_bne,18,0.35227272727272707,6.340909090909085,3,1,1.1796995377503854,1.5319722650231125,0.0625,3|2,2,4,8,16
pub/london_mini,Pub: london_mini,pub,exact-payoff (backbone-invariant),1002,econ_bne,19,0.35227272727272707,6.693181818181811,3,1,1.1796995377503854,1.5319722650231125,0.0625,3|2,2,4,8,16
pub/london_mini,Pub: london_mini,pub,exact-payoff (backbone-invariant),1002,econ_bne,20,0.35227272727272707,7.045454545454538,3,1,1.1796995377503854,1.5319722650231125,0.0625,3|2,2,4,8,16
pub/london_mini,Pub: london_mini,pub,exact-payoff (backbone-invariant),1002,atom_tom1,1,0.0,0.0,1,1,1.5319722650231125,1.5319722650231125,0.0625,3|2,2,4,8,16
pub/london_mini,Pub: london_mini,pub,exact-payoff (backbone-invariant),1002,atom_tom1,2,0.0,0.0,1,1,1.5319722650231125,1.5319722650231125,0.0625,3|2,2,4,8,16
pub/london_mini,Pub: london_mini,pub,exact-payoff (backbone-invariant),1002,atom_tom1,3,0.0,0.0,1,1,1.5319722650231125,1.5319722650231125,0.0625,3|2,2,4,8,16
pub/london_mini,Pub: london_mini,pub,exact-payoff (backbone-invariant),1002,atom_tom1,4,0.0,0.0,1,1,1.5319722650231125,1.5319722650231125,0.0625,3|2,2,4,8,16
pub/london_mini,Pub: london_mini,pub,exact-payoff (backbone-invariant),1002,atom_tom1,5,0.0,0.0,1,1,1.5319722650231125,1.5319722650231125,0.0625,3|2,2,4,8,16
pub/london_mini,Pub: london_mini,pub,exact-payoff (backbone-invariant),1002,atom_tom1,6,0.0,0.0,1,1,1.5319722650231125,1.5319722650231125,0.0625,3|2,2,4,8,16
pub/london_mini,Pub: london_mini,pub,exact-payoff (backbone-invariant),1002,atom_tom1,7,0.0,0.0,1,1,1.5319722650231125,1.5319722650231125,0.0625,3|2,2,4,8,16
pub/london_mini,Pub: london_mini,pub,exact-payoff (backbone-invariant),1002,atom_tom1,8,0.0,0.0,1,1,1.5319722650231125,1.5319722650231125,0.0625,3|2,2,4,8,16
pub/london_mini,Pub: london_mini,pub,exact-payoff (backbone-invariant),1002,atom_tom1,9,0.0,0.0,1,1,1.5319722650231125,1.5319722650231125,0.0625,3|2,2,4,8,16
pub/london_mini,Pub: london_mini,pub,exact-payoff (backbone-invariant),1002,atom_tom1,10,0.0,0.0,1,1,1.5319722650231125,1.5319722650231125,0.0625,3|2,2,4,8,16
pub/london_mini,Pub: london_mini,pub,exact-payoff (backbone-invariant),1002,atom_tom1,11,0.0,0.0,1,1,1.5319722650231125,1.5319722650231125,0.0625,3|2,2,4,8,16
pub/london_mini,Pub: london_mini,pub,exact-payoff (backbone-invariant),1002,atom_tom1,12,0.0,0.0,1,1,1.5319722650231125,1.5319722650231125,0.0625,3|2,2,4,8,16
pub/london_mini,Pub: london_mini,pub,exact-payoff (backbone-invariant),1002,atom_tom1,13,0.0,0.0,1,1,1.5319722650231125,1.5319722650231125,0.0625,3|2,2,4,8,16
pub/london_mini,Pub: london_mini,pub,exact-payoff (backbone-invariant),1002,atom_tom1,14,0.0,0.0,1,1,1.5319722650231125,1.5319722650231125,0.0625,3|2,2,4,8,16
pub/london_mini,Pub: london_mini,pub,exact-payoff (backbone-invariant),1002,atom_tom1,15,0.0,0.0,1,1,1.5319722650231125,1.5319722650231125,0.0625,3|2,2,4,8,16
pub/london_mini,Pub: london_mini,pub,exact-payoff (backbone-invariant),1002,atom_tom1,16,0.0,0.0,1,1,1.5319722650231125,1.5319722650231125,0.0625,3|2,2,4,8,16
pub/london_mini,Pub: london_mini,pub,exact-payoff (backbone-invariant),1002,atom_tom1,17,0.0,0.0,1,1,1.5319722650231125,1.5319722650231125,0.0625,3|2,2,4,8,16
pub/london_mini,Pub: london_mini,pub,exact-payoff (backbone-invariant),1002,atom_tom1,18,0.0,0.0,1,1,1.5319722650231125,1.5319722650231125,0.0625,3|2,2,4,8,16
pub/london_mini,Pub: london_mini,pub,exact-payoff (backbone-invariant),1002,atom_tom1,19,0.0,0.0,1,1,1.5319722650231125,1.5319722650231125,0.0625,3|2,2,4,8,16
pub/london_mini,Pub: london_mini,pub,exact-payoff (backbone-invariant),1002,atom_tom1,20,0.0,0.0,1,1,1.5319722650231125,1.5319722650231125,0.0625,3|2,2,4,8,16
pub/london_mini,Pub: london_mini,pub,exact-payoff (backbone-invariant),1002,random,1,1.2251540832049306,1.2251540832049306,2,1,0.3068181818181818,1.5319722650231125,0.0625,3|2,2,4,8,16
pub/london_mini,Pub: london_mini,pub,exact-payoff (backbone-invariant),1002,random,2,0.0,1.2251540832049306,1,1,1.5319722650231125,1.5319722650231125,0.0625,3|2,2,4,8,16
pub/london_mini,Pub: london_mini,pub,exact-payoff (backbone-invariant),1002,random,3,0.35227272727272707,1.5774268104776576,3,1,1.1796995377503854,1.5319722650231125,0.0625,3|2,2,4,8,16
pub/london_mini,Pub: london_mini,pub,exact-payoff (backbone-invariant),1002,random,4,0.8728813559322034,2.450308166409861,0,1,0.6590909090909091,1.5319722650231125,0.0625,3|2,2,4,8,16
pub/london_mini,Pub: london_mini,pub,exact-payoff (backbone-invariant),1002,random,5,0.0,2.450308166409861,1,1,1.5319722650231125,1.5319722650231125,0.0625,3|2,2,4,8,16
pub/london_mini,Pub: london_mini,pub,exact-payoff (backbone-invariant),1002,random,6,1.2251540832049306,3.6754622496147915,2,1,0.3068181818181818,1.5319722650231125,0.0625,3|2,2,4,8,16
pub/london_mini,Pub: london_mini,pub,exact-payoff (backbone-invariant),1002,random,7,0.35227272727272707,4.027734976887519,3,1,1.1796995377503854,1.5319722650231125,0.0625,3|2,2,4,8,16
pub/london_mini,Pub: london_mini,pub,exact-payoff (backbone-invariant),1002,random,8,0.35227272727272707,4.380007704160246,3,1,1.1796995377503854,1.5319722650231125,0.0625,3|2,2,4,8,16
pub/london_mini,Pub: london_mini,pub,exact-payoff (backbone-invariant),1002,random,9,0.35227272727272707,4.732280431432972,3,1,1.1796995377503854,1.5319722650231125,0.0625,3|2,2,4,8,16
pub/london_mini,Pub: london_mini,pub,exact-payoff (backbone-invariant),1002,random,10,0.8728813559322034,5.605161787365176,0,1,0.6590909090909091,1.5319722650231125,0.0625,3|2,2,4,8,16
pub/london_mini,Pub: london_mini,pub,exact-payoff (backbone-invariant),1002,random,11,1.2251540832049306,6.830315870570106,2,1,0.3068181818181818,1.5319722650231125,0.0625,3|2,2,4,8,16
pub/london_mini,Pub: london_mini,pub,exact-payoff (backbone-invariant),1002,random,12,0.0,6.830315870570106,1,1,1.5319722650231125,1.5319722650231125,0.0625,3|2,2,4,8,16
pub/london_mini,Pub: london_mini,pub,exact-payoff (backbone-invariant),1002,random,13,1.2251540832049306,8.055469953775036,2,1,0.3068181818181818,1.5319722650231125,0.0625,3|2,2,4,8,16
pub/london_mini,Pub: london_mini,pub,exact-payoff (backbone-invariant),1002,random,14,0.35227272727272707,8.407742681047763,3,1,1.1796995377503854,1.5319722650231125,0.0625,3|2,2,4,8,16
pub/london_mini,Pub: london_mini,pub,exact-payoff (backbone-invariant),1002,random,15,0.8728813559322034,9.280624036979967,0,1,0.6590909090909091,1.5319722650231125,0.0625,3|2,2,4,8,16
pub/london_mini,Pub: london_mini,pub,exact-payoff (backbone-invariant),1002,random,16,1.2251540832049306,10.505778120184898,2,1,0.3068181818181818,1.5319722650231125,0.0625,3|2,2,4,8,16
pub/london_mini,Pub: london_mini,pub,exact-payoff (backbone-invariant),1002,random,17,0.0,10.505778120184898,1,1,1.5319722650231125,1.5319722650231125,0.0625,3|2,2,4,8,16
pub/london_mini,Pub: london_mini,pub,exact-payoff (backbone-invariant),1002,random,18,0.35227272727272707,10.858050847457624,3,1,1.1796995377503854,1.5319722650231125,0.0625,3|2,2,4,8,16
pub/london_mini,Pub: london_mini,pub,exact-payoff (backbone-invariant),1002,random,19,0.35227272727272707,11.210323574730351,3,1,1.1796995377503854,1.5319722650231125,0.0625,3|2,2,4,8,16
pub/london_mini,Pub: london_mini,pub,exact-payoff (backbone-invariant),1002,random,20,0.35227272727272707,11.562596302003078,3,1,1.1796995377503854,1.5319722650231125,0.0625,3|2,2,4,8,16
haggling/fruitville,Haggling: fruitville,haggling,exact-payoff (backbone-invariant),1002,pact,1,0.1333333333333333,0.1333333333333333,1,5,1.0,1.1333333333333333,0.7799176980423528,3|2,2,4,8,16
haggling/fruitville,Haggling: fruitville,haggling,exact-payoff (backbone-invariant),1002,pact,2,0.0,0.1333333333333333,5,5,1.1333333333333333,1.1333333333333333,0.7853141090806801,3|2,2,4,8,16
haggling/fruitville,Haggling: fruitville,haggling,exact-payoff (backbone-invariant),1002,pact,3,0.19999999999999996,0.33333333333333326,9,5,0.9333333333333333,1.1333333333333333,0.92449857169087,3|2,2,4,8,16
haggling/fruitville,Haggling: fruitville,haggling,exact-payoff (backbone-invariant),1002,pact,4,0.0,0.33333333333333326,5,5,1.1333333333333333,1.1333333333333333,0.9274019889722119,3|2,2,4,8,16
haggling/fruitville,Haggling: fruitville,haggling,exact-payoff (backbone-invariant),1002,pact,5,0.0,0.33333333333333326,5,5,1.1333333333333333,1.1333333333333333,0.9301445966827422,3|2,2,4,8,16
haggling/fruitville,Haggling: fruitville,haggling,exact-payoff (backbone-invariant),1002,pact,6,0.0,0.33333333333333326,5,5,1.1333333333333333,1.1333333333333333,0.9327442039438617,3|2,2,4,8,16
haggling/fruitville,Haggling: fruitville,haggling,exact-payoff (backbone-invariant),1002,pact,7,0.0,0.33333333333333326,5,5,1.1333333333333333,1.1333333333333333,0.9352157512521333,3|2,2,4,8,16
haggling/fruitville,Haggling: fruitville,haggling,exact-payoff (backbone-invariant),1002,pact,8,0.04444444444444451,0.37777777777777777,7,5,1.0888888888888888,1.1333333333333333,0.9400440598626982,3|2,2,4,8,16
haggling/fruitville,Haggling: fruitville,haggling,exact-payoff (backbone-invariant),1002,pact,9,0.0,0.37777777777777777,5,5,1.1333333333333333,1.1333333333333333,0.9422605202843166,3|2,2,4,8,16
haggling/fruitville,Haggling: fruitville,haggling,exact-payoff (backbone-invariant),1002,pact,10,0.0,0.37777777777777777,5,5,1.1333333333333333,1.1333333333333333,0.9443746960646915,3|2,2,4,8,16
haggling/fruitville,Haggling: fruitville,haggling,exact-payoff (backbone-invariant),1002,pact,11,0.0,0.37777777777777777,5,5,1.1333333333333333,1.1333333333333333,0.9463955824607142,3|2,2,4,8,16
haggling/fruitville,Haggling: fruitville,haggling,exact-payoff (backbone-invariant),1002,pact,12,0.0,0.37777777777777777,5,5,1.1333333333333333,1.1333333333333333,0.9483308156990071,3|2,2,4,8,16
haggling/fruitville,Haggling: fruitville,haggling,exact-payoff (backbone-invariant),1002,pact,13,0.0,0.37777777777777777,5,5,1.1333333333333333,1.1333333333333333,0.9501869077982952,3|2,2,4,8,16
haggling/fruitville,Haggling: fruitville,haggling,exact-payoff (backbone-invariant),1002,pact,14,0.0,0.37777777777777777,5,5,1.1333333333333333,1.1333333333333333,0.9519694411223107,3|2,2,4,8,16
haggling/fruitville,Haggling: fruitville,haggling,exact-payoff (backbone-invariant),1002,pact,15,0.0,0.37777777777777777,5,5,1.1333333333333333,1.1333333333333333,0.9536832292841118,3|2,2,4,8,16
haggling/fruitville,Haggling: fruitville,haggling,exact-payoff (backbone-invariant),1002,pact,16,0.0,0.37777777777777777,5,5,1.1333333333333333,1.1333333333333333,0.9553324500177995,3|2,2,4,8,16
haggling/fruitville,Haggling: fruitville,haggling,exact-payoff (backbone-invariant),1002,pact,17,0.0,0.37777777777777777,5,5,1.1333333333333333,1.1333333333333333,0.9569207547550427,3|2,2,4,8,16
haggling/fruitville,Haggling: fruitville,haggling,exact-payoff (backbone-invariant),1002,pact,18,0.0,0.37777777777777777,5,5,1.1333333333333333,1.1333333333333333,0.9584513588846133,3|2,2,4,8,16
haggling/fruitville,Haggling: fruitville,haggling,exact-payoff (backbone-invariant),1002,pact,19,0.0,0.37777777777777777,5,5,1.1333333333333333,1.1333333333333333,0.959927116023121,3|2,2,4,8,16
haggling/fruitville,Haggling: fruitville,haggling,exact-payoff (backbone-invariant),1002,pact,20,0.0,0.37777777777777777,5,5,1.1333333333333333,1.1333333333333333,0.9613505790727009,3|2,2,4,8,16
haggling/fruitville,Haggling: fruitville,haggling,exact-payoff (backbone-invariant),1002,pact_plus,1,0.1333333333333333,0.1333333333333333,1,5,1.0,1.1333333333333333,0.7799176980423528,3|2,2,4,8,16
haggling/fruitville,Haggling: fruitville,haggling,exact-payoff (backbone-invariant),1002,pact_plus,2,0.0,0.1333333333333333,5,5,1.1333333333333333,1.1333333333333333,0.7853141090806801,3|2,2,4,8,16
haggling/fruitville,Haggling: fruitville,haggling,exact-payoff (backbone-invariant),1002,pact_plus,3,0.19999999999999996,0.33333333333333326,9,5,0.9333333333333333,1.1333333333333333,0.92449857169087,3|2,2,4,8,16
haggling/fruitville,Haggling: fruitville,haggling,exact-payoff (backbone-invariant),1002,pact_plus,4,0.0,0.33333333333333326,5,5,1.1333333333333333,1.1333333333333333,0.9274019889722119,3|2,2,4,8,16
haggling/fruitville,Haggling: fruitville,haggling,exact-payoff (backbone-invariant),1002,pact_plus,5,0.0,0.33333333333333326,5,5,1.1333333333333333,1.1333333333333333,0.9301445966827422,3|2,2,4,8,16
haggling/fruitville,Haggling: fruitville,haggling,exact-payoff (backbone-invariant),1002,pact_plus,6,0.0,0.33333333333333326,5,5,1.1333333333333333,1.1333333333333333,0.9327442039438617,3|2,2,4,8,16
haggling/fruitville,Haggling: fruitville,haggling,exact-payoff (backbone-invariant),1002,pact_plus,7,0.0,0.33333333333333326,5,5,1.1333333333333333,1.1333333333333333,0.9352157512521333,3|2,2,4,8,16
haggling/fruitville,Haggling: fruitville,haggling,exact-payoff (backbone-invariant),1002,pact_plus,8,0.04444444444444451,0.37777777777777777,7,5,1.0888888888888888,1.1333333333333333,0.9400440598626982,3|2,2,4,8,16
haggling/fruitville,Haggling: fruitville,haggling,exact-payoff (backbone-invariant),1002,pact_plus,9,0.0,0.37777777777777777,5,5,1.1333333333333333,1.1333333333333333,0.9422605202843166,3|2,2,4,8,16
haggling/fruitville,Haggling: fruitville,haggling,exact-payoff (backbone-invariant),1002,pact_plus,10,0.0,0.37777777777777777,5,5,1.1333333333333333,1.1333333333333333,0.9443746960646915,3|2,2,4,8,16
haggling/fruitville,Haggling: fruitville,haggling,exact-payoff (backbone-invariant),1002,pact_plus,11,0.0,0.37777777777777777,5,5,1.1333333333333333,1.1333333333333333,0.9463955824607142,3|2,2,4,8,16
haggling/fruitville,Haggling: fruitville,haggling,exact-payoff (backbone-invariant),1002,pact_plus,12,0.0,0.37777777777777777,5,5,1.1333333333333333,1.1333333333333333,0.9483308156990071,3|2,2,4,8,16
haggling/fruitville,Haggling: fruitville,haggling,exact-payoff (backbone-invariant),1002,pact_plus,13,0.0,0.37777777777777777,5,5,1.1333333333333333,1.1333333333333333,0.9501869077982952,3|2,2,4,8,16
haggling/fruitville,Haggling: fruitville,haggling,exact-payoff (backbone-invariant),1002,pact_plus,14,0.0,0.37777777777777777,5,5,1.1333333333333333,1.1333333333333333,0.9519694411223107,3|2,2,4,8,16
haggling/fruitville,Haggling: fruitville,haggling,exact-payoff (backbone-invariant),1002,pact_plus,15,0.0,0.37777777777777777,5,5,1.1333333333333333,1.1333333333333333,0.9536832292841118,3|2,2,4,8,16
haggling/fruitville,Haggling: fruitville,haggling,exact-payoff (backbone-invariant),1002,pact_plus,16,0.0,0.37777777777777777,5,5,1.1333333333333333,1.1333333333333333,0.9553324500177995,3|2,2,4,8,16
haggling/fruitville,Haggling: fruitville,haggling,exact-payoff (backbone-invariant),1002,pact_plus,17,0.0,0.37777777777777777,5,5,1.1333333333333333,1.1333333333333333,0.9569207547550427,3|2,2,4,8,16
haggling/fruitville,Haggling: fruitville,haggling,exact-payoff (backbone-invariant),1002,pact_plus,18,0.0,0.37777777777777777,5,5,1.1333333333333333,1.1333333333333333,0.9584513588846133,3|2,2,4,8,16
haggling/fruitville,Haggling: fruitville,haggling,exact-payoff (backbone-invariant),1002,pact_plus,19,0.0,0.37777777777777777,5,5,1.1333333333333333,1.1333333333333333,0.959927116023121,3|2,2,4,8,16
haggling/fruitville,Haggling: fruitville,haggling,exact-payoff (backbone-invariant),1002,pact_plus,20,0.0,0.37777777777777777,5,5,1.1333333333333333,1.1333333333333333,0.9613505790727009,3|2,2,4,8,16
haggling/fruitville,Haggling: fruitville,haggling,exact-payoff (backbone-invariant),1002,joint_psrl_uniform,1,0.0,0.0,5,5,1.1333333333333333,1.1333333333333333,0.09503887140153504,3|2,2,4,8,16
haggling/fruitville,Haggling: fruitville,haggling,exact-payoff (backbone-invariant),1002,joint_psrl_uniform,2,0.0,0.0,5,5,1.1333333333333333,1.1333333333333333,0.13017463596028356,3|2,2,4,8,16
haggling/fruitville,Haggling: fruitville,haggling,exact-payoff (backbone-invariant),1002,joint_psrl_uniform,3,0.04444444444444451,0.04444444444444451,7,5,1.0888888888888888,1.1333333333333333,0.16647849696489694,3|2,2,4,8,16
haggling/fruitville,Haggling: fruitville,haggling,exact-payoff (backbone-invariant),1002,joint_psrl_uniform,4,0.04444444444444451,0.08888888888888902,7,5,1.0888888888888888,1.1333333333333333,0.19826802519904735,3|2,2,4,8,16
haggling/fruitville,Haggling: fruitville,haggling,exact-payoff (backbone-invariant),1002,joint_psrl_uniform,5,0.04444444444444451,0.13333333333333353,7,5,1.0888888888888888,1.1333333333333333,0.22457190470484883,3|2,2,4,8,16
haggling/fruitville,Haggling: fruitville,haggling,exact-payoff (backbone-invariant),1002,joint_psrl_uniform,6,0.19999999999999996,0.3333333333333335,9,5,0.9333333333333333,1.1333333333333333,0.3415064598956095,3|2,2,4,8,16
haggling/fruitville,Haggling: fruitville,haggling,exact-payoff (backbone-invariant),1002,joint_psrl_uniform,7,0.04444444444444451,0.377777777777778,7,5,1.0888888888888888,1.1333333333333333,0.3499033617554099,3|2,2,4,8,16
haggling/fruitville,Haggling: fruitville,haggling,exact-payoff (backbone-invariant),1002,joint_psrl_uniform,8,0.04444444444444451,0.4222222222222225,7,5,1.0888888888888888,1.1333333333333333,0.35793116145324366,3|2,2,4,8,16
haggling/fruitville,Haggling: fruitville,haggling,exact-payoff (backbone-invariant),1002,joint_psrl_uniform,9,0.0,0.4222222222222225,5,5,1.1333333333333333,1.1333333333333333,0.43575980572110845,3|2,2,4,8,16
haggling/fruitville,Haggling: fruitville,haggling,exact-payoff (backbone-invariant),1002,joint_psrl_uniform,10,0.04444444444444451,0.466666666666667,7,5,1.0888888888888888,1.1333333333333333,0.4445523252393145,3|2,2,4,8,16
haggling/fruitville,Haggling: fruitville,haggling,exact-payoff (backbone-invariant),1002,joint_psrl_uniform,11,0.0,0.466666666666667,5,5,1.1333333333333333,1.1333333333333333,0.5097627201929674,3|2,2,4,8,16
haggling/fruitville,Haggling: fruitville,haggling,exact-payoff (backbone-invariant),1002,joint_psrl_uniform,12,0.1333333333333333,0.6000000000000003,1,5,1.0,1.1333333333333333,0.9152071255165174,3|2,2,4,8,16
haggling/fruitville,Haggling: fruitville,haggling,exact-payoff (backbone-invariant),1002,joint_psrl_uniform,13,0.0,0.6000000000000003,5,5,1.1333333333333333,1.1333333333333333,0.9186063111642347,3|2,2,4,8,16
haggling/fruitville,Haggling: fruitville,haggling,exact-payoff (backbone-invariant),1002,joint_psrl_uniform,14,0.0,0.6000000000000003,5,5,1.1333333333333333,1.1333333333333333,0.9218184087930453,3|2,2,4,8,16
haggling/fruitville,Haggling: fruitville,haggling,exact-payoff (backbone-invariant),1002,joint_psrl_uniform,15,0.0,0.6000000000000003,5,5,1.1333333333333333,1.1333333333333333,0.9248623227913436,3|2,2,4,8,16
haggling/fruitville,Haggling: fruitville,haggling,exact-payoff (backbone-invariant),1002,joint_psrl_uniform,16,0.0,0.6000000000000003,5,5,1.1333333333333333,1.1333333333333333,0.9277541142216827,3|2,2,4,8,16
haggling/fruitville,Haggling: fruitville,haggling,exact-payoff (backbone-invariant),1002,joint_psrl_uniform,17,0.0,0.6000000000000003,5,5,1.1333333333333333,1.1333333333333333,0.9305074700334458,3|2,2,4,8,16
haggling/fruitville,Haggling: fruitville,haggling,exact-payoff (backbone-invariant),1002,joint_psrl_uniform,18,0.0,0.6000000000000003,5,5,1.1333333333333333,1.1333333333333333,0.9331340961593867,3|2,2,4,8,16
haggling/fruitville,Haggling: fruitville,haggling,exact-payoff (backbone-invariant),1002,joint_psrl_uniform,19,0.0,0.6000000000000003,5,5,1.1333333333333333,1.1333333333333333,0.9356440460614983,3|2,2,4,8,16
haggling/fruitville,Haggling: fruitville,haggling,exact-payoff (backbone-invariant),1002,joint_psrl_uniform,20,0.0,0.6000000000000003,5,5,1.1333333333333333,1.1333333333333333,0.9380459947793403,3|2,2,4,8,16
haggling/fruitville,Haggling: fruitville,haggling,exact-payoff (backbone-invariant),1002,psrl_notype,1,0.1333333333333333,0.1333333333333333,1,5,1.0,1.1333333333333333,0.0625,3|2,2,4,8,16
haggling/fruitville,Haggling: fruitville,haggling,exact-payoff (backbone-invariant),1002,psrl_notype,2,0.04444444444444451,0.1777777777777778,7,5,1.0888888888888888,1.1333333333333333,0.0625,3|2,2,4,8,16
haggling/fruitville,Haggling: fruitville,haggling,exact-payoff (backbone-invariant),1002,psrl_notype,3,0.0,0.1777777777777778,5,5,1.1333333333333333,1.1333333333333333,0.0625,3|2,2,4,8,16
haggling/fruitville,Haggling: fruitville,haggling,exact-payoff (backbone-invariant),1002,psrl_notype,4,0.0,0.1777777777777778,5,5,1.1333333333333333,1.1333333333333333,0.0625,3|2,2,4,8,16
haggling/fruitville,Haggling: fruitville,haggling,exact-payoff (backbone-invariant),1002,psrl_notype,5,0.0,0.1777777777777778,5,5,1.1333333333333333,1.1333333333333333,0.0625,3|2,2,4,8,16
haggling/fruitville,Haggling: fruitville,haggling,exact-payoff (backbone-invariant),1002,psrl_notype,6,0.19999999999999996,0.37777777777777777,9,5,0.9333333333333333,1.1333333333333333,0.0625,3|2,2,4,8,16
haggling/fruitville,Haggling: fruitville,haggling,exact-payoff (backbone-invariant),1002,psrl_notype,7,0.0,0.37777777777777777,5,5,1.1333333333333333,1.1333333333333333,0.0625,3|2,2,4,8,16
haggling/fruitville,Haggling: fruitville,haggling,exact-payoff (backbone-invariant),1002,psrl_notype,8,0.04444444444444451,0.4222222222222223,7,5,1.0888888888888888,1.1333333333333333,0.0625,3|2,2,4,8,16
haggling/fruitville,Haggling: fruitville,haggling,exact-payoff (backbone-invariant),1002,psrl_notype,9,0.0,0.4222222222222223,5,5,1.1333333333333333,1.1333333333333333,0.0625,3|2,2,4,8,16
haggling/fruitville,Haggling: fruitville,haggling,exact-payoff (backbone-invariant),1002,psrl_notype,10,0.19999999999999996,0.6222222222222222,9,5,0.9333333333333333,1.1333333333333333,0.0625,3|2,2,4,8,16
haggling/fruitville,Haggling: fruitville,haggling,exact-payoff (backbone-invariant),1002,psrl_notype,11,0.19999999999999996,0.8222222222222222,9,5,0.9333333333333333,1.1333333333333333,0.0625,3|2,2,4,8,16
haggling/fruitville,Haggling: fruitville,haggling,exact-payoff (backbone-invariant),1002,psrl_notype,12,0.04444444444444451,0.8666666666666667,7,5,1.0888888888888888,1.1333333333333333,0.0625,3|2,2,4,8,16
haggling/fruitville,Haggling: fruitville,haggling,exact-payoff (backbone-invariant),1002,psrl_notype,13,0.19999999999999996,1.0666666666666667,9,5,0.9333333333333333,1.1333333333333333,0.0625,3|2,2,4,8,16
haggling/fruitville,Haggling: fruitville,haggling,exact-payoff (backbone-invariant),1002,psrl_notype,14,0.1333333333333333,1.2,1,5,1.0,1.1333333333333333,0.0625,3|2,2,4,8,16
haggling/fruitville,Haggling: fruitville,haggling,exact-payoff (backbone-invariant),1002,psrl_notype,15,0.04444444444444451,1.2444444444444445,7,5,1.0888888888888888,1.1333333333333333,0.0625,3|2,2,4,8,16
haggling/fruitville,Haggling: fruitville,haggling,exact-payoff (backbone-invariant),1002,psrl_notype,16,0.04444444444444451,1.288888888888889,7,5,1.0888888888888888,1.1333333333333333,0.0625,3|2,2,4,8,16
haggling/fruitville,Haggling: fruitville,haggling,exact-payoff (backbone-invariant),1002,psrl_notype,17,0.0,1.288888888888889,5,5,1.1333333333333333,1.1333333333333333,0.0625,3|2,2,4,8,16
haggling/fruitville,Haggling: fruitville,haggling,exact-payoff (backbone-invariant),1002,psrl_notype,18,0.04444444444444451,1.3333333333333335,7,5,1.0888888888888888,1.1333333333333333,0.0625,3|2,2,4,8,16
haggling/fruitville,Haggling: fruitville,haggling,exact-payoff (backbone-invariant),1002,psrl_notype,19,0.0,1.3333333333333335,5,5,1.1333333333333333,1.1333333333333333,0.0625,3|2,2,4,8,16
haggling/fruitville,Haggling: fruitville,haggling,exact-payoff (backbone-invariant),1002,psrl_notype,20,0.04444444444444451,1.377777777777778,7,5,1.0888888888888888,1.1333333333333333,0.0625,3|2,2,4,8,16
haggling/fruitville,Haggling: fruitville,haggling,exact-payoff (backbone-invariant),1002,map_type_greedy,1,0.19999999999999996,0.19999999999999996,9,5,0.9333333333333333,1.1333333333333333,0.3896331707087036,3|2,2,4,8,16
haggling/fruitville,Haggling: fruitville,haggling,exact-payoff (backbone-invariant),1002,map_type_greedy,2,0.04444444444444451,0.24444444444444446,7,5,1.0888888888888888,1.1333333333333333,0.39619674812432026,3|2,2,4,8,16
haggling/fruitville,Haggling: fruitville,haggling,exact-payoff (backbone-invariant),1002,map_type_greedy,3,0.04444444444444451,0.288888888888889,7,5,1.0888888888888888,1.1333333333333333,0.4023446098033603,3|2,2,4,8,16
haggling/fruitville,Haggling: fruitville,haggling,exact-payoff (backbone-invariant),1002,map_type_greedy,4,0.04444444444444451,0.3333333333333335,7,5,1.0888888888888888,1.1333333333333333,0.4081620323263317,3|2,2,4,8,16
haggling/fruitville,Haggling: fruitville,haggling,exact-payoff (backbone-invariant),1002,map_type_greedy,5,0.04444444444444451,0.377777777777778,7,5,1.0888888888888888,1.1333333333333333,0.4137063042179371,3|2,2,4,8,16
haggling/fruitville,Haggling: fruitville,haggling,exact-payoff (backbone-invariant),1002,map_type_greedy,6,0.04444444444444451,0.4222222222222225,7,5,1.0888888888888888,1.1333333333333333,0.41901656109870167,3|2,2,4,8,16
haggling/fruitville,Haggling: fruitville,haggling,exact-payoff (backbone-invariant),1002,map_type_greedy,7,0.04444444444444451,0.466666666666667,7,5,1.0888888888888888,1.1333333333333333,0.42412015566317113,3|2,2,4,8,16
haggling/fruitville,Haggling: fruitville,haggling,exact-payoff (backbone-invariant),1002,map_type_greedy,8,0.04444444444444451,0.5111111111111115,7,5,1.0888888888888888,1.1333333333333333,0.429036780387121,3|2,2,4,8,16
haggling/fruitville,Haggling: fruitville,haggling,exact-payoff (backbone-invariant),1002,map_type_greedy,9,0.04444444444444451,0.555555555555556,7,5,1.0888888888888888,1.1333333333333333,0.43378113736170953,3|2,2,4,8,16
haggling/fruitville,Haggling: fruitville,haggling,exact-payoff (backbone-invariant),1002,map_type_greedy,10,0.04444444444444451,0.6000000000000005,7,5,1.0888888888888888,1.1333333333333333,0.43836466860213763,3|2,2,4,8,16
haggling/fruitville,Haggling: fruitville,haggling,exact-payoff (backbone-invariant),1002,map_type_greedy,11,0.04444444444444451,0.644444444444445,7,5,1.0888888888888888,1.1333333333333333,0.442796677572761,3|2,2,4,8,16
haggling/fruitville,Haggling: fruitville,haggling,exact-payoff (backbone-invariant),1002,map_type_greedy,12,0.04444444444444451,0.6888888888888896,7,5,1.0888888888888888,1.1333333333333333,0.44708505518072583,3|2,2,4,8,16
haggling/fruitville,Haggling: fruitville,haggling,exact-payoff (backbone-invariant),1002,map_type_greedy,13,0.04444444444444451,0.7333333333333341,7,5,1.0888888888888888,1.1333333333333333,0.4512367481442862,3|2,2,4,8,16
haggling/fruitville,Haggling: fruitville,haggling,exact-payoff (backbone-invariant),1002,map_type_greedy,14,0.04444444444444451,0.7777777777777786,7,5,1.0888888888888888,1.1333333333333333,0.45525805928845164,3|2,2,4,8,16
haggling/fruitville,Haggling: fruitville,haggling,exact-payoff (backbone-invariant),1002,map_type_greedy,15,0.04444444444444451,0.8222222222222231,7,5,1.0888888888888888,1.1333333333333333,0.459154838187856,3|2,2,4,8,16
haggling/fruitville,Haggling: fruitville,haggling,exact-payoff (backbone-invariant),1002,map_type_greedy,16,0.04444444444444451,0.8666666666666676,7,5,1.0888888888888888,1.1333333333333333,0.46293260043359863,3|2,2,4,8,16
haggling/fruitville,Haggling: fruitville,haggling,exact-payoff (backbone-invariant),1002,map_type_greedy,17,0.04444444444444451,0.9111111111111121,7,5,1.0888888888888888,1.1333333333333333,0.46659660069257486,3|2,2,4,8,16
haggling/fruitville,Haggling: fruitville,haggling,exact-payoff (backbone-invariant),1002,map_type_greedy,18,0.04444444444444451,0.9555555555555566,7,5,1.0888888888888888,1.1333333333333333,0.47015187614558834,3|2,2,4,8,16
haggling/fruitville,Haggling: fruitville,haggling,exact-payoff (backbone-invariant),1002,map_type_greedy,19,0.04444444444444451,1.000000000000001,7,5,1.0888888888888888,1.1333333333333333,0.4736032712385124,3|2,2,4,8,16
haggling/fruitville,Haggling: fruitville,haggling,exact-payoff (backbone-invariant),1002,map_type_greedy,20,0.04444444444444451,1.0444444444444456,7,5,1.0888888888888888,1.1333333333333333,0.47695545093907366,3|2,2,4,8,16
haggling/fruitville,Haggling: fruitville,haggling,exact-payoff (backbone-invariant),1002,econ_bne,1,0.0,0.0,5,5,1.1333333333333333,1.1333333333333333,0.0625,3|2,2,4,8,16
haggling/fruitville,Haggling: fruitville,haggling,exact-payoff (backbone-invariant),1002,econ_bne,2,0.0,0.0,5,5,1.1333333333333333,1.1333333333333333,0.0625,3|2,2,4,8,16
haggling/fruitville,Haggling: fruitville,haggling,exact-payoff (backbone-invariant),1002,econ_bne,3,0.0,0.0,5,5,1.1333333333333333,1.1333333333333333,0.0625,3|2,2,4,8,16
haggling/fruitville,Haggling: fruitville,haggling,exact-payoff (backbone-invariant),1002,econ_bne,4,0.0,0.0,5,5,1.1333333333333333,1.1333333333333333,0.0625,3|2,2,4,8,16
haggling/fruitville,Haggling: fruitville,haggling,exact-payoff (backbone-invariant),1002,econ_bne,5,0.0,0.0,5,5,1.1333333333333333,1.1333333333333333,0.0625,3|2,2,4,8,16
haggling/fruitville,Haggling: fruitville,haggling,exact-payoff (backbone-invariant),1002,econ_bne,6,0.0,0.0,5,5,1.1333333333333333,1.1333333333333333,0.0625,3|2,2,4,8,16
haggling/fruitville,Haggling: fruitville,haggling,exact-payoff (backbone-invariant),1002,econ_bne,7,0.0,0.0,5,5,1.1333333333333333,1.1333333333333333,0.0625,3|2,2,4,8,16
haggling/fruitville,Haggling: fruitville,haggling,exact-payoff (backbone-invariant),1002,econ_bne,8,0.0,0.0,5,5,1.1333333333333333,1.1333333333333333,0.0625,3|2,2,4,8,16
haggling/fruitville,Haggling: fruitville,haggling,exact-payoff (backbone-invariant),1002,econ_bne,9,0.0,0.0,5,5,1.1333333333333333,1.1333333333333333,0.0625,3|2,2,4,8,16
haggling/fruitville,Haggling: fruitville,haggling,exact-payoff (backbone-invariant),1002,econ_bne,10,0.0,0.0,5,5,1.1333333333333333,1.1333333333333333,0.0625,3|2,2,4,8,16
haggling/fruitville,Haggling: fruitville,haggling,exact-payoff (backbone-invariant),1002,econ_bne,11,0.0,0.0,5,5,1.1333333333333333,1.1333333333333333,0.0625,3|2,2,4,8,16
haggling/fruitville,Haggling: fruitville,haggling,exact-payoff (backbone-invariant),1002,econ_bne,12,0.0,0.0,5,5,1.1333333333333333,1.1333333333333333,0.0625,3|2,2,4,8,16
haggling/fruitville,Haggling: fruitville,haggling,exact-payoff (backbone-invariant),1002,econ_bne,13,0.0,0.0,5,5,1.1333333333333333,1.1333333333333333,0.0625,3|2,2,4,8,16
haggling/fruitville,Haggling: fruitville,haggling,exact-payoff (backbone-invariant),1002,econ_bne,14,0.0,0.0,5,5,1.1333333333333333,1.1333333333333333,0.0625,3|2,2,4,8,16
haggling/fruitville,Haggling: fruitville,haggling,exact-payoff (backbone-invariant),1002,econ_bne,15,0.0,0.0,5,5,1.1333333333333333,1.1333333333333333,0.0625,3|2,2,4,8,16
haggling/fruitville,Haggling: fruitville,haggling,exact-payoff (backbone-invariant),1002,econ_bne,16,0.0,0.0,5,5,1.1333333333333333,1.1333333333333333,0.0625,3|2,2,4,8,16
haggling/fruitville,Haggling: fruitville,haggling,exact-payoff (backbone-invariant),1002,econ_bne,17,0.0,0.0,5,5,1.1333333333333333,1.1333333333333333,0.0625,3|2,2,4,8,16
haggling/fruitville,Haggling: fruitville,haggling,exact-payoff (backbone-invariant),1002,econ_bne,18,0.0,0.0,5,5,1.1333333333333333,1.1333333333333333,0.0625,3|2,2,4,8,16
haggling/fruitville,Haggling: fruitville,haggling,exact-payoff (backbone-invariant),1002,econ_bne,19,0.0,0.0,5,5,1.1333333333333333,1.1333333333333333,0.0625,3|2,2,4,8,16
haggling/fruitville,Haggling: fruitville,haggling,exact-payoff (backbone-invariant),1002,econ_bne,20,0.0,0.0,5,5,1.1333333333333333,1.1333333333333333,0.0625,3|2,2,4,8,16
haggling/fruitville,Haggling: fruitville,haggling,exact-payoff (backbone-invariant),1002,atom_tom1,1,0.1333333333333333,0.1333333333333333,1,5,1.0,1.1333333333333333,0.0625,3|2,2,4,8,16
haggling/fruitville,Haggling: fruitville,haggling,exact-payoff (backbone-invariant),1002,atom_tom1,2,0.1333333333333333,0.2666666666666666,1,5,1.0,1.1333333333333333,0.0625,3|2,2,4,8,16
haggling/fruitville,Haggling: fruitville,haggling,exact-payoff (backbone-invariant),1002,atom_tom1,3,0.1333333333333333,0.3999999999999999,1,5,1.0,1.1333333333333333,0.0625,3|2,2,4,8,16
haggling/fruitville,Haggling: fruitville,haggling,exact-payoff (backbone-invariant),1002,atom_tom1,4,0.1333333333333333,0.5333333333333332,1,5,1.0,1.1333333333333333,0.0625,3|2,2,4,8,16
haggling/fruitville,Haggling: fruitville,haggling,exact-payoff (backbone-invariant),1002,atom_tom1,5,0.1333333333333333,0.6666666666666665,1,5,1.0,1.1333333333333333,0.0625,3|2,2,4,8,16
haggling/fruitville,Haggling: fruitville,haggling,exact-payoff (backbone-invariant),1002,atom_tom1,6,0.1333333333333333,0.7999999999999998,1,5,1.0,1.1333333333333333,0.0625,3|2,2,4,8,16
haggling/fruitville,Haggling: fruitville,haggling,exact-payoff (backbone-invariant),1002,atom_tom1,7,0.1333333333333333,0.9333333333333331,1,5,1.0,1.1333333333333333,0.0625,3|2,2,4,8,16
haggling/fruitville,Haggling: fruitville,haggling,exact-payoff (backbone-invariant),1002,atom_tom1,8,0.1333333333333333,1.0666666666666664,1,5,1.0,1.1333333333333333,0.0625,3|2,2,4,8,16
haggling/fruitville,Haggling: fruitville,haggling,exact-payoff (backbone-invariant),1002,atom_tom1,9,0.1333333333333333,1.1999999999999997,1,5,1.0,1.1333333333333333,0.0625,3|2,2,4,8,16
haggling/fruitville,Haggling: fruitville,haggling,exact-payoff (backbone-invariant),1002,atom_tom1,10,0.1333333333333333,1.333333333333333,1,5,1.0,1.1333333333333333,0.0625,3|2,2,4,8,16
haggling/fruitville,Haggling: fruitville,haggling,exact-payoff (backbone-invariant),1002,atom_tom1,11,0.1333333333333333,1.4666666666666663,1,5,1.0,1.1333333333333333,0.0625,3|2,2,4,8,16
haggling/fruitville,Haggling: fruitville,haggling,exact-payoff (backbone-invariant),1002,atom_tom1,12,0.1333333333333333,1.5999999999999996,1,5,1.0,1.1333333333333333,0.0625,3|2,2,4,8,16
haggling/fruitville,Haggling: fruitville,haggling,exact-payoff (backbone-invariant),1002,atom_tom1,13,0.1333333333333333,1.733333333333333,1,5,1.0,1.1333333333333333,0.0625,3|2,2,4,8,16
haggling/fruitville,Haggling: fruitville,haggling,exact-payoff (backbone-invariant),1002,atom_tom1,14,0.1333333333333333,1.8666666666666663,1,5,1.0,1.1333333333333333,0.0625,3|2,2,4,8,16
haggling/fruitville,Haggling: fruitville,haggling,exact-payoff (backbone-invariant),1002,atom_tom1,15,0.1333333333333333,1.9999999999999996,1,5,1.0,1.1333333333333333,0.0625,3|2,2,4,8,16
haggling/fruitville,Haggling: fruitville,haggling,exact-payoff (backbone-invariant),1002,atom_tom1,16,0.1333333333333333,2.133333333333333,1,5,1.0,1.1333333333333333,0.0625,3|2,2,4,8,16
haggling/fruitville,Haggling: fruitville,haggling,exact-payoff (backbone-invariant),1002,atom_tom1,17,0.1333333333333333,2.266666666666666,1,5,1.0,1.1333333333333333,0.0625,3|2,2,4,8,16
haggling/fruitville,Haggling: fruitville,haggling,exact-payoff (backbone-invariant),1002,atom_tom1,18,0.1333333333333333,2.3999999999999995,1,5,1.0,1.1333333333333333,0.0625,3|2,2,4,8,16
haggling/fruitville,Haggling: fruitville,haggling,exact-payoff (backbone-invariant),1002,atom_tom1,19,0.1333333333333333,2.5333333333333328,1,5,1.0,1.1333333333333333,0.0625,3|2,2,4,8,16
haggling/fruitville,Haggling: fruitville,haggling,exact-payoff (backbone-invariant),1002,atom_tom1,20,0.1333333333333333,2.666666666666666,1,5,1.0,1.1333333333333333,0.0625,3|2,2,4,8,16
haggling/fruitville,Haggling: fruitville,haggling,exact-payoff (backbone-invariant),1002,random,1,1.0222222222222221,1.0222222222222221,6,5,0.1111111111111111,1.1333333333333333,0.0625,3|2,2,4,8,16
haggling/fruitville,Haggling: fruitville,haggling,exact-payoff (backbone-invariant),1002,random,2,1.0222222222222221,2.0444444444444443,2,5,0.1111111111111111,1.1333333333333333,0.0625,3|2,2,4,8,16
haggling/fruitville,Haggling: fruitville,haggling,exact-payoff (backbone-invariant),1002,random,3,1.0222222222222221,3.0666666666666664,8,5,0.1111111111111111,1.1333333333333333,0.0625,3|2,2,4,8,16
haggling/fruitville,Haggling: fruitville,haggling,exact-payoff (backbone-invariant),1002,random,4,0.1333333333333333,3.1999999999999997,1,5,1.0,1.1333333333333333,0.0625,3|2,2,4,8,16
haggling/fruitville,Haggling: fruitville,haggling,exact-payoff (backbone-invariant),1002,random,5,1.0222222222222221,4.222222222222221,2,5,0.1111111111111111,1.1333333333333333,0.0625,3|2,2,4,8,16
haggling/fruitville,Haggling: fruitville,haggling,exact-payoff (backbone-invariant),1002,random,6,0.04444444444444451,4.266666666666666,7,5,1.0888888888888888,1.1333333333333333,0.0625,3|2,2,4,8,16
haggling/fruitville,Haggling: fruitville,haggling,exact-payoff (backbone-invariant),1002,random,7,1.0222222222222221,5.288888888888888,8,5,0.1111111111111111,1.1333333333333333,0.0625,3|2,2,4,8,16
haggling/fruitville,Haggling: fruitville,haggling,exact-payoff (backbone-invariant),1002,random,8,0.19999999999999996,5.488888888888888,9,5,0.9333333333333333,1.1333333333333333,0.0625,3|2,2,4,8,16
haggling/fruitville,Haggling: fruitville,haggling,exact-payoff (backbone-invariant),1002,random,9,1.0222222222222221,6.51111111111111,8,5,0.1111111111111111,1.1333333333333333,0.0625,3|2,2,4,8,16
haggling/fruitville,Haggling: fruitville,haggling,exact-payoff (backbone-invariant),1002,random,10,1.0222222222222221,7.533333333333332,0,5,0.1111111111111111,1.1333333333333333,0.0625,3|2,2,4,8,16
haggling/fruitville,Haggling: fruitville,haggling,exact-payoff (backbone-invariant),1002,random,11,0.04444444444444451,7.577777777777777,7,5,1.0888888888888888,1.1333333333333333,0.0625,3|2,2,4,8,16
haggling/fruitville,Haggling: fruitville,haggling,exact-payoff (backbone-invariant),1002,random,12,1.0222222222222221,8.599999999999998,4,5,0.1111111111111111,1.1333333333333333,0.0625,3|2,2,4,8,16
haggling/fruitville,Haggling: fruitville,haggling,exact-payoff (backbone-invariant),1002,random,13,1.0222222222222221,9.62222222222222,6,5,0.1111111111111111,1.1333333333333333,0.0625,3|2,2,4,8,16
haggling/fruitville,Haggling: fruitville,haggling,exact-payoff (backbone-invariant),1002,random,14,0.04444444444444451,9.666666666666664,7,5,1.0888888888888888,1.1333333333333333,0.0625,3|2,2,4,8,16
haggling/fruitville,Haggling: fruitville,haggling,exact-payoff (backbone-invariant),1002,random,15,0.1333333333333333,9.799999999999997,1,5,1.0,1.1333333333333333,0.0625,3|2,2,4,8,16
haggling/fruitville,Haggling: fruitville,haggling,exact-payoff (backbone-invariant),1002,random,16,1.0222222222222221,10.82222222222222,6,5,0.1111111111111111,1.1333333333333333,0.0625,3|2,2,4,8,16
haggling/fruitville,Haggling: fruitville,haggling,exact-payoff (backbone-invariant),1002,random,17,1.0222222222222221,11.844444444444441,4,5,0.1111111111111111,1.1333333333333333,0.0625,3|2,2,4,8,16
haggling/fruitville,Haggling: fruitville,haggling,exact-payoff (backbone-invariant),1002,random,18,0.19999999999999996,12.04444444444444,9,5,0.9333333333333333,1.1333333333333333,0.0625,3|2,2,4,8,16
haggling/fruitville,Haggling: fruitville,haggling,exact-payoff (backbone-invariant),1002,random,19,1.0222222222222221,13.066666666666663,8,5,0.1111111111111111,1.1333333333333333,0.0625,3|2,2,4,8,16
haggling/fruitville,Haggling: fruitville,haggling,exact-payoff (backbone-invariant),1002,random,20,0.19999999999999996,13.266666666666662,9,5,0.9333333333333333,1.1333333333333333,0.0625,3|2,2,4,8,16
haggling/vegbrooke,Haggling: vegbrooke,haggling,exact-payoff (backbone-invariant),1002,pact,1,0.06832298136645965,0.06832298136645965,1,0,1.0,1.0683229813664596,0.48705020446621994,3|2,2,4,8,16
haggling/vegbrooke,Haggling: vegbrooke,haggling,exact-payoff (backbone-invariant),1002,pact,2,0.5093167701863356,0.5776397515527952,9,0,0.5590062111801241,1.0683229813664596,0.831519802119381,3|2,2,4,8,16
haggling/vegbrooke,Haggling: vegbrooke,haggling,exact-payoff (backbone-invariant),1002,pact,3,0.0,0.5776397515527952,0,0,1.0683229813664596,1.0683229813664596,0.831519802119381,3|2,2,4,8,16
haggling/vegbrooke,Haggling: vegbrooke,haggling,exact-payoff (backbone-invariant),1002,pact,4,0.0,0.5776397515527952,0,0,1.0683229813664596,1.0683229813664596,0.831519802119381,3|2,2,4,8,16
haggling/vegbrooke,Haggling: vegbrooke,haggling,exact-payoff (backbone-invariant),1002,pact,5,0.0,0.5776397515527952,0,0,1.0683229813664596,1.0683229813664596,0.831519802119381,3|2,2,4,8,16
haggling/vegbrooke,Haggling: vegbrooke,haggling,exact-payoff (backbone-invariant),1002,pact,6,0.0,0.5776397515527952,0,0,1.0683229813664596,1.0683229813664596,0.831519802119381,3|2,2,4,8,16
haggling/vegbrooke,Haggling: vegbrooke,haggling,exact-payoff (backbone-invariant),1002,pact,7,0.0,0.5776397515527952,0,0,1.0683229813664596,1.0683229813664596,0.831519802119381,3|2,2,4,8,16
haggling/vegbrooke,Haggling: vegbrooke,haggling,exact-payoff (backbone-invariant),1002,pact,8,0.0,0.5776397515527952,0,0,1.0683229813664596,1.0683229813664596,0.831519802119381,3|2,2,4,8,16
haggling/vegbrooke,Haggling: vegbrooke,haggling,exact-payoff (backbone-invariant),1002,pact,9,0.0,0.5776397515527952,0,0,1.0683229813664596,1.0683229813664596,0.831519802119381,3|2,2,4,8,16
haggling/vegbrooke,Haggling: vegbrooke,haggling,exact-payoff (backbone-invariant),1002,pact,10,0.0,0.5776397515527952,0,0,1.0683229813664596,1.0683229813664596,0.831519802119381,3|2,2,4,8,16
haggling/vegbrooke,Haggling: vegbrooke,haggling,exact-payoff (backbone-invariant),1002,pact,11,0.0,0.5776397515527952,0,0,1.0683229813664596,1.0683229813664596,0.831519802119381,3|2,2,4,8,16
haggling/vegbrooke,Haggling: vegbrooke,haggling,exact-payoff (backbone-invariant),1002,pact,12,0.0,0.5776397515527952,0,0,1.0683229813664596,1.0683229813664596,0.831519802119381,3|2,2,4,8,16
haggling/vegbrooke,Haggling: vegbrooke,haggling,exact-payoff (backbone-invariant),1002,pact,13,0.0,0.5776397515527952,0,0,1.0683229813664596,1.0683229813664596,0.831519802119381,3|2,2,4,8,16
haggling/vegbrooke,Haggling: vegbrooke,haggling,exact-payoff (backbone-invariant),1002,pact,14,0.0,0.5776397515527952,0,0,1.0683229813664596,1.0683229813664596,0.831519802119381,3|2,2,4,8,16
haggling/vegbrooke,Haggling: vegbrooke,haggling,exact-payoff (backbone-invariant),1002,pact,15,0.0,0.5776397515527952,0,0,1.0683229813664596,1.0683229813664596,0.831519802119381,3|2,2,4,8,16
haggling/vegbrooke,Haggling: vegbrooke,haggling,exact-payoff (backbone-invariant),1002,pact,16,0.0,0.5776397515527952,0,0,1.0683229813664596,1.0683229813664596,0.831519802119381,3|2,2,4,8,16
haggling/vegbrooke,Haggling: vegbrooke,haggling,exact-payoff (backbone-invariant),1002,pact,17,0.0,0.5776397515527952,0,0,1.0683229813664596,1.0683229813664596,0.831519802119381,3|2,2,4,8,16
haggling/vegbrooke,Haggling: vegbrooke,haggling,exact-payoff (backbone-invariant),1002,pact,18,0.0,0.5776397515527952,0,0,1.0683229813664596,1.0683229813664596,0.831519802119381,3|2,2,4,8,16
haggling/vegbrooke,Haggling: vegbrooke,haggling,exact-payoff (backbone-invariant),1002,pact,19,0.0,0.5776397515527952,0,0,1.0683229813664596,1.0683229813664596,0.831519802119381,3|2,2,4,8,16
haggling/vegbrooke,Haggling: vegbrooke,haggling,exact-payoff (backbone-invariant),1002,pact,20,0.0,0.5776397515527952,0,0,1.0683229813664596,1.0683229813664596,0.831519802119381,3|2,2,4,8,16
haggling/vegbrooke,Haggling: vegbrooke,haggling,exact-payoff (backbone-invariant),1002,pact_plus,1,0.06832298136645965,0.06832298136645965,1,0,1.0,1.0683229813664596,0.48705020446621994,3|2,2,4,8,16
haggling/vegbrooke,Haggling: vegbrooke,haggling,exact-payoff (backbone-invariant),1002,pact_plus,2,0.5093167701863356,0.5776397515527952,9,0,0.5590062111801241,1.0683229813664596,0.831519802119381,3|2,2,4,8,16
haggling/vegbrooke,Haggling: vegbrooke,haggling,exact-payoff (backbone-invariant),1002,pact_plus,3,0.0,0.5776397515527952,0,0,1.0683229813664596,1.0683229813664596,0.831519802119381,3|2,2,4,8,16
haggling/vegbrooke,Haggling: vegbrooke,haggling,exact-payoff (backbone-invariant),1002,pact_plus,4,0.0,0.5776397515527952,0,0,1.0683229813664596,1.0683229813664596,0.831519802119381,3|2,2,4,8,16
haggling/vegbrooke,Haggling: vegbrooke,haggling,exact-payoff (backbone-invariant),1002,pact_plus,5,0.0,0.5776397515527952,0,0,1.0683229813664596,1.0683229813664596,0.831519802119381,3|2,2,4,8,16
haggling/vegbrooke,Haggling: vegbrooke,haggling,exact-payoff (backbone-invariant),1002,pact_plus,6,0.0,0.5776397515527952,0,0,1.0683229813664596,1.0683229813664596,0.831519802119381,3|2,2,4,8,16
haggling/vegbrooke,Haggling: vegbrooke,haggling,exact-payoff (backbone-invariant),1002,pact_plus,7,0.0,0.5776397515527952,0,0,1.0683229813664596,1.0683229813664596,0.831519802119381,3|2,2,4,8,16
haggling/vegbrooke,Haggling: vegbrooke,haggling,exact-payoff (backbone-invariant),1002,pact_plus,8,0.0,0.5776397515527952,0,0,1.0683229813664596,1.0683229813664596,0.831519802119381,3|2,2,4,8,16
haggling/vegbrooke,Haggling: vegbrooke,haggling,exact-payoff (backbone-invariant),1002,pact_plus,9,0.0,0.5776397515527952,0,0,1.0683229813664596,1.0683229813664596,0.831519802119381,3|2,2,4,8,16
haggling/vegbrooke,Haggling: vegbrooke,haggling,exact-payoff (backbone-invariant),1002,pact_plus,10,0.0,0.5776397515527952,0,0,1.0683229813664596,1.0683229813664596,0.831519802119381,3|2,2,4,8,16
haggling/vegbrooke,Haggling: vegbrooke,haggling,exact-payoff (backbone-invariant),1002,pact_plus,11,0.0,0.5776397515527952,0,0,1.0683229813664596,1.0683229813664596,0.831519802119381,3|2,2,4,8,16
haggling/vegbrooke,Haggling: vegbrooke,haggling,exact-payoff (backbone-invariant),1002,pact_plus,12,0.0,0.5776397515527952,0,0,1.0683229813664596,1.0683229813664596,0.831519802119381,3|2,2,4,8,16
haggling/vegbrooke,Haggling: vegbrooke,haggling,exact-payoff (backbone-invariant),1002,pact_plus,13,0.0,0.5776397515527952,0,0,1.0683229813664596,1.0683229813664596,0.831519802119381,3|2,2,4,8,16
haggling/vegbrooke,Haggling: vegbrooke,haggling,exact-payoff (backbone-invariant),1002,pact_plus,14,0.0,0.5776397515527952,0,0,1.0683229813664596,1.0683229813664596,0.831519802119381,3|2,2,4,8,16
haggling/vegbrooke,Haggling: vegbrooke,haggling,exact-payoff (backbone-invariant),1002,pact_plus,15,0.0,0.5776397515527952,0,0,1.0683229813664596,1.0683229813664596,0.831519802119381,3|2,2,4,8,16
haggling/vegbrooke,Haggling: vegbrooke,haggling,exact-payoff (backbone-invariant),1002,pact_plus,16,0.0,0.5776397515527952,0,0,1.0683229813664596,1.0683229813664596,0.831519802119381,3|2,2,4,8,16
haggling/vegbrooke,Haggling: vegbrooke,haggling,exact-payoff (backbone-invariant),1002,pact_plus,17,0.0,0.5776397515527952,0,0,1.0683229813664596,1.0683229813664596,0.831519802119381,3|2,2,4,8,16
haggling/vegbrooke,Haggling: vegbrooke,haggling,exact-payoff (backbone-invariant),1002,pact_plus,18,0.0,0.5776397515527952,0,0,1.0683229813664596,1.0683229813664596,0.831519802119381,3|2,2,4,8,16
haggling/vegbrooke,Haggling: vegbrooke,haggling,exact-payoff (backbone-invariant),1002,pact_plus,19,0.0,0.5776397515527952,0,0,1.0683229813664596,1.0683229813664596,0.831519802119381,3|2,2,4,8,16
haggling/vegbrooke,Haggling: vegbrooke,haggling,exact-payoff (backbone-invariant),1002,pact_plus,20,0.0,0.5776397515527952,0,0,1.0683229813664596,1.0683229813664596,0.831519802119381,3|2,2,4,8,16
haggling/vegbrooke,Haggling: vegbrooke,haggling,exact-payoff (backbone-invariant),1002,joint_psrl_uniform,1,0.0,0.0,0,0,1.0683229813664596,1.0683229813664596,0.0625,3|2,2,4,8,16
haggling/vegbrooke,Haggling: vegbrooke,haggling,exact-payoff (backbone-invariant),1002,joint_psrl_uniform,2,0.06832298136645965,0.06832298136645965,1,0,1.0,1.0683229813664596,0.22350851489393828,3|2,2,4,8,16
haggling/vegbrooke,Haggling: vegbrooke,haggling,exact-payoff (backbone-invariant),1002,joint_psrl_uniform,3,0.0,0.06832298136645965,0,0,1.0683229813664596,1.0683229813664596,0.22350851489393822,3|2,2,4,8,16
haggling/vegbrooke,Haggling: vegbrooke,haggling,exact-payoff (backbone-invariant),1002,joint_psrl_uniform,4,0.0,0.06832298136645965,0,0,1.0683229813664596,1.0683229813664596,0.22350851489393828,3|2,2,4,8,16
haggling/vegbrooke,Haggling: vegbrooke,haggling,exact-payoff (backbone-invariant),1002,joint_psrl_uniform,5,0.0,0.06832298136645965,0,0,1.0683229813664596,1.0683229813664596,0.22350851489393822,3|2,2,4,8,16
haggling/vegbrooke,Haggling: vegbrooke,haggling,exact-payoff (backbone-invariant),1002,joint_psrl_uniform,6,0.0,0.06832298136645965,0,0,1.0683229813664596,1.0683229813664596,0.22350851489393828,3|2,2,4,8,16
haggling/vegbrooke,Haggling: vegbrooke,haggling,exact-payoff (backbone-invariant),1002,joint_psrl_uniform,7,0.0,0.06832298136645965,0,0,1.0683229813664596,1.0683229813664596,0.22350851489393822,3|2,2,4,8,16
haggling/vegbrooke,Haggling: vegbrooke,haggling,exact-payoff (backbone-invariant),1002,joint_psrl_uniform,8,0.0,0.06832298136645965,0,0,1.0683229813664596,1.0683229813664596,0.22350851489393828,3|2,2,4,8,16
haggling/vegbrooke,Haggling: vegbrooke,haggling,exact-payoff (backbone-invariant),1002,joint_psrl_uniform,9,0.0,0.06832298136645965,0,0,1.0683229813664596,1.0683229813664596,0.22350851489393822,3|2,2,4,8,16
haggling/vegbrooke,Haggling: vegbrooke,haggling,exact-payoff (backbone-invariant),1002,joint_psrl_uniform,10,0.5093167701863356,0.5776397515527952,9,0,0.5590062111801241,1.0683229813664596,0.6749384596851685,3|2,2,4,8,16
haggling/vegbrooke,Haggling: vegbrooke,haggling,exact-payoff (backbone-invariant),1002,joint_psrl_uniform,11,0.0,0.5776397515527952,0,0,1.0683229813664596,1.0683229813664596,0.6749384596851684,3|2,2,4,8,16
haggling/vegbrooke,Haggling: vegbrooke,haggling,exact-payoff (backbone-invariant),1002,joint_psrl_uniform,12,0.06832298136645965,0.6459627329192549,1,0,1.0,1.0683229813664596,0.8450748224871435,3|2,2,4,8,16
haggling/vegbrooke,Haggling: vegbrooke,haggling,exact-payoff (backbone-invariant),1002,joint_psrl_uniform,13,0.0,0.6459627329192549,0,0,1.0683229813664596,1.0683229813664596,0.8450748224871436,3|2,2,4,8,16
haggling/vegbrooke,Haggling: vegbrooke,haggling,exact-payoff (backbone-invariant),1002,joint_psrl_uniform,14,0.0,0.6459627329192549,0,0,1.0683229813664596,1.0683229813664596,0.8450748224871436,3|2,2,4,8,16
haggling/vegbrooke,Haggling: vegbrooke,haggling,exact-payoff (backbone-invariant),1002,joint_psrl_uniform,15,0.0,0.6459627329192549,0,0,1.0683229813664596,1.0683229813664596,0.8450748224871436,3|2,2,4,8,16
haggling/vegbrooke,Haggling: vegbrooke,haggling,exact-payoff (backbone-invariant),1002,joint_psrl_uniform,16,0.0,0.6459627329192549,0,0,1.0683229813664596,1.0683229813664596,0.8450748224871436,3|2,2,4,8,16
haggling/vegbrooke,Haggling: vegbrooke,haggling,exact-payoff (backbone-invariant),1002,joint_psrl_uniform,17,0.0,0.6459627329192549,0,0,1.0683229813664596,1.0683229813664596,0.8450748224871436,3|2,2,4,8,16
haggling/vegbrooke,Haggling: vegbrooke,haggling,exact-payoff (backbone-invariant),1002,joint_psrl_uniform,18,0.0,0.6459627329192549,0,0,1.0683229813664596,1.0683229813664596,0.8450748224871436,3|2,2,4,8,16
haggling/vegbrooke,Haggling: vegbrooke,haggling,exact-payoff (backbone-invariant),1002,joint_psrl_uniform,19,0.0,0.6459627329192549,0,0,1.0683229813664596,1.0683229813664596,0.8450748224871436,3|2,2,4,8,16
haggling/vegbrooke,Haggling: vegbrooke,haggling,exact-payoff (backbone-invariant),1002,joint_psrl_uniform,20,0.0,0.6459627329192549,0,0,1.0683229813664596,1.0683229813664596,0.8450748224871436,3|2,2,4,8,16
haggling/vegbrooke,Haggling: vegbrooke,haggling,exact-payoff (backbone-invariant),1002,psrl_notype,1,0.06832298136645965,0.06832298136645965,1,0,1.0,1.0683229813664596,0.0625,3|2,2,4,8,16
haggling/vegbrooke,Haggling: vegbrooke,haggling,exact-payoff (backbone-invariant),1002,psrl_notype,2,0.0,0.06832298136645965,0,0,1.0683229813664596,1.0683229813664596,0.0625,3|2,2,4,8,16
haggling/vegbrooke,Haggling: vegbrooke,haggling,exact-payoff (backbone-invariant),1002,psrl_notype,3,0.0,0.06832298136645965,0,0,1.0683229813664596,1.0683229813664596,0.0625,3|2,2,4,8,16
haggling/vegbrooke,Haggling: vegbrooke,haggling,exact-payoff (backbone-invariant),1002,psrl_notype,4,0.0,0.06832298136645965,0,0,1.0683229813664596,1.0683229813664596,0.0625,3|2,2,4,8,16
haggling/vegbrooke,Haggling: vegbrooke,haggling,exact-payoff (backbone-invariant),1002,psrl_notype,5,0.0,0.06832298136645965,0,0,1.0683229813664596,1.0683229813664596,0.0625,3|2,2,4,8,16
haggling/vegbrooke,Haggling: vegbrooke,haggling,exact-payoff (backbone-invariant),1002,psrl_notype,6,0.5093167701863356,0.5776397515527952,9,0,0.5590062111801241,1.0683229813664596,0.0625,3|2,2,4,8,16
haggling/vegbrooke,Haggling: vegbrooke,haggling,exact-payoff (backbone-invariant),1002,psrl_notype,7,0.0,0.5776397515527952,0,0,1.0683229813664596,1.0683229813664596,0.0625,3|2,2,4,8,16
haggling/vegbrooke,Haggling: vegbrooke,haggling,exact-payoff (backbone-invariant),1002,psrl_notype,8,0.0,0.5776397515527952,0,0,1.0683229813664596,1.0683229813664596,0.0625,3|2,2,4,8,16
haggling/vegbrooke,Haggling: vegbrooke,haggling,exact-payoff (backbone-invariant),1002,psrl_notype,9,0.0,0.5776397515527952,0,0,1.0683229813664596,1.0683229813664596,0.0625,3|2,2,4,8,16
haggling/vegbrooke,Haggling: vegbrooke,haggling,exact-payoff (backbone-invariant),1002,psrl_notype,10,0.5093167701863356,1.0869565217391308,9,0,0.5590062111801241,1.0683229813664596,0.0625,3|2,2,4,8,16
haggling/vegbrooke,Haggling: vegbrooke,haggling,exact-payoff (backbone-invariant),1002,psrl_notype,11,0.5093167701863356,1.5962732919254665,9,0,0.5590062111801241,1.0683229813664596,0.0625,3|2,2,4,8,16
haggling/vegbrooke,Haggling: vegbrooke,haggling,exact-payoff (backbone-invariant),1002,psrl_notype,12,0.0,1.5962732919254665,0,0,1.0683229813664596,1.0683229813664596,0.0625,3|2,2,4,8,16
haggling/vegbrooke,Haggling: vegbrooke,haggling,exact-payoff (backbone-invariant),1002,psrl_notype,13,0.5093167701863356,2.105590062111802,9,0,0.5590062111801241,1.0683229813664596,0.0625,3|2,2,4,8,16
haggling/vegbrooke,Haggling: vegbrooke,haggling,exact-payoff (backbone-invariant),1002,psrl_notype,14,0.06832298136645965,2.1739130434782616,1,0,1.0,1.0683229813664596,0.0625,3|2,2,4,8,16
haggling/vegbrooke,Haggling: vegbrooke,haggling,exact-payoff (backbone-invariant),1002,psrl_notype,15,0.0,2.1739130434782616,0,0,1.0683229813664596,1.0683229813664596,0.0625,3|2,2,4,8,16
haggling/vegbrooke,Haggling: vegbrooke,haggling,exact-payoff (backbone-invariant),1002,psrl_notype,16,0.0,2.1739130434782616,0,0,1.0683229813664596,1.0683229813664596,0.0625,3|2,2,4,8,16
haggling/vegbrooke,Haggling: vegbrooke,haggling,exact-payoff (backbone-invariant),1002,psrl_notype,17,0.0,2.1739130434782616,0,0,1.0683229813664596,1.0683229813664596,0.0625,3|2,2,4,8,16
haggling/vegbrooke,Haggling: vegbrooke,haggling,exact-payoff (backbone-invariant),1002,psrl_notype,18,0.0,2.1739130434782616,0,0,1.0683229813664596,1.0683229813664596,0.0625,3|2,2,4,8,16
haggling/vegbrooke,Haggling: vegbrooke,haggling,exact-payoff (backbone-invariant),1002,psrl_notype,19,0.0,2.1739130434782616,0,0,1.0683229813664596,1.0683229813664596,0.0625,3|2,2,4,8,16
haggling/vegbrooke,Haggling: vegbrooke,haggling,exact-payoff (backbone-invariant),1002,psrl_notype,20,0.0,2.1739130434782616,0,0,1.0683229813664596,1.0683229813664596,0.0625,3|2,2,4,8,16
haggling/vegbrooke,Haggling: vegbrooke,haggling,exact-payoff (backbone-invariant),1002,map_type_greedy,1,0.5093167701863356,0.5093167701863356,9,0,0.5590062111801241,1.0683229813664596,0.5150823146312277,3|2,2,4,8,16
haggling/vegbrooke,Haggling: vegbrooke,haggling,exact-payoff (backbone-invariant),1002,map_type_greedy,2,0.0,0.5093167701863356,0,0,1.0683229813664596,1.0683229813664596,0.5150823146312277,3|2,2,4,8,16
haggling/vegbrooke,Haggling: vegbrooke,haggling,exact-payoff (backbone-invariant),1002,map_type_greedy,3,0.0,0.5093167701863356,0,0,1.0683229813664596,1.0683229813664596,0.5150823146312277,3|2,2,4,8,16
haggling/vegbrooke,Haggling: vegbrooke,haggling,exact-payoff (backbone-invariant),1002,map_type_greedy,4,0.0,0.5093167701863356,0,0,1.0683229813664596,1.0683229813664596,0.5150823146312277,3|2,2,4,8,16
haggling/vegbrooke,Haggling: vegbrooke,haggling,exact-payoff (backbone-invariant),1002,map_type_greedy,5,0.0,0.5093167701863356,0,0,1.0683229813664596,1.0683229813664596,0.5150823146312277,3|2,2,4,8,16
haggling/vegbrooke,Haggling: vegbrooke,haggling,exact-payoff (backbone-invariant),1002,map_type_greedy,6,0.0,0.5093167701863356,0,0,1.0683229813664596,1.0683229813664596,0.5150823146312277,3|2,2,4,8,16
haggling/vegbrooke,Haggling: vegbrooke,haggling,exact-payoff (backbone-invariant),1002,map_type_greedy,7,0.0,0.5093167701863356,0,0,1.0683229813664596,1.0683229813664596,0.5150823146312277,3|2,2,4,8,16
haggling/vegbrooke,Haggling: vegbrooke,haggling,exact-payoff (backbone-invariant),1002,map_type_greedy,8,0.0,0.5093167701863356,0,0,1.0683229813664596,1.0683229813664596,0.5150823146312277,3|2,2,4,8,16
haggling/vegbrooke,Haggling: vegbrooke,haggling,exact-payoff (backbone-invariant),1002,map_type_greedy,9,0.0,0.5093167701863356,0,0,1.0683229813664596,1.0683229813664596,0.5150823146312277,3|2,2,4,8,16
haggling/vegbrooke,Haggling: vegbrooke,haggling,exact-payoff (backbone-invariant),1002,map_type_greedy,10,0.0,0.5093167701863356,0,0,1.0683229813664596,1.0683229813664596,0.5150823146312277,3|2,2,4,8,16
haggling/vegbrooke,Haggling: vegbrooke,haggling,exact-payoff (backbone-invariant),1002,map_type_greedy,11,0.0,0.5093167701863356,0,0,1.0683229813664596,1.0683229813664596,0.5150823146312277,3|2,2,4,8,16
haggling/vegbrooke,Haggling: vegbrooke,haggling,exact-payoff (backbone-invariant),1002,map_type_greedy,12,0.0,0.5093167701863356,0,0,1.0683229813664596,1.0683229813664596,0.5150823146312277,3|2,2,4,8,16
haggling/vegbrooke,Haggling: vegbrooke,haggling,exact-payoff (backbone-invariant),1002,map_type_greedy,13,0.0,0.5093167701863356,0,0,1.0683229813664596,1.0683229813664596,0.5150823146312277,3|2,2,4,8,16
haggling/vegbrooke,Haggling: vegbrooke,haggling,exact-payoff (backbone-invariant),1002,map_type_greedy,14,0.0,0.5093167701863356,0,0,1.0683229813664596,1.0683229813664596,0.5150823146312277,3|2,2,4,8,16
haggling/vegbrooke,Haggling: vegbrooke,haggling,exact-payoff (backbone-invariant),1002,map_type_greedy,15,0.0,0.5093167701863356,0,0,1.0683229813664596,1.0683229813664596,0.5150823146312277,3|2,2,4,8,16
haggling/vegbrooke,Haggling: vegbrooke,haggling,exact-payoff (backbone-invariant),1002,map_type_greedy,16,0.0,0.5093167701863356,0,0,1.0683229813664596,1.0683229813664596,0.5150823146312277,3|2,2,4,8,16
haggling/vegbrooke,Haggling: vegbrooke,haggling,exact-payoff (backbone-invariant),1002,map_type_greedy,17,0.0,0.5093167701863356,0,0,1.0683229813664596,1.0683229813664596,0.5150823146312277,3|2,2,4,8,16
haggling/vegbrooke,Haggling: vegbrooke,haggling,exact-payoff (backbone-invariant),1002,map_type_greedy,18,0.0,0.5093167701863356,0,0,1.0683229813664596,1.0683229813664596,0.5150823146312277,3|2,2,4,8,16
haggling/vegbrooke,Haggling: vegbrooke,haggling,exact-payoff (backbone-invariant),1002,map_type_greedy,19,0.0,0.5093167701863356,0,0,1.0683229813664596,1.0683229813664596,0.5150823146312277,3|2,2,4,8,16
haggling/vegbrooke,Haggling: vegbrooke,haggling,exact-payoff (backbone-invariant),1002,map_type_greedy,20,0.0,0.5093167701863356,0,0,1.0683229813664596,1.0683229813664596,0.5150823146312277,3|2,2,4,8,16
haggling/vegbrooke,Haggling: vegbrooke,haggling,exact-payoff (backbone-invariant),1002,econ_bne,1,0.0,0.0,4,0,1.0683229813664596,1.0683229813664596,0.0625,3|2,2,4,8,16
haggling/vegbrooke,Haggling: vegbrooke,haggling,exact-payoff (backbone-invariant),1002,econ_bne,2,0.0,0.0,4,0,1.0683229813664596,1.0683229813664596,0.0625,3|2,2,4,8,16
haggling/vegbrooke,Haggling: vegbrooke,haggling,exact-payoff (backbone-invariant),1002,econ_bne,3,0.0,0.0,4,0,1.0683229813664596,1.0683229813664596,0.0625,3|2,2,4,8,16
haggling/vegbrooke,Haggling: vegbrooke,haggling,exact-payoff (backbone-invariant),1002,econ_bne,4,0.0,0.0,4,0,1.0683229813664596,1.0683229813664596,0.0625,3|2,2,4,8,16
haggling/vegbrooke,Haggling: vegbrooke,haggling,exact-payoff (backbone-invariant),1002,econ_bne,5,0.0,0.0,4,0,1.0683229813664596,1.0683229813664596,0.0625,3|2,2,4,8,16
haggling/vegbrooke,Haggling: vegbrooke,haggling,exact-payoff (backbone-invariant),1002,econ_bne,6,0.0,0.0,4,0,1.0683229813664596,1.0683229813664596,0.0625,3|2,2,4,8,16
haggling/vegbrooke,Haggling: vegbrooke,haggling,exact-payoff (backbone-invariant),1002,econ_bne,7,0.0,0.0,4,0,1.0683229813664596,1.0683229813664596,0.0625,3|2,2,4,8,16
haggling/vegbrooke,Haggling: vegbrooke,haggling,exact-payoff (backbone-invariant),1002,econ_bne,8,0.0,0.0,4,0,1.0683229813664596,1.0683229813664596,0.0625,3|2,2,4,8,16
haggling/vegbrooke,Haggling: vegbrooke,haggling,exact-payoff (backbone-invariant),1002,econ_bne,9,0.0,0.0,4,0,1.0683229813664596,1.0683229813664596,0.0625,3|2,2,4,8,16
haggling/vegbrooke,Haggling: vegbrooke,haggling,exact-payoff (backbone-invariant),1002,econ_bne,10,0.0,0.0,4,0,1.0683229813664596,1.0683229813664596,0.0625,3|2,2,4,8,16
haggling/vegbrooke,Haggling: vegbrooke,haggling,exact-payoff (backbone-invariant),1002,econ_bne,11,0.0,0.0,4,0,1.0683229813664596,1.0683229813664596,0.0625,3|2,2,4,8,16
haggling/vegbrooke,Haggling: vegbrooke,haggling,exact-payoff (backbone-invariant),1002,econ_bne,12,0.0,0.0,4,0,1.0683229813664596,1.0683229813664596,0.0625,3|2,2,4,8,16
haggling/vegbrooke,Haggling: vegbrooke,haggling,exact-payoff (backbone-invariant),1002,econ_bne,13,0.0,0.0,4,0,1.0683229813664596,1.0683229813664596,0.0625,3|2,2,4,8,16
haggling/vegbrooke,Haggling: vegbrooke,haggling,exact-payoff (backbone-invariant),1002,econ_bne,14,0.0,0.0,4,0,1.0683229813664596,1.0683229813664596,0.0625,3|2,2,4,8,16
haggling/vegbrooke,Haggling: vegbrooke,haggling,exact-payoff (backbone-invariant),1002,econ_bne,15,0.0,0.0,4,0,1.0683229813664596,1.0683229813664596,0.0625,3|2,2,4,8,16
haggling/vegbrooke,Haggling: vegbrooke,haggling,exact-payoff (backbone-invariant),1002,econ_bne,16,0.0,0.0,4,0,1.0683229813664596,1.0683229813664596,0.0625,3|2,2,4,8,16
haggling/vegbrooke,Haggling: vegbrooke,haggling,exact-payoff (backbone-invariant),1002,econ_bne,17,0.0,0.0,4,0,1.0683229813664596,1.0683229813664596,0.0625,3|2,2,4,8,16
haggling/vegbrooke,Haggling: vegbrooke,haggling,exact-payoff (backbone-invariant),1002,econ_bne,18,0.0,0.0,4,0,1.0683229813664596,1.0683229813664596,0.0625,3|2,2,4,8,16
haggling/vegbrooke,Haggling: vegbrooke,haggling,exact-payoff (backbone-invariant),1002,econ_bne,19,0.0,0.0,4,0,1.0683229813664596,1.0683229813664596,0.0625,3|2,2,4,8,16
haggling/vegbrooke,Haggling: vegbrooke,haggling,exact-payoff (backbone-invariant),1002,econ_bne,20,0.0,0.0,4,0,1.0683229813664596,1.0683229813664596,0.0625,3|2,2,4,8,16
haggling/vegbrooke,Haggling: vegbrooke,haggling,exact-payoff (backbone-invariant),1002,atom_tom1,1,0.0,0.0,3,0,1.0683229813664596,1.0683229813664596,0.0625,3|2,2,4,8,16
haggling/vegbrooke,Haggling: vegbrooke,haggling,exact-payoff (backbone-invariant),1002,atom_tom1,2,0.0,0.0,3,0,1.0683229813664596,1.0683229813664596,0.0625,3|2,2,4,8,16
haggling/vegbrooke,Haggling: vegbrooke,haggling,exact-payoff (backbone-invariant),1002,atom_tom1,3,0.0,0.0,3,0,1.0683229813664596,1.0683229813664596,0.0625,3|2,2,4,8,16
haggling/vegbrooke,Haggling: vegbrooke,haggling,exact-payoff (backbone-invariant),1002,atom_tom1,4,0.0,0.0,3,0,1.0683229813664596,1.0683229813664596,0.0625,3|2,2,4,8,16
haggling/vegbrooke,Haggling: vegbrooke,haggling,exact-payoff (backbone-invariant),1002,atom_tom1,5,0.0,0.0,3,0,1.0683229813664596,1.0683229813664596,0.0625,3|2,2,4,8,16
haggling/vegbrooke,Haggling: vegbrooke,haggling,exact-payoff (backbone-invariant),1002,atom_tom1,6,0.0,0.0,3,0,1.0683229813664596,1.0683229813664596,0.0625,3|2,2,4,8,16
haggling/vegbrooke,Haggling: vegbrooke,haggling,exact-payoff (backbone-invariant),1002,atom_tom1,7,0.0,0.0,3,0,1.0683229813664596,1.0683229813664596,0.0625,3|2,2,4,8,16
haggling/vegbrooke,Haggling: vegbrooke,haggling,exact-payoff (backbone-invariant),1002,atom_tom1,8,0.0,0.0,3,0,1.0683229813664596,1.0683229813664596,0.0625,3|2,2,4,8,16
haggling/vegbrooke,Haggling: vegbrooke,haggling,exact-payoff (backbone-invariant),1002,atom_tom1,9,0.0,0.0,3,0,1.0683229813664596,1.0683229813664596,0.0625,3|2,2,4,8,16
haggling/vegbrooke,Haggling: vegbrooke,haggling,exact-payoff (backbone-invariant),1002,atom_tom1,10,0.0,0.0,3,0,1.0683229813664596,1.0683229813664596,0.0625,3|2,2,4,8,16
haggling/vegbrooke,Haggling: vegbrooke,haggling,exact-payoff (backbone-invariant),1002,atom_tom1,11,0.0,0.0,3,0,1.0683229813664596,1.0683229813664596,0.0625,3|2,2,4,8,16
haggling/vegbrooke,Haggling: vegbrooke,haggling,exact-payoff (backbone-invariant),1002,atom_tom1,12,0.0,0.0,3,0,1.0683229813664596,1.0683229813664596,0.0625,3|2,2,4,8,16
haggling/vegbrooke,Haggling: vegbrooke,haggling,exact-payoff (backbone-invariant),1002,atom_tom1,13,0.0,0.0,3,0,1.0683229813664596,1.0683229813664596,0.0625,3|2,2,4,8,16
haggling/vegbrooke,Haggling: vegbrooke,haggling,exact-payoff (backbone-invariant),1002,atom_tom1,14,0.0,0.0,3,0,1.0683229813664596,1.0683229813664596,0.0625,3|2,2,4,8,16
haggling/vegbrooke,Haggling: vegbrooke,haggling,exact-payoff (backbone-invariant),1002,atom_tom1,15,0.0,0.0,3,0,1.0683229813664596,1.0683229813664596,0.0625,3|2,2,4,8,16
haggling/vegbrooke,Haggling: vegbrooke,haggling,exact-payoff (backbone-invariant),1002,atom_tom1,16,0.0,0.0,3,0,1.0683229813664596,1.0683229813664596,0.0625,3|2,2,4,8,16
haggling/vegbrooke,Haggling: vegbrooke,haggling,exact-payoff (backbone-invariant),1002,atom_tom1,17,0.0,0.0,3,0,1.0683229813664596,1.0683229813664596,0.0625,3|2,2,4,8,16
haggling/vegbrooke,Haggling: vegbrooke,haggling,exact-payoff (backbone-invariant),1002,atom_tom1,18,0.0,0.0,3,0,1.0683229813664596,1.0683229813664596,0.0625,3|2,2,4,8,16
haggling/vegbrooke,Haggling: vegbrooke,haggling,exact-payoff (backbone-invariant),1002,atom_tom1,19,0.0,0.0,3,0,1.0683229813664596,1.0683229813664596,0.0625,3|2,2,4,8,16
haggling/vegbrooke,Haggling: vegbrooke,haggling,exact-payoff (backbone-invariant),1002,atom_tom1,20,0.0,0.0,3,0,1.0683229813664596,1.0683229813664596,0.0625,3|2,2,4,8,16
haggling/vegbrooke,Haggling: vegbrooke,haggling,exact-payoff (backbone-invariant),1002,random,1,0.0,0.0,6,0,1.0683229813664596,1.0683229813664596,0.0625,3|2,2,4,8,16
haggling/vegbrooke,Haggling: vegbrooke,haggling,exact-payoff (backbone-invariant),1002,random,2,0.0,0.0,2,0,1.0683229813664596,1.0683229813664596,0.0625,3|2,2,4,8,16
haggling/vegbrooke,Haggling: vegbrooke,haggling,exact-payoff (backbone-invariant),1002,random,3,0.0,0.0,8,0,1.0683229813664596,1.0683229813664596,0.0625,3|2,2,4,8,16
haggling/vegbrooke,Haggling: vegbrooke,haggling,exact-payoff (backbone-invariant),1002,random,4,0.06832298136645965,0.06832298136645965,1,0,1.0,1.0683229813664596,0.0625,3|2,2,4,8,16
haggling/vegbrooke,Haggling: vegbrooke,haggling,exact-payoff (backbone-invariant),1002,random,5,0.0,0.06832298136645965,2,0,1.0683229813664596,1.0683229813664596,0.0625,3|2,2,4,8,16
haggling/vegbrooke,Haggling: vegbrooke,haggling,exact-payoff (backbone-invariant),1002,random,6,0.339544513457557,0.40786749482401663,7,0,0.7287784679089027,1.0683229813664596,0.0625,3|2,2,4,8,16
haggling/vegbrooke,Haggling: vegbrooke,haggling,exact-payoff (backbone-invariant),1002,random,7,0.0,0.40786749482401663,8,0,1.0683229813664596,1.0683229813664596,0.0625,3|2,2,4,8,16
haggling/vegbrooke,Haggling: vegbrooke,haggling,exact-payoff (backbone-invariant),1002,random,8,0.5093167701863356,0.9171842650103522,9,0,0.5590062111801241,1.0683229813664596,0.0625,3|2,2,4,8,16
haggling/vegbrooke,Haggling: vegbrooke,haggling,exact-payoff (backbone-invariant),1002,random,9,0.0,0.9171842650103522,8,0,1.0683229813664596,1.0683229813664596,0.0625,3|2,2,4,8,16
haggling/vegbrooke,Haggling: vegbrooke,haggling,exact-payoff (backbone-invariant),1002,random,10,0.0,0.9171842650103522,0,0,1.0683229813664596,1.0683229813664596,0.0625,3|2,2,4,8,16
haggling/vegbrooke,Haggling: vegbrooke,haggling,exact-payoff (backbone-invariant),1002,random,11,0.339544513457557,1.256728778467909,7,0,0.7287784679089027,1.0683229813664596,0.0625,3|2,2,4,8,16
haggling/vegbrooke,Haggling: vegbrooke,haggling,exact-payoff (backbone-invariant),1002,random,12,0.0,1.256728778467909,4,0,1.0683229813664596,1.0683229813664596,0.0625,3|2,2,4,8,16
haggling/vegbrooke,Haggling: vegbrooke,haggling,exact-payoff (backbone-invariant),1002,random,13,0.0,1.256728778467909,6,0,1.0683229813664596,1.0683229813664596,0.0625,3|2,2,4,8,16
haggling/vegbrooke,Haggling: vegbrooke,haggling,exact-payoff (backbone-invariant),1002,random,14,0.339544513457557,1.596273291925466,7,0,0.7287784679089027,1.0683229813664596,0.0625,3|2,2,4,8,16
haggling/vegbrooke,Haggling: vegbrooke,haggling,exact-payoff (backbone-invariant),1002,random,15,0.06832298136645965,1.6645962732919257,1,0,1.0,1.0683229813664596,0.0625,3|2,2,4,8,16
haggling/vegbrooke,Haggling: vegbrooke,haggling,exact-payoff (backbone-invariant),1002,random,16,0.0,1.6645962732919257,6,0,1.0683229813664596,1.0683229813664596,0.0625,3|2,2,4,8,16
haggling/vegbrooke,Haggling: vegbrooke,haggling,exact-payoff (backbone-invariant),1002,random,17,0.0,1.6645962732919257,4,0,1.0683229813664596,1.0683229813664596,0.0625,3|2,2,4,8,16
haggling/vegbrooke,Haggling: vegbrooke,haggling,exact-payoff (backbone-invariant),1002,random,18,0.5093167701863356,2.173913043478261,9,0,0.5590062111801241,1.0683229813664596,0.0625,3|2,2,4,8,16
haggling/vegbrooke,Haggling: vegbrooke,haggling,exact-payoff (backbone-invariant),1002,random,19,0.0,2.173913043478261,8,0,1.0683229813664596,1.0683229813664596,0.0625,3|2,2,4,8,16
haggling/vegbrooke,Haggling: vegbrooke,haggling,exact-payoff (backbone-invariant),1002,random,20,0.5093167701863356,2.683229813664597,9,0,0.5590062111801241,1.0683229813664596,0.0625,3|2,2,4,8,16
haggling_multi_item/vegbrooke,Multi-item: vegbrooke,haggling_multi_item,exact-payoff (backbone-invariant),1002,pact,1,0.055944055944055826,0.055944055944055826,13,17,1.1666666666666667,1.2226107226107226,0.6913741312928116,3|2,2,4,8,16
haggling_multi_item/vegbrooke,Multi-item: vegbrooke,haggling_multi_item,exact-payoff (backbone-invariant),1002,pact,2,0.0,0.055944055944055826,17,17,1.2226107226107226,1.2226107226107226,0.6966947315723178,3|2,2,4,8,16
haggling_multi_item/vegbrooke,Multi-item: vegbrooke,haggling_multi_item,exact-payoff (backbone-invariant),1002,pact,3,0.055944055944055826,0.11188811188811165,13,17,1.1666666666666667,1.2226107226107226,0.7762006876013232,3|2,2,4,8,16
haggling_multi_item/vegbrooke,Multi-item: vegbrooke,haggling_multi_item,exact-payoff (backbone-invariant),1002,pact,4,0.0,0.11188811188811165,17,17,1.2226107226107226,1.2226107226107226,0.7785636426299425,3|2,2,4,8,16
haggling_multi_item/vegbrooke,Multi-item: vegbrooke,haggling_multi_item,exact-payoff (backbone-invariant),1002,pact,5,0.0,0.11188811188811165,17,17,1.2226107226107226,1.2226107226107226,0.780905417405836,3|2,2,4,8,16
haggling_multi_item/vegbrooke,Multi-item: vegbrooke,haggling_multi_item,exact-payoff (backbone-invariant),1002,pact,6,0.055944055944055826,0.16783216783216748,13,17,1.1666666666666667,1.2226107226107226,0.834673776955753,3|2,2,4,8,16
haggling_multi_item/vegbrooke,Multi-item: vegbrooke,haggling_multi_item,exact-payoff (backbone-invariant),1002,pact,7,0.0,0.16783216783216748,17,17,1.2226107226107226,1.2226107226107226,0.8366586835198881,3|2,2,4,8,16
haggling_multi_item/vegbrooke,Multi-item: vegbrooke,haggling_multi_item,exact-payoff (backbone-invariant),1002,pact,8,0.055944055944055826,0.2237762237762233,13,17,1.1666666666666667,1.2226107226107226,0.8817588353149985,3|2,2,4,8,16
haggling_multi_item/vegbrooke,Multi-item: vegbrooke,haggling_multi_item,exact-payoff (backbone-invariant),1002,pact,9,0.0,0.2237762237762233,17,17,1.2226107226107226,1.2226107226107226,0.8833706369172927,3|2,2,4,8,16
haggling_multi_item/vegbrooke,Multi-item: vegbrooke,haggling_multi_item,exact-payoff (backbone-invariant),1002,pact,10,0.055944055944055826,0.27972027972027913,13,17,1.1666666666666667,1.2226107226107226,0.9186588810558892,3|2,2,4,8,16
haggling_multi_item/vegbrooke,Multi-item: vegbrooke,haggling_multi_item,exact-payoff (backbone-invariant),1002,pact,11,0.0,0.27972027972027913,17,17,1.2226107226107226,1.2226107226107226,0.919873043339213,3|2,2,4,8,16
haggling_multi_item/vegbrooke,Multi-item: vegbrooke,haggling_multi_item,exact-payoff (backbone-invariant),1002,pact,12,0.0,0.27972027972027913,17,17,1.2226107226107226,1.2226107226107226,0.9210724973884052,3|2,2,4,8,16
haggling_multi_item/vegbrooke,Multi-item: vegbrooke,haggling_multi_item,exact-payoff (backbone-invariant),1002,pact,13,0.0,0.27972027972027913,17,17,1.2226107226107226,1.2226107226107226,0.9222573195750235,3|2,2,4,8,16
haggling_multi_item/vegbrooke,Multi-item: vegbrooke,haggling_multi_item,exact-payoff (backbone-invariant),1002,pact,14,0.0,0.27972027972027913,17,17,1.2226107226107226,1.2226107226107226,0.9234275890508682,3|2,2,4,8,16
haggling_multi_item/vegbrooke,Multi-item: vegbrooke,haggling_multi_item,exact-payoff (backbone-invariant),1002,pact,15,0.0,0.27972027972027913,17,17,1.2226107226107226,1.2226107226107226,0.924583387643791,3|2,2,4,8,16
haggling_multi_item/vegbrooke,Multi-item: vegbrooke,haggling_multi_item,exact-payoff (backbone-invariant),1002,pact,16,0.0,0.27972027972027913,17,17,1.2226107226107226,1.2226107226107226,0.9257247997542617,3|2,2,4,8,16
haggling_multi_item/vegbrooke,Multi-item: vegbrooke,haggling_multi_item,exact-payoff (backbone-invariant),1002,pact,17,0.055944055944055826,0.33566433566433496,13,17,1.1666666666666667,1.2226107226107226,0.9498724301945537,3|2,2,4,8,16
haggling_multi_item/vegbrooke,Multi-item: vegbrooke,haggling_multi_item,exact-payoff (backbone-invariant),1002,pact,18,0.0,0.33566433566433496,17,17,1.2226107226107226,1.2226107226107226,0.9506755573312156,3|2,2,4,8,16
haggling_multi_item/vegbrooke,Multi-item: vegbrooke,haggling_multi_item,exact-payoff (backbone-invariant),1002,pact,19,0.0,0.33566433566433496,17,17,1.2226107226107226,1.2226107226107226,0.9514672051510071,3|2,2,4,8,16
haggling_multi_item/vegbrooke,Multi-item: vegbrooke,haggling_multi_item,exact-payoff (backbone-invariant),1002,pact,20,0.0,0.33566433566433496,17,17,1.2226107226107226,1.2226107226107226,0.9522474934178562,3|2,2,4,8,16
haggling_multi_item/vegbrooke,Multi-item: vegbrooke,haggling_multi_item,exact-payoff (backbone-invariant),1002,pact_plus,1,0.055944055944055826,0.055944055944055826,13,17,1.1666666666666667,1.2226107226107226,0.6913741312928116,3|2,2,4,8,16
haggling_multi_item/vegbrooke,Multi-item: vegbrooke,haggling_multi_item,exact-payoff (backbone-invariant),1002,pact_plus,2,0.0,0.055944055944055826,17,17,1.2226107226107226,1.2226107226107226,0.6966947315723178,3|2,2,4,8,16
haggling_multi_item/vegbrooke,Multi-item: vegbrooke,haggling_multi_item,exact-payoff (backbone-invariant),1002,pact_plus,3,0.29487179487179493,0.35081585081585076,23,17,0.9277389277389276,1.2226107226107226,0.8829980086513545,3|2,2,4,8,16
haggling_multi_item/vegbrooke,Multi-item: vegbrooke,haggling_multi_item,exact-payoff (backbone-invariant),1002,pact_plus,4,0.0,0.35081585081585076,17,17,1.2226107226107226,1.2226107226107226,0.8868583683964897,3|2,2,4,8,16
haggling_multi_item/vegbrooke,Multi-item: vegbrooke,haggling_multi_item,exact-payoff (backbone-invariant),1002,pact_plus,5,0.0,0.35081585081585076,17,17,1.2226107226107226,1.2226107226107226,0.8904455776490721,3|2,2,4,8,16
haggling_multi_item/vegbrooke,Multi-item: vegbrooke,haggling_multi_item,exact-payoff (backbone-invariant),1002,pact_plus,6,0.0,0.35081585081585076,17,17,1.2226107226107226,1.2226107226107226,0.8937850813075041,3|2,2,4,8,16
haggling_multi_item/vegbrooke,Multi-item: vegbrooke,haggling_multi_item,exact-payoff (backbone-invariant),1002,pact_plus,7,0.0,0.35081585081585076,17,17,1.2226107226107226,1.2226107226107226,0.8968999891358703,3|2,2,4,8,16
haggling_multi_item/vegbrooke,Multi-item: vegbrooke,haggling_multi_item,exact-payoff (backbone-invariant),1002,pact_plus,8,0.0,0.35081585081585076,17,17,1.2226107226107226,1.2226107226107226,0.8998112761141079,3|2,2,4,8,16
haggling_multi_item/vegbrooke,Multi-item: vegbrooke,haggling_multi_item,exact-payoff (backbone-invariant),1002,pact_plus,9,0.055944055944055826,0.4067599067599066,13,17,1.1666666666666667,1.2226107226107226,0.9402072416399361,3|2,2,4,8,16
haggling_multi_item/vegbrooke,Multi-item: vegbrooke,haggling_multi_item,exact-payoff (backbone-invariant),1002,pact_plus,10,0.0,0.4067599067599066,17,17,1.2226107226107226,1.2226107226107226,0.9412185954487867,3|2,2,4,8,16
haggling_multi_item/vegbrooke,Multi-item: vegbrooke,haggling_multi_item,exact-payoff (backbone-invariant),1002,pact_plus,11,0.0,0.4067599067599066,17,17,1.2226107226107226,1.2226107226107226,0.9422081111587658,3|2,2,4,8,16
haggling_multi_item/vegbrooke,Multi-item: vegbrooke,haggling_multi_item,exact-payoff (backbone-invariant),1002,pact_plus,12,0.0,0.4067599067599066,17,17,1.2226107226107226,1.2226107226107226,0.9431768980116109,3|2,2,4,8,16
haggling_multi_item/vegbrooke,Multi-item: vegbrooke,haggling_multi_item,exact-payoff (backbone-invariant),1002,pact_plus,13,0.0,0.4067599067599066,17,17,1.2226107226107226,1.2226107226107226,0.94412595847244,3|2,2,4,8,16
haggling_multi_item/vegbrooke,Multi-item: vegbrooke,haggling_multi_item,exact-payoff (backbone-invariant),1002,pact_plus,14,0.0,0.4067599067599066,17,17,1.2226107226107226,1.2226107226107226,0.9450561997093467,3|2,2,4,8,16
haggling_multi_item/vegbrooke,Multi-item: vegbrooke,haggling_multi_item,exact-payoff (backbone-invariant),1002,pact_plus,15,0.0,0.4067599067599066,17,17,1.2226107226107226,1.2226107226107226,0.9459684438528995,3|2,2,4,8,16
haggling_multi_item/vegbrooke,Multi-item: vegbrooke,haggling_multi_item,exact-payoff (backbone-invariant),1002,pact_plus,16,0.0,0.4067599067599066,17,17,1.2226107226107226,1.2226107226107226,0.9468634371610603,3|2,2,4,8,16
haggling_multi_item/vegbrooke,Multi-item: vegbrooke,haggling_multi_item,exact-payoff (backbone-invariant),1002,pact_plus,17,0.0,0.4067599067599066,17,17,1.2226107226107226,1.2226107226107226,0.9477418582028936,3|2,2,4,8,16
haggling_multi_item/vegbrooke,Multi-item: vegbrooke,haggling_multi_item,exact-payoff (backbone-invariant),1002,pact_plus,18,0.0,0.4067599067599066,17,17,1.2226107226107226,1.2226107226107226,0.9486043251633124,3|2,2,4,8,16
haggling_multi_item/vegbrooke,Multi-item: vegbrooke,haggling_multi_item,exact-payoff (backbone-invariant),1002,pact_plus,19,0.0,0.4067599067599066,17,17,1.2226107226107226,1.2226107226107226,0.9494514023609506,3|2,2,4,8,16
haggling_multi_item/vegbrooke,Multi-item: vegbrooke,haggling_multi_item,exact-payoff (backbone-invariant),1002,pact_plus,20,0.0,0.4067599067599066,17,17,1.2226107226107226,1.2226107226107226,0.9502836060620095,3|2,2,4,8,16
haggling_multi_item/vegbrooke,Multi-item: vegbrooke,haggling_multi_item,exact-payoff (backbone-invariant),1002,joint_psrl_uniform,1,0.055944055944055826,0.055944055944055826,13,17,1.1666666666666667,1.2226107226107226,0.4143503430990292,3|2,2,4,8,16
haggling_multi_item/vegbrooke,Multi-item: vegbrooke,haggling_multi_item,exact-payoff (backbone-invariant),1002,joint_psrl_uniform,2,0.055944055944055826,0.11188811188811165,13,17,1.1666666666666667,1.2226107226107226,0.5490208061981422,3|2,2,4,8,16
haggling_multi_item/vegbrooke,Multi-item: vegbrooke,haggling_multi_item,exact-payoff (backbone-invariant),1002,joint_psrl_uniform,3,0.0,0.11188811188811165,17,17,1.2226107226107226,1.2226107226107226,0.5536282766223074,3|2,2,4,8,16
haggling_multi_item/vegbrooke,Multi-item: vegbrooke,haggling_multi_item,exact-payoff (backbone-invariant),1002,joint_psrl_uniform,4,0.055944055944055826,0.16783216783216748,13,17,1.1666666666666667,1.2226107226107226,0.6613827897842881,3|2,2,4,8,16
haggling_multi_item/vegbrooke,Multi-item: vegbrooke,haggling_multi_item,exact-payoff (backbone-invariant),1002,joint_psrl_uniform,5,0.0,0.16783216783216748,17,17,1.2226107226107226,1.2226107226107226,0.6653976687240537,3|2,2,4,8,16
haggling_multi_item/vegbrooke,Multi-item: vegbrooke,haggling_multi_item,exact-payoff (backbone-invariant),1002,joint_psrl_uniform,6,0.0,0.16783216783216748,17,17,1.2226107226107226,1.2226107226107226,0.6693877627009053,3|2,2,4,8,16
haggling_multi_item/vegbrooke,Multi-item: vegbrooke,haggling_multi_item,exact-payoff (backbone-invariant),1002,joint_psrl_uniform,7,0.055944055944055826,0.2237762237762233,13,17,1.1666666666666667,1.2226107226107226,0.7602649996548776,3|2,2,4,8,16
haggling_multi_item/vegbrooke,Multi-item: vegbrooke,haggling_multi_item,exact-payoff (backbone-invariant),1002,joint_psrl_uniform,8,0.055944055944055826,0.27972027972027913,13,17,1.1666666666666667,1.2226107226107226,0.8323723447400546,3|2,2,4,8,16
haggling_multi_item/vegbrooke,Multi-item: vegbrooke,haggling_multi_item,exact-payoff (backbone-invariant),1002,joint_psrl_uniform,9,0.0,0.27972027972027913,17,17,1.2226107226107226,1.2226107226107226,0.8348599294630312,3|2,2,4,8,16
haggling_multi_item/vegbrooke,Multi-item: vegbrooke,haggling_multi_item,exact-payoff (backbone-invariant),1002,joint_psrl_uniform,10,0.055944055944055826,0.33566433566433496,13,17,1.1666666666666667,1.2226107226107226,0.8878382552858091,3|2,2,4,8,16
haggling_multi_item/vegbrooke,Multi-item: vegbrooke,haggling_multi_item,exact-payoff (backbone-invariant),1002,joint_psrl_uniform,11,0.0,0.33566433566433496,17,17,1.2226107226107226,1.2226107226107226,0.889611869417814,3|2,2,4,8,16
haggling_multi_item/vegbrooke,Multi-item: vegbrooke,haggling_multi_item,exact-payoff (backbone-invariant),1002,joint_psrl_uniform,12,0.055944055944055826,0.3916083916083908,13,17,1.1666666666666667,1.2226107226107226,0.9265701066439858,3|2,2,4,8,16
haggling_multi_item/vegbrooke,Multi-item: vegbrooke,haggling_multi_item,exact-payoff (backbone-invariant),1002,joint_psrl_uniform,13,0.0,0.3916083916083908,17,17,1.2226107226107226,1.2226107226107226,0.9277810724256289,3|2,2,4,8,16
haggling_multi_item/vegbrooke,Multi-item: vegbrooke,haggling_multi_item,exact-payoff (backbone-invariant),1002,joint_psrl_uniform,14,0.0,0.3916083916083908,17,17,1.2226107226107226,1.2226107226107226,0.9289735984612648,3|2,2,4,8,16
haggling_multi_item/vegbrooke,Multi-item: vegbrooke,haggling_multi_item,exact-payoff (backbone-invariant),1002,joint_psrl_uniform,15,0.0,0.3916083916083908,17,17,1.2226107226107226,1.2226107226107226,0.9301479153040844,3|2,2,4,8,16
haggling_multi_item/vegbrooke,Multi-item: vegbrooke,haggling_multi_item,exact-payoff (backbone-invariant),1002,joint_psrl_uniform,16,0.0,0.3916083916083908,17,17,1.2226107226107226,1.2226107226107226,0.9313042522880068,3|2,2,4,8,16
haggling_multi_item/vegbrooke,Multi-item: vegbrooke,haggling_multi_item,exact-payoff (backbone-invariant),1002,joint_psrl_uniform,17,0.0,0.3916083916083908,17,17,1.2226107226107226,1.2226107226107226,0.9324428374730246,3|2,2,4,8,16
haggling_multi_item/vegbrooke,Multi-item: vegbrooke,haggling_multi_item,exact-payoff (backbone-invariant),1002,joint_psrl_uniform,18,0.0,0.3916083916083908,17,17,1.2226107226107226,1.2226107226107226,0.9335638975931119,3|2,2,4,8,16
haggling_multi_item/vegbrooke,Multi-item: vegbrooke,haggling_multi_item,exact-payoff (backbone-invariant),1002,joint_psrl_uniform,19,0.0,0.3916083916083908,17,17,1.2226107226107226,1.2226107226107226,0.9346676580066402,3|2,2,4,8,16
haggling_multi_item/vegbrooke,Multi-item: vegbrooke,haggling_multi_item,exact-payoff (backbone-invariant),1002,joint_psrl_uniform,20,0.0,0.3916083916083908,17,17,1.2226107226107226,1.2226107226107226,0.9357543426492413,3|2,2,4,8,16
haggling_multi_item/vegbrooke,Multi-item: vegbrooke,haggling_multi_item,exact-payoff (backbone-invariant),1002,psrl_notype,1,0.055944055944055826,0.055944055944055826,13,17,1.1666666666666667,1.2226107226107226,0.0625,3|2,2,4,8,16
haggling_multi_item/vegbrooke,Multi-item: vegbrooke,haggling_multi_item,exact-payoff (backbone-invariant),1002,psrl_notype,2,0.047785547785548,0.10372960372960383,19,17,1.1748251748251746,1.2226107226107226,0.0625,3|2,2,4,8,16
haggling_multi_item/vegbrooke,Multi-item: vegbrooke,haggling_multi_item,exact-payoff (backbone-invariant),1002,psrl_notype,3,0.0,0.10372960372960383,17,17,1.2226107226107226,1.2226107226107226,0.0625,3|2,2,4,8,16
haggling_multi_item/vegbrooke,Multi-item: vegbrooke,haggling_multi_item,exact-payoff (backbone-invariant),1002,psrl_notype,4,0.055944055944055826,0.15967365967365965,13,17,1.1666666666666667,1.2226107226107226,0.0625,3|2,2,4,8,16
haggling_multi_item/vegbrooke,Multi-item: vegbrooke,haggling_multi_item,exact-payoff (backbone-invariant),1002,psrl_notype,5,0.0,0.15967365967365965,17,17,1.2226107226107226,1.2226107226107226,0.0625,3|2,2,4,8,16
haggling_multi_item/vegbrooke,Multi-item: vegbrooke,haggling_multi_item,exact-payoff (backbone-invariant),1002,psrl_notype,6,0.29487179487179493,0.4545454545454546,23,17,0.9277389277389276,1.2226107226107226,0.0625,3|2,2,4,8,16
haggling_multi_item/vegbrooke,Multi-item: vegbrooke,haggling_multi_item,exact-payoff (backbone-invariant),1002,psrl_notype,7,0.0,0.4545454545454546,17,17,1.2226107226107226,1.2226107226107226,0.0625,3|2,2,4,8,16
haggling_multi_item/vegbrooke,Multi-item: vegbrooke,haggling_multi_item,exact-payoff (backbone-invariant),1002,psrl_notype,8,0.047785547785548,0.5023310023310026,19,17,1.1748251748251746,1.2226107226107226,0.0625,3|2,2,4,8,16
haggling_multi_item/vegbrooke,Multi-item: vegbrooke,haggling_multi_item,exact-payoff (backbone-invariant),1002,psrl_notype,9,0.055944055944055826,0.5582750582750584,13,17,1.1666666666666667,1.2226107226107226,0.0625,3|2,2,4,8,16
haggling_multi_item/vegbrooke,Multi-item: vegbrooke,haggling_multi_item,exact-payoff (backbone-invariant),1002,psrl_notype,10,0.29487179487179493,0.8531468531468533,23,17,0.9277389277389276,1.2226107226107226,0.0625,3|2,2,4,8,16
haggling_multi_item/vegbrooke,Multi-item: vegbrooke,haggling_multi_item,exact-payoff (backbone-invariant),1002,psrl_notype,11,0.29487179487179493,1.1480186480186483,23,17,0.9277389277389276,1.2226107226107226,0.0625,3|2,2,4,8,16
haggling_multi_item/vegbrooke,Multi-item: vegbrooke,haggling_multi_item,exact-payoff (backbone-invariant),1002,psrl_notype,12,0.047785547785548,1.1958041958041963,19,17,1.1748251748251746,1.2226107226107226,0.0625,3|2,2,4,8,16
haggling_multi_item/vegbrooke,Multi-item: vegbrooke,haggling_multi_item,exact-payoff (backbone-invariant),1002,psrl_notype,13,0.055944055944055826,1.251748251748252,13,17,1.1666666666666667,1.2226107226107226,0.0625,3|2,2,4,8,16
haggling_multi_item/vegbrooke,Multi-item: vegbrooke,haggling_multi_item,exact-payoff (backbone-invariant),1002,psrl_notype,14,0.055944055944055826,1.307692307692308,13,17,1.1666666666666667,1.2226107226107226,0.0625,3|2,2,4,8,16
haggling_multi_item/vegbrooke,Multi-item: vegbrooke,haggling_multi_item,exact-payoff (backbone-invariant),1002,psrl_notype,15,0.047785547785548,1.355477855477856,19,17,1.1748251748251746,1.2226107226107226,0.0625,3|2,2,4,8,16
haggling_multi_item/vegbrooke,Multi-item: vegbrooke,haggling_multi_item,exact-payoff (backbone-invariant),1002,psrl_notype,16,0.047785547785548,1.403263403263404,19,17,1.1748251748251746,1.2226107226107226,0.0625,3|2,2,4,8,16
haggling_multi_item/vegbrooke,Multi-item: vegbrooke,haggling_multi_item,exact-payoff (backbone-invariant),1002,psrl_notype,17,0.0,1.403263403263404,17,17,1.2226107226107226,1.2226107226107226,0.0625,3|2,2,4,8,16
haggling_multi_item/vegbrooke,Multi-item: vegbrooke,haggling_multi_item,exact-payoff (backbone-invariant),1002,psrl_notype,18,0.0,1.403263403263404,17,17,1.2226107226107226,1.2226107226107226,0.0625,3|2,2,4,8,16
haggling_multi_item/vegbrooke,Multi-item: vegbrooke,haggling_multi_item,exact-payoff (backbone-invariant),1002,psrl_notype,19,0.0,1.403263403263404,17,17,1.2226107226107226,1.2226107226107226,0.0625,3|2,2,4,8,16
haggling_multi_item/vegbrooke,Multi-item: vegbrooke,haggling_multi_item,exact-payoff (backbone-invariant),1002,psrl_notype,20,0.047785547785548,1.451048951048952,19,17,1.1748251748251746,1.2226107226107226,0.0625,3|2,2,4,8,16
haggling_multi_item/vegbrooke,Multi-item: vegbrooke,haggling_multi_item,exact-payoff (backbone-invariant),1002,map_type_greedy,1,0.055944055944055826,0.055944055944055826,13,17,1.1666666666666667,1.2226107226107226,0.6913741312928116,3|2,2,4,8,16
haggling_multi_item/vegbrooke,Multi-item: vegbrooke,haggling_multi_item,exact-payoff (backbone-invariant),1002,map_type_greedy,2,0.0,0.055944055944055826,17,17,1.2226107226107226,1.2226107226107226,0.6966947315723178,3|2,2,4,8,16
haggling_multi_item/vegbrooke,Multi-item: vegbrooke,haggling_multi_item,exact-payoff (backbone-invariant),1002,map_type_greedy,3,0.0,0.055944055944055826,17,17,1.2226107226107226,1.2226107226107226,0.7016739117924948,3|2,2,4,8,16
haggling_multi_item/vegbrooke,Multi-item: vegbrooke,haggling_multi_item,exact-payoff (backbone-invariant),1002,map_type_greedy,4,0.0,0.055944055944055826,17,17,1.2226107226107226,1.2226107226107226,0.7063502439954663,3|2,2,4,8,16
haggling_multi_item/vegbrooke,Multi-item: vegbrooke,haggling_multi_item,exact-payoff (backbone-invariant),1002,map_type_greedy,5,0.0,0.055944055944055826,17,17,1.2226107226107226,1.2226107226107226,0.7107578774801164,3|2,2,4,8,16
haggling_multi_item/vegbrooke,Multi-item: vegbrooke,haggling_multi_item,exact-payoff (backbone-invariant),1002,map_type_greedy,6,0.0,0.055944055944055826,17,17,1.2226107226107226,1.2226107226107226,0.7149270331043391,3|2,2,4,8,16
haggling_multi_item/vegbrooke,Multi-item: vegbrooke,haggling_multi_item,exact-payoff (backbone-invariant),1002,map_type_greedy,7,0.0,0.055944055944055826,17,17,1.2226107226107226,1.2226107226107226,0.7188844494613129,3|2,2,4,8,16
haggling_multi_item/vegbrooke,Multi-item: vegbrooke,haggling_multi_item,exact-payoff (backbone-invariant),1002,map_type_greedy,8,0.0,0.055944055944055826,17,17,1.2226107226107226,1.2226107226107226,0.722653782291206,3|2,2,4,8,16
haggling_multi_item/vegbrooke,Multi-item: vegbrooke,haggling_multi_item,exact-payoff (backbone-invariant),1002,map_type_greedy,9,0.0,0.055944055944055826,17,17,1.2226107226107226,1.2226107226107226,0.7262559599927301,3|2,2,4,8,16
haggling_multi_item/vegbrooke,Multi-item: vegbrooke,haggling_multi_item,exact-payoff (backbone-invariant),1002,map_type_greedy,10,0.0,0.055944055944055826,17,17,1.2226107226107226,1.2226107226107226,0.7297094988428616,3|2,2,4,8,16
haggling_multi_item/vegbrooke,Multi-item: vegbrooke,haggling_multi_item,exact-payoff (backbone-invariant),1002,map_type_greedy,11,0.0,0.055944055944055826,17,17,1.2226107226107226,1.2226107226107226,0.7330307817945807,3|2,2,4,8,16
haggling_multi_item/vegbrooke,Multi-item: vegbrooke,haggling_multi_item,exact-payoff (backbone-invariant),1002,map_type_greedy,12,0.0,0.055944055944055826,17,17,1.2226107226107226,1.2226107226107226,0.7362343046904833,3|2,2,4,8,16
haggling_multi_item/vegbrooke,Multi-item: vegbrooke,haggling_multi_item,exact-payoff (backbone-invariant),1002,map_type_greedy,13,0.0,0.055944055944055826,17,17,1.2226107226107226,1.2226107226107226,0.7393328935303582,3|2,2,4,8,16
haggling_multi_item/vegbrooke,Multi-item: vegbrooke,haggling_multi_item,exact-payoff (backbone-invariant),1002,map_type_greedy,14,0.0,0.055944055944055826,17,17,1.2226107226107226,1.2226107226107226,0.7423378961449827,3|2,2,4,8,16
haggling_multi_item/vegbrooke,Multi-item: vegbrooke,haggling_multi_item,exact-payoff (backbone-invariant),1002,map_type_greedy,15,0.0,0.055944055944055826,17,17,1.2226107226107226,1.2226107226107226,0.7452593513079158,3|2,2,4,8,16
haggling_multi_item/vegbrooke,Multi-item: vegbrooke,haggling_multi_item,exact-payoff (backbone-invariant),1002,map_type_greedy,16,0.0,0.055944055944055826,17,17,1.2226107226107226,1.2226107226107226,0.74810613799315,3|2,2,4,8,16
haggling_multi_item/vegbrooke,Multi-item: vegbrooke,haggling_multi_item,exact-payoff (backbone-invariant),1002,map_type_greedy,17,0.0,0.055944055944055826,17,17,1.2226107226107226,1.2226107226107226,0.7508861071769546,3|2,2,4,8,16
haggling_multi_item/vegbrooke,Multi-item: vegbrooke,haggling_multi_item,exact-payoff (backbone-invariant),1002,map_type_greedy,18,0.0,0.055944055944055826,17,17,1.2226107226107226,1.2226107226107226,0.7536061982963715,3|2,2,4,8,16
haggling_multi_item/vegbrooke,Multi-item: vegbrooke,haggling_multi_item,exact-payoff (backbone-invariant),1002,map_type_greedy,19,0.0,0.055944055944055826,17,17,1.2226107226107226,1.2226107226107226,0.7562725422185441,3|2,2,4,8,16
haggling_multi_item/vegbrooke,Multi-item: vegbrooke,haggling_multi_item,exact-payoff (backbone-invariant),1002,map_type_greedy,20,0.0,0.055944055944055826,17,17,1.2226107226107226,1.2226107226107226,0.7588905523450685,3|2,2,4,8,16
haggling_multi_item/vegbrooke,Multi-item: vegbrooke,haggling_multi_item,exact-payoff (backbone-invariant),1002,econ_bne,1,0.0,0.0,17,17,1.2226107226107226,1.2226107226107226,0.0625,3|2,2,4,8,16
haggling_multi_item/vegbrooke,Multi-item: vegbrooke,haggling_multi_item,exact-payoff (backbone-invariant),1002,econ_bne,2,0.0,0.0,17,17,1.2226107226107226,1.2226107226107226,0.0625,3|2,2,4,8,16
haggling_multi_item/vegbrooke,Multi-item: vegbrooke,haggling_multi_item,exact-payoff (backbone-invariant),1002,econ_bne,3,0.0,0.0,17,17,1.2226107226107226,1.2226107226107226,0.0625,3|2,2,4,8,16
haggling_multi_item/vegbrooke,Multi-item: vegbrooke,haggling_multi_item,exact-payoff (backbone-invariant),1002,econ_bne,4,0.0,0.0,17,17,1.2226107226107226,1.2226107226107226,0.0625,3|2,2,4,8,16
haggling_multi_item/vegbrooke,Multi-item: vegbrooke,haggling_multi_item,exact-payoff (backbone-invariant),1002,econ_bne,5,0.0,0.0,17,17,1.2226107226107226,1.2226107226107226,0.0625,3|2,2,4,8,16
haggling_multi_item/vegbrooke,Multi-item: vegbrooke,haggling_multi_item,exact-payoff (backbone-invariant),1002,econ_bne,6,0.0,0.0,17,17,1.2226107226107226,1.2226107226107226,0.0625,3|2,2,4,8,16
haggling_multi_item/vegbrooke,Multi-item: vegbrooke,haggling_multi_item,exact-payoff (backbone-invariant),1002,econ_bne,7,0.0,0.0,17,17,1.2226107226107226,1.2226107226107226,0.0625,3|2,2,4,8,16
haggling_multi_item/vegbrooke,Multi-item: vegbrooke,haggling_multi_item,exact-payoff (backbone-invariant),1002,econ_bne,8,0.0,0.0,17,17,1.2226107226107226,1.2226107226107226,0.0625,3|2,2,4,8,16
haggling_multi_item/vegbrooke,Multi-item: vegbrooke,haggling_multi_item,exact-payoff (backbone-invariant),1002,econ_bne,9,0.0,0.0,17,17,1.2226107226107226,1.2226107226107226,0.0625,3|2,2,4,8,16
haggling_multi_item/vegbrooke,Multi-item: vegbrooke,haggling_multi_item,exact-payoff (backbone-invariant),1002,econ_bne,10,0.0,0.0,17,17,1.2226107226107226,1.2226107226107226,0.0625,3|2,2,4,8,16
haggling_multi_item/vegbrooke,Multi-item: vegbrooke,haggling_multi_item,exact-payoff (backbone-invariant),1002,econ_bne,11,0.0,0.0,17,17,1.2226107226107226,1.2226107226107226,0.0625,3|2,2,4,8,16
haggling_multi_item/vegbrooke,Multi-item: vegbrooke,haggling_multi_item,exact-payoff (backbone-invariant),1002,econ_bne,12,0.0,0.0,17,17,1.2226107226107226,1.2226107226107226,0.0625,3|2,2,4,8,16
haggling_multi_item/vegbrooke,Multi-item: vegbrooke,haggling_multi_item,exact-payoff (backbone-invariant),1002,econ_bne,13,0.0,0.0,17,17,1.2226107226107226,1.2226107226107226,0.0625,3|2,2,4,8,16
haggling_multi_item/vegbrooke,Multi-item: vegbrooke,haggling_multi_item,exact-payoff (backbone-invariant),1002,econ_bne,14,0.0,0.0,17,17,1.2226107226107226,1.2226107226107226,0.0625,3|2,2,4,8,16
haggling_multi_item/vegbrooke,Multi-item: vegbrooke,haggling_multi_item,exact-payoff (backbone-invariant),1002,econ_bne,15,0.0,0.0,17,17,1.2226107226107226,1.2226107226107226,0.0625,3|2,2,4,8,16
haggling_multi_item/vegbrooke,Multi-item: vegbrooke,haggling_multi_item,exact-payoff (backbone-invariant),1002,econ_bne,16,0.0,0.0,17,17,1.2226107226107226,1.2226107226107226,0.0625,3|2,2,4,8,16
haggling_multi_item/vegbrooke,Multi-item: vegbrooke,haggling_multi_item,exact-payoff (backbone-invariant),1002,econ_bne,17,0.0,0.0,17,17,1.2226107226107226,1.2226107226107226,0.0625,3|2,2,4,8,16
haggling_multi_item/vegbrooke,Multi-item: vegbrooke,haggling_multi_item,exact-payoff (backbone-invariant),1002,econ_bne,18,0.0,0.0,17,17,1.2226107226107226,1.2226107226107226,0.0625,3|2,2,4,8,16
haggling_multi_item/vegbrooke,Multi-item: vegbrooke,haggling_multi_item,exact-payoff (backbone-invariant),1002,econ_bne,19,0.0,0.0,17,17,1.2226107226107226,1.2226107226107226,0.0625,3|2,2,4,8,16
haggling_multi_item/vegbrooke,Multi-item: vegbrooke,haggling_multi_item,exact-payoff (backbone-invariant),1002,econ_bne,20,0.0,0.0,17,17,1.2226107226107226,1.2226107226107226,0.0625,3|2,2,4,8,16
haggling_multi_item/vegbrooke,Multi-item: vegbrooke,haggling_multi_item,exact-payoff (backbone-invariant),1002,atom_tom1,1,0.19463869463869465,0.19463869463869465,3,17,1.027972027972028,1.2226107226107226,0.0625,3|2,2,4,8,16
haggling_multi_item/vegbrooke,Multi-item: vegbrooke,haggling_multi_item,exact-payoff (backbone-invariant),1002,atom_tom1,2,0.19463869463869465,0.3892773892773893,3,17,1.027972027972028,1.2226107226107226,0.0625,3|2,2,4,8,16
haggling_multi_item/vegbrooke,Multi-item: vegbrooke,haggling_multi_item,exact-payoff (backbone-invariant),1002,atom_tom1,3,0.19463869463869465,0.583916083916084,3,17,1.027972027972028,1.2226107226107226,0.0625,3|2,2,4,8,16
haggling_multi_item/vegbrooke,Multi-item: vegbrooke,haggling_multi_item,exact-payoff (backbone-invariant),1002,atom_tom1,4,0.19463869463869465,0.7785547785547786,3,17,1.027972027972028,1.2226107226107226,0.0625,3|2,2,4,8,16
haggling_multi_item/vegbrooke,Multi-item: vegbrooke,haggling_multi_item,exact-payoff (backbone-invariant),1002,atom_tom1,5,0.19463869463869465,0.9731934731934733,3,17,1.027972027972028,1.2226107226107226,0.0625,3|2,2,4,8,16
haggling_multi_item/vegbrooke,Multi-item: vegbrooke,haggling_multi_item,exact-payoff (backbone-invariant),1002,atom_tom1,6,0.19463869463869465,1.167832167832168,3,17,1.027972027972028,1.2226107226107226,0.0625,3|2,2,4,8,16
haggling_multi_item/vegbrooke,Multi-item: vegbrooke,haggling_multi_item,exact-payoff (backbone-invariant),1002,atom_tom1,7,0.19463869463869465,1.3624708624708626,3,17,1.027972027972028,1.2226107226107226,0.0625,3|2,2,4,8,16
haggling_multi_item/vegbrooke,Multi-item: vegbrooke,haggling_multi_item,exact-payoff (backbone-invariant),1002,atom_tom1,8,0.19463869463869465,1.5571095571095572,3,17,1.027972027972028,1.2226107226107226,0.0625,3|2,2,4,8,16
haggling_multi_item/vegbrooke,Multi-item: vegbrooke,haggling_multi_item,exact-payoff (backbone-invariant),1002,atom_tom1,9,0.19463869463869465,1.7517482517482519,3,17,1.027972027972028,1.2226107226107226,0.0625,3|2,2,4,8,16
haggling_multi_item/vegbrooke,Multi-item: vegbrooke,haggling_multi_item,exact-payoff (backbone-invariant),1002,atom_tom1,10,0.19463869463869465,1.9463869463869465,3,17,1.027972027972028,1.2226107226107226,0.0625,3|2,2,4,8,16
haggling_multi_item/vegbrooke,Multi-item: vegbrooke,haggling_multi_item,exact-payoff (backbone-invariant),1002,atom_tom1,11,0.19463869463869465,2.1410256410256414,3,17,1.027972027972028,1.2226107226107226,0.0625,3|2,2,4,8,16
haggling_multi_item/vegbrooke,Multi-item: vegbrooke,haggling_multi_item,exact-payoff (backbone-invariant),1002,atom_tom1,12,0.19463869463869465,2.335664335664336,3,17,1.027972027972028,1.2226107226107226,0.0625,3|2,2,4,8,16
haggling_multi_item/vegbrooke,Multi-item: vegbrooke,haggling_multi_item,exact-payoff (backbone-invariant),1002,atom_tom1,13,0.19463869463869465,2.5303030303030303,3,17,1.027972027972028,1.2226107226107226,0.0625,3|2,2,4,8,16
haggling_multi_item/vegbrooke,Multi-item: vegbrooke,haggling_multi_item,exact-payoff (backbone-invariant),1002,atom_tom1,14,0.19463869463869465,2.7249417249417247,3,17,1.027972027972028,1.2226107226107226,0.0625,3|2,2,4,8,16
haggling_multi_item/vegbrooke,Multi-item: vegbrooke,haggling_multi_item,exact-payoff (backbone-invariant),1002,atom_tom1,15,0.19463869463869465,2.919580419580419,3,17,1.027972027972028,1.2226107226107226,0.0625,3|2,2,4,8,16
haggling_multi_item/vegbrooke,Multi-item: vegbrooke,haggling_multi_item,exact-payoff (backbone-invariant),1002,atom_tom1,16,0.19463869463869465,3.1142191142191136,3,17,1.027972027972028,1.2226107226107226,0.0625,3|2,2,4,8,16
haggling_multi_item/vegbrooke,Multi-item: vegbrooke,haggling_multi_item,exact-payoff (backbone-invariant),1002,atom_tom1,17,0.19463869463869465,3.308857808857808,3,17,1.027972027972028,1.2226107226107226,0.0625,3|2,2,4,8,16
haggling_multi_item/vegbrooke,Multi-item: vegbrooke,haggling_multi_item,exact-payoff (backbone-invariant),1002,atom_tom1,18,0.19463869463869465,3.5034965034965024,3,17,1.027972027972028,1.2226107226107226,0.0625,3|2,2,4,8,16
haggling_multi_item/vegbrooke,Multi-item: vegbrooke,haggling_multi_item,exact-payoff (backbone-invariant),1002,atom_tom1,19,0.19463869463869465,3.698135198135197,3,17,1.027972027972028,1.2226107226107226,0.0625,3|2,2,4,8,16
haggling_multi_item/vegbrooke,Multi-item: vegbrooke,haggling_multi_item,exact-payoff (backbone-invariant),1002,atom_tom1,20,0.19463869463869465,3.8927738927738913,3,17,1.027972027972028,1.2226107226107226,0.0625,3|2,2,4,8,16
haggling_multi_item/vegbrooke,Multi-item: vegbrooke,haggling_multi_item,exact-payoff (backbone-invariant),1002,random,1,0.7494172494172493,0.7494172494172493,22,17,0.47319347319347327,1.2226107226107226,0.0625,3|2,2,4,8,16
haggling_multi_item/vegbrooke,Multi-item: vegbrooke,haggling_multi_item,exact-payoff (backbone-invariant),1002,random,2,0.7494172494172493,1.4988344988344986,10,17,0.47319347319347327,1.2226107226107226,0.0625,3|2,2,4,8,16
haggling_multi_item/vegbrooke,Multi-item: vegbrooke,haggling_multi_item,exact-payoff (backbone-invariant),1002,random,3,0.353146853146853,1.8519813519813515,31,17,0.8694638694638696,1.2226107226107226,0.0625,3|2,2,4,8,16
haggling_multi_item/vegbrooke,Multi-item: vegbrooke,haggling_multi_item,exact-payoff (backbone-invariant),1002,random,4,0.19463869463869465,2.0466200466200464,3,17,1.027972027972028,1.2226107226107226,0.0625,3|2,2,4,8,16
haggling_multi_item/vegbrooke,Multi-item: vegbrooke,haggling_multi_item,exact-payoff (backbone-invariant),1002,random,5,0.2622377622377623,2.308857808857809,9,17,0.9603729603729603,1.2226107226107226,0.0625,3|2,2,4,8,16
haggling_multi_item/vegbrooke,Multi-item: vegbrooke,haggling_multi_item,exact-payoff (backbone-invariant),1002,random,6,0.3613053613053613,2.6701631701631703,25,17,0.8613053613053613,1.2226107226107226,0.0625,3|2,2,4,8,16
haggling_multi_item/vegbrooke,Multi-item: vegbrooke,haggling_multi_item,exact-payoff (backbone-invariant),1002,random,7,0.7494172494172493,3.4195804195804196,30,17,0.47319347319347327,1.2226107226107226,0.0625,3|2,2,4,8,16
haggling_multi_item/vegbrooke,Multi-item: vegbrooke,haggling_multi_item,exact-payoff (backbone-invariant),1002,random,8,0.6002331002331001,4.019813519813519,35,17,0.6223776223776225,1.2226107226107226,0.0625,3|2,2,4,8,16
haggling_multi_item/vegbrooke,Multi-item: vegbrooke,haggling_multi_item,exact-payoff (backbone-invariant),1002,random,9,0.7494172494172493,4.769230769230768,32,17,0.47319347319347327,1.2226107226107226,0.0625,3|2,2,4,8,16
haggling_multi_item/vegbrooke,Multi-item: vegbrooke,haggling_multi_item,exact-payoff (backbone-invariant),1002,random,10,0.7494172494172493,5.518648018648017,0,17,0.47319347319347327,1.2226107226107226,0.0625,3|2,2,4,8,16
haggling_multi_item/vegbrooke,Multi-item: vegbrooke,haggling_multi_item,exact-payoff (backbone-invariant),1002,random,11,0.7494172494172493,6.268065268065266,26,17,0.47319347319347327,1.2226107226107226,0.0625,3|2,2,4,8,16
haggling_multi_item/vegbrooke,Multi-item: vegbrooke,haggling_multi_item,exact-payoff (backbone-invariant),1002,random,12,0.0,6.268065268065266,17,17,1.2226107226107226,1.2226107226107226,0.0625,3|2,2,4,8,16
haggling_multi_item/vegbrooke,Multi-item: vegbrooke,haggling_multi_item,exact-payoff (backbone-invariant),1002,random,13,0.7494172494172493,7.017482517482515,22,17,0.47319347319347327,1.2226107226107226,0.0625,3|2,2,4,8,16
haggling_multi_item/vegbrooke,Multi-item: vegbrooke,haggling_multi_item,exact-payoff (backbone-invariant),1002,random,14,0.33333333333333326,7.350815850815848,27,17,0.8892773892773893,1.2226107226107226,0.0625,3|2,2,4,8,16
haggling_multi_item/vegbrooke,Multi-item: vegbrooke,haggling_multi_item,exact-payoff (backbone-invariant),1002,random,15,0.1386946386946386,7.4895104895104865,7,17,1.083916083916084,1.2226107226107226,0.0625,3|2,2,4,8,16
haggling_multi_item/vegbrooke,Multi-item: vegbrooke,haggling_multi_item,exact-payoff (backbone-invariant),1002,random,16,0.7494172494172493,8.238927738927735,24,17,0.47319347319347327,1.2226107226107226,0.0625,3|2,2,4,8,16
haggling_multi_item/vegbrooke,Multi-item: vegbrooke,haggling_multi_item,exact-payoff (backbone-invariant),1002,random,17,0.7494172494172493,8.988344988344984,16,17,0.47319347319347327,1.2226107226107226,0.0625,3|2,2,4,8,16
haggling_multi_item/vegbrooke,Multi-item: vegbrooke,haggling_multi_item,exact-payoff (backbone-invariant),1002,random,18,0.7494172494172493,9.737762237762233,32,17,0.47319347319347327,1.2226107226107226,0.0625,3|2,2,4,8,16
haggling_multi_item/vegbrooke,Multi-item: vegbrooke,haggling_multi_item,exact-payoff (backbone-invariant),1002,random,19,0.7494172494172493,10.487179487179482,32,17,0.47319347319347327,1.2226107226107226,0.0625,3|2,2,4,8,16
haggling_multi_item/vegbrooke,Multi-item: vegbrooke,haggling_multi_item,exact-payoff (backbone-invariant),1002,random,20,0.4766899766899766,10.96386946386946,33,17,0.745920745920746,1.2226107226107226,0.0625,3|2,2,4,8,16
haggling_multi_item/fruitville_multi,Multi-item: fruitville,haggling_multi_item,exact-payoff (backbone-invariant),1002,pact,1,0.061538461538461764,0.061538461538461764,25,29,1.1538461538461537,1.2153846153846155,0.6930901364612788,3|2,2,4,8,16
haggling_multi_item/fruitville_multi,Multi-item: fruitville,haggling_multi_item,exact-payoff (backbone-invariant),1002,pact,2,0.0,0.061538461538461764,29,29,1.2153846153846155,1.2153846153846155,0.6984822916868305,3|2,2,4,8,16
haggling_multi_item/fruitville_multi,Multi-item: fruitville,haggling_multi_item,exact-payoff (backbone-invariant),1002,pact,3,0.061538461538461764,0.12307692307692353,25,29,1.1538461538461537,1.2153846153846155,0.7796969271111787,3|2,2,4,8,16
haggling_multi_item/fruitville_multi,Multi-item: fruitville,haggling_multi_item,exact-payoff (backbone-invariant),1002,pact,4,0.0,0.12307692307692353,29,29,1.2153846153846155,1.2153846153846155,0.7821205343242343,3|2,2,4,8,16
haggling_multi_item/fruitville_multi,Multi-item: fruitville,haggling_multi_item,exact-payoff (backbone-invariant),1002,pact,5,0.0,0.12307692307692353,29,29,1.2153846153846155,1.2153846153846155,0.7845220849742414,3|2,2,4,8,16
haggling_multi_item/fruitville_multi,Multi-item: fruitville,haggling_multi_item,exact-payoff (backbone-invariant),1002,pact,6,0.061538461538461764,0.1846153846153853,25,29,1.1538461538461537,1.2153846153846155,0.8394370511169724,3|2,2,4,8,16
haggling_multi_item/fruitville_multi,Multi-item: fruitville,haggling_multi_item,exact-payoff (backbone-invariant),1002,pact,7,0.0,0.1846153846153853,29,29,1.2153846153846155,1.2153846153846155,0.8414521525097544,3|2,2,4,8,16
haggling_multi_item/fruitville_multi,Multi-item: fruitville,haggling_multi_item,exact-payoff (backbone-invariant),1002,pact,8,0.061538461538461764,0.24615384615384706,25,29,1.1538461538461537,1.2153846153846155,0.8869001250619761,3|2,2,4,8,16
haggling_multi_item/fruitville_multi,Multi-item: fruitville,haggling_multi_item,exact-payoff (backbone-invariant),1002,pact,9,0.0,0.24615384615384706,29,29,1.2153846153846155,1.2153846153846155,0.8885105082858172,3|2,2,4,8,16
haggling_multi_item/fruitville_multi,Multi-item: fruitville,haggling_multi_item,exact-payoff (backbone-invariant),1002,pact,10,0.061538461538461764,0.3076923076923088,25,29,1.1538461538461537,1.2153846153846155,0.9234633118328597,3|2,2,4,8,16
haggling_multi_item/fruitville_multi,Multi-item: fruitville,haggling_multi_item,exact-payoff (backbone-invariant),1002,pact,11,0.0,0.3076923076923088,29,29,1.2153846153846155,1.2153846153846155,0.9246542647454261,3|2,2,4,8,16
haggling_multi_item/fruitville_multi,Multi-item: fruitville,haggling_multi_item,exact-payoff (backbone-invariant),1002,pact,12,0.0,0.3076923076923088,29,29,1.2153846153846155,1.2153846153846155,0.9258299302596183,3|2,2,4,8,16
haggling_multi_item/fruitville_multi,Multi-item: fruitville,haggling_multi_item,exact-payoff (backbone-invariant),1002,pact,13,0.0,0.3076923076923088,29,29,1.2153846153846155,1.2153846153846155,0.9269904038445553,3|2,2,4,8,16
haggling_multi_item/fruitville_multi,Multi-item: fruitville,haggling_multi_item,exact-payoff (backbone-invariant),1002,pact,14,0.0,0.3076923076923088,29,29,1.2153846153846155,1.2153846153846155,0.9281357836286263,3|2,2,4,8,16
haggling_multi_item/fruitville_multi,Multi-item: fruitville,haggling_multi_item,exact-payoff (backbone-invariant),1002,pact,15,0.0,0.3076923076923088,29,29,1.2153846153846155,1.2153846153846155,0.9292661702831133,3|2,2,4,8,16
haggling_multi_item/fruitville_multi,Multi-item: fruitville,haggling_multi_item,exact-payoff (backbone-invariant),1002,pact,16,0.0,0.3076923076923088,29,29,1.2153846153846155,1.2153846153846155,0.9303816669071197,3|2,2,4,8,16
haggling_multi_item/fruitville_multi,Multi-item: fruitville,haggling_multi_item,exact-payoff (backbone-invariant),1002,pact,17,0.061538461538461764,0.3692307692307706,25,29,1.1538461538461537,1.2153846153846155,0.9537684141668265,3|2,2,4,8,16
haggling_multi_item/fruitville_multi,Multi-item: fruitville,haggling_multi_item,exact-payoff (backbone-invariant),1002,pact,18,0.0,0.3692307692307706,29,29,1.2153846153846155,1.2153846153846155,0.9545384196396456,3|2,2,4,8,16
haggling_multi_item/fruitville_multi,Multi-item: fruitville,haggling_multi_item,exact-payoff (backbone-invariant),1002,pact,19,0.0,0.3692307692307706,29,29,1.2153846153846155,1.2153846153846155,0.9552968637617003,3|2,2,4,8,16
haggling_multi_item/fruitville_multi,Multi-item: fruitville,haggling_multi_item,exact-payoff (backbone-invariant),1002,pact,20,0.0,0.3692307692307706,29,29,1.2153846153846155,1.2153846153846155,0.9560438782181451,3|2,2,4,8,16
haggling_multi_item/fruitville_multi,Multi-item: fruitville,haggling_multi_item,exact-payoff (backbone-invariant),1002,pact_plus,1,0.061538461538461764,0.061538461538461764,25,29,1.1538461538461537,1.2153846153846155,0.6930901364612788,3|2,2,4,8,16
haggling_multi_item/fruitville_multi,Multi-item: fruitville,haggling_multi_item,exact-payoff (backbone-invariant),1002,pact_plus,2,0.0,0.061538461538461764,29,29,1.2153846153846155,1.2153846153846155,0.6984822916868305,3|2,2,4,8,16
haggling_multi_item/fruitville_multi,Multi-item: fruitville,haggling_multi_item,exact-payoff (backbone-invariant),1002,pact_plus,3,0.2923076923076924,0.35384615384615414,35,29,0.9230769230769231,1.2153846153846155,0.8864503413188692,3|2,2,4,8,16
haggling_multi_item/fruitville_multi,Multi-item: fruitville,haggling_multi_item,exact-payoff (backbone-invariant),1002,pact_plus,4,0.0,0.35384615384615414,29,29,1.2153846153846155,1.2153846153846155,0.8903104871303256,3|2,2,4,8,16
haggling_multi_item/fruitville_multi,Multi-item: fruitville,haggling_multi_item,exact-payoff (backbone-invariant),1002,pact_plus,5,0.0,0.35384615384615414,29,29,1.2153846153846155,1.2153846153846155,0.8938970838445335,3|2,2,4,8,16
haggling_multi_item/fruitville_multi,Multi-item: fruitville,haggling_multi_item,exact-payoff (backbone-invariant),1002,pact_plus,6,0.0,0.35384615384615414,29,29,1.2153846153846155,1.2153846153846155,0.897235476173029,3|2,2,4,8,16
haggling_multi_item/fruitville_multi,Multi-item: fruitville,haggling_multi_item,exact-payoff (backbone-invariant),1002,pact_plus,7,0.0,0.35384615384615414,29,29,1.2153846153846155,1.2153846153846155,0.9003487042703754,3|2,2,4,8,16
haggling_multi_item/fruitville_multi,Multi-item: fruitville,haggling_multi_item,exact-payoff (backbone-invariant),1002,pact_plus,8,0.0,0.35384615384615414,29,29,1.2153846153846155,1.2153846153846155,0.9032576962230032,3|2,2,4,8,16
haggling_multi_item/fruitville_multi,Multi-item: fruitville,haggling_multi_item,exact-payoff (backbone-invariant),1002,pact_plus,9,0.061538461538461764,0.4153846153846159,25,29,1.1538461538461537,1.2153846153846155,0.9433979438319564,3|2,2,4,8,16
haggling_multi_item/fruitville_multi,Multi-item: fruitville,haggling_multi_item,exact-payoff (backbone-invariant),1002,pact_plus,10,0.0,0.4153846153846159,29,29,1.2153846153846155,1.2153846153846155,0.9443926093708253,3|2,2,4,8,16
haggling_multi_item/fruitville_multi,Multi-item: fruitville,haggling_multi_item,exact-payoff (backbone-invariant),1002,pact_plus,11,0.0,0.4153846153846159,29,29,1.2153846153846155,1.2153846153846155,0.9453650710150947,3|2,2,4,8,16
haggling_multi_item/fruitville_multi,Multi-item: fruitville,haggling_multi_item,exact-payoff (backbone-invariant),1002,pact_plus,12,0.0,0.4153846153846159,29,29,1.2153846153846155,1.2153846153846155,0.9463164519696561,3|2,2,4,8,16
haggling_multi_item/fruitville_multi,Multi-item: fruitville,haggling_multi_item,exact-payoff (backbone-invariant),1002,pact_plus,13,0.0,0.4153846153846159,29,29,1.2153846153846155,1.2153846153846155,0.9472477684850826,3|2,2,4,8,16
haggling_multi_item/fruitville_multi,Multi-item: fruitville,haggling_multi_item,exact-payoff (backbone-invariant),1002,pact_plus,14,0.0,0.4153846153846159,29,29,1.2153846153846155,1.2153846153846155,0.948159941331898,3|2,2,4,8,16
haggling_multi_item/fruitville_multi,Multi-item: fruitville,haggling_multi_item,exact-payoff (backbone-invariant),1002,pact_plus,15,0.0,0.4153846153846159,29,29,1.2153846153846155,1.2153846153846155,0.9490538060552541,3|2,2,4,8,16
haggling_multi_item/fruitville_multi,Multi-item: fruitville,haggling_multi_item,exact-payoff (backbone-invariant),1002,pact_plus,16,0.0,0.4153846153846159,29,29,1.2153846153846155,1.2153846153846155,0.9499301221354863,3|2,2,4,8,16
haggling_multi_item/fruitville_multi,Multi-item: fruitville,haggling_multi_item,exact-payoff (backbone-invariant),1002,pact_plus,17,0.0,0.4153846153846159,29,29,1.2153846153846155,1.2153846153846155,0.950789581167874,3|2,2,4,8,16
haggling_multi_item/fruitville_multi,Multi-item: fruitville,haggling_multi_item,exact-payoff (backbone-invariant),1002,pact_plus,18,0.0,0.4153846153846159,29,29,1.2153846153846155,1.2153846153846155,0.9516328141638276,3|2,2,4,8,16
haggling_multi_item/fruitville_multi,Multi-item: fruitville,haggling_multi_item,exact-payoff (backbone-invariant),1002,pact_plus,19,0.0,0.4153846153846159,29,29,1.2153846153846155,1.2153846153846155,0.9524603980655648,3|2,2,4,8,16
haggling_multi_item/fruitville_multi,Multi-item: fruitville,haggling_multi_item,exact-payoff (backbone-invariant),1002,pact_plus,20,0.0,0.4153846153846159,29,29,1.2153846153846155,1.2153846153846155,0.9532728615571036,3|2,2,4,8,16
haggling_multi_item/fruitville_multi,Multi-item: fruitville,haggling_multi_item,exact-payoff (backbone-invariant),1002,joint_psrl_uniform,1,0.061538461538461764,0.061538461538461764,25,29,1.1538461538461537,1.2153846153846155,0.41758899184308584,3|2,2,4,8,16
haggling_multi_item/fruitville_multi,Multi-item: fruitville,haggling_multi_item,exact-payoff (backbone-invariant),1002,joint_psrl_uniform,2,0.061538461538461764,0.12307692307692353,25,29,1.1538461538461537,1.2153846153846155,0.5558690136424108,3|2,2,4,8,16
haggling_multi_item/fruitville_multi,Multi-item: fruitville,haggling_multi_item,exact-payoff (backbone-invariant),1002,joint_psrl_uniform,3,0.0,0.12307692307692353,29,29,1.2153846153846155,1.2153846153846155,0.5606014698949389,3|2,2,4,8,16
haggling_multi_item/fruitville_multi,Multi-item: fruitville,haggling_multi_item,exact-payoff (backbone-invariant),1002,joint_psrl_uniform,4,0.061538461538461764,0.1846153846153853,25,29,1.1538461538461537,1.2153846153846155,0.6707794620831922,3|2,2,4,8,16
haggling_multi_item/fruitville_multi,Multi-item: fruitville,haggling_multi_item,exact-payoff (backbone-invariant),1002,joint_psrl_uniform,5,0.0,0.1846153846153853,29,29,1.2153846153846155,1.2153846153846155,0.6748599808066883,3|2,2,4,8,16
haggling_multi_item/fruitville_multi,Multi-item: fruitville,haggling_multi_item,exact-payoff (backbone-invariant),1002,joint_psrl_uniform,6,0.0,0.1846153846153853,29,29,1.2153846153846155,1.2153846153846155,0.6789131521268903,3|2,2,4,8,16
haggling_multi_item/fruitville_multi,Multi-item: fruitville,haggling_multi_item,exact-payoff (backbone-invariant),1002,joint_psrl_uniform,7,0.061538461538461764,0.24615384615384706,25,29,1.1538461538461537,1.2153846153846155,0.7705481837147145,3|2,2,4,8,16
haggling_multi_item/fruitville_multi,Multi-item: fruitville,haggling_multi_item,exact-payoff (backbone-invariant),1002,joint_psrl_uniform,8,0.061538461538461764,0.3076923076923088,25,29,1.1538461538461537,1.2153846153846155,0.8420704113060177,3|2,2,4,8,16
haggling_multi_item/fruitville_multi,Multi-item: fruitville,haggling_multi_item,exact-payoff (backbone-invariant),1002,joint_psrl_uniform,9,0.0,0.3076923076923088,29,29,1.2153846153846155,1.2153846153846155,0.844514009782135,3|2,2,4,8,16
haggling_multi_item/fruitville_multi,Multi-item: fruitville,haggling_multi_item,exact-payoff (backbone-invariant),1002,joint_psrl_uniform,10,0.061538461538461764,0.3692307692307706,25,29,1.1538461538461537,1.2153846153846155,0.8960872123226618,3|2,2,4,8,16
haggling_multi_item/fruitville_multi,Multi-item: fruitville,haggling_multi_item,exact-payoff (backbone-invariant),1002,joint_psrl_uniform,11,0.0,0.3692307692307706,29,29,1.2153846153846155,1.2153846153846155,0.89779644614867,3|2,2,4,8,16
haggling_multi_item/fruitville_multi,Multi-item: fruitville,haggling_multi_item,exact-payoff (backbone-invariant),1002,joint_psrl_uniform,12,0.061538461538461764,0.43076923076923235,25,29,1.1538461538461537,1.2153846153846155,0.9330963645234571,3|2,2,4,8,16
haggling_multi_item/fruitville_multi,Multi-item: fruitville,haggling_multi_item,exact-payoff (backbone-invariant),1002,joint_psrl_uniform,13,0.0,0.43076923076923235,29,29,1.2153846153846155,1.2153846153846155,0.9342415164767295,3|2,2,4,8,16
haggling_multi_item/fruitville_multi,Multi-item: fruitville,haggling_multi_item,exact-payoff (backbone-invariant),1002,joint_psrl_uniform,14,0.0,0.43076923076923235,29,29,1.2153846153846155,1.2153846153846155,0.9353684251715207,3|2,2,4,8,16
haggling_multi_item/fruitville_multi,Multi-item: fruitville,haggling_multi_item,exact-payoff (backbone-invariant),1002,joint_psrl_uniform,15,0.0,0.43076923076923235,29,29,1.2153846153846155,1.2153846153846155,0.9364773350223321,3|2,2,4,8,16
haggling_multi_item/fruitville_multi,Multi-item: fruitville,haggling_multi_item,exact-payoff (backbone-invariant),1002,joint_psrl_uniform,16,0.0,0.43076923076923235,29,29,1.2153846153846155,1.2153846153846155,0.9375684887544006,3|2,2,4,8,16
haggling_multi_item/fruitville_multi,Multi-item: fruitville,haggling_multi_item,exact-payoff (backbone-invariant),1002,joint_psrl_uniform,17,0.0,0.43076923076923235,29,29,1.2153846153846155,1.2153846153846155,0.9386421273560505,3|2,2,4,8,16
haggling_multi_item/fruitville_multi,Multi-item: fruitville,haggling_multi_item,exact-payoff (backbone-invariant),1002,joint_psrl_uniform,18,0.0,0.43076923076923235,29,29,1.2153846153846155,1.2153846153846155,0.9396984900337326,3|2,2,4,8,16
haggling_multi_item/fruitville_multi,Multi-item: fruitville,haggling_multi_item,exact-payoff (backbone-invariant),1002,joint_psrl_uniform,19,0.0,0.43076923076923235,29,29,1.2153846153846155,1.2153846153846155,0.940737814169681,3|2,2,4,8,16
haggling_multi_item/fruitville_multi,Multi-item: fruitville,haggling_multi_item,exact-payoff (backbone-invariant),1002,joint_psrl_uniform,20,0.0,0.43076923076923235,29,29,1.2153846153846155,1.2153846153846155,0.9417603352821144,3|2,2,4,8,16
haggling_multi_item/fruitville_multi,Multi-item: fruitville,haggling_multi_item,exact-payoff (backbone-invariant),1002,psrl_notype,1,0.061538461538461764,0.061538461538461764,25,29,1.1538461538461537,1.2153846153846155,0.0625,3|2,2,4,8,16
haggling_multi_item/fruitville_multi,Multi-item: fruitville,haggling_multi_item,exact-payoff (backbone-invariant),1002,psrl_notype,2,0.046153846153846434,0.1076923076923082,31,29,1.169230769230769,1.2153846153846155,0.0625,3|2,2,4,8,16
haggling_multi_item/fruitville_multi,Multi-item: fruitville,haggling_multi_item,exact-payoff (backbone-invariant),1002,psrl_notype,3,0.0,0.1076923076923082,29,29,1.2153846153846155,1.2153846153846155,0.0625,3|2,2,4,8,16
haggling_multi_item/fruitville_multi,Multi-item: fruitville,haggling_multi_item,exact-payoff (backbone-invariant),1002,psrl_notype,4,0.061538461538461764,0.16923076923076996,25,29,1.1538461538461537,1.2153846153846155,0.0625,3|2,2,4,8,16
haggling_multi_item/fruitville_multi,Multi-item: fruitville,haggling_multi_item,exact-payoff (backbone-invariant),1002,psrl_notype,5,0.0,0.16923076923076996,29,29,1.2153846153846155,1.2153846153846155,0.0625,3|2,2,4,8,16
haggling_multi_item/fruitville_multi,Multi-item: fruitville,haggling_multi_item,exact-payoff (backbone-invariant),1002,psrl_notype,6,0.2923076923076924,0.46153846153846234,35,29,0.9230769230769231,1.2153846153846155,0.0625,3|2,2,4,8,16
haggling_multi_item/fruitville_multi,Multi-item: fruitville,haggling_multi_item,exact-payoff (backbone-invariant),1002,psrl_notype,7,0.0,0.46153846153846234,29,29,1.2153846153846155,1.2153846153846155,0.0625,3|2,2,4,8,16
haggling_multi_item/fruitville_multi,Multi-item: fruitville,haggling_multi_item,exact-payoff (backbone-invariant),1002,psrl_notype,8,0.046153846153846434,0.5076923076923088,31,29,1.169230769230769,1.2153846153846155,0.0625,3|2,2,4,8,16
haggling_multi_item/fruitville_multi,Multi-item: fruitville,haggling_multi_item,exact-payoff (backbone-invariant),1002,psrl_notype,9,0.061538461538461764,0.5692307692307705,25,29,1.1538461538461537,1.2153846153846155,0.0625,3|2,2,4,8,16
haggling_multi_item/fruitville_multi,Multi-item: fruitville,haggling_multi_item,exact-payoff (backbone-invariant),1002,psrl_notype,10,0.2923076923076924,0.8615384615384629,35,29,0.9230769230769231,1.2153846153846155,0.0625,3|2,2,4,8,16
haggling_multi_item/fruitville_multi,Multi-item: fruitville,haggling_multi_item,exact-payoff (backbone-invariant),1002,psrl_notype,11,0.2923076923076924,1.1538461538461553,35,29,0.9230769230769231,1.2153846153846155,0.0625,3|2,2,4,8,16
haggling_multi_item/fruitville_multi,Multi-item: fruitville,haggling_multi_item,exact-payoff (backbone-invariant),1002,psrl_notype,12,0.046153846153846434,1.2000000000000017,31,29,1.169230769230769,1.2153846153846155,0.0625,3|2,2,4,8,16
haggling_multi_item/fruitville_multi,Multi-item: fruitville,haggling_multi_item,exact-payoff (backbone-invariant),1002,psrl_notype,13,0.061538461538461764,1.2615384615384635,25,29,1.1538461538461537,1.2153846153846155,0.0625,3|2,2,4,8,16
haggling_multi_item/fruitville_multi,Multi-item: fruitville,haggling_multi_item,exact-payoff (backbone-invariant),1002,psrl_notype,14,0.061538461538461764,1.3230769230769253,25,29,1.1538461538461537,1.2153846153846155,0.0625,3|2,2,4,8,16
haggling_multi_item/fruitville_multi,Multi-item: fruitville,haggling_multi_item,exact-payoff (backbone-invariant),1002,psrl_notype,15,0.046153846153846434,1.3692307692307717,31,29,1.169230769230769,1.2153846153846155,0.0625,3|2,2,4,8,16
haggling_multi_item/fruitville_multi,Multi-item: fruitville,haggling_multi_item,exact-payoff (backbone-invariant),1002,psrl_notype,16,0.046153846153846434,1.4153846153846181,31,29,1.169230769230769,1.2153846153846155,0.0625,3|2,2,4,8,16
haggling_multi_item/fruitville_multi,Multi-item: fruitville,haggling_multi_item,exact-payoff (backbone-invariant),1002,psrl_notype,17,0.0,1.4153846153846181,29,29,1.2153846153846155,1.2153846153846155,0.0625,3|2,2,4,8,16
haggling_multi_item/fruitville_multi,Multi-item: fruitville,haggling_multi_item,exact-payoff (backbone-invariant),1002,psrl_notype,18,0.0,1.4153846153846181,29,29,1.2153846153846155,1.2153846153846155,0.0625,3|2,2,4,8,16
haggling_multi_item/fruitville_multi,Multi-item: fruitville,haggling_multi_item,exact-payoff (backbone-invariant),1002,psrl_notype,19,0.0,1.4153846153846181,29,29,1.2153846153846155,1.2153846153846155,0.0625,3|2,2,4,8,16
haggling_multi_item/fruitville_multi,Multi-item: fruitville,haggling_multi_item,exact-payoff (backbone-invariant),1002,psrl_notype,20,0.046153846153846434,1.4615384615384646,31,29,1.169230769230769,1.2153846153846155,0.0625,3|2,2,4,8,16
haggling_multi_item/fruitville_multi,Multi-item: fruitville,haggling_multi_item,exact-payoff (backbone-invariant),1002,map_type_greedy,1,0.061538461538461764,0.061538461538461764,25,29,1.1538461538461537,1.2153846153846155,0.6930901364612788,3|2,2,4,8,16
haggling_multi_item/fruitville_multi,Multi-item: fruitville,haggling_multi_item,exact-payoff (backbone-invariant),1002,map_type_greedy,2,0.0,0.061538461538461764,29,29,1.2153846153846155,1.2153846153846155,0.6984822916868305,3|2,2,4,8,16
haggling_multi_item/fruitville_multi,Multi-item: fruitville,haggling_multi_item,exact-payoff (backbone-invariant),1002,map_type_greedy,3,0.0,0.061538461538461764,29,29,1.2153846153846155,1.2153846153846155,0.7035331934164973,3|2,2,4,8,16
haggling_multi_item/fruitville_multi,Multi-item: fruitville,haggling_multi_item,exact-payoff (backbone-invariant),1002,map_type_greedy,4,0.0,0.061538461538461764,29,29,1.2153846153846155,1.2153846153846155,0.708281332253925,3|2,2,4,8,16
haggling_multi_item/fruitville_multi,Multi-item: fruitville,haggling_multi_item,exact-payoff (backbone-invariant),1002,map_type_greedy,5,0.0,0.061538461538461764,29,29,1.2153846153846155,1.2153846153846155,0.7127607875781334,3|2,2,4,8,16
haggling_multi_item/fruitville_multi,Multi-item: fruitville,haggling_multi_item,exact-payoff (backbone-invariant),1002,map_type_greedy,6,0.0,0.061538461538461764,29,29,1.2153846153846155,1.2153846153846155,0.7170017190142752,3|2,2,4,8,16
haggling_multi_item/fruitville_multi,Multi-item: fruitville,haggling_multi_item,exact-payoff (backbone-invariant),1002,map_type_greedy,7,0.0,0.061538461538461764,29,29,1.2153846153846155,1.2153846153846155,0.7210308104585119,3|2,2,4,8,16
haggling_multi_item/fruitville_multi,Multi-item: fruitville,haggling_multi_item,exact-payoff (backbone-invariant),1002,map_type_greedy,8,0.0,0.061538461538461764,29,29,1.2153846153846155,1.2153846153846155,0.7248716678666759,3|2,2,4,8,16
haggling_multi_item/fruitville_multi,Multi-item: fruitville,haggling_multi_item,exact-payoff (backbone-invariant),1002,map_type_greedy,9,0.0,0.061538461538461764,29,29,1.2153846153846155,1.2153846153846155,0.728545173549829,3|2,2,4,8,16
haggling_multi_item/fruitville_multi,Multi-item: fruitville,haggling_multi_item,exact-payoff (backbone-invariant),1002,map_type_greedy,10,0.0,0.061538461538461764,29,29,1.2153846153846155,1.2153846153846155,0.7320698004893821,3|2,2,4,8,16
haggling_multi_item/fruitville_multi,Multi-item: fruitville,haggling_multi_item,exact-payoff (backbone-invariant),1002,map_type_greedy,11,0.0,0.061538461538461764,29,29,1.2153846153846155,1.2153846153846155,0.7354618904670178,3|2,2,4,8,16
haggling_multi_item/fruitville_multi,Multi-item: fruitville,haggling_multi_item,exact-payoff (backbone-invariant),1002,map_type_greedy,12,0.0,0.061538461538461764,29,29,1.2153846153846155,1.2153846153846155,0.7387358997895874,3|2,2,4,8,16
haggling_multi_item/fruitville_multi,Multi-item: fruitville,haggling_multi_item,exact-payoff (backbone-invariant),1002,map_type_greedy,13,0.0,0.061538461538461764,29,29,1.2153846153846155,1.2153846153846155,0.7419046162028089,3|2,2,4,8,16
haggling_multi_item/fruitville_multi,Multi-item: fruitville,haggling_multi_item,exact-payoff (backbone-invariant),1002,map_type_greedy,14,0.0,0.061538461538461764,29,29,1.2153846153846155,1.2153846153846155,0.7449793503122532,3|2,2,4,8,16
haggling_multi_item/fruitville_multi,Multi-item: fruitville,haggling_multi_item,exact-payoff (backbone-invariant),1002,map_type_greedy,15,0.0,0.061538461538461764,29,29,1.2153846153846155,1.2153846153846155,0.7479701045177773,3|2,2,4,8,16
haggling_multi_item/fruitville_multi,Multi-item: fruitville,haggling_multi_item,exact-payoff (backbone-invariant),1002,map_type_greedy,16,0.0,0.061538461538461764,29,29,1.2153846153846155,1.2153846153846155,0.750885722149915,3|2,2,4,8,16
haggling_multi_item/fruitville_multi,Multi-item: fruitville,haggling_multi_item,exact-payoff (backbone-invariant),1002,map_type_greedy,17,0.0,0.061538461538461764,29,29,1.2153846153846155,1.2153846153846155,0.7537340191919923,3|2,2,4,8,16
haggling_multi_item/fruitville_multi,Multi-item: fruitville,haggling_multi_item,exact-payoff (backbone-invariant),1002,map_type_greedy,18,0.0,0.061538461538461764,29,29,1.2153846153846155,1.2153846153846155,0.7565219006895088,3|2,2,4,8,16
haggling_multi_item/fruitville_multi,Multi-item: fruitville,haggling_multi_item,exact-payoff (backbone-invariant),1002,map_type_greedy,19,0.0,0.061538461538461764,29,29,1.2153846153846155,1.2153846153846155,0.7592554636927946,3|2,2,4,8,16
haggling_multi_item/fruitville_multi,Multi-item: fruitville,haggling_multi_item,exact-payoff (backbone-invariant),1002,map_type_greedy,20,0.0,0.061538461538461764,29,29,1.2153846153846155,1.2153846153846155,0.7619400883510348,3|2,2,4,8,16
haggling_multi_item/fruitville_multi,Multi-item: fruitville,haggling_multi_item,exact-payoff (backbone-invariant),1002,econ_bne,1,0.0,0.0,29,29,1.2153846153846155,1.2153846153846155,0.0625,3|2,2,4,8,16
haggling_multi_item/fruitville_multi,Multi-item: fruitville,haggling_multi_item,exact-payoff (backbone-invariant),1002,econ_bne,2,0.0,0.0,29,29,1.2153846153846155,1.2153846153846155,0.0625,3|2,2,4,8,16
haggling_multi_item/fruitville_multi,Multi-item: fruitville,haggling_multi_item,exact-payoff (backbone-invariant),1002,econ_bne,3,0.0,0.0,29,29,1.2153846153846155,1.2153846153846155,0.0625,3|2,2,4,8,16
haggling_multi_item/fruitville_multi,Multi-item: fruitville,haggling_multi_item,exact-payoff (backbone-invariant),1002,econ_bne,4,0.0,0.0,29,29,1.2153846153846155,1.2153846153846155,0.0625,3|2,2,4,8,16
haggling_multi_item/fruitville_multi,Multi-item: fruitville,haggling_multi_item,exact-payoff (backbone-invariant),1002,econ_bne,5,0.0,0.0,29,29,1.2153846153846155,1.2153846153846155,0.0625,3|2,2,4,8,16
haggling_multi_item/fruitville_multi,Multi-item: fruitville,haggling_multi_item,exact-payoff (backbone-invariant),1002,econ_bne,6,0.0,0.0,29,29,1.2153846153846155,1.2153846153846155,0.0625,3|2,2,4,8,16
haggling_multi_item/fruitville_multi,Multi-item: fruitville,haggling_multi_item,exact-payoff (backbone-invariant),1002,econ_bne,7,0.0,0.0,29,29,1.2153846153846155,1.2153846153846155,0.0625,3|2,2,4,8,16
haggling_multi_item/fruitville_multi,Multi-item: fruitville,haggling_multi_item,exact-payoff (backbone-invariant),1002,econ_bne,8,0.0,0.0,29,29,1.2153846153846155,1.2153846153846155,0.0625,3|2,2,4,8,16
haggling_multi_item/fruitville_multi,Multi-item: fruitville,haggling_multi_item,exact-payoff (backbone-invariant),1002,econ_bne,9,0.0,0.0,29,29,1.2153846153846155,1.2153846153846155,0.0625,3|2,2,4,8,16
haggling_multi_item/fruitville_multi,Multi-item: fruitville,haggling_multi_item,exact-payoff (backbone-invariant),1002,econ_bne,10,0.0,0.0,29,29,1.2153846153846155,1.2153846153846155,0.0625,3|2,2,4,8,16
haggling_multi_item/fruitville_multi,Multi-item: fruitville,haggling_multi_item,exact-payoff (backbone-invariant),1002,econ_bne,11,0.0,0.0,29,29,1.2153846153846155,1.2153846153846155,0.0625,3|2,2,4,8,16
haggling_multi_item/fruitville_multi,Multi-item: fruitville,haggling_multi_item,exact-payoff (backbone-invariant),1002,econ_bne,12,0.0,0.0,29,29,1.2153846153846155,1.2153846153846155,0.0625,3|2,2,4,8,16
haggling_multi_item/fruitville_multi,Multi-item: fruitville,haggling_multi_item,exact-payoff (backbone-invariant),1002,econ_bne,13,0.0,0.0,29,29,1.2153846153846155,1.2153846153846155,0.0625,3|2,2,4,8,16
haggling_multi_item/fruitville_multi,Multi-item: fruitville,haggling_multi_item,exact-payoff (backbone-invariant),1002,econ_bne,14,0.0,0.0,29,29,1.2153846153846155,1.2153846153846155,0.0625,3|2,2,4,8,16
haggling_multi_item/fruitville_multi,Multi-item: fruitville,haggling_multi_item,exact-payoff (backbone-invariant),1002,econ_bne,15,0.0,0.0,29,29,1.2153846153846155,1.2153846153846155,0.0625,3|2,2,4,8,16
haggling_multi_item/fruitville_multi,Multi-item: fruitville,haggling_multi_item,exact-payoff (backbone-invariant),1002,econ_bne,16,0.0,0.0,29,29,1.2153846153846155,1.2153846153846155,0.0625,3|2,2,4,8,16
haggling_multi_item/fruitville_multi,Multi-item: fruitville,haggling_multi_item,exact-payoff (backbone-invariant),1002,econ_bne,17,0.0,0.0,29,29,1.2153846153846155,1.2153846153846155,0.0625,3|2,2,4,8,16
haggling_multi_item/fruitville_multi,Multi-item: fruitville,haggling_multi_item,exact-payoff (backbone-invariant),1002,econ_bne,18,0.0,0.0,29,29,1.2153846153846155,1.2153846153846155,0.0625,3|2,2,4,8,16
haggling_multi_item/fruitville_multi,Multi-item: fruitville,haggling_multi_item,exact-payoff (backbone-invariant),1002,econ_bne,19,0.0,0.0,29,29,1.2153846153846155,1.2153846153846155,0.0625,3|2,2,4,8,16
haggling_multi_item/fruitville_multi,Multi-item: fruitville,haggling_multi_item,exact-payoff (backbone-invariant),1002,econ_bne,20,0.0,0.0,29,29,1.2153846153846155,1.2153846153846155,0.0625,3|2,2,4,8,16
haggling_multi_item/fruitville_multi,Multi-item: fruitville,haggling_multi_item,exact-payoff (backbone-invariant),1002,atom_tom1,1,0.3384615384615386,0.3384615384615386,3,29,0.8769230769230769,1.2153846153846155,0.0625,3|2,2,4,8,16
haggling_multi_item/fruitville_multi,Multi-item: fruitville,haggling_multi_item,exact-payoff (backbone-invariant),1002,atom_tom1,2,0.3384615384615386,0.6769230769230772,3,29,0.8769230769230769,1.2153846153846155,0.0625,3|2,2,4,8,16
haggling_multi_item/fruitville_multi,Multi-item: fruitville,haggling_multi_item,exact-payoff (backbone-invariant),1002,atom_tom1,3,0.3384615384615386,1.0153846153846158,3,29,0.8769230769230769,1.2153846153846155,0.0625,3|2,2,4,8,16
haggling_multi_item/fruitville_multi,Multi-item: fruitville,haggling_multi_item,exact-payoff (backbone-invariant),1002,atom_tom1,4,0.3384615384615386,1.3538461538461544,3,29,0.8769230769230769,1.2153846153846155,0.0625,3|2,2,4,8,16
haggling_multi_item/fruitville_multi,Multi-item: fruitville,haggling_multi_item,exact-payoff (backbone-invariant),1002,atom_tom1,5,0.3384615384615386,1.692307692307693,3,29,0.8769230769230769,1.2153846153846155,0.0625,3|2,2,4,8,16
haggling_multi_item/fruitville_multi,Multi-item: fruitville,haggling_multi_item,exact-payoff (backbone-invariant),1002,atom_tom1,6,0.3384615384615386,2.0307692307692315,3,29,0.8769230769230769,1.2153846153846155,0.0625,3|2,2,4,8,16
haggling_multi_item/fruitville_multi,Multi-item: fruitville,haggling_multi_item,exact-payoff (backbone-invariant),1002,atom_tom1,7,0.3384615384615386,2.36923076923077,3,29,0.8769230769230769,1.2153846153846155,0.0625,3|2,2,4,8,16
haggling_multi_item/fruitville_multi,Multi-item: fruitville,haggling_multi_item,exact-payoff (backbone-invariant),1002,atom_tom1,8,0.3384615384615386,2.7076923076923087,3,29,0.8769230769230769,1.2153846153846155,0.0625,3|2,2,4,8,16
haggling_multi_item/fruitville_multi,Multi-item: fruitville,haggling_multi_item,exact-payoff (backbone-invariant),1002,atom_tom1,9,0.3384615384615386,3.0461538461538473,3,29,0.8769230769230769,1.2153846153846155,0.0625,3|2,2,4,8,16
haggling_multi_item/fruitville_multi,Multi-item: fruitville,haggling_multi_item,exact-payoff (backbone-invariant),1002,atom_tom1,10,0.3384615384615386,3.384615384615386,3,29,0.8769230769230769,1.2153846153846155,0.0625,3|2,2,4,8,16
haggling_multi_item/fruitville_multi,Multi-item: fruitville,haggling_multi_item,exact-payoff (backbone-invariant),1002,atom_tom1,11,0.3384615384615386,3.7230769230769245,3,29,0.8769230769230769,1.2153846153846155,0.0625,3|2,2,4,8,16
haggling_multi_item/fruitville_multi,Multi-item: fruitville,haggling_multi_item,exact-payoff (backbone-invariant),1002,atom_tom1,12,0.3384615384615386,4.061538461538463,3,29,0.8769230769230769,1.2153846153846155,0.0625,3|2,2,4,8,16
haggling_multi_item/fruitville_multi,Multi-item: fruitville,haggling_multi_item,exact-payoff (backbone-invariant),1002,atom_tom1,13,0.3384615384615386,4.400000000000002,3,29,0.8769230769230769,1.2153846153846155,0.0625,3|2,2,4,8,16
haggling_multi_item/fruitville_multi,Multi-item: fruitville,haggling_multi_item,exact-payoff (backbone-invariant),1002,atom_tom1,14,0.3384615384615386,4.738461538461541,3,29,0.8769230769230769,1.2153846153846155,0.0625,3|2,2,4,8,16
haggling_multi_item/fruitville_multi,Multi-item: fruitville,haggling_multi_item,exact-payoff (backbone-invariant),1002,atom_tom1,15,0.3384615384615386,5.07692307692308,3,29,0.8769230769230769,1.2153846153846155,0.0625,3|2,2,4,8,16
haggling_multi_item/fruitville_multi,Multi-item: fruitville,haggling_multi_item,exact-payoff (backbone-invariant),1002,atom_tom1,16,0.3384615384615386,5.415384615384619,3,29,0.8769230769230769,1.2153846153846155,0.0625,3|2,2,4,8,16
haggling_multi_item/fruitville_multi,Multi-item: fruitville,haggling_multi_item,exact-payoff (backbone-invariant),1002,atom_tom1,17,0.3384615384615386,5.753846153846158,3,29,0.8769230769230769,1.2153846153846155,0.0625,3|2,2,4,8,16
haggling_multi_item/fruitville_multi,Multi-item: fruitville,haggling_multi_item,exact-payoff (backbone-invariant),1002,atom_tom1,18,0.3384615384615386,6.092307692307697,3,29,0.8769230769230769,1.2153846153846155,0.0625,3|2,2,4,8,16
haggling_multi_item/fruitville_multi,Multi-item: fruitville,haggling_multi_item,exact-payoff (backbone-invariant),1002,atom_tom1,19,0.3384615384615386,6.430769230769236,3,29,0.8769230769230769,1.2153846153846155,0.0625,3|2,2,4,8,16
haggling_multi_item/fruitville_multi,Multi-item: fruitville,haggling_multi_item,exact-payoff (backbone-invariant),1002,atom_tom1,20,0.3384615384615386,6.769230769230775,3,29,0.8769230769230769,1.2153846153846155,0.0625,3|2,2,4,8,16
haggling_multi_item/fruitville_multi,Multi-item: fruitville,haggling_multi_item,exact-payoff (backbone-invariant),1002,random,1,0.7538461538461539,0.7538461538461539,22,29,0.46153846153846156,1.2153846153846155,0.0625,3|2,2,4,8,16
haggling_multi_item/fruitville_multi,Multi-item: fruitville,haggling_multi_item,exact-payoff (backbone-invariant),1002,random,2,0.7538461538461539,1.5076923076923079,10,29,0.46153846153846156,1.2153846153846155,0.0625,3|2,2,4,8,16
haggling_multi_item/fruitville_multi,Multi-item: fruitville,haggling_multi_item,exact-payoff (backbone-invariant),1002,random,3,0.046153846153846434,1.5538461538461543,31,29,1.169230769230769,1.2153846153846155,0.0625,3|2,2,4,8,16
haggling_multi_item/fruitville_multi,Multi-item: fruitville,haggling_multi_item,exact-payoff (backbone-invariant),1002,random,4,0.3384615384615386,1.892307692307693,3,29,0.8769230769230769,1.2153846153846155,0.0625,3|2,2,4,8,16
haggling_multi_item/fruitville_multi,Multi-item: fruitville,haggling_multi_item,exact-payoff (backbone-invariant),1002,random,5,0.476923076923077,2.3692307692307697,9,29,0.7384615384615385,1.2153846153846155,0.0625,3|2,2,4,8,16
haggling_multi_item/fruitville_multi,Multi-item: fruitville,haggling_multi_item,exact-payoff (backbone-invariant),1002,random,6,0.061538461538461764,2.4307692307692315,25,29,1.1538461538461537,1.2153846153846155,0.0625,3|2,2,4,8,16
haggling_multi_item/fruitville_multi,Multi-item: fruitville,haggling_multi_item,exact-payoff (backbone-invariant),1002,random,7,0.7538461538461539,3.1846153846153853,30,29,0.46153846153846156,1.2153846153846155,0.0625,3|2,2,4,8,16
haggling_multi_item/fruitville_multi,Multi-item: fruitville,haggling_multi_item,exact-payoff (backbone-invariant),1002,random,8,0.2923076923076924,3.476923076923078,35,29,0.9230769230769231,1.2153846153846155,0.0625,3|2,2,4,8,16
haggling_multi_item/fruitville_multi,Multi-item: fruitville,haggling_multi_item,exact-payoff (backbone-invariant),1002,random,9,0.7538461538461539,4.230769230769232,32,29,0.46153846153846156,1.2153846153846155,0.0625,3|2,2,4,8,16
haggling_multi_item/fruitville_multi,Multi-item: fruitville,haggling_multi_item,exact-payoff (backbone-invariant),1002,random,10,0.7538461538461539,4.984615384615386,0,29,0.46153846153846156,1.2153846153846155,0.0625,3|2,2,4,8,16
haggling_multi_item/fruitville_multi,Multi-item: fruitville,haggling_multi_item,exact-payoff (backbone-invariant),1002,random,11,0.7538461538461539,5.738461538461539,26,29,0.46153846153846156,1.2153846153846155,0.0625,3|2,2,4,8,16
haggling_multi_item/fruitville_multi,Multi-item: fruitville,haggling_multi_item,exact-payoff (backbone-invariant),1002,random,12,0.30769230769230793,6.046153846153848,17,29,0.9076923076923076,1.2153846153846155,0.0625,3|2,2,4,8,16
haggling_multi_item/fruitville_multi,Multi-item: fruitville,haggling_multi_item,exact-payoff (backbone-invariant),1002,random,13,0.7538461538461539,6.800000000000002,22,29,0.46153846153846156,1.2153846153846155,0.0625,3|2,2,4,8,16
haggling_multi_item/fruitville_multi,Multi-item: fruitville,haggling_multi_item,exact-payoff (backbone-invariant),1002,random,14,0.030769230769230882,6.830769230769232,27,29,1.1846153846153846,1.2153846153846155,0.0625,3|2,2,4,8,16
haggling_multi_item/fruitville_multi,Multi-item: fruitville,haggling_multi_item,exact-payoff (backbone-invariant),1002,random,15,0.3538461538461539,7.184615384615386,7,29,0.8615384615384616,1.2153846153846155,0.0625,3|2,2,4,8,16
haggling_multi_item/fruitville_multi,Multi-item: fruitville,haggling_multi_item,exact-payoff (backbone-invariant),1002,random,16,0.7538461538461539,7.93846153846154,24,29,0.46153846153846156,1.2153846153846155,0.0625,3|2,2,4,8,16
haggling_multi_item/fruitville_multi,Multi-item: fruitville,haggling_multi_item,exact-payoff (backbone-invariant),1002,random,17,0.7538461538461539,8.692307692307693,16,29,0.46153846153846156,1.2153846153846155,0.0625,3|2,2,4,8,16
haggling_multi_item/fruitville_multi,Multi-item: fruitville,haggling_multi_item,exact-payoff (backbone-invariant),1002,random,18,0.7538461538461539,9.446153846153848,32,29,0.46153846153846156,1.2153846153846155,0.0625,3|2,2,4,8,16
haggling_multi_item/fruitville_multi,Multi-item: fruitville,haggling_multi_item,exact-payoff (backbone-invariant),1002,random,19,0.7538461538461539,10.200000000000003,32,29,0.46153846153846156,1.2153846153846155,0.0625,3|2,2,4,8,16
haggling_multi_item/fruitville_multi,Multi-item: fruitville,haggling_multi_item,exact-payoff (backbone-invariant),1002,random,20,0.1692307692307693,10.369230769230771,33,29,1.0461538461538462,1.2153846153846155,0.0625,3|2,2,4,8,16
pub/london,Pub: london,pub,exact-payoff (backbone-invariant),1003,pact,1,0.0,0.0,15,15,3.395800456114994,3.395800456114994,0.4015426756894709,1|2|2|2,4,4,16,256
pub/london,Pub: london,pub,exact-payoff (backbone-invariant),1003,pact,2,0.0,0.0,15,15,3.395800456114994,3.395800456114994,0.5018196265140376,1|2|2|2,4,4,16,256
pub/london,Pub: london,pub,exact-payoff (backbone-invariant),1003,pact,3,0.0,0.0,15,15,3.395800456114994,3.395800456114994,0.5649121787449979,1|2|2|2,4,4,16,256
pub/london,Pub: london,pub,exact-payoff (backbone-invariant),1003,pact,4,0.0,0.0,15,15,3.395800456114994,3.395800456114994,0.6020539951538623,1|2|2|2,4,4,16,256
pub/london,Pub: london,pub,exact-payoff (backbone-invariant),1003,pact,5,0.0,0.0,15,15,3.395800456114994,3.395800456114994,0.623695839253805,1|2|2|2,4,4,16,256
pub/london,Pub: london,pub,exact-payoff (backbone-invariant),1003,pact,6,0.0,0.0,15,15,3.395800456114994,3.395800456114994,0.636624750063756,1|2|2|2,4,4,16,256
pub/london,Pub: london,pub,exact-payoff (backbone-invariant),1003,pact,7,0.0,0.0,15,15,3.395800456114994,3.395800456114994,0.6447037225535494,1|2|2|2,4,4,16,256
pub/london,Pub: london,pub,exact-payoff (backbone-invariant),1003,pact,8,0.0,0.0,15,15,3.395800456114994,3.395800456114994,0.6500452569284474,1|2|2|2,4,4,16,256
pub/london,Pub: london,pub,exact-payoff (backbone-invariant),1003,pact,9,0.0,0.0,15,15,3.395800456114994,3.395800456114994,0.6538001082721027,1|2|2|2,4,4,16,256
pub/london,Pub: london,pub,exact-payoff (backbone-invariant),1003,pact,10,0.0,0.0,15,15,3.395800456114994,3.395800456114994,0.6566032170995433,1|2|2|2,4,4,16,256
pub/london,Pub: london,pub,exact-payoff (backbone-invariant),1003,pact,11,0.0,0.0,15,15,3.395800456114994,3.395800456114994,0.6588124701678088,1|2|2|2,4,4,16,256
pub/london,Pub: london,pub,exact-payoff (backbone-invariant),1003,pact,12,0.0,0.0,15,15,3.395800456114994,3.395800456114994,0.6606349169923537,1|2|2|2,4,4,16,256
pub/london,Pub: london,pub,exact-payoff (backbone-invariant),1003,pact,13,0.0,0.0,15,15,3.395800456114994,3.395800456114994,0.6621938797279042,1|2|2|2,4,4,16,256
pub/london,Pub: london,pub,exact-payoff (backbone-invariant),1003,pact,14,0.0,0.0,15,15,3.395800456114994,3.395800456114994,0.6635651618071761,1|2|2|2,4,4,16,256
pub/london,Pub: london,pub,exact-payoff (backbone-invariant),1003,pact,15,0.0,0.0,15,15,3.395800456114994,3.395800456114994,0.664796952333822,1|2|2|2,4,4,16,256
pub/london,Pub: london,pub,exact-payoff (backbone-invariant),1003,pact,16,0.0,0.0,15,15,3.395800456114994,3.395800456114994,0.6659209918712466,1|2|2|2,4,4,16,256
pub/london,Pub: london,pub,exact-payoff (backbone-invariant),1003,pact,17,0.0,0.0,15,15,3.395800456114994,3.395800456114994,0.6669589674075294,1|2|2|2,4,4,16,256
pub/london,Pub: london,pub,exact-payoff (backbone-invariant),1003,pact,18,0.0,0.0,15,15,3.395800456114994,3.395800456114994,0.6679262522520285,1|2|2|2,4,4,16,256
pub/london,Pub: london,pub,exact-payoff (backbone-invariant),1003,pact,19,0.0,0.0,15,15,3.395800456114994,3.395800456114994,0.6688341400159166,1|2|2|2,4,4,16,256
pub/london,Pub: london,pub,exact-payoff (backbone-invariant),1003,pact,20,0.0,0.0,15,15,3.395800456114994,3.395800456114994,0.6696912084881494,1|2|2|2,4,4,16,256
pub/london,Pub: london,pub,exact-payoff (backbone-invariant),1003,pact_plus,1,0.0,0.0,15,15,3.395800456114994,3.395800456114994,0.4015426756894709,1|2|2|2,4,4,16,256
pub/london,Pub: london,pub,exact-payoff (backbone-invariant),1003,pact_plus,2,0.0,0.0,15,15,3.395800456114994,3.395800456114994,0.5018196265140376,1|2|2|2,4,4,16,256
pub/london,Pub: london,pub,exact-payoff (backbone-invariant),1003,pact_plus,3,0.0,0.0,15,15,3.395800456114994,3.395800456114994,0.5649121787449979,1|2|2|2,4,4,16,256
pub/london,Pub: london,pub,exact-payoff (backbone-invariant),1003,pact_plus,4,0.0,0.0,15,15,3.395800456114994,3.395800456114994,0.6020539951538623,1|2|2|2,4,4,16,256
pub/london,Pub: london,pub,exact-payoff (backbone-invariant),1003,pact_plus,5,0.0,0.0,15,15,3.395800456114994,3.395800456114994,0.623695839253805,1|2|2|2,4,4,16,256
pub/london,Pub: london,pub,exact-payoff (backbone-invariant),1003,pact_plus,6,0.0,0.0,15,15,3.395800456114994,3.395800456114994,0.636624750063756,1|2|2|2,4,4,16,256
pub/london,Pub: london,pub,exact-payoff (backbone-invariant),1003,pact_plus,7,0.0,0.0,15,15,3.395800456114994,3.395800456114994,0.6447037225535494,1|2|2|2,4,4,16,256
pub/london,Pub: london,pub,exact-payoff (backbone-invariant),1003,pact_plus,8,0.0,0.0,15,15,3.395800456114994,3.395800456114994,0.6500452569284474,1|2|2|2,4,4,16,256
pub/london,Pub: london,pub,exact-payoff (backbone-invariant),1003,pact_plus,9,0.0,0.0,15,15,3.395800456114994,3.395800456114994,0.6538001082721027,1|2|2|2,4,4,16,256
pub/london,Pub: london,pub,exact-payoff (backbone-invariant),1003,pact_plus,10,0.0,0.0,15,15,3.395800456114994,3.395800456114994,0.6566032170995433,1|2|2|2,4,4,16,256
pub/london,Pub: london,pub,exact-payoff (backbone-invariant),1003,pact_plus,11,0.0,0.0,15,15,3.395800456114994,3.395800456114994,0.6588124701678088,1|2|2|2,4,4,16,256
pub/london,Pub: london,pub,exact-payoff (backbone-invariant),1003,pact_plus,12,0.0,0.0,15,15,3.395800456114994,3.395800456114994,0.6606349169923537,1|2|2|2,4,4,16,256
pub/london,Pub: london,pub,exact-payoff (backbone-invariant),1003,pact_plus,13,0.0,0.0,15,15,3.395800456114994,3.395800456114994,0.6621938797279042,1|2|2|2,4,4,16,256
pub/london,Pub: london,pub,exact-payoff (backbone-invariant),1003,pact_plus,14,0.0,0.0,15,15,3.395800456114994,3.395800456114994,0.6635651618071761,1|2|2|2,4,4,16,256
pub/london,Pub: london,pub,exact-payoff (backbone-invariant),1003,pact_plus,15,0.0,0.0,15,15,3.395800456114994,3.395800456114994,0.664796952333822,1|2|2|2,4,4,16,256
pub/london,Pub: london,pub,exact-payoff (backbone-invariant),1003,pact_plus,16,0.0,0.0,15,15,3.395800456114994,3.395800456114994,0.6659209918712466,1|2|2|2,4,4,16,256
pub/london,Pub: london,pub,exact-payoff (backbone-invariant),1003,pact_plus,17,0.0,0.0,15,15,3.395800456114994,3.395800456114994,0.6669589674075294,1|2|2|2,4,4,16,256
pub/london,Pub: london,pub,exact-payoff (backbone-invariant),1003,pact_plus,18,0.0,0.0,15,15,3.395800456114994,3.395800456114994,0.6679262522520285,1|2|2|2,4,4,16,256
pub/london,Pub: london,pub,exact-payoff (backbone-invariant),1003,pact_plus,19,0.0,0.0,15,15,3.395800456114994,3.395800456114994,0.6688341400159166,1|2|2|2,4,4,16,256
pub/london,Pub: london,pub,exact-payoff (backbone-invariant),1003,pact_plus,20,0.0,0.0,15,15,3.395800456114994,3.395800456114994,0.6696912084881494,1|2|2|2,4,4,16,256
pub/london,Pub: london,pub,exact-payoff (backbone-invariant),1003,joint_psrl_uniform,1,0.0,0.0,15,15,3.395800456114994,3.395800456114994,0.019799359786678315,1|2|2|2,4,4,16,256
pub/london,Pub: london,pub,exact-payoff (backbone-invariant),1003,joint_psrl_uniform,2,0.0,0.0,15,15,3.395800456114994,3.395800456114994,0.0388642981467283,1|2|2|2,4,4,16,256
pub/london,Pub: london,pub,exact-payoff (backbone-invariant),1003,joint_psrl_uniform,3,0.0,0.0,15,15,3.395800456114994,3.395800456114994,0.055821024667925746,1|2|2|2,4,4,16,256
pub/london,Pub: london,pub,exact-payoff (backbone-invariant),1003,joint_psrl_uniform,4,0.0,0.0,15,15,3.395800456114994,3.395800456114994,0.06860681199332817,1|2|2|2,4,4,16,256
pub/london,Pub: london,pub,exact-payoff (backbone-invariant),1003,joint_psrl_uniform,5,0.0,0.0,15,15,3.395800456114994,3.395800456114994,0.07774599707162873,1|2|2|2,4,4,16,256
pub/london,Pub: london,pub,exact-payoff (backbone-invariant),1003,joint_psrl_uniform,6,0.0,0.0,15,15,3.395800456114994,3.395800456114994,0.08434519131486852,1|2|2|2,4,4,16,256
pub/london,Pub: london,pub,exact-payoff (backbone-invariant),1003,joint_psrl_uniform,7,0.0,0.0,15,15,3.395800456114994,3.395800456114994,0.08929417266294652,1|2|2|2,4,4,16,256
pub/london,Pub: london,pub,exact-payoff (backbone-invariant),1003,joint_psrl_uniform,8,0.0,0.0,15,15,3.395800456114994,3.395800456114994,0.09317630077300282,1|2|2|2,4,4,16,256
pub/london,Pub: london,pub,exact-payoff (backbone-invariant),1003,joint_psrl_uniform,9,0.0,0.0,15,15,3.395800456114994,3.395800456114994,0.09635141308505565,1|2|2|2,4,4,16,256
pub/london,Pub: london,pub,exact-payoff (backbone-invariant),1003,joint_psrl_uniform,10,0.0,0.0,15,15,3.395800456114994,3.395800456114994,0.09903990732215369,1|2|2|2,4,4,16,256
pub/london,Pub: london,pub,exact-payoff (backbone-invariant),1003,joint_psrl_uniform,11,0.0,0.0,15,15,3.395800456114994,3.395800456114994,0.10137920259709444,1|2|2|2,4,4,16,256
pub/london,Pub: london,pub,exact-payoff (backbone-invariant),1003,joint_psrl_uniform,12,0.0,0.0,15,15,3.395800456114994,3.395800456114994,0.10345760026119247,1|2|2|2,4,4,16,256
pub/london,Pub: london,pub,exact-payoff (backbone-invariant),1003,joint_psrl_uniform,13,0.0,0.0,15,15,3.395800456114994,3.395800456114994,0.1053339113265985,1|2|2|2,4,4,16,256
pub/london,Pub: london,pub,exact-payoff (backbone-invariant),1003,joint_psrl_uniform,14,0.0,0.0,15,15,3.395800456114994,3.395800456114994,0.10704880768349556,1|2|2|2,4,4,16,256
pub/london,Pub: london,pub,exact-payoff (backbone-invariant),1003,joint_psrl_uniform,15,0.0,0.0,15,15,3.395800456114994,3.395800456114994,0.10863147120512777,1|2|2|2,4,4,16,256
pub/london,Pub: london,pub,exact-payoff (backbone-invariant),1003,joint_psrl_uniform,16,0.0,0.0,15,15,3.395800456114994,3.395800456114994,0.11010356911072941,1|2|2|2,4,4,16,256
pub/london,Pub: london,pub,exact-payoff (backbone-invariant),1003,joint_psrl_uniform,17,0.0,0.0,15,15,3.395800456114994,3.395800456114994,0.11148169014118751,1|2|2|2,4,4,16,256
pub/london,Pub: london,pub,exact-payoff (backbone-invariant),1003,joint_psrl_uniform,18,0.0,0.0,15,15,3.395800456114994,3.395800456114994,0.11277887849444117,1|2|2|2,4,4,16,256
pub/london,Pub: london,pub,exact-payoff (backbone-invariant),1003,joint_psrl_uniform,19,0.0,0.0,15,15,3.395800456114994,3.395800456114994,0.11400562755164313,1|2|2|2,4,4,16,256
pub/london,Pub: london,pub,exact-payoff (backbone-invariant),1003,joint_psrl_uniform,20,0.0,0.0,15,15,3.395800456114994,3.395800456114994,0.11517054259212062,1|2|2|2,4,4,16,256
pub/london,Pub: london,pub,exact-payoff (backbone-invariant),1003,psrl_notype,1,0.0,0.0,15,15,3.395800456114994,3.395800456114994,0.00390625,1|2|2|2,4,4,16,256
pub/london,Pub: london,pub,exact-payoff (backbone-invariant),1003,psrl_notype,2,0.0,0.0,15,15,3.395800456114994,3.395800456114994,0.00390625,1|2|2|2,4,4,16,256
pub/london,Pub: london,pub,exact-payoff (backbone-invariant),1003,psrl_notype,3,0.0,0.0,15,15,3.395800456114994,3.395800456114994,0.00390625,1|2|2|2,4,4,16,256
pub/london,Pub: london,pub,exact-payoff (backbone-invariant),1003,psrl_notype,4,0.0,0.0,15,15,3.395800456114994,3.395800456114994,0.00390625,1|2|2|2,4,4,16,256
pub/london,Pub: london,pub,exact-payoff (backbone-invariant),1003,psrl_notype,5,0.0,0.0,15,15,3.395800456114994,3.395800456114994,0.00390625,1|2|2|2,4,4,16,256
pub/london,Pub: london,pub,exact-payoff (backbone-invariant),1003,psrl_notype,6,0.0,0.0,15,15,3.395800456114994,3.395800456114994,0.00390625,1|2|2|2,4,4,16,256
pub/london,Pub: london,pub,exact-payoff (backbone-invariant),1003,psrl_notype,7,0.0,0.0,15,15,3.395800456114994,3.395800456114994,0.00390625,1|2|2|2,4,4,16,256
pub/london,Pub: london,pub,exact-payoff (backbone-invariant),1003,psrl_notype,8,0.0,0.0,15,15,3.395800456114994,3.395800456114994,0.00390625,1|2|2|2,4,4,16,256
pub/london,Pub: london,pub,exact-payoff (backbone-invariant),1003,psrl_notype,9,0.0,0.0,15,15,3.395800456114994,3.395800456114994,0.00390625,1|2|2|2,4,4,16,256
pub/london,Pub: london,pub,exact-payoff (backbone-invariant),1003,psrl_notype,10,0.0,0.0,15,15,3.395800456114994,3.395800456114994,0.00390625,1|2|2|2,4,4,16,256
pub/london,Pub: london,pub,exact-payoff (backbone-invariant),1003,psrl_notype,11,0.0,0.0,15,15,3.395800456114994,3.395800456114994,0.00390625,1|2|2|2,4,4,16,256
pub/london,Pub: london,pub,exact-payoff (backbone-invariant),1003,psrl_notype,12,0.0,0.0,15,15,3.395800456114994,3.395800456114994,0.00390625,1|2|2|2,4,4,16,256
pub/london,Pub: london,pub,exact-payoff (backbone-invariant),1003,psrl_notype,13,0.0,0.0,15,15,3.395800456114994,3.395800456114994,0.00390625,1|2|2|2,4,4,16,256
pub/london,Pub: london,pub,exact-payoff (backbone-invariant),1003,psrl_notype,14,0.0,0.0,15,15,3.395800456114994,3.395800456114994,0.00390625,1|2|2|2,4,4,16,256
pub/london,Pub: london,pub,exact-payoff (backbone-invariant),1003,psrl_notype,15,0.0,0.0,15,15,3.395800456114994,3.395800456114994,0.00390625,1|2|2|2,4,4,16,256
pub/london,Pub: london,pub,exact-payoff (backbone-invariant),1003,psrl_notype,16,0.0,0.0,15,15,3.395800456114994,3.395800456114994,0.00390625,1|2|2|2,4,4,16,256
pub/london,Pub: london,pub,exact-payoff (backbone-invariant),1003,psrl_notype,17,0.0,0.0,15,15,3.395800456114994,3.395800456114994,0.00390625,1|2|2|2,4,4,16,256
pub/london,Pub: london,pub,exact-payoff (backbone-invariant),1003,psrl_notype,18,0.0,0.0,15,15,3.395800456114994,3.395800456114994,0.00390625,1|2|2|2,4,4,16,256
pub/london,Pub: london,pub,exact-payoff (backbone-invariant),1003,psrl_notype,19,0.0,0.0,15,15,3.395800456114994,3.395800456114994,0.00390625,1|2|2|2,4,4,16,256
pub/london,Pub: london,pub,exact-payoff (backbone-invariant),1003,psrl_notype,20,0.0,0.0,15,15,3.395800456114994,3.395800456114994,0.00390625,1|2|2|2,4,4,16,256
pub/london,Pub: london,pub,exact-payoff (backbone-invariant),1003,map_type_greedy,1,0.0,0.0,15,15,3.395800456114994,3.395800456114994,0.4015426756894709,1|2|2|2,4,4,16,256
pub/london,Pub: london,pub,exact-payoff (backbone-invariant),1003,map_type_greedy,2,0.0,0.0,15,15,3.395800456114994,3.395800456114994,0.5018196265140376,1|2|2|2,4,4,16,256
pub/london,Pub: london,pub,exact-payoff (backbone-invariant),1003,map_type_greedy,3,0.0,0.0,15,15,3.395800456114994,3.395800456114994,0.5649121787449979,1|2|2|2,4,4,16,256
pub/london,Pub: london,pub,exact-payoff (backbone-invariant),1003,map_type_greedy,4,0.0,0.0,15,15,3.395800456114994,3.395800456114994,0.6020539951538623,1|2|2|2,4,4,16,256
pub/london,Pub: london,pub,exact-payoff (backbone-invariant),1003,map_type_greedy,5,0.0,0.0,15,15,3.395800456114994,3.395800456114994,0.623695839253805,1|2|2|2,4,4,16,256
pub/london,Pub: london,pub,exact-payoff (backbone-invariant),1003,map_type_greedy,6,0.0,0.0,15,15,3.395800456114994,3.395800456114994,0.636624750063756,1|2|2|2,4,4,16,256
pub/london,Pub: london,pub,exact-payoff (backbone-invariant),1003,map_type_greedy,7,0.0,0.0,15,15,3.395800456114994,3.395800456114994,0.6447037225535494,1|2|2|2,4,4,16,256
pub/london,Pub: london,pub,exact-payoff (backbone-invariant),1003,map_type_greedy,8,0.0,0.0,15,15,3.395800456114994,3.395800456114994,0.6500452569284474,1|2|2|2,4,4,16,256
pub/london,Pub: london,pub,exact-payoff (backbone-invariant),1003,map_type_greedy,9,0.0,0.0,15,15,3.395800456114994,3.395800456114994,0.6538001082721027,1|2|2|2,4,4,16,256
pub/london,Pub: london,pub,exact-payoff (backbone-invariant),1003,map_type_greedy,10,0.0,0.0,15,15,3.395800456114994,3.395800456114994,0.6566032170995433,1|2|2|2,4,4,16,256
pub/london,Pub: london,pub,exact-payoff (backbone-invariant),1003,map_type_greedy,11,0.0,0.0,15,15,3.395800456114994,3.395800456114994,0.6588124701678088,1|2|2|2,4,4,16,256
pub/london,Pub: london,pub,exact-payoff (backbone-invariant),1003,map_type_greedy,12,0.0,0.0,15,15,3.395800456114994,3.395800456114994,0.6606349169923537,1|2|2|2,4,4,16,256
pub/london,Pub: london,pub,exact-payoff (backbone-invariant),1003,map_type_greedy,13,0.0,0.0,15,15,3.395800456114994,3.395800456114994,0.6621938797279042,1|2|2|2,4,4,16,256
pub/london,Pub: london,pub,exact-payoff (backbone-invariant),1003,map_type_greedy,14,0.0,0.0,15,15,3.395800456114994,3.395800456114994,0.6635651618071761,1|2|2|2,4,4,16,256
pub/london,Pub: london,pub,exact-payoff (backbone-invariant),1003,map_type_greedy,15,0.0,0.0,15,15,3.395800456114994,3.395800456114994,0.664796952333822,1|2|2|2,4,4,16,256
pub/london,Pub: london,pub,exact-payoff (backbone-invariant),1003,map_type_greedy,16,0.0,0.0,15,15,3.395800456114994,3.395800456114994,0.6659209918712466,1|2|2|2,4,4,16,256
pub/london,Pub: london,pub,exact-payoff (backbone-invariant),1003,map_type_greedy,17,0.0,0.0,15,15,3.395800456114994,3.395800456114994,0.6669589674075294,1|2|2|2,4,4,16,256
pub/london,Pub: london,pub,exact-payoff (backbone-invariant),1003,map_type_greedy,18,0.0,0.0,15,15,3.395800456114994,3.395800456114994,0.6679262522520285,1|2|2|2,4,4,16,256
pub/london,Pub: london,pub,exact-payoff (backbone-invariant),1003,map_type_greedy,19,0.0,0.0,15,15,3.395800456114994,3.395800456114994,0.6688341400159166,1|2|2|2,4,4,16,256
pub/london,Pub: london,pub,exact-payoff (backbone-invariant),1003,map_type_greedy,20,0.0,0.0,15,15,3.395800456114994,3.395800456114994,0.6696912084881494,1|2|2|2,4,4,16,256
pub/london,Pub: london,pub,exact-payoff (backbone-invariant),1003,econ_bne,1,0.0,0.0,15,15,3.395800456114994,3.395800456114994,0.00390625,1|2|2|2,4,4,16,256
pub/london,Pub: london,pub,exact-payoff (backbone-invariant),1003,econ_bne,2,0.0,0.0,15,15,3.395800456114994,3.395800456114994,0.00390625,1|2|2|2,4,4,16,256
pub/london,Pub: london,pub,exact-payoff (backbone-invariant),1003,econ_bne,3,0.0,0.0,15,15,3.395800456114994,3.395800456114994,0.00390625,1|2|2|2,4,4,16,256
pub/london,Pub: london,pub,exact-payoff (backbone-invariant),1003,econ_bne,4,0.0,0.0,15,15,3.395800456114994,3.395800456114994,0.00390625,1|2|2|2,4,4,16,256
pub/london,Pub: london,pub,exact-payoff (backbone-invariant),1003,econ_bne,5,0.0,0.0,15,15,3.395800456114994,3.395800456114994,0.00390625,1|2|2|2,4,4,16,256
pub/london,Pub: london,pub,exact-payoff (backbone-invariant),1003,econ_bne,6,0.0,0.0,15,15,3.395800456114994,3.395800456114994,0.00390625,1|2|2|2,4,4,16,256
pub/london,Pub: london,pub,exact-payoff (backbone-invariant),1003,econ_bne,7,0.0,0.0,15,15,3.395800456114994,3.395800456114994,0.00390625,1|2|2|2,4,4,16,256
pub/london,Pub: london,pub,exact-payoff (backbone-invariant),1003,econ_bne,8,0.0,0.0,15,15,3.395800456114994,3.395800456114994,0.00390625,1|2|2|2,4,4,16,256
pub/london,Pub: london,pub,exact-payoff (backbone-invariant),1003,econ_bne,9,0.0,0.0,15,15,3.395800456114994,3.395800456114994,0.00390625,1|2|2|2,4,4,16,256
pub/london,Pub: london,pub,exact-payoff (backbone-invariant),1003,econ_bne,10,0.0,0.0,15,15,3.395800456114994,3.395800456114994,0.00390625,1|2|2|2,4,4,16,256
pub/london,Pub: london,pub,exact-payoff (backbone-invariant),1003,econ_bne,11,0.0,0.0,15,15,3.395800456114994,3.395800456114994,0.00390625,1|2|2|2,4,4,16,256
pub/london,Pub: london,pub,exact-payoff (backbone-invariant),1003,econ_bne,12,0.0,0.0,15,15,3.395800456114994,3.395800456114994,0.00390625,1|2|2|2,4,4,16,256
pub/london,Pub: london,pub,exact-payoff (backbone-invariant),1003,econ_bne,13,0.0,0.0,15,15,3.395800456114994,3.395800456114994,0.00390625,1|2|2|2,4,4,16,256
pub/london,Pub: london,pub,exact-payoff (backbone-invariant),1003,econ_bne,14,0.0,0.0,15,15,3.395800456114994,3.395800456114994,0.00390625,1|2|2|2,4,4,16,256
pub/london,Pub: london,pub,exact-payoff (backbone-invariant),1003,econ_bne,15,0.0,0.0,15,15,3.395800456114994,3.395800456114994,0.00390625,1|2|2|2,4,4,16,256
pub/london,Pub: london,pub,exact-payoff (backbone-invariant),1003,econ_bne,16,0.0,0.0,15,15,3.395800456114994,3.395800456114994,0.00390625,1|2|2|2,4,4,16,256
pub/london,Pub: london,pub,exact-payoff (backbone-invariant),1003,econ_bne,17,0.0,0.0,15,15,3.395800456114994,3.395800456114994,0.00390625,1|2|2|2,4,4,16,256
pub/london,Pub: london,pub,exact-payoff (backbone-invariant),1003,econ_bne,18,0.0,0.0,15,15,3.395800456114994,3.395800456114994,0.00390625,1|2|2|2,4,4,16,256
pub/london,Pub: london,pub,exact-payoff (backbone-invariant),1003,econ_bne,19,0.0,0.0,15,15,3.395800456114994,3.395800456114994,0.00390625,1|2|2|2,4,4,16,256
pub/london,Pub: london,pub,exact-payoff (backbone-invariant),1003,econ_bne,20,0.0,0.0,15,15,3.395800456114994,3.395800456114994,0.00390625,1|2|2|2,4,4,16,256
pub/london,Pub: london,pub,exact-payoff (backbone-invariant),1003,atom_tom1,1,0.0,0.0,15,15,3.395800456114994,3.395800456114994,0.00390625,1|2|2|2,4,4,16,256
pub/london,Pub: london,pub,exact-payoff (backbone-invariant),1003,atom_tom1,2,0.0,0.0,15,15,3.395800456114994,3.395800456114994,0.00390625,1|2|2|2,4,4,16,256
pub/london,Pub: london,pub,exact-payoff (backbone-invariant),1003,atom_tom1,3,0.0,0.0,15,15,3.395800456114994,3.395800456114994,0.00390625,1|2|2|2,4,4,16,256
pub/london,Pub: london,pub,exact-payoff (backbone-invariant),1003,atom_tom1,4,0.0,0.0,15,15,3.395800456114994,3.395800456114994,0.00390625,1|2|2|2,4,4,16,256
pub/london,Pub: london,pub,exact-payoff (backbone-invariant),1003,atom_tom1,5,0.0,0.0,15,15,3.395800456114994,3.395800456114994,0.00390625,1|2|2|2,4,4,16,256
pub/london,Pub: london,pub,exact-payoff (backbone-invariant),1003,atom_tom1,6,0.0,0.0,15,15,3.395800456114994,3.395800456114994,0.00390625,1|2|2|2,4,4,16,256
pub/london,Pub: london,pub,exact-payoff (backbone-invariant),1003,atom_tom1,7,0.0,0.0,15,15,3.395800456114994,3.395800456114994,0.00390625,1|2|2|2,4,4,16,256
pub/london,Pub: london,pub,exact-payoff (backbone-invariant),1003,atom_tom1,8,0.0,0.0,15,15,3.395800456114994,3.395800456114994,0.00390625,1|2|2|2,4,4,16,256
pub/london,Pub: london,pub,exact-payoff (backbone-invariant),1003,atom_tom1,9,0.0,0.0,15,15,3.395800456114994,3.395800456114994,0.00390625,1|2|2|2,4,4,16,256
pub/london,Pub: london,pub,exact-payoff (backbone-invariant),1003,atom_tom1,10,0.0,0.0,15,15,3.395800456114994,3.395800456114994,0.00390625,1|2|2|2,4,4,16,256
pub/london,Pub: london,pub,exact-payoff (backbone-invariant),1003,atom_tom1,11,0.0,0.0,15,15,3.395800456114994,3.395800456114994,0.00390625,1|2|2|2,4,4,16,256
pub/london,Pub: london,pub,exact-payoff (backbone-invariant),1003,atom_tom1,12,0.0,0.0,15,15,3.395800456114994,3.395800456114994,0.00390625,1|2|2|2,4,4,16,256
pub/london,Pub: london,pub,exact-payoff (backbone-invariant),1003,atom_tom1,13,0.0,0.0,15,15,3.395800456114994,3.395800456114994,0.00390625,1|2|2|2,4,4,16,256
pub/london,Pub: london,pub,exact-payoff (backbone-invariant),1003,atom_tom1,14,0.0,0.0,15,15,3.395800456114994,3.395800456114994,0.00390625,1|2|2|2,4,4,16,256
pub/london,Pub: london,pub,exact-payoff (backbone-invariant),1003,atom_tom1,15,0.0,0.0,15,15,3.395800456114994,3.395800456114994,0.00390625,1|2|2|2,4,4,16,256
pub/london,Pub: london,pub,exact-payoff (backbone-invariant),1003,atom_tom1,16,0.0,0.0,15,15,3.395800456114994,3.395800456114994,0.00390625,1|2|2|2,4,4,16,256
pub/london,Pub: london,pub,exact-payoff (backbone-invariant),1003,atom_tom1,17,0.0,0.0,15,15,3.395800456114994,3.395800456114994,0.00390625,1|2|2|2,4,4,16,256
pub/london,Pub: london,pub,exact-payoff (backbone-invariant),1003,atom_tom1,18,0.0,0.0,15,15,3.395800456114994,3.395800456114994,0.00390625,1|2|2|2,4,4,16,256
pub/london,Pub: london,pub,exact-payoff (backbone-invariant),1003,atom_tom1,19,0.0,0.0,15,15,3.395800456114994,3.395800456114994,0.00390625,1|2|2|2,4,4,16,256
pub/london,Pub: london,pub,exact-payoff (backbone-invariant),1003,atom_tom1,20,0.0,0.0,15,15,3.395800456114994,3.395800456114994,0.00390625,1|2|2|2,4,4,16,256
pub/london,Pub: london,pub,exact-payoff (backbone-invariant),1003,random,1,1.3881982789159348,1.3881982789159348,7,15,2.0076021771990593,3.395800456114994,0.00390625,1|2|2|2,4,4,16,256
pub/london,Pub: london,pub,exact-payoff (backbone-invariant),1003,random,2,1.3881982789159348,2.7763965578318697,7,15,2.0076021771990593,3.395800456114994,0.00390625,1|2|2|2,4,4,16,256
pub/london,Pub: london,pub,exact-payoff (backbone-invariant),1003,random,3,1.3310501634254552,4.107446721257325,10,15,2.064750292689539,3.395800456114994,0.00390625,1|2|2|2,4,4,16,256
pub/london,Pub: london,pub,exact-payoff (backbone-invariant),1003,random,4,2.086294118702897,6.193740839960222,9,15,1.3095063374120972,3.395800456114994,0.00390625,1|2|2|2,4,4,16,256
pub/london,Pub: london,pub,exact-payoff (backbone-invariant),1003,random,5,1.3310501634254552,7.524791003385678,10,15,2.064750292689539,3.395800456114994,0.00390625,1|2|2|2,4,4,16,256
pub/london,Pub: london,pub,exact-payoff (backbone-invariant),1003,random,6,1.4945568578735764,9.019347861259254,12,15,1.9012435982414178,3.395800456114994,0.00390625,1|2|2|2,4,4,16,256
pub/london,Pub: london,pub,exact-payoff (backbone-invariant),1003,random,7,0.8695568578735768,9.888904719132832,14,15,2.5262435982414173,3.395800456114994,0.00390625,1|2|2|2,4,4,16,256
pub/london,Pub: london,pub,exact-payoff (backbone-invariant),1003,random,8,0.0,9.888904719132832,15,15,3.395800456114994,3.395800456114994,0.00390625,1|2|2|2,4,4,16,256
pub/london,Pub: london,pub,exact-payoff (backbone-invariant),1003,random,9,1.8682128763952113,11.757117595528044,4,15,1.5275875797197829,3.395800456114994,0.00390625,1|2|2|2,4,4,16,256
pub/london,Pub: london,pub,exact-payoff (backbone-invariant),1003,random,10,0.0,11.757117595528044,15,15,3.395800456114994,3.395800456114994,0.00390625,1|2|2|2,4,4,16,256
pub/london,Pub: london,pub,exact-payoff (backbone-invariant),1003,random,11,1.3881982789159348,13.145315874443979,7,15,2.0076021771990593,3.395800456114994,0.00390625,1|2|2|2,4,4,16,256
pub/london,Pub: london,pub,exact-payoff (backbone-invariant),1003,random,12,2.086294118702897,15.231609993146876,9,15,1.3095063374120972,3.395800456114994,0.00390625,1|2|2|2,4,4,16,256
pub/london,Pub: london,pub,exact-payoff (backbone-invariant),1003,random,13,1.8682128763952113,17.099822869542088,4,15,1.5275875797197829,3.395800456114994,0.00390625,1|2|2|2,4,4,16,256
pub/london,Pub: london,pub,exact-payoff (backbone-invariant),1003,random,14,2.086294118702897,19.186116988244983,9,15,1.3095063374120972,3.395800456114994,0.00390625,1|2|2|2,4,4,16,256
pub/london,Pub: london,pub,exact-payoff (backbone-invariant),1003,random,15,1.2432128763952113,20.429329864640195,6,15,2.152587579719783,3.395800456114994,0.00390625,1|2|2|2,4,4,16,256
pub/london,Pub: london,pub,exact-payoff (backbone-invariant),1003,random,16,2.086294118702897,22.51562398334309,9,15,1.3095063374120972,3.395800456114994,0.00390625,1|2|2|2,4,4,16,256
pub/london,Pub: london,pub,exact-payoff (backbone-invariant),1003,random,17,1.3881982789159348,23.903822262259027,7,15,2.0076021771990593,3.395800456114994,0.00390625,1|2|2|2,4,4,16,256
pub/london,Pub: london,pub,exact-payoff (backbone-invariant),1003,random,18,1.9560501634254552,25.859872425684483,8,15,1.439750292689539,3.395800456114994,0.00390625,1|2|2|2,4,4,16,256
pub/london,Pub: london,pub,exact-payoff (backbone-invariant),1003,random,19,2.086294118702897,27.94616654438738,9,15,1.3095063374120972,3.395800456114994,0.00390625,1|2|2|2,4,4,16,256
pub/london,Pub: london,pub,exact-payoff (backbone-invariant),1003,random,20,0.6249999999999996,28.57116654438738,13,15,2.7708004561149946,3.395800456114994,0.00390625,1|2|2|2,4,4,16,256
pub/london_mini,Pub: london_mini,pub,exact-payoff (backbone-invariant),1003,pact,1,0.0,0.0,0,0,1.7061389003720548,1.7061389003720548,0.31828071145831666,1|2,2,4,8,16
pub/london_mini,Pub: london_mini,pub,exact-payoff (backbone-invariant),1003,pact,2,0.0,0.0,0,0,1.7061389003720548,1.7061389003720548,0.34425104731257516,1|2,2,4,8,16
pub/london_mini,Pub: london_mini,pub,exact-payoff (backbone-invariant),1003,pact,3,0.0,0.0,0,0,1.7061389003720548,1.7061389003720548,0.36399252792605824,1|2,2,4,8,16
pub/london_mini,Pub: london_mini,pub,exact-payoff (backbone-invariant),1003,pact,4,0.0,0.0,0,0,1.7061389003720548,1.7061389003720548,0.38094544901764743,1|2,2,4,8,16
pub/london_mini,Pub: london_mini,pub,exact-payoff (backbone-invariant),1003,pact,5,0.0,0.0,0,0,1.7061389003720548,1.7061389003720548,0.39621405070723914,1|2,2,4,8,16
pub/london_mini,Pub: london_mini,pub,exact-payoff (backbone-invariant),1003,pact,6,0.0,0.0,0,0,1.7061389003720548,1.7061389003720548,0.4104346497994924,1|2,2,4,8,16
pub/london_mini,Pub: london_mini,pub,exact-payoff (backbone-invariant),1003,pact,7,0.0,0.0,0,0,1.7061389003720548,1.7061389003720548,0.4239622135600186,1|2,2,4,8,16
pub/london_mini,Pub: london_mini,pub,exact-payoff (backbone-invariant),1003,pact,8,0.0,0.0,0,0,1.7061389003720548,1.7061389003720548,0.43697906989632274,1|2,2,4,8,16
pub/london_mini,Pub: london_mini,pub,exact-payoff (backbone-invariant),1003,pact,9,0.0,0.0,0,0,1.7061389003720548,1.7061389003720548,0.44956925942769355,1|2,2,4,8,16
pub/london_mini,Pub: london_mini,pub,exact-payoff (backbone-invariant),1003,pact,10,0.0,0.0,0,0,1.7061389003720548,1.7061389003720548,0.46176431187157474,1|2,2,4,8,16
pub/london_mini,Pub: london_mini,pub,exact-payoff (backbone-invariant),1003,pact,11,0.0,0.0,0,0,1.7061389003720548,1.7061389003720548,0.4735696978775031,1|2,2,4,8,16
pub/london_mini,Pub: london_mini,pub,exact-payoff (backbone-invariant),1003,pact,12,0.0,0.0,0,0,1.7061389003720548,1.7061389003720548,0.4849795288311477,1|2,2,4,8,16
pub/london_mini,Pub: london_mini,pub,exact-payoff (backbone-invariant),1003,pact,13,0.0,0.0,0,0,1.7061389003720548,1.7061389003720548,0.4959844561320582,1|2,2,4,8,16
pub/london_mini,Pub: london_mini,pub,exact-payoff (backbone-invariant),1003,pact,14,0.0,0.0,0,0,1.7061389003720548,1.7061389003720548,0.5065757305944655,1|2,2,4,8,16
pub/london_mini,Pub: london_mini,pub,exact-payoff (backbone-invariant),1003,pact,15,0.0,0.0,0,0,1.7061389003720548,1.7061389003720548,0.5167471238783387,1|2,2,4,8,16
pub/london_mini,Pub: london_mini,pub,exact-payoff (backbone-invariant),1003,pact,16,0.0,0.0,0,0,1.7061389003720548,1.7061389003720548,0.5264956742558521,1|2,2,4,8,16
pub/london_mini,Pub: london_mini,pub,exact-payoff (backbone-invariant),1003,pact,17,0.0,0.0,0,0,1.7061389003720548,1.7061389003720548,0.5358217981944127,1|2,2,4,8,16
pub/london_mini,Pub: london_mini,pub,exact-payoff (backbone-invariant),1003,pact,18,0.0,0.0,0,0,1.7061389003720548,1.7061389003720548,0.544729072739219,1|2,2,4,8,16
pub/london_mini,Pub: london_mini,pub,exact-payoff (backbone-invariant),1003,pact,19,0.0,0.0,0,0,1.7061389003720548,1.7061389003720548,0.5532238609130584,1|2,2,4,8,16
pub/london_mini,Pub: london_mini,pub,exact-payoff (backbone-invariant),1003,pact,20,0.0,0.0,0,0,1.7061389003720548,1.7061389003720548,0.5613148773493383,1|2,2,4,8,16
pub/london_mini,Pub: london_mini,pub,exact-payoff (backbone-invariant),1003,pact_plus,1,0.0,0.0,0,0,1.7061389003720548,1.7061389003720548,0.31828071145831666,1|2,2,4,8,16
pub/london_mini,Pub: london_mini,pub,exact-payoff (backbone-invariant),1003,pact_plus,2,0.0,0.0,0,0,1.7061389003720548,1.7061389003720548,0.34425104731257516,1|2,2,4,8,16
pub/london_mini,Pub: london_mini,pub,exact-payoff (backbone-invariant),1003,pact_plus,3,0.1869780901198843,0.1869780901198843,3,0,1.5191608102521705,1.7061389003720548,0.48545704665661515,1|2,2,4,8,16
pub/london_mini,Pub: london_mini,pub,exact-payoff (backbone-invariant),1003,pact_plus,4,0.0,0.1869780901198843,0,0,1.7061389003720548,1.7061389003720548,0.5089464800398833,1|2,2,4,8,16
pub/london_mini,Pub: london_mini,pub,exact-payoff (backbone-invariant),1003,pact_plus,5,0.0,0.1869780901198843,0,0,1.7061389003720548,1.7061389003720548,0.5280417430090945,1|2,2,4,8,16
pub/london_mini,Pub: london_mini,pub,exact-payoff (backbone-invariant),1003,pact_plus,6,0.0,0.1869780901198843,0,0,1.7061389003720548,1.7061389003720548,0.5441977309771149,1|2,2,4,8,16
pub/london_mini,Pub: london_mini,pub,exact-payoff (backbone-invariant),1003,pact_plus,7,0.1869780901198843,0.3739561802397686,3,0,1.5191608102521705,1.7061389003720548,0.6610784718701077,1|2,2,4,8,16
pub/london_mini,Pub: london_mini,pub,exact-payoff (backbone-invariant),1003,pact_plus,8,0.0,0.3739561802397686,0,0,1.7061389003720548,1.7061389003720548,0.6722395343004495,1|2,2,4,8,16
pub/london_mini,Pub: london_mini,pub,exact-payoff (backbone-invariant),1003,pact_plus,9,0.0,0.3739561802397686,0,0,1.7061389003720548,1.7061389003720548,0.6816698472383975,1|2,2,4,8,16
pub/london_mini,Pub: london_mini,pub,exact-payoff (backbone-invariant),1003,pact_plus,10,0.0,0.3739561802397686,0,0,1.7061389003720548,1.7061389003720548,0.6898500597877153,1|2,2,4,8,16
pub/london_mini,Pub: london_mini,pub,exact-payoff (backbone-invariant),1003,pact_plus,11,0.0,0.3739561802397686,0,0,1.7061389003720548,1.7061389003720548,0.6970716101149029,1|2,2,4,8,16
pub/london_mini,Pub: london_mini,pub,exact-payoff (backbone-invariant),1003,pact_plus,12,0.0,0.3739561802397686,0,0,1.7061389003720548,1.7061389003720548,0.7035179181648584,1|2,2,4,8,16
pub/london_mini,Pub: london_mini,pub,exact-payoff (backbone-invariant),1003,pact_plus,13,0.0,0.3739561802397686,0,0,1.7061389003720548,1.7061389003720548,0.7093115536689576,1|2,2,4,8,16
pub/london_mini,Pub: london_mini,pub,exact-payoff (backbone-invariant),1003,pact_plus,14,0.0,0.3739561802397686,0,0,1.7061389003720548,1.7061389003720548,0.7145405506217102,1|2,2,4,8,16
pub/london_mini,Pub: london_mini,pub,exact-payoff (backbone-invariant),1003,pact_plus,15,0.0,0.3739561802397686,0,0,1.7061389003720548,1.7061389003720548,0.7192727721211276,1|2,2,4,8,16
pub/london_mini,Pub: london_mini,pub,exact-payoff (backbone-invariant),1003,pact_plus,16,0.0,0.3739561802397686,0,0,1.7061389003720548,1.7061389003720548,0.7235636685552724,1|2,2,4,8,16
pub/london_mini,Pub: london_mini,pub,exact-payoff (backbone-invariant),1003,pact_plus,17,0.0,0.3739561802397686,0,0,1.7061389003720548,1.7061389003720548,0.7274604624891174,1|2,2,4,8,16
pub/london_mini,Pub: london_mini,pub,exact-payoff (backbone-invariant),1003,pact_plus,18,0.0,0.3739561802397686,0,0,1.7061389003720548,1.7061389003720548,0.7310044315796771,1|2,2,4,8,16
pub/london_mini,Pub: london_mini,pub,exact-payoff (backbone-invariant),1003,pact_plus,19,0.0,0.3739561802397686,0,0,1.7061389003720548,1.7061389003720548,0.7342321930147363,1|2,2,4,8,16
pub/london_mini,Pub: london_mini,pub,exact-payoff (backbone-invariant),1003,pact_plus,20,0.0,0.3739561802397686,0,0,1.7061389003720548,1.7061389003720548,0.7371764705411064,1|2,2,4,8,16
pub/london_mini,Pub: london_mini,pub,exact-payoff (backbone-invariant),1003,joint_psrl_uniform,1,0.0,0.0,0,0,1.7061389003720548,1.7061389003720548,0.10009950201885931,1|2,2,4,8,16
pub/london_mini,Pub: london_mini,pub,exact-payoff (backbone-invariant),1003,joint_psrl_uniform,2,0.0,0.0,0,0,1.7061389003720548,1.7061389003720548,0.11706497982718485,1|2,2,4,8,16
pub/london_mini,Pub: london_mini,pub,exact-payoff (backbone-invariant),1003,joint_psrl_uniform,3,0.0,0.0,0,0,1.7061389003720548,1.7061389003720548,0.1306075152120695,1|2,2,4,8,16
pub/london_mini,Pub: london_mini,pub,exact-payoff (backbone-invariant),1003,joint_psrl_uniform,4,0.0,0.0,0,0,1.7061389003720548,1.7061389003720548,0.14247200620407624,1|2,2,4,8,16
pub/london_mini,Pub: london_mini,pub,exact-payoff (backbone-invariant),1003,joint_psrl_uniform,5,0.0,0.0,0,0,1.7061389003720548,1.7061389003720548,0.1532504714860659,1|2,2,4,8,16
pub/london_mini,Pub: london_mini,pub,exact-payoff (backbone-invariant),1003,joint_psrl_uniform,6,0.0,0.0,0,0,1.7061389003720548,1.7061389003720548,0.16332676801072124,1|2,2,4,8,16
pub/london_mini,Pub: london_mini,pub,exact-payoff (backbone-invariant),1003,joint_psrl_uniform,7,0.0,0.0,0,0,1.7061389003720548,1.7061389003720548,0.17293759947880696,1|2,2,4,8,16
pub/london_mini,Pub: london_mini,pub,exact-payoff (backbone-invariant),1003,joint_psrl_uniform,8,0.0,0.0,0,0,1.7061389003720548,1.7061389003720548,0.18221629680861404,1|2,2,4,8,16
pub/london_mini,Pub: london_mini,pub,exact-payoff (backbone-invariant),1003,joint_psrl_uniform,9,0.0,0.0,0,0,1.7061389003720548,1.7061389003720548,0.19123083763592214,1|2,2,4,8,16
pub/london_mini,Pub: london_mini,pub,exact-payoff (backbone-invariant),1003,joint_psrl_uniform,10,0.0,0.0,0,0,1.7061389003720548,1.7061389003720548,0.20001080909365326,1|2,2,4,8,16
pub/london_mini,Pub: london_mini,pub,exact-payoff (backbone-invariant),1003,joint_psrl_uniform,11,0.0,0.0,0,0,1.7061389003720548,1.7061389003720548,0.20856470417644915,1|2,2,4,8,16
pub/london_mini,Pub: london_mini,pub,exact-payoff (backbone-invariant),1003,joint_psrl_uniform,12,0.1869780901198843,0.1869780901198843,3,0,1.5191608102521705,1.7061389003720548,0.344671676971751,1|2,2,4,8,16
pub/london_mini,Pub: london_mini,pub,exact-payoff (backbone-invariant),1003,joint_psrl_uniform,13,0.0,0.1869780901198843,0,0,1.7061389003720548,1.7061389003720548,0.35264347547284336,1|2,2,4,8,16
pub/london_mini,Pub: london_mini,pub,exact-payoff (backbone-invariant),1003,joint_psrl_uniform,14,0.0,0.1869780901198843,0,0,1.7061389003720548,1.7061389003720548,0.36009903499552265,1|2,2,4,8,16
pub/london_mini,Pub: london_mini,pub,exact-payoff (backbone-invariant),1003,joint_psrl_uniform,15,0.0,0.1869780901198843,0,0,1.7061389003720548,1.7061389003720548,0.36707452445653216,1|2,2,4,8,16
pub/london_mini,Pub: london_mini,pub,exact-payoff (backbone-invariant),1003,joint_psrl_uniform,16,0.0,0.1869780901198843,0,0,1.7061389003720548,1.7061389003720548,0.37360206482387576,1|2,2,4,8,16
pub/london_mini,Pub: london_mini,pub,exact-payoff (backbone-invariant),1003,joint_psrl_uniform,17,0.0,0.1869780901198843,0,0,1.7061389003720548,1.7061389003720548,0.37971147821984597,1|2,2,4,8,16
pub/london_mini,Pub: london_mini,pub,exact-payoff (backbone-invariant),1003,joint_psrl_uniform,18,0.0,0.1869780901198843,0,0,1.7061389003720548,1.7061389003720548,0.38543106066856325,1|2,2,4,8,16
pub/london_mini,Pub: london_mini,pub,exact-payoff (backbone-invariant),1003,joint_psrl_uniform,19,0.0,0.1869780901198843,0,0,1.7061389003720548,1.7061389003720548,0.39078785876638145,1|2,2,4,8,16
pub/london_mini,Pub: london_mini,pub,exact-payoff (backbone-invariant),1003,joint_psrl_uniform,20,0.0,0.1869780901198843,0,0,1.7061389003720548,1.7061389003720548,0.3958077142076343,1|2,2,4,8,16
pub/london_mini,Pub: london_mini,pub,exact-payoff (backbone-invariant),1003,psrl_notype,1,0.0,0.0,0,0,1.7061389003720548,1.7061389003720548,0.0625,1|2,2,4,8,16
pub/london_mini,Pub: london_mini,pub,exact-payoff (backbone-invariant),1003,psrl_notype,2,0.0,0.0,0,0,1.7061389003720548,1.7061389003720548,0.0625,1|2,2,4,8,16
pub/london_mini,Pub: london_mini,pub,exact-payoff (backbone-invariant),1003,psrl_notype,3,0.0,0.0,0,0,1.7061389003720548,1.7061389003720548,0.0625,1|2,2,4,8,16
pub/london_mini,Pub: london_mini,pub,exact-payoff (backbone-invariant),1003,psrl_notype,4,0.0,0.0,0,0,1.7061389003720548,1.7061389003720548,0.0625,1|2,2,4,8,16
pub/london_mini,Pub: london_mini,pub,exact-payoff (backbone-invariant),1003,psrl_notype,5,0.0,0.0,0,0,1.7061389003720548,1.7061389003720548,0.0625,1|2,2,4,8,16
pub/london_mini,Pub: london_mini,pub,exact-payoff (backbone-invariant),1003,psrl_notype,6,0.0,0.0,0,0,1.7061389003720548,1.7061389003720548,0.0625,1|2,2,4,8,16
pub/london_mini,Pub: london_mini,pub,exact-payoff (backbone-invariant),1003,psrl_notype,7,0.0,0.0,0,0,1.7061389003720548,1.7061389003720548,0.0625,1|2,2,4,8,16
pub/london_mini,Pub: london_mini,pub,exact-payoff (backbone-invariant),1003,psrl_notype,8,0.0,0.0,0,0,1.7061389003720548,1.7061389003720548,0.0625,1|2,2,4,8,16
pub/london_mini,Pub: london_mini,pub,exact-payoff (backbone-invariant),1003,psrl_notype,9,0.0,0.0,0,0,1.7061389003720548,1.7061389003720548,0.0625,1|2,2,4,8,16
pub/london_mini,Pub: london_mini,pub,exact-payoff (backbone-invariant),1003,psrl_notype,10,0.0,0.0,0,0,1.7061389003720548,1.7061389003720548,0.0625,1|2,2,4,8,16
pub/london_mini,Pub: london_mini,pub,exact-payoff (backbone-invariant),1003,psrl_notype,11,0.0,0.0,0,0,1.7061389003720548,1.7061389003720548,0.0625,1|2,2,4,8,16
pub/london_mini,Pub: london_mini,pub,exact-payoff (backbone-invariant),1003,psrl_notype,12,0.0,0.0,0,0,1.7061389003720548,1.7061389003720548,0.0625,1|2,2,4,8,16
pub/london_mini,Pub: london_mini,pub,exact-payoff (backbone-invariant),1003,psrl_notype,13,0.0,0.0,0,0,1.7061389003720548,1.7061389003720548,0.0625,1|2,2,4,8,16
pub/london_mini,Pub: london_mini,pub,exact-payoff (backbone-invariant),1003,psrl_notype,14,0.0,0.0,0,0,1.7061389003720548,1.7061389003720548,0.0625,1|2,2,4,8,16
pub/london_mini,Pub: london_mini,pub,exact-payoff (backbone-invariant),1003,psrl_notype,15,0.0,0.0,0,0,1.7061389003720548,1.7061389003720548,0.0625,1|2,2,4,8,16
pub/london_mini,Pub: london_mini,pub,exact-payoff (backbone-invariant),1003,psrl_notype,16,0.0,0.0,0,0,1.7061389003720548,1.7061389003720548,0.0625,1|2,2,4,8,16
pub/london_mini,Pub: london_mini,pub,exact-payoff (backbone-invariant),1003,psrl_notype,17,0.0,0.0,0,0,1.7061389003720548,1.7061389003720548,0.0625,1|2,2,4,8,16
pub/london_mini,Pub: london_mini,pub,exact-payoff (backbone-invariant),1003,psrl_notype,18,0.1869780901198843,0.1869780901198843,3,0,1.5191608102521705,1.7061389003720548,0.0625,1|2,2,4,8,16
pub/london_mini,Pub: london_mini,pub,exact-payoff (backbone-invariant),1003,psrl_notype,19,0.0,0.1869780901198843,0,0,1.7061389003720548,1.7061389003720548,0.0625,1|2,2,4,8,16
pub/london_mini,Pub: london_mini,pub,exact-payoff (backbone-invariant),1003,psrl_notype,20,0.0,0.1869780901198843,0,0,1.7061389003720548,1.7061389003720548,0.0625,1|2,2,4,8,16
pub/london_mini,Pub: london_mini,pub,exact-payoff (backbone-invariant),1003,map_type_greedy,1,0.1869780901198843,0.1869780901198843,3,0,1.5191608102521705,1.7061389003720548,0.4132670333462939,1|2,2,4,8,16
pub/london_mini,Pub: london_mini,pub,exact-payoff (backbone-invariant),1003,map_type_greedy,2,0.0,0.1869780901198843,0,0,1.7061389003720548,1.7061389003720548,0.45555255664534744,1|2,2,4,8,16
pub/london_mini,Pub: london_mini,pub,exact-payoff (backbone-invariant),1003,map_type_greedy,3,0.0,0.1869780901198843,0,0,1.7061389003720548,1.7061389003720548,0.48545704665661515,1|2,2,4,8,16
pub/london_mini,Pub: london_mini,pub,exact-payoff (backbone-invariant),1003,map_type_greedy,4,0.0,0.1869780901198843,0,0,1.7061389003720548,1.7061389003720548,0.5089464800398833,1|2,2,4,8,16
pub/london_mini,Pub: london_mini,pub,exact-payoff (backbone-invariant),1003,map_type_greedy,5,0.0,0.1869780901198843,0,0,1.7061389003720548,1.7061389003720548,0.5280417430090943,1|2,2,4,8,16
pub/london_mini,Pub: london_mini,pub,exact-payoff (backbone-invariant),1003,map_type_greedy,6,0.0,0.1869780901198843,0,0,1.7061389003720548,1.7061389003720548,0.5441977309771149,1|2,2,4,8,16
pub/london_mini,Pub: london_mini,pub,exact-payoff (backbone-invariant),1003,map_type_greedy,7,0.0,0.1869780901198843,0,0,1.7061389003720548,1.7061389003720548,0.5583641895859242,1|2,2,4,8,16
pub/london_mini,Pub: london_mini,pub,exact-payoff (backbone-invariant),1003,map_type_greedy,8,0.0,0.1869780901198843,0,0,1.7061389003720548,1.7061389003720548,0.571110833005373,1|2,2,4,8,16
pub/london_mini,Pub: london_mini,pub,exact-payoff (backbone-invariant),1003,map_type_greedy,9,0.0,0.1869780901198843,0,0,1.7061389003720548,1.7061389003720548,0.5827669765776492,1|2,2,4,8,16
pub/london_mini,Pub: london_mini,pub,exact-payoff (backbone-invariant),1003,map_type_greedy,10,0.0,0.1869780901198843,0,0,1.7061389003720548,1.7061389003720548,0.5935231896555263,1|2,2,4,8,16
pub/london_mini,Pub: london_mini,pub,exact-payoff (backbone-invariant),1003,map_type_greedy,11,0.0,0.1869780901198843,0,0,1.7061389003720548,1.7061389003720548,0.6034942547183503,1|2,2,4,8,16
pub/london_mini,Pub: london_mini,pub,exact-payoff (backbone-invariant),1003,map_type_greedy,12,0.0,0.1869780901198843,0,0,1.7061389003720548,1.7061389003720548,0.6127551735444821,1|2,2,4,8,16
pub/london_mini,Pub: london_mini,pub,exact-payoff (backbone-invariant),1003,map_type_greedy,13,0.0,0.1869780901198843,0,0,1.7061389003720548,1.7061389003720548,0.6213607645013729,1|2,2,4,8,16
pub/london_mini,Pub: london_mini,pub,exact-payoff (backbone-invariant),1003,map_type_greedy,14,0.0,0.1869780901198843,0,0,1.7061389003720548,1.7061389003720548,0.6293558962303044,1|2,2,4,8,16
pub/london_mini,Pub: london_mini,pub,exact-payoff (backbone-invariant),1003,map_type_greedy,15,0.0,0.1869780901198843,0,0,1.7061389003720548,1.7061389003720548,0.6367805811856829,1|2,2,4,8,16
pub/london_mini,Pub: london_mini,pub,exact-payoff (backbone-invariant),1003,map_type_greedy,16,0.0,0.1869780901198843,0,0,1.7061389003720548,1.7061389003720548,0.6436723342043434,1|2,2,4,8,16
pub/london_mini,Pub: london_mini,pub,exact-payoff (backbone-invariant),1003,map_type_greedy,17,0.0,0.1869780901198843,0,0,1.7061389003720548,1.7061389003720548,0.6500671266189116,1|2,2,4,8,16
pub/london_mini,Pub: london_mini,pub,exact-payoff (backbone-invariant),1003,map_type_greedy,18,0.0,0.1869780901198843,0,0,1.7061389003720548,1.7061389003720548,0.6559996564201329,1|2,2,4,8,16
pub/london_mini,Pub: london_mini,pub,exact-payoff (backbone-invariant),1003,map_type_greedy,19,0.0,0.1869780901198843,0,0,1.7061389003720548,1.7061389003720548,0.6615033160429438,1|2,2,4,8,16
pub/london_mini,Pub: london_mini,pub,exact-payoff (backbone-invariant),1003,map_type_greedy,20,0.0,0.1869780901198843,0,0,1.7061389003720548,1.7061389003720548,0.6666100536230868,1|2,2,4,8,16
pub/london_mini,Pub: london_mini,pub,exact-payoff (backbone-invariant),1003,econ_bne,1,0.0,0.0,0,0,1.7061389003720548,1.7061389003720548,0.0625,1|2,2,4,8,16
pub/london_mini,Pub: london_mini,pub,exact-payoff (backbone-invariant),1003,econ_bne,2,0.0,0.0,0,0,1.7061389003720548,1.7061389003720548,0.0625,1|2,2,4,8,16
pub/london_mini,Pub: london_mini,pub,exact-payoff (backbone-invariant),1003,econ_bne,3,0.0,0.0,0,0,1.7061389003720548,1.7061389003720548,0.0625,1|2,2,4,8,16
pub/london_mini,Pub: london_mini,pub,exact-payoff (backbone-invariant),1003,econ_bne,4,0.0,0.0,0,0,1.7061389003720548,1.7061389003720548,0.0625,1|2,2,4,8,16
pub/london_mini,Pub: london_mini,pub,exact-payoff (backbone-invariant),1003,econ_bne,5,0.0,0.0,0,0,1.7061389003720548,1.7061389003720548,0.0625,1|2,2,4,8,16
pub/london_mini,Pub: london_mini,pub,exact-payoff (backbone-invariant),1003,econ_bne,6,0.0,0.0,0,0,1.7061389003720548,1.7061389003720548,0.0625,1|2,2,4,8,16
pub/london_mini,Pub: london_mini,pub,exact-payoff (backbone-invariant),1003,econ_bne,7,0.0,0.0,0,0,1.7061389003720548,1.7061389003720548,0.0625,1|2,2,4,8,16
pub/london_mini,Pub: london_mini,pub,exact-payoff (backbone-invariant),1003,econ_bne,8,0.0,0.0,0,0,1.7061389003720548,1.7061389003720548,0.0625,1|2,2,4,8,16
pub/london_mini,Pub: london_mini,pub,exact-payoff (backbone-invariant),1003,econ_bne,9,0.0,0.0,0,0,1.7061389003720548,1.7061389003720548,0.0625,1|2,2,4,8,16
pub/london_mini,Pub: london_mini,pub,exact-payoff (backbone-invariant),1003,econ_bne,10,0.0,0.0,0,0,1.7061389003720548,1.7061389003720548,0.0625,1|2,2,4,8,16
pub/london_mini,Pub: london_mini,pub,exact-payoff (backbone-invariant),1003,econ_bne,11,0.0,0.0,0,0,1.7061389003720548,1.7061389003720548,0.0625,1|2,2,4,8,16
pub/london_mini,Pub: london_mini,pub,exact-payoff (backbone-invariant),1003,econ_bne,12,0.0,0.0,0,0,1.7061389003720548,1.7061389003720548,0.0625,1|2,2,4,8,16
pub/london_mini,Pub: london_mini,pub,exact-payoff (backbone-invariant),1003,econ_bne,13,0.0,0.0,0,0,1.7061389003720548,1.7061389003720548,0.0625,1|2,2,4,8,16
pub/london_mini,Pub: london_mini,pub,exact-payoff (backbone-invariant),1003,econ_bne,14,0.0,0.0,0,0,1.7061389003720548,1.7061389003720548,0.0625,1|2,2,4,8,16
pub/london_mini,Pub: london_mini,pub,exact-payoff (backbone-invariant),1003,econ_bne,15,0.0,0.0,0,0,1.7061389003720548,1.7061389003720548,0.0625,1|2,2,4,8,16
pub/london_mini,Pub: london_mini,pub,exact-payoff (backbone-invariant),1003,econ_bne,16,0.0,0.0,0,0,1.7061389003720548,1.7061389003720548,0.0625,1|2,2,4,8,16
pub/london_mini,Pub: london_mini,pub,exact-payoff (backbone-invariant),1003,econ_bne,17,0.0,0.0,0,0,1.7061389003720548,1.7061389003720548,0.0625,1|2,2,4,8,16
pub/london_mini,Pub: london_mini,pub,exact-payoff (backbone-invariant),1003,econ_bne,18,0.0,0.0,0,0,1.7061389003720548,1.7061389003720548,0.0625,1|2,2,4,8,16
pub/london_mini,Pub: london_mini,pub,exact-payoff (backbone-invariant),1003,econ_bne,19,0.0,0.0,0,0,1.7061389003720548,1.7061389003720548,0.0625,1|2,2,4,8,16
pub/london_mini,Pub: london_mini,pub,exact-payoff (backbone-invariant),1003,econ_bne,20,0.0,0.0,0,0,1.7061389003720548,1.7061389003720548,0.0625,1|2,2,4,8,16
pub/london_mini,Pub: london_mini,pub,exact-payoff (backbone-invariant),1003,atom_tom1,1,0.0,0.0,0,0,1.7061389003720548,1.7061389003720548,0.0625,1|2,2,4,8,16
pub/london_mini,Pub: london_mini,pub,exact-payoff (backbone-invariant),1003,atom_tom1,2,0.0,0.0,0,0,1.7061389003720548,1.7061389003720548,0.0625,1|2,2,4,8,16
pub/london_mini,Pub: london_mini,pub,exact-payoff (backbone-invariant),1003,atom_tom1,3,0.0,0.0,0,0,1.7061389003720548,1.7061389003720548,0.0625,1|2,2,4,8,16
pub/london_mini,Pub: london_mini,pub,exact-payoff (backbone-invariant),1003,atom_tom1,4,0.0,0.0,0,0,1.7061389003720548,1.7061389003720548,0.0625,1|2,2,4,8,16
pub/london_mini,Pub: london_mini,pub,exact-payoff (backbone-invariant),1003,atom_tom1,5,0.0,0.0,0,0,1.7061389003720548,1.7061389003720548,0.0625,1|2,2,4,8,16
pub/london_mini,Pub: london_mini,pub,exact-payoff (backbone-invariant),1003,atom_tom1,6,0.0,0.0,0,0,1.7061389003720548,1.7061389003720548,0.0625,1|2,2,4,8,16
pub/london_mini,Pub: london_mini,pub,exact-payoff (backbone-invariant),1003,atom_tom1,7,0.0,0.0,0,0,1.7061389003720548,1.7061389003720548,0.0625,1|2,2,4,8,16
pub/london_mini,Pub: london_mini,pub,exact-payoff (backbone-invariant),1003,atom_tom1,8,0.0,0.0,0,0,1.7061389003720548,1.7061389003720548,0.0625,1|2,2,4,8,16
pub/london_mini,Pub: london_mini,pub,exact-payoff (backbone-invariant),1003,atom_tom1,9,0.0,0.0,0,0,1.7061389003720548,1.7061389003720548,0.0625,1|2,2,4,8,16
pub/london_mini,Pub: london_mini,pub,exact-payoff (backbone-invariant),1003,atom_tom1,10,0.0,0.0,0,0,1.7061389003720548,1.7061389003720548,0.0625,1|2,2,4,8,16
pub/london_mini,Pub: london_mini,pub,exact-payoff (backbone-invariant),1003,atom_tom1,11,0.0,0.0,0,0,1.7061389003720548,1.7061389003720548,0.0625,1|2,2,4,8,16
pub/london_mini,Pub: london_mini,pub,exact-payoff (backbone-invariant),1003,atom_tom1,12,0.0,0.0,0,0,1.7061389003720548,1.7061389003720548,0.0625,1|2,2,4,8,16
pub/london_mini,Pub: london_mini,pub,exact-payoff (backbone-invariant),1003,atom_tom1,13,0.0,0.0,0,0,1.7061389003720548,1.7061389003720548,0.0625,1|2,2,4,8,16
pub/london_mini,Pub: london_mini,pub,exact-payoff (backbone-invariant),1003,atom_tom1,14,0.0,0.0,0,0,1.7061389003720548,1.7061389003720548,0.0625,1|2,2,4,8,16
pub/london_mini,Pub: london_mini,pub,exact-payoff (backbone-invariant),1003,atom_tom1,15,0.0,0.0,0,0,1.7061389003720548,1.7061389003720548,0.0625,1|2,2,4,8,16
pub/london_mini,Pub: london_mini,pub,exact-payoff (backbone-invariant),1003,atom_tom1,16,0.0,0.0,0,0,1.7061389003720548,1.7061389003720548,0.0625,1|2,2,4,8,16
pub/london_mini,Pub: london_mini,pub,exact-payoff (backbone-invariant),1003,atom_tom1,17,0.0,0.0,0,0,1.7061389003720548,1.7061389003720548,0.0625,1|2,2,4,8,16
pub/london_mini,Pub: london_mini,pub,exact-payoff (backbone-invariant),1003,atom_tom1,18,0.0,0.0,0,0,1.7061389003720548,1.7061389003720548,0.0625,1|2,2,4,8,16
pub/london_mini,Pub: london_mini,pub,exact-payoff (backbone-invariant),1003,atom_tom1,19,0.0,0.0,0,0,1.7061389003720548,1.7061389003720548,0.0625,1|2,2,4,8,16
pub/london_mini,Pub: london_mini,pub,exact-payoff (backbone-invariant),1003,atom_tom1,20,0.0,0.0,0,0,1.7061389003720548,1.7061389003720548,0.0625,1|2,2,4,8,16
pub/london_mini,Pub: london_mini,pub,exact-payoff (backbone-invariant),1003,random,1,0.1869780901198843,0.1869780901198843,3,0,1.5191608102521705,1.7061389003720548,0.0625,1|2,2,4,8,16
pub/london_mini,Pub: london_mini,pub,exact-payoff (backbone-invariant),1003,random,2,1.5558081852004964,1.7427862753203807,1,0,0.15033071517155844,1.7061389003720548,0.0625,1|2,2,4,8,16
pub/london_mini,Pub: london_mini,pub,exact-payoff (backbone-invariant),1003,random,3,1.5558081852004964,3.298594460520877,1,0,0.15033071517155844,1.7061389003720548,0.0625,1|2,2,4,8,16
pub/london_mini,Pub: london_mini,pub,exact-payoff (backbone-invariant),1003,random,4,1.183464241422075,4.482058701942952,2,0,0.5226746589499797,1.7061389003720548,0.0625,1|2,2,4,8,16
pub/london_mini,Pub: london_mini,pub,exact-payoff (backbone-invariant),1003,random,5,1.5558081852004964,6.037866887143449,1,0,0.15033071517155844,1.7061389003720548,0.0625,1|2,2,4,8,16
pub/london_mini,Pub: london_mini,pub,exact-payoff (backbone-invariant),1003,random,6,1.183464241422075,7.221331128565524,2,0,0.5226746589499797,1.7061389003720548,0.0625,1|2,2,4,8,16
pub/london_mini,Pub: london_mini,pub,exact-payoff (backbone-invariant),1003,random,7,0.1869780901198843,7.4083092186854085,3,0,1.5191608102521705,1.7061389003720548,0.0625,1|2,2,4,8,16
pub/london_mini,Pub: london_mini,pub,exact-payoff (backbone-invariant),1003,random,8,0.0,7.4083092186854085,0,0,1.7061389003720548,1.7061389003720548,0.0625,1|2,2,4,8,16
pub/london_mini,Pub: london_mini,pub,exact-payoff (backbone-invariant),1003,random,9,1.183464241422075,8.591773460107483,2,0,0.5226746589499797,1.7061389003720548,0.0625,1|2,2,4,8,16
pub/london_mini,Pub: london_mini,pub,exact-payoff (backbone-invariant),1003,random,10,1.183464241422075,9.775237701529559,2,0,0.5226746589499797,1.7061389003720548,0.0625,1|2,2,4,8,16
pub/london_mini,Pub: london_mini,pub,exact-payoff (backbone-invariant),1003,random,11,1.5558081852004964,11.331045886730054,1,0,0.15033071517155844,1.7061389003720548,0.0625,1|2,2,4,8,16
pub/london_mini,Pub: london_mini,pub,exact-payoff (backbone-invariant),1003,random,12,0.0,11.331045886730054,0,0,1.7061389003720548,1.7061389003720548,0.0625,1|2,2,4,8,16
pub/london_mini,Pub: london_mini,pub,exact-payoff (backbone-invariant),1003,random,13,1.5558081852004964,12.88685407193055,1,0,0.15033071517155844,1.7061389003720548,0.0625,1|2,2,4,8,16
pub/london_mini,Pub: london_mini,pub,exact-payoff (backbone-invariant),1003,random,14,0.0,12.88685407193055,0,0,1.7061389003720548,1.7061389003720548,0.0625,1|2,2,4,8,16
pub/london_mini,Pub: london_mini,pub,exact-payoff (backbone-invariant),1003,random,15,0.1869780901198843,13.073832162050435,3,0,1.5191608102521705,1.7061389003720548,0.0625,1|2,2,4,8,16
pub/london_mini,Pub: london_mini,pub,exact-payoff (backbone-invariant),1003,random,16,1.5558081852004964,14.62964034725093,1,0,0.15033071517155844,1.7061389003720548,0.0625,1|2,2,4,8,16
pub/london_mini,Pub: london_mini,pub,exact-payoff (backbone-invariant),1003,random,17,0.1869780901198843,14.816618437370815,3,0,1.5191608102521705,1.7061389003720548,0.0625,1|2,2,4,8,16
pub/london_mini,Pub: london_mini,pub,exact-payoff (backbone-invariant),1003,random,18,1.5558081852004964,16.37242662257131,1,0,0.15033071517155844,1.7061389003720548,0.0625,1|2,2,4,8,16
pub/london_mini,Pub: london_mini,pub,exact-payoff (backbone-invariant),1003,random,19,1.5558081852004964,17.92823480777181,1,0,0.15033071517155844,1.7061389003720548,0.0625,1|2,2,4,8,16
pub/london_mini,Pub: london_mini,pub,exact-payoff (backbone-invariant),1003,random,20,1.183464241422075,19.111699049193884,2,0,0.5226746589499797,1.7061389003720548,0.0625,1|2,2,4,8,16
haggling/fruitville,Haggling: fruitville,haggling,exact-payoff (backbone-invariant),1003,pact,1,0.0,0.0,5,5,1.0909090909090908,1.0909090909090908,0.25,1|2,2,4,8,16
haggling/fruitville,Haggling: fruitville,haggling,exact-payoff (backbone-invariant),1003,pact,2,0.0,0.0,5,5,1.0909090909090908,1.0909090909090908,0.25,1|2,2,4,8,16
haggling/fruitville,Haggling: fruitville,haggling,exact-payoff (backbone-invariant),1003,pact,3,0.0,0.0,5,5,1.0909090909090908,1.0909090909090908,0.25,1|2,2,4,8,16
haggling/fruitville,Haggling: fruitville,haggling,exact-payoff (backbone-invariant),1003,pact,4,0.0,0.0,5,5,1.0909090909090908,1.0909090909090908,0.25,1|2,2,4,8,16
haggling/fruitville,Haggling: fruitville,haggling,exact-payoff (backbone-invariant),1003,pact,5,0.36363636363636365,0.36363636363636365,9,5,0.7272727272727272,1.0909090909090908,0.43786428845890163,1|2,2,4,8,16
haggling/fruitville,Haggling: fruitville,haggling,exact-payoff (backbone-invariant),1003,pact,6,0.31818181818181823,0.6818181818181819,1,5,0.7727272727272726,1.0909090909090908,0.8837611508137766,1|2,2,4,8,16
haggling/fruitville,Haggling: fruitville,haggling,exact-payoff (backbone-invariant),1003,pact,7,0.0,0.6818181818181819,5,5,1.0909090909090908,1.0909090909090908,0.8837611508137768,1|2,2,4,8,16
haggling/fruitville,Haggling: fruitville,haggling,exact-payoff (backbone-invariant),1003,pact,8,0.0,0.6818181818181819,5,5,1.0909090909090908,1.0909090909090908,0.8837611508137766,1|2,2,4,8,16
haggling/fruitville,Haggling: fruitville,haggling,exact-payoff (backbone-invariant),1003,pact,9,0.0,0.6818181818181819,5,5,1.0909090909090908,1.0909090909090908,0.8837611508137768,1|2,2,4,8,16
haggling/fruitville,Haggling: fruitville,haggling,exact-payoff (backbone-invariant),1003,pact,10,0.0,0.6818181818181819,5,5,1.0909090909090908,1.0909090909090908,0.8837611508137766,1|2,2,4,8,16
haggling/fruitville,Haggling: fruitville,haggling,exact-payoff (backbone-invariant),1003,pact,11,0.0,0.6818181818181819,5,5,1.0909090909090908,1.0909090909090908,0.8837611508137768,1|2,2,4,8,16
haggling/fruitville,Haggling: fruitville,haggling,exact-payoff (backbone-invariant),1003,pact,12,0.0,0.6818181818181819,5,5,1.0909090909090908,1.0909090909090908,0.8837611508137766,1|2,2,4,8,16
haggling/fruitville,Haggling: fruitville,haggling,exact-payoff (backbone-invariant),1003,pact,13,0.0,0.6818181818181819,5,5,1.0909090909090908,1.0909090909090908,0.8837611508137768,1|2,2,4,8,16
haggling/fruitville,Haggling: fruitville,haggling,exact-payoff (backbone-invariant),1003,pact,14,0.0,0.6818181818181819,5,5,1.0909090909090908,1.0909090909090908,0.8837611508137766,1|2,2,4,8,16
haggling/fruitville,Haggling: fruitville,haggling,exact-payoff (backbone-invariant),1003,pact,15,0.0,0.6818181818181819,5,5,1.0909090909090908,1.0909090909090908,0.8837611508137768,1|2,2,4,8,16
haggling/fruitville,Haggling: fruitville,haggling,exact-payoff (backbone-invariant),1003,pact,16,0.0,0.6818181818181819,5,5,1.0909090909090908,1.0909090909090908,0.8837611508137766,1|2,2,4,8,16
haggling/fruitville,Haggling: fruitville,haggling,exact-payoff (backbone-invariant),1003,pact,17,0.0,0.6818181818181819,5,5,1.0909090909090908,1.0909090909090908,0.8837611508137768,1|2,2,4,8,16
haggling/fruitville,Haggling: fruitville,haggling,exact-payoff (backbone-invariant),1003,pact,18,0.0,0.6818181818181819,5,5,1.0909090909090908,1.0909090909090908,0.8837611508137766,1|2,2,4,8,16
haggling/fruitville,Haggling: fruitville,haggling,exact-payoff (backbone-invariant),1003,pact,19,0.0,0.6818181818181819,5,5,1.0909090909090908,1.0909090909090908,0.8837611508137768,1|2,2,4,8,16
haggling/fruitville,Haggling: fruitville,haggling,exact-payoff (backbone-invariant),1003,pact,20,0.0,0.6818181818181819,5,5,1.0909090909090908,1.0909090909090908,0.8837611508137766,1|2,2,4,8,16
haggling/fruitville,Haggling: fruitville,haggling,exact-payoff (backbone-invariant),1003,pact_plus,1,0.0,0.0,5,5,1.0909090909090908,1.0909090909090908,0.25,1|2,2,4,8,16
haggling/fruitville,Haggling: fruitville,haggling,exact-payoff (backbone-invariant),1003,pact_plus,2,0.0,0.0,5,5,1.0909090909090908,1.0909090909090908,0.25,1|2,2,4,8,16
haggling/fruitville,Haggling: fruitville,haggling,exact-payoff (backbone-invariant),1003,pact_plus,3,0.0,0.0,5,5,1.0909090909090908,1.0909090909090908,0.25,1|2,2,4,8,16
haggling/fruitville,Haggling: fruitville,haggling,exact-payoff (backbone-invariant),1003,pact_plus,4,0.0,0.0,5,5,1.0909090909090908,1.0909090909090908,0.25,1|2,2,4,8,16
haggling/fruitville,Haggling: fruitville,haggling,exact-payoff (backbone-invariant),1003,pact_plus,5,0.36363636363636365,0.36363636363636365,9,5,0.7272727272727272,1.0909090909090908,0.43786428845890163,1|2,2,4,8,16
haggling/fruitville,Haggling: fruitville,haggling,exact-payoff (backbone-invariant),1003,pact_plus,6,0.31818181818181823,0.6818181818181819,1,5,0.7727272727272726,1.0909090909090908,0.8837611508137766,1|2,2,4,8,16
haggling/fruitville,Haggling: fruitville,haggling,exact-payoff (backbone-invariant),1003,pact_plus,7,0.0,0.6818181818181819,5,5,1.0909090909090908,1.0909090909090908,0.8837611508137768,1|2,2,4,8,16
haggling/fruitville,Haggling: fruitville,haggling,exact-payoff (backbone-invariant),1003,pact_plus,8,0.0,0.6818181818181819,5,5,1.0909090909090908,1.0909090909090908,0.8837611508137766,1|2,2,4,8,16
haggling/fruitville,Haggling: fruitville,haggling,exact-payoff (backbone-invariant),1003,pact_plus,9,0.0,0.6818181818181819,5,5,1.0909090909090908,1.0909090909090908,0.8837611508137768,1|2,2,4,8,16
haggling/fruitville,Haggling: fruitville,haggling,exact-payoff (backbone-invariant),1003,pact_plus,10,0.0,0.6818181818181819,5,5,1.0909090909090908,1.0909090909090908,0.8837611508137766,1|2,2,4,8,16
haggling/fruitville,Haggling: fruitville,haggling,exact-payoff (backbone-invariant),1003,pact_plus,11,0.0,0.6818181818181819,5,5,1.0909090909090908,1.0909090909090908,0.8837611508137768,1|2,2,4,8,16
haggling/fruitville,Haggling: fruitville,haggling,exact-payoff (backbone-invariant),1003,pact_plus,12,0.0,0.6818181818181819,5,5,1.0909090909090908,1.0909090909090908,0.8837611508137766,1|2,2,4,8,16
haggling/fruitville,Haggling: fruitville,haggling,exact-payoff (backbone-invariant),1003,pact_plus,13,0.0,0.6818181818181819,5,5,1.0909090909090908,1.0909090909090908,0.8837611508137768,1|2,2,4,8,16
haggling/fruitville,Haggling: fruitville,haggling,exact-payoff (backbone-invariant),1003,pact_plus,14,0.0,0.6818181818181819,5,5,1.0909090909090908,1.0909090909090908,0.8837611508137766,1|2,2,4,8,16
haggling/fruitville,Haggling: fruitville,haggling,exact-payoff (backbone-invariant),1003,pact_plus,15,0.0,0.6818181818181819,5,5,1.0909090909090908,1.0909090909090908,0.8837611508137768,1|2,2,4,8,16
haggling/fruitville,Haggling: fruitville,haggling,exact-payoff (backbone-invariant),1003,pact_plus,16,0.0,0.6818181818181819,5,5,1.0909090909090908,1.0909090909090908,0.8837611508137766,1|2,2,4,8,16
haggling/fruitville,Haggling: fruitville,haggling,exact-payoff (backbone-invariant),1003,pact_plus,17,0.0,0.6818181818181819,5,5,1.0909090909090908,1.0909090909090908,0.8837611508137768,1|2,2,4,8,16
haggling/fruitville,Haggling: fruitville,haggling,exact-payoff (backbone-invariant),1003,pact_plus,18,0.0,0.6818181818181819,5,5,1.0909090909090908,1.0909090909090908,0.8837611508137766,1|2,2,4,8,16
haggling/fruitville,Haggling: fruitville,haggling,exact-payoff (backbone-invariant),1003,pact_plus,19,0.0,0.6818181818181819,5,5,1.0909090909090908,1.0909090909090908,0.8837611508137768,1|2,2,4,8,16
haggling/fruitville,Haggling: fruitville,haggling,exact-payoff (backbone-invariant),1003,pact_plus,20,0.0,0.6818181818181819,5,5,1.0909090909090908,1.0909090909090908,0.8837611508137766,1|2,2,4,8,16
haggling/fruitville,Haggling: fruitville,haggling,exact-payoff (backbone-invariant),1003,joint_psrl_uniform,1,0.0,0.0,5,5,1.0909090909090908,1.0909090909090908,0.0625,1|2,2,4,8,16
haggling/fruitville,Haggling: fruitville,haggling,exact-payoff (backbone-invariant),1003,joint_psrl_uniform,2,0.0,0.0,5,5,1.0909090909090908,1.0909090909090908,0.0625,1|2,2,4,8,16
haggling/fruitville,Haggling: fruitville,haggling,exact-payoff (backbone-invariant),1003,joint_psrl_uniform,3,0.0,0.0,5,5,1.0909090909090908,1.0909090909090908,0.0625,1|2,2,4,8,16
haggling/fruitville,Haggling: fruitville,haggling,exact-payoff (backbone-invariant),1003,joint_psrl_uniform,4,0.0,0.0,5,5,1.0909090909090908,1.0909090909090908,0.0625,1|2,2,4,8,16
haggling/fruitville,Haggling: fruitville,haggling,exact-payoff (backbone-invariant),1003,joint_psrl_uniform,5,0.31818181818181823,0.31818181818181823,1,5,0.7727272727272726,1.0909090909090908,0.27485990790956466,1|2,2,4,8,16
haggling/fruitville,Haggling: fruitville,haggling,exact-payoff (backbone-invariant),1003,joint_psrl_uniform,6,0.36363636363636365,0.6818181818181819,9,5,0.7272727272727272,1.0909090909090908,0.7809851724969891,1|2,2,4,8,16
haggling/fruitville,Haggling: fruitville,haggling,exact-payoff (backbone-invariant),1003,joint_psrl_uniform,7,0.0,0.6818181818181819,5,5,1.0909090909090908,1.0909090909090908,0.780985172496989,1|2,2,4,8,16
haggling/fruitville,Haggling: fruitville,haggling,exact-payoff (backbone-invariant),1003,joint_psrl_uniform,8,0.0,0.6818181818181819,5,5,1.0909090909090908,1.0909090909090908,0.780985172496989,1|2,2,4,8,16
haggling/fruitville,Haggling: fruitville,haggling,exact-payoff (backbone-invariant),1003,joint_psrl_uniform,9,0.0,0.6818181818181819,5,5,1.0909090909090908,1.0909090909090908,0.780985172496989,1|2,2,4,8,16
haggling/fruitville,Haggling: fruitville,haggling,exact-payoff (backbone-invariant),1003,joint_psrl_uniform,10,0.0,0.6818181818181819,5,5,1.0909090909090908,1.0909090909090908,0.780985172496989,1|2,2,4,8,16
haggling/fruitville,Haggling: fruitville,haggling,exact-payoff (backbone-invariant),1003,joint_psrl_uniform,11,0.0,0.6818181818181819,5,5,1.0909090909090908,1.0909090909090908,0.780985172496989,1|2,2,4,8,16
haggling/fruitville,Haggling: fruitville,haggling,exact-payoff (backbone-invariant),1003,joint_psrl_uniform,12,0.0,0.6818181818181819,5,5,1.0909090909090908,1.0909090909090908,0.780985172496989,1|2,2,4,8,16
haggling/fruitville,Haggling: fruitville,haggling,exact-payoff (backbone-invariant),1003,joint_psrl_uniform,13,0.0,0.6818181818181819,5,5,1.0909090909090908,1.0909090909090908,0.780985172496989,1|2,2,4,8,16
haggling/fruitville,Haggling: fruitville,haggling,exact-payoff (backbone-invariant),1003,joint_psrl_uniform,14,0.0,0.6818181818181819,5,5,1.0909090909090908,1.0909090909090908,0.780985172496989,1|2,2,4,8,16
haggling/fruitville,Haggling: fruitville,haggling,exact-payoff (backbone-invariant),1003,joint_psrl_uniform,15,0.0,0.6818181818181819,5,5,1.0909090909090908,1.0909090909090908,0.780985172496989,1|2,2,4,8,16
haggling/fruitville,Haggling: fruitville,haggling,exact-payoff (backbone-invariant),1003,joint_psrl_uniform,16,0.0,0.6818181818181819,5,5,1.0909090909090908,1.0909090909090908,0.780985172496989,1|2,2,4,8,16
haggling/fruitville,Haggling: fruitville,haggling,exact-payoff (backbone-invariant),1003,joint_psrl_uniform,17,0.0,0.6818181818181819,5,5,1.0909090909090908,1.0909090909090908,0.780985172496989,1|2,2,4,8,16
haggling/fruitville,Haggling: fruitville,haggling,exact-payoff (backbone-invariant),1003,joint_psrl_uniform,18,0.0,0.6818181818181819,5,5,1.0909090909090908,1.0909090909090908,0.780985172496989,1|2,2,4,8,16
haggling/fruitville,Haggling: fruitville,haggling,exact-payoff (backbone-invariant),1003,joint_psrl_uniform,19,0.0,0.6818181818181819,5,5,1.0909090909090908,1.0909090909090908,0.780985172496989,1|2,2,4,8,16
haggling/fruitville,Haggling: fruitville,haggling,exact-payoff (backbone-invariant),1003,joint_psrl_uniform,20,0.0,0.6818181818181819,5,5,1.0909090909090908,1.0909090909090908,0.780985172496989,1|2,2,4,8,16
haggling/fruitville,Haggling: fruitville,haggling,exact-payoff (backbone-invariant),1003,psrl_notype,1,0.31818181818181823,0.31818181818181823,1,5,0.7727272727272726,1.0909090909090908,0.0625,1|2,2,4,8,16
haggling/fruitville,Haggling: fruitville,haggling,exact-payoff (backbone-invariant),1003,psrl_notype,2,0.0,0.31818181818181823,5,5,1.0909090909090908,1.0909090909090908,0.0625,1|2,2,4,8,16
haggling/fruitville,Haggling: fruitville,haggling,exact-payoff (backbone-invariant),1003,psrl_notype,3,0.0,0.31818181818181823,5,5,1.0909090909090908,1.0909090909090908,0.0625,1|2,2,4,8,16
haggling/fruitville,Haggling: fruitville,haggling,exact-payoff (backbone-invariant),1003,psrl_notype,4,0.0,0.31818181818181823,5,5,1.0909090909090908,1.0909090909090908,0.0625,1|2,2,4,8,16
haggling/fruitville,Haggling: fruitville,haggling,exact-payoff (backbone-invariant),1003,psrl_notype,5,0.0,0.31818181818181823,5,5,1.0909090909090908,1.0909090909090908,0.0625,1|2,2,4,8,16
haggling/fruitville,Haggling: fruitville,haggling,exact-payoff (backbone-invariant),1003,psrl_notype,6,0.31818181818181823,0.6363636363636365,1,5,0.7727272727272726,1.0909090909090908,0.0625,1|2,2,4,8,16
haggling/fruitville,Haggling: fruitville,haggling,exact-payoff (backbone-invariant),1003,psrl_notype,7,0.0,0.6363636363636365,5,5,1.0909090909090908,1.0909090909090908,0.0625,1|2,2,4,8,16
haggling/fruitville,Haggling: fruitville,haggling,exact-payoff (backbone-invariant),1003,psrl_notype,8,0.0,0.6363636363636365,5,5,1.0909090909090908,1.0909090909090908,0.0625,1|2,2,4,8,16
haggling/fruitville,Haggling: fruitville,haggling,exact-payoff (backbone-invariant),1003,psrl_notype,9,0.0,0.6363636363636365,5,5,1.0909090909090908,1.0909090909090908,0.0625,1|2,2,4,8,16
haggling/fruitville,Haggling: fruitville,haggling,exact-payoff (backbone-invariant),1003,psrl_notype,10,0.0,0.6363636363636365,5,5,1.0909090909090908,1.0909090909090908,0.0625,1|2,2,4,8,16
haggling/fruitville,Haggling: fruitville,haggling,exact-payoff (backbone-invariant),1003,psrl_notype,11,0.31818181818181823,0.9545454545454547,1,5,0.7727272727272726,1.0909090909090908,0.0625,1|2,2,4,8,16
haggling/fruitville,Haggling: fruitville,haggling,exact-payoff (backbone-invariant),1003,psrl_notype,12,0.0,0.9545454545454547,5,5,1.0909090909090908,1.0909090909090908,0.0625,1|2,2,4,8,16
haggling/fruitville,Haggling: fruitville,haggling,exact-payoff (backbone-invariant),1003,psrl_notype,13,0.36363636363636365,1.3181818181818183,9,5,0.7272727272727272,1.0909090909090908,0.0625,1|2,2,4,8,16
haggling/fruitville,Haggling: fruitville,haggling,exact-payoff (backbone-invariant),1003,psrl_notype,14,0.0,1.3181818181818183,5,5,1.0909090909090908,1.0909090909090908,0.0625,1|2,2,4,8,16
haggling/fruitville,Haggling: fruitville,haggling,exact-payoff (backbone-invariant),1003,psrl_notype,15,0.0,1.3181818181818183,5,5,1.0909090909090908,1.0909090909090908,0.0625,1|2,2,4,8,16
haggling/fruitville,Haggling: fruitville,haggling,exact-payoff (backbone-invariant),1003,psrl_notype,16,0.0,1.3181818181818183,5,5,1.0909090909090908,1.0909090909090908,0.0625,1|2,2,4,8,16
haggling/fruitville,Haggling: fruitville,haggling,exact-payoff (backbone-invariant),1003,psrl_notype,17,0.31818181818181823,1.6363636363636367,1,5,0.7727272727272726,1.0909090909090908,0.0625,1|2,2,4,8,16
haggling/fruitville,Haggling: fruitville,haggling,exact-payoff (backbone-invariant),1003,psrl_notype,18,0.31818181818181823,1.954545454545455,1,5,0.7727272727272726,1.0909090909090908,0.0625,1|2,2,4,8,16
haggling/fruitville,Haggling: fruitville,haggling,exact-payoff (backbone-invariant),1003,psrl_notype,19,0.0,1.954545454545455,5,5,1.0909090909090908,1.0909090909090908,0.0625,1|2,2,4,8,16
haggling/fruitville,Haggling: fruitville,haggling,exact-payoff (backbone-invariant),1003,psrl_notype,20,0.0,1.954545454545455,5,5,1.0909090909090908,1.0909090909090908,0.0625,1|2,2,4,8,16
haggling/fruitville,Haggling: fruitville,haggling,exact-payoff (backbone-invariant),1003,map_type_greedy,1,0.31818181818181823,0.31818181818181823,1,5,0.7727272727272726,1.0909090909090908,0.5256087394516828,1|2,2,4,8,16
haggling/fruitville,Haggling: fruitville,haggling,exact-payoff (backbone-invariant),1003,map_type_greedy,2,0.0,0.31818181818181823,5,5,1.0909090909090908,1.0909090909090908,0.5256087394516828,1|2,2,4,8,16
haggling/fruitville,Haggling: fruitville,haggling,exact-payoff (backbone-invariant),1003,map_type_greedy,3,0.0,0.31818181818181823,5,5,1.0909090909090908,1.0909090909090908,0.5256087394516828,1|2,2,4,8,16
haggling/fruitville,Haggling: fruitville,haggling,exact-payoff (backbone-invariant),1003,map_type_greedy,4,0.0,0.31818181818181823,5,5,1.0909090909090908,1.0909090909090908,0.5256087394516828,1|2,2,4,8,16
haggling/fruitville,Haggling: fruitville,haggling,exact-payoff (backbone-invariant),1003,map_type_greedy,5,0.0,0.31818181818181823,5,5,1.0909090909090908,1.0909090909090908,0.5256087394516828,1|2,2,4,8,16
haggling/fruitville,Haggling: fruitville,haggling,exact-payoff (backbone-invariant),1003,map_type_greedy,6,0.0,0.31818181818181823,5,5,1.0909090909090908,1.0909090909090908,0.5256087394516828,1|2,2,4,8,16
haggling/fruitville,Haggling: fruitville,haggling,exact-payoff (backbone-invariant),1003,map_type_greedy,7,0.0,0.31818181818181823,5,5,1.0909090909090908,1.0909090909090908,0.5256087394516828,1|2,2,4,8,16
haggling/fruitville,Haggling: fruitville,haggling,exact-payoff (backbone-invariant),1003,map_type_greedy,8,0.0,0.31818181818181823,5,5,1.0909090909090908,1.0909090909090908,0.5256087394516828,1|2,2,4,8,16
haggling/fruitville,Haggling: fruitville,haggling,exact-payoff (backbone-invariant),1003,map_type_greedy,9,0.0,0.31818181818181823,5,5,1.0909090909090908,1.0909090909090908,0.5256087394516828,1|2,2,4,8,16
haggling/fruitville,Haggling: fruitville,haggling,exact-payoff (backbone-invariant),1003,map_type_greedy,10,0.0,0.31818181818181823,5,5,1.0909090909090908,1.0909090909090908,0.5256087394516828,1|2,2,4,8,16
haggling/fruitville,Haggling: fruitville,haggling,exact-payoff (backbone-invariant),1003,map_type_greedy,11,0.0,0.31818181818181823,5,5,1.0909090909090908,1.0909090909090908,0.5256087394516828,1|2,2,4,8,16
haggling/fruitville,Haggling: fruitville,haggling,exact-payoff (backbone-invariant),1003,map_type_greedy,12,0.0,0.31818181818181823,5,5,1.0909090909090908,1.0909090909090908,0.5256087394516828,1|2,2,4,8,16
haggling/fruitville,Haggling: fruitville,haggling,exact-payoff (backbone-invariant),1003,map_type_greedy,13,0.0,0.31818181818181823,5,5,1.0909090909090908,1.0909090909090908,0.5256087394516828,1|2,2,4,8,16
haggling/fruitville,Haggling: fruitville,haggling,exact-payoff (backbone-invariant),1003,map_type_greedy,14,0.0,0.31818181818181823,5,5,1.0909090909090908,1.0909090909090908,0.5256087394516828,1|2,2,4,8,16
haggling/fruitville,Haggling: fruitville,haggling,exact-payoff (backbone-invariant),1003,map_type_greedy,15,0.0,0.31818181818181823,5,5,1.0909090909090908,1.0909090909090908,0.5256087394516828,1|2,2,4,8,16
haggling/fruitville,Haggling: fruitville,haggling,exact-payoff (backbone-invariant),1003,map_type_greedy,16,0.0,0.31818181818181823,5,5,1.0909090909090908,1.0909090909090908,0.5256087394516828,1|2,2,4,8,16
haggling/fruitville,Haggling: fruitville,haggling,exact-payoff (backbone-invariant),1003,map_type_greedy,17,0.0,0.31818181818181823,5,5,1.0909090909090908,1.0909090909090908,0.5256087394516828,1|2,2,4,8,16
haggling/fruitville,Haggling: fruitville,haggling,exact-payoff (backbone-invariant),1003,map_type_greedy,18,0.0,0.31818181818181823,5,5,1.0909090909090908,1.0909090909090908,0.5256087394516828,1|2,2,4,8,16
haggling/fruitville,Haggling: fruitville,haggling,exact-payoff (backbone-invariant),1003,map_type_greedy,19,0.0,0.31818181818181823,5,5,1.0909090909090908,1.0909090909090908,0.5256087394516828,1|2,2,4,8,16
haggling/fruitville,Haggling: fruitville,haggling,exact-payoff (backbone-invariant),1003,map_type_greedy,20,0.0,0.31818181818181823,5,5,1.0909090909090908,1.0909090909090908,0.5256087394516828,1|2,2,4,8,16
haggling/fruitville,Haggling: fruitville,haggling,exact-payoff (backbone-invariant),1003,econ_bne,1,0.0,0.0,5,5,1.0909090909090908,1.0909090909090908,0.0625,1|2,2,4,8,16
haggling/fruitville,Haggling: fruitville,haggling,exact-payoff (backbone-invariant),1003,econ_bne,2,0.0,0.0,5,5,1.0909090909090908,1.0909090909090908,0.0625,1|2,2,4,8,16
haggling/fruitville,Haggling: fruitville,haggling,exact-payoff (backbone-invariant),1003,econ_bne,3,0.0,0.0,5,5,1.0909090909090908,1.0909090909090908,0.0625,1|2,2,4,8,16
haggling/fruitville,Haggling: fruitville,haggling,exact-payoff (backbone-invariant),1003,econ_bne,4,0.0,0.0,5,5,1.0909090909090908,1.0909090909090908,0.0625,1|2,2,4,8,16
haggling/fruitville,Haggling: fruitville,haggling,exact-payoff (backbone-invariant),1003,econ_bne,5,0.0,0.0,5,5,1.0909090909090908,1.0909090909090908,0.0625,1|2,2,4,8,16
haggling/fruitville,Haggling: fruitville,haggling,exact-payoff (backbone-invariant),1003,econ_bne,6,0.0,0.0,5,5,1.0909090909090908,1.0909090909090908,0.0625,1|2,2,4,8,16
haggling/fruitville,Haggling: fruitville,haggling,exact-payoff (backbone-invariant),1003,econ_bne,7,0.0,0.0,5,5,1.0909090909090908,1.0909090909090908,0.0625,1|2,2,4,8,16
haggling/fruitville,Haggling: fruitville,haggling,exact-payoff (backbone-invariant),1003,econ_bne,8,0.0,0.0,5,5,1.0909090909090908,1.0909090909090908,0.0625,1|2,2,4,8,16
haggling/fruitville,Haggling: fruitville,haggling,exact-payoff (backbone-invariant),1003,econ_bne,9,0.0,0.0,5,5,1.0909090909090908,1.0909090909090908,0.0625,1|2,2,4,8,16
haggling/fruitville,Haggling: fruitville,haggling,exact-payoff (backbone-invariant),1003,econ_bne,10,0.0,0.0,5,5,1.0909090909090908,1.0909090909090908,0.0625,1|2,2,4,8,16
haggling/fruitville,Haggling: fruitville,haggling,exact-payoff (backbone-invariant),1003,econ_bne,11,0.0,0.0,5,5,1.0909090909090908,1.0909090909090908,0.0625,1|2,2,4,8,16
haggling/fruitville,Haggling: fruitville,haggling,exact-payoff (backbone-invariant),1003,econ_bne,12,0.0,0.0,5,5,1.0909090909090908,1.0909090909090908,0.0625,1|2,2,4,8,16
haggling/fruitville,Haggling: fruitville,haggling,exact-payoff (backbone-invariant),1003,econ_bne,13,0.0,0.0,5,5,1.0909090909090908,1.0909090909090908,0.0625,1|2,2,4,8,16
haggling/fruitville,Haggling: fruitville,haggling,exact-payoff (backbone-invariant),1003,econ_bne,14,0.0,0.0,5,5,1.0909090909090908,1.0909090909090908,0.0625,1|2,2,4,8,16
haggling/fruitville,Haggling: fruitville,haggling,exact-payoff (backbone-invariant),1003,econ_bne,15,0.0,0.0,5,5,1.0909090909090908,1.0909090909090908,0.0625,1|2,2,4,8,16
haggling/fruitville,Haggling: fruitville,haggling,exact-payoff (backbone-invariant),1003,econ_bne,16,0.0,0.0,5,5,1.0909090909090908,1.0909090909090908,0.0625,1|2,2,4,8,16
haggling/fruitville,Haggling: fruitville,haggling,exact-payoff (backbone-invariant),1003,econ_bne,17,0.0,0.0,5,5,1.0909090909090908,1.0909090909090908,0.0625,1|2,2,4,8,16
haggling/fruitville,Haggling: fruitville,haggling,exact-payoff (backbone-invariant),1003,econ_bne,18,0.0,0.0,5,5,1.0909090909090908,1.0909090909090908,0.0625,1|2,2,4,8,16
haggling/fruitville,Haggling: fruitville,haggling,exact-payoff (backbone-invariant),1003,econ_bne,19,0.0,0.0,5,5,1.0909090909090908,1.0909090909090908,0.0625,1|2,2,4,8,16
haggling/fruitville,Haggling: fruitville,haggling,exact-payoff (backbone-invariant),1003,econ_bne,20,0.0,0.0,5,5,1.0909090909090908,1.0909090909090908,0.0625,1|2,2,4,8,16
haggling/fruitville,Haggling: fruitville,haggling,exact-payoff (backbone-invariant),1003,atom_tom1,1,0.31818181818181823,0.31818181818181823,1,5,0.7727272727272726,1.0909090909090908,0.0625,1|2,2,4,8,16
haggling/fruitville,Haggling: fruitville,haggling,exact-payoff (backbone-invariant),1003,atom_tom1,2,0.31818181818181823,0.6363636363636365,1,5,0.7727272727272726,1.0909090909090908,0.0625,1|2,2,4,8,16
haggling/fruitville,Haggling: fruitville,haggling,exact-payoff (backbone-invariant),1003,atom_tom1,3,0.31818181818181823,0.9545454545454547,1,5,0.7727272727272726,1.0909090909090908,0.0625,1|2,2,4,8,16
haggling/fruitville,Haggling: fruitville,haggling,exact-payoff (backbone-invariant),1003,atom_tom1,4,0.31818181818181823,1.272727272727273,1,5,0.7727272727272726,1.0909090909090908,0.0625,1|2,2,4,8,16
haggling/fruitville,Haggling: fruitville,haggling,exact-payoff (backbone-invariant),1003,atom_tom1,5,0.31818181818181823,1.5909090909090913,1,5,0.7727272727272726,1.0909090909090908,0.0625,1|2,2,4,8,16
haggling/fruitville,Haggling: fruitville,haggling,exact-payoff (backbone-invariant),1003,atom_tom1,6,0.31818181818181823,1.9090909090909096,1,5,0.7727272727272726,1.0909090909090908,0.0625,1|2,2,4,8,16
haggling/fruitville,Haggling: fruitville,haggling,exact-payoff (backbone-invariant),1003,atom_tom1,7,0.31818181818181823,2.227272727272728,1,5,0.7727272727272726,1.0909090909090908,0.0625,1|2,2,4,8,16
haggling/fruitville,Haggling: fruitville,haggling,exact-payoff (backbone-invariant),1003,atom_tom1,8,0.31818181818181823,2.5454545454545463,1,5,0.7727272727272726,1.0909090909090908,0.0625,1|2,2,4,8,16
haggling/fruitville,Haggling: fruitville,haggling,exact-payoff (backbone-invariant),1003,atom_tom1,9,0.31818181818181823,2.8636363636363646,1,5,0.7727272727272726,1.0909090909090908,0.0625,1|2,2,4,8,16
haggling/fruitville,Haggling: fruitville,haggling,exact-payoff (backbone-invariant),1003,atom_tom1,10,0.31818181818181823,3.181818181818183,1,5,0.7727272727272726,1.0909090909090908,0.0625,1|2,2,4,8,16
haggling/fruitville,Haggling: fruitville,haggling,exact-payoff (backbone-invariant),1003,atom_tom1,11,0.31818181818181823,3.5000000000000013,1,5,0.7727272727272726,1.0909090909090908,0.0625,1|2,2,4,8,16
haggling/fruitville,Haggling: fruitville,haggling,exact-payoff (backbone-invariant),1003,atom_tom1,12,0.31818181818181823,3.8181818181818197,1,5,0.7727272727272726,1.0909090909090908,0.0625,1|2,2,4,8,16
haggling/fruitville,Haggling: fruitville,haggling,exact-payoff (backbone-invariant),1003,atom_tom1,13,0.31818181818181823,4.136363636363638,1,5,0.7727272727272726,1.0909090909090908,0.0625,1|2,2,4,8,16
haggling/fruitville,Haggling: fruitville,haggling,exact-payoff (backbone-invariant),1003,atom_tom1,14,0.31818181818181823,4.454545454545456,1,5,0.7727272727272726,1.0909090909090908,0.0625,1|2,2,4,8,16
haggling/fruitville,Haggling: fruitville,haggling,exact-payoff (backbone-invariant),1003,atom_tom1,15,0.31818181818181823,4.772727272727274,1,5,0.7727272727272726,1.0909090909090908,0.0625,1|2,2,4,8,16
haggling/fruitville,Haggling: fruitville,haggling,exact-payoff (backbone-invariant),1003,atom_tom1,16,0.31818181818181823,5.090909090909093,1,5,0.7727272727272726,1.0909090909090908,0.0625,1|2,2,4,8,16
haggling/fruitville,Haggling: fruitville,haggling,exact-payoff (backbone-invariant),1003,atom_tom1,17,0.31818181818181823,5.409090909090911,1,5,0.7727272727272726,1.0909090909090908,0.0625,1|2,2,4,8,16
haggling/fruitville,Haggling: fruitville,haggling,exact-payoff (backbone-invariant),1003,atom_tom1,18,0.31818181818181823,5.727272727272729,1,5,0.7727272727272726,1.0909090909090908,0.0625,1|2,2,4,8,16
haggling/fruitville,Haggling: fruitville,haggling,exact-payoff (backbone-invariant),1003,atom_tom1,19,0.31818181818181823,6.045454545454548,1,5,0.7727272727272726,1.0909090909090908,0.0625,1|2,2,4,8,16
haggling/fruitville,Haggling: fruitville,haggling,exact-payoff (backbone-invariant),1003,atom_tom1,20,0.31818181818181823,6.363636363636366,1,5,0.7727272727272726,1.0909090909090908,0.0625,1|2,2,4,8,16
haggling/fruitville,Haggling: fruitville,haggling,exact-payoff (backbone-invariant),1003,random,1,0.36363636363636365,0.36363636363636365,9,5,0.7272727272727272,1.0909090909090908,0.0625,1|2,2,4,8,16
haggling/fruitville,Haggling: fruitville,haggling,exact-payoff (backbone-invariant),1003,random,2,0.909090909090909,1.2727272727272725,4,5,0.18181818181818182,1.0909090909090908,0.0625,1|2,2,4,8,16
haggling/fruitville,Haggling: fruitville,haggling,exact-payoff (backbone-invariant),1003,random,3,0.909090909090909,2.1818181818181817,4,5,0.18181818181818182,1.0909090909090908,0.0625,1|2,2,4,8,16
haggling/fruitville,Haggling: fruitville,haggling,exact-payoff (backbone-invariant),1003,random,4,0.181818181818182,2.3636363636363638,7,5,0.9090909090909088,1.0909090909090908,0.0625,1|2,2,4,8,16
haggling/fruitville,Haggling: fruitville,haggling,exact-payoff (backbone-invariant),1003,random,5,0.909090909090909,3.2727272727272725,4,5,0.18181818181818182,1.0909090909090908,0.0625,1|2,2,4,8,16
haggling/fruitville,Haggling: fruitville,haggling,exact-payoff (backbone-invariant),1003,random,6,0.0,3.2727272727272725,5,5,1.0909090909090908,1.0909090909090908,0.0625,1|2,2,4,8,16
haggling/fruitville,Haggling: fruitville,haggling,exact-payoff (backbone-invariant),1003,random,7,0.181818181818182,3.4545454545454546,7,5,0.9090909090909088,1.0909090909090908,0.0625,1|2,2,4,8,16
haggling/fruitville,Haggling: fruitville,haggling,exact-payoff (backbone-invariant),1003,random,8,0.909090909090909,4.363636363636363,2,5,0.18181818181818182,1.0909090909090908,0.0625,1|2,2,4,8,16
haggling/fruitville,Haggling: fruitville,haggling,exact-payoff (backbone-invariant),1003,random,9,0.0,4.363636363636363,5,5,1.0909090909090908,1.0909090909090908,0.0625,1|2,2,4,8,16
haggling/fruitville,Haggling: fruitville,haggling,exact-payoff (backbone-invariant),1003,random,10,0.0,4.363636363636363,5,5,1.0909090909090908,1.0909090909090908,0.0625,1|2,2,4,8,16
haggling/fruitville,Haggling: fruitville,haggling,exact-payoff (backbone-invariant),1003,random,11,0.909090909090909,5.2727272727272725,4,5,0.18181818181818182,1.0909090909090908,0.0625,1|2,2,4,8,16
haggling/fruitville,Haggling: fruitville,haggling,exact-payoff (backbone-invariant),1003,random,12,0.31818181818181823,5.590909090909091,1,5,0.7727272727272726,1.0909090909090908,0.0625,1|2,2,4,8,16
haggling/fruitville,Haggling: fruitville,haggling,exact-payoff (backbone-invariant),1003,random,13,0.909090909090909,6.5,2,5,0.18181818181818182,1.0909090909090908,0.0625,1|2,2,4,8,16
haggling/fruitville,Haggling: fruitville,haggling,exact-payoff (backbone-invariant),1003,random,14,0.909090909090909,7.409090909090909,0,5,0.18181818181818182,1.0909090909090908,0.0625,1|2,2,4,8,16
haggling/fruitville,Haggling: fruitville,haggling,exact-payoff (backbone-invariant),1003,random,15,0.909090909090909,8.318181818181818,8,5,0.18181818181818182,1.0909090909090908,0.0625,1|2,2,4,8,16
haggling/fruitville,Haggling: fruitville,haggling,exact-payoff (backbone-invariant),1003,random,16,0.909090909090909,9.227272727272727,4,5,0.18181818181818182,1.0909090909090908,0.0625,1|2,2,4,8,16
haggling/fruitville,Haggling: fruitville,haggling,exact-payoff (backbone-invariant),1003,random,17,0.909090909090909,10.136363636363635,8,5,0.18181818181818182,1.0909090909090908,0.0625,1|2,2,4,8,16
haggling/fruitville,Haggling: fruitville,haggling,exact-payoff (backbone-invariant),1003,random,18,0.15909090909090895,10.295454545454543,3,5,0.9318181818181819,1.0909090909090908,0.0625,1|2,2,4,8,16
haggling/fruitville,Haggling: fruitville,haggling,exact-payoff (backbone-invariant),1003,random,19,0.909090909090909,11.204545454545451,4,5,0.18181818181818182,1.0909090909090908,0.0625,1|2,2,4,8,16
haggling/fruitville,Haggling: fruitville,haggling,exact-payoff (backbone-invariant),1003,random,20,0.909090909090909,12.11363636363636,6,5,0.18181818181818182,1.0909090909090908,0.0625,1|2,2,4,8,16
haggling/vegbrooke,Haggling: vegbrooke,haggling,exact-payoff (backbone-invariant),1003,pact,1,0.003875968992247958,0.003875968992247958,5,3,0.9974160206718347,1.0012919896640826,0.2861876036874302,1|2,2,4,8,16
haggling/vegbrooke,Haggling: vegbrooke,haggling,exact-payoff (backbone-invariant),1003,pact,2,0.003875968992247958,0.007751937984495916,5,3,0.9974160206718347,1.0012919896640826,0.3140109043656288,1|2,2,4,8,16
haggling/vegbrooke,Haggling: vegbrooke,haggling,exact-payoff (backbone-invariant),1003,pact,3,0.0,0.007751937984495916,3,3,1.0012919896640826,1.0012919896640826,0.3697202338231089,1|2,2,4,8,16
haggling/vegbrooke,Haggling: vegbrooke,haggling,exact-payoff (backbone-invariant),1003,pact,4,0.0,0.007751937984495916,3,3,1.0012919896640826,1.0012919896640826,0.41140974746344094,1|2,2,4,8,16
haggling/vegbrooke,Haggling: vegbrooke,haggling,exact-payoff (backbone-invariant),1003,pact,5,0.0,0.007751937984495916,3,3,1.0012919896640826,1.0012919896640826,0.44261010415141605,1|2,2,4,8,16
haggling/vegbrooke,Haggling: vegbrooke,haggling,exact-payoff (backbone-invariant),1003,pact,6,0.0,0.007751937984495916,3,3,1.0012919896640826,1.0012919896640826,0.467697643047185,1|2,2,4,8,16
haggling/vegbrooke,Haggling: vegbrooke,haggling,exact-payoff (backbone-invariant),1003,pact,7,0.0,0.007751937984495916,3,3,1.0012919896640826,1.0012919896640826,0.48947024882813983,1|2,2,4,8,16
haggling/vegbrooke,Haggling: vegbrooke,haggling,exact-payoff (backbone-invariant),1003,pact,8,0.003875968992247958,0.011627906976743874,5,3,0.9974160206718347,1.0012919896640826,0.5300548168419685,1|2,2,4,8,16
haggling/vegbrooke,Haggling: vegbrooke,haggling,exact-payoff (backbone-invariant),1003,pact,9,0.0,0.011627906976743874,3,3,1.0012919896640826,1.0012919896640826,0.5511698219799073,1|2,2,4,8,16
haggling/vegbrooke,Haggling: vegbrooke,haggling,exact-payoff (backbone-invariant),1003,pact,10,0.0,0.011627906976743874,3,3,1.0012919896640826,1.0012919896640826,0.5708160795586721,1|2,2,4,8,16
haggling/vegbrooke,Haggling: vegbrooke,haggling,exact-payoff (backbone-invariant),1003,pact,11,0.0,0.011627906976743874,3,3,1.0012919896640826,1.0012919896640826,0.5893530203839964,1|2,2,4,8,16
haggling/vegbrooke,Haggling: vegbrooke,haggling,exact-payoff (backbone-invariant),1003,pact,12,0.003875968992247958,0.015503875968991832,5,3,0.9974160206718347,1.0012919896640826,0.622337262491623,1|2,2,4,8,16
haggling/vegbrooke,Haggling: vegbrooke,haggling,exact-payoff (backbone-invariant),1003,pact,13,0.003875968992247958,0.01937984496123979,5,3,0.9974160206718347,1.0012919896640826,0.6479182801861744,1|2,2,4,8,16
haggling/vegbrooke,Haggling: vegbrooke,haggling,exact-payoff (backbone-invariant),1003,pact,14,0.003875968992247958,0.023255813953487747,5,3,0.9974160206718347,1.0012919896640826,0.668528004267372,1|2,2,4,8,16
haggling/vegbrooke,Haggling: vegbrooke,haggling,exact-payoff (backbone-invariant),1003,pact,15,0.003875968992247958,0.027131782945735705,5,3,0.9974160206718347,1.0012919896640826,0.6858263471555408,1|2,2,4,8,16
haggling/vegbrooke,Haggling: vegbrooke,haggling,exact-payoff (backbone-invariant),1003,pact,16,0.0,0.027131782945735705,3,3,1.0012919896640826,1.0012919896640826,0.7039094908633066,1|2,2,4,8,16
haggling/vegbrooke,Haggling: vegbrooke,haggling,exact-payoff (backbone-invariant),1003,pact,17,0.0,0.027131782945735705,3,3,1.0012919896640826,1.0012919896640826,0.7207790175423701,1|2,2,4,8,16
haggling/vegbrooke,Haggling: vegbrooke,haggling,exact-payoff (backbone-invariant),1003,pact,18,0.0,0.027131782945735705,3,3,1.0012919896640826,1.0012919896640826,0.7365281717896357,1|2,2,4,8,16
haggling/vegbrooke,Haggling: vegbrooke,haggling,exact-payoff (backbone-invariant),1003,pact,19,0.0,0.027131782945735705,3,3,1.0012919896640826,1.0012919896640826,0.7512358869722837,1|2,2,4,8,16
haggling/vegbrooke,Haggling: vegbrooke,haggling,exact-payoff (backbone-invariant),1003,pact,20,0.0,0.027131782945735705,3,3,1.0012919896640826,1.0012919896640826,0.764975922082785,1|2,2,4,8,16
haggling/vegbrooke,Haggling: vegbrooke,haggling,exact-payoff (backbone-invariant),1003,pact_plus,1,0.35529715762273906,0.35529715762273906,9,3,0.6459948320413436,1.0012919896640826,0.4786861284400308,1|2,2,4,8,16
haggling/vegbrooke,Haggling: vegbrooke,haggling,exact-payoff (backbone-invariant),1003,pact_plus,2,0.16795865633074925,0.5232558139534883,1,3,0.8333333333333334,1.0012919896640826,0.8579934943873535,1|2,2,4,8,16
haggling/vegbrooke,Haggling: vegbrooke,haggling,exact-payoff (backbone-invariant),1003,pact_plus,3,0.0,0.5232558139534883,3,3,1.0012919896640826,1.0012919896640826,0.8713443973602859,1|2,2,4,8,16
haggling/vegbrooke,Haggling: vegbrooke,haggling,exact-payoff (backbone-invariant),1003,pact_plus,4,0.0,0.5232558139534883,3,3,1.0012919896640826,1.0012919896640826,0.8831936211931132,1|2,2,4,8,16
haggling/vegbrooke,Haggling: vegbrooke,haggling,exact-payoff (backbone-invariant),1003,pact_plus,5,0.0,0.5232558139534883,3,3,1.0012919896640826,1.0012919896640826,0.8937139272170008,1|2,2,4,8,16
haggling/vegbrooke,Haggling: vegbrooke,haggling,exact-payoff (backbone-invariant),1003,pact_plus,6,0.0,0.5232558139534883,3,3,1.0012919896640826,1.0012919896640826,0.9030612147549559,1|2,2,4,8,16
haggling/vegbrooke,Haggling: vegbrooke,haggling,exact-payoff (backbone-invariant),1003,pact_plus,7,0.0,0.5232558139534883,3,3,1.0012919896640826,1.0012919896640826,0.9113773795682962,1|2,2,4,8,16
haggling/vegbrooke,Haggling: vegbrooke,haggling,exact-payoff (backbone-invariant),1003,pact_plus,8,0.0,0.5232558139534883,3,3,1.0012919896640826,1.0012919896640826,0.9187904996345707,1|2,2,4,8,16
haggling/vegbrooke,Haggling: vegbrooke,haggling,exact-payoff (backbone-invariant),1003,pact_plus,9,0.0,0.5232558139534883,3,3,1.0012919896640826,1.0012919896640826,0.9254147253402898,1|2,2,4,8,16
haggling/vegbrooke,Haggling: vegbrooke,haggling,exact-payoff (backbone-invariant),1003,pact_plus,10,0.003875968992247958,0.5271317829457363,5,3,0.9974160206718347,1.0012919896640826,0.9288244533076162,1|2,2,4,8,16
haggling/vegbrooke,Haggling: vegbrooke,haggling,exact-payoff (backbone-invariant),1003,pact_plus,11,0.0,0.5271317829457363,3,3,1.0012919896640826,1.0012919896640826,0.9345952167571188,1|2,2,4,8,16
haggling/vegbrooke,Haggling: vegbrooke,haggling,exact-payoff (backbone-invariant),1003,pact_plus,12,0.003875968992247958,0.5310077519379842,5,3,0.9974160206718347,1.0012919896640826,0.9376378536280991,1|2,2,4,8,16
haggling/vegbrooke,Haggling: vegbrooke,haggling,exact-payoff (backbone-invariant),1003,pact_plus,13,0.0,0.5310077519379842,3,3,1.0012919896640826,1.0012919896640826,0.9426602023950124,1|2,2,4,8,16
haggling/vegbrooke,Haggling: vegbrooke,haggling,exact-payoff (backbone-invariant),1003,pact_plus,14,0.0,0.5310077519379842,3,3,1.0012919896640826,1.0012919896640826,0.9471684927886836,1|2,2,4,8,16
haggling/vegbrooke,Haggling: vegbrooke,haggling,exact-payoff (backbone-invariant),1003,pact_plus,15,0.0,0.5310077519379842,3,3,1.0012919896640826,1.0012919896640826,0.9512289012397054,1|2,2,4,8,16
haggling/vegbrooke,Haggling: vegbrooke,haggling,exact-payoff (backbone-invariant),1003,pact_plus,16,0.0,0.5310077519379842,3,3,1.0012919896640826,1.0012919896640826,0.9548979525979193,1|2,2,4,8,16
haggling/vegbrooke,Haggling: vegbrooke,haggling,exact-payoff (backbone-invariant),1003,pact_plus,17,0.003875968992247958,0.5348837209302322,5,3,0.9974160206718347,1.0012919896640826,0.9572049379936187,1|2,2,4,8,16
haggling/vegbrooke,Haggling: vegbrooke,haggling,exact-payoff (backbone-invariant),1003,pact_plus,18,0.0,0.5348837209302322,3,3,1.0012919896640826,1.0012919896640826,0.9604086021026088,1|2,2,4,8,16
haggling/vegbrooke,Haggling: vegbrooke,haggling,exact-payoff (backbone-invariant),1003,pact_plus,19,0.0,0.5348837209302322,3,3,1.0012919896640826,1.0012919896640826,0.9633162133565194,1|2,2,4,8,16
haggling/vegbrooke,Haggling: vegbrooke,haggling,exact-payoff (backbone-invariant),1003,pact_plus,20,0.0,0.5348837209302322,3,3,1.0012919896640826,1.0012919896640826,0.9659627936347628,1|2,2,4,8,16
haggling/vegbrooke,Haggling: vegbrooke,haggling,exact-payoff (backbone-invariant),1003,joint_psrl_uniform,1,0.003875968992247958,0.003875968992247958,5,3,0.9974160206718347,1.0012919896640826,0.08185021907675002,1|2,2,4,8,16
haggling/vegbrooke,Haggling: vegbrooke,haggling,exact-payoff (backbone-invariant),1003,joint_psrl_uniform,2,0.35529715762273906,0.359173126614987,9,3,0.6459948320413436,1.0012919896640826,0.22909778097969738,1|2,2,4,8,16
haggling/vegbrooke,Haggling: vegbrooke,haggling,exact-payoff (backbone-invariant),1003,joint_psrl_uniform,3,0.003875968992247958,0.363049095607235,5,3,0.9974160206718347,1.0012919896640826,0.23242058010525835,1|2,2,4,8,16
haggling/vegbrooke,Haggling: vegbrooke,haggling,exact-payoff (backbone-invariant),1003,joint_psrl_uniform,4,0.003875968992247958,0.36692506459948293,5,3,0.9974160206718347,1.0012919896640826,0.2356628482749305,1|2,2,4,8,16
haggling/vegbrooke,Haggling: vegbrooke,haggling,exact-payoff (backbone-invariant),1003,joint_psrl_uniform,5,0.0,0.36692506459948293,3,3,1.0012919896640826,1.0012919896640826,0.34477389090479177,1|2,2,4,8,16
haggling/vegbrooke,Haggling: vegbrooke,haggling,exact-payoff (backbone-invariant),1003,joint_psrl_uniform,6,0.0,0.36692506459948293,3,3,1.0012919896640826,1.0012919896640826,0.4384826709869626,1|2,2,4,8,16
haggling/vegbrooke,Haggling: vegbrooke,haggling,exact-payoff (backbone-invariant),1003,joint_psrl_uniform,7,0.003875968992247958,0.3708010335917309,5,3,0.9974160206718347,1.0012919896640826,0.44366255253311876,1|2,2,4,8,16
haggling/vegbrooke,Haggling: vegbrooke,haggling,exact-payoff (backbone-invariant),1003,joint_psrl_uniform,8,0.0,0.3708010335917309,3,3,1.0012919896640826,1.0012919896640826,0.5175494520975957,1|2,2,4,8,16
haggling/vegbrooke,Haggling: vegbrooke,haggling,exact-payoff (backbone-invariant),1003,joint_psrl_uniform,9,0.0,0.3708010335917309,3,3,1.0012919896640826,1.0012919896640826,0.5756542842082772,1|2,2,4,8,16
haggling/vegbrooke,Haggling: vegbrooke,haggling,exact-payoff (backbone-invariant),1003,joint_psrl_uniform,10,0.0,0.3708010335917309,3,3,1.0012919896640826,1.0012919896640826,0.6233489266972166,1|2,2,4,8,16
haggling/vegbrooke,Haggling: vegbrooke,haggling,exact-payoff (backbone-invariant),1003,joint_psrl_uniform,11,0.0,0.3708010335917309,3,3,1.0012919896640826,1.0012919896640826,0.6640094275731055,1|2,2,4,8,16
haggling/vegbrooke,Haggling: vegbrooke,haggling,exact-payoff (backbone-invariant),1003,joint_psrl_uniform,12,0.003875968992247958,0.37467700258397885,5,3,0.9974160206718347,1.0012919896640826,0.6703102848918082,1|2,2,4,8,16
haggling/vegbrooke,Haggling: vegbrooke,haggling,exact-payoff (backbone-invariant),1003,joint_psrl_uniform,13,0.003875968992247958,0.3785529715762268,5,3,0.9974160206718347,1.0012919896640826,0.6763058741662138,1|2,2,4,8,16
haggling/vegbrooke,Haggling: vegbrooke,haggling,exact-payoff (backbone-invariant),1003,joint_psrl_uniform,14,0.0,0.3785529715762268,3,3,1.0012919896640826,1.0012919896640826,0.7118695448250805,1|2,2,4,8,16
haggling/vegbrooke,Haggling: vegbrooke,haggling,exact-payoff (backbone-invariant),1003,joint_psrl_uniform,15,0.0,0.3785529715762268,3,3,1.0012919896640826,1.0012919896640826,0.7430409140959567,1|2,2,4,8,16
haggling/vegbrooke,Haggling: vegbrooke,haggling,exact-payoff (backbone-invariant),1003,joint_psrl_uniform,16,0.0,0.3785529715762268,3,3,1.0012919896640826,1.0012919896640826,0.7704314976905282,1|2,2,4,8,16
haggling/vegbrooke,Haggling: vegbrooke,haggling,exact-payoff (backbone-invariant),1003,joint_psrl_uniform,17,0.0,0.3785529715762268,3,3,1.0012919896640826,1.0012919896640826,0.794492447390458,1|2,2,4,8,16
haggling/vegbrooke,Haggling: vegbrooke,haggling,exact-payoff (backbone-invariant),1003,joint_psrl_uniform,18,0.0,0.3785529715762268,3,3,1.0012919896640826,1.0012919896640826,0.8156079452438804,1|2,2,4,8,16
haggling/vegbrooke,Haggling: vegbrooke,haggling,exact-payoff (backbone-invariant),1003,joint_psrl_uniform,19,0.003875968992247958,0.38242894056847476,5,3,0.9974160206718347,1.0012919896640826,0.8210236336175304,1|2,2,4,8,16
haggling/vegbrooke,Haggling: vegbrooke,haggling,exact-payoff (backbone-invariant),1003,joint_psrl_uniform,20,0.0,0.38242894056847476,3,3,1.0012919896640826,1.0012919896640826,0.8393693374496417,1|2,2,4,8,16
haggling/vegbrooke,Haggling: vegbrooke,haggling,exact-payoff (backbone-invariant),1003,psrl_notype,1,0.0,0.0,3,3,1.0012919896640826,1.0012919896640826,0.0625,1|2,2,4,8,16
haggling/vegbrooke,Haggling: vegbrooke,haggling,exact-payoff (backbone-invariant),1003,psrl_notype,2,0.0,0.0,3,3,1.0012919896640826,1.0012919896640826,0.0625,1|2,2,4,8,16
haggling/vegbrooke,Haggling: vegbrooke,haggling,exact-payoff (backbone-invariant),1003,psrl_notype,3,0.0,0.0,3,3,1.0012919896640826,1.0012919896640826,0.0625,1|2,2,4,8,16
haggling/vegbrooke,Haggling: vegbrooke,haggling,exact-payoff (backbone-invariant),1003,psrl_notype,4,0.35529715762273906,0.35529715762273906,9,3,0.6459948320413436,1.0012919896640826,0.0625,1|2,2,4,8,16
haggling/vegbrooke,Haggling: vegbrooke,haggling,exact-payoff (backbone-invariant),1003,psrl_notype,5,0.003875968992247958,0.359173126614987,5,3,0.9974160206718347,1.0012919896640826,0.0625,1|2,2,4,8,16
haggling/vegbrooke,Haggling: vegbrooke,haggling,exact-payoff (backbone-invariant),1003,psrl_notype,6,0.16795865633074925,0.5271317829457363,1,3,0.8333333333333334,1.0012919896640826,0.0625,1|2,2,4,8,16
haggling/vegbrooke,Haggling: vegbrooke,haggling,exact-payoff (backbone-invariant),1003,psrl_notype,7,0.003875968992247958,0.5310077519379842,5,3,0.9974160206718347,1.0012919896640826,0.0625,1|2,2,4,8,16
haggling/vegbrooke,Haggling: vegbrooke,haggling,exact-payoff (backbone-invariant),1003,psrl_notype,8,0.003875968992247958,0.5348837209302322,5,3,0.9974160206718347,1.0012919896640826,0.0625,1|2,2,4,8,16
haggling/vegbrooke,Haggling: vegbrooke,haggling,exact-payoff (backbone-invariant),1003,psrl_notype,9,0.003875968992247958,0.5387596899224801,5,3,0.9974160206718347,1.0012919896640826,0.0625,1|2,2,4,8,16
haggling/vegbrooke,Haggling: vegbrooke,haggling,exact-payoff (backbone-invariant),1003,psrl_notype,10,0.003875968992247958,0.5426356589147281,5,3,0.9974160206718347,1.0012919896640826,0.0625,1|2,2,4,8,16
haggling/vegbrooke,Haggling: vegbrooke,haggling,exact-payoff (backbone-invariant),1003,psrl_notype,11,0.16795865633074925,0.7105943152454773,1,3,0.8333333333333334,1.0012919896640826,0.0625,1|2,2,4,8,16
haggling/vegbrooke,Haggling: vegbrooke,haggling,exact-payoff (backbone-invariant),1003,psrl_notype,12,0.003875968992247958,0.7144702842377253,5,3,0.9974160206718347,1.0012919896640826,0.0625,1|2,2,4,8,16
haggling/vegbrooke,Haggling: vegbrooke,haggling,exact-payoff (backbone-invariant),1003,psrl_notype,13,0.35529715762273906,1.0697674418604644,9,3,0.6459948320413436,1.0012919896640826,0.0625,1|2,2,4,8,16
haggling/vegbrooke,Haggling: vegbrooke,haggling,exact-payoff (backbone-invariant),1003,psrl_notype,14,0.003875968992247958,1.0736434108527124,5,3,0.9974160206718347,1.0012919896640826,0.0625,1|2,2,4,8,16
haggling/vegbrooke,Haggling: vegbrooke,haggling,exact-payoff (backbone-invariant),1003,psrl_notype,15,0.0,1.0736434108527124,3,3,1.0012919896640826,1.0012919896640826,0.0625,1|2,2,4,8,16
haggling/vegbrooke,Haggling: vegbrooke,haggling,exact-payoff (backbone-invariant),1003,psrl_notype,16,0.003875968992247958,1.0775193798449605,5,3,0.9974160206718347,1.0012919896640826,0.0625,1|2,2,4,8,16
haggling/vegbrooke,Haggling: vegbrooke,haggling,exact-payoff (backbone-invariant),1003,psrl_notype,17,0.16795865633074925,1.2454780361757098,1,3,0.8333333333333334,1.0012919896640826,0.0625,1|2,2,4,8,16
haggling/vegbrooke,Haggling: vegbrooke,haggling,exact-payoff (backbone-invariant),1003,psrl_notype,18,0.35529715762273906,1.600775193798449,9,3,0.6459948320413436,1.0012919896640826,0.0625,1|2,2,4,8,16
haggling/vegbrooke,Haggling: vegbrooke,haggling,exact-payoff (backbone-invariant),1003,psrl_notype,19,0.35529715762273906,1.956072351421188,9,3,0.6459948320413436,1.0012919896640826,0.0625,1|2,2,4,8,16
haggling/vegbrooke,Haggling: vegbrooke,haggling,exact-payoff (backbone-invariant),1003,psrl_notype,20,0.003875968992247958,1.959948320413436,5,3,0.9974160206718347,1.0012919896640826,0.0625,1|2,2,4,8,16
haggling/vegbrooke,Haggling: vegbrooke,haggling,exact-payoff (backbone-invariant),1003,map_type_greedy,1,0.35529715762273906,0.35529715762273906,9,3,0.6459948320413436,1.0012919896640826,0.4786861284400308,1|2,2,4,8,16
haggling/vegbrooke,Haggling: vegbrooke,haggling,exact-payoff (backbone-invariant),1003,map_type_greedy,2,0.0,0.35529715762273906,3,3,1.0012919896640826,1.0012919896640826,0.5874254771644076,1|2,2,4,8,16
haggling/vegbrooke,Haggling: vegbrooke,haggling,exact-payoff (backbone-invariant),1003,map_type_greedy,3,0.0,0.35529715762273906,3,3,1.0012919896640826,1.0012919896640826,0.6665019891772066,1|2,2,4,8,16
haggling/vegbrooke,Haggling: vegbrooke,haggling,exact-payoff (backbone-invariant),1003,map_type_greedy,4,0.0,0.35529715762273906,3,3,1.0012919896640826,1.0012919896640826,0.7193775013037746,1|2,2,4,8,16
haggling/vegbrooke,Haggling: vegbrooke,haggling,exact-payoff (backbone-invariant),1003,map_type_greedy,5,0.0,0.35529715762273906,3,3,1.0012919896640826,1.0012919896640826,0.7560464987001676,1|2,2,4,8,16
haggling/vegbrooke,Haggling: vegbrooke,haggling,exact-payoff (backbone-invariant),1003,map_type_greedy,6,0.0,0.35529715762273906,3,3,1.0012919896640826,1.0012919896640826,0.7837977459128886,1|2,2,4,8,16
haggling/vegbrooke,Haggling: vegbrooke,haggling,exact-payoff (backbone-invariant),1003,map_type_greedy,7,0.0,0.35529715762273906,3,3,1.0012919896640826,1.0012919896640826,0.8064824296480272,1|2,2,4,8,16
haggling/vegbrooke,Haggling: vegbrooke,haggling,exact-payoff (backbone-invariant),1003,map_type_greedy,8,0.0,0.35529715762273906,3,3,1.0012919896640826,1.0012919896640826,0.8259137617177261,1|2,2,4,8,16
haggling/vegbrooke,Haggling: vegbrooke,haggling,exact-payoff (backbone-invariant),1003,map_type_greedy,9,0.0,0.35529715762273906,3,3,1.0012919896640826,1.0012919896640826,0.8429392538457874,1|2,2,4,8,16
haggling/vegbrooke,Haggling: vegbrooke,haggling,exact-payoff (backbone-invariant),1003,map_type_greedy,10,0.0,0.35529715762273906,3,3,1.0012919896640826,1.0012919896640826,0.8579934943878949,1|2,2,4,8,16
haggling/vegbrooke,Haggling: vegbrooke,haggling,exact-payoff (backbone-invariant),1003,map_type_greedy,11,0.0,0.35529715762273906,3,3,1.0012919896640826,1.0012919896640826,0.8713443973606032,1|2,2,4,8,16
haggling/vegbrooke,Haggling: vegbrooke,haggling,exact-payoff (backbone-invariant),1003,map_type_greedy,12,0.0,0.35529715762273906,3,3,1.0012919896640826,1.0012919896640826,0.8831936211933212,1|2,2,4,8,16
haggling/vegbrooke,Haggling: vegbrooke,haggling,exact-payoff (backbone-invariant),1003,map_type_greedy,13,0.0,0.35529715762273906,3,3,1.0012919896640826,1.0012919896640826,0.8937139272171504,1|2,2,4,8,16
haggling/vegbrooke,Haggling: vegbrooke,haggling,exact-payoff (backbone-invariant),1003,map_type_greedy,14,0.0,0.35529715762273906,3,3,1.0012919896640826,1.0012919896640826,0.9030612147550706,1|2,2,4,8,16
haggling/vegbrooke,Haggling: vegbrooke,haggling,exact-payoff (backbone-invariant),1003,map_type_greedy,15,0.0,0.35529715762273906,3,3,1.0012919896640826,1.0012919896640826,0.9113773795683877,1|2,2,4,8,16
haggling/vegbrooke,Haggling: vegbrooke,haggling,exact-payoff (backbone-invariant),1003,map_type_greedy,16,0.0,0.35529715762273906,3,3,1.0012919896640826,1.0012919896640826,0.9187904996346452,1|2,2,4,8,16
haggling/vegbrooke,Haggling: vegbrooke,haggling,exact-payoff (backbone-invariant),1003,map_type_greedy,17,0.0,0.35529715762273906,3,3,1.0012919896640826,1.0012919896640826,0.9254147253403513,1|2,2,4,8,16
haggling/vegbrooke,Haggling: vegbrooke,haggling,exact-payoff (backbone-invariant),1003,map_type_greedy,18,0.0,0.35529715762273906,3,3,1.0012919896640826,1.0012919896640826,0.9313505679583105,1|2,2,4,8,16
haggling/vegbrooke,Haggling: vegbrooke,haggling,exact-payoff (backbone-invariant),1003,map_type_greedy,19,0.0,0.35529715762273906,3,3,1.0012919896640826,1.0012919896640826,0.9366856491960219,1|2,2,4,8,16
haggling/vegbrooke,Haggling: vegbrooke,haggling,exact-payoff (backbone-invariant),1003,map_type_greedy,20,0.0,0.35529715762273906,3,3,1.0012919896640826,1.0012919896640826,0.9414957798108939,1|2,2,4,8,16
haggling/vegbrooke,Haggling: vegbrooke,haggling,exact-payoff (backbone-invariant),1003,econ_bne,1,0.003875968992247958,0.003875968992247958,5,3,0.9974160206718347,1.0012919896640826,0.0625,1|2,2,4,8,16
haggling/vegbrooke,Haggling: vegbrooke,haggling,exact-payoff (backbone-invariant),1003,econ_bne,2,0.003875968992247958,0.007751937984495916,5,3,0.9974160206718347,1.0012919896640826,0.0625,1|2,2,4,8,16
haggling/vegbrooke,Haggling: vegbrooke,haggling,exact-payoff (backbone-invariant),1003,econ_bne,3,0.003875968992247958,0.011627906976743874,5,3,0.9974160206718347,1.0012919896640826,0.0625,1|2,2,4,8,16
haggling/vegbrooke,Haggling: vegbrooke,haggling,exact-payoff (backbone-invariant),1003,econ_bne,4,0.003875968992247958,0.015503875968991832,5,3,0.9974160206718347,1.0012919896640826,0.0625,1|2,2,4,8,16
haggling/vegbrooke,Haggling: vegbrooke,haggling,exact-payoff (backbone-invariant),1003,econ_bne,5,0.003875968992247958,0.01937984496123979,5,3,0.9974160206718347,1.0012919896640826,0.0625,1|2,2,4,8,16
haggling/vegbrooke,Haggling: vegbrooke,haggling,exact-payoff (backbone-invariant),1003,econ_bne,6,0.003875968992247958,0.023255813953487747,5,3,0.9974160206718347,1.0012919896640826,0.0625,1|2,2,4,8,16
haggling/vegbrooke,Haggling: vegbrooke,haggling,exact-payoff (backbone-invariant),1003,econ_bne,7,0.003875968992247958,0.027131782945735705,5,3,0.9974160206718347,1.0012919896640826,0.0625,1|2,2,4,8,16
haggling/vegbrooke,Haggling: vegbrooke,haggling,exact-payoff (backbone-invariant),1003,econ_bne,8,0.003875968992247958,0.031007751937983663,5,3,0.9974160206718347,1.0012919896640826,0.0625,1|2,2,4,8,16
haggling/vegbrooke,Haggling: vegbrooke,haggling,exact-payoff (backbone-invariant),1003,econ_bne,9,0.003875968992247958,0.03488372093023162,5,3,0.9974160206718347,1.0012919896640826,0.0625,1|2,2,4,8,16
haggling/vegbrooke,Haggling: vegbrooke,haggling,exact-payoff (backbone-invariant),1003,econ_bne,10,0.003875968992247958,0.03875968992247958,5,3,0.9974160206718347,1.0012919896640826,0.0625,1|2,2,4,8,16
haggling/vegbrooke,Haggling: vegbrooke,haggling,exact-payoff (backbone-invariant),1003,econ_bne,11,0.003875968992247958,0.04263565891472754,5,3,0.9974160206718347,1.0012919896640826,0.0625,1|2,2,4,8,16
haggling/vegbrooke,Haggling: vegbrooke,haggling,exact-payoff (backbone-invariant),1003,econ_bne,12,0.003875968992247958,0.046511627906975495,5,3,0.9974160206718347,1.0012919896640826,0.0625,1|2,2,4,8,16
haggling/vegbrooke,Haggling: vegbrooke,haggling,exact-payoff (backbone-invariant),1003,econ_bne,13,0.003875968992247958,0.05038759689922345,5,3,0.9974160206718347,1.0012919896640826,0.0625,1|2,2,4,8,16
haggling/vegbrooke,Haggling: vegbrooke,haggling,exact-payoff (backbone-invariant),1003,econ_bne,14,0.003875968992247958,0.05426356589147141,5,3,0.9974160206718347,1.0012919896640826,0.0625,1|2,2,4,8,16
haggling/vegbrooke,Haggling: vegbrooke,haggling,exact-payoff (backbone-invariant),1003,econ_bne,15,0.003875968992247958,0.05813953488371937,5,3,0.9974160206718347,1.0012919896640826,0.0625,1|2,2,4,8,16
haggling/vegbrooke,Haggling: vegbrooke,haggling,exact-payoff (backbone-invariant),1003,econ_bne,16,0.003875968992247958,0.062015503875967326,5,3,0.9974160206718347,1.0012919896640826,0.0625,1|2,2,4,8,16
haggling/vegbrooke,Haggling: vegbrooke,haggling,exact-payoff (backbone-invariant),1003,econ_bne,17,0.003875968992247958,0.06589147286821528,5,3,0.9974160206718347,1.0012919896640826,0.0625,1|2,2,4,8,16
haggling/vegbrooke,Haggling: vegbrooke,haggling,exact-payoff (backbone-invariant),1003,econ_bne,18,0.003875968992247958,0.06976744186046324,5,3,0.9974160206718347,1.0012919896640826,0.0625,1|2,2,4,8,16
haggling/vegbrooke,Haggling: vegbrooke,haggling,exact-payoff (backbone-invariant),1003,econ_bne,19,0.003875968992247958,0.0736434108527112,5,3,0.9974160206718347,1.0012919896640826,0.0625,1|2,2,4,8,16
haggling/vegbrooke,Haggling: vegbrooke,haggling,exact-payoff (backbone-invariant),1003,econ_bne,20,0.003875968992247958,0.07751937984495916,5,3,0.9974160206718347,1.0012919896640826,0.0625,1|2,2,4,8,16
haggling/vegbrooke,Haggling: vegbrooke,haggling,exact-payoff (backbone-invariant),1003,atom_tom1,1,0.0,0.0,3,3,1.0012919896640826,1.0012919896640826,0.0625,1|2,2,4,8,16
haggling/vegbrooke,Haggling: vegbrooke,haggling,exact-payoff (backbone-invariant),1003,atom_tom1,2,0.0,0.0,3,3,1.0012919896640826,1.0012919896640826,0.0625,1|2,2,4,8,16
haggling/vegbrooke,Haggling: vegbrooke,haggling,exact-payoff (backbone-invariant),1003,atom_tom1,3,0.0,0.0,3,3,1.0012919896640826,1.0012919896640826,0.0625,1|2,2,4,8,16
haggling/vegbrooke,Haggling: vegbrooke,haggling,exact-payoff (backbone-invariant),1003,atom_tom1,4,0.0,0.0,3,3,1.0012919896640826,1.0012919896640826,0.0625,1|2,2,4,8,16
haggling/vegbrooke,Haggling: vegbrooke,haggling,exact-payoff (backbone-invariant),1003,atom_tom1,5,0.0,0.0,3,3,1.0012919896640826,1.0012919896640826,0.0625,1|2,2,4,8,16
haggling/vegbrooke,Haggling: vegbrooke,haggling,exact-payoff (backbone-invariant),1003,atom_tom1,6,0.0,0.0,3,3,1.0012919896640826,1.0012919896640826,0.0625,1|2,2,4,8,16
haggling/vegbrooke,Haggling: vegbrooke,haggling,exact-payoff (backbone-invariant),1003,atom_tom1,7,0.0,0.0,3,3,1.0012919896640826,1.0012919896640826,0.0625,1|2,2,4,8,16
haggling/vegbrooke,Haggling: vegbrooke,haggling,exact-payoff (backbone-invariant),1003,atom_tom1,8,0.0,0.0,3,3,1.0012919896640826,1.0012919896640826,0.0625,1|2,2,4,8,16
haggling/vegbrooke,Haggling: vegbrooke,haggling,exact-payoff (backbone-invariant),1003,atom_tom1,9,0.0,0.0,3,3,1.0012919896640826,1.0012919896640826,0.0625,1|2,2,4,8,16
haggling/vegbrooke,Haggling: vegbrooke,haggling,exact-payoff (backbone-invariant),1003,atom_tom1,10,0.0,0.0,3,3,1.0012919896640826,1.0012919896640826,0.0625,1|2,2,4,8,16
haggling/vegbrooke,Haggling: vegbrooke,haggling,exact-payoff (backbone-invariant),1003,atom_tom1,11,0.0,0.0,3,3,1.0012919896640826,1.0012919896640826,0.0625,1|2,2,4,8,16
haggling/vegbrooke,Haggling: vegbrooke,haggling,exact-payoff (backbone-invariant),1003,atom_tom1,12,0.0,0.0,3,3,1.0012919896640826,1.0012919896640826,0.0625,1|2,2,4,8,16
haggling/vegbrooke,Haggling: vegbrooke,haggling,exact-payoff (backbone-invariant),1003,atom_tom1,13,0.0,0.0,3,3,1.0012919896640826,1.0012919896640826,0.0625,1|2,2,4,8,16
haggling/vegbrooke,Haggling: vegbrooke,haggling,exact-payoff (backbone-invariant),1003,atom_tom1,14,0.0,0.0,3,3,1.0012919896640826,1.0012919896640826,0.0625,1|2,2,4,8,16
haggling/vegbrooke,Haggling: vegbrooke,haggling,exact-payoff (backbone-invariant),1003,atom_tom1,15,0.0,0.0,3,3,1.0012919896640826,1.0012919896640826,0.0625,1|2,2,4,8,16
haggling/vegbrooke,Haggling: vegbrooke,haggling,exact-payoff (backbone-invariant),1003,atom_tom1,16,0.0,0.0,3,3,1.0012919896640826,1.0012919896640826,0.0625,1|2,2,4,8,16
haggling/vegbrooke,Haggling: vegbrooke,haggling,exact-payoff (backbone-invariant),1003,atom_tom1,17,0.0,0.0,3,3,1.0012919896640826,1.0012919896640826,0.0625,1|2,2,4,8,16
haggling/vegbrooke,Haggling: vegbrooke,haggling,exact-payoff (backbone-invariant),1003,atom_tom1,18,0.0,0.0,3,3,1.0012919896640826,1.0012919896640826,0.0625,1|2,2,4,8,16
haggling/vegbrooke,Haggling: vegbrooke,haggling,exact-payoff (backbone-invariant),1003,atom_tom1,19,0.0,0.0,3,3,1.0012919896640826,1.0012919896640826,0.0625,1|2,2,4,8,16
haggling/vegbrooke,Haggling: vegbrooke,haggling,exact-payoff (backbone-invariant),1003,atom_tom1,20,0.0,0.0,3,3,1.0012919896640826,1.0012919896640826,0.0625,1|2,2,4,8,16
haggling/vegbrooke,Haggling: vegbrooke,haggling,exact-payoff (backbone-invariant),1003,random,1,0.35529715762273906,0.35529715762273906,9,3,0.6459948320413436,1.0012919896640826,0.0625,1|2,2,4,8,16
haggling/vegbrooke,Haggling: vegbrooke,haggling,exact-payoff (backbone-invariant),1003,random,2,0.1434108527131781,0.49870801033591716,4,3,0.8578811369509045,1.0012919896640826,0.0625,1|2,2,4,8,16
haggling/vegbrooke,Haggling: vegbrooke,haggling,exact-payoff (backbone-invariant),1003,random,3,0.1434108527131781,0.6421188630490953,4,3,0.8578811369509045,1.0012919896640826,0.0625,1|2,2,4,8,16
haggling/vegbrooke,Haggling: vegbrooke,haggling,exact-payoff (backbone-invariant),1003,random,4,0.17958656330749356,0.8217054263565888,7,3,0.821705426356589,1.0012919896640826,0.0625,1|2,2,4,8,16
haggling/vegbrooke,Haggling: vegbrooke,haggling,exact-payoff (backbone-invariant),1003,random,5,0.1434108527131781,0.9651162790697669,4,3,0.8578811369509045,1.0012919896640826,0.0625,1|2,2,4,8,16
haggling/vegbrooke,Haggling: vegbrooke,haggling,exact-payoff (backbone-invariant),1003,random,6,0.003875968992247958,0.9689922480620149,5,3,0.9974160206718347,1.0012919896640826,0.0625,1|2,2,4,8,16
haggling/vegbrooke,Haggling: vegbrooke,haggling,exact-payoff (backbone-invariant),1003,random,7,0.17958656330749356,1.1485788113695086,7,3,0.821705426356589,1.0012919896640826,0.0625,1|2,2,4,8,16
haggling/vegbrooke,Haggling: vegbrooke,haggling,exact-payoff (backbone-invariant),1003,random,8,0.1434108527131781,1.2919896640826867,2,3,0.8578811369509045,1.0012919896640826,0.0625,1|2,2,4,8,16
haggling/vegbrooke,Haggling: vegbrooke,haggling,exact-payoff (backbone-invariant),1003,random,9,0.003875968992247958,1.2958656330749347,5,3,0.9974160206718347,1.0012919896640826,0.0625,1|2,2,4,8,16
haggling/vegbrooke,Haggling: vegbrooke,haggling,exact-payoff (backbone-invariant),1003,random,10,0.003875968992247958,1.2997416020671828,5,3,0.9974160206718347,1.0012919896640826,0.0625,1|2,2,4,8,16
haggling/vegbrooke,Haggling: vegbrooke,haggling,exact-payoff (backbone-invariant),1003,random,11,0.1434108527131781,1.443152454780361,4,3,0.8578811369509045,1.0012919896640826,0.0625,1|2,2,4,8,16
haggling/vegbrooke,Haggling: vegbrooke,haggling,exact-payoff (backbone-invariant),1003,random,12,0.16795865633074925,1.6111111111111103,1,3,0.8333333333333334,1.0012919896640826,0.0625,1|2,2,4,8,16
haggling/vegbrooke,Haggling: vegbrooke,haggling,exact-payoff (backbone-invariant),1003,random,13,0.1434108527131781,1.7545219638242884,2,3,0.8578811369509045,1.0012919896640826,0.0625,1|2,2,4,8,16
haggling/vegbrooke,Haggling: vegbrooke,haggling,exact-payoff (backbone-invariant),1003,random,14,0.1434108527131781,1.8979328165374665,0,3,0.8578811369509045,1.0012919896640826,0.0625,1|2,2,4,8,16
haggling/vegbrooke,Haggling: vegbrooke,haggling,exact-payoff (backbone-invariant),1003,random,15,0.1434108527131781,2.0413436692506446,8,3,0.8578811369509045,1.0012919896640826,0.0625,1|2,2,4,8,16
haggling/vegbrooke,Haggling: vegbrooke,haggling,exact-payoff (backbone-invariant),1003,random,16,0.1434108527131781,2.1847545219638227,4,3,0.8578811369509045,1.0012919896640826,0.0625,1|2,2,4,8,16
haggling/vegbrooke,Haggling: vegbrooke,haggling,exact-payoff (backbone-invariant),1003,random,17,0.1434108527131781,2.328165374677001,8,3,0.8578811369509045,1.0012919896640826,0.0625,1|2,2,4,8,16
haggling/vegbrooke,Haggling: vegbrooke,haggling,exact-payoff (backbone-invariant),1003,random,18,0.0,2.328165374677001,3,3,1.0012919896640826,1.0012919896640826,0.0625,1|2,2,4,8,16
haggling/vegbrooke,Haggling: vegbrooke,haggling,exact-payoff (backbone-invariant),1003,random,19,0.1434108527131781,2.471576227390179,4,3,0.8578811369509045,1.0012919896640826,0.0625,1|2,2,4,8,16
haggling/vegbrooke,Haggling: vegbrooke,haggling,exact-payoff (backbone-invariant),1003,random,20,0.1434108527131781,2.614987080103357,6,3,0.8578811369509045,1.0012919896640826,0.0625,1|2,2,4,8,16
haggling_multi_item/vegbrooke,Multi-item: vegbrooke,haggling_multi_item,exact-payoff (backbone-invariant),1003,pact,1,0.007692307692307887,0.007692307692307887,19,17,1.169230769230769,1.176923076923077,0.2674995171452337,1|2,2,4,8,16
haggling_multi_item/vegbrooke,Multi-item: vegbrooke,haggling_multi_item,exact-payoff (backbone-invariant),1003,pact,2,0.007692307692307887,0.015384615384615774,19,17,1.169230769230769,1.176923076923077,0.28324037829752124,1|2,2,4,8,16
haggling_multi_item/vegbrooke,Multi-item: vegbrooke,haggling_multi_item,exact-payoff (backbone-invariant),1003,pact,3,0.0,0.015384615384615774,17,17,1.176923076923077,1.176923076923077,0.30522981062805343,1|2,2,4,8,16
haggling_multi_item/vegbrooke,Multi-item: vegbrooke,haggling_multi_item,exact-payoff (backbone-invariant),1003,pact,4,0.0,0.015384615384615774,17,17,1.176923076923077,1.176923076923077,0.3249331674188271,1|2,2,4,8,16
haggling_multi_item/vegbrooke,Multi-item: vegbrooke,haggling_multi_item,exact-payoff (backbone-invariant),1003,pact,5,0.25384615384615383,0.2692307692307696,23,17,0.9230769230769231,1.176923076923077,0.5012108565047981,1|2,2,4,8,16
haggling_multi_item/vegbrooke,Multi-item: vegbrooke,haggling_multi_item,exact-payoff (backbone-invariant),1003,pact,6,0.0,0.2692307692307696,17,17,1.176923076923077,1.176923076923077,0.5362108323510989,1|2,2,4,8,16
haggling_multi_item/vegbrooke,Multi-item: vegbrooke,haggling_multi_item,exact-payoff (backbone-invariant),1003,pact,7,0.0,0.2692307692307696,17,17,1.176923076923077,1.176923076923077,0.5664090098852552,1|2,2,4,8,16
haggling_multi_item/vegbrooke,Multi-item: vegbrooke,haggling_multi_item,exact-payoff (backbone-invariant),1003,pact,8,0.2153846153846154,0.484615384615385,13,17,0.9615384615384616,1.176923076923077,0.8305410971991375,1|2,2,4,8,16
haggling_multi_item/vegbrooke,Multi-item: vegbrooke,haggling_multi_item,exact-payoff (backbone-invariant),1003,pact,9,0.0,0.484615384615385,17,17,1.176923076923077,1.176923076923077,0.8356043044479671,1|2,2,4,8,16
haggling_multi_item/vegbrooke,Multi-item: vegbrooke,haggling_multi_item,exact-payoff (backbone-invariant),1003,pact,10,0.007692307692307887,0.4923076923076929,19,17,1.169230769230769,1.176923076923077,0.8395280873899604,1|2,2,4,8,16
haggling_multi_item/vegbrooke,Multi-item: vegbrooke,haggling_multi_item,exact-payoff (backbone-invariant),1003,pact,11,0.0,0.4923076923076929,17,17,1.176923076923077,1.176923076923077,0.844334519899822,1|2,2,4,8,16
haggling_multi_item/vegbrooke,Multi-item: vegbrooke,haggling_multi_item,exact-payoff (backbone-invariant),1003,pact,12,0.0,0.4923076923076929,17,17,1.176923076923077,1.176923076923077,0.8489544767728381,1|2,2,4,8,16
haggling_multi_item/vegbrooke,Multi-item: vegbrooke,haggling_multi_item,exact-payoff (backbone-invariant),1003,pact,13,0.0,0.4923076923076929,17,17,1.176923076923077,1.176923076923077,0.8533970610100784,1|2,2,4,8,16
haggling_multi_item/vegbrooke,Multi-item: vegbrooke,haggling_multi_item,exact-payoff (backbone-invariant),1003,pact,14,0.0,0.4923076923076929,17,17,1.176923076923077,1.176923076923077,0.8576709318398242,1|2,2,4,8,16
haggling_multi_item/vegbrooke,Multi-item: vegbrooke,haggling_multi_item,exact-payoff (backbone-invariant),1003,pact,15,0.007692307692307887,0.5000000000000008,19,17,1.169230769230769,1.176923076923077,0.8612386916954287,1|2,2,4,8,16
haggling_multi_item/vegbrooke,Multi-item: vegbrooke,haggling_multi_item,exact-payoff (backbone-invariant),1003,pact,16,0.0,0.5000000000000008,17,17,1.176923076923077,1.176923076923077,0.8652915120302123,1|2,2,4,8,16
haggling_multi_item/vegbrooke,Multi-item: vegbrooke,haggling_multi_item,exact-payoff (backbone-invariant),1003,pact,17,0.0,0.5000000000000008,17,17,1.176923076923077,1.176923076923077,0.8691918895073563,1|2,2,4,8,16
haggling_multi_item/vegbrooke,Multi-item: vegbrooke,haggling_multi_item,exact-payoff (backbone-invariant),1003,pact,18,0.0,0.5000000000000008,17,17,1.176923076923077,1.176923076923077,0.8729472875454518,1|2,2,4,8,16
haggling_multi_item/vegbrooke,Multi-item: vegbrooke,haggling_multi_item,exact-payoff (backbone-invariant),1003,pact,19,0.0,0.5000000000000008,17,17,1.176923076923077,1.176923076923077,0.8765647559379579,1|2,2,4,8,16
haggling_multi_item/vegbrooke,Multi-item: vegbrooke,haggling_multi_item,exact-payoff (backbone-invariant),1003,pact,20,0.0,0.5000000000000008,17,17,1.176923076923077,1.176923076923077,0.8800509468574929,1|2,2,4,8,16
haggling_multi_item/vegbrooke,Multi-item: vegbrooke,haggling_multi_item,exact-payoff (backbone-invariant),1003,pact_plus,1,0.007692307692307887,0.007692307692307887,19,17,1.169230769230769,1.176923076923077,0.2674995171452337,1|2,2,4,8,16
haggling_multi_item/vegbrooke,Multi-item: vegbrooke,haggling_multi_item,exact-payoff (backbone-invariant),1003,pact_plus,2,0.007692307692307887,0.015384615384615774,19,17,1.169230769230769,1.176923076923077,0.28324037829752124,1|2,2,4,8,16
haggling_multi_item/vegbrooke,Multi-item: vegbrooke,haggling_multi_item,exact-payoff (backbone-invariant),1003,pact_plus,3,0.0,0.015384615384615774,17,17,1.176923076923077,1.176923076923077,0.30522981062805343,1|2,2,4,8,16
haggling_multi_item/vegbrooke,Multi-item: vegbrooke,haggling_multi_item,exact-payoff (backbone-invariant),1003,pact_plus,4,0.0,0.015384615384615774,17,17,1.176923076923077,1.176923076923077,0.3249331674188271,1|2,2,4,8,16
haggling_multi_item/vegbrooke,Multi-item: vegbrooke,haggling_multi_item,exact-payoff (backbone-invariant),1003,pact_plus,5,0.25384615384615383,0.2692307692307696,23,17,0.9230769230769231,1.176923076923077,0.5012108565047981,1|2,2,4,8,16
haggling_multi_item/vegbrooke,Multi-item: vegbrooke,haggling_multi_item,exact-payoff (backbone-invariant),1003,pact_plus,6,0.0,0.2692307692307696,17,17,1.176923076923077,1.176923076923077,0.5362108323510989,1|2,2,4,8,16
haggling_multi_item/vegbrooke,Multi-item: vegbrooke,haggling_multi_item,exact-payoff (backbone-invariant),1003,pact_plus,7,0.0,0.2692307692307696,17,17,1.176923076923077,1.176923076923077,0.5664090098852552,1|2,2,4,8,16
haggling_multi_item/vegbrooke,Multi-item: vegbrooke,haggling_multi_item,exact-payoff (backbone-invariant),1003,pact_plus,8,0.2153846153846154,0.484615384615385,13,17,0.9615384615384616,1.176923076923077,0.8305410971991375,1|2,2,4,8,16
haggling_multi_item/vegbrooke,Multi-item: vegbrooke,haggling_multi_item,exact-payoff (backbone-invariant),1003,pact_plus,9,0.0,0.484615384615385,17,17,1.176923076923077,1.176923076923077,0.8356043044479671,1|2,2,4,8,16
haggling_multi_item/vegbrooke,Multi-item: vegbrooke,haggling_multi_item,exact-payoff (backbone-invariant),1003,pact_plus,10,0.007692307692307887,0.4923076923076929,19,17,1.169230769230769,1.176923076923077,0.8395280873899604,1|2,2,4,8,16
haggling_multi_item/vegbrooke,Multi-item: vegbrooke,haggling_multi_item,exact-payoff (backbone-invariant),1003,pact_plus,11,0.0,0.4923076923076929,17,17,1.176923076923077,1.176923076923077,0.844334519899822,1|2,2,4,8,16
haggling_multi_item/vegbrooke,Multi-item: vegbrooke,haggling_multi_item,exact-payoff (backbone-invariant),1003,pact_plus,12,0.0,0.4923076923076929,17,17,1.176923076923077,1.176923076923077,0.8489544767728381,1|2,2,4,8,16
haggling_multi_item/vegbrooke,Multi-item: vegbrooke,haggling_multi_item,exact-payoff (backbone-invariant),1003,pact_plus,13,0.0,0.4923076923076929,17,17,1.176923076923077,1.176923076923077,0.8533970610100784,1|2,2,4,8,16
haggling_multi_item/vegbrooke,Multi-item: vegbrooke,haggling_multi_item,exact-payoff (backbone-invariant),1003,pact_plus,14,0.0,0.4923076923076929,17,17,1.176923076923077,1.176923076923077,0.8576709318398242,1|2,2,4,8,16
haggling_multi_item/vegbrooke,Multi-item: vegbrooke,haggling_multi_item,exact-payoff (backbone-invariant),1003,pact_plus,15,0.007692307692307887,0.5000000000000008,19,17,1.169230769230769,1.176923076923077,0.8612386916954287,1|2,2,4,8,16
haggling_multi_item/vegbrooke,Multi-item: vegbrooke,haggling_multi_item,exact-payoff (backbone-invariant),1003,pact_plus,16,0.0,0.5000000000000008,17,17,1.176923076923077,1.176923076923077,0.8652915120302123,1|2,2,4,8,16
haggling_multi_item/vegbrooke,Multi-item: vegbrooke,haggling_multi_item,exact-payoff (backbone-invariant),1003,pact_plus,17,0.0,0.5000000000000008,17,17,1.176923076923077,1.176923076923077,0.8691918895073563,1|2,2,4,8,16
haggling_multi_item/vegbrooke,Multi-item: vegbrooke,haggling_multi_item,exact-payoff (backbone-invariant),1003,pact_plus,18,0.0,0.5000000000000008,17,17,1.176923076923077,1.176923076923077,0.8729472875454518,1|2,2,4,8,16
haggling_multi_item/vegbrooke,Multi-item: vegbrooke,haggling_multi_item,exact-payoff (backbone-invariant),1003,pact_plus,19,0.0,0.5000000000000008,17,17,1.176923076923077,1.176923076923077,0.8765647559379579,1|2,2,4,8,16
haggling_multi_item/vegbrooke,Multi-item: vegbrooke,haggling_multi_item,exact-payoff (backbone-invariant),1003,pact_plus,20,0.0,0.5000000000000008,17,17,1.176923076923077,1.176923076923077,0.8800509468574929,1|2,2,4,8,16
haggling_multi_item/vegbrooke,Multi-item: vegbrooke,haggling_multi_item,exact-payoff (backbone-invariant),1003,joint_psrl_uniform,1,0.0,0.0,17,17,1.176923076923077,1.176923076923077,0.0714798386671888,1|2,2,4,8,16
haggling_multi_item/vegbrooke,Multi-item: vegbrooke,haggling_multi_item,exact-payoff (backbone-invariant),1003,joint_psrl_uniform,2,0.0,0.0,17,17,1.176923076923077,1.176923076923077,0.07997151243486353,1|2,2,4,8,16
haggling_multi_item/vegbrooke,Multi-item: vegbrooke,haggling_multi_item,exact-payoff (backbone-invariant),1003,joint_psrl_uniform,3,0.0,0.0,17,17,1.176923076923077,1.176923076923077,0.08790960715404804,1|2,2,4,8,16
haggling_multi_item/vegbrooke,Multi-item: vegbrooke,haggling_multi_item,exact-payoff (backbone-invariant),1003,joint_psrl_uniform,4,0.007692307692307887,0.007692307692307887,19,17,1.169230769230769,1.176923076923077,0.10238766304920152,1|2,2,4,8,16
haggling_multi_item/vegbrooke,Multi-item: vegbrooke,haggling_multi_item,exact-payoff (backbone-invariant),1003,joint_psrl_uniform,5,0.2153846153846154,0.22307692307692328,13,17,0.9615384615384616,1.176923076923077,0.27260462945037056,1|2,2,4,8,16
haggling_multi_item/vegbrooke,Multi-item: vegbrooke,haggling_multi_item,exact-payoff (backbone-invariant),1003,joint_psrl_uniform,6,0.25384615384615383,0.4769230769230771,23,17,0.9230769230769231,1.176923076923077,0.6741029422343733,1|2,2,4,8,16
haggling_multi_item/vegbrooke,Multi-item: vegbrooke,haggling_multi_item,exact-payoff (backbone-invariant),1003,joint_psrl_uniform,7,0.0,0.4769230769230771,17,17,1.176923076923077,1.176923076923077,0.6829342441664883,1|2,2,4,8,16
haggling_multi_item/vegbrooke,Multi-item: vegbrooke,haggling_multi_item,exact-payoff (backbone-invariant),1003,joint_psrl_uniform,8,0.0,0.4769230769230771,17,17,1.176923076923077,1.176923076923077,0.6914647450176333,1|2,2,4,8,16
haggling_multi_item/vegbrooke,Multi-item: vegbrooke,haggling_multi_item,exact-payoff (backbone-invariant),1003,joint_psrl_uniform,9,0.0,0.4769230769230771,17,17,1.176923076923077,1.176923076923077,0.6997070194397863,1|2,2,4,8,16
haggling_multi_item/vegbrooke,Multi-item: vegbrooke,haggling_multi_item,exact-payoff (backbone-invariant),1003,joint_psrl_uniform,10,0.007692307692307887,0.484615384615385,19,17,1.169230769230769,1.176923076923077,0.7063730200579811,1|2,2,4,8,16
haggling_multi_item/vegbrooke,Multi-item: vegbrooke,haggling_multi_item,exact-payoff (backbone-invariant),1003,joint_psrl_uniform,11,0.0,0.484615384615385,17,17,1.176923076923077,1.176923076923077,0.7142792159487683,1|2,2,4,8,16
haggling_multi_item/vegbrooke,Multi-item: vegbrooke,haggling_multi_item,exact-payoff (backbone-invariant),1003,joint_psrl_uniform,12,0.0,0.484615384615385,17,17,1.176923076923077,1.176923076923077,0.721917673374926,1|2,2,4,8,16
haggling_multi_item/vegbrooke,Multi-item: vegbrooke,haggling_multi_item,exact-payoff (backbone-invariant),1003,joint_psrl_uniform,13,0.0,0.484615384615385,17,17,1.176923076923077,1.176923076923077,0.7293000091412924,1|2,2,4,8,16
haggling_multi_item/vegbrooke,Multi-item: vegbrooke,haggling_multi_item,exact-payoff (backbone-invariant),1003,joint_psrl_uniform,14,0.0,0.484615384615385,17,17,1.176923076923077,1.176923076923077,0.7364373370468953,1|2,2,4,8,16
haggling_multi_item/vegbrooke,Multi-item: vegbrooke,haggling_multi_item,exact-payoff (backbone-invariant),1003,joint_psrl_uniform,15,0.0,0.484615384615385,17,17,1.176923076923077,1.176923076923077,0.7433402652065372,1|2,2,4,8,16
haggling_multi_item/vegbrooke,Multi-item: vegbrooke,haggling_multi_item,exact-payoff (backbone-invariant),1003,joint_psrl_uniform,16,0.0,0.484615384615385,17,17,1.176923076923077,1.176923076923077,0.7500188987784774,1|2,2,4,8,16
haggling_multi_item/vegbrooke,Multi-item: vegbrooke,haggling_multi_item,exact-payoff (backbone-invariant),1003,joint_psrl_uniform,17,0.0,0.484615384615385,17,17,1.176923076923077,1.176923076923077,0.75648284738481,1|2,2,4,8,16
haggling_multi_item/vegbrooke,Multi-item: vegbrooke,haggling_multi_item,exact-payoff (backbone-invariant),1003,joint_psrl_uniform,18,0.0,0.484615384615385,17,17,1.176923076923077,1.176923076923077,0.7627412364472396,1|2,2,4,8,16
haggling_multi_item/vegbrooke,Multi-item: vegbrooke,haggling_multi_item,exact-payoff (backbone-invariant),1003,joint_psrl_uniform,19,0.0,0.484615384615385,17,17,1.176923076923077,1.176923076923077,0.7688027216659776,1|2,2,4,8,16
haggling_multi_item/vegbrooke,Multi-item: vegbrooke,haggling_multi_item,exact-payoff (backbone-invariant),1003,joint_psrl_uniform,20,0.0,0.484615384615385,17,17,1.176923076923077,1.176923076923077,0.7746755059163754,1|2,2,4,8,16
haggling_multi_item/vegbrooke,Multi-item: vegbrooke,haggling_multi_item,exact-payoff (backbone-invariant),1003,psrl_notype,1,0.2153846153846154,0.2153846153846154,13,17,0.9615384615384616,1.176923076923077,0.0625,1|2,2,4,8,16
haggling_multi_item/vegbrooke,Multi-item: vegbrooke,haggling_multi_item,exact-payoff (backbone-invariant),1003,psrl_notype,2,0.0,0.2153846153846154,17,17,1.176923076923077,1.176923076923077,0.0625,1|2,2,4,8,16
haggling_multi_item/vegbrooke,Multi-item: vegbrooke,haggling_multi_item,exact-payoff (backbone-invariant),1003,psrl_notype,3,0.0,0.2153846153846154,17,17,1.176923076923077,1.176923076923077,0.0625,1|2,2,4,8,16
haggling_multi_item/vegbrooke,Multi-item: vegbrooke,haggling_multi_item,exact-payoff (backbone-invariant),1003,psrl_notype,4,0.007692307692307887,0.22307692307692328,19,17,1.169230769230769,1.176923076923077,0.0625,1|2,2,4,8,16
haggling_multi_item/vegbrooke,Multi-item: vegbrooke,haggling_multi_item,exact-payoff (backbone-invariant),1003,psrl_notype,5,0.007692307692307887,0.23076923076923117,19,17,1.169230769230769,1.176923076923077,0.0625,1|2,2,4,8,16
haggling_multi_item/vegbrooke,Multi-item: vegbrooke,haggling_multi_item,exact-payoff (backbone-invariant),1003,psrl_notype,6,0.2153846153846154,0.44615384615384657,13,17,0.9615384615384616,1.176923076923077,0.0625,1|2,2,4,8,16
haggling_multi_item/vegbrooke,Multi-item: vegbrooke,haggling_multi_item,exact-payoff (backbone-invariant),1003,psrl_notype,7,0.007692307692307887,0.45384615384615445,19,17,1.169230769230769,1.176923076923077,0.0625,1|2,2,4,8,16
haggling_multi_item/vegbrooke,Multi-item: vegbrooke,haggling_multi_item,exact-payoff (backbone-invariant),1003,psrl_notype,8,0.0,0.45384615384615445,17,17,1.176923076923077,1.176923076923077,0.0625,1|2,2,4,8,16
haggling_multi_item/vegbrooke,Multi-item: vegbrooke,haggling_multi_item,exact-payoff (backbone-invariant),1003,psrl_notype,9,0.007692307692307887,0.46153846153846234,19,17,1.169230769230769,1.176923076923077,0.0625,1|2,2,4,8,16
haggling_multi_item/vegbrooke,Multi-item: vegbrooke,haggling_multi_item,exact-payoff (backbone-invariant),1003,psrl_notype,10,0.007692307692307887,0.46923076923077023,19,17,1.169230769230769,1.176923076923077,0.0625,1|2,2,4,8,16
haggling_multi_item/vegbrooke,Multi-item: vegbrooke,haggling_multi_item,exact-payoff (backbone-invariant),1003,psrl_notype,11,0.2153846153846154,0.6846153846153856,13,17,0.9615384615384616,1.176923076923077,0.0625,1|2,2,4,8,16
haggling_multi_item/vegbrooke,Multi-item: vegbrooke,haggling_multi_item,exact-payoff (backbone-invariant),1003,psrl_notype,12,0.0,0.6846153846153856,17,17,1.176923076923077,1.176923076923077,0.0625,1|2,2,4,8,16
haggling_multi_item/vegbrooke,Multi-item: vegbrooke,haggling_multi_item,exact-payoff (backbone-invariant),1003,psrl_notype,13,0.25384615384615383,0.9384615384615395,23,17,0.9230769230769231,1.176923076923077,0.0625,1|2,2,4,8,16
haggling_multi_item/vegbrooke,Multi-item: vegbrooke,haggling_multi_item,exact-payoff (backbone-invariant),1003,psrl_notype,14,0.007692307692307887,0.9461538461538473,19,17,1.169230769230769,1.176923076923077,0.0625,1|2,2,4,8,16
haggling_multi_item/vegbrooke,Multi-item: vegbrooke,haggling_multi_item,exact-payoff (backbone-invariant),1003,psrl_notype,15,0.0,0.9461538461538473,17,17,1.176923076923077,1.176923076923077,0.0625,1|2,2,4,8,16
haggling_multi_item/vegbrooke,Multi-item: vegbrooke,haggling_multi_item,exact-payoff (backbone-invariant),1003,psrl_notype,16,0.0,0.9461538461538473,17,17,1.176923076923077,1.176923076923077,0.0625,1|2,2,4,8,16
haggling_multi_item/vegbrooke,Multi-item: vegbrooke,haggling_multi_item,exact-payoff (backbone-invariant),1003,psrl_notype,17,0.2153846153846154,1.1615384615384627,13,17,0.9615384615384616,1.176923076923077,0.0625,1|2,2,4,8,16
haggling_multi_item/vegbrooke,Multi-item: vegbrooke,haggling_multi_item,exact-payoff (backbone-invariant),1003,psrl_notype,18,0.2153846153846154,1.3769230769230782,13,17,0.9615384615384616,1.176923076923077,0.0625,1|2,2,4,8,16
haggling_multi_item/vegbrooke,Multi-item: vegbrooke,haggling_multi_item,exact-payoff (backbone-invariant),1003,psrl_notype,19,0.007692307692307887,1.3846153846153861,19,17,1.169230769230769,1.176923076923077,0.0625,1|2,2,4,8,16
haggling_multi_item/vegbrooke,Multi-item: vegbrooke,haggling_multi_item,exact-payoff (backbone-invariant),1003,psrl_notype,20,0.0,1.3846153846153861,17,17,1.176923076923077,1.176923076923077,0.0625,1|2,2,4,8,16
haggling_multi_item/vegbrooke,Multi-item: vegbrooke,haggling_multi_item,exact-payoff (backbone-invariant),1003,map_type_greedy,1,0.2153846153846154,0.2153846153846154,13,17,0.9615384615384616,1.176923076923077,0.46649360940707413,1|2,2,4,8,16
haggling_multi_item/vegbrooke,Multi-item: vegbrooke,haggling_multi_item,exact-payoff (backbone-invariant),1003,map_type_greedy,2,0.0,0.2153846153846154,17,17,1.176923076923077,1.176923076923077,0.47269109721180225,1|2,2,4,8,16
haggling_multi_item/vegbrooke,Multi-item: vegbrooke,haggling_multi_item,exact-payoff (backbone-invariant),1003,map_type_greedy,3,0.0,0.2153846153846154,17,17,1.176923076923077,1.176923076923077,0.47883197868364674,1|2,2,4,8,16
haggling_multi_item/vegbrooke,Multi-item: vegbrooke,haggling_multi_item,exact-payoff (backbone-invariant),1003,map_type_greedy,4,0.0,0.2153846153846154,17,17,1.176923076923077,1.176923076923077,0.4849177897415771,1|2,2,4,8,16
haggling_multi_item/vegbrooke,Multi-item: vegbrooke,haggling_multi_item,exact-payoff (backbone-invariant),1003,map_type_greedy,5,0.0,0.2153846153846154,17,17,1.176923076923077,1.176923076923077,0.490949936635509,1|2,2,4,8,16
haggling_multi_item/vegbrooke,Multi-item: vegbrooke,haggling_multi_item,exact-payoff (backbone-invariant),1003,map_type_greedy,6,0.0,0.2153846153846154,17,17,1.176923076923077,1.176923076923077,0.49692970829075434,1|2,2,4,8,16
haggling_multi_item/vegbrooke,Multi-item: vegbrooke,haggling_multi_item,exact-payoff (backbone-invariant),1003,map_type_greedy,7,0.0,0.2153846153846154,17,17,1.176923076923077,1.176923076923077,0.5028582852198619,1|2,2,4,8,16
haggling_multi_item/vegbrooke,Multi-item: vegbrooke,haggling_multi_item,exact-payoff (backbone-invariant),1003,map_type_greedy,8,0.0,0.2153846153846154,17,17,1.176923076923077,1.176923076923077,0.5087367463570087,1|2,2,4,8,16
haggling_multi_item/vegbrooke,Multi-item: vegbrooke,haggling_multi_item,exact-payoff (backbone-invariant),1003,map_type_greedy,9,0.0,0.2153846153846154,17,17,1.176923076923077,1.176923076923077,0.5145660746968816,1|2,2,4,8,16
haggling_multi_item/vegbrooke,Multi-item: vegbrooke,haggling_multi_item,exact-payoff (backbone-invariant),1003,map_type_greedy,10,0.0,0.2153846153846154,17,17,1.176923076923077,1.176923076923077,0.5203471622967241,1|2,2,4,8,16
haggling_multi_item/vegbrooke,Multi-item: vegbrooke,haggling_multi_item,exact-payoff (backbone-invariant),1003,map_type_greedy,11,0.0,0.2153846153846154,17,17,1.176923076923077,1.176923076923077,0.5260808149817215,1|2,2,4,8,16
haggling_multi_item/vegbrooke,Multi-item: vegbrooke,haggling_multi_item,exact-payoff (backbone-invariant),1003,map_type_greedy,12,0.0,0.2153846153846154,17,17,1.176923076923077,1.176923076923077,0.5317677569482603,1|2,2,4,8,16
haggling_multi_item/vegbrooke,Multi-item: vegbrooke,haggling_multi_item,exact-payoff (backbone-invariant),1003,map_type_greedy,13,0.0,0.2153846153846154,17,17,1.176923076923077,1.176923076923077,0.5374086353643434,1|2,2,4,8,16
haggling_multi_item/vegbrooke,Multi-item: vegbrooke,haggling_multi_item,exact-payoff (backbone-invariant),1003,map_type_greedy,14,0.0,0.2153846153846154,17,17,1.176923076923077,1.176923076923077,0.5430040250058044,1|2,2,4,8,16
haggling_multi_item/vegbrooke,Multi-item: vegbrooke,haggling_multi_item,exact-payoff (backbone-invariant),1003,map_type_greedy,15,0.0,0.2153846153846154,17,17,1.176923076923077,1.176923076923077,0.5485544329298547,1|2,2,4,8,16
haggling_multi_item/vegbrooke,Multi-item: vegbrooke,haggling_multi_item,exact-payoff (backbone-invariant),1003,map_type_greedy,16,0.0,0.2153846153846154,17,17,1.176923076923077,1.176923076923077,0.5540603031662317,1|2,2,4,8,16
haggling_multi_item/vegbrooke,Multi-item: vegbrooke,haggling_multi_item,exact-payoff (backbone-invariant),1003,map_type_greedy,17,0.0,0.2153846153846154,17,17,1.176923076923077,1.176923076923077,0.5595220213954063,1|2,2,4,8,16
haggling_multi_item/vegbrooke,Multi-item: vegbrooke,haggling_multi_item,exact-payoff (backbone-invariant),1003,map_type_greedy,18,0.0,0.2153846153846154,17,17,1.176923076923077,1.176923076923077,0.5649399195792779,1|2,2,4,8,16
haggling_multi_item/vegbrooke,Multi-item: vegbrooke,haggling_multi_item,exact-payoff (backbone-invariant),1003,map_type_greedy,19,0.0,0.2153846153846154,17,17,1.176923076923077,1.176923076923077,0.570314280509967,1|2,2,4,8,16
haggling_multi_item/vegbrooke,Multi-item: vegbrooke,haggling_multi_item,exact-payoff (backbone-invariant),1003,map_type_greedy,20,0.0,0.2153846153846154,17,17,1.176923076923077,1.176923076923077,0.5756453422450205,1|2,2,4,8,16
haggling_multi_item/vegbrooke,Multi-item: vegbrooke,haggling_multi_item,exact-payoff (backbone-invariant),1003,econ_bne,1,0.0,0.0,17,17,1.176923076923077,1.176923076923077,0.0625,1|2,2,4,8,16
haggling_multi_item/vegbrooke,Multi-item: vegbrooke,haggling_multi_item,exact-payoff (backbone-invariant),1003,econ_bne,2,0.0,0.0,17,17,1.176923076923077,1.176923076923077,0.0625,1|2,2,4,8,16
haggling_multi_item/vegbrooke,Multi-item: vegbrooke,haggling_multi_item,exact-payoff (backbone-invariant),1003,econ_bne,3,0.0,0.0,17,17,1.176923076923077,1.176923076923077,0.0625,1|2,2,4,8,16
haggling_multi_item/vegbrooke,Multi-item: vegbrooke,haggling_multi_item,exact-payoff (backbone-invariant),1003,econ_bne,4,0.0,0.0,17,17,1.176923076923077,1.176923076923077,0.0625,1|2,2,4,8,16
haggling_multi_item/vegbrooke,Multi-item: vegbrooke,haggling_multi_item,exact-payoff (backbone-invariant),1003,econ_bne,5,0.0,0.0,17,17,1.176923076923077,1.176923076923077,0.0625,1|2,2,4,8,16
haggling_multi_item/vegbrooke,Multi-item: vegbrooke,haggling_multi_item,exact-payoff (backbone-invariant),1003,econ_bne,6,0.0,0.0,17,17,1.176923076923077,1.176923076923077,0.0625,1|2,2,4,8,16
haggling_multi_item/vegbrooke,Multi-item: vegbrooke,haggling_multi_item,exact-payoff (backbone-invariant),1003,econ_bne,7,0.0,0.0,17,17,1.176923076923077,1.176923076923077,0.0625,1|2,2,4,8,16
haggling_multi_item/vegbrooke,Multi-item: vegbrooke,haggling_multi_item,exact-payoff (backbone-invariant),1003,econ_bne,8,0.0,0.0,17,17,1.176923076923077,1.176923076923077,0.0625,1|2,2,4,8,16
haggling_multi_item/vegbrooke,Multi-item: vegbrooke,haggling_multi_item,exact-payoff (backbone-invariant),1003,econ_bne,9,0.0,0.0,17,17,1.176923076923077,1.176923076923077,0.0625,1|2,2,4,8,16
haggling_multi_item/vegbrooke,Multi-item: vegbrooke,haggling_multi_item,exact-payoff (backbone-invariant),1003,econ_bne,10,0.0,0.0,17,17,1.176923076923077,1.176923076923077,0.0625,1|2,2,4,8,16
haggling_multi_item/vegbrooke,Multi-item: vegbrooke,haggling_multi_item,exact-payoff (backbone-invariant),1003,econ_bne,11,0.0,0.0,17,17,1.176923076923077,1.176923076923077,0.0625,1|2,2,4,8,16
haggling_multi_item/vegbrooke,Multi-item: vegbrooke,haggling_multi_item,exact-payoff (backbone-invariant),1003,econ_bne,12,0.0,0.0,17,17,1.176923076923077,1.176923076923077,0.0625,1|2,2,4,8,16
haggling_multi_item/vegbrooke,Multi-item: vegbrooke,haggling_multi_item,exact-payoff (backbone-invariant),1003,econ_bne,13,0.0,0.0,17,17,1.176923076923077,1.176923076923077,0.0625,1|2,2,4,8,16
haggling_multi_item/vegbrooke,Multi-item: vegbrooke,haggling_multi_item,exact-payoff (backbone-invariant),1003,econ_bne,14,0.0,0.0,17,17,1.176923076923077,1.176923076923077,0.0625,1|2,2,4,8,16
haggling_multi_item/vegbrooke,Multi-item: vegbrooke,haggling_multi_item,exact-payoff (backbone-invariant),1003,econ_bne,15,0.0,0.0,17,17,1.176923076923077,1.176923076923077,0.0625,1|2,2,4,8,16
haggling_multi_item/vegbrooke,Multi-item: vegbrooke,haggling_multi_item,exact-payoff (backbone-invariant),1003,econ_bne,16,0.0,0.0,17,17,1.176923076923077,1.176923076923077,0.0625,1|2,2,4,8,16
haggling_multi_item/vegbrooke,Multi-item: vegbrooke,haggling_multi_item,exact-payoff (backbone-invariant),1003,econ_bne,17,0.0,0.0,17,17,1.176923076923077,1.176923076923077,0.0625,1|2,2,4,8,16
haggling_multi_item/vegbrooke,Multi-item: vegbrooke,haggling_multi_item,exact-payoff (backbone-invariant),1003,econ_bne,18,0.0,0.0,17,17,1.176923076923077,1.176923076923077,0.0625,1|2,2,4,8,16
haggling_multi_item/vegbrooke,Multi-item: vegbrooke,haggling_multi_item,exact-payoff (backbone-invariant),1003,econ_bne,19,0.0,0.0,17,17,1.176923076923077,1.176923076923077,0.0625,1|2,2,4,8,16
haggling_multi_item/vegbrooke,Multi-item: vegbrooke,haggling_multi_item,exact-payoff (backbone-invariant),1003,econ_bne,20,0.0,0.0,17,17,1.176923076923077,1.176923076923077,0.0625,1|2,2,4,8,16
haggling_multi_item/vegbrooke,Multi-item: vegbrooke,haggling_multi_item,exact-payoff (backbone-invariant),1003,atom_tom1,1,0.41538461538461546,0.41538461538461546,3,17,0.7615384615384615,1.176923076923077,0.0625,1|2,2,4,8,16
haggling_multi_item/vegbrooke,Multi-item: vegbrooke,haggling_multi_item,exact-payoff (backbone-invariant),1003,atom_tom1,2,0.41538461538461546,0.8307692307692309,3,17,0.7615384615384615,1.176923076923077,0.0625,1|2,2,4,8,16
haggling_multi_item/vegbrooke,Multi-item: vegbrooke,haggling_multi_item,exact-payoff (backbone-invariant),1003,atom_tom1,3,0.41538461538461546,1.2461538461538464,3,17,0.7615384615384615,1.176923076923077,0.0625,1|2,2,4,8,16
haggling_multi_item/vegbrooke,Multi-item: vegbrooke,haggling_multi_item,exact-payoff (backbone-invariant),1003,atom_tom1,4,0.41538461538461546,1.6615384615384619,3,17,0.7615384615384615,1.176923076923077,0.0625,1|2,2,4,8,16
haggling_multi_item/vegbrooke,Multi-item: vegbrooke,haggling_multi_item,exact-payoff (backbone-invariant),1003,atom_tom1,5,0.41538461538461546,2.0769230769230775,3,17,0.7615384615384615,1.176923076923077,0.0625,1|2,2,4,8,16
haggling_multi_item/vegbrooke,Multi-item: vegbrooke,haggling_multi_item,exact-payoff (backbone-invariant),1003,atom_tom1,6,0.41538461538461546,2.4923076923076932,3,17,0.7615384615384615,1.176923076923077,0.0625,1|2,2,4,8,16
haggling_multi_item/vegbrooke,Multi-item: vegbrooke,haggling_multi_item,exact-payoff (backbone-invariant),1003,atom_tom1,7,0.41538461538461546,2.907692307692309,3,17,0.7615384615384615,1.176923076923077,0.0625,1|2,2,4,8,16
haggling_multi_item/vegbrooke,Multi-item: vegbrooke,haggling_multi_item,exact-payoff (backbone-invariant),1003,atom_tom1,8,0.41538461538461546,3.3230769230769246,3,17,0.7615384615384615,1.176923076923077,0.0625,1|2,2,4,8,16
haggling_multi_item/vegbrooke,Multi-item: vegbrooke,haggling_multi_item,exact-payoff (backbone-invariant),1003,atom_tom1,9,0.41538461538461546,3.7384615384615403,3,17,0.7615384615384615,1.176923076923077,0.0625,1|2,2,4,8,16
haggling_multi_item/vegbrooke,Multi-item: vegbrooke,haggling_multi_item,exact-payoff (backbone-invariant),1003,atom_tom1,10,0.41538461538461546,4.153846153846156,3,17,0.7615384615384615,1.176923076923077,0.0625,1|2,2,4,8,16
haggling_multi_item/vegbrooke,Multi-item: vegbrooke,haggling_multi_item,exact-payoff (backbone-invariant),1003,atom_tom1,11,0.41538461538461546,4.569230769230772,3,17,0.7615384615384615,1.176923076923077,0.0625,1|2,2,4,8,16
haggling_multi_item/vegbrooke,Multi-item: vegbrooke,haggling_multi_item,exact-payoff (backbone-invariant),1003,atom_tom1,12,0.41538461538461546,4.984615384615387,3,17,0.7615384615384615,1.176923076923077,0.0625,1|2,2,4,8,16
haggling_multi_item/vegbrooke,Multi-item: vegbrooke,haggling_multi_item,exact-payoff (backbone-invariant),1003,atom_tom1,13,0.41538461538461546,5.400000000000003,3,17,0.7615384615384615,1.176923076923077,0.0625,1|2,2,4,8,16
haggling_multi_item/vegbrooke,Multi-item: vegbrooke,haggling_multi_item,exact-payoff (backbone-invariant),1003,atom_tom1,14,0.41538461538461546,5.815384615384619,3,17,0.7615384615384615,1.176923076923077,0.0625,1|2,2,4,8,16
haggling_multi_item/vegbrooke,Multi-item: vegbrooke,haggling_multi_item,exact-payoff (backbone-invariant),1003,atom_tom1,15,0.41538461538461546,6.230769230769234,3,17,0.7615384615384615,1.176923076923077,0.0625,1|2,2,4,8,16
haggling_multi_item/vegbrooke,Multi-item: vegbrooke,haggling_multi_item,exact-payoff (backbone-invariant),1003,atom_tom1,16,0.41538461538461546,6.64615384615385,3,17,0.7615384615384615,1.176923076923077,0.0625,1|2,2,4,8,16
haggling_multi_item/vegbrooke,Multi-item: vegbrooke,haggling_multi_item,exact-payoff (backbone-invariant),1003,atom_tom1,17,0.41538461538461546,7.061538461538466,3,17,0.7615384615384615,1.176923076923077,0.0625,1|2,2,4,8,16
haggling_multi_item/vegbrooke,Multi-item: vegbrooke,haggling_multi_item,exact-payoff (backbone-invariant),1003,atom_tom1,18,0.41538461538461546,7.4769230769230814,3,17,0.7615384615384615,1.176923076923077,0.0625,1|2,2,4,8,16
haggling_multi_item/vegbrooke,Multi-item: vegbrooke,haggling_multi_item,exact-payoff (backbone-invariant),1003,atom_tom1,19,0.41538461538461546,7.892307692307697,3,17,0.7615384615384615,1.176923076923077,0.0625,1|2,2,4,8,16
haggling_multi_item/vegbrooke,Multi-item: vegbrooke,haggling_multi_item,exact-payoff (backbone-invariant),1003,atom_tom1,20,0.41538461538461546,8.307692307692312,3,17,0.7615384615384615,1.176923076923077,0.0625,1|2,2,4,8,16
haggling_multi_item/vegbrooke,Multi-item: vegbrooke,haggling_multi_item,exact-payoff (backbone-invariant),1003,random,1,0.13076923076923075,0.13076923076923075,33,17,1.0461538461538462,1.176923076923077,0.0625,1|2,2,4,8,16
haggling_multi_item/vegbrooke,Multi-item: vegbrooke,haggling_multi_item,exact-payoff (backbone-invariant),1003,random,2,0.7153846153846154,0.8461538461538461,16,17,0.46153846153846156,1.176923076923077,0.0625,1|2,2,4,8,16
haggling_multi_item/vegbrooke,Multi-item: vegbrooke,haggling_multi_item,exact-payoff (backbone-invariant),1003,random,3,0.10769230769230775,0.9538461538461539,15,17,1.0692307692307692,1.176923076923077,0.0625,1|2,2,4,8,16
haggling_multi_item/vegbrooke,Multi-item: vegbrooke,haggling_multi_item,exact-payoff (backbone-invariant),1003,random,4,0.7153846153846154,1.6692307692307693,26,17,0.46153846153846156,1.176923076923077,0.0625,1|2,2,4,8,16
haggling_multi_item/vegbrooke,Multi-item: vegbrooke,haggling_multi_item,exact-payoff (backbone-invariant),1003,random,5,0.0,1.6692307692307693,17,17,1.176923076923077,1.176923076923077,0.0625,1|2,2,4,8,16
haggling_multi_item/vegbrooke,Multi-item: vegbrooke,haggling_multi_item,exact-payoff (backbone-invariant),1003,random,6,0.007692307692307887,1.6769230769230772,19,17,1.169230769230769,1.176923076923077,0.0625,1|2,2,4,8,16
haggling_multi_item/vegbrooke,Multi-item: vegbrooke,haggling_multi_item,exact-payoff (backbone-invariant),1003,random,7,0.7153846153846154,2.3923076923076927,28,17,0.46153846153846156,1.176923076923077,0.0625,1|2,2,4,8,16
haggling_multi_item/vegbrooke,Multi-item: vegbrooke,haggling_multi_item,exact-payoff (backbone-invariant),1003,random,8,0.7153846153846154,3.107692307692308,8,17,0.46153846153846156,1.176923076923077,0.0625,1|2,2,4,8,16
haggling_multi_item/vegbrooke,Multi-item: vegbrooke,haggling_multi_item,exact-payoff (backbone-invariant),1003,random,9,0.007692307692307887,3.115384615384616,19,17,1.169230769230769,1.176923076923077,0.0625,1|2,2,4,8,16
haggling_multi_item/vegbrooke,Multi-item: vegbrooke,haggling_multi_item,exact-payoff (backbone-invariant),1003,random,10,0.7153846153846154,3.8307692307692314,18,17,0.46153846153846156,1.176923076923077,0.0625,1|2,2,4,8,16
haggling_multi_item/vegbrooke,Multi-item: vegbrooke,haggling_multi_item,exact-payoff (backbone-invariant),1003,random,11,0.7153846153846154,4.546153846153847,16,17,0.46153846153846156,1.176923076923077,0.0625,1|2,2,4,8,16
haggling_multi_item/vegbrooke,Multi-item: vegbrooke,haggling_multi_item,exact-payoff (backbone-invariant),1003,random,12,0.7153846153846154,5.261538461538462,6,17,0.46153846153846156,1.176923076923077,0.0625,1|2,2,4,8,16
haggling_multi_item/vegbrooke,Multi-item: vegbrooke,haggling_multi_item,exact-payoff (backbone-invariant),1003,random,13,0.43846153846153846,5.700000000000001,9,17,0.7384615384615385,1.176923076923077,0.0625,1|2,2,4,8,16
haggling_multi_item/vegbrooke,Multi-item: vegbrooke,haggling_multi_item,exact-payoff (backbone-invariant),1003,random,14,0.5230769230769231,6.223076923076924,1,17,0.6538461538461539,1.176923076923077,0.0625,1|2,2,4,8,16
haggling_multi_item/vegbrooke,Multi-item: vegbrooke,haggling_multi_item,exact-payoff (backbone-invariant),1003,random,15,0.7153846153846154,6.93846153846154,32,17,0.46153846153846156,1.176923076923077,0.0625,1|2,2,4,8,16
haggling_multi_item/vegbrooke,Multi-item: vegbrooke,haggling_multi_item,exact-payoff (backbone-invariant),1003,random,16,0.7153846153846154,7.653846153846155,14,17,0.46153846153846156,1.176923076923077,0.0625,1|2,2,4,8,16
haggling_multi_item/vegbrooke,Multi-item: vegbrooke,haggling_multi_item,exact-payoff (backbone-invariant),1003,random,17,0.0,7.653846153846155,29,17,1.176923076923077,1.176923076923077,0.0625,1|2,2,4,8,16
haggling_multi_item/vegbrooke,Multi-item: vegbrooke,haggling_multi_item,exact-payoff (backbone-invariant),1003,random,18,0.7153846153846154,8.36923076923077,10,17,0.46153846153846156,1.176923076923077,0.0625,1|2,2,4,8,16
haggling_multi_item/vegbrooke,Multi-item: vegbrooke,haggling_multi_item,exact-payoff (backbone-invariant),1003,random,19,0.10769230769230775,8.476923076923077,15,17,1.0692307692307692,1.176923076923077,0.0625,1|2,2,4,8,16
haggling_multi_item/vegbrooke,Multi-item: vegbrooke,haggling_multi_item,exact-payoff (backbone-invariant),1003,random,20,0.25384615384615383,8.73076923076923,23,17,0.9230769230769231,1.176923076923077,0.0625,1|2,2,4,8,16
haggling_multi_item/fruitville_multi,Multi-item: fruitville,haggling_multi_item,exact-payoff (backbone-invariant),1003,pact,1,0.11515151515151523,0.11515151515151523,33,31,0.9939393939393939,1.1090909090909091,0.3625293166471971,1|2,2,4,8,16
haggling_multi_item/fruitville_multi,Multi-item: fruitville,haggling_multi_item,exact-payoff (backbone-invariant),1003,pact,2,0.013636363636363669,0.1287878787878789,29,31,1.0954545454545455,1.1090909090909091,0.40703126366429143,1|2,2,4,8,16
haggling_multi_item/fruitville_multi,Multi-item: fruitville,haggling_multi_item,exact-payoff (backbone-invariant),1003,pact,3,0.0,0.1287878787878789,31,31,1.1090909090909091,1.1090909090909091,0.4144534800864265,1|2,2,4,8,16
haggling_multi_item/fruitville_multi,Multi-item: fruitville,haggling_multi_item,exact-payoff (backbone-invariant),1003,pact,4,0.0,0.1287878787878789,31,31,1.1090909090909091,1.1090909090909091,0.42126584365661085,1|2,2,4,8,16
haggling_multi_item/fruitville_multi,Multi-item: fruitville,haggling_multi_item,exact-payoff (backbone-invariant),1003,pact,5,0.0,0.1287878787878789,31,31,1.1090909090909091,1.1090909090909091,0.4275863181618927,1|2,2,4,8,16
haggling_multi_item/fruitville_multi,Multi-item: fruitville,haggling_multi_item,exact-payoff (backbone-invariant),1003,pact,6,0.013636363636363669,0.14242424242424256,29,31,1.0954545454545455,1.1090909090909091,0.46847455543673555,1|2,2,4,8,16
haggling_multi_item/fruitville_multi,Multi-item: fruitville,haggling_multi_item,exact-payoff (backbone-invariant),1003,pact,7,0.0,0.14242424242424256,31,31,1.1090909090909091,1.1090909090909091,0.4753119409225607,1|2,2,4,8,16
haggling_multi_item/fruitville_multi,Multi-item: fruitville,haggling_multi_item,exact-payoff (backbone-invariant),1003,pact,8,0.013636363636363669,0.15606060606060623,29,31,1.0954545454545455,1.1090909090909091,0.509017603487609,1|2,2,4,8,16
haggling_multi_item/fruitville_multi,Multi-item: fruitville,haggling_multi_item,exact-payoff (backbone-invariant),1003,pact,9,0.0,0.15606060606060623,31,31,1.1090909090909091,1.1090909090909091,0.5161458141330312,1|2,2,4,8,16
haggling_multi_item/fruitville_multi,Multi-item: fruitville,haggling_multi_item,exact-payoff (backbone-invariant),1003,pact,10,0.013636363636363669,0.1696969696969699,29,31,1.0954545454545455,1.1090909090909091,0.5433072676562906,1|2,2,4,8,16
haggling_multi_item/fruitville_multi,Multi-item: fruitville,haggling_multi_item,exact-payoff (backbone-invariant),1003,pact,11,0.0,0.1696969696969699,31,31,1.1090909090909091,1.1090909090909091,0.5505282188216775,1|2,2,4,8,16
haggling_multi_item/fruitville_multi,Multi-item: fruitville,haggling_multi_item,exact-payoff (backbone-invariant),1003,pact,12,0.2984848484848486,0.4681818181818185,25,31,0.8106060606060606,1.1090909090909091,0.8023526191966039,1|2,2,4,8,16
haggling_multi_item/fruitville_multi,Multi-item: fruitville,haggling_multi_item,exact-payoff (backbone-invariant),1003,pact,13,0.0,0.4681818181818185,31,31,1.1090909090909091,1.1090909090909091,0.8089467369858256,1|2,2,4,8,16
haggling_multi_item/fruitville_multi,Multi-item: fruitville,haggling_multi_item,exact-payoff (backbone-invariant),1003,pact,14,0.0,0.4681818181818185,31,31,1.1090909090909091,1.1090909090909091,0.8151024977894379,1|2,2,4,8,16
haggling_multi_item/fruitville_multi,Multi-item: fruitville,haggling_multi_item,exact-payoff (backbone-invariant),1003,pact,15,0.0,0.4681818181818185,31,31,1.1090909090909091,1.1090909090909091,0.8208769890817336,1|2,2,4,8,16
haggling_multi_item/fruitville_multi,Multi-item: fruitville,haggling_multi_item,exact-payoff (backbone-invariant),1003,pact,16,0.0,0.4681818181818185,31,31,1.1090909090909091,1.1090909090909091,0.8263164552331465,1|2,2,4,8,16
haggling_multi_item/fruitville_multi,Multi-item: fruitville,haggling_multi_item,exact-payoff (backbone-invariant),1003,pact,17,0.013636363636363669,0.48181818181818215,29,31,1.0954545454545455,1.1090909090909091,0.8318970548690892,1|2,2,4,8,16
haggling_multi_item/fruitville_multi,Multi-item: fruitville,haggling_multi_item,exact-payoff (backbone-invariant),1003,pact,18,0.0,0.48181818181818215,31,31,1.1090909090909091,1.1090909090909091,0.8369532101101982,1|2,2,4,8,16
haggling_multi_item/fruitville_multi,Multi-item: fruitville,haggling_multi_item,exact-payoff (backbone-invariant),1003,pact,19,0.0,0.48181818181818215,31,31,1.1090909090909091,1.1090909090909091,0.8417443679043981,1|2,2,4,8,16
haggling_multi_item/fruitville_multi,Multi-item: fruitville,haggling_multi_item,exact-payoff (backbone-invariant),1003,pact,20,0.0,0.48181818181818215,31,31,1.1090909090909091,1.1090909090909091,0.8462962968672747,1|2,2,4,8,16
haggling_multi_item/fruitville_multi,Multi-item: fruitville,haggling_multi_item,exact-payoff (backbone-invariant),1003,pact_plus,1,0.23030303030303034,0.23030303030303034,35,31,0.8787878787878788,1.1090909090909091,0.4290142154707921,1|2,2,4,8,16
haggling_multi_item/fruitville_multi,Multi-item: fruitville,haggling_multi_item,exact-payoff (backbone-invariant),1003,pact_plus,2,0.2984848484848486,0.5287878787878789,25,31,0.8106060606060606,1.1090909090909091,0.831115324632122,1|2,2,4,8,16
haggling_multi_item/fruitville_multi,Multi-item: fruitville,haggling_multi_item,exact-payoff (backbone-invariant),1003,pact_plus,3,0.0,0.5287878787878789,31,31,1.1090909090909091,1.1090909090909091,0.8352728212324665,1|2,2,4,8,16
haggling_multi_item/fruitville_multi,Multi-item: fruitville,haggling_multi_item,exact-payoff (backbone-invariant),1003,pact_plus,4,0.0,0.5287878787878789,31,31,1.1090909090909091,1.1090909090909091,0.8392621621906212,1|2,2,4,8,16
haggling_multi_item/fruitville_multi,Multi-item: fruitville,haggling_multi_item,exact-payoff (backbone-invariant),1003,pact_plus,5,0.0,0.5287878787878789,31,31,1.1090909090909091,1.1090909090909091,0.8430931653813277,1|2,2,4,8,16
haggling_multi_item/fruitville_multi,Multi-item: fruitville,haggling_multi_item,exact-payoff (backbone-invariant),1003,pact_plus,6,0.0,0.5287878787878789,31,31,1.1090909090909091,1.1090909090909091,0.8467745644205207,1|2,2,4,8,16
haggling_multi_item/fruitville_multi,Multi-item: fruitville,haggling_multi_item,exact-payoff (backbone-invariant),1003,pact_plus,7,0.0,0.5287878787878789,31,31,1.1090909090909091,1.1090909090909091,0.8503142080450741,1|2,2,4,8,16
haggling_multi_item/fruitville_multi,Multi-item: fruitville,haggling_multi_item,exact-payoff (backbone-invariant),1003,pact_plus,8,0.0,0.5287878787878789,31,31,1.1090909090909091,1.1090909090909091,0.8537192174875236,1|2,2,4,8,16
haggling_multi_item/fruitville_multi,Multi-item: fruitville,haggling_multi_item,exact-payoff (backbone-invariant),1003,pact_plus,9,0.0,0.5287878787878789,31,31,1.1090909090909091,1.1090909090909091,0.8569961108074162,1|2,2,4,8,16
haggling_multi_item/fruitville_multi,Multi-item: fruitville,haggling_multi_item,exact-payoff (backbone-invariant),1003,pact_plus,10,0.0,0.5287878787878789,31,31,1.1090909090909091,1.1090909090909091,0.860150901210059,1|2,2,4,8,16
haggling_multi_item/fruitville_multi,Multi-item: fruitville,haggling_multi_item,exact-payoff (backbone-invariant),1003,pact_plus,11,0.0,0.5287878787878789,31,31,1.1090909090909091,1.1090909090909091,0.8631891748801976,1|2,2,4,8,16
haggling_multi_item/fruitville_multi,Multi-item: fruitville,haggling_multi_item,exact-payoff (backbone-invariant),1003,pact_plus,12,0.0,0.5287878787878789,31,31,1.1090909090909091,1.1090909090909091,0.8661161526839531,1|2,2,4,8,16
haggling_multi_item/fruitville_multi,Multi-item: fruitville,haggling_multi_item,exact-payoff (backbone-invariant),1003,pact_plus,13,0.0,0.5287878787878789,31,31,1.1090909090909091,1.1090909090909091,0.868936739172294,1|2,2,4,8,16
haggling_multi_item/fruitville_multi,Multi-item: fruitville,haggling_multi_item,exact-payoff (backbone-invariant),1003,pact_plus,14,0.0,0.5287878787878789,31,31,1.1090909090909091,1.1090909090909091,0.8716555615963395,1|2,2,4,8,16
haggling_multi_item/fruitville_multi,Multi-item: fruitville,haggling_multi_item,exact-payoff (backbone-invariant),1003,pact_plus,15,0.0,0.5287878787878789,31,31,1.1090909090909091,1.1090909090909091,0.8742770010752365,1|2,2,4,8,16
haggling_multi_item/fruitville_multi,Multi-item: fruitville,haggling_multi_item,exact-payoff (backbone-invariant),1003,pact_plus,16,0.0,0.5287878787878789,31,31,1.1090909090909091,1.1090909090909091,0.87680521760766,1|2,2,4,8,16
haggling_multi_item/fruitville_multi,Multi-item: fruitville,haggling_multi_item,exact-payoff (backbone-invariant),1003,pact_plus,17,0.013636363636363669,0.5424242424242426,29,31,1.0954545454545455,1.1090909090909091,0.8818873842066601,1|2,2,4,8,16
haggling_multi_item/fruitville_multi,Multi-item: fruitville,haggling_multi_item,exact-payoff (backbone-invariant),1003,pact_plus,18,0.0,0.5424242424242426,31,31,1.1090909090909091,1.1090909090909091,0.8842754388135248,1|2,2,4,8,16
haggling_multi_item/fruitville_multi,Multi-item: fruitville,haggling_multi_item,exact-payoff (backbone-invariant),1003,pact_plus,19,0.0,0.5424242424242426,31,31,1.1090909090909091,1.1090909090909091,0.886579536814931,1|2,2,4,8,16
haggling_multi_item/fruitville_multi,Multi-item: fruitville,haggling_multi_item,exact-payoff (backbone-invariant),1003,pact_plus,20,0.0,0.5424242424242426,31,31,1.1090909090909091,1.1090909090909091,0.8888032401120662,1|2,2,4,8,16
haggling_multi_item/fruitville_multi,Multi-item: fruitville,haggling_multi_item,exact-payoff (backbone-invariant),1003,joint_psrl_uniform,1,0.0,0.0,31,31,1.1090909090909091,1.1090909090909091,0.0734175073620131,1|2,2,4,8,16
haggling_multi_item/fruitville_multi,Multi-item: fruitville,haggling_multi_item,exact-payoff (backbone-invariant),1003,joint_psrl_uniform,2,0.0,0.0,31,31,1.1090909090909091,1.1090909090909091,0.08357969176924289,1|2,2,4,8,16
haggling_multi_item/fruitville_multi,Multi-item: fruitville,haggling_multi_item,exact-payoff (backbone-invariant),1003,joint_psrl_uniform,3,0.0,0.0,31,31,1.1090909090909091,1.1090909090909091,0.09279000547633874,1|2,2,4,8,16
haggling_multi_item/fruitville_multi,Multi-item: fruitville,haggling_multi_item,exact-payoff (backbone-invariant),1003,joint_psrl_uniform,4,0.2984848484848486,0.2984848484848486,25,31,0.8106060606060606,1.1090909090909091,0.3616591374897423,1|2,2,4,8,16
haggling_multi_item/fruitville_multi,Multi-item: fruitville,haggling_multi_item,exact-payoff (backbone-invariant),1003,joint_psrl_uniform,5,0.0,0.2984848484848486,31,31,1.1090909090909091,1.1090909090909091,0.396112475132434,1|2,2,4,8,16
haggling_multi_item/fruitville_multi,Multi-item: fruitville,haggling_multi_item,exact-payoff (backbone-invariant),1003,joint_psrl_uniform,6,0.0,0.2984848484848486,31,31,1.1090909090909091,1.1090909090909091,0.42666257500626353,1|2,2,4,8,16
haggling_multi_item/fruitville_multi,Multi-item: fruitville,haggling_multi_item,exact-payoff (backbone-invariant),1003,joint_psrl_uniform,7,0.0,0.2984848484848486,31,31,1.1090909090909091,1.1090909090909091,0.4536548087176562,1|2,2,4,8,16
haggling_multi_item/fruitville_multi,Multi-item: fruitville,haggling_multi_item,exact-payoff (backbone-invariant),1003,joint_psrl_uniform,8,0.0,0.2984848484848486,31,31,1.1090909090909091,1.1090909090909091,0.47753434611478257,1|2,2,4,8,16
haggling_multi_item/fruitville_multi,Multi-item: fruitville,haggling_multi_item,exact-payoff (backbone-invariant),1003,joint_psrl_uniform,9,0.0,0.2984848484848486,31,31,1.1090909090909091,1.1090909090909091,0.4987554974802782,1|2,2,4,8,16
haggling_multi_item/fruitville_multi,Multi-item: fruitville,haggling_multi_item,exact-payoff (backbone-invariant),1003,joint_psrl_uniform,10,0.0,0.2984848484848486,31,31,1.1090909090909091,1.1090909090909091,0.5177361028534652,1|2,2,4,8,16
haggling_multi_item/fruitville_multi,Multi-item: fruitville,haggling_multi_item,exact-payoff (backbone-invariant),1003,joint_psrl_uniform,11,0.11515151515151523,0.4136363636363638,33,31,0.9939393939393939,1.1090909090909091,0.6314541791670828,1|2,2,4,8,16
haggling_multi_item/fruitville_multi,Multi-item: fruitville,haggling_multi_item,exact-payoff (backbone-invariant),1003,joint_psrl_uniform,12,0.0,0.4136363636363638,31,31,1.1090909090909091,1.1090909090909091,0.640509012384007,1|2,2,4,8,16
haggling_multi_item/fruitville_multi,Multi-item: fruitville,haggling_multi_item,exact-payoff (backbone-invariant),1003,joint_psrl_uniform,13,0.0,0.4136363636363638,31,31,1.1090909090909091,1.1090909090909091,0.6491422036574804,1|2,2,4,8,16
haggling_multi_item/fruitville_multi,Multi-item: fruitville,haggling_multi_item,exact-payoff (backbone-invariant),1003,joint_psrl_uniform,14,0.0,0.4136363636363638,31,31,1.1090909090909091,1.1090909090909091,0.6573945802925067,1|2,2,4,8,16
haggling_multi_item/fruitville_multi,Multi-item: fruitville,haggling_multi_item,exact-payoff (backbone-invariant),1003,joint_psrl_uniform,15,0.0,0.4136363636363638,31,31,1.1090909090909091,1.1090909090909091,0.665300094998264,1|2,2,4,8,16
haggling_multi_item/fruitville_multi,Multi-item: fruitville,haggling_multi_item,exact-payoff (backbone-invariant),1003,joint_psrl_uniform,16,0.0,0.4136363636363638,31,31,1.1090909090909091,1.1090909090909091,0.6728871812149829,1|2,2,4,8,16
haggling_multi_item/fruitville_multi,Multi-item: fruitville,haggling_multi_item,exact-payoff (backbone-invariant),1003,joint_psrl_uniform,17,0.0,0.4136363636363638,31,31,1.1090909090909091,1.1090909090909091,0.6801798350824819,1|2,2,4,8,16
haggling_multi_item/fruitville_multi,Multi-item: fruitville,haggling_multi_item,exact-payoff (backbone-invariant),1003,joint_psrl_uniform,18,0.0,0.4136363636363638,31,31,1.1090909090909091,1.1090909090909091,0.6871984796551979,1|2,2,4,8,16
haggling_multi_item/fruitville_multi,Multi-item: fruitville,haggling_multi_item,exact-payoff (backbone-invariant),1003,joint_psrl_uniform,19,0.0,0.4136363636363638,31,31,1.1090909090909091,1.1090909090909091,0.6939606556300966,1|2,2,4,8,16
haggling_multi_item/fruitville_multi,Multi-item: fruitville,haggling_multi_item,exact-payoff (backbone-invariant),1003,joint_psrl_uniform,20,0.0,0.4136363636363638,31,31,1.1090909090909091,1.1090909090909091,0.7004815737315517,1|2,2,4,8,16
haggling_multi_item/fruitville_multi,Multi-item: fruitville,haggling_multi_item,exact-payoff (backbone-invariant),1003,psrl_notype,1,0.013636363636363669,0.013636363636363669,29,31,1.0954545454545455,1.1090909090909091,0.0625,1|2,2,4,8,16
haggling_multi_item/fruitville_multi,Multi-item: fruitville,haggling_multi_item,exact-payoff (backbone-invariant),1003,psrl_notype,2,0.013636363636363669,0.027272727272727337,29,31,1.0954545454545455,1.1090909090909091,0.0625,1|2,2,4,8,16
haggling_multi_item/fruitville_multi,Multi-item: fruitville,haggling_multi_item,exact-payoff (backbone-invariant),1003,psrl_notype,3,0.0,0.027272727272727337,31,31,1.1090909090909091,1.1090909090909091,0.0625,1|2,2,4,8,16
haggling_multi_item/fruitville_multi,Multi-item: fruitville,haggling_multi_item,exact-payoff (backbone-invariant),1003,psrl_notype,4,0.23030303030303034,0.2575757575757577,35,31,0.8787878787878788,1.1090909090909091,0.0625,1|2,2,4,8,16
haggling_multi_item/fruitville_multi,Multi-item: fruitville,haggling_multi_item,exact-payoff (backbone-invariant),1003,psrl_notype,5,0.0,0.2575757575757577,31,31,1.1090909090909091,1.1090909090909091,0.0625,1|2,2,4,8,16
haggling_multi_item/fruitville_multi,Multi-item: fruitville,haggling_multi_item,exact-payoff (backbone-invariant),1003,psrl_notype,6,0.2984848484848486,0.5560606060606063,25,31,0.8106060606060606,1.1090909090909091,0.0625,1|2,2,4,8,16
haggling_multi_item/fruitville_multi,Multi-item: fruitville,haggling_multi_item,exact-payoff (backbone-invariant),1003,psrl_notype,7,0.0,0.5560606060606063,31,31,1.1090909090909091,1.1090909090909091,0.0625,1|2,2,4,8,16
haggling_multi_item/fruitville_multi,Multi-item: fruitville,haggling_multi_item,exact-payoff (backbone-invariant),1003,psrl_notype,8,0.0,0.5560606060606063,31,31,1.1090909090909091,1.1090909090909091,0.0625,1|2,2,4,8,16
haggling_multi_item/fruitville_multi,Multi-item: fruitville,haggling_multi_item,exact-payoff (backbone-invariant),1003,psrl_notype,9,0.0,0.5560606060606063,31,31,1.1090909090909091,1.1090909090909091,0.0625,1|2,2,4,8,16
haggling_multi_item/fruitville_multi,Multi-item: fruitville,haggling_multi_item,exact-payoff (backbone-invariant),1003,psrl_notype,10,0.0,0.5560606060606063,31,31,1.1090909090909091,1.1090909090909091,0.0625,1|2,2,4,8,16
haggling_multi_item/fruitville_multi,Multi-item: fruitville,haggling_multi_item,exact-payoff (backbone-invariant),1003,psrl_notype,11,0.2984848484848486,0.8545454545454548,25,31,0.8106060606060606,1.1090909090909091,0.0625,1|2,2,4,8,16
haggling_multi_item/fruitville_multi,Multi-item: fruitville,haggling_multi_item,exact-payoff (backbone-invariant),1003,psrl_notype,12,0.0,0.8545454545454548,31,31,1.1090909090909091,1.1090909090909091,0.0625,1|2,2,4,8,16
haggling_multi_item/fruitville_multi,Multi-item: fruitville,haggling_multi_item,exact-payoff (backbone-invariant),1003,psrl_notype,13,0.23030303030303034,1.0848484848484852,35,31,0.8787878787878788,1.1090909090909091,0.0625,1|2,2,4,8,16
haggling_multi_item/fruitville_multi,Multi-item: fruitville,haggling_multi_item,exact-payoff (backbone-invariant),1003,psrl_notype,14,0.0,1.0848484848484852,31,31,1.1090909090909091,1.1090909090909091,0.0625,1|2,2,4,8,16
haggling_multi_item/fruitville_multi,Multi-item: fruitville,haggling_multi_item,exact-payoff (backbone-invariant),1003,psrl_notype,15,0.013636363636363669,1.0984848484848488,29,31,1.0954545454545455,1.1090909090909091,0.0625,1|2,2,4,8,16
haggling_multi_item/fruitville_multi,Multi-item: fruitville,haggling_multi_item,exact-payoff (backbone-invariant),1003,psrl_notype,16,0.0,1.0984848484848488,31,31,1.1090909090909091,1.1090909090909091,0.0625,1|2,2,4,8,16
haggling_multi_item/fruitville_multi,Multi-item: fruitville,haggling_multi_item,exact-payoff (backbone-invariant),1003,psrl_notype,17,0.2984848484848486,1.3969696969696974,25,31,0.8106060606060606,1.1090909090909091,0.0625,1|2,2,4,8,16
haggling_multi_item/fruitville_multi,Multi-item: fruitville,haggling_multi_item,exact-payoff (backbone-invariant),1003,psrl_notype,18,0.23030303030303034,1.6272727272727279,35,31,0.8787878787878788,1.1090909090909091,0.0625,1|2,2,4,8,16
haggling_multi_item/fruitville_multi,Multi-item: fruitville,haggling_multi_item,exact-payoff (backbone-invariant),1003,psrl_notype,19,0.23030303030303034,1.8575757575757583,35,31,0.8787878787878788,1.1090909090909091,0.0625,1|2,2,4,8,16
haggling_multi_item/fruitville_multi,Multi-item: fruitville,haggling_multi_item,exact-payoff (backbone-invariant),1003,psrl_notype,20,0.0,1.8575757575757583,31,31,1.1090909090909091,1.1090909090909091,0.0625,1|2,2,4,8,16
haggling_multi_item/fruitville_multi,Multi-item: fruitville,haggling_multi_item,exact-payoff (backbone-invariant),1003,map_type_greedy,1,0.23030303030303034,0.23030303030303034,35,31,0.8787878787878788,1.1090909090909091,0.4290142154707921,1|2,2,4,8,16
haggling_multi_item/fruitville_multi,Multi-item: fruitville,haggling_multi_item,exact-payoff (backbone-invariant),1003,map_type_greedy,2,0.0,0.23030303030303034,31,31,1.1090909090909091,1.1090909090909091,0.43205880642128186,1|2,2,4,8,16
haggling_multi_item/fruitville_multi,Multi-item: fruitville,haggling_multi_item,exact-payoff (backbone-invariant),1003,map_type_greedy,3,0.0,0.23030303030303034,31,31,1.1090909090909091,1.1090909090909091,0.4350312221113746,1|2,2,4,8,16
haggling_multi_item/fruitville_multi,Multi-item: fruitville,haggling_multi_item,exact-payoff (backbone-invariant),1003,map_type_greedy,4,0.0,0.23030303030303034,31,31,1.1090909090909091,1.1090909090909091,0.4379348492233187,1|2,2,4,8,16
haggling_multi_item/fruitville_multi,Multi-item: fruitville,haggling_multi_item,exact-payoff (backbone-invariant),1003,map_type_greedy,5,0.0,0.23030303030303034,31,31,1.1090909090909091,1.1090909090909091,0.44077270130870017,1|2,2,4,8,16
haggling_multi_item/fruitville_multi,Multi-item: fruitville,haggling_multi_item,exact-payoff (backbone-invariant),1003,map_type_greedy,6,0.0,0.23030303030303034,31,31,1.1090909090909091,1.1090909090909091,0.4435474934060294,1|2,2,4,8,16
haggling_multi_item/fruitville_multi,Multi-item: fruitville,haggling_multi_item,exact-payoff (backbone-invariant),1003,map_type_greedy,7,0.0,0.23030303030303034,31,31,1.1090909090909091,1.1090909090909091,0.44626170016035105,1|2,2,4,8,16
haggling_multi_item/fruitville_multi,Multi-item: fruitville,haggling_multi_item,exact-payoff (backbone-invariant),1003,map_type_greedy,8,0.0,0.23030303030303034,31,31,1.1090909090909091,1.1090909090909091,0.448917601105686,1|2,2,4,8,16
haggling_multi_item/fruitville_multi,Multi-item: fruitville,haggling_multi_item,exact-payoff (backbone-invariant),1003,map_type_greedy,9,0.0,0.23030303030303034,31,31,1.1090909090909091,1.1090909090909091,0.4515173159392507,1|2,2,4,8,16
haggling_multi_item/fruitville_multi,Multi-item: fruitville,haggling_multi_item,exact-payoff (backbone-invariant),1003,map_type_greedy,10,0.0,0.23030303030303034,31,31,1.1090909090909091,1.1090909090909091,0.45406283198267633,1|2,2,4,8,16
haggling_multi_item/fruitville_multi,Multi-item: fruitville,haggling_multi_item,exact-payoff (backbone-invariant),1003,map_type_greedy,11,0.0,0.23030303030303034,31,31,1.1090909090909091,1.1090909090909091,0.45655602554001307,1|2,2,4,8,16
haggling_multi_item/fruitville_multi,Multi-item: fruitville,haggling_multi_item,exact-payoff (backbone-invariant),1003,map_type_greedy,12,0.0,0.23030303030303034,31,31,1.1090909090909091,1.1090909090909091,0.4589986784884656,1|2,2,4,8,16
haggling_multi_item/fruitville_multi,Multi-item: fruitville,haggling_multi_item,exact-payoff (backbone-invariant),1003,map_type_greedy,13,0.0,0.23030303030303034,31,31,1.1090909090909091,1.1090909090909091,0.4613924911484337,1|2,2,4,8,16
haggling_multi_item/fruitville_multi,Multi-item: fruitville,haggling_multi_item,exact-payoff (backbone-invariant),1003,map_type_greedy,14,0.0,0.23030303030303034,31,31,1.1090909090909091,1.1090909090909091,0.4637390922543805,1|2,2,4,8,16
haggling_multi_item/fruitville_multi,Multi-item: fruitville,haggling_multi_item,exact-payoff (backbone-invariant),1003,map_type_greedy,15,0.0,0.23030303030303034,31,31,1.1090909090909091,1.1090909090909091,0.4660400466722687,1|2,2,4,8,16
haggling_multi_item/fruitville_multi,Multi-item: fruitville,haggling_multi_item,exact-payoff (backbone-invariant),1003,map_type_greedy,16,0.0,0.23030303030303034,31,31,1.1090909090909091,1.1090909090909091,0.4682968613714813,1|2,2,4,8,16
haggling_multi_item/fruitville_multi,Multi-item: fruitville,haggling_multi_item,exact-payoff (backbone-invariant),1003,map_type_greedy,17,0.0,0.23030303030303034,31,31,1.1090909090909091,1.1090909090909091,0.47051099005072333,1|2,2,4,8,16
haggling_multi_item/fruitville_multi,Multi-item: fruitville,haggling_multi_item,exact-payoff (backbone-invariant),1003,map_type_greedy,18,0.0,0.23030303030303034,31,31,1.1090909090909091,1.1090909090909091,0.47268383673189124,1|2,2,4,8,16
haggling_multi_item/fruitville_multi,Multi-item: fruitville,haggling_multi_item,exact-payoff (backbone-invariant),1003,map_type_greedy,19,0.0,0.23030303030303034,31,31,1.1090909090909091,1.1090909090909091,0.47481675856830086,1|2,2,4,8,16
haggling_multi_item/fruitville_multi,Multi-item: fruitville,haggling_multi_item,exact-payoff (backbone-invariant),1003,map_type_greedy,20,0.0,0.23030303030303034,31,31,1.1090909090909091,1.1090909090909091,0.476911068060159,1|2,2,4,8,16
haggling_multi_item/fruitville_multi,Multi-item: fruitville,haggling_multi_item,exact-payoff (backbone-invariant),1003,econ_bne,1,0.013636363636363669,0.013636363636363669,29,31,1.0954545454545455,1.1090909090909091,0.0625,1|2,2,4,8,16
haggling_multi_item/fruitville_multi,Multi-item: fruitville,haggling_multi_item,exact-payoff (backbone-invariant),1003,econ_bne,2,0.013636363636363669,0.027272727272727337,29,31,1.0954545454545455,1.1090909090909091,0.0625,1|2,2,4,8,16
haggling_multi_item/fruitville_multi,Multi-item: fruitville,haggling_multi_item,exact-payoff (backbone-invariant),1003,econ_bne,3,0.013636363636363669,0.040909090909091006,29,31,1.0954545454545455,1.1090909090909091,0.0625,1|2,2,4,8,16
haggling_multi_item/fruitville_multi,Multi-item: fruitville,haggling_multi_item,exact-payoff (backbone-invariant),1003,econ_bne,4,0.013636363636363669,0.054545454545454675,29,31,1.0954545454545455,1.1090909090909091,0.0625,1|2,2,4,8,16
haggling_multi_item/fruitville_multi,Multi-item: fruitville,haggling_multi_item,exact-payoff (backbone-invariant),1003,econ_bne,5,0.013636363636363669,0.06818181818181834,29,31,1.0954545454545455,1.1090909090909091,0.0625,1|2,2,4,8,16
haggling_multi_item/fruitville_multi,Multi-item: fruitville,haggling_multi_item,exact-payoff (backbone-invariant),1003,econ_bne,6,0.013636363636363669,0.08181818181818201,29,31,1.0954545454545455,1.1090909090909091,0.0625,1|2,2,4,8,16
haggling_multi_item/fruitville_multi,Multi-item: fruitville,haggling_multi_item,exact-payoff (backbone-invariant),1003,econ_bne,7,0.013636363636363669,0.09545454545454568,29,31,1.0954545454545455,1.1090909090909091,0.0625,1|2,2,4,8,16
haggling_multi_item/fruitville_multi,Multi-item: fruitville,haggling_multi_item,exact-payoff (backbone-invariant),1003,econ_bne,8,0.013636363636363669,0.10909090909090935,29,31,1.0954545454545455,1.1090909090909091,0.0625,1|2,2,4,8,16
haggling_multi_item/fruitville_multi,Multi-item: fruitville,haggling_multi_item,exact-payoff (backbone-invariant),1003,econ_bne,9,0.013636363636363669,0.12272727272727302,29,31,1.0954545454545455,1.1090909090909091,0.0625,1|2,2,4,8,16
haggling_multi_item/fruitville_multi,Multi-item: fruitville,haggling_multi_item,exact-payoff (backbone-invariant),1003,econ_bne,10,0.013636363636363669,0.1363636363636367,29,31,1.0954545454545455,1.1090909090909091,0.0625,1|2,2,4,8,16
haggling_multi_item/fruitville_multi,Multi-item: fruitville,haggling_multi_item,exact-payoff (backbone-invariant),1003,econ_bne,11,0.013636363636363669,0.15000000000000036,29,31,1.0954545454545455,1.1090909090909091,0.0625,1|2,2,4,8,16
haggling_multi_item/fruitville_multi,Multi-item: fruitville,haggling_multi_item,exact-payoff (backbone-invariant),1003,econ_bne,12,0.013636363636363669,0.16363636363636402,29,31,1.0954545454545455,1.1090909090909091,0.0625,1|2,2,4,8,16
haggling_multi_item/fruitville_multi,Multi-item: fruitville,haggling_multi_item,exact-payoff (backbone-invariant),1003,econ_bne,13,0.013636363636363669,0.1772727272727277,29,31,1.0954545454545455,1.1090909090909091,0.0625,1|2,2,4,8,16
haggling_multi_item/fruitville_multi,Multi-item: fruitville,haggling_multi_item,exact-payoff (backbone-invariant),1003,econ_bne,14,0.013636363636363669,0.19090909090909136,29,31,1.0954545454545455,1.1090909090909091,0.0625,1|2,2,4,8,16
haggling_multi_item/fruitville_multi,Multi-item: fruitville,haggling_multi_item,exact-payoff (backbone-invariant),1003,econ_bne,15,0.013636363636363669,0.20454545454545503,29,31,1.0954545454545455,1.1090909090909091,0.0625,1|2,2,4,8,16
haggling_multi_item/fruitville_multi,Multi-item: fruitville,haggling_multi_item,exact-payoff (backbone-invariant),1003,econ_bne,16,0.013636363636363669,0.2181818181818187,29,31,1.0954545454545455,1.1090909090909091,0.0625,1|2,2,4,8,16
haggling_multi_item/fruitville_multi,Multi-item: fruitville,haggling_multi_item,exact-payoff (backbone-invariant),1003,econ_bne,17,0.013636363636363669,0.23181818181818237,29,31,1.0954545454545455,1.1090909090909091,0.0625,1|2,2,4,8,16
haggling_multi_item/fruitville_multi,Multi-item: fruitville,haggling_multi_item,exact-payoff (backbone-invariant),1003,econ_bne,18,0.013636363636363669,0.24545454545454604,29,31,1.0954545454545455,1.1090909090909091,0.0625,1|2,2,4,8,16
haggling_multi_item/fruitville_multi,Multi-item: fruitville,haggling_multi_item,exact-payoff (backbone-invariant),1003,econ_bne,19,0.013636363636363669,0.2590909090909097,29,31,1.0954545454545455,1.1090909090909091,0.0625,1|2,2,4,8,16
haggling_multi_item/fruitville_multi,Multi-item: fruitville,haggling_multi_item,exact-payoff (backbone-invariant),1003,econ_bne,20,0.013636363636363669,0.2727272727272734,29,31,1.0954545454545455,1.1090909090909091,0.0625,1|2,2,4,8,16
haggling_multi_item/fruitville_multi,Multi-item: fruitville,haggling_multi_item,exact-payoff (backbone-invariant),1003,atom_tom1,1,0.39393939393939403,0.39393939393939403,1,31,0.7151515151515151,1.1090909090909091,0.0625,1|2,2,4,8,16
haggling_multi_item/fruitville_multi,Multi-item: fruitville,haggling_multi_item,exact-payoff (backbone-invariant),1003,atom_tom1,2,0.39393939393939403,0.7878787878787881,1,31,0.7151515151515151,1.1090909090909091,0.0625,1|2,2,4,8,16
haggling_multi_item/fruitville_multi,Multi-item: fruitville,haggling_multi_item,exact-payoff (backbone-invariant),1003,atom_tom1,3,0.39393939393939403,1.181818181818182,1,31,0.7151515151515151,1.1090909090909091,0.0625,1|2,2,4,8,16
haggling_multi_item/fruitville_multi,Multi-item: fruitville,haggling_multi_item,exact-payoff (backbone-invariant),1003,atom_tom1,4,0.39393939393939403,1.5757575757575761,1,31,0.7151515151515151,1.1090909090909091,0.0625,1|2,2,4,8,16
haggling_multi_item/fruitville_multi,Multi-item: fruitville,haggling_multi_item,exact-payoff (backbone-invariant),1003,atom_tom1,5,0.39393939393939403,1.9696969696969702,1,31,0.7151515151515151,1.1090909090909091,0.0625,1|2,2,4,8,16
haggling_multi_item/fruitville_multi,Multi-item: fruitville,haggling_multi_item,exact-payoff (backbone-invariant),1003,atom_tom1,6,0.39393939393939403,2.363636363636364,1,31,0.7151515151515151,1.1090909090909091,0.0625,1|2,2,4,8,16
haggling_multi_item/fruitville_multi,Multi-item: fruitville,haggling_multi_item,exact-payoff (backbone-invariant),1003,atom_tom1,7,0.39393939393939403,2.7575757575757582,1,31,0.7151515151515151,1.1090909090909091,0.0625,1|2,2,4,8,16
haggling_multi_item/fruitville_multi,Multi-item: fruitville,haggling_multi_item,exact-payoff (backbone-invariant),1003,atom_tom1,8,0.39393939393939403,3.1515151515151523,1,31,0.7151515151515151,1.1090909090909091,0.0625,1|2,2,4,8,16
haggling_multi_item/fruitville_multi,Multi-item: fruitville,haggling_multi_item,exact-payoff (backbone-invariant),1003,atom_tom1,9,0.39393939393939403,3.5454545454545463,1,31,0.7151515151515151,1.1090909090909091,0.0625,1|2,2,4,8,16
haggling_multi_item/fruitville_multi,Multi-item: fruitville,haggling_multi_item,exact-payoff (backbone-invariant),1003,atom_tom1,10,0.39393939393939403,3.9393939393939403,1,31,0.7151515151515151,1.1090909090909091,0.0625,1|2,2,4,8,16
haggling_multi_item/fruitville_multi,Multi-item: fruitville,haggling_multi_item,exact-payoff (backbone-invariant),1003,atom_tom1,11,0.39393939393939403,4.333333333333334,1,31,0.7151515151515151,1.1090909090909091,0.0625,1|2,2,4,8,16
haggling_multi_item/fruitville_multi,Multi-item: fruitville,haggling_multi_item,exact-payoff (backbone-invariant),1003,atom_tom1,12,0.39393939393939403,4.727272727272728,1,31,0.7151515151515151,1.1090909090909091,0.0625,1|2,2,4,8,16
haggling_multi_item/fruitville_multi,Multi-item: fruitville,haggling_multi_item,exact-payoff (backbone-invariant),1003,atom_tom1,13,0.39393939393939403,5.121212121212123,1,31,0.7151515151515151,1.1090909090909091,0.0625,1|2,2,4,8,16
haggling_multi_item/fruitville_multi,Multi-item: fruitville,haggling_multi_item,exact-payoff (backbone-invariant),1003,atom_tom1,14,0.39393939393939403,5.515151515151517,1,31,0.7151515151515151,1.1090909090909091,0.0625,1|2,2,4,8,16
haggling_multi_item/fruitville_multi,Multi-item: fruitville,haggling_multi_item,exact-payoff (backbone-invariant),1003,atom_tom1,15,0.39393939393939403,5.909090909090912,1,31,0.7151515151515151,1.1090909090909091,0.0625,1|2,2,4,8,16
haggling_multi_item/fruitville_multi,Multi-item: fruitville,haggling_multi_item,exact-payoff (backbone-invariant),1003,atom_tom1,16,0.39393939393939403,6.303030303030306,1,31,0.7151515151515151,1.1090909090909091,0.0625,1|2,2,4,8,16
haggling_multi_item/fruitville_multi,Multi-item: fruitville,haggling_multi_item,exact-payoff (backbone-invariant),1003,atom_tom1,17,0.39393939393939403,6.696969696969701,1,31,0.7151515151515151,1.1090909090909091,0.0625,1|2,2,4,8,16
haggling_multi_item/fruitville_multi,Multi-item: fruitville,haggling_multi_item,exact-payoff (backbone-invariant),1003,atom_tom1,18,0.39393939393939403,7.090909090909095,1,31,0.7151515151515151,1.1090909090909091,0.0625,1|2,2,4,8,16
haggling_multi_item/fruitville_multi,Multi-item: fruitville,haggling_multi_item,exact-payoff (backbone-invariant),1003,atom_tom1,19,0.39393939393939403,7.48484848484849,1,31,0.7151515151515151,1.1090909090909091,0.0625,1|2,2,4,8,16
haggling_multi_item/fruitville_multi,Multi-item: fruitville,haggling_multi_item,exact-payoff (backbone-invariant),1003,atom_tom1,20,0.39393939393939403,7.878787878787884,1,31,0.7151515151515151,1.1090909090909091,0.0625,1|2,2,4,8,16
haggling_multi_item/fruitville_multi,Multi-item: fruitville,haggling_multi_item,exact-payoff (backbone-invariant),1003,random,1,0.11515151515151523,0.11515151515151523,33,31,0.9939393939393939,1.1090909090909091,0.0625,1|2,2,4,8,16
haggling_multi_item/fruitville_multi,Multi-item: fruitville,haggling_multi_item,exact-payoff (backbone-invariant),1003,random,2,0.7757575757575758,0.890909090909091,16,31,0.33333333333333337,1.1090909090909091,0.0625,1|2,2,4,8,16
haggling_multi_item/fruitville_multi,Multi-item: fruitville,haggling_multi_item,exact-payoff (backbone-invariant),1003,random,3,0.2515151515151516,1.1424242424242426,15,31,0.8575757575757575,1.1090909090909091,0.0625,1|2,2,4,8,16
haggling_multi_item/fruitville_multi,Multi-item: fruitville,haggling_multi_item,exact-payoff (backbone-invariant),1003,random,4,0.7757575757575758,1.9181818181818184,26,31,0.33333333333333337,1.1090909090909091,0.0625,1|2,2,4,8,16
haggling_multi_item/fruitville_multi,Multi-item: fruitville,haggling_multi_item,exact-payoff (backbone-invariant),1003,random,5,0.10909090909090913,2.0272727272727273,17,31,1.0,1.1090909090909091,0.0625,1|2,2,4,8,16
haggling_multi_item/fruitville_multi,Multi-item: fruitville,haggling_multi_item,exact-payoff (backbone-invariant),1003,random,6,0.22424242424242435,2.251515151515152,19,31,0.8848484848484848,1.1090909090909091,0.0625,1|2,2,4,8,16
haggling_multi_item/fruitville_multi,Multi-item: fruitville,haggling_multi_item,exact-payoff (backbone-invariant),1003,random,7,0.7757575757575758,3.027272727272728,28,31,0.33333333333333337,1.1090909090909091,0.0625,1|2,2,4,8,16
haggling_multi_item/fruitville_multi,Multi-item: fruitville,haggling_multi_item,exact-payoff (backbone-invariant),1003,random,8,0.7757575757575758,3.8030303030303036,8,31,0.33333333333333337,1.1090909090909091,0.0625,1|2,2,4,8,16
haggling_multi_item/fruitville_multi,Multi-item: fruitville,haggling_multi_item,exact-payoff (backbone-invariant),1003,random,9,0.22424242424242435,4.027272727272728,19,31,0.8848484848484848,1.1090909090909091,0.0625,1|2,2,4,8,16
haggling_multi_item/fruitville_multi,Multi-item: fruitville,haggling_multi_item,exact-payoff (backbone-invariant),1003,random,10,0.7757575757575758,4.803030303030304,18,31,0.33333333333333337,1.1090909090909091,0.0625,1|2,2,4,8,16
haggling_multi_item/fruitville_multi,Multi-item: fruitville,haggling_multi_item,exact-payoff (backbone-invariant),1003,random,11,0.7757575757575758,5.578787878787879,16,31,0.33333333333333337,1.1090909090909091,0.0625,1|2,2,4,8,16
haggling_multi_item/fruitville_multi,Multi-item: fruitville,haggling_multi_item,exact-payoff (backbone-invariant),1003,random,12,0.7757575757575758,6.3545454545454545,6,31,0.33333333333333337,1.1090909090909091,0.0625,1|2,2,4,8,16
haggling_multi_item/fruitville_multi,Multi-item: fruitville,haggling_multi_item,exact-payoff (backbone-invariant),1003,random,13,0.33939393939393947,6.693939393939394,9,31,0.7696969696969697,1.1090909090909091,0.0625,1|2,2,4,8,16
haggling_multi_item/fruitville_multi,Multi-item: fruitville,haggling_multi_item,exact-payoff (backbone-invariant),1003,random,14,0.39393939393939403,7.087878787878788,1,31,0.7151515151515151,1.1090909090909091,0.0625,1|2,2,4,8,16
haggling_multi_item/fruitville_multi,Multi-item: fruitville,haggling_multi_item,exact-payoff (backbone-invariant),1003,random,15,0.7757575757575758,7.863636363636363,32,31,0.33333333333333337,1.1090909090909091,0.0625,1|2,2,4,8,16
haggling_multi_item/fruitville_multi,Multi-item: fruitville,haggling_multi_item,exact-payoff (backbone-invariant),1003,random,16,0.7757575757575758,8.639393939393939,14,31,0.33333333333333337,1.1090909090909091,0.0625,1|2,2,4,8,16
haggling_multi_item/fruitville_multi,Multi-item: fruitville,haggling_multi_item,exact-payoff (backbone-invariant),1003,random,17,0.013636363636363669,8.653030303030302,29,31,1.0954545454545455,1.1090909090909091,0.0625,1|2,2,4,8,16
haggling_multi_item/fruitville_multi,Multi-item: fruitville,haggling_multi_item,exact-payoff (backbone-invariant),1003,random,18,0.7757575757575758,9.428787878787878,10,31,0.33333333333333337,1.1090909090909091,0.0625,1|2,2,4,8,16
haggling_multi_item/fruitville_multi,Multi-item: fruitville,haggling_multi_item,exact-payoff (backbone-invariant),1003,random,19,0.2515151515151516,9.68030303030303,15,31,0.8575757575757575,1.1090909090909091,0.0625,1|2,2,4,8,16
haggling_multi_item/fruitville_multi,Multi-item: fruitville,haggling_multi_item,exact-payoff (backbone-invariant),1003,random,20,0.4545454545454546,10.134848484848485,23,31,0.6545454545454545,1.1090909090909091,0.0625,1|2,2,4,8,16
pub/london,Pub: london,pub,exact-payoff (backbone-invariant),1004,pact,1,0.08945391595734797,0.08945391595734797,4,15,3.1520820373038387,3.2415359532611867,0.27851120943527813,1|1|2|1,4,4,16,256
pub/london,Pub: london,pub,exact-payoff (backbone-invariant),1004,pact,2,0.0,0.08945391595734797,15,15,3.2415359532611867,3.2415359532611867,0.3132986093031775,1|1|2|1,4,4,16,256
pub/london,Pub: london,pub,exact-payoff (backbone-invariant),1004,pact,3,0.0,0.08945391595734797,15,15,3.2415359532611867,3.2415359532611867,0.34531556614414993,1|1|2|1,4,4,16,256
pub/london,Pub: london,pub,exact-payoff (backbone-invariant),1004,pact,4,0.0,0.08945391595734797,15,15,3.2415359532611867,3.2415359532611867,0.37447613875910923,1|1|2|1,4,4,16,256
pub/london,Pub: london,pub,exact-payoff (backbone-invariant),1004,pact,5,0.08945391595734797,0.17890783191469595,4,15,3.1520820373038387,3.2415359532611867,0.3879870530046399,1|1|2|1,4,4,16,256
pub/london,Pub: london,pub,exact-payoff (backbone-invariant),1004,pact,6,0.0,0.17890783191469595,15,15,3.2415359532611867,3.2415359532611867,0.41320282650830614,1|1|2|1,4,4,16,256
pub/london,Pub: london,pub,exact-payoff (backbone-invariant),1004,pact,7,0.0,0.17890783191469595,15,15,3.2415359532611867,3.2415359532611867,0.43493535991469495,1|1|2|1,4,4,16,256
pub/london,Pub: london,pub,exact-payoff (backbone-invariant),1004,pact,8,0.0,0.17890783191469595,15,15,3.2415359532611867,3.2415359532611867,0.4532681466411963,1|1|2|1,4,4,16,256
pub/london,Pub: london,pub,exact-payoff (backbone-invariant),1004,pact,9,0.0,0.17890783191469595,15,15,3.2415359532611867,3.2415359532611867,0.4685633791307523,1|1|2|1,4,4,16,256
pub/london,Pub: london,pub,exact-payoff (backbone-invariant),1004,pact,10,0.0,0.17890783191469595,15,15,3.2415359532611867,3.2415359532611867,0.48130208967121246,1|1|2|1,4,4,16,256
pub/london,Pub: london,pub,exact-payoff (backbone-invariant),1004,pact,11,0.0,0.17890783191469595,15,15,3.2415359532611867,3.2415359532611867,0.49197237014096956,1|1|2|1,4,4,16,256
pub/london,Pub: london,pub,exact-payoff (backbone-invariant),1004,pact,12,0.0,0.17890783191469595,15,15,3.2415359532611867,3.2415359532611867,0.5010103709128354,1|1|2|1,4,4,16,256
pub/london,Pub: london,pub,exact-payoff (backbone-invariant),1004,pact,13,0.0,0.17890783191469595,15,15,3.2415359532611867,3.2415359532611867,0.5087789214466987,1|1|2|1,4,4,16,256
pub/london,Pub: london,pub,exact-payoff (backbone-invariant),1004,pact,14,0.0,0.17890783191469595,15,15,3.2415359532611867,3.2415359532611867,0.5155672081921518,1|1|2|1,4,4,16,256
pub/london,Pub: london,pub,exact-payoff (backbone-invariant),1004,pact,15,0.0,0.17890783191469595,15,15,3.2415359532611867,3.2415359532611867,0.5215998179874513,1|1|2|1,4,4,16,256
pub/london,Pub: london,pub,exact-payoff (backbone-invariant),1004,pact,16,0.0,0.17890783191469595,15,15,3.2415359532611867,3.2415359532611867,0.5270485003066481,1|1|2|1,4,4,16,256
pub/london,Pub: london,pub,exact-payoff (backbone-invariant),1004,pact,17,0.0,0.17890783191469595,15,15,3.2415359532611867,3.2415359532611867,0.532043470891847,1|1|2|1,4,4,16,256
pub/london,Pub: london,pub,exact-payoff (backbone-invariant),1004,pact,18,0.0,0.17890783191469595,15,15,3.2415359532611867,3.2415359532611867,0.5366830471344255,1|1|2|1,4,4,16,256
pub/london,Pub: london,pub,exact-payoff (backbone-invariant),1004,pact,19,0.0,0.17890783191469595,15,15,3.2415359532611867,3.2415359532611867,0.5410413757168192,1|1|2|1,4,4,16,256
pub/london,Pub: london,pub,exact-payoff (backbone-invariant),1004,pact,20,0.0,0.17890783191469595,15,15,3.2415359532611867,3.2415359532611867,0.5451744230438214,1|1|2|1,4,4,16,256
pub/london,Pub: london,pub,exact-payoff (backbone-invariant),1004,pact_plus,1,0.08945391595734797,0.08945391595734797,4,15,3.1520820373038387,3.2415359532611867,0.27851120943527813,1|1|2|1,4,4,16,256
pub/london,Pub: london,pub,exact-payoff (backbone-invariant),1004,pact_plus,2,0.0,0.08945391595734797,15,15,3.2415359532611867,3.2415359532611867,0.3132986093031775,1|1|2|1,4,4,16,256
pub/london,Pub: london,pub,exact-payoff (backbone-invariant),1004,pact_plus,3,0.0,0.08945391595734797,15,15,3.2415359532611867,3.2415359532611867,0.34531556614414993,1|1|2|1,4,4,16,256
pub/london,Pub: london,pub,exact-payoff (backbone-invariant),1004,pact_plus,4,0.0,0.08945391595734797,15,15,3.2415359532611867,3.2415359532611867,0.37447613875910923,1|1|2|1,4,4,16,256
pub/london,Pub: london,pub,exact-payoff (backbone-invariant),1004,pact_plus,5,0.08945391595734797,0.17890783191469595,4,15,3.1520820373038387,3.2415359532611867,0.3879870530046399,1|1|2|1,4,4,16,256
pub/london,Pub: london,pub,exact-payoff (backbone-invariant),1004,pact_plus,6,0.0,0.17890783191469595,15,15,3.2415359532611867,3.2415359532611867,0.41320282650830614,1|1|2|1,4,4,16,256
pub/london,Pub: london,pub,exact-payoff (backbone-invariant),1004,pact_plus,7,0.0,0.17890783191469595,15,15,3.2415359532611867,3.2415359532611867,0.43493535991469495,1|1|2|1,4,4,16,256
pub/london,Pub: london,pub,exact-payoff (backbone-invariant),1004,pact_plus,8,0.0,0.17890783191469595,15,15,3.2415359532611867,3.2415359532611867,0.4532681466411963,1|1|2|1,4,4,16,256
pub/london,Pub: london,pub,exact-payoff (backbone-invariant),1004,pact_plus,9,0.0,0.17890783191469595,15,15,3.2415359532611867,3.2415359532611867,0.4685633791307523,1|1|2|1,4,4,16,256
pub/london,Pub: london,pub,exact-payoff (backbone-invariant),1004,pact_plus,10,0.0,0.17890783191469595,15,15,3.2415359532611867,3.2415359532611867,0.48130208967121246,1|1|2|1,4,4,16,256
pub/london,Pub: london,pub,exact-payoff (backbone-invariant),1004,pact_plus,11,0.0,0.17890783191469595,15,15,3.2415359532611867,3.2415359532611867,0.49197237014096956,1|1|2|1,4,4,16,256
pub/london,Pub: london,pub,exact-payoff (backbone-invariant),1004,pact_plus,12,0.0,0.17890783191469595,15,15,3.2415359532611867,3.2415359532611867,0.5010103709128354,1|1|2|1,4,4,16,256
pub/london,Pub: london,pub,exact-payoff (backbone-invariant),1004,pact_plus,13,0.0,0.17890783191469595,15,15,3.2415359532611867,3.2415359532611867,0.5087789214466987,1|1|2|1,4,4,16,256
pub/london,Pub: london,pub,exact-payoff (backbone-invariant),1004,pact_plus,14,0.0,0.17890783191469595,15,15,3.2415359532611867,3.2415359532611867,0.5155672081921518,1|1|2|1,4,4,16,256
pub/london,Pub: london,pub,exact-payoff (backbone-invariant),1004,pact_plus,15,0.0,0.17890783191469595,15,15,3.2415359532611867,3.2415359532611867,0.5215998179874513,1|1|2|1,4,4,16,256
pub/london,Pub: london,pub,exact-payoff (backbone-invariant),1004,pact_plus,16,0.0,0.17890783191469595,15,15,3.2415359532611867,3.2415359532611867,0.5270485003066481,1|1|2|1,4,4,16,256
pub/london,Pub: london,pub,exact-payoff (backbone-invariant),1004,pact_plus,17,0.0,0.17890783191469595,15,15,3.2415359532611867,3.2415359532611867,0.532043470891847,1|1|2|1,4,4,16,256
pub/london,Pub: london,pub,exact-payoff (backbone-invariant),1004,pact_plus,18,0.0,0.17890783191469595,15,15,3.2415359532611867,3.2415359532611867,0.5366830471344255,1|1|2|1,4,4,16,256
pub/london,Pub: london,pub,exact-payoff (backbone-invariant),1004,pact_plus,19,0.0,0.17890783191469595,15,15,3.2415359532611867,3.2415359532611867,0.5410413757168192,1|1|2|1,4,4,16,256
pub/london,Pub: london,pub,exact-payoff (backbone-invariant),1004,pact_plus,20,0.0,0.17890783191469595,15,15,3.2415359532611867,3.2415359532611867,0.5451744230438214,1|1|2|1,4,4,16,256
pub/london,Pub: london,pub,exact-payoff (backbone-invariant),1004,joint_psrl_uniform,1,0.0,0.0,15,15,3.2415359532611867,3.2415359532611867,0.0068786609099033965,1|1|2|1,4,4,16,256
pub/london,Pub: london,pub,exact-payoff (backbone-invariant),1004,joint_psrl_uniform,2,0.0,0.0,15,15,3.2415359532611867,3.2415359532611867,0.010007105247005743,1|1|2|1,4,4,16,256
pub/london,Pub: london,pub,exact-payoff (backbone-invariant),1004,joint_psrl_uniform,3,0.0,0.0,15,15,3.2415359532611867,3.2415359532611867,0.01319322567132144,1|1|2|1,4,4,16,256
pub/london,Pub: london,pub,exact-payoff (backbone-invariant),1004,joint_psrl_uniform,4,0.0,0.0,15,15,3.2415359532611867,3.2415359532611867,0.016395963138083964,1|1|2|1,4,4,16,256
pub/london,Pub: london,pub,exact-payoff (backbone-invariant),1004,joint_psrl_uniform,5,0.0,0.0,15,15,3.2415359532611867,3.2415359532611867,0.01954229699658011,1|1|2|1,4,4,16,256
pub/london,Pub: london,pub,exact-payoff (backbone-invariant),1004,joint_psrl_uniform,6,0.0,0.0,15,15,3.2415359532611867,3.2415359532611867,0.02256201844886508,1|1|2|1,4,4,16,256
pub/london,Pub: london,pub,exact-payoff (backbone-invariant),1004,joint_psrl_uniform,7,0.0,0.0,15,15,3.2415359532611867,3.2415359532611867,0.025412154044042675,1|1|2|1,4,4,16,256
pub/london,Pub: london,pub,exact-payoff (backbone-invariant),1004,joint_psrl_uniform,8,0.0,0.0,15,15,3.2415359532611867,3.2415359532611867,0.028078905806738715,1|1|2|1,4,4,16,256
pub/london,Pub: london,pub,exact-payoff (backbone-invariant),1004,joint_psrl_uniform,9,0.0,0.0,15,15,3.2415359532611867,3.2415359532611867,0.03056944197682847,1|1|2|1,4,4,16,256
pub/london,Pub: london,pub,exact-payoff (backbone-invariant),1004,joint_psrl_uniform,10,0.0,0.0,15,15,3.2415359532611867,3.2415359532611867,0.03290251568579117,1|1|2|1,4,4,16,256
pub/london,Pub: london,pub,exact-payoff (backbone-invariant),1004,joint_psrl_uniform,11,0.0,0.0,15,15,3.2415359532611867,3.2415359532611867,0.03510139765172864,1|1|2|1,4,4,16,256
pub/london,Pub: london,pub,exact-payoff (backbone-invariant),1004,joint_psrl_uniform,12,0.0,0.0,15,15,3.2415359532611867,3.2415359532611867,0.03718955464608878,1|1|2|1,4,4,16,256
pub/london,Pub: london,pub,exact-payoff (backbone-invariant),1004,joint_psrl_uniform,13,0.0,0.0,15,15,3.2415359532611867,3.2415359532611867,0.03918843056738531,1|1|2|1,4,4,16,256
pub/london,Pub: london,pub,exact-payoff (backbone-invariant),1004,joint_psrl_uniform,14,0.0,0.0,15,15,3.2415359532611867,3.2415359532611867,0.04111656039146753,1|1|2|1,4,4,16,256
pub/london,Pub: london,pub,exact-payoff (backbone-invariant),1004,joint_psrl_uniform,15,0.0,0.0,15,15,3.2415359532611867,3.2415359532611867,0.042989426996380656,1|1|2|1,4,4,16,256
pub/london,Pub: london,pub,exact-payoff (backbone-invariant),1004,joint_psrl_uniform,16,0.0,0.0,15,15,3.2415359532611867,3.2415359532611867,0.04481968185015728,1|1|2|1,4,4,16,256
pub/london,Pub: london,pub,exact-payoff (backbone-invariant),1004,joint_psrl_uniform,17,0.0,0.0,15,15,3.2415359532611867,3.2415359532611867,0.04661751088804743,1|1|2|1,4,4,16,256
pub/london,Pub: london,pub,exact-payoff (backbone-invariant),1004,joint_psrl_uniform,18,0.0,0.0,15,15,3.2415359532611867,3.2415359532611867,0.04839103015989438,1|1|2|1,4,4,16,256
pub/london,Pub: london,pub,exact-payoff (backbone-invariant),1004,joint_psrl_uniform,19,0.0,0.0,15,15,3.2415359532611867,3.2415359532611867,0.050146656338877396,1|1|2|1,4,4,16,256
pub/london,Pub: london,pub,exact-payoff (backbone-invariant),1004,joint_psrl_uniform,20,0.0,0.0,15,15,3.2415359532611867,3.2415359532611867,0.051889430261589806,1|1|2|1,4,4,16,256
pub/london,Pub: london,pub,exact-payoff (backbone-invariant),1004,psrl_notype,1,0.08945391595734797,0.08945391595734797,4,15,3.1520820373038387,3.2415359532611867,0.00390625,1|1|2|1,4,4,16,256
pub/london,Pub: london,pub,exact-payoff (backbone-invariant),1004,psrl_notype,2,0.08945391595734797,0.17890783191469595,4,15,3.1520820373038387,3.2415359532611867,0.00390625,1|1|2|1,4,4,16,256
pub/london,Pub: london,pub,exact-payoff (backbone-invariant),1004,psrl_notype,3,0.0,0.17890783191469595,15,15,3.2415359532611867,3.2415359532611867,0.00390625,1|1|2|1,4,4,16,256
pub/london,Pub: london,pub,exact-payoff (backbone-invariant),1004,psrl_notype,4,0.0,0.17890783191469595,15,15,3.2415359532611867,3.2415359532611867,0.00390625,1|1|2|1,4,4,16,256
pub/london,Pub: london,pub,exact-payoff (backbone-invariant),1004,psrl_notype,5,0.08945391595734797,0.2683617478720439,4,15,3.1520820373038387,3.2415359532611867,0.00390625,1|1|2|1,4,4,16,256
pub/london,Pub: london,pub,exact-payoff (backbone-invariant),1004,psrl_notype,6,0.08945391595734797,0.3578156638293919,4,15,3.1520820373038387,3.2415359532611867,0.00390625,1|1|2|1,4,4,16,256
pub/london,Pub: london,pub,exact-payoff (backbone-invariant),1004,psrl_notype,7,0.0,0.3578156638293919,15,15,3.2415359532611867,3.2415359532611867,0.00390625,1|1|2|1,4,4,16,256
pub/london,Pub: london,pub,exact-payoff (backbone-invariant),1004,psrl_notype,8,0.08945391595734797,0.44726957978673987,4,15,3.1520820373038387,3.2415359532611867,0.00390625,1|1|2|1,4,4,16,256
pub/london,Pub: london,pub,exact-payoff (backbone-invariant),1004,psrl_notype,9,0.08945391595734797,0.5367234957440878,4,15,3.1520820373038387,3.2415359532611867,0.00390625,1|1|2|1,4,4,16,256
pub/london,Pub: london,pub,exact-payoff (backbone-invariant),1004,psrl_notype,10,0.0,0.5367234957440878,15,15,3.2415359532611867,3.2415359532611867,0.00390625,1|1|2|1,4,4,16,256
pub/london,Pub: london,pub,exact-payoff (backbone-invariant),1004,psrl_notype,11,0.0,0.5367234957440878,15,15,3.2415359532611867,3.2415359532611867,0.00390625,1|1|2|1,4,4,16,256
pub/london,Pub: london,pub,exact-payoff (backbone-invariant),1004,psrl_notype,12,0.0,0.5367234957440878,15,15,3.2415359532611867,3.2415359532611867,0.00390625,1|1|2|1,4,4,16,256
pub/london,Pub: london,pub,exact-payoff (backbone-invariant),1004,psrl_notype,13,0.0,0.5367234957440878,15,15,3.2415359532611867,3.2415359532611867,0.00390625,1|1|2|1,4,4,16,256
pub/london,Pub: london,pub,exact-payoff (backbone-invariant),1004,psrl_notype,14,0.0,0.5367234957440878,15,15,3.2415359532611867,3.2415359532611867,0.00390625,1|1|2|1,4,4,16,256
pub/london,Pub: london,pub,exact-payoff (backbone-invariant),1004,psrl_notype,15,0.0,0.5367234957440878,15,15,3.2415359532611867,3.2415359532611867,0.00390625,1|1|2|1,4,4,16,256
pub/london,Pub: london,pub,exact-payoff (backbone-invariant),1004,psrl_notype,16,0.0,0.5367234957440878,15,15,3.2415359532611867,3.2415359532611867,0.00390625,1|1|2|1,4,4,16,256
pub/london,Pub: london,pub,exact-payoff (backbone-invariant),1004,psrl_notype,17,0.0,0.5367234957440878,15,15,3.2415359532611867,3.2415359532611867,0.00390625,1|1|2|1,4,4,16,256
pub/london,Pub: london,pub,exact-payoff (backbone-invariant),1004,psrl_notype,18,0.0,0.5367234957440878,15,15,3.2415359532611867,3.2415359532611867,0.00390625,1|1|2|1,4,4,16,256
pub/london,Pub: london,pub,exact-payoff (backbone-invariant),1004,psrl_notype,19,0.0,0.5367234957440878,15,15,3.2415359532611867,3.2415359532611867,0.00390625,1|1|2|1,4,4,16,256
pub/london,Pub: london,pub,exact-payoff (backbone-invariant),1004,psrl_notype,20,0.08945391595734797,0.6261774117014358,4,15,3.1520820373038387,3.2415359532611867,0.00390625,1|1|2|1,4,4,16,256
pub/london,Pub: london,pub,exact-payoff (backbone-invariant),1004,map_type_greedy,1,0.0,0.0,15,15,3.2415359532611867,3.2415359532611867,0.29243702937485516,1|1|2|1,4,4,16,256
pub/london,Pub: london,pub,exact-payoff (backbone-invariant),1004,map_type_greedy,2,0.0,0.0,15,15,3.2415359532611867,3.2415359532611867,0.32885163874731266,1|1|2|1,4,4,16,256
pub/london,Pub: london,pub,exact-payoff (backbone-invariant),1004,map_type_greedy,3,0.0,0.0,15,15,3.2415359532611867,3.2415359532611867,0.3600154199146236,1|1|2|1,4,4,16,256
pub/london,Pub: london,pub,exact-payoff (backbone-invariant),1004,map_type_greedy,4,0.0,0.0,15,15,3.2415359532611867,3.2415359532611867,0.38701101722635434,1|1|2|1,4,4,16,256
pub/london,Pub: london,pub,exact-payoff (backbone-invariant),1004,map_type_greedy,5,0.0,0.0,15,15,3.2415359532611867,3.2415359532611867,0.41022072382035035,1|1|2|1,4,4,16,256
pub/london,Pub: london,pub,exact-payoff (backbone-invariant),1004,map_type_greedy,6,0.0,0.0,15,15,3.2415359532611867,3.2415359532611867,0.42988003822770426,1|1|2|1,4,4,16,256
pub/london,Pub: london,pub,exact-payoff (backbone-invariant),1004,map_type_greedy,7,0.0,0.0,15,15,3.2415359532611867,3.2415359532611867,0.4463344469125738,1|1|2|1,4,4,16,256
pub/london,Pub: london,pub,exact-payoff (backbone-invariant),1004,map_type_greedy,8,0.0,0.0,15,15,3.2415359532611867,3.2415359532611867,0.4600351241387126,1|1|2|1,4,4,16,256
pub/london,Pub: london,pub,exact-payoff (backbone-invariant),1004,map_type_greedy,9,0.0,0.0,15,15,3.2415359532611867,3.2415359532611867,0.4714639227034486,1|1|2|1,4,4,16,256
pub/london,Pub: london,pub,exact-payoff (backbone-invariant),1004,map_type_greedy,10,0.0,0.0,15,15,3.2415359532611867,3.2415359532611867,0.48107194346183546,1|1|2|1,4,4,16,256
pub/london,Pub: london,pub,exact-payoff (backbone-invariant),1004,map_type_greedy,11,0.0,0.0,15,15,3.2415359532611867,3.2415359532611867,0.48924820505224387,1|1|2|1,4,4,16,256
pub/london,Pub: london,pub,exact-payoff (backbone-invariant),1004,map_type_greedy,12,0.0,0.0,15,15,3.2415359532611867,3.2415359532611867,0.4963113127741646,1|1|2|1,4,4,16,256
pub/london,Pub: london,pub,exact-payoff (backbone-invariant),1004,map_type_greedy,13,0.0,0.0,15,15,3.2415359532611867,3.2415359532611867,0.5025138341605279,1|1|2|1,4,4,16,256
pub/london,Pub: london,pub,exact-payoff (backbone-invariant),1004,map_type_greedy,14,0.0,0.0,15,15,3.2415359532611867,3.2415359532611867,0.5080519341473667,1|1|2|1,4,4,16,256
pub/london,Pub: london,pub,exact-payoff (backbone-invariant),1004,map_type_greedy,15,0.0,0.0,15,15,3.2415359532611867,3.2415359532611867,0.5130760743356104,1|1|2|1,4,4,16,256
pub/london,Pub: london,pub,exact-payoff (backbone-invariant),1004,map_type_greedy,16,0.0,0.0,15,15,3.2415359532611867,3.2415359532611867,0.517700823408869,1|1|2|1,4,4,16,256
pub/london,Pub: london,pub,exact-payoff (backbone-invariant),1004,map_type_greedy,17,0.0,0.0,15,15,3.2415359532611867,3.2415359532611867,0.5220130900612232,1|1|2|1,4,4,16,256
pub/london,Pub: london,pub,exact-payoff (backbone-invariant),1004,map_type_greedy,18,0.0,0.0,15,15,3.2415359532611867,3.2415359532611867,0.5260787075974781,1|1|2|1,4,4,16,256
pub/london,Pub: london,pub,exact-payoff (backbone-invariant),1004,map_type_greedy,19,0.0,0.0,15,15,3.2415359532611867,3.2415359532611867,0.5299475551362932,1|1|2|1,4,4,16,256
pub/london,Pub: london,pub,exact-payoff (backbone-invariant),1004,map_type_greedy,20,0.0,0.0,15,15,3.2415359532611867,3.2415359532611867,0.5336574750756161,1|1|2|1,4,4,16,256
pub/london,Pub: london,pub,exact-payoff (backbone-invariant),1004,econ_bne,1,0.3544564747822614,0.3544564747822614,12,15,2.8870794784789253,3.2415359532611867,0.00390625,1|1|2|1,4,4,16,256
pub/london,Pub: london,pub,exact-payoff (backbone-invariant),1004,econ_bne,2,0.3544564747822614,0.7089129495645228,12,15,2.8870794784789253,3.2415359532611867,0.00390625,1|1|2|1,4,4,16,256
pub/london,Pub: london,pub,exact-payoff (backbone-invariant),1004,econ_bne,3,0.3544564747822614,1.0633694243467842,12,15,2.8870794784789253,3.2415359532611867,0.00390625,1|1|2|1,4,4,16,256
pub/london,Pub: london,pub,exact-payoff (backbone-invariant),1004,econ_bne,4,0.3544564747822614,1.4178258991290456,12,15,2.8870794784789253,3.2415359532611867,0.00390625,1|1|2|1,4,4,16,256
pub/london,Pub: london,pub,exact-payoff (backbone-invariant),1004,econ_bne,5,0.3544564747822614,1.772282373911307,12,15,2.8870794784789253,3.2415359532611867,0.00390625,1|1|2|1,4,4,16,256
pub/london,Pub: london,pub,exact-payoff (backbone-invariant),1004,econ_bne,6,0.3544564747822614,2.1267388486935683,12,15,2.8870794784789253,3.2415359532611867,0.00390625,1|1|2|1,4,4,16,256
pub/london,Pub: london,pub,exact-payoff (backbone-invariant),1004,econ_bne,7,0.3544564747822614,2.4811953234758297,12,15,2.8870794784789253,3.2415359532611867,0.00390625,1|1|2|1,4,4,16,256
pub/london,Pub: london,pub,exact-payoff (backbone-invariant),1004,econ_bne,8,0.3544564747822614,2.835651798258091,12,15,2.8870794784789253,3.2415359532611867,0.00390625,1|1|2|1,4,4,16,256
pub/london,Pub: london,pub,exact-payoff (backbone-invariant),1004,econ_bne,9,0.3544564747822614,3.1901082730403525,12,15,2.8870794784789253,3.2415359532611867,0.00390625,1|1|2|1,4,4,16,256
pub/london,Pub: london,pub,exact-payoff (backbone-invariant),1004,econ_bne,10,0.3544564747822614,3.544564747822614,12,15,2.8870794784789253,3.2415359532611867,0.00390625,1|1|2|1,4,4,16,256
pub/london,Pub: london,pub,exact-payoff (backbone-invariant),1004,econ_bne,11,0.3544564747822614,3.8990212226048753,12,15,2.8870794784789253,3.2415359532611867,0.00390625,1|1|2|1,4,4,16,256
pub/london,Pub: london,pub,exact-payoff (backbone-invariant),1004,econ_bne,12,0.3544564747822614,4.253477697387137,12,15,2.8870794784789253,3.2415359532611867,0.00390625,1|1|2|1,4,4,16,256
pub/london,Pub: london,pub,exact-payoff (backbone-invariant),1004,econ_bne,13,0.3544564747822614,4.607934172169398,12,15,2.8870794784789253,3.2415359532611867,0.00390625,1|1|2|1,4,4,16,256
pub/london,Pub: london,pub,exact-payoff (backbone-invariant),1004,econ_bne,14,0.3544564747822614,4.962390646951659,12,15,2.8870794784789253,3.2415359532611867,0.00390625,1|1|2|1,4,4,16,256
pub/london,Pub: london,pub,exact-payoff (backbone-invariant),1004,econ_bne,15,0.3544564747822614,5.316847121733921,12,15,2.8870794784789253,3.2415359532611867,0.00390625,1|1|2|1,4,4,16,256
pub/london,Pub: london,pub,exact-payoff (backbone-invariant),1004,econ_bne,16,0.3544564747822614,5.671303596516182,12,15,2.8870794784789253,3.2415359532611867,0.00390625,1|1|2|1,4,4,16,256
pub/london,Pub: london,pub,exact-payoff (backbone-invariant),1004,econ_bne,17,0.3544564747822614,6.025760071298444,12,15,2.8870794784789253,3.2415359532611867,0.00390625,1|1|2|1,4,4,16,256
pub/london,Pub: london,pub,exact-payoff (backbone-invariant),1004,econ_bne,18,0.3544564747822614,6.380216546080705,12,15,2.8870794784789253,3.2415359532611867,0.00390625,1|1|2|1,4,4,16,256
pub/london,Pub: london,pub,exact-payoff (backbone-invariant),1004,econ_bne,19,0.3544564747822614,6.734673020862966,12,15,2.8870794784789253,3.2415359532611867,0.00390625,1|1|2|1,4,4,16,256
pub/london,Pub: london,pub,exact-payoff (backbone-invariant),1004,econ_bne,20,0.3544564747822614,7.089129495645228,12,15,2.8870794784789253,3.2415359532611867,0.00390625,1|1|2|1,4,4,16,256
pub/london,Pub: london,pub,exact-payoff (backbone-invariant),1004,atom_tom1,1,0.3544564747822614,0.3544564747822614,12,15,2.8870794784789253,3.2415359532611867,0.00390625,1|1|2|1,4,4,16,256
pub/london,Pub: london,pub,exact-payoff (backbone-invariant),1004,atom_tom1,2,0.3544564747822614,0.7089129495645228,12,15,2.8870794784789253,3.2415359532611867,0.00390625,1|1|2|1,4,4,16,256
pub/london,Pub: london,pub,exact-payoff (backbone-invariant),1004,atom_tom1,3,0.3544564747822614,1.0633694243467842,12,15,2.8870794784789253,3.2415359532611867,0.00390625,1|1|2|1,4,4,16,256
pub/london,Pub: london,pub,exact-payoff (backbone-invariant),1004,atom_tom1,4,0.3544564747822614,1.4178258991290456,12,15,2.8870794784789253,3.2415359532611867,0.00390625,1|1|2|1,4,4,16,256
pub/london,Pub: london,pub,exact-payoff (backbone-invariant),1004,atom_tom1,5,0.3544564747822614,1.772282373911307,12,15,2.8870794784789253,3.2415359532611867,0.00390625,1|1|2|1,4,4,16,256
pub/london,Pub: london,pub,exact-payoff (backbone-invariant),1004,atom_tom1,6,0.3544564747822614,2.1267388486935683,12,15,2.8870794784789253,3.2415359532611867,0.00390625,1|1|2|1,4,4,16,256
pub/london,Pub: london,pub,exact-payoff (backbone-invariant),1004,atom_tom1,7,0.3544564747822614,2.4811953234758297,12,15,2.8870794784789253,3.2415359532611867,0.00390625,1|1|2|1,4,4,16,256
pub/london,Pub: london,pub,exact-payoff (backbone-invariant),1004,atom_tom1,8,0.3544564747822614,2.835651798258091,12,15,2.8870794784789253,3.2415359532611867,0.00390625,1|1|2|1,4,4,16,256
pub/london,Pub: london,pub,exact-payoff (backbone-invariant),1004,atom_tom1,9,0.3544564747822614,3.1901082730403525,12,15,2.8870794784789253,3.2415359532611867,0.00390625,1|1|2|1,4,4,16,256
pub/london,Pub: london,pub,exact-payoff (backbone-invariant),1004,atom_tom1,10,0.3544564747822614,3.544564747822614,12,15,2.8870794784789253,3.2415359532611867,0.00390625,1|1|2|1,4,4,16,256
pub/london,Pub: london,pub,exact-payoff (backbone-invariant),1004,atom_tom1,11,0.3544564747822614,3.8990212226048753,12,15,2.8870794784789253,3.2415359532611867,0.00390625,1|1|2|1,4,4,16,256
pub/london,Pub: london,pub,exact-payoff (backbone-invariant),1004,atom_tom1,12,0.3544564747822614,4.253477697387137,12,15,2.8870794784789253,3.2415359532611867,0.00390625,1|1|2|1,4,4,16,256
pub/london,Pub: london,pub,exact-payoff (backbone-invariant),1004,atom_tom1,13,0.3544564747822614,4.607934172169398,12,15,2.8870794784789253,3.2415359532611867,0.00390625,1|1|2|1,4,4,16,256
pub/london,Pub: london,pub,exact-payoff (backbone-invariant),1004,atom_tom1,14,0.3544564747822614,4.962390646951659,12,15,2.8870794784789253,3.2415359532611867,0.00390625,1|1|2|1,4,4,16,256
pub/london,Pub: london,pub,exact-payoff (backbone-invariant),1004,atom_tom1,15,0.3544564747822614,5.316847121733921,12,15,2.8870794784789253,3.2415359532611867,0.00390625,1|1|2|1,4,4,16,256
pub/london,Pub: london,pub,exact-payoff (backbone-invariant),1004,atom_tom1,16,0.3544564747822614,5.671303596516182,12,15,2.8870794784789253,3.2415359532611867,0.00390625,1|1|2|1,4,4,16,256
pub/london,Pub: london,pub,exact-payoff (backbone-invariant),1004,atom_tom1,17,0.3544564747822614,6.025760071298444,12,15,2.8870794784789253,3.2415359532611867,0.00390625,1|1|2|1,4,4,16,256
pub/london,Pub: london,pub,exact-payoff (backbone-invariant),1004,atom_tom1,18,0.3544564747822614,6.380216546080705,12,15,2.8870794784789253,3.2415359532611867,0.00390625,1|1|2|1,4,4,16,256
pub/london,Pub: london,pub,exact-payoff (backbone-invariant),1004,atom_tom1,19,0.3544564747822614,6.734673020862966,12,15,2.8870794784789253,3.2415359532611867,0.00390625,1|1|2|1,4,4,16,256
pub/london,Pub: london,pub,exact-payoff (backbone-invariant),1004,atom_tom1,20,0.3544564747822614,7.089129495645228,12,15,2.8870794784789253,3.2415359532611867,0.00390625,1|1|2|1,4,4,16,256
pub/london,Pub: london,pub,exact-payoff (backbone-invariant),1004,random,1,0.9888888888888889,0.9888888888888889,11,15,2.252647064372298,3.2415359532611867,0.00390625,1|1|2|1,4,4,16,256
pub/london,Pub: london,pub,exact-payoff (backbone-invariant),1004,random,2,1.4538137476361022,2.442702636524991,7,15,1.7877222056250845,3.2415359532611867,0.00390625,1|1|2|1,4,4,16,256
pub/london,Pub: london,pub,exact-payoff (backbone-invariant),1004,random,3,2.442702636524991,4.885405273049982,3,15,0.7988333167361956,3.2415359532611867,0.00390625,1|1|2|1,4,4,16,256
pub/london,Pub: london,pub,exact-payoff (backbone-invariant),1004,random,4,2.442702636524991,7.328107909574973,3,15,0.7988333167361956,3.2415359532611867,0.00390625,1|1|2|1,4,4,16,256
pub/london,Pub: london,pub,exact-payoff (backbone-invariant),1004,random,5,0.08945391595734797,7.417561825532321,4,15,3.1520820373038387,3.2415359532611867,0.00390625,1|1|2|1,4,4,16,256
pub/london,Pub: london,pub,exact-payoff (backbone-invariant),1004,random,6,2.211987734516164,9.629549560048485,1,15,1.0295482187450224,3.2415359532611867,0.00390625,1|1|2|1,4,4,16,256
pub/london,Pub: london,pub,exact-payoff (backbone-invariant),1004,random,7,1.078342804846237,10.707892364894722,0,15,2.16319314841495,3.2415359532611867,0.00390625,1|1|2|1,4,4,16,256
pub/london,Pub: london,pub,exact-payoff (backbone-invariant),1004,random,8,1.078342804846237,11.786235169740959,0,15,2.16319314841495,3.2415359532611867,0.00390625,1|1|2|1,4,4,16,256
pub/london,Pub: london,pub,exact-payoff (backbone-invariant),1004,random,9,1.9110800740654241,13.697315243806383,10,15,1.3304558791957626,3.2415359532611867,0.00390625,1|1|2|1,4,4,16,256
pub/london,Pub: london,pub,exact-payoff (backbone-invariant),1004,random,10,0.3544564747822614,14.051771718588643,12,15,2.8870794784789253,3.2415359532611867,0.00390625,1|1|2|1,4,4,16,256
pub/london,Pub: london,pub,exact-payoff (backbone-invariant),1004,random,11,0.3544564747822614,14.406228193370904,12,15,2.8870794784789253,3.2415359532611867,0.00390625,1|1|2|1,4,4,16,256
pub/london,Pub: london,pub,exact-payoff (backbone-invariant),1004,random,12,1.3433453636711503,15.749573557042055,8,15,1.8981905895900364,3.2415359532611867,0.00390625,1|1|2|1,4,4,16,256
pub/london,Pub: london,pub,exact-payoff (backbone-invariant),1004,random,13,0.0,15.749573557042055,15,15,3.2415359532611867,3.2415359532611867,0.00390625,1|1|2|1,4,4,16,256
pub/london,Pub: london,pub,exact-payoff (backbone-invariant),1004,random,14,1.3433453636711503,17.092918920713206,8,15,1.8981905895900364,3.2415359532611867,0.00390625,1|1|2|1,4,4,16,256
pub/london,Pub: london,pub,exact-payoff (backbone-invariant),1004,random,15,1.9110800740654241,19.00399899477863,10,15,1.3304558791957626,3.2415359532611867,0.00390625,1|1|2|1,4,4,16,256
pub/london,Pub: london,pub,exact-payoff (backbone-invariant),1004,random,16,1.3433453636711503,20.34734435844978,8,15,1.8981905895900364,3.2415359532611867,0.00390625,1|1|2|1,4,4,16,256
pub/london,Pub: london,pub,exact-payoff (backbone-invariant),1004,random,17,1.3433453636711503,21.690689722120933,8,15,1.8981905895900364,3.2415359532611867,0.00390625,1|1|2|1,4,4,16,256
pub/london,Pub: london,pub,exact-payoff (backbone-invariant),1004,random,18,0.08945391595734797,21.78014363807828,4,15,3.1520820373038387,3.2415359532611867,0.00390625,1|1|2|1,4,4,16,256
pub/london,Pub: london,pub,exact-payoff (backbone-invariant),1004,random,19,0.9888888888888889,22.769032526967166,11,15,2.252647064372298,3.2415359532611867,0.00390625,1|1|2|1,4,4,16,256
pub/london,Pub: london,pub,exact-payoff (backbone-invariant),1004,random,20,1.4538137476361022,24.222846274603267,7,15,1.7877222056250845,3.2415359532611867,0.00390625,1|1|2|1,4,4,16,256
pub/london_mini,Pub: london_mini,pub,exact-payoff (backbone-invariant),1004,pact,1,0.0,0.0,1,1,1.7061389003720548,1.7061389003720548,0.31828071145831666,1|1,2,4,8,16
pub/london_mini,Pub: london_mini,pub,exact-payoff (backbone-invariant),1004,pact,2,0.0,0.0,1,1,1.7061389003720548,1.7061389003720548,0.34425104731257516,1|1,2,4,8,16
pub/london_mini,Pub: london_mini,pub,exact-payoff (backbone-invariant),1004,pact,3,0.0,0.0,1,1,1.7061389003720548,1.7061389003720548,0.36399252792605824,1|1,2,4,8,16
pub/london_mini,Pub: london_mini,pub,exact-payoff (backbone-invariant),1004,pact,4,0.0,0.0,1,1,1.7061389003720548,1.7061389003720548,0.38094544901764743,1|1,2,4,8,16
pub/london_mini,Pub: london_mini,pub,exact-payoff (backbone-invariant),1004,pact,5,0.0,0.0,1,1,1.7061389003720548,1.7061389003720548,0.39621405070723914,1|1,2,4,8,16
pub/london_mini,Pub: london_mini,pub,exact-payoff (backbone-invariant),1004,pact,6,0.0,0.0,1,1,1.7061389003720548,1.7061389003720548,0.4104346497994924,1|1,2,4,8,16
pub/london_mini,Pub: london_mini,pub,exact-payoff (backbone-invariant),1004,pact,7,0.0,0.0,1,1,1.7061389003720548,1.7061389003720548,0.4239622135600186,1|1,2,4,8,16
pub/london_mini,Pub: london_mini,pub,exact-payoff (backbone-invariant),1004,pact,8,0.0,0.0,1,1,1.7061389003720548,1.7061389003720548,0.43697906989632274,1|1,2,4,8,16
pub/london_mini,Pub: london_mini,pub,exact-payoff (backbone-invariant),1004,pact,9,0.0,0.0,1,1,1.7061389003720548,1.7061389003720548,0.44956925942769355,1|1,2,4,8,16
pub/london_mini,Pub: london_mini,pub,exact-payoff (backbone-invariant),1004,pact,10,0.0,0.0,1,1,1.7061389003720548,1.7061389003720548,0.46176431187157474,1|1,2,4,8,16
pub/london_mini,Pub: london_mini,pub,exact-payoff (backbone-invariant),1004,pact,11,0.0,0.0,1,1,1.7061389003720548,1.7061389003720548,0.4735696978775031,1|1,2,4,8,16
pub/london_mini,Pub: london_mini,pub,exact-payoff (backbone-invariant),1004,pact,12,0.0,0.0,1,1,1.7061389003720548,1.7061389003720548,0.4849795288311477,1|1,2,4,8,16
pub/london_mini,Pub: london_mini,pub,exact-payoff (backbone-invariant),1004,pact,13,0.0,0.0,1,1,1.7061389003720548,1.7061389003720548,0.4959844561320582,1|1,2,4,8,16
pub/london_mini,Pub: london_mini,pub,exact-payoff (backbone-invariant),1004,pact,14,0.0,0.0,1,1,1.7061389003720548,1.7061389003720548,0.5065757305944655,1|1,2,4,8,16
pub/london_mini,Pub: london_mini,pub,exact-payoff (backbone-invariant),1004,pact,15,0.0,0.0,1,1,1.7061389003720548,1.7061389003720548,0.5167471238783387,1|1,2,4,8,16
pub/london_mini,Pub: london_mini,pub,exact-payoff (backbone-invariant),1004,pact,16,0.0,0.0,1,1,1.7061389003720548,1.7061389003720548,0.5264956742558521,1|1,2,4,8,16
pub/london_mini,Pub: london_mini,pub,exact-payoff (backbone-invariant),1004,pact,17,0.0,0.0,1,1,1.7061389003720548,1.7061389003720548,0.5358217981944127,1|1,2,4,8,16
pub/london_mini,Pub: london_mini,pub,exact-payoff (backbone-invariant),1004,pact,18,0.0,0.0,1,1,1.7061389003720548,1.7061389003720548,0.544729072739219,1|1,2,4,8,16
pub/london_mini,Pub: london_mini,pub,exact-payoff (backbone-invariant),1004,pact,19,0.0,0.0,1,1,1.7061389003720548,1.7061389003720548,0.5532238609130584,1|1,2,4,8,16
pub/london_mini,Pub: london_mini,pub,exact-payoff (backbone-invariant),1004,pact,20,0.0,0.0,1,1,1.7061389003720548,1.7061389003720548,0.5613148773493383,1|1,2,4,8,16
pub/london_mini,Pub: london_mini,pub,exact-payoff (backbone-invariant),1004,pact_plus,1,0.0,0.0,1,1,1.7061389003720548,1.7061389003720548,0.31828071145831666,1|1,2,4,8,16
pub/london_mini,Pub: london_mini,pub,exact-payoff (backbone-invariant),1004,pact_plus,2,0.0,0.0,1,1,1.7061389003720548,1.7061389003720548,0.34425104731257516,1|1,2,4,8,16
pub/london_mini,Pub: london_mini,pub,exact-payoff (backbone-invariant),1004,pact_plus,3,0.0,0.0,1,1,1.7061389003720548,1.7061389003720548,0.36399252792605824,1|1,2,4,8,16
pub/london_mini,Pub: london_mini,pub,exact-payoff (backbone-invariant),1004,pact_plus,4,0.0,0.0,1,1,1.7061389003720548,1.7061389003720548,0.38094544901764743,1|1,2,4,8,16
pub/london_mini,Pub: london_mini,pub,exact-payoff (backbone-invariant),1004,pact_plus,5,0.0,0.0,1,1,1.7061389003720548,1.7061389003720548,0.39621405070723914,1|1,2,4,8,16
pub/london_mini,Pub: london_mini,pub,exact-payoff (backbone-invariant),1004,pact_plus,6,0.0,0.0,1,1,1.7061389003720548,1.7061389003720548,0.4104346497994924,1|1,2,4,8,16
pub/london_mini,Pub: london_mini,pub,exact-payoff (backbone-invariant),1004,pact_plus,7,0.0,0.0,1,1,1.7061389003720548,1.7061389003720548,0.4239622135600186,1|1,2,4,8,16
pub/london_mini,Pub: london_mini,pub,exact-payoff (backbone-invariant),1004,pact_plus,8,0.0,0.0,1,1,1.7061389003720548,1.7061389003720548,0.43697906989632274,1|1,2,4,8,16
pub/london_mini,Pub: london_mini,pub,exact-payoff (backbone-invariant),1004,pact_plus,9,0.0,0.0,1,1,1.7061389003720548,1.7061389003720548,0.44956925942769355,1|1,2,4,8,16
pub/london_mini,Pub: london_mini,pub,exact-payoff (backbone-invariant),1004,pact_plus,10,0.0,0.0,1,1,1.7061389003720548,1.7061389003720548,0.46176431187157474,1|1,2,4,8,16
pub/london_mini,Pub: london_mini,pub,exact-payoff (backbone-invariant),1004,pact_plus,11,0.0,0.0,1,1,1.7061389003720548,1.7061389003720548,0.4735696978775031,1|1,2,4,8,16
pub/london_mini,Pub: london_mini,pub,exact-payoff (backbone-invariant),1004,pact_plus,12,0.0,0.0,1,1,1.7061389003720548,1.7061389003720548,0.4849795288311477,1|1,2,4,8,16
pub/london_mini,Pub: london_mini,pub,exact-payoff (backbone-invariant),1004,pact_plus,13,0.0,0.0,1,1,1.7061389003720548,1.7061389003720548,0.4959844561320582,1|1,2,4,8,16
pub/london_mini,Pub: london_mini,pub,exact-payoff (backbone-invariant),1004,pact_plus,14,0.0,0.0,1,1,1.7061389003720548,1.7061389003720548,0.5065757305944655,1|1,2,4,8,16
pub/london_mini,Pub: london_mini,pub,exact-payoff (backbone-invariant),1004,pact_plus,15,0.0,0.0,1,1,1.7061389003720548,1.7061389003720548,0.5167471238783387,1|1,2,4,8,16
pub/london_mini,Pub: london_mini,pub,exact-payoff (backbone-invariant),1004,pact_plus,16,0.0,0.0,1,1,1.7061389003720548,1.7061389003720548,0.5264956742558521,1|1,2,4,8,16
pub/london_mini,Pub: london_mini,pub,exact-payoff (backbone-invariant),1004,pact_plus,17,0.0,0.0,1,1,1.7061389003720548,1.7061389003720548,0.5358217981944127,1|1,2,4,8,16
pub/london_mini,Pub: london_mini,pub,exact-payoff (backbone-invariant),1004,pact_plus,18,0.0,0.0,1,1,1.7061389003720548,1.7061389003720548,0.544729072739219,1|1,2,4,8,16
pub/london_mini,Pub: london_mini,pub,exact-payoff (backbone-invariant),1004,pact_plus,19,0.0,0.0,1,1,1.7061389003720548,1.7061389003720548,0.5532238609130584,1|1,2,4,8,16
pub/london_mini,Pub: london_mini,pub,exact-payoff (backbone-invariant),1004,pact_plus,20,0.0,0.0,1,1,1.7061389003720548,1.7061389003720548,0.5613148773493383,1|1,2,4,8,16
pub/london_mini,Pub: london_mini,pub,exact-payoff (backbone-invariant),1004,joint_psrl_uniform,1,0.0,0.0,1,1,1.7061389003720548,1.7061389003720548,0.10009950201885931,1|1,2,4,8,16
pub/london_mini,Pub: london_mini,pub,exact-payoff (backbone-invariant),1004,joint_psrl_uniform,2,0.0,0.0,1,1,1.7061389003720548,1.7061389003720548,0.11706497982718485,1|1,2,4,8,16
pub/london_mini,Pub: london_mini,pub,exact-payoff (backbone-invariant),1004,joint_psrl_uniform,3,0.0,0.0,1,1,1.7061389003720548,1.7061389003720548,0.1306075152120695,1|1,2,4,8,16
pub/london_mini,Pub: london_mini,pub,exact-payoff (backbone-invariant),1004,joint_psrl_uniform,4,0.0,0.0,1,1,1.7061389003720548,1.7061389003720548,0.14247200620407624,1|1,2,4,8,16
pub/london_mini,Pub: london_mini,pub,exact-payoff (backbone-invariant),1004,joint_psrl_uniform,5,0.0,0.0,1,1,1.7061389003720548,1.7061389003720548,0.1532504714860659,1|1,2,4,8,16
pub/london_mini,Pub: london_mini,pub,exact-payoff (backbone-invariant),1004,joint_psrl_uniform,6,0.0,0.0,1,1,1.7061389003720548,1.7061389003720548,0.16332676801072124,1|1,2,4,8,16
pub/london_mini,Pub: london_mini,pub,exact-payoff (backbone-invariant),1004,joint_psrl_uniform,7,0.0,0.0,1,1,1.7061389003720548,1.7061389003720548,0.17293759947880696,1|1,2,4,8,16
pub/london_mini,Pub: london_mini,pub,exact-payoff (backbone-invariant),1004,joint_psrl_uniform,8,0.0,0.0,1,1,1.7061389003720548,1.7061389003720548,0.18221629680861404,1|1,2,4,8,16
pub/london_mini,Pub: london_mini,pub,exact-payoff (backbone-invariant),1004,joint_psrl_uniform,9,0.0,0.0,1,1,1.7061389003720548,1.7061389003720548,0.19123083763592214,1|1,2,4,8,16
pub/london_mini,Pub: london_mini,pub,exact-payoff (backbone-invariant),1004,joint_psrl_uniform,10,0.0,0.0,1,1,1.7061389003720548,1.7061389003720548,0.20001080909365326,1|1,2,4,8,16
pub/london_mini,Pub: london_mini,pub,exact-payoff (backbone-invariant),1004,joint_psrl_uniform,11,0.0,0.0,1,1,1.7061389003720548,1.7061389003720548,0.20856470417644915,1|1,2,4,8,16
pub/london_mini,Pub: london_mini,pub,exact-payoff (backbone-invariant),1004,joint_psrl_uniform,12,0.0,0.0,1,1,1.7061389003720548,1.7061389003720548,0.21689042793370236,1|1,2,4,8,16
pub/london_mini,Pub: london_mini,pub,exact-payoff (backbone-invariant),1004,joint_psrl_uniform,13,0.0,0.0,1,1,1.7061389003720548,1.7061389003720548,0.22498143941973575,1|1,2,4,8,16
pub/london_mini,Pub: london_mini,pub,exact-payoff (backbone-invariant),1004,joint_psrl_uniform,14,0.0,0.0,1,1,1.7061389003720548,1.7061389003720548,0.2328302066963381,1|1,2,4,8,16
pub/london_mini,Pub: london_mini,pub,exact-payoff (backbone-invariant),1004,joint_psrl_uniform,15,0.0,0.0,1,1,1.7061389003720548,1.7061389003720548,0.24043004710375432,1|1,2,4,8,16
pub/london_mini,Pub: london_mini,pub,exact-payoff (backbone-invariant),1004,joint_psrl_uniform,16,0.0,0.0,1,1,1.7061389003720548,1.7061389003720548,0.24777601399903687,1|1,2,4,8,16
pub/london_mini,Pub: london_mini,pub,exact-payoff (backbone-invariant),1004,joint_psrl_uniform,17,0.0,0.0,1,1,1.7061389003720548,1.7061389003720548,0.2548652307478319,1|1,2,4,8,16
pub/london_mini,Pub: london_mini,pub,exact-payoff (backbone-invariant),1004,joint_psrl_uniform,18,0.0,0.0,1,1,1.7061389003720548,1.7061389003720548,0.2616969128973531,1|1,2,4,8,16
pub/london_mini,Pub: london_mini,pub,exact-payoff (backbone-invariant),1004,joint_psrl_uniform,19,0.0,0.0,1,1,1.7061389003720548,1.7061389003720548,0.26827222268290557,1|1,2,4,8,16
pub/london_mini,Pub: london_mini,pub,exact-payoff (backbone-invariant),1004,joint_psrl_uniform,20,0.0,0.0,1,1,1.7061389003720548,1.7061389003720548,0.27459404169255924,1|1,2,4,8,16
pub/london_mini,Pub: london_mini,pub,exact-payoff (backbone-invariant),1004,psrl_notype,1,0.0,0.0,1,1,1.7061389003720548,1.7061389003720548,0.0625,1|1,2,4,8,16
pub/london_mini,Pub: london_mini,pub,exact-payoff (backbone-invariant),1004,psrl_notype,2,0.0,0.0,1,1,1.7061389003720548,1.7061389003720548,0.0625,1|1,2,4,8,16
pub/london_mini,Pub: london_mini,pub,exact-payoff (backbone-invariant),1004,psrl_notype,3,0.0,0.0,1,1,1.7061389003720548,1.7061389003720548,0.0625,1|1,2,4,8,16
pub/london_mini,Pub: london_mini,pub,exact-payoff (backbone-invariant),1004,psrl_notype,4,0.0,0.0,1,1,1.7061389003720548,1.7061389003720548,0.0625,1|1,2,4,8,16
pub/london_mini,Pub: london_mini,pub,exact-payoff (backbone-invariant),1004,psrl_notype,5,0.0,0.0,1,1,1.7061389003720548,1.7061389003720548,0.0625,1|1,2,4,8,16
pub/london_mini,Pub: london_mini,pub,exact-payoff (backbone-invariant),1004,psrl_notype,6,0.0,0.0,1,1,1.7061389003720548,1.7061389003720548,0.0625,1|1,2,4,8,16
pub/london_mini,Pub: london_mini,pub,exact-payoff (backbone-invariant),1004,psrl_notype,7,0.0,0.0,1,1,1.7061389003720548,1.7061389003720548,0.0625,1|1,2,4,8,16
pub/london_mini,Pub: london_mini,pub,exact-payoff (backbone-invariant),1004,psrl_notype,8,0.0,0.0,1,1,1.7061389003720548,1.7061389003720548,0.0625,1|1,2,4,8,16
pub/london_mini,Pub: london_mini,pub,exact-payoff (backbone-invariant),1004,psrl_notype,9,0.0,0.0,1,1,1.7061389003720548,1.7061389003720548,0.0625,1|1,2,4,8,16
pub/london_mini,Pub: london_mini,pub,exact-payoff (backbone-invariant),1004,psrl_notype,10,0.0,0.0,1,1,1.7061389003720548,1.7061389003720548,0.0625,1|1,2,4,8,16
pub/london_mini,Pub: london_mini,pub,exact-payoff (backbone-invariant),1004,psrl_notype,11,0.0,0.0,1,1,1.7061389003720548,1.7061389003720548,0.0625,1|1,2,4,8,16
pub/london_mini,Pub: london_mini,pub,exact-payoff (backbone-invariant),1004,psrl_notype,12,0.0,0.0,1,1,1.7061389003720548,1.7061389003720548,0.0625,1|1,2,4,8,16
pub/london_mini,Pub: london_mini,pub,exact-payoff (backbone-invariant),1004,psrl_notype,13,0.0,0.0,1,1,1.7061389003720548,1.7061389003720548,0.0625,1|1,2,4,8,16
pub/london_mini,Pub: london_mini,pub,exact-payoff (backbone-invariant),1004,psrl_notype,14,0.0,0.0,1,1,1.7061389003720548,1.7061389003720548,0.0625,1|1,2,4,8,16
pub/london_mini,Pub: london_mini,pub,exact-payoff (backbone-invariant),1004,psrl_notype,15,0.0,0.0,1,1,1.7061389003720548,1.7061389003720548,0.0625,1|1,2,4,8,16
pub/london_mini,Pub: london_mini,pub,exact-payoff (backbone-invariant),1004,psrl_notype,16,0.0,0.0,1,1,1.7061389003720548,1.7061389003720548,0.0625,1|1,2,4,8,16
pub/london_mini,Pub: london_mini,pub,exact-payoff (backbone-invariant),1004,psrl_notype,17,0.0,0.0,1,1,1.7061389003720548,1.7061389003720548,0.0625,1|1,2,4,8,16
pub/london_mini,Pub: london_mini,pub,exact-payoff (backbone-invariant),1004,psrl_notype,18,0.0,0.0,1,1,1.7061389003720548,1.7061389003720548,0.0625,1|1,2,4,8,16
pub/london_mini,Pub: london_mini,pub,exact-payoff (backbone-invariant),1004,psrl_notype,19,0.0,0.0,1,1,1.7061389003720548,1.7061389003720548,0.0625,1|1,2,4,8,16
pub/london_mini,Pub: london_mini,pub,exact-payoff (backbone-invariant),1004,psrl_notype,20,0.0,0.0,1,1,1.7061389003720548,1.7061389003720548,0.0625,1|1,2,4,8,16
pub/london_mini,Pub: london_mini,pub,exact-payoff (backbone-invariant),1004,map_type_greedy,1,0.0,0.0,1,1,1.7061389003720548,1.7061389003720548,0.31828071145831666,1|1,2,4,8,16
pub/london_mini,Pub: london_mini,pub,exact-payoff (backbone-invariant),1004,map_type_greedy,2,0.0,0.0,1,1,1.7061389003720548,1.7061389003720548,0.34425104731257516,1|1,2,4,8,16
pub/london_mini,Pub: london_mini,pub,exact-payoff (backbone-invariant),1004,map_type_greedy,3,0.0,0.0,1,1,1.7061389003720548,1.7061389003720548,0.36399252792605824,1|1,2,4,8,16
pub/london_mini,Pub: london_mini,pub,exact-payoff (backbone-invariant),1004,map_type_greedy,4,0.0,0.0,1,1,1.7061389003720548,1.7061389003720548,0.38094544901764743,1|1,2,4,8,16
pub/london_mini,Pub: london_mini,pub,exact-payoff (backbone-invariant),1004,map_type_greedy,5,0.0,0.0,1,1,1.7061389003720548,1.7061389003720548,0.39621405070723914,1|1,2,4,8,16
pub/london_mini,Pub: london_mini,pub,exact-payoff (backbone-invariant),1004,map_type_greedy,6,0.0,0.0,1,1,1.7061389003720548,1.7061389003720548,0.4104346497994924,1|1,2,4,8,16
pub/london_mini,Pub: london_mini,pub,exact-payoff (backbone-invariant),1004,map_type_greedy,7,0.0,0.0,1,1,1.7061389003720548,1.7061389003720548,0.4239622135600186,1|1,2,4,8,16
pub/london_mini,Pub: london_mini,pub,exact-payoff (backbone-invariant),1004,map_type_greedy,8,0.0,0.0,1,1,1.7061389003720548,1.7061389003720548,0.43697906989632274,1|1,2,4,8,16
pub/london_mini,Pub: london_mini,pub,exact-payoff (backbone-invariant),1004,map_type_greedy,9,0.0,0.0,1,1,1.7061389003720548,1.7061389003720548,0.44956925942769355,1|1,2,4,8,16
pub/london_mini,Pub: london_mini,pub,exact-payoff (backbone-invariant),1004,map_type_greedy,10,0.0,0.0,1,1,1.7061389003720548,1.7061389003720548,0.46176431187157474,1|1,2,4,8,16
pub/london_mini,Pub: london_mini,pub,exact-payoff (backbone-invariant),1004,map_type_greedy,11,0.0,0.0,1,1,1.7061389003720548,1.7061389003720548,0.4735696978775031,1|1,2,4,8,16
pub/london_mini,Pub: london_mini,pub,exact-payoff (backbone-invariant),1004,map_type_greedy,12,0.0,0.0,1,1,1.7061389003720548,1.7061389003720548,0.4849795288311477,1|1,2,4,8,16
pub/london_mini,Pub: london_mini,pub,exact-payoff (backbone-invariant),1004,map_type_greedy,13,0.0,0.0,1,1,1.7061389003720548,1.7061389003720548,0.4959844561320582,1|1,2,4,8,16
pub/london_mini,Pub: london_mini,pub,exact-payoff (backbone-invariant),1004,map_type_greedy,14,0.0,0.0,1,1,1.7061389003720548,1.7061389003720548,0.5065757305944655,1|1,2,4,8,16
pub/london_mini,Pub: london_mini,pub,exact-payoff (backbone-invariant),1004,map_type_greedy,15,0.0,0.0,1,1,1.7061389003720548,1.7061389003720548,0.5167471238783387,1|1,2,4,8,16
pub/london_mini,Pub: london_mini,pub,exact-payoff (backbone-invariant),1004,map_type_greedy,16,0.0,0.0,1,1,1.7061389003720548,1.7061389003720548,0.5264956742558521,1|1,2,4,8,16
pub/london_mini,Pub: london_mini,pub,exact-payoff (backbone-invariant),1004,map_type_greedy,17,0.0,0.0,1,1,1.7061389003720548,1.7061389003720548,0.5358217981944127,1|1,2,4,8,16
pub/london_mini,Pub: london_mini,pub,exact-payoff (backbone-invariant),1004,map_type_greedy,18,0.0,0.0,1,1,1.7061389003720548,1.7061389003720548,0.544729072739219,1|1,2,4,8,16
pub/london_mini,Pub: london_mini,pub,exact-payoff (backbone-invariant),1004,map_type_greedy,19,0.0,0.0,1,1,1.7061389003720548,1.7061389003720548,0.5532238609130584,1|1,2,4,8,16
pub/london_mini,Pub: london_mini,pub,exact-payoff (backbone-invariant),1004,map_type_greedy,20,0.0,0.0,1,1,1.7061389003720548,1.7061389003720548,0.5613148773493383,1|1,2,4,8,16
pub/london_mini,Pub: london_mini,pub,exact-payoff (backbone-invariant),1004,econ_bne,1,0.0,0.0,1,1,1.7061389003720548,1.7061389003720548,0.0625,1|1,2,4,8,16
pub/london_mini,Pub: london_mini,pub,exact-payoff (backbone-invariant),1004,econ_bne,2,0.0,0.0,1,1,1.7061389003720548,1.7061389003720548,0.0625,1|1,2,4,8,16
pub/london_mini,Pub: london_mini,pub,exact-payoff (backbone-invariant),1004,econ_bne,3,0.0,0.0,1,1,1.7061389003720548,1.7061389003720548,0.0625,1|1,2,4,8,16
pub/london_mini,Pub: london_mini,pub,exact-payoff (backbone-invariant),1004,econ_bne,4,0.0,0.0,1,1,1.7061389003720548,1.7061389003720548,0.0625,1|1,2,4,8,16
pub/london_mini,Pub: london_mini,pub,exact-payoff (backbone-invariant),1004,econ_bne,5,0.0,0.0,1,1,1.7061389003720548,1.7061389003720548,0.0625,1|1,2,4,8,16
pub/london_mini,Pub: london_mini,pub,exact-payoff (backbone-invariant),1004,econ_bne,6,0.0,0.0,1,1,1.7061389003720548,1.7061389003720548,0.0625,1|1,2,4,8,16
pub/london_mini,Pub: london_mini,pub,exact-payoff (backbone-invariant),1004,econ_bne,7,0.0,0.0,1,1,1.7061389003720548,1.7061389003720548,0.0625,1|1,2,4,8,16
pub/london_mini,Pub: london_mini,pub,exact-payoff (backbone-invariant),1004,econ_bne,8,0.0,0.0,1,1,1.7061389003720548,1.7061389003720548,0.0625,1|1,2,4,8,16
pub/london_mini,Pub: london_mini,pub,exact-payoff (backbone-invariant),1004,econ_bne,9,0.0,0.0,1,1,1.7061389003720548,1.7061389003720548,0.0625,1|1,2,4,8,16
pub/london_mini,Pub: london_mini,pub,exact-payoff (backbone-invariant),1004,econ_bne,10,0.0,0.0,1,1,1.7061389003720548,1.7061389003720548,0.0625,1|1,2,4,8,16
pub/london_mini,Pub: london_mini,pub,exact-payoff (backbone-invariant),1004,econ_bne,11,0.0,0.0,1,1,1.7061389003720548,1.7061389003720548,0.0625,1|1,2,4,8,16
pub/london_mini,Pub: london_mini,pub,exact-payoff (backbone-invariant),1004,econ_bne,12,0.0,0.0,1,1,1.7061389003720548,1.7061389003720548,0.0625,1|1,2,4,8,16
pub/london_mini,Pub: london_mini,pub,exact-payoff (backbone-invariant),1004,econ_bne,13,0.0,0.0,1,1,1.7061389003720548,1.7061389003720548,0.0625,1|1,2,4,8,16
pub/london_mini,Pub: london_mini,pub,exact-payoff (backbone-invariant),1004,econ_bne,14,0.0,0.0,1,1,1.7061389003720548,1.7061389003720548,0.0625,1|1,2,4,8,16
pub/london_mini,Pub: london_mini,pub,exact-payoff (backbone-invariant),1004,econ_bne,15,0.0,0.0,1,1,1.7061389003720548,1.7061389003720548,0.0625,1|1,2,4,8,16
pub/london_mini,Pub: london_mini,pub,exact-payoff (backbone-invariant),1004,econ_bne,16,0.0,0.0,1,1,1.7061389003720548,1.7061389003720548,0.0625,1|1,2,4,8,16
pub/london_mini,Pub: london_mini,pub,exact-payoff (backbone-invariant),1004,econ_bne,17,0.0,0.0,1,1,1.7061389003720548,1.7061389003720548,0.0625,1|1,2,4,8,16
pub/london_mini,Pub: london_mini,pub,exact-payoff (backbone-invariant),1004,econ_bne,18,0.0,0.0,1,1,1.7061389003720548,1.7061389003720548,0.0625,1|1,2,4,8,16
pub/london_mini,Pub: london_mini,pub,exact-payoff (backbone-invariant),1004,econ_bne,19,0.0,0.0,1,1,1.7061389003720548,1.7061389003720548,0.0625,1|1,2,4,8,16
pub/london_mini,Pub: london_mini,pub,exact-payoff (backbone-invariant),1004,econ_bne,20,0.0,0.0,1,1,1.7061389003720548,1.7061389003720548,0.0625,1|1,2,4,8,16
pub/london_mini,Pub: london_mini,pub,exact-payoff (backbone-invariant),1004,atom_tom1,1,0.0,0.0,1,1,1.7061389003720548,1.7061389003720548,0.0625,1|1,2,4,8,16
pub/london_mini,Pub: london_mini,pub,exact-payoff (backbone-invariant),1004,atom_tom1,2,0.0,0.0,1,1,1.7061389003720548,1.7061389003720548,0.0625,1|1,2,4,8,16
pub/london_mini,Pub: london_mini,pub,exact-payoff (backbone-invariant),1004,atom_tom1,3,0.0,0.0,1,1,1.7061389003720548,1.7061389003720548,0.0625,1|1,2,4,8,16
pub/london_mini,Pub: london_mini,pub,exact-payoff (backbone-invariant),1004,atom_tom1,4,0.0,0.0,1,1,1.7061389003720548,1.7061389003720548,0.0625,1|1,2,4,8,16
pub/london_mini,Pub: london_mini,pub,exact-payoff (backbone-invariant),1004,atom_tom1,5,0.0,0.0,1,1,1.7061389003720548,1.7061389003720548,0.0625,1|1,2,4,8,16
pub/london_mini,Pub: london_mini,pub,exact-payoff (backbone-invariant),1004,atom_tom1,6,0.0,0.0,1,1,1.7061389003720548,1.7061389003720548,0.0625,1|1,2,4,8,16
pub/london_mini,Pub: london_mini,pub,exact-payoff (backbone-invariant),1004,atom_tom1,7,0.0,0.0,1,1,1.7061389003720548,1.7061389003720548,0.0625,1|1,2,4,8,16
pub/london_mini,Pub: london_mini,pub,exact-payoff (backbone-invariant),1004,atom_tom1,8,0.0,0.0,1,1,1.7061389003720548,1.7061389003720548,0.0625,1|1,2,4,8,16
pub/london_mini,Pub: london_mini,pub,exact-payoff (backbone-invariant),1004,atom_tom1,9,0.0,0.0,1,1,1.7061389003720548,1.7061389003720548,0.0625,1|1,2,4,8,16
pub/london_mini,Pub: london_mini,pub,exact-payoff (backbone-invariant),1004,atom_tom1,10,0.0,0.0,1,1,1.7061389003720548,1.7061389003720548,0.0625,1|1,2,4,8,16
pub/london_mini,Pub: london_mini,pub,exact-payoff (backbone-invariant),1004,atom_tom1,11,0.0,0.0,1,1,1.7061389003720548,1.7061389003720548,0.0625,1|1,2,4,8,16
pub/london_mini,Pub: london_mini,pub,exact-payoff (backbone-invariant),1004,atom_tom1,12,0.0,0.0,1,1,1.7061389003720548,1.7061389003720548,0.0625,1|1,2,4,8,16
pub/london_mini,Pub: london_mini,pub,exact-payoff (backbone-invariant),1004,atom_tom1,13,0.0,0.0,1,1,1.7061389003720548,1.7061389003720548,0.0625,1|1,2,4,8,16
pub/london_mini,Pub: london_mini,pub,exact-payoff (backbone-invariant),1004,atom_tom1,14,0.0,0.0,1,1,1.7061389003720548,1.7061389003720548,0.0625,1|1,2,4,8,16
pub/london_mini,Pub: london_mini,pub,exact-payoff (backbone-invariant),1004,atom_tom1,15,0.0,0.0,1,1,1.7061389003720548,1.7061389003720548,0.0625,1|1,2,4,8,16
pub/london_mini,Pub: london_mini,pub,exact-payoff (backbone-invariant),1004,atom_tom1,16,0.0,0.0,1,1,1.7061389003720548,1.7061389003720548,0.0625,1|1,2,4,8,16
pub/london_mini,Pub: london_mini,pub,exact-payoff (backbone-invariant),1004,atom_tom1,17,0.0,0.0,1,1,1.7061389003720548,1.7061389003720548,0.0625,1|1,2,4,8,16
pub/london_mini,Pub: london_mini,pub,exact-payoff (backbone-invariant),1004,atom_tom1,18,0.0,0.0,1,1,1.7061389003720548,1.7061389003720548,0.0625,1|1,2,4,8,16
pub/london_mini,Pub: london_mini,pub,exact-payoff (backbone-invariant),1004,atom_tom1,19,0.0,0.0,1,1,1.7061389003720548,1.7061389003720548,0.0625,1|1,2,4,8,16
pub/london_mini,Pub: london_mini,pub,exact-payoff (backbone-invariant),1004,atom_tom1,20,0.0,0.0,1,1,1.7061389003720548,1.7061389003720548,0.0625,1|1,2,4,8,16
pub/london_mini,Pub: london_mini,pub,exact-payoff (backbone-invariant),1004,random,1,0.5902439024390245,0.5902439024390245,3,1,1.1158949979330304,1.7061389003720548,0.0625,1|1,2,4,8,16
pub/london_mini,Pub: london_mini,pub,exact-payoff (backbone-invariant),1004,random,2,1.4122778007441092,2.0025217031831337,2,1,0.2938610996279456,1.7061389003720548,0.0625,1|1,2,4,8,16
pub/london_mini,Pub: london_mini,pub,exact-payoff (backbone-invariant),1004,random,3,0.8220338983050849,2.8245556014882185,0,1,0.88410500206697,1.7061389003720548,0.0625,1|1,2,4,8,16
pub/london_mini,Pub: london_mini,pub,exact-payoff (backbone-invariant),1004,random,4,0.5902439024390245,3.414799503927243,3,1,1.1158949979330304,1.7061389003720548,0.0625,1|1,2,4,8,16
pub/london_mini,Pub: london_mini,pub,exact-payoff (backbone-invariant),1004,random,5,0.5902439024390245,4.005043406366267,3,1,1.1158949979330304,1.7061389003720548,0.0625,1|1,2,4,8,16
pub/london_mini,Pub: london_mini,pub,exact-payoff (backbone-invariant),1004,random,6,0.8220338983050849,4.827077304671352,0,1,0.88410500206697,1.7061389003720548,0.0625,1|1,2,4,8,16
pub/london_mini,Pub: london_mini,pub,exact-payoff (backbone-invariant),1004,random,7,0.5902439024390245,5.417321207110376,3,1,1.1158949979330304,1.7061389003720548,0.0625,1|1,2,4,8,16
pub/london_mini,Pub: london_mini,pub,exact-payoff (backbone-invariant),1004,random,8,1.4122778007441092,6.829599007854485,2,1,0.2938610996279456,1.7061389003720548,0.0625,1|1,2,4,8,16
pub/london_mini,Pub: london_mini,pub,exact-payoff (backbone-invariant),1004,random,9,1.4122778007441092,8.241876808598594,2,1,0.2938610996279456,1.7061389003720548,0.0625,1|1,2,4,8,16
pub/london_mini,Pub: london_mini,pub,exact-payoff (backbone-invariant),1004,random,10,0.5902439024390245,8.832120711037618,3,1,1.1158949979330304,1.7061389003720548,0.0625,1|1,2,4,8,16
pub/london_mini,Pub: london_mini,pub,exact-payoff (backbone-invariant),1004,random,11,0.8220338983050849,9.654154609342703,0,1,0.88410500206697,1.7061389003720548,0.0625,1|1,2,4,8,16
pub/london_mini,Pub: london_mini,pub,exact-payoff (backbone-invariant),1004,random,12,0.0,9.654154609342703,1,1,1.7061389003720548,1.7061389003720548,0.0625,1|1,2,4,8,16
pub/london_mini,Pub: london_mini,pub,exact-payoff (backbone-invariant),1004,random,13,0.8220338983050849,10.476188507647787,0,1,0.88410500206697,1.7061389003720548,0.0625,1|1,2,4,8,16
pub/london_mini,Pub: london_mini,pub,exact-payoff (backbone-invariant),1004,random,14,0.0,10.476188507647787,1,1,1.7061389003720548,1.7061389003720548,0.0625,1|1,2,4,8,16
pub/london_mini,Pub: london_mini,pub,exact-payoff (backbone-invariant),1004,random,15,1.4122778007441092,11.888466308391896,2,1,0.2938610996279456,1.7061389003720548,0.0625,1|1,2,4,8,16
pub/london_mini,Pub: london_mini,pub,exact-payoff (backbone-invariant),1004,random,16,0.0,11.888466308391896,1,1,1.7061389003720548,1.7061389003720548,0.0625,1|1,2,4,8,16
pub/london_mini,Pub: london_mini,pub,exact-payoff (backbone-invariant),1004,random,17,0.0,11.888466308391896,1,1,1.7061389003720548,1.7061389003720548,0.0625,1|1,2,4,8,16
pub/london_mini,Pub: london_mini,pub,exact-payoff (backbone-invariant),1004,random,18,1.4122778007441092,13.300744109136005,2,1,0.2938610996279456,1.7061389003720548,0.0625,1|1,2,4,8,16
pub/london_mini,Pub: london_mini,pub,exact-payoff (backbone-invariant),1004,random,19,0.5902439024390245,13.890988011575029,3,1,1.1158949979330304,1.7061389003720548,0.0625,1|1,2,4,8,16
pub/london_mini,Pub: london_mini,pub,exact-payoff (backbone-invariant),1004,random,20,0.5902439024390245,14.481231914014053,3,1,1.1158949979330304,1.7061389003720548,0.0625,1|1,2,4,8,16
haggling/fruitville,Haggling: fruitville,haggling,exact-payoff (backbone-invariant),1004,pact,1,0.0,0.0,7,7,1.1222222222222222,1.1222222222222222,0.2733771340677348,1|1,2,4,8,16
haggling/fruitville,Haggling: fruitville,haggling,exact-payoff (backbone-invariant),1004,pact,2,0.0888888888888888,0.0888888888888888,9,7,1.0333333333333334,1.1222222222222222,0.4099717441064903,1|1,2,4,8,16
haggling/fruitville,Haggling: fruitville,haggling,exact-payoff (backbone-invariant),1004,pact,3,0.016666666666666607,0.1055555555555554,5,7,1.1055555555555556,1.1222222222222222,0.4587401950767146,1|1,2,4,8,16
haggling/fruitville,Haggling: fruitville,haggling,exact-payoff (backbone-invariant),1004,pact,4,0.0,0.1055555555555554,7,7,1.1222222222222222,1.1222222222222222,0.47064531249281705,1|1,2,4,8,16
haggling/fruitville,Haggling: fruitville,haggling,exact-payoff (backbone-invariant),1004,pact,5,0.0888888888888888,0.1944444444444442,9,7,1.0333333333333334,1.1222222222222222,0.5564581643525849,1|1,2,4,8,16
haggling/fruitville,Haggling: fruitville,haggling,exact-payoff (backbone-invariant),1004,pact,6,0.0,0.1944444444444442,7,7,1.1222222222222222,1.1222222222222222,0.5642402917741429,1|1,2,4,8,16
haggling/fruitville,Haggling: fruitville,haggling,exact-payoff (backbone-invariant),1004,pact,7,0.0,0.1944444444444442,7,7,1.1222222222222222,1.1222222222222222,0.5717431888093936,1|1,2,4,8,16
haggling/fruitville,Haggling: fruitville,haggling,exact-payoff (backbone-invariant),1004,pact,8,0.016666666666666607,0.2111111111111108,5,7,1.1055555555555556,1.1222222222222222,0.6187011147564391,1|1,2,4,8,16
haggling/fruitville,Haggling: fruitville,haggling,exact-payoff (backbone-invariant),1004,pact,9,0.0,0.2111111111111108,7,7,1.1222222222222222,1.1222222222222222,0.6257811735966703,1|1,2,4,8,16
haggling/fruitville,Haggling: fruitville,haggling,exact-payoff (backbone-invariant),1004,pact,10,0.0,0.2111111111111108,7,7,1.1222222222222222,1.1222222222222222,0.6325578460747842,1|1,2,4,8,16
haggling/fruitville,Haggling: fruitville,haggling,exact-payoff (backbone-invariant),1004,pact,11,0.016666666666666607,0.2277777777777774,5,7,1.1055555555555556,1.1222222222222222,0.6710804635499047,1|1,2,4,8,16
haggling/fruitville,Haggling: fruitville,haggling,exact-payoff (backbone-invariant),1004,pact,12,0.0,0.2277777777777774,7,7,1.1222222222222222,1.1222222222222222,0.6773252710100279,1|1,2,4,8,16
haggling/fruitville,Haggling: fruitville,haggling,exact-payoff (backbone-invariant),1004,pact,13,0.016666666666666607,0.24444444444444402,5,7,1.1055555555555556,1.1222222222222222,0.7090923432695773,1|1,2,4,8,16
haggling/fruitville,Haggling: fruitville,haggling,exact-payoff (backbone-invariant),1004,pact,14,0.0,0.24444444444444402,7,7,1.1222222222222222,1.1222222222222222,0.7148169570994551,1|1,2,4,8,16
haggling/fruitville,Haggling: fruitville,haggling,exact-payoff (backbone-invariant),1004,pact,15,0.0,0.24444444444444402,7,7,1.1222222222222222,1.1222222222222222,0.7202500117740736,1|1,2,4,8,16
haggling/fruitville,Haggling: fruitville,haggling,exact-payoff (backbone-invariant),1004,pact,16,0.0,0.24444444444444402,7,7,1.1222222222222222,1.1222222222222222,0.725408900852764,1|1,2,4,8,16
haggling/fruitville,Haggling: fruitville,haggling,exact-payoff (backbone-invariant),1004,pact,17,0.0,0.24444444444444402,7,7,1.1222222222222222,1.1222222222222222,0.7303097153524524,1|1,2,4,8,16
haggling/fruitville,Haggling: fruitville,haggling,exact-payoff (backbone-invariant),1004,pact,18,0.0,0.24444444444444402,7,7,1.1222222222222222,1.1222222222222222,0.7349673974300346,1|1,2,4,8,16
haggling/fruitville,Haggling: fruitville,haggling,exact-payoff (backbone-invariant),1004,pact,19,0.016666666666666607,0.2611111111111106,5,7,1.1055555555555556,1.1222222222222222,0.7608081537574962,1|1,2,4,8,16
haggling/fruitville,Haggling: fruitville,haggling,exact-payoff (backbone-invariant),1004,pact,20,0.0,0.2611111111111106,7,7,1.1222222222222222,1.1222222222222222,0.7650490778458867,1|1,2,4,8,16
haggling/fruitville,Haggling: fruitville,haggling,exact-payoff (backbone-invariant),1004,pact_plus,1,0.0,0.0,7,7,1.1222222222222222,1.1222222222222222,0.2733771340677348,1|1,2,4,8,16
haggling/fruitville,Haggling: fruitville,haggling,exact-payoff (backbone-invariant),1004,pact_plus,2,0.0888888888888888,0.0888888888888888,9,7,1.0333333333333334,1.1222222222222222,0.4099717441064903,1|1,2,4,8,16
haggling/fruitville,Haggling: fruitville,haggling,exact-payoff (backbone-invariant),1004,pact_plus,3,0.26111111111111107,0.34999999999999987,1,7,0.8611111111111112,1.1222222222222222,0.8372780543063003,1|1,2,4,8,16
haggling/fruitville,Haggling: fruitville,haggling,exact-payoff (backbone-invariant),1004,pact_plus,4,0.0,0.34999999999999987,7,7,1.1222222222222222,1.1222222222222222,0.8506794480505258,1|1,2,4,8,16
haggling/fruitville,Haggling: fruitville,haggling,exact-payoff (backbone-invariant),1004,pact_plus,5,0.0888888888888888,0.43888888888888866,9,7,1.0333333333333334,1.1222222222222222,0.9195349653618847,1|1,2,4,8,16
haggling/fruitville,Haggling: fruitville,haggling,exact-payoff (backbone-invariant),1004,pact_plus,6,0.0,0.43888888888888866,7,7,1.1222222222222222,1.1222222222222222,0.9239222767357995,1|1,2,4,8,16
haggling/fruitville,Haggling: fruitville,haggling,exact-payoff (backbone-invariant),1004,pact_plus,7,0.0,0.43888888888888866,7,7,1.1222222222222222,1.1222222222222222,0.9279439457777092,1|1,2,4,8,16
haggling/fruitville,Haggling: fruitville,haggling,exact-payoff (backbone-invariant),1004,pact_plus,8,0.0,0.43888888888888866,7,7,1.1222222222222222,1.1222222222222222,0.9316434230629362,1|1,2,4,8,16
haggling/fruitville,Haggling: fruitville,haggling,exact-payoff (backbone-invariant),1004,pact_plus,9,0.0,0.43888888888888866,7,7,1.1222222222222222,1.1222222222222222,0.9350574769320522,1|1,2,4,8,16
haggling/fruitville,Haggling: fruitville,haggling,exact-payoff (backbone-invariant),1004,pact_plus,10,0.0,0.43888888888888866,7,7,1.1222222222222222,1.1222222222222222,0.9382173649665597,1|1,2,4,8,16
haggling/fruitville,Haggling: fruitville,haggling,exact-payoff (backbone-invariant),1004,pact_plus,11,0.0,0.43888888888888866,7,7,1.1222222222222222,1.1222222222222222,0.941149794546994,1|1,2,4,8,16
haggling/fruitville,Haggling: fruitville,haggling,exact-payoff (backbone-invariant),1004,pact_plus,12,0.0,0.43888888888888866,7,7,1.1222222222222222,1.1222222222222222,0.9438777084524886,1|1,2,4,8,16
haggling/fruitville,Haggling: fruitville,haggling,exact-payoff (backbone-invariant),1004,pact_plus,13,0.0,0.43888888888888866,7,7,1.1222222222222222,1.1222222222222222,0.946420926275793,1|1,2,4,8,16
haggling/fruitville,Haggling: fruitville,haggling,exact-payoff (backbone-invariant),1004,pact_plus,14,0.0,0.43888888888888866,7,7,1.1222222222222222,1.1222222222222222,0.9487966676492205,1|1,2,4,8,16
haggling/fruitville,Haggling: fruitville,haggling,exact-payoff (backbone-invariant),1004,pact_plus,15,0.0,0.43888888888888866,7,7,1.1222222222222222,1.1222222222222222,0.951019979006584,1|1,2,4,8,16
haggling/fruitville,Haggling: fruitville,haggling,exact-payoff (backbone-invariant),1004,pact_plus,16,0.0,0.43888888888888866,7,7,1.1222222222222222,1.1222222222222222,0.9531040818788161,1|1,2,4,8,16
haggling/fruitville,Haggling: fruitville,haggling,exact-payoff (backbone-invariant),1004,pact_plus,17,0.0,0.43888888888888866,7,7,1.1222222222222222,1.1222222222222222,0.9550606575266998,1|1,2,4,8,16
haggling/fruitville,Haggling: fruitville,haggling,exact-payoff (backbone-invariant),1004,pact_plus,18,0.0,0.43888888888888866,7,7,1.1222222222222222,1.1222222222222222,0.956900080015797,1|1,2,4,8,16
haggling/fruitville,Haggling: fruitville,haggling,exact-payoff (backbone-invariant),1004,pact_plus,19,0.0,0.43888888888888866,7,7,1.1222222222222222,1.1222222222222222,0.9586316075851815,1|1,2,4,8,16
haggling/fruitville,Haggling: fruitville,haggling,exact-payoff (backbone-invariant),1004,pact_plus,20,0.0,0.43888888888888866,7,7,1.1222222222222222,1.1222222222222222,0.9602635402967408,1|1,2,4,8,16
haggling/fruitville,Haggling: fruitville,haggling,exact-payoff (backbone-invariant),1004,joint_psrl_uniform,1,0.0,0.0,7,7,1.1222222222222222,1.1222222222222222,0.0747348000002067,1|1,2,4,8,16
haggling/fruitville,Haggling: fruitville,haggling,exact-payoff (backbone-invariant),1004,joint_psrl_uniform,2,0.016666666666666607,0.016666666666666607,5,7,1.1055555555555556,1.1222222222222222,0.09035454749550377,1|1,2,4,8,16
haggling/fruitville,Haggling: fruitville,haggling,exact-payoff (backbone-invariant),1004,joint_psrl_uniform,3,0.0,0.016666666666666607,7,7,1.1222222222222222,1.1222222222222222,0.10573990270222294,1|1,2,4,8,16
haggling/fruitville,Haggling: fruitville,haggling,exact-payoff (backbone-invariant),1004,joint_psrl_uniform,4,0.016666666666666607,0.033333333333333215,5,7,1.1055555555555556,1.1222222222222222,0.12388152825103275,1|1,2,4,8,16
haggling/fruitville,Haggling: fruitville,haggling,exact-payoff (backbone-invariant),1004,joint_psrl_uniform,5,0.016666666666666607,0.04999999999999982,5,7,1.1055555555555556,1.1222222222222222,0.14085164922320906,1|1,2,4,8,16
haggling/fruitville,Haggling: fruitville,haggling,exact-payoff (backbone-invariant),1004,joint_psrl_uniform,6,0.0888888888888888,0.13888888888888862,9,7,1.0333333333333334,1.1222222222222222,0.29670320445588894,1|1,2,4,8,16
haggling/fruitville,Haggling: fruitville,haggling,exact-payoff (backbone-invariant),1004,joint_psrl_uniform,7,0.0,0.13888888888888862,7,7,1.1222222222222222,1.1222222222222222,0.30954204900699483,1|1,2,4,8,16
haggling/fruitville,Haggling: fruitville,haggling,exact-payoff (backbone-invariant),1004,joint_psrl_uniform,8,0.0,0.13888888888888862,7,7,1.1222222222222222,1.1222222222222222,0.32174629755955214,1|1,2,4,8,16
haggling/fruitville,Haggling: fruitville,haggling,exact-payoff (backbone-invariant),1004,joint_psrl_uniform,9,0.0,0.13888888888888862,7,7,1.1222222222222222,1.1222222222222222,0.3333748069818239,1|1,2,4,8,16
haggling/fruitville,Haggling: fruitville,haggling,exact-payoff (backbone-invariant),1004,joint_psrl_uniform,10,0.016666666666666607,0.15555555555555522,5,7,1.1055555555555556,1.1222222222222222,0.37270918759445637,1|1,2,4,8,16
haggling/fruitville,Haggling: fruitville,haggling,exact-payoff (backbone-invariant),1004,joint_psrl_uniform,11,0.0,0.15555555555555522,7,7,1.1222222222222222,1.1222222222222222,0.3847416476604978,1|1,2,4,8,16
haggling/fruitville,Haggling: fruitville,haggling,exact-payoff (backbone-invariant),1004,joint_psrl_uniform,12,0.016666666666666607,0.17222222222222183,5,7,1.1055555555555556,1.1222222222222222,0.42147591008471164,1|1,2,4,8,16
haggling/fruitville,Haggling: fruitville,haggling,exact-payoff (backbone-invariant),1004,joint_psrl_uniform,13,0.016666666666666607,0.18888888888888844,5,7,1.1055555555555556,1.1222222222222222,0.45505489405038607,1|1,2,4,8,16
haggling/fruitville,Haggling: fruitville,haggling,exact-payoff (backbone-invariant),1004,joint_psrl_uniform,14,0.0,0.18888888888888844,7,7,1.1222222222222222,1.1222222222222222,0.467788294830824,1|1,2,4,8,16
haggling/fruitville,Haggling: fruitville,haggling,exact-payoff (backbone-invariant),1004,joint_psrl_uniform,15,0.0,0.18888888888888844,7,7,1.1222222222222222,1.1222222222222222,0.47982755960214574,1|1,2,4,8,16
haggling/fruitville,Haggling: fruitville,haggling,exact-payoff (backbone-invariant),1004,joint_psrl_uniform,16,0.0,0.18888888888888844,7,7,1.1222222222222222,1.1222222222222222,0.49123138133778027,1|1,2,4,8,16
haggling/fruitville,Haggling: fruitville,haggling,exact-payoff (backbone-invariant),1004,joint_psrl_uniform,17,0.0,0.18888888888888844,7,7,1.1222222222222222,1.1222222222222222,0.502050805777013,1|1,2,4,8,16
haggling/fruitville,Haggling: fruitville,haggling,exact-payoff (backbone-invariant),1004,joint_psrl_uniform,18,0.0,0.18888888888888844,7,7,1.1222222222222222,1.1222222222222222,0.5123303646779711,1|1,2,4,8,16
haggling/fruitville,Haggling: fruitville,haggling,exact-payoff (backbone-invariant),1004,joint_psrl_uniform,19,0.0,0.18888888888888844,7,7,1.1222222222222222,1.1222222222222222,0.5221090826259778,1|1,2,4,8,16
haggling/fruitville,Haggling: fruitville,haggling,exact-payoff (backbone-invariant),1004,joint_psrl_uniform,20,0.26111111111111107,0.4499999999999995,1,7,0.8611111111111112,1.1222222222222222,0.8931097374656534,1|1,2,4,8,16
haggling/fruitville,Haggling: fruitville,haggling,exact-payoff (backbone-invariant),1004,psrl_notype,1,0.0888888888888888,0.0888888888888888,9,7,1.0333333333333334,1.1222222222222222,0.0625,1|1,2,4,8,16
haggling/fruitville,Haggling: fruitville,haggling,exact-payoff (backbone-invariant),1004,psrl_notype,2,0.0888888888888888,0.1777777777777776,9,7,1.0333333333333334,1.1222222222222222,0.0625,1|1,2,4,8,16
haggling/fruitville,Haggling: fruitville,haggling,exact-payoff (backbone-invariant),1004,psrl_notype,3,0.0888888888888888,0.2666666666666664,9,7,1.0333333333333334,1.1222222222222222,0.0625,1|1,2,4,8,16
haggling/fruitville,Haggling: fruitville,haggling,exact-payoff (backbone-invariant),1004,psrl_notype,4,0.0888888888888888,0.3555555555555552,9,7,1.0333333333333334,1.1222222222222222,0.0625,1|1,2,4,8,16
haggling/fruitville,Haggling: fruitville,haggling,exact-payoff (backbone-invariant),1004,psrl_notype,5,0.0888888888888888,0.444444444444444,9,7,1.0333333333333334,1.1222222222222222,0.0625,1|1,2,4,8,16
haggling/fruitville,Haggling: fruitville,haggling,exact-payoff (backbone-invariant),1004,psrl_notype,6,0.26111111111111107,0.705555555555555,1,7,0.8611111111111112,1.1222222222222222,0.0625,1|1,2,4,8,16
haggling/fruitville,Haggling: fruitville,haggling,exact-payoff (backbone-invariant),1004,psrl_notype,7,0.26111111111111107,0.9666666666666661,1,7,0.8611111111111112,1.1222222222222222,0.0625,1|1,2,4,8,16
haggling/fruitville,Haggling: fruitville,haggling,exact-payoff (backbone-invariant),1004,psrl_notype,8,0.0,0.9666666666666661,7,7,1.1222222222222222,1.1222222222222222,0.0625,1|1,2,4,8,16
haggling/fruitville,Haggling: fruitville,haggling,exact-payoff (backbone-invariant),1004,psrl_notype,9,0.016666666666666607,0.9833333333333327,5,7,1.1055555555555556,1.1222222222222222,0.0625,1|1,2,4,8,16
haggling/fruitville,Haggling: fruitville,haggling,exact-payoff (backbone-invariant),1004,psrl_notype,10,0.0,0.9833333333333327,7,7,1.1222222222222222,1.1222222222222222,0.0625,1|1,2,4,8,16
haggling/fruitville,Haggling: fruitville,haggling,exact-payoff (backbone-invariant),1004,psrl_notype,11,0.0888888888888888,1.0722222222222215,9,7,1.0333333333333334,1.1222222222222222,0.0625,1|1,2,4,8,16
haggling/fruitville,Haggling: fruitville,haggling,exact-payoff (backbone-invariant),1004,psrl_notype,12,0.016666666666666607,1.0888888888888881,5,7,1.1055555555555556,1.1222222222222222,0.0625,1|1,2,4,8,16
haggling/fruitville,Haggling: fruitville,haggling,exact-payoff (backbone-invariant),1004,psrl_notype,13,0.0,1.0888888888888881,7,7,1.1222222222222222,1.1222222222222222,0.0625,1|1,2,4,8,16
haggling/fruitville,Haggling: fruitville,haggling,exact-payoff (backbone-invariant),1004,psrl_notype,14,0.0,1.0888888888888881,7,7,1.1222222222222222,1.1222222222222222,0.0625,1|1,2,4,8,16
haggling/fruitville,Haggling: fruitville,haggling,exact-payoff (backbone-invariant),1004,psrl_notype,15,0.0,1.0888888888888881,7,7,1.1222222222222222,1.1222222222222222,0.0625,1|1,2,4,8,16
haggling/fruitville,Haggling: fruitville,haggling,exact-payoff (backbone-invariant),1004,psrl_notype,16,0.0888888888888888,1.177777777777777,9,7,1.0333333333333334,1.1222222222222222,0.0625,1|1,2,4,8,16
haggling/fruitville,Haggling: fruitville,haggling,exact-payoff (backbone-invariant),1004,psrl_notype,17,0.0,1.177777777777777,7,7,1.1222222222222222,1.1222222222222222,0.0625,1|1,2,4,8,16
haggling/fruitville,Haggling: fruitville,haggling,exact-payoff (backbone-invariant),1004,psrl_notype,18,0.0,1.177777777777777,7,7,1.1222222222222222,1.1222222222222222,0.0625,1|1,2,4,8,16
haggling/fruitville,Haggling: fruitville,haggling,exact-payoff (backbone-invariant),1004,psrl_notype,19,0.0888888888888888,1.2666666666666657,9,7,1.0333333333333334,1.1222222222222222,0.0625,1|1,2,4,8,16
haggling/fruitville,Haggling: fruitville,haggling,exact-payoff (backbone-invariant),1004,psrl_notype,20,0.0888888888888888,1.3555555555555545,9,7,1.0333333333333334,1.1222222222222222,0.0625,1|1,2,4,8,16
haggling/fruitville,Haggling: fruitville,haggling,exact-payoff (backbone-invariant),1004,map_type_greedy,1,0.0888888888888888,0.0888888888888888,9,7,1.0333333333333334,1.1222222222222222,0.39885028234997,1|1,2,4,8,16
haggling/fruitville,Haggling: fruitville,haggling,exact-payoff (backbone-invariant),1004,map_type_greedy,2,0.0,0.0888888888888888,7,7,1.1222222222222222,1.1222222222222222,0.4099717441064903,1|1,2,4,8,16
haggling/fruitville,Haggling: fruitville,haggling,exact-payoff (backbone-invariant),1004,map_type_greedy,3,0.0,0.0888888888888888,7,7,1.1222222222222222,1.1222222222222222,0.4205783097264686,1|1,2,4,8,16
haggling/fruitville,Haggling: fruitville,haggling,exact-payoff (backbone-invariant),1004,map_type_greedy,4,0.0,0.0888888888888888,7,7,1.1222222222222222,1.1222222222222222,0.43074253777230587,1|1,2,4,8,16
haggling/fruitville,Haggling: fruitville,haggling,exact-payoff (backbone-invariant),1004,map_type_greedy,5,0.0,0.0888888888888888,7,7,1.1222222222222222,1.1222222222222222,0.4405205755777728,1|1,2,4,8,16
haggling/fruitville,Haggling: fruitville,haggling,exact-payoff (backbone-invariant),1004,map_type_greedy,6,0.0,0.0888888888888888,7,7,1.1222222222222222,1.1222222222222222,0.44995603501642056,1|1,2,4,8,16
haggling/fruitville,Haggling: fruitville,haggling,exact-payoff (backbone-invariant),1004,map_type_greedy,7,0.0,0.0888888888888888,7,7,1.1222222222222222,1.1222222222222222,0.4590829552841501,1|1,2,4,8,16
haggling/fruitville,Haggling: fruitville,haggling,exact-payoff (backbone-invariant),1004,map_type_greedy,8,0.0,0.0888888888888888,7,7,1.1222222222222222,1.1222222222222222,0.4679280454543407,1|1,2,4,8,16
haggling/fruitville,Haggling: fruitville,haggling,exact-payoff (backbone-invariant),1004,map_type_greedy,9,0.0,0.0888888888888888,7,7,1.1222222222222222,1.1222222222222222,0.4765123799942293,1|1,2,4,8,16
haggling/fruitville,Haggling: fruitville,haggling,exact-payoff (backbone-invariant),1004,map_type_greedy,10,0.0,0.0888888888888888,7,7,1.1222222222222222,1.1222222222222222,0.48485268607169085,1|1,2,4,8,16
haggling/fruitville,Haggling: fruitville,haggling,exact-payoff (backbone-invariant),1004,map_type_greedy,11,0.0,0.0888888888888888,7,7,1.1222222222222222,1.1222222222222222,0.49296232788867844,1|1,2,4,8,16
haggling/fruitville,Haggling: fruitville,haggling,exact-payoff (backbone-invariant),1004,map_type_greedy,12,0.0,0.0888888888888888,7,7,1.1222222222222222,1.1222222222222222,0.5008520655638506,1|1,2,4,8,16
haggling/fruitville,Haggling: fruitville,haggling,exact-payoff (backbone-invariant),1004,map_type_greedy,13,0.0,0.0888888888888888,7,7,1.1222222222222222,1.1222222222222222,0.5085306449369447,1|1,2,4,8,16
haggling/fruitville,Haggling: fruitville,haggling,exact-payoff (backbone-invariant),1004,map_type_greedy,14,0.0,0.0888888888888888,7,7,1.1222222222222222,1.1222222222222222,0.5160052591758353,1|1,2,4,8,16
haggling/fruitville,Haggling: fruitville,haggling,exact-payoff (backbone-invariant),1004,map_type_greedy,15,0.0,0.0888888888888888,7,7,1.1222222222222222,1.1222222222222222,0.5232819119658974,1|1,2,4,8,16
haggling/fruitville,Haggling: fruitville,haggling,exact-payoff (backbone-invariant),1004,map_type_greedy,16,0.0,0.0888888888888888,7,7,1.1222222222222222,1.1222222222222222,0.530365704186422,1|1,2,4,8,16
haggling/fruitville,Haggling: fruitville,haggling,exact-payoff (backbone-invariant),1004,map_type_greedy,17,0.0,0.0888888888888888,7,7,1.1222222222222222,1.1222222222222222,0.5372610604037056,1|1,2,4,8,16
haggling/fruitville,Haggling: fruitville,haggling,exact-payoff (backbone-invariant),1004,map_type_greedy,18,0.0,0.0888888888888888,7,7,1.1222222222222222,1.1222222222222222,0.5439719075464093,1|1,2,4,8,16
haggling/fruitville,Haggling: fruitville,haggling,exact-payoff (backbone-invariant),1004,map_type_greedy,19,0.0,0.0888888888888888,7,7,1.1222222222222222,1.1222222222222222,0.5505018152835501,1|1,2,4,8,16
haggling/fruitville,Haggling: fruitville,haggling,exact-payoff (backbone-invariant),1004,map_type_greedy,20,0.0,0.0888888888888888,7,7,1.1222222222222222,1.1222222222222222,0.5568541055550583,1|1,2,4,8,16
haggling/fruitville,Haggling: fruitville,haggling,exact-payoff (backbone-invariant),1004,econ_bne,1,0.016666666666666607,0.016666666666666607,5,7,1.1055555555555556,1.1222222222222222,0.0625,1|1,2,4,8,16
haggling/fruitville,Haggling: fruitville,haggling,exact-payoff (backbone-invariant),1004,econ_bne,2,0.016666666666666607,0.033333333333333215,5,7,1.1055555555555556,1.1222222222222222,0.0625,1|1,2,4,8,16
haggling/fruitville,Haggling: fruitville,haggling,exact-payoff (backbone-invariant),1004,econ_bne,3,0.016666666666666607,0.04999999999999982,5,7,1.1055555555555556,1.1222222222222222,0.0625,1|1,2,4,8,16
haggling/fruitville,Haggling: fruitville,haggling,exact-payoff (backbone-invariant),1004,econ_bne,4,0.016666666666666607,0.06666666666666643,5,7,1.1055555555555556,1.1222222222222222,0.0625,1|1,2,4,8,16
haggling/fruitville,Haggling: fruitville,haggling,exact-payoff (backbone-invariant),1004,econ_bne,5,0.016666666666666607,0.08333333333333304,5,7,1.1055555555555556,1.1222222222222222,0.0625,1|1,2,4,8,16
haggling/fruitville,Haggling: fruitville,haggling,exact-payoff (backbone-invariant),1004,econ_bne,6,0.016666666666666607,0.09999999999999964,5,7,1.1055555555555556,1.1222222222222222,0.0625,1|1,2,4,8,16
haggling/fruitville,Haggling: fruitville,haggling,exact-payoff (backbone-invariant),1004,econ_bne,7,0.016666666666666607,0.11666666666666625,5,7,1.1055555555555556,1.1222222222222222,0.0625,1|1,2,4,8,16
haggling/fruitville,Haggling: fruitville,haggling,exact-payoff (backbone-invariant),1004,econ_bne,8,0.016666666666666607,0.13333333333333286,5,7,1.1055555555555556,1.1222222222222222,0.0625,1|1,2,4,8,16
haggling/fruitville,Haggling: fruitville,haggling,exact-payoff (backbone-invariant),1004,econ_bne,9,0.016666666666666607,0.14999999999999947,5,7,1.1055555555555556,1.1222222222222222,0.0625,1|1,2,4,8,16
haggling/fruitville,Haggling: fruitville,haggling,exact-payoff (backbone-invariant),1004,econ_bne,10,0.016666666666666607,0.16666666666666607,5,7,1.1055555555555556,1.1222222222222222,0.0625,1|1,2,4,8,16
haggling/fruitville,Haggling: fruitville,haggling,exact-payoff (backbone-invariant),1004,econ_bne,11,0.016666666666666607,0.18333333333333268,5,7,1.1055555555555556,1.1222222222222222,0.0625,1|1,2,4,8,16
haggling/fruitville,Haggling: fruitville,haggling,exact-payoff (backbone-invariant),1004,econ_bne,12,0.016666666666666607,0.1999999999999993,5,7,1.1055555555555556,1.1222222222222222,0.0625,1|1,2,4,8,16
haggling/fruitville,Haggling: fruitville,haggling,exact-payoff (backbone-invariant),1004,econ_bne,13,0.016666666666666607,0.2166666666666659,5,7,1.1055555555555556,1.1222222222222222,0.0625,1|1,2,4,8,16
haggling/fruitville,Haggling: fruitville,haggling,exact-payoff (backbone-invariant),1004,econ_bne,14,0.016666666666666607,0.2333333333333325,5,7,1.1055555555555556,1.1222222222222222,0.0625,1|1,2,4,8,16
haggling/fruitville,Haggling: fruitville,haggling,exact-payoff (backbone-invariant),1004,econ_bne,15,0.016666666666666607,0.2499999999999991,5,7,1.1055555555555556,1.1222222222222222,0.0625,1|1,2,4,8,16
haggling/fruitville,Haggling: fruitville,haggling,exact-payoff (backbone-invariant),1004,econ_bne,16,0.016666666666666607,0.2666666666666657,5,7,1.1055555555555556,1.1222222222222222,0.0625,1|1,2,4,8,16
haggling/fruitville,Haggling: fruitville,haggling,exact-payoff (backbone-invariant),1004,econ_bne,17,0.016666666666666607,0.2833333333333323,5,7,1.1055555555555556,1.1222222222222222,0.0625,1|1,2,4,8,16
haggling/fruitville,Haggling: fruitville,haggling,exact-payoff (backbone-invariant),1004,econ_bne,18,0.016666666666666607,0.29999999999999893,5,7,1.1055555555555556,1.1222222222222222,0.0625,1|1,2,4,8,16
haggling/fruitville,Haggling: fruitville,haggling,exact-payoff (backbone-invariant),1004,econ_bne,19,0.016666666666666607,0.31666666666666554,5,7,1.1055555555555556,1.1222222222222222,0.0625,1|1,2,4,8,16
haggling/fruitville,Haggling: fruitville,haggling,exact-payoff (backbone-invariant),1004,econ_bne,20,0.016666666666666607,0.33333333333333215,5,7,1.1055555555555556,1.1222222222222222,0.0625,1|1,2,4,8,16
haggling/fruitville,Haggling: fruitville,haggling,exact-payoff (backbone-invariant),1004,atom_tom1,1,0.26111111111111107,0.26111111111111107,1,7,0.8611111111111112,1.1222222222222222,0.0625,1|1,2,4,8,16
haggling/fruitville,Haggling: fruitville,haggling,exact-payoff (backbone-invariant),1004,atom_tom1,2,0.26111111111111107,0.5222222222222221,1,7,0.8611111111111112,1.1222222222222222,0.0625,1|1,2,4,8,16
haggling/fruitville,Haggling: fruitville,haggling,exact-payoff (backbone-invariant),1004,atom_tom1,3,0.26111111111111107,0.7833333333333332,1,7,0.8611111111111112,1.1222222222222222,0.0625,1|1,2,4,8,16
haggling/fruitville,Haggling: fruitville,haggling,exact-payoff (backbone-invariant),1004,atom_tom1,4,0.26111111111111107,1.0444444444444443,1,7,0.8611111111111112,1.1222222222222222,0.0625,1|1,2,4,8,16
haggling/fruitville,Haggling: fruitville,haggling,exact-payoff (backbone-invariant),1004,atom_tom1,5,0.26111111111111107,1.3055555555555554,1,7,0.8611111111111112,1.1222222222222222,0.0625,1|1,2,4,8,16
haggling/fruitville,Haggling: fruitville,haggling,exact-payoff (backbone-invariant),1004,atom_tom1,6,0.26111111111111107,1.5666666666666664,1,7,0.8611111111111112,1.1222222222222222,0.0625,1|1,2,4,8,16
haggling/fruitville,Haggling: fruitville,haggling,exact-payoff (backbone-invariant),1004,atom_tom1,7,0.26111111111111107,1.8277777777777775,1,7,0.8611111111111112,1.1222222222222222,0.0625,1|1,2,4,8,16
haggling/fruitville,Haggling: fruitville,haggling,exact-payoff (backbone-invariant),1004,atom_tom1,8,0.26111111111111107,2.0888888888888886,1,7,0.8611111111111112,1.1222222222222222,0.0625,1|1,2,4,8,16
haggling/fruitville,Haggling: fruitville,haggling,exact-payoff (backbone-invariant),1004,atom_tom1,9,0.26111111111111107,2.3499999999999996,1,7,0.8611111111111112,1.1222222222222222,0.0625,1|1,2,4,8,16
haggling/fruitville,Haggling: fruitville,haggling,exact-payoff (backbone-invariant),1004,atom_tom1,10,0.26111111111111107,2.6111111111111107,1,7,0.8611111111111112,1.1222222222222222,0.0625,1|1,2,4,8,16
haggling/fruitville,Haggling: fruitville,haggling,exact-payoff (backbone-invariant),1004,atom_tom1,11,0.26111111111111107,2.872222222222222,1,7,0.8611111111111112,1.1222222222222222,0.0625,1|1,2,4,8,16
haggling/fruitville,Haggling: fruitville,haggling,exact-payoff (backbone-invariant),1004,atom_tom1,12,0.26111111111111107,3.133333333333333,1,7,0.8611111111111112,1.1222222222222222,0.0625,1|1,2,4,8,16
haggling/fruitville,Haggling: fruitville,haggling,exact-payoff (backbone-invariant),1004,atom_tom1,13,0.26111111111111107,3.394444444444444,1,7,0.8611111111111112,1.1222222222222222,0.0625,1|1,2,4,8,16
haggling/fruitville,Haggling: fruitville,haggling,exact-payoff (backbone-invariant),1004,atom_tom1,14,0.26111111111111107,3.655555555555555,1,7,0.8611111111111112,1.1222222222222222,0.0625,1|1,2,4,8,16
haggling/fruitville,Haggling: fruitville,haggling,exact-payoff (backbone-invariant),1004,atom_tom1,15,0.26111111111111107,3.916666666666666,1,7,0.8611111111111112,1.1222222222222222,0.0625,1|1,2,4,8,16
haggling/fruitville,Haggling: fruitville,haggling,exact-payoff (backbone-invariant),1004,atom_tom1,16,0.26111111111111107,4.177777777777777,1,7,0.8611111111111112,1.1222222222222222,0.0625,1|1,2,4,8,16
haggling/fruitville,Haggling: fruitville,haggling,exact-payoff (backbone-invariant),1004,atom_tom1,17,0.26111111111111107,4.438888888888888,1,7,0.8611111111111112,1.1222222222222222,0.0625,1|1,2,4,8,16
haggling/fruitville,Haggling: fruitville,haggling,exact-payoff (backbone-invariant),1004,atom_tom1,18,0.26111111111111107,4.699999999999999,1,7,0.8611111111111112,1.1222222222222222,0.0625,1|1,2,4,8,16
haggling/fruitville,Haggling: fruitville,haggling,exact-payoff (backbone-invariant),1004,atom_tom1,19,0.26111111111111107,4.96111111111111,1,7,0.8611111111111112,1.1222222222222222,0.0625,1|1,2,4,8,16
haggling/fruitville,Haggling: fruitville,haggling,exact-payoff (backbone-invariant),1004,atom_tom1,20,0.26111111111111107,5.222222222222221,1,7,0.8611111111111112,1.1222222222222222,0.0625,1|1,2,4,8,16
haggling/fruitville,Haggling: fruitville,haggling,exact-payoff (backbone-invariant),1004,random,1,1.011111111111111,1.011111111111111,8,7,0.1111111111111111,1.1222222222222222,0.0625,1|1,2,4,8,16
haggling/fruitville,Haggling: fruitville,haggling,exact-payoff (backbone-invariant),1004,random,2,1.011111111111111,2.022222222222222,6,7,0.1111111111111111,1.1222222222222222,0.0625,1|1,2,4,8,16
haggling/fruitville,Haggling: fruitville,haggling,exact-payoff (backbone-invariant),1004,random,3,0.26111111111111107,2.283333333333333,1,7,0.8611111111111112,1.1222222222222222,0.0625,1|1,2,4,8,16
haggling/fruitville,Haggling: fruitville,haggling,exact-payoff (backbone-invariant),1004,random,4,0.0888888888888888,2.372222222222222,9,7,1.0333333333333334,1.1222222222222222,0.0625,1|1,2,4,8,16
haggling/fruitville,Haggling: fruitville,haggling,exact-payoff (backbone-invariant),1004,random,5,0.0888888888888888,2.4611111111111104,9,7,1.0333333333333334,1.1222222222222222,0.0625,1|1,2,4,8,16
haggling/fruitville,Haggling: fruitville,haggling,exact-payoff (backbone-invariant),1004,random,6,1.011111111111111,3.4722222222222214,2,7,0.1111111111111111,1.1222222222222222,0.0625,1|1,2,4,8,16
haggling/fruitville,Haggling: fruitville,haggling,exact-payoff (backbone-invariant),1004,random,7,0.0888888888888888,3.56111111111111,9,7,1.0333333333333334,1.1222222222222222,0.0625,1|1,2,4,8,16
haggling/fruitville,Haggling: fruitville,haggling,exact-payoff (backbone-invariant),1004,random,8,0.016666666666666607,3.5777777777777766,5,7,1.1055555555555556,1.1222222222222222,0.0625,1|1,2,4,8,16
haggling/fruitville,Haggling: fruitville,haggling,exact-payoff (backbone-invariant),1004,random,9,0.016666666666666607,3.594444444444443,5,7,1.1055555555555556,1.1222222222222222,0.0625,1|1,2,4,8,16
haggling/fruitville,Haggling: fruitville,haggling,exact-payoff (backbone-invariant),1004,random,10,0.0,3.594444444444443,7,7,1.1222222222222222,1.1222222222222222,0.0625,1|1,2,4,8,16
haggling/fruitville,Haggling: fruitville,haggling,exact-payoff (backbone-invariant),1004,random,11,0.26111111111111107,3.8555555555555543,1,7,0.8611111111111112,1.1222222222222222,0.0625,1|1,2,4,8,16
haggling/fruitville,Haggling: fruitville,haggling,exact-payoff (backbone-invariant),1004,random,12,0.13888888888888884,3.994444444444443,3,7,0.9833333333333334,1.1222222222222222,0.0625,1|1,2,4,8,16
haggling/fruitville,Haggling: fruitville,haggling,exact-payoff (backbone-invariant),1004,random,13,1.011111111111111,5.005555555555555,2,7,0.1111111111111111,1.1222222222222222,0.0625,1|1,2,4,8,16
haggling/fruitville,Haggling: fruitville,haggling,exact-payoff (backbone-invariant),1004,random,14,0.13888888888888884,5.144444444444444,3,7,0.9833333333333334,1.1222222222222222,0.0625,1|1,2,4,8,16
haggling/fruitville,Haggling: fruitville,haggling,exact-payoff (backbone-invariant),1004,random,15,0.016666666666666607,5.1611111111111105,5,7,1.1055555555555556,1.1222222222222222,0.0625,1|1,2,4,8,16
haggling/fruitville,Haggling: fruitville,haggling,exact-payoff (backbone-invariant),1004,random,16,1.011111111111111,6.172222222222222,4,7,0.1111111111111111,1.1222222222222222,0.0625,1|1,2,4,8,16
haggling/fruitville,Haggling: fruitville,haggling,exact-payoff (backbone-invariant),1004,random,17,0.13888888888888884,6.31111111111111,3,7,0.9833333333333334,1.1222222222222222,0.0625,1|1,2,4,8,16
haggling/fruitville,Haggling: fruitville,haggling,exact-payoff (backbone-invariant),1004,random,18,1.011111111111111,7.322222222222221,6,7,0.1111111111111111,1.1222222222222222,0.0625,1|1,2,4,8,16
haggling/fruitville,Haggling: fruitville,haggling,exact-payoff (backbone-invariant),1004,random,19,0.0888888888888888,7.41111111111111,9,7,1.0333333333333334,1.1222222222222222,0.0625,1|1,2,4,8,16
haggling/fruitville,Haggling: fruitville,haggling,exact-payoff (backbone-invariant),1004,random,20,0.0888888888888888,7.499999999999998,9,7,1.0333333333333334,1.1222222222222222,0.0625,1|1,2,4,8,16
haggling/vegbrooke,Haggling: vegbrooke,haggling,exact-payoff (backbone-invariant),1004,pact,1,0.0,0.0,7,7,1.0683229813664596,1.0683229813664596,0.25,1|1,2,4,8,16
haggling/vegbrooke,Haggling: vegbrooke,haggling,exact-payoff (backbone-invariant),1004,pact,2,0.29503105590062106,0.29503105590062106,1,7,0.7732919254658386,1.0683229813664596,0.6270358992831212,1|1,2,4,8,16
haggling/vegbrooke,Haggling: vegbrooke,haggling,exact-payoff (backbone-invariant),1004,pact,3,0.0,0.29503105590062106,7,7,1.0683229813664596,1.0683229813664596,0.6270358992831213,1|1,2,4,8,16
haggling/vegbrooke,Haggling: vegbrooke,haggling,exact-payoff (backbone-invariant),1004,pact,4,0.12939958592132506,0.4244306418219461,9,7,0.9389233954451346,1.0683229813664596,0.7928512820446618,1|1,2,4,8,16
haggling/vegbrooke,Haggling: vegbrooke,haggling,exact-payoff (backbone-invariant),1004,pact,5,0.0,0.4244306418219461,7,7,1.0683229813664596,1.0683229813664596,0.7928512820446618,1|1,2,4,8,16
haggling/vegbrooke,Haggling: vegbrooke,haggling,exact-payoff (backbone-invariant),1004,pact,6,0.0,0.4244306418219461,7,7,1.0683229813664596,1.0683229813664596,0.7928512820446618,1|1,2,4,8,16
haggling/vegbrooke,Haggling: vegbrooke,haggling,exact-payoff (backbone-invariant),1004,pact,7,0.0,0.4244306418219461,7,7,1.0683229813664596,1.0683229813664596,0.7928512820446618,1|1,2,4,8,16
haggling/vegbrooke,Haggling: vegbrooke,haggling,exact-payoff (backbone-invariant),1004,pact,8,0.0,0.4244306418219461,7,7,1.0683229813664596,1.0683229813664596,0.7928512820446618,1|1,2,4,8,16
haggling/vegbrooke,Haggling: vegbrooke,haggling,exact-payoff (backbone-invariant),1004,pact,9,0.0,0.4244306418219461,7,7,1.0683229813664596,1.0683229813664596,0.7928512820446618,1|1,2,4,8,16
haggling/vegbrooke,Haggling: vegbrooke,haggling,exact-payoff (backbone-invariant),1004,pact,10,0.0,0.4244306418219461,7,7,1.0683229813664596,1.0683229813664596,0.7928512820446618,1|1,2,4,8,16
haggling/vegbrooke,Haggling: vegbrooke,haggling,exact-payoff (backbone-invariant),1004,pact,11,0.0,0.4244306418219461,7,7,1.0683229813664596,1.0683229813664596,0.7928512820446618,1|1,2,4,8,16
haggling/vegbrooke,Haggling: vegbrooke,haggling,exact-payoff (backbone-invariant),1004,pact,12,0.0,0.4244306418219461,7,7,1.0683229813664596,1.0683229813664596,0.7928512820446618,1|1,2,4,8,16
haggling/vegbrooke,Haggling: vegbrooke,haggling,exact-payoff (backbone-invariant),1004,pact,13,0.0,0.4244306418219461,7,7,1.0683229813664596,1.0683229813664596,0.7928512820446618,1|1,2,4,8,16
haggling/vegbrooke,Haggling: vegbrooke,haggling,exact-payoff (backbone-invariant),1004,pact,14,0.0,0.4244306418219461,7,7,1.0683229813664596,1.0683229813664596,0.7928512820446618,1|1,2,4,8,16
haggling/vegbrooke,Haggling: vegbrooke,haggling,exact-payoff (backbone-invariant),1004,pact,15,0.0,0.4244306418219461,7,7,1.0683229813664596,1.0683229813664596,0.7928512820446618,1|1,2,4,8,16
haggling/vegbrooke,Haggling: vegbrooke,haggling,exact-payoff (backbone-invariant),1004,pact,16,0.0,0.4244306418219461,7,7,1.0683229813664596,1.0683229813664596,0.7928512820446618,1|1,2,4,8,16
haggling/vegbrooke,Haggling: vegbrooke,haggling,exact-payoff (backbone-invariant),1004,pact,17,0.0,0.4244306418219461,7,7,1.0683229813664596,1.0683229813664596,0.7928512820446618,1|1,2,4,8,16
haggling/vegbrooke,Haggling: vegbrooke,haggling,exact-payoff (backbone-invariant),1004,pact,18,0.0,0.4244306418219461,7,7,1.0683229813664596,1.0683229813664596,0.7928512820446618,1|1,2,4,8,16
haggling/vegbrooke,Haggling: vegbrooke,haggling,exact-payoff (backbone-invariant),1004,pact,19,0.0,0.4244306418219461,7,7,1.0683229813664596,1.0683229813664596,0.7928512820446618,1|1,2,4,8,16
haggling/vegbrooke,Haggling: vegbrooke,haggling,exact-payoff (backbone-invariant),1004,pact,20,0.0,0.4244306418219461,7,7,1.0683229813664596,1.0683229813664596,0.7928512820446618,1|1,2,4,8,16
haggling/vegbrooke,Haggling: vegbrooke,haggling,exact-payoff (backbone-invariant),1004,pact_plus,1,0.0,0.0,7,7,1.0683229813664596,1.0683229813664596,0.25,1|1,2,4,8,16
haggling/vegbrooke,Haggling: vegbrooke,haggling,exact-payoff (backbone-invariant),1004,pact_plus,2,0.29503105590062106,0.29503105590062106,1,7,0.7732919254658386,1.0683229813664596,0.6270358992831212,1|1,2,4,8,16
haggling/vegbrooke,Haggling: vegbrooke,haggling,exact-payoff (backbone-invariant),1004,pact_plus,3,0.0,0.29503105590062106,7,7,1.0683229813664596,1.0683229813664596,0.6270358992831213,1|1,2,4,8,16
haggling/vegbrooke,Haggling: vegbrooke,haggling,exact-payoff (backbone-invariant),1004,pact_plus,4,0.12939958592132506,0.4244306418219461,9,7,0.9389233954451346,1.0683229813664596,0.7928512820446618,1|1,2,4,8,16
haggling/vegbrooke,Haggling: vegbrooke,haggling,exact-payoff (backbone-invariant),1004,pact_plus,5,0.0,0.4244306418219461,7,7,1.0683229813664596,1.0683229813664596,0.7928512820446618,1|1,2,4,8,16
haggling/vegbrooke,Haggling: vegbrooke,haggling,exact-payoff (backbone-invariant),1004,pact_plus,6,0.0,0.4244306418219461,7,7,1.0683229813664596,1.0683229813664596,0.7928512820446618,1|1,2,4,8,16
haggling/vegbrooke,Haggling: vegbrooke,haggling,exact-payoff (backbone-invariant),1004,pact_plus,7,0.0,0.4244306418219461,7,7,1.0683229813664596,1.0683229813664596,0.7928512820446618,1|1,2,4,8,16
haggling/vegbrooke,Haggling: vegbrooke,haggling,exact-payoff (backbone-invariant),1004,pact_plus,8,0.0,0.4244306418219461,7,7,1.0683229813664596,1.0683229813664596,0.7928512820446618,1|1,2,4,8,16
haggling/vegbrooke,Haggling: vegbrooke,haggling,exact-payoff (backbone-invariant),1004,pact_plus,9,0.0,0.4244306418219461,7,7,1.0683229813664596,1.0683229813664596,0.7928512820446618,1|1,2,4,8,16
haggling/vegbrooke,Haggling: vegbrooke,haggling,exact-payoff (backbone-invariant),1004,pact_plus,10,0.0,0.4244306418219461,7,7,1.0683229813664596,1.0683229813664596,0.7928512820446618,1|1,2,4,8,16
haggling/vegbrooke,Haggling: vegbrooke,haggling,exact-payoff (backbone-invariant),1004,pact_plus,11,0.0,0.4244306418219461,7,7,1.0683229813664596,1.0683229813664596,0.7928512820446618,1|1,2,4,8,16
haggling/vegbrooke,Haggling: vegbrooke,haggling,exact-payoff (backbone-invariant),1004,pact_plus,12,0.0,0.4244306418219461,7,7,1.0683229813664596,1.0683229813664596,0.7928512820446618,1|1,2,4,8,16
haggling/vegbrooke,Haggling: vegbrooke,haggling,exact-payoff (backbone-invariant),1004,pact_plus,13,0.0,0.4244306418219461,7,7,1.0683229813664596,1.0683229813664596,0.7928512820446618,1|1,2,4,8,16
haggling/vegbrooke,Haggling: vegbrooke,haggling,exact-payoff (backbone-invariant),1004,pact_plus,14,0.0,0.4244306418219461,7,7,1.0683229813664596,1.0683229813664596,0.7928512820446618,1|1,2,4,8,16
haggling/vegbrooke,Haggling: vegbrooke,haggling,exact-payoff (backbone-invariant),1004,pact_plus,15,0.0,0.4244306418219461,7,7,1.0683229813664596,1.0683229813664596,0.7928512820446618,1|1,2,4,8,16
haggling/vegbrooke,Haggling: vegbrooke,haggling,exact-payoff (backbone-invariant),1004,pact_plus,16,0.0,0.4244306418219461,7,7,1.0683229813664596,1.0683229813664596,0.7928512820446618,1|1,2,4,8,16
haggling/vegbrooke,Haggling: vegbrooke,haggling,exact-payoff (backbone-invariant),1004,pact_plus,17,0.0,0.4244306418219461,7,7,1.0683229813664596,1.0683229813664596,0.7928512820446618,1|1,2,4,8,16
haggling/vegbrooke,Haggling: vegbrooke,haggling,exact-payoff (backbone-invariant),1004,pact_plus,18,0.0,0.4244306418219461,7,7,1.0683229813664596,1.0683229813664596,0.7928512820446618,1|1,2,4,8,16
haggling/vegbrooke,Haggling: vegbrooke,haggling,exact-payoff (backbone-invariant),1004,pact_plus,19,0.0,0.4244306418219461,7,7,1.0683229813664596,1.0683229813664596,0.7928512820446618,1|1,2,4,8,16
haggling/vegbrooke,Haggling: vegbrooke,haggling,exact-payoff (backbone-invariant),1004,pact_plus,20,0.0,0.4244306418219461,7,7,1.0683229813664596,1.0683229813664596,0.7928512820446618,1|1,2,4,8,16
haggling/vegbrooke,Haggling: vegbrooke,haggling,exact-payoff (backbone-invariant),1004,joint_psrl_uniform,1,0.0,0.0,7,7,1.0683229813664596,1.0683229813664596,0.0625,1|1,2,4,8,16
haggling/vegbrooke,Haggling: vegbrooke,haggling,exact-payoff (backbone-invariant),1004,joint_psrl_uniform,2,0.29503105590062106,0.29503105590062106,1,7,0.7732919254658386,1.0683229813664596,0.35877256285639075,1|1,2,4,8,16
haggling/vegbrooke,Haggling: vegbrooke,haggling,exact-payoff (backbone-invariant),1004,joint_psrl_uniform,3,0.0,0.29503105590062106,7,7,1.0683229813664596,1.0683229813664596,0.35877256285639064,1|1,2,4,8,16
haggling/vegbrooke,Haggling: vegbrooke,haggling,exact-payoff (backbone-invariant),1004,joint_psrl_uniform,4,0.0,0.29503105590062106,7,7,1.0683229813664596,1.0683229813664596,0.35877256285639064,1|1,2,4,8,16
haggling/vegbrooke,Haggling: vegbrooke,haggling,exact-payoff (backbone-invariant),1004,joint_psrl_uniform,5,0.0,0.29503105590062106,7,7,1.0683229813664596,1.0683229813664596,0.35877256285639064,1|1,2,4,8,16
haggling/vegbrooke,Haggling: vegbrooke,haggling,exact-payoff (backbone-invariant),1004,joint_psrl_uniform,6,0.0,0.29503105590062106,7,7,1.0683229813664596,1.0683229813664596,0.35877256285639064,1|1,2,4,8,16
haggling/vegbrooke,Haggling: vegbrooke,haggling,exact-payoff (backbone-invariant),1004,joint_psrl_uniform,7,0.0,0.29503105590062106,7,7,1.0683229813664596,1.0683229813664596,0.35877256285639064,1|1,2,4,8,16
haggling/vegbrooke,Haggling: vegbrooke,haggling,exact-payoff (backbone-invariant),1004,joint_psrl_uniform,8,0.0,0.29503105590062106,7,7,1.0683229813664596,1.0683229813664596,0.35877256285639064,1|1,2,4,8,16
haggling/vegbrooke,Haggling: vegbrooke,haggling,exact-payoff (backbone-invariant),1004,joint_psrl_uniform,9,0.0,0.29503105590062106,7,7,1.0683229813664596,1.0683229813664596,0.35877256285639064,1|1,2,4,8,16
haggling/vegbrooke,Haggling: vegbrooke,haggling,exact-payoff (backbone-invariant),1004,joint_psrl_uniform,10,0.0,0.29503105590062106,7,7,1.0683229813664596,1.0683229813664596,0.35877256285639064,1|1,2,4,8,16
haggling/vegbrooke,Haggling: vegbrooke,haggling,exact-payoff (backbone-invariant),1004,joint_psrl_uniform,11,0.12939958592132506,0.4244306418219461,9,7,0.9389233954451346,1.0683229813664596,0.6021085373429504,1|1,2,4,8,16
haggling/vegbrooke,Haggling: vegbrooke,haggling,exact-payoff (backbone-invariant),1004,joint_psrl_uniform,12,0.0,0.4244306418219461,7,7,1.0683229813664596,1.0683229813664596,0.6021085373429506,1|1,2,4,8,16
haggling/vegbrooke,Haggling: vegbrooke,haggling,exact-payoff (backbone-invariant),1004,joint_psrl_uniform,13,0.0,0.4244306418219461,7,7,1.0683229813664596,1.0683229813664596,0.6021085373429506,1|1,2,4,8,16
haggling/vegbrooke,Haggling: vegbrooke,haggling,exact-payoff (backbone-invariant),1004,joint_psrl_uniform,14,0.0,0.4244306418219461,7,7,1.0683229813664596,1.0683229813664596,0.6021085373429506,1|1,2,4,8,16
haggling/vegbrooke,Haggling: vegbrooke,haggling,exact-payoff (backbone-invariant),1004,joint_psrl_uniform,15,0.0,0.4244306418219461,7,7,1.0683229813664596,1.0683229813664596,0.6021085373429506,1|1,2,4,8,16
haggling/vegbrooke,Haggling: vegbrooke,haggling,exact-payoff (backbone-invariant),1004,joint_psrl_uniform,16,0.0,0.4244306418219461,7,7,1.0683229813664596,1.0683229813664596,0.6021085373429506,1|1,2,4,8,16
haggling/vegbrooke,Haggling: vegbrooke,haggling,exact-payoff (backbone-invariant),1004,joint_psrl_uniform,17,0.0,0.4244306418219461,7,7,1.0683229813664596,1.0683229813664596,0.6021085373429506,1|1,2,4,8,16
haggling/vegbrooke,Haggling: vegbrooke,haggling,exact-payoff (backbone-invariant),1004,joint_psrl_uniform,18,0.0,0.4244306418219461,7,7,1.0683229813664596,1.0683229813664596,0.6021085373429506,1|1,2,4,8,16
haggling/vegbrooke,Haggling: vegbrooke,haggling,exact-payoff (backbone-invariant),1004,joint_psrl_uniform,19,0.0,0.4244306418219461,7,7,1.0683229813664596,1.0683229813664596,0.6021085373429506,1|1,2,4,8,16
haggling/vegbrooke,Haggling: vegbrooke,haggling,exact-payoff (backbone-invariant),1004,joint_psrl_uniform,20,0.0,0.4244306418219461,7,7,1.0683229813664596,1.0683229813664596,0.6021085373429506,1|1,2,4,8,16
haggling/vegbrooke,Haggling: vegbrooke,haggling,exact-payoff (backbone-invariant),1004,psrl_notype,1,0.0,0.0,7,7,1.0683229813664596,1.0683229813664596,0.0625,1|1,2,4,8,16
haggling/vegbrooke,Haggling: vegbrooke,haggling,exact-payoff (backbone-invariant),1004,psrl_notype,2,0.29503105590062106,0.29503105590062106,1,7,0.7732919254658386,1.0683229813664596,0.0625,1|1,2,4,8,16
haggling/vegbrooke,Haggling: vegbrooke,haggling,exact-payoff (backbone-invariant),1004,psrl_notype,3,0.29503105590062106,0.5900621118012421,1,7,0.7732919254658386,1.0683229813664596,0.0625,1|1,2,4,8,16
haggling/vegbrooke,Haggling: vegbrooke,haggling,exact-payoff (backbone-invariant),1004,psrl_notype,4,0.12939958592132506,0.7194616977225672,9,7,0.9389233954451346,1.0683229813664596,0.0625,1|1,2,4,8,16
haggling/vegbrooke,Haggling: vegbrooke,haggling,exact-payoff (backbone-invariant),1004,psrl_notype,5,0.29503105590062106,1.0144927536231882,1,7,0.7732919254658386,1.0683229813664596,0.0625,1|1,2,4,8,16
haggling/vegbrooke,Haggling: vegbrooke,haggling,exact-payoff (backbone-invariant),1004,psrl_notype,6,0.29503105590062106,1.3095238095238093,1,7,0.7732919254658386,1.0683229813664596,0.0625,1|1,2,4,8,16
haggling/vegbrooke,Haggling: vegbrooke,haggling,exact-payoff (backbone-invariant),1004,psrl_notype,7,0.29503105590062106,1.6045548654244304,1,7,0.7732919254658386,1.0683229813664596,0.0625,1|1,2,4,8,16
haggling/vegbrooke,Haggling: vegbrooke,haggling,exact-payoff (backbone-invariant),1004,psrl_notype,8,0.0,1.6045548654244304,7,7,1.0683229813664596,1.0683229813664596,0.0625,1|1,2,4,8,16
haggling/vegbrooke,Haggling: vegbrooke,haggling,exact-payoff (backbone-invariant),1004,psrl_notype,9,0.0,1.6045548654244304,7,7,1.0683229813664596,1.0683229813664596,0.0625,1|1,2,4,8,16
haggling/vegbrooke,Haggling: vegbrooke,haggling,exact-payoff (backbone-invariant),1004,psrl_notype,10,0.0,1.6045548654244304,7,7,1.0683229813664596,1.0683229813664596,0.0625,1|1,2,4,8,16
haggling/vegbrooke,Haggling: vegbrooke,haggling,exact-payoff (backbone-invariant),1004,psrl_notype,11,0.29503105590062106,1.8995859213250514,1,7,0.7732919254658386,1.0683229813664596,0.0625,1|1,2,4,8,16
haggling/vegbrooke,Haggling: vegbrooke,haggling,exact-payoff (backbone-invariant),1004,psrl_notype,12,0.0,1.8995859213250514,7,7,1.0683229813664596,1.0683229813664596,0.0625,1|1,2,4,8,16
haggling/vegbrooke,Haggling: vegbrooke,haggling,exact-payoff (backbone-invariant),1004,psrl_notype,13,0.0,1.8995859213250514,7,7,1.0683229813664596,1.0683229813664596,0.0625,1|1,2,4,8,16
haggling/vegbrooke,Haggling: vegbrooke,haggling,exact-payoff (backbone-invariant),1004,psrl_notype,14,0.0,1.8995859213250514,7,7,1.0683229813664596,1.0683229813664596,0.0625,1|1,2,4,8,16
haggling/vegbrooke,Haggling: vegbrooke,haggling,exact-payoff (backbone-invariant),1004,psrl_notype,15,0.0,1.8995859213250514,7,7,1.0683229813664596,1.0683229813664596,0.0625,1|1,2,4,8,16
haggling/vegbrooke,Haggling: vegbrooke,haggling,exact-payoff (backbone-invariant),1004,psrl_notype,16,0.29503105590062106,2.1946169772256727,1,7,0.7732919254658386,1.0683229813664596,0.0625,1|1,2,4,8,16
haggling/vegbrooke,Haggling: vegbrooke,haggling,exact-payoff (backbone-invariant),1004,psrl_notype,17,0.0,2.1946169772256727,7,7,1.0683229813664596,1.0683229813664596,0.0625,1|1,2,4,8,16
haggling/vegbrooke,Haggling: vegbrooke,haggling,exact-payoff (backbone-invariant),1004,psrl_notype,18,0.0,2.1946169772256727,7,7,1.0683229813664596,1.0683229813664596,0.0625,1|1,2,4,8,16
haggling/vegbrooke,Haggling: vegbrooke,haggling,exact-payoff (backbone-invariant),1004,psrl_notype,19,0.0,2.1946169772256727,7,7,1.0683229813664596,1.0683229813664596,0.0625,1|1,2,4,8,16
haggling/vegbrooke,Haggling: vegbrooke,haggling,exact-payoff (backbone-invariant),1004,psrl_notype,20,0.0,2.1946169772256727,7,7,1.0683229813664596,1.0683229813664596,0.0625,1|1,2,4,8,16
haggling/vegbrooke,Haggling: vegbrooke,haggling,exact-payoff (backbone-invariant),1004,map_type_greedy,1,0.29503105590062106,0.29503105590062106,1,7,0.7732919254658386,1.0683229813664596,0.6270358992831212,1|1,2,4,8,16
haggling/vegbrooke,Haggling: vegbrooke,haggling,exact-payoff (backbone-invariant),1004,map_type_greedy,2,0.0,0.29503105590062106,7,7,1.0683229813664596,1.0683229813664596,0.6270358992831213,1|1,2,4,8,16
haggling/vegbrooke,Haggling: vegbrooke,haggling,exact-payoff (backbone-invariant),1004,map_type_greedy,3,0.0,0.29503105590062106,7,7,1.0683229813664596,1.0683229813664596,0.6270358992831212,1|1,2,4,8,16
haggling/vegbrooke,Haggling: vegbrooke,haggling,exact-payoff (backbone-invariant),1004,map_type_greedy,4,0.0,0.29503105590062106,7,7,1.0683229813664596,1.0683229813664596,0.6270358992831213,1|1,2,4,8,16
haggling/vegbrooke,Haggling: vegbrooke,haggling,exact-payoff (backbone-invariant),1004,map_type_greedy,5,0.0,0.29503105590062106,7,7,1.0683229813664596,1.0683229813664596,0.6270358992831212,1|1,2,4,8,16
haggling/vegbrooke,Haggling: vegbrooke,haggling,exact-payoff (backbone-invariant),1004,map_type_greedy,6,0.0,0.29503105590062106,7,7,1.0683229813664596,1.0683229813664596,0.6270358992831212,1|1,2,4,8,16
haggling/vegbrooke,Haggling: vegbrooke,haggling,exact-payoff (backbone-invariant),1004,map_type_greedy,7,0.0,0.29503105590062106,7,7,1.0683229813664596,1.0683229813664596,0.6270358992831212,1|1,2,4,8,16
haggling/vegbrooke,Haggling: vegbrooke,haggling,exact-payoff (backbone-invariant),1004,map_type_greedy,8,0.0,0.29503105590062106,7,7,1.0683229813664596,1.0683229813664596,0.6270358992831212,1|1,2,4,8,16
haggling/vegbrooke,Haggling: vegbrooke,haggling,exact-payoff (backbone-invariant),1004,map_type_greedy,9,0.0,0.29503105590062106,7,7,1.0683229813664596,1.0683229813664596,0.6270358992831212,1|1,2,4,8,16
haggling/vegbrooke,Haggling: vegbrooke,haggling,exact-payoff (backbone-invariant),1004,map_type_greedy,10,0.0,0.29503105590062106,7,7,1.0683229813664596,1.0683229813664596,0.6270358992831212,1|1,2,4,8,16
haggling/vegbrooke,Haggling: vegbrooke,haggling,exact-payoff (backbone-invariant),1004,map_type_greedy,11,0.0,0.29503105590062106,7,7,1.0683229813664596,1.0683229813664596,0.6270358992831212,1|1,2,4,8,16
haggling/vegbrooke,Haggling: vegbrooke,haggling,exact-payoff (backbone-invariant),1004,map_type_greedy,12,0.0,0.29503105590062106,7,7,1.0683229813664596,1.0683229813664596,0.6270358992831212,1|1,2,4,8,16
haggling/vegbrooke,Haggling: vegbrooke,haggling,exact-payoff (backbone-invariant),1004,map_type_greedy,13,0.0,0.29503105590062106,7,7,1.0683229813664596,1.0683229813664596,0.6270358992831212,1|1,2,4,8,16
haggling/vegbrooke,Haggling: vegbrooke,haggling,exact-payoff (backbone-invariant),1004,map_type_greedy,14,0.0,0.29503105590062106,7,7,1.0683229813664596,1.0683229813664596,0.6270358992831212,1|1,2,4,8,16
haggling/vegbrooke,Haggling: vegbrooke,haggling,exact-payoff (backbone-invariant),1004,map_type_greedy,15,0.0,0.29503105590062106,7,7,1.0683229813664596,1.0683229813664596,0.6270358992831212,1|1,2,4,8,16
haggling/vegbrooke,Haggling: vegbrooke,haggling,exact-payoff (backbone-invariant),1004,map_type_greedy,16,0.0,0.29503105590062106,7,7,1.0683229813664596,1.0683229813664596,0.6270358992831212,1|1,2,4,8,16
haggling/vegbrooke,Haggling: vegbrooke,haggling,exact-payoff (backbone-invariant),1004,map_type_greedy,17,0.0,0.29503105590062106,7,7,1.0683229813664596,1.0683229813664596,0.6270358992831212,1|1,2,4,8,16
haggling/vegbrooke,Haggling: vegbrooke,haggling,exact-payoff (backbone-invariant),1004,map_type_greedy,18,0.0,0.29503105590062106,7,7,1.0683229813664596,1.0683229813664596,0.6270358992831212,1|1,2,4,8,16
haggling/vegbrooke,Haggling: vegbrooke,haggling,exact-payoff (backbone-invariant),1004,map_type_greedy,19,0.0,0.29503105590062106,7,7,1.0683229813664596,1.0683229813664596,0.6270358992831212,1|1,2,4,8,16
haggling/vegbrooke,Haggling: vegbrooke,haggling,exact-payoff (backbone-invariant),1004,map_type_greedy,20,0.0,0.29503105590062106,7,7,1.0683229813664596,1.0683229813664596,0.6270358992831212,1|1,2,4,8,16
haggling/vegbrooke,Haggling: vegbrooke,haggling,exact-payoff (backbone-invariant),1004,econ_bne,1,0.0983436853002071,0.0983436853002071,5,7,0.9699792960662525,1.0683229813664596,0.0625,1|1,2,4,8,16
haggling/vegbrooke,Haggling: vegbrooke,haggling,exact-payoff (backbone-invariant),1004,econ_bne,2,0.0983436853002071,0.1966873706004142,5,7,0.9699792960662525,1.0683229813664596,0.0625,1|1,2,4,8,16
haggling/vegbrooke,Haggling: vegbrooke,haggling,exact-payoff (backbone-invariant),1004,econ_bne,3,0.0983436853002071,0.2950310559006213,5,7,0.9699792960662525,1.0683229813664596,0.0625,1|1,2,4,8,16
haggling/vegbrooke,Haggling: vegbrooke,haggling,exact-payoff (backbone-invariant),1004,econ_bne,4,0.0983436853002071,0.3933747412008284,5,7,0.9699792960662525,1.0683229813664596,0.0625,1|1,2,4,8,16
haggling/vegbrooke,Haggling: vegbrooke,haggling,exact-payoff (backbone-invariant),1004,econ_bne,5,0.0983436853002071,0.4917184265010355,5,7,0.9699792960662525,1.0683229813664596,0.0625,1|1,2,4,8,16
haggling/vegbrooke,Haggling: vegbrooke,haggling,exact-payoff (backbone-invariant),1004,econ_bne,6,0.0983436853002071,0.5900621118012426,5,7,0.9699792960662525,1.0683229813664596,0.0625,1|1,2,4,8,16
haggling/vegbrooke,Haggling: vegbrooke,haggling,exact-payoff (backbone-invariant),1004,econ_bne,7,0.0983436853002071,0.6884057971014497,5,7,0.9699792960662525,1.0683229813664596,0.0625,1|1,2,4,8,16
haggling/vegbrooke,Haggling: vegbrooke,haggling,exact-payoff (backbone-invariant),1004,econ_bne,8,0.0983436853002071,0.7867494824016568,5,7,0.9699792960662525,1.0683229813664596,0.0625,1|1,2,4,8,16
haggling/vegbrooke,Haggling: vegbrooke,haggling,exact-payoff (backbone-invariant),1004,econ_bne,9,0.0983436853002071,0.8850931677018639,5,7,0.9699792960662525,1.0683229813664596,0.0625,1|1,2,4,8,16
haggling/vegbrooke,Haggling: vegbrooke,haggling,exact-payoff (backbone-invariant),1004,econ_bne,10,0.0983436853002071,0.983436853002071,5,7,0.9699792960662525,1.0683229813664596,0.0625,1|1,2,4,8,16
haggling/vegbrooke,Haggling: vegbrooke,haggling,exact-payoff (backbone-invariant),1004,econ_bne,11,0.0983436853002071,1.081780538302278,5,7,0.9699792960662525,1.0683229813664596,0.0625,1|1,2,4,8,16
haggling/vegbrooke,Haggling: vegbrooke,haggling,exact-payoff (backbone-invariant),1004,econ_bne,12,0.0983436853002071,1.1801242236024851,5,7,0.9699792960662525,1.0683229813664596,0.0625,1|1,2,4,8,16
haggling/vegbrooke,Haggling: vegbrooke,haggling,exact-payoff (backbone-invariant),1004,econ_bne,13,0.0983436853002071,1.2784679089026922,5,7,0.9699792960662525,1.0683229813664596,0.0625,1|1,2,4,8,16
haggling/vegbrooke,Haggling: vegbrooke,haggling,exact-payoff (backbone-invariant),1004,econ_bne,14,0.0983436853002071,1.3768115942028993,5,7,0.9699792960662525,1.0683229813664596,0.0625,1|1,2,4,8,16
haggling/vegbrooke,Haggling: vegbrooke,haggling,exact-payoff (backbone-invariant),1004,econ_bne,15,0.0983436853002071,1.4751552795031064,5,7,0.9699792960662525,1.0683229813664596,0.0625,1|1,2,4,8,16
haggling/vegbrooke,Haggling: vegbrooke,haggling,exact-payoff (backbone-invariant),1004,econ_bne,16,0.0983436853002071,1.5734989648033135,5,7,0.9699792960662525,1.0683229813664596,0.0625,1|1,2,4,8,16
haggling/vegbrooke,Haggling: vegbrooke,haggling,exact-payoff (backbone-invariant),1004,econ_bne,17,0.0983436853002071,1.6718426501035206,5,7,0.9699792960662525,1.0683229813664596,0.0625,1|1,2,4,8,16
haggling/vegbrooke,Haggling: vegbrooke,haggling,exact-payoff (backbone-invariant),1004,econ_bne,18,0.0983436853002071,1.7701863354037277,5,7,0.9699792960662525,1.0683229813664596,0.0625,1|1,2,4,8,16
haggling/vegbrooke,Haggling: vegbrooke,haggling,exact-payoff (backbone-invariant),1004,econ_bne,19,0.0983436853002071,1.8685300207039348,5,7,0.9699792960662525,1.0683229813664596,0.0625,1|1,2,4,8,16
haggling/vegbrooke,Haggling: vegbrooke,haggling,exact-payoff (backbone-invariant),1004,econ_bne,20,0.0983436853002071,1.966873706004142,5,7,0.9699792960662525,1.0683229813664596,0.0625,1|1,2,4,8,16
haggling/vegbrooke,Haggling: vegbrooke,haggling,exact-payoff (backbone-invariant),1004,atom_tom1,1,0.0983436853002071,0.0983436853002071,5,7,0.9699792960662525,1.0683229813664596,0.0625,1|1,2,4,8,16
haggling/vegbrooke,Haggling: vegbrooke,haggling,exact-payoff (backbone-invariant),1004,atom_tom1,2,0.0983436853002071,0.1966873706004142,5,7,0.9699792960662525,1.0683229813664596,0.0625,1|1,2,4,8,16
haggling/vegbrooke,Haggling: vegbrooke,haggling,exact-payoff (backbone-invariant),1004,atom_tom1,3,0.0983436853002071,0.2950310559006213,5,7,0.9699792960662525,1.0683229813664596,0.0625,1|1,2,4,8,16
haggling/vegbrooke,Haggling: vegbrooke,haggling,exact-payoff (backbone-invariant),1004,atom_tom1,4,0.0983436853002071,0.3933747412008284,5,7,0.9699792960662525,1.0683229813664596,0.0625,1|1,2,4,8,16
haggling/vegbrooke,Haggling: vegbrooke,haggling,exact-payoff (backbone-invariant),1004,atom_tom1,5,0.0983436853002071,0.4917184265010355,5,7,0.9699792960662525,1.0683229813664596,0.0625,1|1,2,4,8,16
haggling/vegbrooke,Haggling: vegbrooke,haggling,exact-payoff (backbone-invariant),1004,atom_tom1,6,0.0983436853002071,0.5900621118012426,5,7,0.9699792960662525,1.0683229813664596,0.0625,1|1,2,4,8,16
haggling/vegbrooke,Haggling: vegbrooke,haggling,exact-payoff (backbone-invariant),1004,atom_tom1,7,0.0983436853002071,0.6884057971014497,5,7,0.9699792960662525,1.0683229813664596,0.0625,1|1,2,4,8,16
haggling/vegbrooke,Haggling: vegbrooke,haggling,exact-payoff (backbone-invariant),1004,atom_tom1,8,0.0983436853002071,0.7867494824016568,5,7,0.9699792960662525,1.0683229813664596,0.0625,1|1,2,4,8,16
haggling/vegbrooke,Haggling: vegbrooke,haggling,exact-payoff (backbone-invariant),1004,atom_tom1,9,0.0983436853002071,0.8850931677018639,5,7,0.9699792960662525,1.0683229813664596,0.0625,1|1,2,4,8,16
haggling/vegbrooke,Haggling: vegbrooke,haggling,exact-payoff (backbone-invariant),1004,atom_tom1,10,0.0983436853002071,0.983436853002071,5,7,0.9699792960662525,1.0683229813664596,0.0625,1|1,2,4,8,16
haggling/vegbrooke,Haggling: vegbrooke,haggling,exact-payoff (backbone-invariant),1004,atom_tom1,11,0.0983436853002071,1.081780538302278,5,7,0.9699792960662525,1.0683229813664596,0.0625,1|1,2,4,8,16
haggling/vegbrooke,Haggling: vegbrooke,haggling,exact-payoff (backbone-invariant),1004,atom_tom1,12,0.0983436853002071,1.1801242236024851,5,7,0.9699792960662525,1.0683229813664596,0.0625,1|1,2,4,8,16
haggling/vegbrooke,Haggling: vegbrooke,haggling,exact-payoff (backbone-invariant),1004,atom_tom1,13,0.0983436853002071,1.2784679089026922,5,7,0.9699792960662525,1.0683229813664596,0.0625,1|1,2,4,8,16
haggling/vegbrooke,Haggling: vegbrooke,haggling,exact-payoff (backbone-invariant),1004,atom_tom1,14,0.0983436853002071,1.3768115942028993,5,7,0.9699792960662525,1.0683229813664596,0.0625,1|1,2,4,8,16
haggling/vegbrooke,Haggling: vegbrooke,haggling,exact-payoff (backbone-invariant),1004,atom_tom1,15,0.0983436853002071,1.4751552795031064,5,7,0.9699792960662525,1.0683229813664596,0.0625,1|1,2,4,8,16
haggling/vegbrooke,Haggling: vegbrooke,haggling,exact-payoff (backbone-invariant),1004,atom_tom1,16,0.0983436853002071,1.5734989648033135,5,7,0.9699792960662525,1.0683229813664596,0.0625,1|1,2,4,8,16
haggling/vegbrooke,Haggling: vegbrooke,haggling,exact-payoff (backbone-invariant),1004,atom_tom1,17,0.0983436853002071,1.6718426501035206,5,7,0.9699792960662525,1.0683229813664596,0.0625,1|1,2,4,8,16
haggling/vegbrooke,Haggling: vegbrooke,haggling,exact-payoff (backbone-invariant),1004,atom_tom1,18,0.0983436853002071,1.7701863354037277,5,7,0.9699792960662525,1.0683229813664596,0.0625,1|1,2,4,8,16
haggling/vegbrooke,Haggling: vegbrooke,haggling,exact-payoff (backbone-invariant),1004,atom_tom1,19,0.0983436853002071,1.8685300207039348,5,7,0.9699792960662525,1.0683229813664596,0.0625,1|1,2,4,8,16
haggling/vegbrooke,Haggling: vegbrooke,haggling,exact-payoff (backbone-invariant),1004,atom_tom1,20,0.0983436853002071,1.966873706004142,5,7,0.9699792960662525,1.0683229813664596,0.0625,1|1,2,4,8,16
haggling/vegbrooke,Haggling: vegbrooke,haggling,exact-payoff (backbone-invariant),1004,random,1,0.4554865424430641,0.4554865424430641,8,7,0.6128364389233956,1.0683229813664596,0.0625,1|1,2,4,8,16
haggling/vegbrooke,Haggling: vegbrooke,haggling,exact-payoff (backbone-invariant),1004,random,2,0.4554865424430641,0.9109730848861282,6,7,0.6128364389233956,1.0683229813664596,0.0625,1|1,2,4,8,16
haggling/vegbrooke,Haggling: vegbrooke,haggling,exact-payoff (backbone-invariant),1004,random,3,0.29503105590062106,1.2060041407867492,1,7,0.7732919254658386,1.0683229813664596,0.0625,1|1,2,4,8,16
haggling/vegbrooke,Haggling: vegbrooke,haggling,exact-payoff (backbone-invariant),1004,random,4,0.12939958592132506,1.3354037267080743,9,7,0.9389233954451346,1.0683229813664596,0.0625,1|1,2,4,8,16
haggling/vegbrooke,Haggling: vegbrooke,haggling,exact-payoff (backbone-invariant),1004,random,5,0.12939958592132506,1.4648033126293993,9,7,0.9389233954451346,1.0683229813664596,0.0625,1|1,2,4,8,16
haggling/vegbrooke,Haggling: vegbrooke,haggling,exact-payoff (backbone-invariant),1004,random,6,0.4554865424430641,1.9202898550724634,2,7,0.6128364389233956,1.0683229813664596,0.0625,1|1,2,4,8,16
haggling/vegbrooke,Haggling: vegbrooke,haggling,exact-payoff (backbone-invariant),1004,random,7,0.12939958592132506,2.0496894409937885,9,7,0.9389233954451346,1.0683229813664596,0.0625,1|1,2,4,8,16
haggling/vegbrooke,Haggling: vegbrooke,haggling,exact-payoff (backbone-invariant),1004,random,8,0.0983436853002071,2.1480331262939956,5,7,0.9699792960662525,1.0683229813664596,0.0625,1|1,2,4,8,16
haggling/vegbrooke,Haggling: vegbrooke,haggling,exact-payoff (backbone-invariant),1004,random,9,0.0983436853002071,2.2463768115942027,5,7,0.9699792960662525,1.0683229813664596,0.0625,1|1,2,4,8,16
haggling/vegbrooke,Haggling: vegbrooke,haggling,exact-payoff (backbone-invariant),1004,random,10,0.0,2.2463768115942027,7,7,1.0683229813664596,1.0683229813664596,0.0625,1|1,2,4,8,16
haggling/vegbrooke,Haggling: vegbrooke,haggling,exact-payoff (backbone-invariant),1004,random,11,0.29503105590062106,2.541407867494824,1,7,0.7732919254658386,1.0683229813664596,0.0625,1|1,2,4,8,16
haggling/vegbrooke,Haggling: vegbrooke,haggling,exact-payoff (backbone-invariant),1004,random,12,0.19668737060041397,2.738095238095238,3,7,0.8716356107660457,1.0683229813664596,0.0625,1|1,2,4,8,16
haggling/vegbrooke,Haggling: vegbrooke,haggling,exact-payoff (backbone-invariant),1004,random,13,0.4554865424430641,3.1935817805383024,2,7,0.6128364389233956,1.0683229813664596,0.0625,1|1,2,4,8,16
haggling/vegbrooke,Haggling: vegbrooke,haggling,exact-payoff (backbone-invariant),1004,random,14,0.19668737060041397,3.3902691511387166,3,7,0.8716356107660457,1.0683229813664596,0.0625,1|1,2,4,8,16
haggling/vegbrooke,Haggling: vegbrooke,haggling,exact-payoff (backbone-invariant),1004,random,15,0.0983436853002071,3.4886128364389237,5,7,0.9699792960662525,1.0683229813664596,0.0625,1|1,2,4,8,16
haggling/vegbrooke,Haggling: vegbrooke,haggling,exact-payoff (backbone-invariant),1004,random,16,0.4554865424430641,3.9440993788819876,4,7,0.6128364389233956,1.0683229813664596,0.0625,1|1,2,4,8,16
haggling/vegbrooke,Haggling: vegbrooke,haggling,exact-payoff (backbone-invariant),1004,random,17,0.19668737060041397,4.140786749482402,3,7,0.8716356107660457,1.0683229813664596,0.0625,1|1,2,4,8,16
haggling/vegbrooke,Haggling: vegbrooke,haggling,exact-payoff (backbone-invariant),1004,random,18,0.4554865424430641,4.596273291925466,6,7,0.6128364389233956,1.0683229813664596,0.0625,1|1,2,4,8,16
haggling/vegbrooke,Haggling: vegbrooke,haggling,exact-payoff (backbone-invariant),1004,random,19,0.12939958592132506,4.725672877846791,9,7,0.9389233954451346,1.0683229813664596,0.0625,1|1,2,4,8,16
haggling/vegbrooke,Haggling: vegbrooke,haggling,exact-payoff (backbone-invariant),1004,random,20,0.12939958592132506,4.855072463768116,9,7,0.9389233954451346,1.0683229813664596,0.0625,1|1,2,4,8,16
haggling_multi_item/vegbrooke,Multi-item: vegbrooke,haggling_multi_item,exact-payoff (backbone-invariant),1004,pact,1,0.0,0.0,7,7,1.1813186813186813,1.1813186813186813,0.25,1|1,2,4,8,16
haggling_multi_item/vegbrooke,Multi-item: vegbrooke,haggling_multi_item,exact-payoff (backbone-invariant),1004,pact,2,0.1291208791208791,0.1291208791208791,11,7,1.0521978021978022,1.1813186813186813,0.41174424390032827,1|1,2,4,8,16
haggling_multi_item/vegbrooke,Multi-item: vegbrooke,haggling_multi_item,exact-payoff (backbone-invariant),1004,pact,3,0.0,0.1291208791208791,7,7,1.1813186813186813,1.1813186813186813,0.4117442439003283,1|1,2,4,8,16
haggling_multi_item/vegbrooke,Multi-item: vegbrooke,haggling_multi_item,exact-payoff (backbone-invariant),1004,pact,4,0.0,0.1291208791208791,7,7,1.1813186813186813,1.1813186813186813,0.41174424390032827,1|1,2,4,8,16
haggling_multi_item/vegbrooke,Multi-item: vegbrooke,haggling_multi_item,exact-payoff (backbone-invariant),1004,pact,5,0.1291208791208791,0.2582417582417582,11,7,1.0521978021978022,1.1813186813186813,0.5036853002516744,1|1,2,4,8,16
haggling_multi_item/vegbrooke,Multi-item: vegbrooke,haggling_multi_item,exact-payoff (backbone-invariant),1004,pact,6,0.0,0.2582417582417582,7,7,1.1813186813186813,1.1813186813186813,0.5036853002516744,1|1,2,4,8,16
haggling_multi_item/vegbrooke,Multi-item: vegbrooke,haggling_multi_item,exact-payoff (backbone-invariant),1004,pact,7,0.0,0.2582417582417582,7,7,1.1813186813186813,1.1813186813186813,0.5036853002516744,1|1,2,4,8,16
haggling_multi_item/vegbrooke,Multi-item: vegbrooke,haggling_multi_item,exact-payoff (backbone-invariant),1004,pact,8,0.0,0.2582417582417582,7,7,1.1813186813186813,1.1813186813186813,0.5036853002516744,1|1,2,4,8,16
haggling_multi_item/vegbrooke,Multi-item: vegbrooke,haggling_multi_item,exact-payoff (backbone-invariant),1004,pact,9,0.0,0.2582417582417582,7,7,1.1813186813186813,1.1813186813186813,0.5036853002516744,1|1,2,4,8,16
haggling_multi_item/vegbrooke,Multi-item: vegbrooke,haggling_multi_item,exact-payoff (backbone-invariant),1004,pact,10,0.0,0.2582417582417582,7,7,1.1813186813186813,1.1813186813186813,0.5036853002516744,1|1,2,4,8,16
haggling_multi_item/vegbrooke,Multi-item: vegbrooke,haggling_multi_item,exact-payoff (backbone-invariant),1004,pact,11,0.0,0.2582417582417582,7,7,1.1813186813186813,1.1813186813186813,0.5036853002516744,1|1,2,4,8,16
haggling_multi_item/vegbrooke,Multi-item: vegbrooke,haggling_multi_item,exact-payoff (backbone-invariant),1004,pact,12,0.0,0.2582417582417582,7,7,1.1813186813186813,1.1813186813186813,0.5036853002516744,1|1,2,4,8,16
haggling_multi_item/vegbrooke,Multi-item: vegbrooke,haggling_multi_item,exact-payoff (backbone-invariant),1004,pact,13,0.0,0.2582417582417582,7,7,1.1813186813186813,1.1813186813186813,0.5036853002516744,1|1,2,4,8,16
haggling_multi_item/vegbrooke,Multi-item: vegbrooke,haggling_multi_item,exact-payoff (backbone-invariant),1004,pact,14,0.0,0.2582417582417582,7,7,1.1813186813186813,1.1813186813186813,0.5036853002516744,1|1,2,4,8,16
haggling_multi_item/vegbrooke,Multi-item: vegbrooke,haggling_multi_item,exact-payoff (backbone-invariant),1004,pact,15,0.0,0.2582417582417582,7,7,1.1813186813186813,1.1813186813186813,0.5036853002516744,1|1,2,4,8,16
haggling_multi_item/vegbrooke,Multi-item: vegbrooke,haggling_multi_item,exact-payoff (backbone-invariant),1004,pact,16,0.0,0.2582417582417582,7,7,1.1813186813186813,1.1813186813186813,0.5036853002516744,1|1,2,4,8,16
haggling_multi_item/vegbrooke,Multi-item: vegbrooke,haggling_multi_item,exact-payoff (backbone-invariant),1004,pact,17,0.0,0.2582417582417582,7,7,1.1813186813186813,1.1813186813186813,0.5036853002516744,1|1,2,4,8,16
haggling_multi_item/vegbrooke,Multi-item: vegbrooke,haggling_multi_item,exact-payoff (backbone-invariant),1004,pact,18,0.0,0.2582417582417582,7,7,1.1813186813186813,1.1813186813186813,0.5036853002516744,1|1,2,4,8,16
haggling_multi_item/vegbrooke,Multi-item: vegbrooke,haggling_multi_item,exact-payoff (backbone-invariant),1004,pact,19,0.30494505494505486,0.5631868131868131,1,7,0.8763736263736265,1.1813186813186813,0.9039481963641558,1|1,2,4,8,16
haggling_multi_item/vegbrooke,Multi-item: vegbrooke,haggling_multi_item,exact-payoff (backbone-invariant),1004,pact,20,0.0,0.5631868131868131,7,7,1.1813186813186813,1.1813186813186813,0.9039481963641558,1|1,2,4,8,16
haggling_multi_item/vegbrooke,Multi-item: vegbrooke,haggling_multi_item,exact-payoff (backbone-invariant),1004,pact_plus,1,0.0,0.0,7,7,1.1813186813186813,1.1813186813186813,0.25,1|1,2,4,8,16
haggling_multi_item/vegbrooke,Multi-item: vegbrooke,haggling_multi_item,exact-payoff (backbone-invariant),1004,pact_plus,2,0.1291208791208791,0.1291208791208791,11,7,1.0521978021978022,1.1813186813186813,0.41174424390032827,1|1,2,4,8,16
haggling_multi_item/vegbrooke,Multi-item: vegbrooke,haggling_multi_item,exact-payoff (backbone-invariant),1004,pact_plus,3,0.30494505494505486,0.43406593406593397,1,7,0.8763736263736265,1.1813186813186813,0.818446697262763,1|1,2,4,8,16
haggling_multi_item/vegbrooke,Multi-item: vegbrooke,haggling_multi_item,exact-payoff (backbone-invariant),1004,pact_plus,4,0.0,0.43406593406593397,7,7,1.1813186813186813,1.1813186813186813,0.818446697262763,1|1,2,4,8,16
haggling_multi_item/vegbrooke,Multi-item: vegbrooke,haggling_multi_item,exact-payoff (backbone-invariant),1004,pact_plus,5,0.1291208791208791,0.5631868131868131,11,7,1.0521978021978022,1.1813186813186813,0.9039481963641559,1|1,2,4,8,16
haggling_multi_item/vegbrooke,Multi-item: vegbrooke,haggling_multi_item,exact-payoff (backbone-invariant),1004,pact_plus,6,0.0,0.5631868131868131,7,7,1.1813186813186813,1.1813186813186813,0.9039481963641559,1|1,2,4,8,16
haggling_multi_item/vegbrooke,Multi-item: vegbrooke,haggling_multi_item,exact-payoff (backbone-invariant),1004,pact_plus,7,0.0,0.5631868131868131,7,7,1.1813186813186813,1.1813186813186813,0.9039481963641559,1|1,2,4,8,16
haggling_multi_item/vegbrooke,Multi-item: vegbrooke,haggling_multi_item,exact-payoff (backbone-invariant),1004,pact_plus,8,0.0,0.5631868131868131,7,7,1.1813186813186813,1.1813186813186813,0.9039481963641559,1|1,2,4,8,16
haggling_multi_item/vegbrooke,Multi-item: vegbrooke,haggling_multi_item,exact-payoff (backbone-invariant),1004,pact_plus,9,0.0,0.5631868131868131,7,7,1.1813186813186813,1.1813186813186813,0.9039481963641559,1|1,2,4,8,16
haggling_multi_item/vegbrooke,Multi-item: vegbrooke,haggling_multi_item,exact-payoff (backbone-invariant),1004,pact_plus,10,0.0,0.5631868131868131,7,7,1.1813186813186813,1.1813186813186813,0.9039481963641559,1|1,2,4,8,16
haggling_multi_item/vegbrooke,Multi-item: vegbrooke,haggling_multi_item,exact-payoff (backbone-invariant),1004,pact_plus,11,0.0,0.5631868131868131,7,7,1.1813186813186813,1.1813186813186813,0.9039481963641559,1|1,2,4,8,16
haggling_multi_item/vegbrooke,Multi-item: vegbrooke,haggling_multi_item,exact-payoff (backbone-invariant),1004,pact_plus,12,0.0,0.5631868131868131,7,7,1.1813186813186813,1.1813186813186813,0.9039481963641559,1|1,2,4,8,16
haggling_multi_item/vegbrooke,Multi-item: vegbrooke,haggling_multi_item,exact-payoff (backbone-invariant),1004,pact_plus,13,0.0,0.5631868131868131,7,7,1.1813186813186813,1.1813186813186813,0.9039481963641559,1|1,2,4,8,16
haggling_multi_item/vegbrooke,Multi-item: vegbrooke,haggling_multi_item,exact-payoff (backbone-invariant),1004,pact_plus,14,0.0,0.5631868131868131,7,7,1.1813186813186813,1.1813186813186813,0.9039481963641559,1|1,2,4,8,16
haggling_multi_item/vegbrooke,Multi-item: vegbrooke,haggling_multi_item,exact-payoff (backbone-invariant),1004,pact_plus,15,0.0,0.5631868131868131,7,7,1.1813186813186813,1.1813186813186813,0.9039481963641559,1|1,2,4,8,16
haggling_multi_item/vegbrooke,Multi-item: vegbrooke,haggling_multi_item,exact-payoff (backbone-invariant),1004,pact_plus,16,0.0,0.5631868131868131,7,7,1.1813186813186813,1.1813186813186813,0.9039481963641559,1|1,2,4,8,16
haggling_multi_item/vegbrooke,Multi-item: vegbrooke,haggling_multi_item,exact-payoff (backbone-invariant),1004,pact_plus,17,0.0,0.5631868131868131,7,7,1.1813186813186813,1.1813186813186813,0.9039481963641559,1|1,2,4,8,16
haggling_multi_item/vegbrooke,Multi-item: vegbrooke,haggling_multi_item,exact-payoff (backbone-invariant),1004,pact_plus,18,0.0,0.5631868131868131,7,7,1.1813186813186813,1.1813186813186813,0.9039481963641559,1|1,2,4,8,16
haggling_multi_item/vegbrooke,Multi-item: vegbrooke,haggling_multi_item,exact-payoff (backbone-invariant),1004,pact_plus,19,0.0,0.5631868131868131,7,7,1.1813186813186813,1.1813186813186813,0.9039481963641559,1|1,2,4,8,16
haggling_multi_item/vegbrooke,Multi-item: vegbrooke,haggling_multi_item,exact-payoff (backbone-invariant),1004,pact_plus,20,0.0,0.5631868131868131,7,7,1.1813186813186813,1.1813186813186813,0.9039481963641559,1|1,2,4,8,16
haggling_multi_item/vegbrooke,Multi-item: vegbrooke,haggling_multi_item,exact-payoff (backbone-invariant),1004,joint_psrl_uniform,1,0.0,0.0,7,7,1.1813186813186813,1.1813186813186813,0.0625,1|1,2,4,8,16
haggling_multi_item/vegbrooke,Multi-item: vegbrooke,haggling_multi_item,exact-payoff (backbone-invariant),1004,joint_psrl_uniform,2,0.0,0.0,7,7,1.1813186813186813,1.1813186813186813,0.0625,1|1,2,4,8,16
haggling_multi_item/vegbrooke,Multi-item: vegbrooke,haggling_multi_item,exact-payoff (backbone-invariant),1004,joint_psrl_uniform,3,0.0,0.0,7,7,1.1813186813186813,1.1813186813186813,0.0625,1|1,2,4,8,16
haggling_multi_item/vegbrooke,Multi-item: vegbrooke,haggling_multi_item,exact-payoff (backbone-invariant),1004,joint_psrl_uniform,4,0.1291208791208791,0.1291208791208791,11,7,1.0521978021978022,1.1813186813186813,0.16695200897986134,1|1,2,4,8,16
haggling_multi_item/vegbrooke,Multi-item: vegbrooke,haggling_multi_item,exact-payoff (backbone-invariant),1004,joint_psrl_uniform,5,0.0,0.1291208791208791,7,7,1.1813186813186813,1.1813186813186813,0.16695200897986134,1|1,2,4,8,16
haggling_multi_item/vegbrooke,Multi-item: vegbrooke,haggling_multi_item,exact-payoff (backbone-invariant),1004,joint_psrl_uniform,6,0.0,0.1291208791208791,7,7,1.1813186813186813,1.1813186813186813,0.16695200897986134,1|1,2,4,8,16
haggling_multi_item/vegbrooke,Multi-item: vegbrooke,haggling_multi_item,exact-payoff (backbone-invariant),1004,joint_psrl_uniform,7,0.0,0.1291208791208791,7,7,1.1813186813186813,1.1813186813186813,0.16695200897986134,1|1,2,4,8,16
haggling_multi_item/vegbrooke,Multi-item: vegbrooke,haggling_multi_item,exact-payoff (backbone-invariant),1004,joint_psrl_uniform,8,0.0,0.1291208791208791,7,7,1.1813186813186813,1.1813186813186813,0.16695200897986134,1|1,2,4,8,16
haggling_multi_item/vegbrooke,Multi-item: vegbrooke,haggling_multi_item,exact-payoff (backbone-invariant),1004,joint_psrl_uniform,9,0.1291208791208791,0.2582417582417582,11,7,1.0521978021978022,1.1813186813186813,0.24111988420429592,1|1,2,4,8,16
haggling_multi_item/vegbrooke,Multi-item: vegbrooke,haggling_multi_item,exact-payoff (backbone-invariant),1004,joint_psrl_uniform,10,0.0,0.2582417582417582,7,7,1.1813186813186813,1.1813186813186813,0.24111988420429592,1|1,2,4,8,16
haggling_multi_item/vegbrooke,Multi-item: vegbrooke,haggling_multi_item,exact-payoff (backbone-invariant),1004,joint_psrl_uniform,11,0.0,0.2582417582417582,7,7,1.1813186813186813,1.1813186813186813,0.24111988420429592,1|1,2,4,8,16
haggling_multi_item/vegbrooke,Multi-item: vegbrooke,haggling_multi_item,exact-payoff (backbone-invariant),1004,joint_psrl_uniform,12,0.0,0.2582417582417582,7,7,1.1813186813186813,1.1813186813186813,0.24111988420429592,1|1,2,4,8,16
haggling_multi_item/vegbrooke,Multi-item: vegbrooke,haggling_multi_item,exact-payoff (backbone-invariant),1004,joint_psrl_uniform,13,0.0,0.2582417582417582,7,7,1.1813186813186813,1.1813186813186813,0.24111988420429592,1|1,2,4,8,16
haggling_multi_item/vegbrooke,Multi-item: vegbrooke,haggling_multi_item,exact-payoff (backbone-invariant),1004,joint_psrl_uniform,14,0.0,0.2582417582417582,7,7,1.1813186813186813,1.1813186813186813,0.24111988420429592,1|1,2,4,8,16
haggling_multi_item/vegbrooke,Multi-item: vegbrooke,haggling_multi_item,exact-payoff (backbone-invariant),1004,joint_psrl_uniform,15,0.0,0.2582417582417582,7,7,1.1813186813186813,1.1813186813186813,0.24111988420429592,1|1,2,4,8,16
haggling_multi_item/vegbrooke,Multi-item: vegbrooke,haggling_multi_item,exact-payoff (backbone-invariant),1004,joint_psrl_uniform,16,0.0,0.2582417582417582,7,7,1.1813186813186813,1.1813186813186813,0.24111988420429592,1|1,2,4,8,16
haggling_multi_item/vegbrooke,Multi-item: vegbrooke,haggling_multi_item,exact-payoff (backbone-invariant),1004,joint_psrl_uniform,17,0.0,0.2582417582417582,7,7,1.1813186813186813,1.1813186813186813,0.24111988420429592,1|1,2,4,8,16
haggling_multi_item/vegbrooke,Multi-item: vegbrooke,haggling_multi_item,exact-payoff (backbone-invariant),1004,joint_psrl_uniform,18,0.0,0.2582417582417582,7,7,1.1813186813186813,1.1813186813186813,0.24111988420429592,1|1,2,4,8,16
haggling_multi_item/vegbrooke,Multi-item: vegbrooke,haggling_multi_item,exact-payoff (backbone-invariant),1004,joint_psrl_uniform,19,0.0,0.2582417582417582,7,7,1.1813186813186813,1.1813186813186813,0.24111988420429592,1|1,2,4,8,16
haggling_multi_item/vegbrooke,Multi-item: vegbrooke,haggling_multi_item,exact-payoff (backbone-invariant),1004,joint_psrl_uniform,20,0.0,0.2582417582417582,7,7,1.1813186813186813,1.1813186813186813,0.24111988420429592,1|1,2,4,8,16
haggling_multi_item/vegbrooke,Multi-item: vegbrooke,haggling_multi_item,exact-payoff (backbone-invariant),1004,psrl_notype,1,0.1291208791208791,0.1291208791208791,11,7,1.0521978021978022,1.1813186813186813,0.0625,1|1,2,4,8,16
haggling_multi_item/vegbrooke,Multi-item: vegbrooke,haggling_multi_item,exact-payoff (backbone-invariant),1004,psrl_notype,2,0.1291208791208791,0.2582417582417582,11,7,1.0521978021978022,1.1813186813186813,0.0625,1|1,2,4,8,16
haggling_multi_item/vegbrooke,Multi-item: vegbrooke,haggling_multi_item,exact-payoff (backbone-invariant),1004,psrl_notype,3,0.1291208791208791,0.3873626373626373,11,7,1.0521978021978022,1.1813186813186813,0.0625,1|1,2,4,8,16
haggling_multi_item/vegbrooke,Multi-item: vegbrooke,haggling_multi_item,exact-payoff (backbone-invariant),1004,psrl_notype,4,0.1291208791208791,0.5164835164835164,11,7,1.0521978021978022,1.1813186813186813,0.0625,1|1,2,4,8,16
haggling_multi_item/vegbrooke,Multi-item: vegbrooke,haggling_multi_item,exact-payoff (backbone-invariant),1004,psrl_notype,5,0.1291208791208791,0.6456043956043955,11,7,1.0521978021978022,1.1813186813186813,0.0625,1|1,2,4,8,16
haggling_multi_item/vegbrooke,Multi-item: vegbrooke,haggling_multi_item,exact-payoff (backbone-invariant),1004,psrl_notype,6,0.30494505494505486,0.9505494505494504,1,7,0.8763736263736265,1.1813186813186813,0.0625,1|1,2,4,8,16
haggling_multi_item/vegbrooke,Multi-item: vegbrooke,haggling_multi_item,exact-payoff (backbone-invariant),1004,psrl_notype,7,0.30494505494505486,1.2554945054945053,1,7,0.8763736263736265,1.1813186813186813,0.0625,1|1,2,4,8,16
haggling_multi_item/vegbrooke,Multi-item: vegbrooke,haggling_multi_item,exact-payoff (backbone-invariant),1004,psrl_notype,8,0.0,1.2554945054945053,7,7,1.1813186813186813,1.1813186813186813,0.0625,1|1,2,4,8,16
haggling_multi_item/vegbrooke,Multi-item: vegbrooke,haggling_multi_item,exact-payoff (backbone-invariant),1004,psrl_notype,9,0.0,1.2554945054945053,7,7,1.1813186813186813,1.1813186813186813,0.0625,1|1,2,4,8,16
haggling_multi_item/vegbrooke,Multi-item: vegbrooke,haggling_multi_item,exact-payoff (backbone-invariant),1004,psrl_notype,10,0.0,1.2554945054945053,7,7,1.1813186813186813,1.1813186813186813,0.0625,1|1,2,4,8,16
haggling_multi_item/vegbrooke,Multi-item: vegbrooke,haggling_multi_item,exact-payoff (backbone-invariant),1004,psrl_notype,11,0.1291208791208791,1.3846153846153844,11,7,1.0521978021978022,1.1813186813186813,0.0625,1|1,2,4,8,16
haggling_multi_item/vegbrooke,Multi-item: vegbrooke,haggling_multi_item,exact-payoff (backbone-invariant),1004,psrl_notype,12,0.0,1.3846153846153844,7,7,1.1813186813186813,1.1813186813186813,0.0625,1|1,2,4,8,16
haggling_multi_item/vegbrooke,Multi-item: vegbrooke,haggling_multi_item,exact-payoff (backbone-invariant),1004,psrl_notype,13,0.0,1.3846153846153844,7,7,1.1813186813186813,1.1813186813186813,0.0625,1|1,2,4,8,16
haggling_multi_item/vegbrooke,Multi-item: vegbrooke,haggling_multi_item,exact-payoff (backbone-invariant),1004,psrl_notype,14,0.0,1.3846153846153844,7,7,1.1813186813186813,1.1813186813186813,0.0625,1|1,2,4,8,16
haggling_multi_item/vegbrooke,Multi-item: vegbrooke,haggling_multi_item,exact-payoff (backbone-invariant),1004,psrl_notype,15,0.0,1.3846153846153844,7,7,1.1813186813186813,1.1813186813186813,0.0625,1|1,2,4,8,16
haggling_multi_item/vegbrooke,Multi-item: vegbrooke,haggling_multi_item,exact-payoff (backbone-invariant),1004,psrl_notype,16,0.1291208791208791,1.5137362637362635,11,7,1.0521978021978022,1.1813186813186813,0.0625,1|1,2,4,8,16
haggling_multi_item/vegbrooke,Multi-item: vegbrooke,haggling_multi_item,exact-payoff (backbone-invariant),1004,psrl_notype,17,0.0,1.5137362637362635,7,7,1.1813186813186813,1.1813186813186813,0.0625,1|1,2,4,8,16
haggling_multi_item/vegbrooke,Multi-item: vegbrooke,haggling_multi_item,exact-payoff (backbone-invariant),1004,psrl_notype,18,0.0,1.5137362637362635,7,7,1.1813186813186813,1.1813186813186813,0.0625,1|1,2,4,8,16
haggling_multi_item/vegbrooke,Multi-item: vegbrooke,haggling_multi_item,exact-payoff (backbone-invariant),1004,psrl_notype,19,0.1291208791208791,1.6428571428571426,11,7,1.0521978021978022,1.1813186813186813,0.0625,1|1,2,4,8,16
haggling_multi_item/vegbrooke,Multi-item: vegbrooke,haggling_multi_item,exact-payoff (backbone-invariant),1004,psrl_notype,20,0.1291208791208791,1.7719780219780217,11,7,1.0521978021978022,1.1813186813186813,0.0625,1|1,2,4,8,16
haggling_multi_item/vegbrooke,Multi-item: vegbrooke,haggling_multi_item,exact-payoff (backbone-invariant),1004,map_type_greedy,1,0.1291208791208791,0.1291208791208791,11,7,1.0521978021978022,1.1813186813186813,0.41174424390032827,1|1,2,4,8,16
haggling_multi_item/vegbrooke,Multi-item: vegbrooke,haggling_multi_item,exact-payoff (backbone-invariant),1004,map_type_greedy,2,0.0,0.1291208791208791,7,7,1.1813186813186813,1.1813186813186813,0.4117442439003283,1|1,2,4,8,16
haggling_multi_item/vegbrooke,Multi-item: vegbrooke,haggling_multi_item,exact-payoff (backbone-invariant),1004,map_type_greedy,3,0.0,0.1291208791208791,7,7,1.1813186813186813,1.1813186813186813,0.41174424390032827,1|1,2,4,8,16
haggling_multi_item/vegbrooke,Multi-item: vegbrooke,haggling_multi_item,exact-payoff (backbone-invariant),1004,map_type_greedy,4,0.0,0.1291208791208791,7,7,1.1813186813186813,1.1813186813186813,0.41174424390032827,1|1,2,4,8,16
haggling_multi_item/vegbrooke,Multi-item: vegbrooke,haggling_multi_item,exact-payoff (backbone-invariant),1004,map_type_greedy,5,0.0,0.1291208791208791,7,7,1.1813186813186813,1.1813186813186813,0.41174424390032827,1|1,2,4,8,16
haggling_multi_item/vegbrooke,Multi-item: vegbrooke,haggling_multi_item,exact-payoff (backbone-invariant),1004,map_type_greedy,6,0.0,0.1291208791208791,7,7,1.1813186813186813,1.1813186813186813,0.41174424390032827,1|1,2,4,8,16
haggling_multi_item/vegbrooke,Multi-item: vegbrooke,haggling_multi_item,exact-payoff (backbone-invariant),1004,map_type_greedy,7,0.0,0.1291208791208791,7,7,1.1813186813186813,1.1813186813186813,0.41174424390032827,1|1,2,4,8,16
haggling_multi_item/vegbrooke,Multi-item: vegbrooke,haggling_multi_item,exact-payoff (backbone-invariant),1004,map_type_greedy,8,0.0,0.1291208791208791,7,7,1.1813186813186813,1.1813186813186813,0.41174424390032827,1|1,2,4,8,16
haggling_multi_item/vegbrooke,Multi-item: vegbrooke,haggling_multi_item,exact-payoff (backbone-invariant),1004,map_type_greedy,9,0.0,0.1291208791208791,7,7,1.1813186813186813,1.1813186813186813,0.41174424390032827,1|1,2,4,8,16
haggling_multi_item/vegbrooke,Multi-item: vegbrooke,haggling_multi_item,exact-payoff (backbone-invariant),1004,map_type_greedy,10,0.0,0.1291208791208791,7,7,1.1813186813186813,1.1813186813186813,0.41174424390032827,1|1,2,4,8,16
haggling_multi_item/vegbrooke,Multi-item: vegbrooke,haggling_multi_item,exact-payoff (backbone-invariant),1004,map_type_greedy,11,0.0,0.1291208791208791,7,7,1.1813186813186813,1.1813186813186813,0.41174424390032827,1|1,2,4,8,16
haggling_multi_item/vegbrooke,Multi-item: vegbrooke,haggling_multi_item,exact-payoff (backbone-invariant),1004,map_type_greedy,12,0.0,0.1291208791208791,7,7,1.1813186813186813,1.1813186813186813,0.41174424390032827,1|1,2,4,8,16
haggling_multi_item/vegbrooke,Multi-item: vegbrooke,haggling_multi_item,exact-payoff (backbone-invariant),1004,map_type_greedy,13,0.0,0.1291208791208791,7,7,1.1813186813186813,1.1813186813186813,0.41174424390032827,1|1,2,4,8,16
haggling_multi_item/vegbrooke,Multi-item: vegbrooke,haggling_multi_item,exact-payoff (backbone-invariant),1004,map_type_greedy,14,0.0,0.1291208791208791,7,7,1.1813186813186813,1.1813186813186813,0.41174424390032827,1|1,2,4,8,16
haggling_multi_item/vegbrooke,Multi-item: vegbrooke,haggling_multi_item,exact-payoff (backbone-invariant),1004,map_type_greedy,15,0.0,0.1291208791208791,7,7,1.1813186813186813,1.1813186813186813,0.41174424390032827,1|1,2,4,8,16
haggling_multi_item/vegbrooke,Multi-item: vegbrooke,haggling_multi_item,exact-payoff (backbone-invariant),1004,map_type_greedy,16,0.0,0.1291208791208791,7,7,1.1813186813186813,1.1813186813186813,0.41174424390032827,1|1,2,4,8,16
haggling_multi_item/vegbrooke,Multi-item: vegbrooke,haggling_multi_item,exact-payoff (backbone-invariant),1004,map_type_greedy,17,0.0,0.1291208791208791,7,7,1.1813186813186813,1.1813186813186813,0.41174424390032827,1|1,2,4,8,16
haggling_multi_item/vegbrooke,Multi-item: vegbrooke,haggling_multi_item,exact-payoff (backbone-invariant),1004,map_type_greedy,18,0.0,0.1291208791208791,7,7,1.1813186813186813,1.1813186813186813,0.41174424390032827,1|1,2,4,8,16
haggling_multi_item/vegbrooke,Multi-item: vegbrooke,haggling_multi_item,exact-payoff (backbone-invariant),1004,map_type_greedy,19,0.0,0.1291208791208791,7,7,1.1813186813186813,1.1813186813186813,0.41174424390032827,1|1,2,4,8,16
haggling_multi_item/vegbrooke,Multi-item: vegbrooke,haggling_multi_item,exact-payoff (backbone-invariant),1004,map_type_greedy,20,0.0,0.1291208791208791,7,7,1.1813186813186813,1.1813186813186813,0.41174424390032827,1|1,2,4,8,16
haggling_multi_item/vegbrooke,Multi-item: vegbrooke,haggling_multi_item,exact-payoff (backbone-invariant),1004,econ_bne,1,0.10164835164835151,0.10164835164835151,5,7,1.0796703296703298,1.1813186813186813,0.0625,1|1,2,4,8,16
haggling_multi_item/vegbrooke,Multi-item: vegbrooke,haggling_multi_item,exact-payoff (backbone-invariant),1004,econ_bne,2,0.10164835164835151,0.20329670329670302,5,7,1.0796703296703298,1.1813186813186813,0.0625,1|1,2,4,8,16
haggling_multi_item/vegbrooke,Multi-item: vegbrooke,haggling_multi_item,exact-payoff (backbone-invariant),1004,econ_bne,3,0.10164835164835151,0.30494505494505453,5,7,1.0796703296703298,1.1813186813186813,0.0625,1|1,2,4,8,16
haggling_multi_item/vegbrooke,Multi-item: vegbrooke,haggling_multi_item,exact-payoff (backbone-invariant),1004,econ_bne,4,0.10164835164835151,0.40659340659340604,5,7,1.0796703296703298,1.1813186813186813,0.0625,1|1,2,4,8,16
haggling_multi_item/vegbrooke,Multi-item: vegbrooke,haggling_multi_item,exact-payoff (backbone-invariant),1004,econ_bne,5,0.10164835164835151,0.5082417582417575,5,7,1.0796703296703298,1.1813186813186813,0.0625,1|1,2,4,8,16
haggling_multi_item/vegbrooke,Multi-item: vegbrooke,haggling_multi_item,exact-payoff (backbone-invariant),1004,econ_bne,6,0.10164835164835151,0.6098901098901091,5,7,1.0796703296703298,1.1813186813186813,0.0625,1|1,2,4,8,16
haggling_multi_item/vegbrooke,Multi-item: vegbrooke,haggling_multi_item,exact-payoff (backbone-invariant),1004,econ_bne,7,0.10164835164835151,0.7115384615384606,5,7,1.0796703296703298,1.1813186813186813,0.0625,1|1,2,4,8,16
haggling_multi_item/vegbrooke,Multi-item: vegbrooke,haggling_multi_item,exact-payoff (backbone-invariant),1004,econ_bne,8,0.10164835164835151,0.8131868131868121,5,7,1.0796703296703298,1.1813186813186813,0.0625,1|1,2,4,8,16
haggling_multi_item/vegbrooke,Multi-item: vegbrooke,haggling_multi_item,exact-payoff (backbone-invariant),1004,econ_bne,9,0.10164835164835151,0.9148351648351636,5,7,1.0796703296703298,1.1813186813186813,0.0625,1|1,2,4,8,16
haggling_multi_item/vegbrooke,Multi-item: vegbrooke,haggling_multi_item,exact-payoff (backbone-invariant),1004,econ_bne,10,0.10164835164835151,1.016483516483515,5,7,1.0796703296703298,1.1813186813186813,0.0625,1|1,2,4,8,16
haggling_multi_item/vegbrooke,Multi-item: vegbrooke,haggling_multi_item,exact-payoff (backbone-invariant),1004,econ_bne,11,0.10164835164835151,1.1181318681318666,5,7,1.0796703296703298,1.1813186813186813,0.0625,1|1,2,4,8,16
haggling_multi_item/vegbrooke,Multi-item: vegbrooke,haggling_multi_item,exact-payoff (backbone-invariant),1004,econ_bne,12,0.10164835164835151,1.2197802197802181,5,7,1.0796703296703298,1.1813186813186813,0.0625,1|1,2,4,8,16
haggling_multi_item/vegbrooke,Multi-item: vegbrooke,haggling_multi_item,exact-payoff (backbone-invariant),1004,econ_bne,13,0.10164835164835151,1.3214285714285696,5,7,1.0796703296703298,1.1813186813186813,0.0625,1|1,2,4,8,16
haggling_multi_item/vegbrooke,Multi-item: vegbrooke,haggling_multi_item,exact-payoff (backbone-invariant),1004,econ_bne,14,0.10164835164835151,1.4230769230769211,5,7,1.0796703296703298,1.1813186813186813,0.0625,1|1,2,4,8,16
haggling_multi_item/vegbrooke,Multi-item: vegbrooke,haggling_multi_item,exact-payoff (backbone-invariant),1004,econ_bne,15,0.10164835164835151,1.5247252747252726,5,7,1.0796703296703298,1.1813186813186813,0.0625,1|1,2,4,8,16
haggling_multi_item/vegbrooke,Multi-item: vegbrooke,haggling_multi_item,exact-payoff (backbone-invariant),1004,econ_bne,16,0.10164835164835151,1.6263736263736241,5,7,1.0796703296703298,1.1813186813186813,0.0625,1|1,2,4,8,16
haggling_multi_item/vegbrooke,Multi-item: vegbrooke,haggling_multi_item,exact-payoff (backbone-invariant),1004,econ_bne,17,0.10164835164835151,1.7280219780219757,5,7,1.0796703296703298,1.1813186813186813,0.0625,1|1,2,4,8,16
haggling_multi_item/vegbrooke,Multi-item: vegbrooke,haggling_multi_item,exact-payoff (backbone-invariant),1004,econ_bne,18,0.10164835164835151,1.8296703296703272,5,7,1.0796703296703298,1.1813186813186813,0.0625,1|1,2,4,8,16
haggling_multi_item/vegbrooke,Multi-item: vegbrooke,haggling_multi_item,exact-payoff (backbone-invariant),1004,econ_bne,19,0.10164835164835151,1.9313186813186787,5,7,1.0796703296703298,1.1813186813186813,0.0625,1|1,2,4,8,16
haggling_multi_item/vegbrooke,Multi-item: vegbrooke,haggling_multi_item,exact-payoff (backbone-invariant),1004,econ_bne,20,0.10164835164835151,2.03296703296703,5,7,1.0796703296703298,1.1813186813186813,0.0625,1|1,2,4,8,16
haggling_multi_item/vegbrooke,Multi-item: vegbrooke,haggling_multi_item,exact-payoff (backbone-invariant),1004,atom_tom1,1,0.20329670329670324,0.20329670329670324,3,7,0.9780219780219781,1.1813186813186813,0.0625,1|1,2,4,8,16
haggling_multi_item/vegbrooke,Multi-item: vegbrooke,haggling_multi_item,exact-payoff (backbone-invariant),1004,atom_tom1,2,0.20329670329670324,0.4065934065934065,3,7,0.9780219780219781,1.1813186813186813,0.0625,1|1,2,4,8,16
haggling_multi_item/vegbrooke,Multi-item: vegbrooke,haggling_multi_item,exact-payoff (backbone-invariant),1004,atom_tom1,3,0.20329670329670324,0.6098901098901097,3,7,0.9780219780219781,1.1813186813186813,0.0625,1|1,2,4,8,16
haggling_multi_item/vegbrooke,Multi-item: vegbrooke,haggling_multi_item,exact-payoff (backbone-invariant),1004,atom_tom1,4,0.20329670329670324,0.813186813186813,3,7,0.9780219780219781,1.1813186813186813,0.0625,1|1,2,4,8,16
haggling_multi_item/vegbrooke,Multi-item: vegbrooke,haggling_multi_item,exact-payoff (backbone-invariant),1004,atom_tom1,5,0.20329670329670324,1.0164835164835162,3,7,0.9780219780219781,1.1813186813186813,0.0625,1|1,2,4,8,16
haggling_multi_item/vegbrooke,Multi-item: vegbrooke,haggling_multi_item,exact-payoff (backbone-invariant),1004,atom_tom1,6,0.20329670329670324,1.2197802197802194,3,7,0.9780219780219781,1.1813186813186813,0.0625,1|1,2,4,8,16
haggling_multi_item/vegbrooke,Multi-item: vegbrooke,haggling_multi_item,exact-payoff (backbone-invariant),1004,atom_tom1,7,0.20329670329670324,1.4230769230769227,3,7,0.9780219780219781,1.1813186813186813,0.0625,1|1,2,4,8,16
haggling_multi_item/vegbrooke,Multi-item: vegbrooke,haggling_multi_item,exact-payoff (backbone-invariant),1004,atom_tom1,8,0.20329670329670324,1.626373626373626,3,7,0.9780219780219781,1.1813186813186813,0.0625,1|1,2,4,8,16
haggling_multi_item/vegbrooke,Multi-item: vegbrooke,haggling_multi_item,exact-payoff (backbone-invariant),1004,atom_tom1,9,0.20329670329670324,1.8296703296703292,3,7,0.9780219780219781,1.1813186813186813,0.0625,1|1,2,4,8,16
haggling_multi_item/vegbrooke,Multi-item: vegbrooke,haggling_multi_item,exact-payoff (backbone-invariant),1004,atom_tom1,10,0.20329670329670324,2.0329670329670324,3,7,0.9780219780219781,1.1813186813186813,0.0625,1|1,2,4,8,16
haggling_multi_item/vegbrooke,Multi-item: vegbrooke,haggling_multi_item,exact-payoff (backbone-invariant),1004,atom_tom1,11,0.20329670329670324,2.2362637362637354,3,7,0.9780219780219781,1.1813186813186813,0.0625,1|1,2,4,8,16
haggling_multi_item/vegbrooke,Multi-item: vegbrooke,haggling_multi_item,exact-payoff (backbone-invariant),1004,atom_tom1,12,0.20329670329670324,2.439560439560439,3,7,0.9780219780219781,1.1813186813186813,0.0625,1|1,2,4,8,16
haggling_multi_item/vegbrooke,Multi-item: vegbrooke,haggling_multi_item,exact-payoff (backbone-invariant),1004,atom_tom1,13,0.20329670329670324,2.6428571428571423,3,7,0.9780219780219781,1.1813186813186813,0.0625,1|1,2,4,8,16
haggling_multi_item/vegbrooke,Multi-item: vegbrooke,haggling_multi_item,exact-payoff (backbone-invariant),1004,atom_tom1,14,0.20329670329670324,2.846153846153846,3,7,0.9780219780219781,1.1813186813186813,0.0625,1|1,2,4,8,16
haggling_multi_item/vegbrooke,Multi-item: vegbrooke,haggling_multi_item,exact-payoff (backbone-invariant),1004,atom_tom1,15,0.20329670329670324,3.0494505494505493,3,7,0.9780219780219781,1.1813186813186813,0.0625,1|1,2,4,8,16
haggling_multi_item/vegbrooke,Multi-item: vegbrooke,haggling_multi_item,exact-payoff (backbone-invariant),1004,atom_tom1,16,0.20329670329670324,3.2527472527472527,3,7,0.9780219780219781,1.1813186813186813,0.0625,1|1,2,4,8,16
haggling_multi_item/vegbrooke,Multi-item: vegbrooke,haggling_multi_item,exact-payoff (backbone-invariant),1004,atom_tom1,17,0.20329670329670324,3.456043956043956,3,7,0.9780219780219781,1.1813186813186813,0.0625,1|1,2,4,8,16
haggling_multi_item/vegbrooke,Multi-item: vegbrooke,haggling_multi_item,exact-payoff (backbone-invariant),1004,atom_tom1,18,0.20329670329670324,3.6593406593406597,3,7,0.9780219780219781,1.1813186813186813,0.0625,1|1,2,4,8,16
haggling_multi_item/vegbrooke,Multi-item: vegbrooke,haggling_multi_item,exact-payoff (backbone-invariant),1004,atom_tom1,19,0.20329670329670324,3.862637362637363,3,7,0.9780219780219781,1.1813186813186813,0.0625,1|1,2,4,8,16
haggling_multi_item/vegbrooke,Multi-item: vegbrooke,haggling_multi_item,exact-payoff (backbone-invariant),1004,atom_tom1,20,0.20329670329670324,4.065934065934067,3,7,0.9780219780219781,1.1813186813186813,0.0625,1|1,2,4,8,16
haggling_multi_item/vegbrooke,Multi-item: vegbrooke,haggling_multi_item,exact-payoff (backbone-invariant),1004,random,1,0.21703296703296693,0.21703296703296693,29,7,0.9642857142857144,1.1813186813186813,0.0625,1|1,2,4,8,16
haggling_multi_item/vegbrooke,Multi-item: vegbrooke,haggling_multi_item,exact-payoff (backbone-invariant),1004,random,2,0.32760989010989006,0.544642857142857,23,7,0.8537087912087913,1.1813186813186813,0.0625,1|1,2,4,8,16
haggling_multi_item/vegbrooke,Multi-item: vegbrooke,haggling_multi_item,exact-payoff (backbone-invariant),1004,random,3,0.6648351648351648,1.209478021978022,4,7,0.5164835164835165,1.1813186813186813,0.0625,1|1,2,4,8,16
haggling_multi_item/vegbrooke,Multi-item: vegbrooke,haggling_multi_item,exact-payoff (backbone-invariant),1004,random,4,0.6648351648351648,1.8743131868131866,32,7,0.5164835164835165,1.1813186813186813,0.0625,1|1,2,4,8,16
haggling_multi_item/vegbrooke,Multi-item: vegbrooke,haggling_multi_item,exact-payoff (backbone-invariant),1004,random,5,0.32760989010989006,2.2019230769230766,35,7,0.8537087912087913,1.1813186813186813,0.0625,1|1,2,4,8,16
haggling_multi_item/vegbrooke,Multi-item: vegbrooke,haggling_multi_item,exact-payoff (backbone-invariant),1004,random,6,0.6648351648351648,2.8667582417582413,8,7,0.5164835164835165,1.1813186813186813,0.0625,1|1,2,4,8,16
haggling_multi_item/vegbrooke,Multi-item: vegbrooke,haggling_multi_item,exact-payoff (backbone-invariant),1004,random,7,0.2630494505494505,3.1298076923076916,33,7,0.9182692307692308,1.1813186813186813,0.0625,1|1,2,4,8,16
haggling_multi_item/vegbrooke,Multi-item: vegbrooke,haggling_multi_item,exact-payoff (backbone-invariant),1004,random,8,0.19848901098901095,3.3282967032967026,19,7,0.9828296703296704,1.1813186813186813,0.0625,1|1,2,4,8,16
haggling_multi_item/vegbrooke,Multi-item: vegbrooke,haggling_multi_item,exact-payoff (backbone-invariant),1004,random,9,0.19848901098901095,3.5267857142857135,19,7,0.9828296703296704,1.1813186813186813,0.0625,1|1,2,4,8,16
haggling_multi_item/vegbrooke,Multi-item: vegbrooke,haggling_multi_item,exact-payoff (backbone-invariant),1004,random,10,0.6648351648351648,4.191620879120879,28,7,0.5164835164835165,1.1813186813186813,0.0625,1|1,2,4,8,16
haggling_multi_item/vegbrooke,Multi-item: vegbrooke,haggling_multi_item,exact-payoff (backbone-invariant),1004,random,11,0.6648351648351648,4.856456043956044,6,7,0.5164835164835165,1.1813186813186813,0.0625,1|1,2,4,8,16
haggling_multi_item/vegbrooke,Multi-item: vegbrooke,haggling_multi_item,exact-payoff (backbone-invariant),1004,random,12,0.6648351648351648,5.521291208791209,14,7,0.5164835164835165,1.1813186813186813,0.0625,1|1,2,4,8,16
haggling_multi_item/vegbrooke,Multi-item: vegbrooke,haggling_multi_item,exact-payoff (backbone-invariant),1004,random,13,0.6648351648351648,6.186126373626374,8,7,0.5164835164835165,1.1813186813186813,0.0625,1|1,2,4,8,16
haggling_multi_item/vegbrooke,Multi-item: vegbrooke,haggling_multi_item,exact-payoff (backbone-invariant),1004,random,14,0.6648351648351648,6.850961538461539,14,7,0.5164835164835165,1.1813186813186813,0.0625,1|1,2,4,8,16
haggling_multi_item/vegbrooke,Multi-item: vegbrooke,haggling_multi_item,exact-payoff (backbone-invariant),1004,random,15,0.2630494505494505,7.11401098901099,21,7,0.9182692307692308,1.1813186813186813,0.0625,1|1,2,4,8,16
haggling_multi_item/vegbrooke,Multi-item: vegbrooke,haggling_multi_item,exact-payoff (backbone-invariant),1004,random,16,0.31868131868131866,7.432692307692308,15,7,0.8626373626373627,1.1813186813186813,0.0625,1|1,2,4,8,16
haggling_multi_item/vegbrooke,Multi-item: vegbrooke,haggling_multi_item,exact-payoff (backbone-invariant),1004,random,17,0.6648351648351648,8.097527472527473,12,7,0.5164835164835165,1.1813186813186813,0.0625,1|1,2,4,8,16
haggling_multi_item/vegbrooke,Multi-item: vegbrooke,haggling_multi_item,exact-payoff (backbone-invariant),1004,random,18,0.2630494505494505,8.360576923076923,21,7,0.9182692307692308,1.1813186813186813,0.0625,1|1,2,4,8,16
haggling_multi_item/vegbrooke,Multi-item: vegbrooke,haggling_multi_item,exact-payoff (backbone-invariant),1004,random,19,0.6648351648351648,9.025412087912088,34,7,0.5164835164835165,1.1813186813186813,0.0625,1|1,2,4,8,16
haggling_multi_item/vegbrooke,Multi-item: vegbrooke,haggling_multi_item,exact-payoff (backbone-invariant),1004,random,20,0.6648351648351648,9.690247252747252,34,7,0.5164835164835165,1.1813186813186813,0.0625,1|1,2,4,8,16
haggling_multi_item/fruitville_multi,Multi-item: fruitville,haggling_multi_item,exact-payoff (backbone-invariant),1004,pact,1,0.0,0.0,29,29,1.1923076923076923,1.1923076923076923,0.2627981088322818,1|1,2,4,8,16
haggling_multi_item/fruitville_multi,Multi-item: fruitville,haggling_multi_item,exact-payoff (backbone-invariant),1004,pact,2,0.15384615384615374,0.15384615384615374,25,29,1.0384615384615385,1.1923076923076923,0.4399062566708804,1|1,2,4,8,16
haggling_multi_item/fruitville_multi,Multi-item: fruitville,haggling_multi_item,exact-payoff (backbone-invariant),1004,pact,3,0.0,0.15384615384615374,29,29,1.1923076923076923,1.1923076923076923,0.4446269261824155,1|1,2,4,8,16
haggling_multi_item/fruitville_multi,Multi-item: fruitville,haggling_multi_item,exact-payoff (backbone-invariant),1004,pact,4,0.15384615384615374,0.3076923076923075,35,29,1.0384615384615385,1.1923076923076923,0.7928874670884007,1|1,2,4,8,16
haggling_multi_item/fruitville_multi,Multi-item: fruitville,haggling_multi_item,exact-payoff (backbone-invariant),1004,pact,5,0.15384615384615374,0.46153846153846123,35,29,1.0384615384615385,1.1923076923076923,0.8892585987811261,1|1,2,4,8,16
haggling_multi_item/fruitville_multi,Multi-item: fruitville,haggling_multi_item,exact-payoff (backbone-invariant),1004,pact,6,0.0,0.46153846153846123,29,29,1.1923076923076923,1.1923076923076923,0.8936232007356275,1|1,2,4,8,16
haggling_multi_item/fruitville_multi,Multi-item: fruitville,haggling_multi_item,exact-payoff (backbone-invariant),1004,pact,7,0.0,0.46153846153846123,29,29,1.1923076923076923,1.1923076923076923,0.8977496334432524,1|1,2,4,8,16
haggling_multi_item/fruitville_multi,Multi-item: fruitville,haggling_multi_item,exact-payoff (backbone-invariant),1004,pact,8,0.0,0.46153846153846123,29,29,1.1923076923076923,1.1923076923076923,0.9016542808576706,1|1,2,4,8,16
haggling_multi_item/fruitville_multi,Multi-item: fruitville,haggling_multi_item,exact-payoff (backbone-invariant),1004,pact,9,0.0,0.46153846153846123,29,29,1.1923076923076923,1.1923076923076923,0.9053522837303158,1|1,2,4,8,16
haggling_multi_item/fruitville_multi,Multi-item: fruitville,haggling_multi_item,exact-payoff (backbone-invariant),1004,pact,10,0.0,0.46153846153846123,29,29,1.1923076923076923,1.1923076923076923,0.9088576374061372,1|1,2,4,8,16
haggling_multi_item/fruitville_multi,Multi-item: fruitville,haggling_multi_item,exact-payoff (backbone-invariant),1004,pact,11,0.0,0.46153846153846123,29,29,1.1923076923076923,1.1923076923076923,0.9121832798787406,1|1,2,4,8,16
haggling_multi_item/fruitville_multi,Multi-item: fruitville,haggling_multi_item,exact-payoff (backbone-invariant),1004,pact,12,0.0,0.46153846153846123,29,29,1.1923076923076923,1.1923076923076923,0.9153411719465457,1|1,2,4,8,16
haggling_multi_item/fruitville_multi,Multi-item: fruitville,haggling_multi_item,exact-payoff (backbone-invariant),1004,pact,13,0.0,0.46153846153846123,29,29,1.1923076923076923,1.1923076923076923,0.9183423707974272,1|1,2,4,8,16
haggling_multi_item/fruitville_multi,Multi-item: fruitville,haggling_multi_item,exact-payoff (backbone-invariant),1004,pact,14,0.0,0.46153846153846123,29,29,1.1923076923076923,1.1923076923076923,0.9211970979771935,1|1,2,4,8,16
haggling_multi_item/fruitville_multi,Multi-item: fruitville,haggling_multi_item,exact-payoff (backbone-invariant),1004,pact,15,0.0,0.46153846153846123,29,29,1.1923076923076923,1.1923076923076923,0.9239148024325625,1|1,2,4,8,16
haggling_multi_item/fruitville_multi,Multi-item: fruitville,haggling_multi_item,exact-payoff (backbone-invariant),1004,pact,16,0.0,0.46153846153846123,29,29,1.1923076923076923,1.1923076923076923,0.9265042191343984,1|1,2,4,8,16
haggling_multi_item/fruitville_multi,Multi-item: fruitville,haggling_multi_item,exact-payoff (backbone-invariant),1004,pact,17,0.0,0.46153846153846123,29,29,1.1923076923076923,1.1923076923076923,0.9289734236603676,1|1,2,4,8,16
haggling_multi_item/fruitville_multi,Multi-item: fruitville,haggling_multi_item,exact-payoff (backbone-invariant),1004,pact,18,0.0,0.46153846153846123,29,29,1.1923076923076923,1.1923076923076923,0.9313298830313212,1|1,2,4,8,16
haggling_multi_item/fruitville_multi,Multi-item: fruitville,haggling_multi_item,exact-payoff (backbone-invariant),1004,pact,19,0.0,0.46153846153846123,29,29,1.1923076923076923,1.1923076923076923,0.9335805030402342,1|1,2,4,8,16
haggling_multi_item/fruitville_multi,Multi-item: fruitville,haggling_multi_item,exact-payoff (backbone-invariant),1004,pact,20,0.0,0.46153846153846123,29,29,1.1923076923076923,1.1923076923076923,0.935731672277191,1|1,2,4,8,16
haggling_multi_item/fruitville_multi,Multi-item: fruitville,haggling_multi_item,exact-payoff (backbone-invariant),1004,pact_plus,1,0.0,0.0,29,29,1.1923076923076923,1.1923076923076923,0.2627981088322818,1|1,2,4,8,16
haggling_multi_item/fruitville_multi,Multi-item: fruitville,haggling_multi_item,exact-payoff (backbone-invariant),1004,pact_plus,2,0.15384615384615374,0.15384615384615374,35,29,1.0384615384615385,1.1923076923076923,0.4626279855129461,1|1,2,4,8,16
haggling_multi_item/fruitville_multi,Multi-item: fruitville,haggling_multi_item,exact-payoff (backbone-invariant),1004,pact_plus,3,0.15384615384615374,0.3076923076923075,25,29,1.0384615384615385,1.1923076923076923,0.7870754170911409,1|1,2,4,8,16
haggling_multi_item/fruitville_multi,Multi-item: fruitville,haggling_multi_item,exact-payoff (backbone-invariant),1004,pact_plus,4,0.0,0.3076923076923075,31,29,1.1923076923076923,1.1923076923076923,0.7931022318548369,1|1,2,4,8,16
haggling_multi_item/fruitville_multi,Multi-item: fruitville,haggling_multi_item,exact-payoff (backbone-invariant),1004,pact_plus,5,0.0,0.3076923076923075,29,29,1.1923076923076923,1.1923076923076923,0.7988699880889258,1|1,2,4,8,16
haggling_multi_item/fruitville_multi,Multi-item: fruitville,haggling_multi_item,exact-payoff (backbone-invariant),1004,pact_plus,6,0.0,0.3076923076923075,31,29,1.1923076923076923,1.1923076923076923,0.8045919984807288,1|1,2,4,8,16
haggling_multi_item/fruitville_multi,Multi-item: fruitville,haggling_multi_item,exact-payoff (backbone-invariant),1004,pact_plus,7,0.0,0.3076923076923075,29,29,1.1923076923076923,1.1923076923076923,0.8100690471778988,1|1,2,4,8,16
haggling_multi_item/fruitville_multi,Multi-item: fruitville,haggling_multi_item,exact-payoff (backbone-invariant),1004,pact_plus,8,0.0,0.3076923076923075,31,29,1.1923076923076923,1.1923076923076923,0.8154980312037778,1|1,2,4,8,16
haggling_multi_item/fruitville_multi,Multi-item: fruitville,haggling_multi_item,exact-payoff (backbone-invariant),1004,pact_plus,9,0.0,0.3076923076923075,29,29,1.1923076923076923,1.1923076923076923,0.8206954869614209,1|1,2,4,8,16
haggling_multi_item/fruitville_multi,Multi-item: fruitville,haggling_multi_item,exact-payoff (backbone-invariant),1004,pact_plus,10,0.0,0.3076923076923075,31,29,1.1923076923076923,1.1923076923076923,0.8258431690396217,1|1,2,4,8,16
haggling_multi_item/fruitville_multi,Multi-item: fruitville,haggling_multi_item,exact-payoff (backbone-invariant),1004,pact_plus,11,0.0,0.3076923076923075,29,29,1.1923076923076923,1.1923076923076923,0.8307721330369747,1|1,2,4,8,16
haggling_multi_item/fruitville_multi,Multi-item: fruitville,haggling_multi_item,exact-payoff (backbone-invariant),1004,pact_plus,12,0.0,0.3076923076923075,29,29,1.1923076923076923,1.1923076923076923,0.8354949897381134,1|1,2,4,8,16
haggling_multi_item/fruitville_multi,Multi-item: fruitville,haggling_multi_item,exact-payoff (backbone-invariant),1004,pact_plus,13,0.0,0.3076923076923075,31,29,1.1923076923076923,1.1923076923076923,0.8403216504478319,1|1,2,4,8,16
haggling_multi_item/fruitville_multi,Multi-item: fruitville,haggling_multi_item,exact-payoff (backbone-invariant),1004,pact_plus,14,0.0,0.3076923076923075,31,29,1.1923076923076923,1.1923076923076923,0.8449414779634272,1|1,2,4,8,16
haggling_multi_item/fruitville_multi,Multi-item: fruitville,haggling_multi_item,exact-payoff (backbone-invariant),1004,pact_plus,15,0.0,0.3076923076923075,29,29,1.1923076923076923,1.1923076923076923,0.8493664571915105,1|1,2,4,8,16
haggling_multi_item/fruitville_multi,Multi-item: fruitville,haggling_multi_item,exact-payoff (backbone-invariant),1004,pact_plus,16,0.0,0.3076923076923075,31,29,1.1923076923076923,1.1923076923076923,0.853739422754275,1|1,2,4,8,16
haggling_multi_item/fruitville_multi,Multi-item: fruitville,haggling_multi_item,exact-payoff (backbone-invariant),1004,pact_plus,17,0.0,0.3076923076923075,29,29,1.1923076923076923,1.1923076923076923,0.8579286451428324,1|1,2,4,8,16
haggling_multi_item/fruitville_multi,Multi-item: fruitville,haggling_multi_item,exact-payoff (backbone-invariant),1004,pact_plus,18,0.0,0.3076923076923075,31,29,1.1923076923076923,1.1923076923076923,0.8620658603742015,1|1,2,4,8,16
haggling_multi_item/fruitville_multi,Multi-item: fruitville,haggling_multi_item,exact-payoff (backbone-invariant),1004,pact_plus,19,0.0,0.3076923076923075,29,29,1.1923076923076923,1.1923076923076923,0.8660299087779535,1|1,2,4,8,16
haggling_multi_item/fruitville_multi,Multi-item: fruitville,haggling_multi_item,exact-payoff (backbone-invariant),1004,pact_plus,20,0.0,0.3076923076923075,31,29,1.1923076923076923,1.1923076923076923,0.8699422471149401,1|1,2,4,8,16
haggling_multi_item/fruitville_multi,Multi-item: fruitville,haggling_multi_item,exact-payoff (backbone-invariant),1004,joint_psrl_uniform,1,0.0,0.0,31,29,1.1923076923076923,1.1923076923076923,0.06905952194568947,1|1,2,4,8,16
haggling_multi_item/fruitville_multi,Multi-item: fruitville,haggling_multi_item,exact-payoff (backbone-invariant),1004,joint_psrl_uniform,2,0.15384615384615374,0.15384615384615374,25,29,1.0384615384615385,1.1923076923076923,0.21013346140455663,1|1,2,4,8,16
haggling_multi_item/fruitville_multi,Multi-item: fruitville,haggling_multi_item,exact-payoff (backbone-invariant),1004,joint_psrl_uniform,3,0.0,0.15384615384615374,29,29,1.1923076923076923,1.1923076923076923,0.21443815064239408,1|1,2,4,8,16
haggling_multi_item/fruitville_multi,Multi-item: fruitville,haggling_multi_item,exact-payoff (backbone-invariant),1004,joint_psrl_uniform,4,0.0,0.15384615384615374,29,29,1.1923076923076923,1.1923076923076923,0.218692710150106,1|1,2,4,8,16
haggling_multi_item/fruitville_multi,Multi-item: fruitville,haggling_multi_item,exact-payoff (backbone-invariant),1004,joint_psrl_uniform,5,0.0,0.15384615384615374,31,29,1.1923076923076923,1.1923076923076923,0.2436410721027917,1|1,2,4,8,16
haggling_multi_item/fruitville_multi,Multi-item: fruitville,haggling_multi_item,exact-payoff (backbone-invariant),1004,joint_psrl_uniform,6,0.0,0.15384615384615374,31,29,1.1923076923076923,1.1923076923076923,0.26844324300999195,1|1,2,4,8,16
haggling_multi_item/fruitville_multi,Multi-item: fruitville,haggling_multi_item,exact-payoff (backbone-invariant),1004,joint_psrl_uniform,7,0.0,0.15384615384615374,29,29,1.1923076923076923,1.1923076923076923,0.27346198736520555,1|1,2,4,8,16
haggling_multi_item/fruitville_multi,Multi-item: fruitville,haggling_multi_item,exact-payoff (backbone-invariant),1004,joint_psrl_uniform,8,0.0,0.15384615384615374,29,29,1.1923076923076923,1.1923076923076923,0.27840543410573565,1|1,2,4,8,16
haggling_multi_item/fruitville_multi,Multi-item: fruitville,haggling_multi_item,exact-payoff (backbone-invariant),1004,joint_psrl_uniform,9,0.0,0.15384615384615374,29,29,1.1923076923076923,1.1923076923076923,0.2832760119662804,1|1,2,4,8,16
haggling_multi_item/fruitville_multi,Multi-item: fruitville,haggling_multi_item,exact-payoff (backbone-invariant),1004,joint_psrl_uniform,10,0.0,0.15384615384615374,29,29,1.1923076923076923,1.1923076923076923,0.2880758938004503,1|1,2,4,8,16
haggling_multi_item/fruitville_multi,Multi-item: fruitville,haggling_multi_item,exact-payoff (backbone-invariant),1004,joint_psrl_uniform,11,0.0,0.15384615384615374,31,29,1.1923076923076923,1.1923076923076923,0.31389517316179694,1|1,2,4,8,16
haggling_multi_item/fruitville_multi,Multi-item: fruitville,haggling_multi_item,exact-payoff (backbone-invariant),1004,joint_psrl_uniform,12,0.0,0.15384615384615374,31,29,1.1923076923076923,1.1923076923076923,0.33901214089157866,1|1,2,4,8,16
haggling_multi_item/fruitville_multi,Multi-item: fruitville,haggling_multi_item,exact-payoff (backbone-invariant),1004,joint_psrl_uniform,13,0.0,0.15384615384615374,31,29,1.1923076923076923,1.1923076923076923,0.36327917507058405,1|1,2,4,8,16
haggling_multi_item/fruitville_multi,Multi-item: fruitville,haggling_multi_item,exact-payoff (backbone-invariant),1004,joint_psrl_uniform,14,0.0,0.15384615384615374,29,29,1.1923076923076923,1.1923076923076923,0.3689121240404489,1|1,2,4,8,16
haggling_multi_item/fruitville_multi,Multi-item: fruitville,haggling_multi_item,exact-payoff (backbone-invariant),1004,joint_psrl_uniform,15,0.0,0.15384615384615374,29,29,1.1923076923076923,1.1923076923076923,0.3744382391517999,1|1,2,4,8,16
haggling_multi_item/fruitville_multi,Multi-item: fruitville,haggling_multi_item,exact-payoff (backbone-invariant),1004,joint_psrl_uniform,16,0.0,0.15384615384615374,31,29,1.1923076923076923,1.1923076923076923,0.3982649415989343,1|1,2,4,8,16
haggling_multi_item/fruitville_multi,Multi-item: fruitville,haggling_multi_item,exact-payoff (backbone-invariant),1004,joint_psrl_uniform,17,0.0,0.15384615384615374,29,29,1.1923076923076923,1.1923076923076923,0.4039198279101729,1|1,2,4,8,16
haggling_multi_item/fruitville_multi,Multi-item: fruitville,haggling_multi_item,exact-payoff (backbone-invariant),1004,joint_psrl_uniform,18,0.0,0.15384615384615374,29,29,1.1923076923076923,1.1923076923076923,0.4094620445284306,1|1,2,4,8,16
haggling_multi_item/fruitville_multi,Multi-item: fruitville,haggling_multi_item,exact-payoff (backbone-invariant),1004,joint_psrl_uniform,19,0.0,0.15384615384615374,29,29,1.1923076923076923,1.1923076923076923,0.4148946563341826,1|1,2,4,8,16
haggling_multi_item/fruitville_multi,Multi-item: fruitville,haggling_multi_item,exact-payoff (backbone-invariant),1004,joint_psrl_uniform,20,0.0,0.15384615384615374,31,29,1.1923076923076923,1.1923076923076923,0.4382927810662653,1|1,2,4,8,16
haggling_multi_item/fruitville_multi,Multi-item: fruitville,haggling_multi_item,exact-payoff (backbone-invariant),1004,psrl_notype,1,0.0,0.0,31,29,1.1923076923076923,1.1923076923076923,0.0625,1|1,2,4,8,16
haggling_multi_item/fruitville_multi,Multi-item: fruitville,haggling_multi_item,exact-payoff (backbone-invariant),1004,psrl_notype,2,0.15384615384615374,0.15384615384615374,25,29,1.0384615384615385,1.1923076923076923,0.0625,1|1,2,4,8,16
haggling_multi_item/fruitville_multi,Multi-item: fruitville,haggling_multi_item,exact-payoff (backbone-invariant),1004,psrl_notype,3,0.15384615384615374,0.3076923076923075,25,29,1.0384615384615385,1.1923076923076923,0.0625,1|1,2,4,8,16
haggling_multi_item/fruitville_multi,Multi-item: fruitville,haggling_multi_item,exact-payoff (backbone-invariant),1004,psrl_notype,4,0.15384615384615374,0.46153846153846123,35,29,1.0384615384615385,1.1923076923076923,0.0625,1|1,2,4,8,16
haggling_multi_item/fruitville_multi,Multi-item: fruitville,haggling_multi_item,exact-payoff (backbone-invariant),1004,psrl_notype,5,0.15384615384615374,0.615384615384615,25,29,1.0384615384615385,1.1923076923076923,0.0625,1|1,2,4,8,16
haggling_multi_item/fruitville_multi,Multi-item: fruitville,haggling_multi_item,exact-payoff (backbone-invariant),1004,psrl_notype,6,0.15384615384615374,0.7692307692307687,25,29,1.0384615384615385,1.1923076923076923,0.0625,1|1,2,4,8,16
haggling_multi_item/fruitville_multi,Multi-item: fruitville,haggling_multi_item,exact-payoff (backbone-invariant),1004,psrl_notype,7,0.15384615384615374,0.9230769230769225,25,29,1.0384615384615385,1.1923076923076923,0.0625,1|1,2,4,8,16
haggling_multi_item/fruitville_multi,Multi-item: fruitville,haggling_multi_item,exact-payoff (backbone-invariant),1004,psrl_notype,8,0.0,0.9230769230769225,29,29,1.1923076923076923,1.1923076923076923,0.0625,1|1,2,4,8,16
haggling_multi_item/fruitville_multi,Multi-item: fruitville,haggling_multi_item,exact-payoff (backbone-invariant),1004,psrl_notype,9,0.0,0.9230769230769225,29,29,1.1923076923076923,1.1923076923076923,0.0625,1|1,2,4,8,16
haggling_multi_item/fruitville_multi,Multi-item: fruitville,haggling_multi_item,exact-payoff (backbone-invariant),1004,psrl_notype,10,0.0,0.9230769230769225,29,29,1.1923076923076923,1.1923076923076923,0.0625,1|1,2,4,8,16
haggling_multi_item/fruitville_multi,Multi-item: fruitville,haggling_multi_item,exact-payoff (backbone-invariant),1004,psrl_notype,11,0.15384615384615374,1.0769230769230762,25,29,1.0384615384615385,1.1923076923076923,0.0625,1|1,2,4,8,16
haggling_multi_item/fruitville_multi,Multi-item: fruitville,haggling_multi_item,exact-payoff (backbone-invariant),1004,psrl_notype,12,0.0,1.0769230769230762,29,29,1.1923076923076923,1.1923076923076923,0.0625,1|1,2,4,8,16
haggling_multi_item/fruitville_multi,Multi-item: fruitville,haggling_multi_item,exact-payoff (backbone-invariant),1004,psrl_notype,13,0.0,1.0769230769230762,31,29,1.1923076923076923,1.1923076923076923,0.0625,1|1,2,4,8,16
haggling_multi_item/fruitville_multi,Multi-item: fruitville,haggling_multi_item,exact-payoff (backbone-invariant),1004,psrl_notype,14,0.0,1.0769230769230762,29,29,1.1923076923076923,1.1923076923076923,0.0625,1|1,2,4,8,16
haggling_multi_item/fruitville_multi,Multi-item: fruitville,haggling_multi_item,exact-payoff (backbone-invariant),1004,psrl_notype,15,0.0,1.0769230769230762,29,29,1.1923076923076923,1.1923076923076923,0.0625,1|1,2,4,8,16
haggling_multi_item/fruitville_multi,Multi-item: fruitville,haggling_multi_item,exact-payoff (backbone-invariant),1004,psrl_notype,16,0.15384615384615374,1.23076923076923,25,29,1.0384615384615385,1.1923076923076923,0.0625,1|1,2,4,8,16
haggling_multi_item/fruitville_multi,Multi-item: fruitville,haggling_multi_item,exact-payoff (backbone-invariant),1004,psrl_notype,17,0.0,1.23076923076923,31,29,1.1923076923076923,1.1923076923076923,0.0625,1|1,2,4,8,16
haggling_multi_item/fruitville_multi,Multi-item: fruitville,haggling_multi_item,exact-payoff (backbone-invariant),1004,psrl_notype,18,0.0,1.23076923076923,31,29,1.1923076923076923,1.1923076923076923,0.0625,1|1,2,4,8,16
haggling_multi_item/fruitville_multi,Multi-item: fruitville,haggling_multi_item,exact-payoff (backbone-invariant),1004,psrl_notype,19,0.0,1.23076923076923,31,29,1.1923076923076923,1.1923076923076923,0.0625,1|1,2,4,8,16
haggling_multi_item/fruitville_multi,Multi-item: fruitville,haggling_multi_item,exact-payoff (backbone-invariant),1004,psrl_notype,20,0.0,1.23076923076923,31,29,1.1923076923076923,1.1923076923076923,0.0625,1|1,2,4,8,16
haggling_multi_item/fruitville_multi,Multi-item: fruitville,haggling_multi_item,exact-payoff (backbone-invariant),1004,map_type_greedy,1,0.15384615384615374,0.15384615384615374,25,29,1.0384615384615385,1.1923076923076923,0.4351075734236528,1|1,2,4,8,16
haggling_multi_item/fruitville_multi,Multi-item: fruitville,haggling_multi_item,exact-payoff (backbone-invariant),1004,map_type_greedy,2,0.0,0.15384615384615374,29,29,1.1923076923076923,1.1923076923076923,0.43990625667088035,1|1,2,4,8,16
haggling_multi_item/fruitville_multi,Multi-item: fruitville,haggling_multi_item,exact-payoff (backbone-invariant),1004,map_type_greedy,3,0.0,0.15384615384615374,29,29,1.1923076923076923,1.1923076923076923,0.4446269261824155,1|1,2,4,8,16
haggling_multi_item/fruitville_multi,Multi-item: fruitville,haggling_multi_item,exact-payoff (backbone-invariant),1004,map_type_greedy,4,0.0,0.15384615384615374,29,29,1.1923076923076923,1.1923076923076923,0.4492731060627779,1|1,2,4,8,16
haggling_multi_item/fruitville_multi,Multi-item: fruitville,haggling_multi_item,exact-payoff (backbone-invariant),1004,map_type_greedy,5,0.0,0.15384615384615374,29,29,1.1923076923076923,1.1923076923076923,0.45384790492382965,1|1,2,4,8,16
haggling_multi_item/fruitville_multi,Multi-item: fruitville,haggling_multi_item,exact-payoff (backbone-invariant),1004,map_type_greedy,6,0.0,0.15384615384615374,29,29,1.1923076923076923,1.1923076923076923,0.4583540768522868,1|1,2,4,8,16
haggling_multi_item/fruitville_multi,Multi-item: fruitville,haggling_multi_item,exact-payoff (backbone-invariant),1004,map_type_greedy,7,0.0,0.15384615384615374,29,29,1.1923076923076923,1.1923076923076923,0.4627940717990492,1|1,2,4,8,16
haggling_multi_item/fruitville_multi,Multi-item: fruitville,haggling_multi_item,exact-payoff (backbone-invariant),1004,map_type_greedy,8,0.0,0.15384615384615374,29,29,1.1923076923076923,1.1923076923076923,0.4671700774166173,1|1,2,4,8,16
haggling_multi_item/fruitville_multi,Multi-item: fruitville,haggling_multi_item,exact-payoff (backbone-invariant),1004,map_type_greedy,9,0.0,0.15384615384615374,29,29,1.1923076923076923,1.1923076923076923,0.4714840539841977,1|1,2,4,8,16
haggling_multi_item/fruitville_multi,Multi-item: fruitville,haggling_multi_item,exact-payoff (backbone-invariant),1004,map_type_greedy,10,0.0,0.15384615384615374,29,29,1.1923076923076923,1.1923076923076923,0.4757377637409036,1|1,2,4,8,16
haggling_multi_item/fruitville_multi,Multi-item: fruitville,haggling_multi_item,exact-payoff (backbone-invariant),1004,map_type_greedy,11,0.0,0.15384615384615374,29,29,1.1923076923076923,1.1923076923076923,0.47993279568648395,1|1,2,4,8,16
haggling_multi_item/fruitville_multi,Multi-item: fruitville,haggling_multi_item,exact-payoff (backbone-invariant),1004,map_type_greedy,12,0.0,0.15384615384615374,29,29,1.1923076923076923,1.1923076923076923,0.4840705866972677,1|1,2,4,8,16
haggling_multi_item/fruitville_multi,Multi-item: fruitville,haggling_multi_item,exact-payoff (backbone-invariant),1004,map_type_greedy,13,0.0,0.15384615384615374,29,29,1.1923076923076923,1.1923076923076923,0.4881524396342819,1|1,2,4,8,16
haggling_multi_item/fruitville_multi,Multi-item: fruitville,haggling_multi_item,exact-payoff (backbone-invariant),1004,map_type_greedy,14,0.0,0.15384615384615374,29,29,1.1923076923076923,1.1923076923076923,0.4921795389835343,1|1,2,4,8,16
haggling_multi_item/fruitville_multi,Multi-item: fruitville,haggling_multi_item,exact-payoff (backbone-invariant),1004,map_type_greedy,15,0.0,0.15384615384615374,29,29,1.1923076923076923,1.1923076923076923,0.4961529644590493,1|1,2,4,8,16
haggling_multi_item/fruitville_multi,Multi-item: fruitville,haggling_multi_item,exact-payoff (backbone-invariant),1004,map_type_greedy,16,0.0,0.15384615384615374,29,29,1.1923076923076923,1.1923076923076923,0.5000737029121751,1|1,2,4,8,16
haggling_multi_item/fruitville_multi,Multi-item: fruitville,haggling_multi_item,exact-payoff (backbone-invariant),1004,map_type_greedy,17,0.0,0.15384615384615374,29,29,1.1923076923076923,1.1923076923076923,0.5039426588215816,1|1,2,4,8,16
haggling_multi_item/fruitville_multi,Multi-item: fruitville,haggling_multi_item,exact-payoff (backbone-invariant),1004,map_type_greedy,18,0.0,0.15384615384615374,29,29,1.1923076923076923,1.1923076923076923,0.5077606635836899,1|1,2,4,8,16
haggling_multi_item/fruitville_multi,Multi-item: fruitville,haggling_multi_item,exact-payoff (backbone-invariant),1004,map_type_greedy,19,0.0,0.15384615384615374,29,29,1.1923076923076923,1.1923076923076923,0.5115284837800812,1|1,2,4,8,16
haggling_multi_item/fruitville_multi,Multi-item: fruitville,haggling_multi_item,exact-payoff (backbone-invariant),1004,map_type_greedy,20,0.0,0.15384615384615374,29,29,1.1923076923076923,1.1923076923076923,0.5152468285643804,1|1,2,4,8,16
haggling_multi_item/fruitville_multi,Multi-item: fruitville,haggling_multi_item,exact-payoff (backbone-invariant),1004,econ_bne,1,0.0,0.0,29,29,1.1923076923076923,1.1923076923076923,0.0625,1|1,2,4,8,16
haggling_multi_item/fruitville_multi,Multi-item: fruitville,haggling_multi_item,exact-payoff (backbone-invariant),1004,econ_bne,2,0.0,0.0,29,29,1.1923076923076923,1.1923076923076923,0.0625,1|1,2,4,8,16
haggling_multi_item/fruitville_multi,Multi-item: fruitville,haggling_multi_item,exact-payoff (backbone-invariant),1004,econ_bne,3,0.0,0.0,29,29,1.1923076923076923,1.1923076923076923,0.0625,1|1,2,4,8,16
haggling_multi_item/fruitville_multi,Multi-item: fruitville,haggling_multi_item,exact-payoff (backbone-invariant),1004,econ_bne,4,0.0,0.0,29,29,1.1923076923076923,1.1923076923076923,0.0625,1|1,2,4,8,16
haggling_multi_item/fruitville_multi,Multi-item: fruitville,haggling_multi_item,exact-payoff (backbone-invariant),1004,econ_bne,5,0.0,0.0,29,29,1.1923076923076923,1.1923076923076923,0.0625,1|1,2,4,8,16
haggling_multi_item/fruitville_multi,Multi-item: fruitville,haggling_multi_item,exact-payoff (backbone-invariant),1004,econ_bne,6,0.0,0.0,29,29,1.1923076923076923,1.1923076923076923,0.0625,1|1,2,4,8,16
haggling_multi_item/fruitville_multi,Multi-item: fruitville,haggling_multi_item,exact-payoff (backbone-invariant),1004,econ_bne,7,0.0,0.0,29,29,1.1923076923076923,1.1923076923076923,0.0625,1|1,2,4,8,16
haggling_multi_item/fruitville_multi,Multi-item: fruitville,haggling_multi_item,exact-payoff (backbone-invariant),1004,econ_bne,8,0.0,0.0,29,29,1.1923076923076923,1.1923076923076923,0.0625,1|1,2,4,8,16
haggling_multi_item/fruitville_multi,Multi-item: fruitville,haggling_multi_item,exact-payoff (backbone-invariant),1004,econ_bne,9,0.0,0.0,29,29,1.1923076923076923,1.1923076923076923,0.0625,1|1,2,4,8,16
haggling_multi_item/fruitville_multi,Multi-item: fruitville,haggling_multi_item,exact-payoff (backbone-invariant),1004,econ_bne,10,0.0,0.0,29,29,1.1923076923076923,1.1923076923076923,0.0625,1|1,2,4,8,16
haggling_multi_item/fruitville_multi,Multi-item: fruitville,haggling_multi_item,exact-payoff (backbone-invariant),1004,econ_bne,11,0.0,0.0,29,29,1.1923076923076923,1.1923076923076923,0.0625,1|1,2,4,8,16
haggling_multi_item/fruitville_multi,Multi-item: fruitville,haggling_multi_item,exact-payoff (backbone-invariant),1004,econ_bne,12,0.0,0.0,29,29,1.1923076923076923,1.1923076923076923,0.0625,1|1,2,4,8,16
haggling_multi_item/fruitville_multi,Multi-item: fruitville,haggling_multi_item,exact-payoff (backbone-invariant),1004,econ_bne,13,0.0,0.0,29,29,1.1923076923076923,1.1923076923076923,0.0625,1|1,2,4,8,16
haggling_multi_item/fruitville_multi,Multi-item: fruitville,haggling_multi_item,exact-payoff (backbone-invariant),1004,econ_bne,14,0.0,0.0,29,29,1.1923076923076923,1.1923076923076923,0.0625,1|1,2,4,8,16
haggling_multi_item/fruitville_multi,Multi-item: fruitville,haggling_multi_item,exact-payoff (backbone-invariant),1004,econ_bne,15,0.0,0.0,29,29,1.1923076923076923,1.1923076923076923,0.0625,1|1,2,4,8,16
haggling_multi_item/fruitville_multi,Multi-item: fruitville,haggling_multi_item,exact-payoff (backbone-invariant),1004,econ_bne,16,0.0,0.0,29,29,1.1923076923076923,1.1923076923076923,0.0625,1|1,2,4,8,16
haggling_multi_item/fruitville_multi,Multi-item: fruitville,haggling_multi_item,exact-payoff (backbone-invariant),1004,econ_bne,17,0.0,0.0,29,29,1.1923076923076923,1.1923076923076923,0.0625,1|1,2,4,8,16
haggling_multi_item/fruitville_multi,Multi-item: fruitville,haggling_multi_item,exact-payoff (backbone-invariant),1004,econ_bne,18,0.0,0.0,29,29,1.1923076923076923,1.1923076923076923,0.0625,1|1,2,4,8,16
haggling_multi_item/fruitville_multi,Multi-item: fruitville,haggling_multi_item,exact-payoff (backbone-invariant),1004,econ_bne,19,0.0,0.0,29,29,1.1923076923076923,1.1923076923076923,0.0625,1|1,2,4,8,16
haggling_multi_item/fruitville_multi,Multi-item: fruitville,haggling_multi_item,exact-payoff (backbone-invariant),1004,econ_bne,20,0.0,0.0,29,29,1.1923076923076923,1.1923076923076923,0.0625,1|1,2,4,8,16
haggling_multi_item/fruitville_multi,Multi-item: fruitville,haggling_multi_item,exact-payoff (backbone-invariant),1004,atom_tom1,1,0.3846153846153846,0.3846153846153846,3,29,0.8076923076923077,1.1923076923076923,0.0625,1|1,2,4,8,16
haggling_multi_item/fruitville_multi,Multi-item: fruitville,haggling_multi_item,exact-payoff (backbone-invariant),1004,atom_tom1,2,0.3846153846153846,0.7692307692307692,3,29,0.8076923076923077,1.1923076923076923,0.0625,1|1,2,4,8,16
haggling_multi_item/fruitville_multi,Multi-item: fruitville,haggling_multi_item,exact-payoff (backbone-invariant),1004,atom_tom1,3,0.3846153846153846,1.1538461538461537,3,29,0.8076923076923077,1.1923076923076923,0.0625,1|1,2,4,8,16
haggling_multi_item/fruitville_multi,Multi-item: fruitville,haggling_multi_item,exact-payoff (backbone-invariant),1004,atom_tom1,4,0.3846153846153846,1.5384615384615383,3,29,0.8076923076923077,1.1923076923076923,0.0625,1|1,2,4,8,16
haggling_multi_item/fruitville_multi,Multi-item: fruitville,haggling_multi_item,exact-payoff (backbone-invariant),1004,atom_tom1,5,0.3846153846153846,1.923076923076923,3,29,0.8076923076923077,1.1923076923076923,0.0625,1|1,2,4,8,16
haggling_multi_item/fruitville_multi,Multi-item: fruitville,haggling_multi_item,exact-payoff (backbone-invariant),1004,atom_tom1,6,0.3846153846153846,2.3076923076923075,3,29,0.8076923076923077,1.1923076923076923,0.0625,1|1,2,4,8,16
haggling_multi_item/fruitville_multi,Multi-item: fruitville,haggling_multi_item,exact-payoff (backbone-invariant),1004,atom_tom1,7,0.3846153846153846,2.692307692307692,3,29,0.8076923076923077,1.1923076923076923,0.0625,1|1,2,4,8,16
haggling_multi_item/fruitville_multi,Multi-item: fruitville,haggling_multi_item,exact-payoff (backbone-invariant),1004,atom_tom1,8,0.3846153846153846,3.0769230769230766,3,29,0.8076923076923077,1.1923076923076923,0.0625,1|1,2,4,8,16
haggling_multi_item/fruitville_multi,Multi-item: fruitville,haggling_multi_item,exact-payoff (backbone-invariant),1004,atom_tom1,9,0.3846153846153846,3.4615384615384612,3,29,0.8076923076923077,1.1923076923076923,0.0625,1|1,2,4,8,16
haggling_multi_item/fruitville_multi,Multi-item: fruitville,haggling_multi_item,exact-payoff (backbone-invariant),1004,atom_tom1,10,0.3846153846153846,3.846153846153846,3,29,0.8076923076923077,1.1923076923076923,0.0625,1|1,2,4,8,16
haggling_multi_item/fruitville_multi,Multi-item: fruitville,haggling_multi_item,exact-payoff (backbone-invariant),1004,atom_tom1,11,0.3846153846153846,4.23076923076923,3,29,0.8076923076923077,1.1923076923076923,0.0625,1|1,2,4,8,16
haggling_multi_item/fruitville_multi,Multi-item: fruitville,haggling_multi_item,exact-payoff (backbone-invariant),1004,atom_tom1,12,0.3846153846153846,4.615384615384615,3,29,0.8076923076923077,1.1923076923076923,0.0625,1|1,2,4,8,16
haggling_multi_item/fruitville_multi,Multi-item: fruitville,haggling_multi_item,exact-payoff (backbone-invariant),1004,atom_tom1,13,0.3846153846153846,5.0,3,29,0.8076923076923077,1.1923076923076923,0.0625,1|1,2,4,8,16
haggling_multi_item/fruitville_multi,Multi-item: fruitville,haggling_multi_item,exact-payoff (backbone-invariant),1004,atom_tom1,14,0.3846153846153846,5.384615384615385,3,29,0.8076923076923077,1.1923076923076923,0.0625,1|1,2,4,8,16
haggling_multi_item/fruitville_multi,Multi-item: fruitville,haggling_multi_item,exact-payoff (backbone-invariant),1004,atom_tom1,15,0.3846153846153846,5.76923076923077,3,29,0.8076923076923077,1.1923076923076923,0.0625,1|1,2,4,8,16
haggling_multi_item/fruitville_multi,Multi-item: fruitville,haggling_multi_item,exact-payoff (backbone-invariant),1004,atom_tom1,16,0.3846153846153846,6.153846153846155,3,29,0.8076923076923077,1.1923076923076923,0.0625,1|1,2,4,8,16
haggling_multi_item/fruitville_multi,Multi-item: fruitville,haggling_multi_item,exact-payoff (backbone-invariant),1004,atom_tom1,17,0.3846153846153846,6.53846153846154,3,29,0.8076923076923077,1.1923076923076923,0.0625,1|1,2,4,8,16
haggling_multi_item/fruitville_multi,Multi-item: fruitville,haggling_multi_item,exact-payoff (backbone-invariant),1004,atom_tom1,18,0.3846153846153846,6.923076923076925,3,29,0.8076923076923077,1.1923076923076923,0.0625,1|1,2,4,8,16
haggling_multi_item/fruitville_multi,Multi-item: fruitville,haggling_multi_item,exact-payoff (backbone-invariant),1004,atom_tom1,19,0.3846153846153846,7.30769230769231,3,29,0.8076923076923077,1.1923076923076923,0.0625,1|1,2,4,8,16
haggling_multi_item/fruitville_multi,Multi-item: fruitville,haggling_multi_item,exact-payoff (backbone-invariant),1004,atom_tom1,20,0.3846153846153846,7.692307692307695,3,29,0.8076923076923077,1.1923076923076923,0.0625,1|1,2,4,8,16
haggling_multi_item/fruitville_multi,Multi-item: fruitville,haggling_multi_item,exact-payoff (backbone-invariant),1004,random,1,0.0,0.0,29,29,1.1923076923076923,1.1923076923076923,0.0625,1|1,2,4,8,16
haggling_multi_item/fruitville_multi,Multi-item: fruitville,haggling_multi_item,exact-payoff (backbone-invariant),1004,random,2,0.46153846153846145,0.46153846153846145,23,29,0.7307692307692308,1.1923076923076923,0.0625,1|1,2,4,8,16
haggling_multi_item/fruitville_multi,Multi-item: fruitville,haggling_multi_item,exact-payoff (backbone-invariant),1004,random,3,0.7307692307692307,1.192307692307692,4,29,0.46153846153846156,1.1923076923076923,0.0625,1|1,2,4,8,16
haggling_multi_item/fruitville_multi,Multi-item: fruitville,haggling_multi_item,exact-payoff (backbone-invariant),1004,random,4,0.7307692307692307,1.923076923076923,32,29,0.46153846153846156,1.1923076923076923,0.0625,1|1,2,4,8,16
haggling_multi_item/fruitville_multi,Multi-item: fruitville,haggling_multi_item,exact-payoff (backbone-invariant),1004,random,5,0.15384615384615374,2.0769230769230766,35,29,1.0384615384615385,1.1923076923076923,0.0625,1|1,2,4,8,16
haggling_multi_item/fruitville_multi,Multi-item: fruitville,haggling_multi_item,exact-payoff (backbone-invariant),1004,random,6,0.7307692307692307,2.8076923076923075,8,29,0.46153846153846156,1.1923076923076923,0.0625,1|1,2,4,8,16
haggling_multi_item/fruitville_multi,Multi-item: fruitville,haggling_multi_item,exact-payoff (backbone-invariant),1004,random,7,0.07692307692307687,2.884615384615384,33,29,1.1153846153846154,1.1923076923076923,0.0625,1|1,2,4,8,16
haggling_multi_item/fruitville_multi,Multi-item: fruitville,haggling_multi_item,exact-payoff (backbone-invariant),1004,random,8,0.3076923076923077,3.1923076923076916,19,29,0.8846153846153846,1.1923076923076923,0.0625,1|1,2,4,8,16
haggling_multi_item/fruitville_multi,Multi-item: fruitville,haggling_multi_item,exact-payoff (backbone-invariant),1004,random,9,0.3076923076923077,3.499999999999999,19,29,0.8846153846153846,1.1923076923076923,0.0625,1|1,2,4,8,16
haggling_multi_item/fruitville_multi,Multi-item: fruitville,haggling_multi_item,exact-payoff (backbone-invariant),1004,random,10,0.7307692307692307,4.23076923076923,28,29,0.46153846153846156,1.1923076923076923,0.0625,1|1,2,4,8,16
haggling_multi_item/fruitville_multi,Multi-item: fruitville,haggling_multi_item,exact-payoff (backbone-invariant),1004,random,11,0.7307692307692307,4.961538461538461,6,29,0.46153846153846156,1.1923076923076923,0.0625,1|1,2,4,8,16
haggling_multi_item/fruitville_multi,Multi-item: fruitville,haggling_multi_item,exact-payoff (backbone-invariant),1004,random,12,0.7307692307692307,5.692307692307692,14,29,0.46153846153846156,1.1923076923076923,0.0625,1|1,2,4,8,16
haggling_multi_item/fruitville_multi,Multi-item: fruitville,haggling_multi_item,exact-payoff (backbone-invariant),1004,random,13,0.7307692307692307,6.4230769230769225,8,29,0.46153846153846156,1.1923076923076923,0.0625,1|1,2,4,8,16
haggling_multi_item/fruitville_multi,Multi-item: fruitville,haggling_multi_item,exact-payoff (backbone-invariant),1004,random,14,0.7307692307692307,7.153846153846153,14,29,0.46153846153846156,1.1923076923076923,0.0625,1|1,2,4,8,16
haggling_multi_item/fruitville_multi,Multi-item: fruitville,haggling_multi_item,exact-payoff (backbone-invariant),1004,random,15,0.3846153846153846,7.538461538461538,21,29,0.8076923076923077,1.1923076923076923,0.0625,1|1,2,4,8,16
haggling_multi_item/fruitville_multi,Multi-item: fruitville,haggling_multi_item,exact-payoff (backbone-invariant),1004,random,16,0.3846153846153846,7.923076923076923,15,29,0.8076923076923077,1.1923076923076923,0.0625,1|1,2,4,8,16
haggling_multi_item/fruitville_multi,Multi-item: fruitville,haggling_multi_item,exact-payoff (backbone-invariant),1004,random,17,0.7307692307692307,8.653846153846153,12,29,0.46153846153846156,1.1923076923076923,0.0625,1|1,2,4,8,16
haggling_multi_item/fruitville_multi,Multi-item: fruitville,haggling_multi_item,exact-payoff (backbone-invariant),1004,random,18,0.3846153846153846,9.038461538461538,21,29,0.8076923076923077,1.1923076923076923,0.0625,1|1,2,4,8,16
haggling_multi_item/fruitville_multi,Multi-item: fruitville,haggling_multi_item,exact-payoff (backbone-invariant),1004,random,19,0.7307692307692307,9.769230769230768,34,29,0.46153846153846156,1.1923076923076923,0.0625,1|1,2,4,8,16
haggling_multi_item/fruitville_multi,Multi-item: fruitville,haggling_multi_item,exact-payoff (backbone-invariant),1004,random,20,0.7307692307692307,10.499999999999998,34,29,0.46153846153846156,1.1923076923076923,0.0625,1|1,2,4,8,16
