n,m,H,seed,mean_restricted_agent_first_episode,all_agent_restricted_first_episode,censored_agents,mean_error_final_preupdate,mean_proxy_half,mean_proxy_end,unique_actions,rho_global
3,4,1,50000,216.66666666666666,270.0,0,0.0,133.8987493053674,133.89874959279157,1,0.0011696097542561734
3,4,1,50001,334.3333333333333,481.0,0,0.0,161.80134194659414,161.80134196922802,1,0.0011696097542561734
3,4,1,50002,408.0,814.0,0,1.8570330458563453e-12,240.79148477383364,240.7918633316684,1,0.0011696097542561734
3,4,1,50003,354.0,655.0,0,0.0,219.1781124818756,219.17811249766282,1,0.0011696097542561734
3,4,1,50004,142.66666666666666,298.0,0,6.661338147750939e-16,84.78244226206151,84.78245017714502,1,0.0011696097542561734
3,4,1,50005,396.6666666666667,608.0,0,0.0,149.57185761631817,149.57185761639073,1,0.0011696097542561734
3,4,1,50006,381.0,515.0,0,0.0,216.6516587135834,216.65167120026732,1,0.0011696097542561734
3,4,1,50007,433.3333333333333,683.0,0,3.273677625278045e-13,338.07829272554176,338.0789851415995,1,0.0011696097542561734
3,4,1,50008,236.33333333333334,249.0,0,0.0,127.27035005734594,127.27035005866539,1,0.0011696097542561734
3,4,1,50009,182.33333333333334,208.0,0,0.0,95.83695567986199,95.8369557303376,1,0.0011696097542561734
3,4,1,50010,198.33333333333334,270.0,0,0.0,112.30529285129029,112.30529285291253,1,0.0011696097542561734
3,4,1,50011,148.33333333333334,182.0,0,0.0,83.5797240782564,83.5797240783114,1,0.0011696097542561734
3,4,1,50012,269.6666666666667,314.0,0,0.0,122.13404290233747,122.13417939022395,1,0.0011696097542561734
3,4,1,50013,262.3333333333333,282.0,0,0.0,147.564319586103,147.56431961836847,1,0.0011696097542561734
3,4,1,50014,211.66666666666666,302.0,0,0.0,102.29288974203705,102.29288974337987,1,0.0011696097542561734
3,4,1,50015,155.0,206.0,0,0.0,80.82618941310169,80.82618958108405,1,0.0011696097542561734
3,4,1,50016,256.0,375.0,0,0.0,180.63504748801483,180.63506678318177,1,0.0011696097542561734
3,4,1,50017,453.3333333333333,717.0,0,5.181040781584064e-16,290.2309058476928,290.2309064558838,1,0.0011696097542561734
3,4,1,50018,261.6666666666667,484.0,0,0.0,139.14108523096328,139.14329593102943,1,0.0011696097542561734
3,4,1,50019,375.0,593.0,0,0.0,233.23157227368233,233.23157498524662,1,0.0011696097542561734
3,4,1,50020,203.66666666666666,296.0,0,0.0,102.13223551813654,102.13223553407086,1,0.0011696097542561734
3,4,1,50021,149.66666666666666,293.0,0,7.401486830834377e-17,85.71853383176602,85.71854441303769,1,0.0011696097542561734
3,4,1,50022,120.33333333333333,221.0,0,0.0,53.492161446909854,53.492161452065034,1,0.0011696097542561734
3,4,1,50023,256.0,463.0,0,0.0,144.44374222798328,144.44374227896296,1,0.0011696097542561734
3,4,1,50024,227.0,240.0,0,9.50794998288984e-13,106.41764283280729,106.41764864919281,1,0.0011696097542561734
3,4,1,50025,494.3333333333333,757.0,0,7.401486830834377e-16,470.221430893457,470.2230155795503,1,0.0011696097542561734
3,4,1,50026,234.0,259.0,0,7.401486830834377e-17,156.16454050290267,156.1645407385179,1,0.0011696097542561734
3,4,1,50027,187.0,275.0,0,0.0,124.62477786936415,124.62477787453724,1,0.0011696097542561734
3,4,1,50028,276.3333333333333,332.0,0,0.0,157.9091604426998,157.90916911085625,1,0.0011696097542561734
3,4,1,50029,191.33333333333334,437.0,0,0.0,142.05735072480766,142.0573508586687,1,0.0011696097542561734
3,4,1,50030,360.3333333333333,427.0,0,0.0,176.99243571214515,176.99243571569272,1,0.0011696097542561734
3,4,1,50031,215.0,392.0,0,0.0,148.22334318345403,148.2233431873868,1,0.0011696097542561734
3,4,1,50032,253.0,282.0,0,0.0,116.74990580618834,116.74990580783442,1,0.0011696097542561734
3,4,1,50033,271.3333333333333,482.0,0,0.0,188.83156821145818,188.83160419413693,1,0.0011696097542561734
3,4,1,50034,280.0,367.0,0,0.0,228.5452672247967,228.54526722833126,1,0.0011696097542561734
3,4,1,50035,292.3333333333333,351.0,0,0.0,149.67586781529803,149.67586781908838,1,0.0011696097542561734
3,4,1,50036,210.0,303.0,0,0.0,131.53784969482646,131.53784970382978,1,0.0011696097542561734
3,4,1,50037,60.333333333333336,71.0,0,0.0,31.201573777191367,31.201578430023726,1,0.0011696097542561734
3,4,1,50038,261.0,559.0,0,0.0,168.7796390115809,168.77963901398206,1,0.0011696097542561734
3,4,1,50039,225.0,250.0,0,0.0,101.12378122728207,101.12378132389608,1,0.0011696097542561734
3,4,1,50040,285.0,482.0,0,0.0,164.56511453123142,164.56511542384374,1,0.0011696097542561734
3,4,1,50041,594.0,1233.0,0,0.0,449.74942934414304,449.76290743194977,1,0.0011696097542561734
3,4,1,50042,176.66666666666666,217.0,0,0.0,85.15553398513809,85.15555975125399,1,0.0011696097542561734
3,4,1,50043,303.6666666666667,452.0,0,0.0,194.13100708662841,194.1310070868576,1,0.0011696097542561734
3,4,1,50044,169.0,239.0,0,7.401486830834377e-17,93.83941825219107,93.83944225110498,1,0.0011696097542561734
3,4,1,50045,286.3333333333333,492.0,0,0.0,160.4070628755762,160.4074989378289,1,0.0011696097542561734
3,4,1,50046,154.66666666666666,238.0,0,0.0,120.01414497449478,120.01414841494444,1,0.0011696097542561734
3,4,1,50047,208.0,317.0,0,0.0,123.81460970041992,123.81460971776033,1,0.0011696097542561734
3,4,1,50048,229.33333333333334,398.0,0,0.0,171.8641108180153,171.8641108419122,1,0.0011696097542561734
3,4,1,50049,239.0,298.0,0,1.4802973661668753e-16,165.80501315367843,165.80501321264572,1,0.0011696097542561734
3,4,1,50050,197.33333333333334,260.0,0,0.0,107.93414537662467,107.93415115744465,1,0.0011696097542561734
3,4,1,50051,211.33333333333334,302.0,0,2.294460917558657e-15,84.70812656015951,84.70813123336579,1,0.0011696097542561734
3,4,1,50052,441.3333333333333,629.0,0,0.0,292.4134812815619,292.41348129092654,1,0.0011696097542561734
3,4,1,50053,655.0,975.0,0,0.0,414.04034513470447,414.0403745097049,1,0.0011696097542561734
3,4,1,50054,281.0,627.0,0,0.0,140.47468380901202,140.47468385514944,1,0.0011696097542561734
3,4,1,50055,95.33333333333333,207.0,0,0.0,49.828586390254024,49.82858711888554,1,0.0011696097542561734
3,4,1,50056,107.0,202.0,0,0.0,60.74681328732182,60.746813287501915,1,0.0011696097542561734
3,4,1,50057,162.33333333333334,213.0,0,3.387586507604586e-12,72.44362887652132,72.44678081502464,1,0.0011696097542561734
3,4,1,50058,177.66666666666666,248.0,0,0.0,95.50266207584139,95.50266207656209,1,0.0011696097542561734
3,4,1,50059,167.33333333333334,217.0,0,0.0,80.8845913534284,80.88459136084343,1,0.0011696097542561734
3,4,1,50060,219.0,227.0,0,0.0,99.07801943472089,99.07801974589863,1,0.0011696097542561734
3,4,1,50061,210.66666666666666,345.0,0,0.0,106.56144583421134,106.5614458343053,1,0.0011696097542561734
3,4,1,50062,344.6666666666667,752.0,0,0.0,207.34398856875362,207.34398859984674,1,0.0011696097542561734
3,4,1,50063,243.66666666666666,379.0,0,0.0,181.87314726913587,181.87314758582147,1,0.0011696097542561734
3,4,1,50064,185.66666666666666,220.0,0,3.3306690738754696e-15,136.60137365718623,136.60161478778954,1,0.0011696097542561734
3,4,1,50065,74.33333333333333,93.0,0,0.0,30.10258286957829,30.10258287755251,1,0.0011696097542561734
3,4,1,50066,379.0,603.0,0,0.0,238.8197180432676,238.8197180454938,1,0.0011696097542561734
3,4,1,50067,254.66666666666666,335.0,0,3.7007434154171886e-16,135.1323994146521,135.132403503257,1,0.0011696097542561734
3,4,1,50068,252.66666666666666,319.0,0,0.0,133.04699918444751,133.0469994568792,1,0.0011696097542561734
3,4,1,50069,119.66666666666667,212.0,0,0.0,70.62215304703513,70.62215304707654,1,0.0011696097542561734
3,4,1,50070,263.0,361.0,0,0.0,138.01102612410494,138.01221475971997,1,0.0011696097542561734
3,4,1,50071,204.66666666666666,298.0,0,0.0,94.79754283553495,94.79754319242113,1,0.0011696097542561734
3,4,1,50072,160.0,264.0,0,0.0,86.5705022800493,86.5705022800493,1,0.0011696097542561734
3,4,1,50073,372.6666666666667,658.0,0,0.0,223.3456723774168,223.34567502836833,1,0.0011696097542561734
3,4,1,50074,304.3333333333333,400.0,0,0.0,196.77044264470078,196.77044919429514,1,0.0011696097542561734
3,4,1,50075,159.0,176.0,0,0.0,144.71494621290273,144.7149504390337,1,0.0011696097542561734
3,4,1,50076,266.3333333333333,381.0,0,2.747061837264179e-12,114.61108139018181,114.6120033424412,1,0.0011696097542561734
3,4,1,50077,71.66666666666667,97.0,0,0.0,45.317086135704336,45.31708613721747,1,0.0011696097542561734
3,4,1,50078,301.6666666666667,364.0,0,0.0,133.8605710309674,133.8605712429065,1,0.0011696097542561734
3,4,1,50079,220.33333333333334,296.0,0,0.0,110.54329820032369,110.543298200643,1,0.0011696097542561734
3,4,1,50080,322.3333333333333,706.0,0,0.0,158.23588433341703,158.2358990535175,1,0.0011696097542561734
3,4,1,50081,234.0,280.0,0,0.0,138.90704080439,138.90704082753402,1,0.0011696097542561734
3,4,1,50082,246.66666666666666,462.0,0,0.0,150.82541874672864,150.82541874810147,1,0.0011696097542561734
3,4,1,50083,103.0,146.0,0,0.0,56.719840241175625,56.71984024204758,1,0.0011696097542561734
3,4,1,50084,228.66666666666666,329.0,0,0.0,118.88257325923969,118.88257343527614,1,0.0011696097542561734
3,4,1,50085,147.33333333333334,244.0,0,0.0,85.14191510913356,85.14191511295162,1,0.0011696097542561734
3,4,1,50086,159.33333333333334,215.0,0,0.0,72.36173511879704,72.36173512158018,1,0.0011696097542561734
3,4,1,50087,107.66666666666667,240.0,0,0.0,62.41083861611778,62.41083861611778,1,0.0011696097542561734
3,4,1,50088,228.33333333333334,320.0,0,0.0,116.54043253506745,116.54043570998162,1,0.0011696097542561734
3,4,1,50089,126.66666666666667,239.0,0,0.0,61.541540325778804,61.54154032582195,1,0.0011696097542561734
3,4,1,50090,719.6666666666666,1597.0,0,9.769962616701378e-15,548.8374254389622,548.8379720573918,1,0.0011696097542561734
3,4,1,50091,317.6666666666667,656.0,0,0.0,219.9726444822077,219.972644484019,1,0.0011696097542561734
3,4,1,50092,245.66666666666666,362.0,0,0.0,123.78606383803076,123.78606394581311,1,0.0011696097542561734
3,4,1,50093,221.0,229.0,0,0.0,100.32964475926757,100.32964585941818,1,0.0011696097542561734
3,4,1,50094,155.33333333333334,195.0,0,0.0,276.81954032099696,276.8196592795944,1,0.0011696097542561734
3,4,1,50095,224.33333333333334,380.0,0,0.0,132.71667409348296,132.71667523899524,1,0.0011696097542561734
3,4,1,50096,320.6666666666667,534.0,0,0.0,217.33496221824942,217.33496565780402,1,0.0011696097542561734
3,4,1,50097,552.3333333333334,948.0,0,0.0,361.8039951415138,361.80399905078144,1,0.0011696097542561734
3,4,1,50098,265.6666666666667,702.0,0,0.0,232.93188654290205,232.9318871114622,1,0.0011696097542561734
3,4,1,50099,213.33333333333334,265.0,0,0.0,106.94378461544504,106.94378461550234,1,0.0011696097542561734
3,4,1,50100,242.33333333333334,282.0,0,0.0,151.2804892876207,151.28048952944292,1,0.0011696097542561734
3,4,1,50101,223.33333333333334,343.0,0,0.0,105.1645819854295,105.16510853874293,1,0.0011696097542561734
3,4,1,50102,130.33333333333334,207.0,0,0.0,167.07982203111484,167.07983538377468,1,0.0011696097542561734
3,4,1,50103,190.0,259.0,0,0.0,101.3626309794624,101.36263098435948,1,0.0011696097542561734
3,4,1,50104,257.3333333333333,311.0,0,0.0,115.1875267362579,115.18752673773751,1,0.0011696097542561734
3,4,1,50105,83.0,154.0,0,0.0,40.778841487481024,40.77884148749701,1,0.0011696097542561734
3,4,1,50106,231.66666666666666,278.0,0,0.0,135.05343329343472,135.0534333126238,1,0.0011696097542561734
3,4,1,50107,137.66666666666666,208.0,0,0.0,74.25096379152065,74.2509637968444,1,0.0011696097542561734
3,4,1,50108,152.33333333333334,207.0,0,0.0,88.33215306178147,88.33215307324316,1,0.0011696097542561734
3,4,1,50109,257.6666666666667,335.0,0,0.0,117.51755788278234,117.51755788763126,1,0.0011696097542561734
3,4,1,50110,277.0,400.0,0,0.0,193.93061996314478,193.93061999566464,1,0.0011696097542561734
3,4,1,50111,376.0,478.0,0,0.0,193.06897052059819,193.06897100076733,1,0.0011696097542561734
3,4,1,50112,291.0,496.0,0,0.0,143.15437106828463,143.154371118299,1,0.0011696097542561734
3,4,1,50113,350.0,633.0,0,4.300263848714773e-14,234.79877148864273,234.79892914577866,1,0.0011696097542561734
3,4,1,50114,247.33333333333334,363.0,0,0.0,132.4390365701939,132.43906359050254,1,0.0011696097542561734
3,4,1,50115,266.3333333333333,299.0,0,0.0,176.3000323685643,176.30003240534688,1,0.0011696097542561734
3,4,1,50116,163.66666666666666,228.0,0,6.661338147750939e-16,150.3506210508825,150.35062245223153,1,0.0011696097542561734
3,4,1,50117,256.0,348.0,0,0.0,137.83871735084654,137.8387173904358,1,0.0011696097542561734
3,4,1,50118,112.0,230.0,0,0.0,64.53345835422216,64.53345835433312,1,0.0011696097542561734
3,4,1,50119,147.66666666666666,263.0,0,1.4802973661668753e-16,75.06200171246819,75.06200179599134,1,0.0011696097542561734
3,4,1,50120,226.33333333333334,249.0,0,0.0,248.1187290651907,248.1187733313233,1,0.0011696097542561734
3,4,1,50121,282.3333333333333,451.0,0,0.0,133.15413091493653,133.154138808354,1,0.0011696097542561734
3,4,1,50122,503.3333333333333,948.0,0,0.0,326.9045423021783,326.92588775824964,1,0.0011696097542561734
3,4,1,50123,220.0,305.0,0,0.0,107.4983437248016,107.49847506032573,1,0.0011696097542561734
3,4,1,50124,231.0,244.0,0,0.0,146.94044779119264,146.94044784061003,1,0.0011696097542561734
3,4,1,50125,203.0,258.0,0,0.0,99.47960781487659,99.47960830679972,1,0.0011696097542561734
3,4,1,50126,84.66666666666667,134.0,0,1.9984014443252818e-15,102.89088619815674,102.89088622741203,1,0.0011696097542561734
3,4,1,50127,143.0,196.0,0,0.0,98.4348754150726,98.43549192725379,1,0.0011696097542561734
3,4,1,50128,283.6666666666667,423.0,0,0.0,234.8856100651126,234.88763664791202,1,0.0011696097542561734
3,4,1,50129,365.0,731.0,0,5.519658804094736e-12,242.17986975197664,242.44690587292837,1,0.0011696097542561734
3,4,1,50130,258.3333333333333,293.0,0,2.9605947323337506e-16,148.4632800059746,148.46374841267433,1,0.0011696097542561734
3,4,1,50131,320.6666666666667,479.0,0,0.0,230.02070303032758,230.0207030353166,1,0.0011696097542561734
3,4,1,50132,252.33333333333334,324.0,0,0.0,169.47259160955662,169.47259161165167,1,0.0011696097542561734
3,4,1,50133,346.3333333333333,534.0,0,0.0,298.9686961218374,298.96869661787724,1,0.0011696097542561734
3,4,1,50134,102.66666666666667,138.0,0,0.0,46.03891921782513,46.03891921783429,1,0.0011696097542561734
3,4,1,50135,145.66666666666666,209.0,0,0.0,90.45325000764352,90.4532500322457,1,0.0011696097542561734
3,4,1,50136,53.0,71.0,0,0.0,29.619327391926756,29.619327393219297,1,0.0011696097542561734
3,4,1,50137,354.0,497.0,0,9.895787892825562e-14,215.75347488589622,215.75553728455142,1,0.0011696097542561734
3,4,1,50138,222.66666666666666,381.0,0,6.959692081901873e-12,115.59121939470782,115.59289642277734,1,0.0011696097542561734
3,4,1,50139,378.0,718.0,0,0.0,194.5805796858374,194.58057971393785,1,0.0011696097542561734
3,4,1,50140,314.3333333333333,584.0,0,0.0,212.6545870973466,212.65458726297848,1,0.0011696097542561734
3,4,1,50141,291.0,348.0,0,0.0,189.89325145176704,189.89325361187556,1,0.0011696097542561734
3,4,1,50142,313.0,367.0,0,2.9605947323337506e-16,178.08904996860028,178.0891410555996,1,0.0011696097542561734
3,4,1,50143,192.0,289.0,0,0.0,113.89779495729424,113.89779621736902,1,0.0011696097542561734
3,4,1,50144,148.0,218.0,0,0.0,92.18087208186124,92.1808721803069,1,0.0011696097542561734
3,4,1,50145,119.0,251.0,0,0.0,82.63782596047486,82.63782601757636,1,0.0011696097542561734
3,4,1,50146,107.66666666666667,231.0,0,0.0,73.31624953044665,73.31629298650361,1,0.0011696097542561734
3,4,1,50147,246.33333333333334,349.0,0,0.0,119.79088271677536,119.79088272249926,1,0.0011696097542561734
3,4,1,50148,402.3333333333333,901.0,0,0.0,337.44155510870996,337.44235696321283,1,0.0011696097542561734
3,4,1,50149,393.6666666666667,416.0,0,0.0,195.97029958748635,195.97029958841634,1,0.0011696097542561734
3,4,1,50150,149.33333333333334,209.0,0,7.401486830834377e-17,95.31363139071334,95.31363148848186,1,0.0011696097542561734
3,4,1,50151,193.66666666666666,369.0,0,0.0,137.23885558976508,137.23885559233048,1,0.0011696097542561734
3,4,1,50152,296.6666666666667,402.0,0,0.0,193.02137030159463,193.02137039586523,1,0.0011696097542561734
3,4,1,50153,130.33333333333334,263.0,0,0.0,76.2967216663073,76.29672171517628,1,0.0011696097542561734
3,4,1,50154,222.0,241.0,0,0.0,109.83982171444659,109.83982217401223,1,0.0011696097542561734
3,4,1,50155,380.3333333333333,595.0,0,0.0,221.924588533427,221.9245897557562,1,0.0011696097542561734
3,4,1,50156,228.66666666666666,316.0,0,0.0,111.94872513898811,111.94872546197553,1,0.0011696097542561734
3,4,1,50157,146.33333333333334,271.0,0,0.0,68.60065370108613,68.60065370141577,1,0.0011696097542561734
3,4,1,50158,313.6666666666667,589.0,0,0.0,151.30965825036202,151.30965825043734,1,0.0011696097542561734
3,4,1,50159,274.0,477.0,0,0.0,179.04233063611966,179.04233625902285,1,0.0011696097542561734
3,4,1,50160,271.3333333333333,370.0,0,0.0,129.2310033804521,129.23100338164315,1,0.0011696097542561734
3,4,1,50161,303.3333333333333,439.0,0,0.0,176.64190333009125,176.64190339032234,1,0.0011696097542561734
3,4,1,50162,225.0,233.0,0,0.0,123.20571609842735,123.20571617105225,1,0.0011696097542561734
3,4,1,50163,223.66666666666666,237.0,0,0.0,117.29933636667128,117.29933636674313,1,0.0011696097542561734
3,4,1,50164,284.3333333333333,330.0,0,0.0,153.91087460719658,153.91087590526843,1,0.0011696097542561734
3,4,1,50165,233.0,297.0,0,0.0,115.19904903214787,115.19904913792254,1,0.0011696097542561734
3,4,1,50166,231.0,340.0,0,0.0,121.20623341748647,121.20623345538594,1,0.0011696097542561734
3,4,1,50167,320.3333333333333,639.0,0,0.0,219.24540838271253,219.24540839269966,1,0.0011696097542561734
3,4,1,50168,353.6666666666667,395.0,0,0.0,197.09820259908008,197.09826950457787,1,0.0011696097542561734
3,4,1,50169,223.66666666666666,313.0,0,0.0,127.11098254253068,127.11098254260942,1,0.0011696097542561734
3,4,1,50170,397.0,532.0,0,0.0,268.741714157786,268.7417141578699,1,0.0011696097542561734
3,4,1,50171,185.66666666666666,235.0,0,0.0,100.67433160731078,100.6743316721251,1,0.0011696097542561734
3,4,1,50172,266.0,394.0,0,0.0,123.62398519816479,123.62398559783867,1,0.0011696097542561734
3,4,1,50173,408.6666666666667,755.0,0,0.0,247.5584244529638,247.55843585991502,1,0.0011696097542561734
3,4,1,50174,116.33333333333333,218.0,0,3.9968028886505635e-15,92.26778444695556,92.26778454039743,1,0.0011696097542561734
3,4,1,50175,225.33333333333334,306.0,0,0.0,108.88318991334366,108.88318991351643,1,0.0011696097542561734
3,4,1,50176,137.0,280.0,0,0.0,77.12829194055965,77.12829194416743,1,0.0011696097542561734
3,4,1,50177,267.6666666666667,318.0,0,0.0,165.79265898356743,165.79289924438066,1,0.0011696097542561734
3,4,1,50178,276.3333333333333,563.0,0,0.0,131.71377621273447,131.71377622249136,1,0.0011696097542561734
3,4,1,50179,43.666666666666664,60.0,0,0.0,23.283729396545848,23.283729396596424,1,0.0011696097542561734
3,4,1,50180,184.33333333333334,250.0,0,0.0,99.54435923212647,99.54435923217592,1,0.0011696097542561734
3,4,1,50181,314.0,389.0,0,7.401486830834377e-17,161.25644065139264,161.2564409028945,1,0.0011696097542561734
3,4,1,50182,126.33333333333333,233.0,0,0.0,73.6240075204732,73.62400767470443,1,0.0011696097542561734
3,4,1,50183,298.3333333333333,582.0,0,0.0,177.98061251616983,177.9806125774188,1,0.0011696097542561734
3,4,1,50184,184.33333333333334,232.0,0,0.0,85.44116506578278,85.44116506710145,1,0.0011696097542561734
3,4,1,50185,230.66666666666666,410.0,0,0.0,129.84209612992237,129.8420961771474,1,0.0011696097542561734
3,4,1,50186,303.6666666666667,482.0,0,0.0,157.80630034595313,157.8065273760893,1,0.0011696097542561734
3,4,1,50187,277.0,386.0,0,0.0,169.6248993687157,169.62489993246427,1,0.0011696097542561734
3,4,1,50188,214.66666666666666,279.0,0,0.0,90.57848657044026,90.57848704321187,1,0.0011696097542561734
3,4,1,50189,216.33333333333334,267.0,0,0.0,145.31330391910157,145.31330392262996,1,0.0011696097542561734
3,4,1,50190,300.3333333333333,477.0,0,0.0,193.79969632474035,193.79969679743792,1,0.0011696097542561734
3,4,1,50191,263.3333333333333,482.0,0,0.0,133.27864460777312,133.27864461558931,1,0.0011696097542561734
3,4,1,50192,232.33333333333334,403.0,0,0.0,135.6807963959724,135.6807964185913,1,0.0011696097542561734
3,4,1,50193,129.0,216.0,0,0.0,64.35806492944579,64.35806520055844,1,0.0011696097542561734
3,4,1,50194,220.33333333333334,246.0,0,0.0,114.38243490432194,114.38427495531066,1,0.0011696097542561734
3,4,1,50195,126.66666666666667,206.0,0,0.0,119.5388163020574,119.53881636226917,1,0.0011696097542561734
3,4,1,50196,370.0,741.0,0,0.0,175.59525288238925,175.5960117918446,1,0.0011696097542561734
3,4,1,50197,219.33333333333334,270.0,0,0.0,119.15669279768709,119.15669286327064,1,0.0011696097542561734
3,4,1,50198,312.0,493.0,0,0.0,182.48845489902533,182.48845638455091,1,0.0011696097542561734
3,4,1,50199,385.3333333333333,601.0,0,0.0,243.41103439344002,243.41103441527068,1,0.0011696097542561734
3,4,4,50000,62.666666666666664,153.0,0,0.0,127.90086549260195,127.90086549260195,1,0.0011696097542561734
3,4,4,50001,56.666666666666664,93.0,0,0.0,107.20132462405637,107.20132462405637,1,0.0011696097542561734
3,4,4,50002,66.0,110.0,0,0.0,157.22880626179878,157.22880626179878,1,0.0011696097542561734
3,4,4,50003,28.333333333333332,53.0,0,0.0,54.87805329902353,54.87805329902353,1,0.0011696097542561734
3,4,4,50004,38.0,56.0,0,0.0,94.50436870591368,94.50436870591368,1,0.0011696097542561734
3,4,4,50005,54.0,84.0,0,0.0,80.68530458837505,80.68530458837505,1,0.0011696097542561734
3,4,4,50006,27.666666666666668,45.0,0,0.0,63.385213145340806,63.385213145340806,1,0.0011696097542561734
3,4,4,50007,45.666666666666664,61.0,0,0.0,131.5918175536141,131.5918175536141,1,0.0011696097542561734
3,4,4,50008,51.666666666666664,84.0,0,0.0,105.89174219699184,105.89174219699184,1,0.0011696097542561734
3,4,4,50009,61.666666666666664,76.0,0,0.0,119.53049623552779,119.53049623552779,1,0.0011696097542561734
3,4,4,50010,73.66666666666667,141.0,0,0.0,164.79999584484693,164.79999584484693,1,0.0011696097542561734
3,4,4,50011,52.666666666666664,110.0,0,0.0,140.7299751912905,140.7299751912905,1,0.0011696097542561734
3,4,4,50012,64.33333333333333,120.0,0,0.0,151.3064149881205,151.3064149881205,1,0.0011696097542561734
3,4,4,50013,42.666666666666664,52.0,0,0.0,104.84597247514755,104.84597247514755,1,0.0011696097542561734
3,4,4,50014,42.666666666666664,56.0,0,0.0,113.51386347242443,113.51386347242443,1,0.0011696097542561734
3,4,4,50015,65.66666666666667,93.0,0,0.0,176.387741423698,176.387741423698,1,0.0011696097542561734
3,4,4,50016,31.666666666666668,58.0,0,0.0,81.32221555489015,81.32221555489015,1,0.0011696097542561734
3,4,4,50017,33.0,56.0,0,0.0,62.148958592225846,62.148958592225846,1,0.0011696097542561734
3,4,4,50018,46.666666666666664,72.0,0,0.0,92.71279099588457,92.71279099588457,1,0.0011696097542561734
3,4,4,50019,60.666666666666664,73.0,0,0.0,159.29045158860717,159.29045158860717,1,0.0011696097542561734
3,4,4,50020,37.0,59.0,0,0.0,82.45819324818457,82.45819324818457,1,0.0011696097542561734
3,4,4,50021,55.0,78.0,0,0.0,146.9059559056702,146.9059559056702,1,0.0011696097542561734
3,4,4,50022,131.0,179.0,0,0.0,385.75775870959916,385.75775870959916,1,0.0011696097542561734
3,4,4,50023,28.333333333333332,54.0,0,0.0,59.20153869123627,59.20153869123627,1,0.0011696097542561734
3,4,4,50024,13.666666666666666,20.0,0,0.0,25.49310930486888,25.49310930486888,1,0.0011696097542561734
3,4,4,50025,59.0,123.0,0,0.0,161.419237571872,161.419237571872,1,0.0011696097542561734
3,4,4,50026,49.0,64.0,0,0.0,99.29033579750673,99.29033579750673,1,0.0011696097542561734
3,4,4,50027,82.33333333333333,125.0,0,0.0,171.79636827066096,171.79636827066096,1,0.0011696097542561734
3,4,4,50028,31.0,67.0,0,0.0,83.79776780986063,83.79776780986063,1,0.0011696097542561734
3,4,4,50029,53.333333333333336,68.0,0,0.0,131.50613013230196,131.50613013230196,1,0.0011696097542561734
3,4,4,50030,45.666666666666664,59.0,0,0.0,72.8863468595642,72.8863468595642,1,0.0011696097542561734
3,4,4,50031,61.333333333333336,73.0,0,0.0,123.05861939074238,123.05861939074238,1,0.0011696097542561734
3,4,4,50032,29.666666666666668,58.0,0,0.0,56.543441816763185,56.543441816763185,1,0.0011696097542561734
3,4,4,50033,82.66666666666667,145.0,0,0.0,171.55896743920098,171.55896743920098,1,0.0011696097542561734
3,4,4,50034,27.333333333333332,66.0,0,0.0,89.79338632915385,89.79338632915385,1,0.0011696097542561734
3,4,4,50035,84.66666666666667,119.0,0,0.0,171.6102926063144,171.6102926063144,1,0.0011696097542561734
3,4,4,50036,62.0,110.0,0,0.0,141.40240690544513,141.40240690544513,1,0.0011696097542561734
3,4,4,50037,102.66666666666667,189.0,0,0.0,210.86382214904918,210.86382214904918,1,0.0011696097542561734
3,4,4,50038,195.33333333333334,470.0,0,0.0,549.5888164008594,549.5888164008594,1,0.0011696097542561734
3,4,4,50039,39.666666666666664,72.0,0,0.0,85.4343437407883,85.4343437407883,1,0.0011696097542561734
3,4,4,50040,46.666666666666664,75.0,0,0.0,166.2066422472714,166.2066422472714,1,0.0011696097542561734
3,4,4,50041,68.66666666666667,77.0,0,0.0,150.8958610882254,150.8958610882254,1,0.0011696097542561734
3,4,4,50042,13.666666666666666,19.0,0,0.0,98.70973136907236,98.70973136907236,1,0.0011696097542561734
3,4,4,50043,81.66666666666667,97.0,0,0.0,155.42894178840595,155.42894178840595,1,0.0011696097542561734
3,4,4,50044,34.333333333333336,52.0,0,0.0,82.95284920690807,82.95284920690807,1,0.0011696097542561734
3,4,4,50045,147.66666666666666,322.0,0,0.0,327.17716769849596,327.17716769849596,1,0.0011696097542561734
3,4,4,50046,44.666666666666664,68.0,0,0.0,90.60936105359913,90.60936105359913,1,0.0011696097542561734
3,4,4,50047,56.666666666666664,62.0,0,0.0,118.46770509114509,118.46770509114509,1,0.0011696097542561734
3,4,4,50048,88.33333333333333,130.0,0,0.0,321.4088906304091,321.4088906304091,1,0.0011696097542561734
3,4,4,50049,113.33333333333333,251.0,0,0.0,315.5900922240677,315.5900922240677,1,0.0011696097542561734
3,4,4,50050,102.0,192.0,0,0.0,245.49919819511925,245.49919819511925,1,0.0011696097542561734
3,4,4,50051,30.333333333333332,57.0,0,0.0,51.23772030386366,51.23772030386366,1,0.0011696097542561734
3,4,4,50052,68.66666666666667,80.0,0,0.0,164.8137129783521,164.8137129783521,1,0.0011696097542561734
3,4,4,50053,20.666666666666668,24.0,0,0.0,40.75319332024014,40.75319332024014,1,0.0011696097542561734
3,4,4,50054,104.66666666666667,129.0,0,0.0,226.1541412078087,226.1541412078087,1,0.0011696097542561734
3,4,4,50055,79.0,143.0,0,0.0,171.9637695598453,171.9637695598453,1,0.0011696097542561734
3,4,4,50056,76.33333333333333,125.0,0,0.0,215.2547973137874,215.2547973137874,1,0.0011696097542561734
3,4,4,50057,39.333333333333336,56.0,0,0.0,80.17077126455503,80.17077126455503,1,0.0011696097542561734
3,4,4,50058,84.33333333333333,165.0,0,0.0,228.29496772693957,228.29496772693957,1,0.0011696097542561734
3,4,4,50059,47.333333333333336,80.0,0,0.0,80.66563806873651,80.66563806873651,1,0.0011696097542561734
3,4,4,50060,34.666666666666664,66.0,0,0.0,63.80220359117565,63.80220359117565,1,0.0011696097542561734
3,4,4,50061,45.0,70.0,0,0.0,73.78348097184423,73.78348097184423,1,0.0011696097542561734
3,4,4,50062,25.0,46.0,0,0.0,56.97655640791569,56.97655640791569,1,0.0011696097542561734
3,4,4,50063,33.666666666666664,56.0,0,0.0,54.78716970972723,54.78716970972723,1,0.0011696097542561734
3,4,4,50064,63.666666666666664,90.0,0,0.0,143.89679389570568,143.89679389570568,1,0.0011696097542561734
3,4,4,50065,68.0,105.0,0,0.0,124.19581135344447,124.19581135344447,1,0.0011696097542561734
3,4,4,50066,50.333333333333336,67.0,0,0.0,80.97835321095549,80.97835321095549,1,0.0011696097542561734
3,4,4,50067,43.666666666666664,58.0,0,0.0,122.90161589236374,122.90161589236374,1,0.0011696097542561734
3,4,4,50068,49.0,94.0,0,0.0,126.58835881312488,126.58835881312488,1,0.0011696097542561734
3,4,4,50069,65.0,91.0,0,0.0,129.78608050482703,129.78608050482703,1,0.0011696097542561734
3,4,4,50070,93.66666666666667,173.0,0,0.0,154.23034235734488,154.23034235734488,1,0.0011696097542561734
3,4,4,50071,106.33333333333333,157.0,0,0.0,328.85573203318296,328.85573203318296,1,0.0011696097542561734
3,4,4,50072,88.66666666666667,112.0,0,0.0,178.96098812143873,178.96098812143873,1,0.0011696097542561734
3,4,4,50073,50.0,53.0,0,0.0,87.54019280180313,87.54019280180313,1,0.0011696097542561734
3,4,4,50074,73.0,109.0,0,0.0,181.59857384343636,181.59857384343636,1,0.0011696097542561734
3,4,4,50075,122.33333333333333,327.0,0,0.0,347.90118280040656,347.90118280040656,1,0.0011696097542561734
3,4,4,50076,52.333333333333336,57.0,0,0.0,119.46276015746086,119.46276015746086,1,0.0011696097542561734
3,4,4,50077,65.0,90.0,0,0.0,142.5483522577102,142.5483522577102,1,0.0011696097542561734
3,4,4,50078,62.666666666666664,70.0,0,0.0,151.0677049254421,151.0677049254421,1,0.0011696097542561734
3,4,4,50079,63.0,136.0,0,0.0,172.99980780995315,172.99980780995315,1,0.0011696097542561734
3,4,4,50080,31.0,49.0,0,0.0,72.14197431652913,72.14197431652913,1,0.0011696097542561734
3,4,4,50081,71.0,88.0,0,0.0,178.2414276568156,178.2414276568156,1,0.0011696097542561734
3,4,4,50082,53.0,68.0,0,0.0,115.9412219282578,115.9412219282578,1,0.0011696097542561734
3,4,4,50083,63.666666666666664,78.0,0,0.0,119.88236550582467,119.88236550582467,1,0.0011696097542561734
3,4,4,50084,78.66666666666667,158.0,0,0.0,159.62882810327946,159.62882810327946,1,0.0011696097542561734
3,4,4,50085,42.0,54.0,0,0.0,118.18856652845598,118.18856652845598,1,0.0011696097542561734
3,4,4,50086,57.333333333333336,65.0,0,0.0,133.8668134397381,133.8668134397381,1,0.0011696097542561734
3,4,4,50087,58.666666666666664,96.0,0,0.0,155.4331388061801,155.4331388061801,1,0.0011696097542561734
3,4,4,50088,39.0,53.0,0,0.0,129.72192013894275,129.72192013894275,1,0.0011696097542561734
3,4,4,50089,43.666666666666664,85.0,0,0.0,93.83246025746216,93.83246025746216,1,0.0011696097542561734
3,4,4,50090,114.66666666666667,214.0,0,0.0,249.8859947981965,249.8859947981965,1,0.0011696097542561734
3,4,4,50091,54.0,88.0,0,0.0,85.12032431493839,85.12032431493839,1,0.0011696097542561734
3,4,4,50092,26.0,53.0,0,0.0,98.4700023665091,98.4700023665091,1,0.0011696097542561734
3,4,4,50093,52.0,59.0,0,0.0,104.8052181930471,104.8052181930471,1,0.0011696097542561734
3,4,4,50094,73.33333333333333,100.0,0,0.0,179.317070026401,179.317070026401,1,0.0011696097542561734
3,4,4,50095,32.333333333333336,40.0,0,0.0,63.90497466747534,63.90497466747534,1,0.0011696097542561734
3,4,4,50096,53.333333333333336,134.0,0,0.0,175.141281391642,175.141281391642,1,0.0011696097542561734
3,4,4,50097,56.0,89.0,0,0.0,89.94324812342099,89.94324812342099,1,0.0011696097542561734
3,4,4,50098,59.0,75.0,0,0.0,97.15691280795401,97.15691280795401,1,0.0011696097542561734
3,4,4,50099,50.333333333333336,96.0,0,0.0,122.41395535510742,122.41395535510742,1,0.0011696097542561734
3,4,4,50100,88.0,127.0,0,0.0,237.6563578183216,237.6563578183216,1,0.0011696097542561734
3,4,4,50101,50.0,116.0,0,0.0,95.32133827857689,95.32133827857689,1,0.0011696097542561734
3,4,4,50102,79.66666666666667,98.0,0,0.0,180.97680182874805,180.97680182874805,1,0.0011696097542561734
3,4,4,50103,56.333333333333336,82.0,0,0.0,130.26547064474104,130.26547064474104,1,0.0011696097542561734
3,4,4,50104,58.333333333333336,62.0,0,0.0,100.27848845680096,100.27848845680096,1,0.0011696097542561734
3,4,4,50105,34.333333333333336,55.0,0,0.0,99.72827909317535,99.72827909317535,1,0.0011696097542561734
3,4,4,50106,42.0,60.0,0,0.0,80.66809600705658,80.66809600705658,1,0.0011696097542561734
3,4,4,50107,49.333333333333336,57.0,0,0.0,77.79029095939855,77.79029095939855,1,0.0011696097542561734
3,4,4,50108,45.666666666666664,66.0,0,0.0,91.99550389614446,91.99550389614446,1,0.0011696097542561734
3,4,4,50109,84.66666666666667,136.0,0,0.0,175.9967631479927,175.9967631479927,1,0.0011696097542561734
3,4,4,50110,74.0,111.0,0,0.0,145.32503840470807,145.32503840470807,1,0.0011696097542561734
3,4,4,50111,30.666666666666668,57.0,0,0.0,180.26255743898946,180.26255743898946,1,0.0011696097542561734
3,4,4,50112,61.0,126.0,0,0.0,150.85713775895573,150.85713775895573,1,0.0011696097542561734
3,4,4,50113,64.0,76.0,0,0.0,131.69554417296897,131.69554417296897,1,0.0011696097542561734
3,4,4,50114,73.33333333333333,119.0,0,0.0,156.15087257219935,156.15087257219935,1,0.0011696097542561734
3,4,4,50115,60.666666666666664,107.0,0,0.0,189.06824015016818,189.06824015016818,1,0.0011696097542561734
3,4,4,50116,41.0,55.0,0,0.0,74.28693348146842,74.28693348146842,1,0.0011696097542561734
3,4,4,50117,54.0,91.0,0,0.0,95.03704631468075,95.03704631468075,1,0.0011696097542561734
3,4,4,50118,31.0,52.0,0,0.0,64.60487388225283,64.60487388225283,1,0.0011696097542561734
3,4,4,50119,52.0,109.0,0,0.0,129.03188729255757,129.03188729255757,1,0.0011696097542561734
3,4,4,50120,121.33333333333333,244.0,0,0.0,353.53407521127355,353.53407521127355,1,0.0011696097542561734
3,4,4,50121,35.333333333333336,54.0,0,0.0,83.23378415272526,83.23378415272526,1,0.0011696097542561734
3,4,4,50122,25.666666666666668,54.0,0,0.0,75.3169065893368,75.3169065893368,1,0.0011696097542561734
3,4,4,50123,78.0,93.0,0,0.0,199.98580687057085,199.98580687057085,1,0.0011696097542561734
3,4,4,50124,80.0,124.0,0,0.0,240.83945772134754,240.83945772134754,1,0.0011696097542561734
3,4,4,50125,57.333333333333336,64.0,0,0.0,139.47154273995892,139.47154273995892,1,0.0011696097542561734
3,4,4,50126,66.33333333333333,109.0,0,0.0,152.3476641529679,152.3476641529679,1,0.0011696097542561734
3,4,4,50127,72.66666666666667,98.0,0,0.0,186.93648827238425,186.93648827238425,1,0.0011696097542561734
3,4,4,50128,70.66666666666667,123.0,0,0.0,124.66336864731063,124.66336864731063,1,0.0011696097542561734
3,4,4,50129,42.0,53.0,0,0.0,94.13966178545365,94.13966178545365,1,0.0011696097542561734
3,4,4,50130,59.0,76.0,0,0.0,175.41389819795168,175.41389819795168,1,0.0011696097542561734
3,4,4,50131,69.66666666666667,90.0,0,0.0,186.10628678685046,186.10628678685046,1,0.0011696097542561734
3,4,4,50132,67.33333333333333,131.0,0,0.0,155.90396049553956,155.90396049553956,1,0.0011696097542561734
3,4,4,50133,15.666666666666666,19.0,0,0.0,31.89713289054269,31.89713289054269,1,0.0011696097542561734
3,4,4,50134,56.333333333333336,59.0,0,0.0,126.68502563785937,126.68502563785937,1,0.0011696097542561734
3,4,4,50135,223.66666666666666,457.0,0,0.0,701.5773845853264,701.5773845853264,1,0.0011696097542561734
3,4,4,50136,47.0,61.0,0,0.0,110.85344089579523,110.85344089579523,1,0.0011696097542561734
3,4,4,50137,32.333333333333336,53.0,0,0.0,65.42827720692304,65.42827720692304,1,0.0011696097542561734
3,4,4,50138,53.0,73.0,0,0.0,119.6237295396656,119.6237295396656,1,0.0011696097542561734
3,4,4,50139,46.333333333333336,61.0,0,0.0,114.48871002717767,114.48871002717767,1,0.0011696097542561734
3,4,4,50140,86.0,155.0,0,0.0,219.44743682001217,219.44743682001217,1,0.0011696097542561734
3,4,4,50141,92.0,176.0,0,0.0,162.0064446243432,162.0064446243432,1,0.0011696097542561734
3,4,4,50142,42.333333333333336,59.0,0,0.0,92.07065075175883,92.07065075175883,1,0.0011696097542561734
3,4,4,50143,39.0,66.0,0,0.0,77.46349222974301,77.46349222974301,1,0.0011696097542561734
3,4,4,50144,45.666666666666664,55.0,0,0.0,88.8646279612659,88.8646279612659,1,0.0011696097542561734
3,4,4,50145,94.66666666666667,204.0,0,0.0,224.90556184090676,224.90556184090676,1,0.0011696097542561734
3,4,4,50146,49.666666666666664,76.0,0,0.0,101.26968715211699,101.26968715211699,1,0.0011696097542561734
3,4,4,50147,34.0,55.0,0,0.0,67.60433766949672,67.60433766949672,1,0.0011696097542561734
3,4,4,50148,89.66666666666667,137.0,0,0.0,223.3235602591502,223.3235602591502,1,0.0011696097542561734
3,4,4,50149,55.333333333333336,76.0,0,0.0,98.06913021359469,98.06913021359469,1,0.0011696097542561734
3,4,4,50150,73.66666666666667,114.0,0,0.0,192.2812813893147,192.2812813893147,1,0.0011696097542561734
3,4,4,50151,56.666666666666664,115.0,0,0.0,167.03499391558174,167.03499391558174,1,0.0011696097542561734
3,4,4,50152,34.333333333333336,58.0,0,0.0,70.13366327934595,70.13366327934595,1,0.0011696097542561734
3,4,4,50153,51.0,68.0,0,0.0,135.42503376869684,135.42503376869684,1,0.0011696097542561734
3,4,4,50154,80.33333333333333,192.0,0,0.0,353.8043293350842,353.8043293350842,1,0.0011696097542561734
3,4,4,50155,52.666666666666664,75.0,0,0.0,105.75183926474149,105.75183926474149,1,0.0011696097542561734
3,4,4,50156,119.33333333333333,167.0,0,0.0,340.92046083307895,340.92046083307895,1,0.0011696097542561734
3,4,4,50157,74.66666666666667,108.0,0,0.0,120.65180208175015,120.65180208175015,1,0.0011696097542561734
3,4,4,50158,47.0,66.0,0,0.0,84.69148603017992,84.69148603017992,1,0.0011696097542561734
3,4,4,50159,53.0,136.0,0,0.0,138.56072820165585,138.56072820165585,1,0.0011696097542561734
3,4,4,50160,32.666666666666664,54.0,0,0.0,117.11792930770163,117.11792930770163,1,0.0011696097542561734
3,4,4,50161,33.333333333333336,61.0,0,0.0,77.66436896114907,77.66436896114907,1,0.0011696097542561734
3,4,4,50162,188.66666666666666,457.0,0,0.0,697.8311568255621,697.8311568255621,1,0.0011696097542561734
3,4,4,50163,54.333333333333336,88.0,0,0.0,127.38371173169548,127.38371173169548,1,0.0011696097542561734
3,4,4,50164,48.333333333333336,57.0,0,0.0,107.29658932691079,107.29658932691079,1,0.0011696097542561734
3,4,4,50165,75.66666666666667,102.0,0,0.0,146.27063056042053,146.27063056042053,1,0.0011696097542561734
3,4,4,50166,83.0,92.0,0,0.0,177.4502070124404,177.4502070124404,1,0.0011696097542561734
3,4,4,50167,81.33333333333333,160.0,0,0.0,185.16746265385208,185.16746265385208,1,0.0011696097542561734
3,4,4,50168,56.666666666666664,73.0,0,0.0,131.2804261379874,131.2804261379874,1,0.0011696097542561734
3,4,4,50169,24.333333333333332,54.0,0,0.0,52.79112637278558,52.79112637278558,1,0.0011696097542561734
3,4,4,50170,55.0,64.0,0,0.0,109.50716296891956,109.50716296891956,1,0.0011696097542561734
3,4,4,50171,78.66666666666667,149.0,0,0.0,178.14843580108365,178.14843580108365,1,0.0011696097542561734
3,4,4,50172,74.0,116.0,0,0.0,218.00953255377303,218.00953255377303,1,0.0011696097542561734
3,4,4,50173,83.0,102.0,0,0.0,278.65108881961123,278.65108881961123,1,0.0011696097542561734
3,4,4,50174,34.666666666666664,57.0,0,0.0,96.78104387374874,96.78104387374874,1,0.0011696097542561734
3,4,4,50175,36.333333333333336,60.0,0,0.0,73.99101780726389,73.99101780726389,1,0.0011696097542561734
3,4,4,50176,47.0,54.0,0,0.0,96.57972589039598,96.57972589039598,1,0.0011696097542561734
3,4,4,50177,90.33333333333333,161.0,0,0.0,218.52584796349234,218.52584796349234,1,0.0011696097542561734
3,4,4,50178,99.0,150.0,0,0.0,278.6720324391479,278.6720324391479,1,0.0011696097542561734
3,4,4,50179,57.0,111.0,0,0.0,106.40094690331013,106.40094690331013,1,0.0011696097542561734
3,4,4,50180,30.333333333333332,54.0,0,0.0,55.85799864721602,55.85799864721602,1,0.0011696097542561734
3,4,4,50181,62.666666666666664,75.0,0,0.0,125.73864590509758,125.73864590509758,1,0.0011696097542561734
3,4,4,50182,83.33333333333333,108.0,0,0.0,150.07596708371761,150.07596708371761,1,0.0011696097542561734
3,4,4,50183,52.0,71.0,0,0.0,102.14342094841977,102.14342094841977,1,0.0011696097542561734
3,4,4,50184,56.0,93.0,0,0.0,111.97098862547809,111.97098862547809,1,0.0011696097542561734
3,4,4,50185,42.0,101.0,0,0.0,101.62111174084929,101.62111174084929,1,0.0011696097542561734
3,4,4,50186,47.666666666666664,68.0,0,0.0,191.6910734366874,191.6910734366874,1,0.0011696097542561734
3,4,4,50187,79.33333333333333,114.0,0,0.0,181.53680410058544,181.53680410058544,1,0.0011696097542561734
3,4,4,50188,52.666666666666664,68.0,0,0.0,182.4910469030641,182.4910469030641,1,0.0011696097542561734
3,4,4,50189,55.333333333333336,58.0,0,0.0,96.15260706705128,96.15260706705128,1,0.0011696097542561734
3,4,4,50190,41.333333333333336,53.0,0,0.0,88.36649721222027,88.36649721222027,1,0.0011696097542561734
3,4,4,50191,76.66666666666667,89.0,0,0.0,185.0769781318132,185.0769781318132,1,0.0011696097542561734
3,4,4,50192,61.0,96.0,0,0.0,148.865293523422,148.865293523422,1,0.0011696097542561734
3,4,4,50193,88.0,168.0,0,0.0,187.3707945456775,187.3707945456775,1,0.0011696097542561734
3,4,4,50194,39.0,65.0,0,0.0,115.49887887979118,115.49887887979118,1,0.0011696097542561734
3,4,4,50195,70.33333333333333,102.0,0,0.0,171.3329247839895,171.3329247839895,1,0.0011696097542561734
3,4,4,50196,36.666666666666664,65.0,0,0.0,62.3152167746671,62.3152167746671,1,0.0011696097542561734
3,4,4,50197,40.0,91.0,0,0.0,209.62231926621516,209.62231926621516,1,0.0011696097542561734
3,4,4,50198,60.666666666666664,64.0,0,0.0,126.24682929693513,126.24682929693513,1,0.0011696097542561734
3,4,4,50199,78.0,116.0,0,0.0,145.03527917273152,145.03527917273152,1,0.0011696097542561734
3,8,1,50000,196.33333333333334,290.0,0,0.0,113.70345285707042,113.70345291696016,1,0.0011696097542561734
3,8,1,50001,255.33333333333334,404.0,0,7.401486830834377e-17,106.40207701490469,106.40207701658973,1,0.0011696097542561734
3,8,1,50002,347.3333333333333,623.0,0,0.0,184.3370168551902,184.33701727110585,1,0.0011696097542561734
3,8,1,50003,293.0,344.0,0,0.0,157.24979846002472,157.24979920133896,1,0.0011696097542561734
3,8,1,50004,324.6666666666667,509.0,0,0.0,232.7974277217758,232.7974277244059,1,0.0011696097542561734
3,8,1,50005,284.3333333333333,335.0,0,0.0,157.2997100997629,157.29971021600193,1,0.0011696097542561734
3,8,1,50006,228.0,238.0,0,0.0,99.40022881604357,99.40023259241575,1,0.0011696097542561734
3,8,1,50007,221.33333333333334,372.0,0,0.0,100.53058051541772,100.53058062835696,1,0.0011696097542561734
3,8,1,50008,378.3333333333333,477.0,0,0.0,235.66743869777744,235.66743870919436,1,0.0011696097542561734
3,8,1,50009,269.3333333333333,357.0,0,0.0,147.90359857999792,147.90359863563813,1,0.0011696097542561734
3,8,1,50010,250.33333333333334,286.0,0,0.0,187.04852490763517,187.0490710940654,1,0.0011696097542561734
3,8,1,50011,251.0,263.0,0,0.0,142.3182846149169,142.31828474703983,1,0.0011696097542561734
3,8,1,50012,221.66666666666666,315.0,0,0.0,130.93443471342775,130.93448227282673,1,0.0011696097542561734
3,8,1,50013,268.3333333333333,432.0,0,0.0,197.59293761751,197.59293799203613,1,0.0011696097542561734
3,8,1,50014,395.6666666666667,740.0,0,0.0,188.54352551205818,188.54354374685235,1,0.0011696097542561734
3,8,1,50015,292.3333333333333,354.0,0,0.0,132.10949729953214,132.10949743515664,1,0.0011696097542561734
3,8,1,50016,179.0,253.0,0,5.166778116461046e-11,89.75646159079271,89.7568100677491,1,0.0011696097542561734
3,8,1,50017,222.0,327.0,0,0.0,117.62338273989012,117.62338273994429,1,0.0011696097542561734
3,8,1,50018,356.0,590.0,0,0.0,215.70291551703326,215.70291558928326,1,0.0011696097542561734
3,8,1,50019,174.0,226.0,0,0.0,94.7228576866292,94.72285774481173,1,0.0011696097542561734
3,8,1,50020,187.33333333333334,217.0,0,0.0,109.77595463431466,109.77602438022318,1,0.0011696097542561734
3,8,1,50021,478.0,871.0,0,0.0,307.66234186611825,307.66234190967197,1,0.0011696097542561734
3,8,1,50022,218.66666666666666,228.0,0,1.1250259982868252e-14,123.47122427354223,123.4713669337125,1,0.0011696097542561734
3,8,1,50023,251.33333333333334,354.0,0,0.0,185.96304473947438,185.96304489968142,1,0.0011696097542561734
3,8,1,50024,249.0,422.0,0,0.0,136.39355255034945,136.39356419520752,1,0.0011696097542561734
3,8,1,50025,262.6666666666667,318.0,0,0.0,134.44414026904926,134.4441435736127,1,0.0011696097542561734
3,8,1,50026,279.3333333333333,317.0,0,0.0,146.84992337824505,146.84992434065057,1,0.0011696097542561734
3,8,1,50027,115.66666666666667,263.0,0,0.0,69.84712233863885,69.84712271427378,1,0.0011696097542561734
3,8,1,50028,249.66666666666666,306.0,0,0.0,127.3789925602512,127.37899256351557,1,0.0011696097542561734
3,8,1,50029,292.0,324.0,0,0.0,169.17259667985365,169.17259680365166,1,0.0011696097542561734
3,8,1,50030,228.66666666666666,244.0,0,0.0,133.67523828032577,133.67550618400648,1,0.0011696097542561734
3,8,1,50031,233.66666666666666,286.0,0,0.0,183.28279959308975,183.28279959840665,1,0.0011696097542561734
3,8,1,50032,208.66666666666666,211.0,0,0.0,143.74074984490332,143.74075023609552,1,0.0011696097542561734
3,8,1,50033,327.0,647.0,0,0.0,246.41885444766902,246.4188623671632,1,0.0011696097542561734
3,8,1,50034,221.0,247.0,0,0.0,144.28631522509409,144.2863154691345,1,0.0011696097542561734
3,8,1,50035,157.66666666666666,213.0,0,1.4802973661668753e-16,74.51268424853556,74.51268425272386,1,0.0011696097542561734
3,8,1,50036,312.6666666666667,384.0,0,0.0,171.82166008283403,171.8216602301503,1,0.0011696097542561734
3,8,1,50037,209.66666666666666,215.0,0,0.0,114.62018369617992,114.6207805001307,1,0.0011696097542561734
3,8,1,50038,220.66666666666666,311.0,0,7.401486830834377e-17,133.21219133419177,133.2121914114773,1,0.0011696097542561734
3,8,1,50039,187.33333333333334,221.0,0,0.0,127.84384882710644,127.84384882726927,1,0.0011696097542561734
3,8,1,50040,378.3333333333333,453.0,0,0.0,230.00028146323805,230.00028146839608,1,0.0011696097542561734
3,8,1,50041,105.66666666666667,246.0,0,0.0,67.70353810804494,67.70353810904389,1,0.0011696097542561734
3,8,1,50042,286.6666666666667,346.0,0,0.0,129.36946578900813,129.36946579295775,1,0.0011696097542561734
3,8,1,50043,189.0,271.0,0,0.0,158.45657744627064,158.45657751637475,1,0.0011696097542561734
3,8,1,50044,229.33333333333334,258.0,0,0.0,113.2696039485272,113.26960397937266,1,0.0011696097542561734
3,8,1,50045,139.66666666666666,274.0,0,7.401486830834377e-17,96.95719046951633,96.96103361837795,1,0.0011696097542561734
3,8,1,50046,341.6666666666667,434.0,0,0.0,165.49471528563743,165.49471528707394,1,0.0011696097542561734
3,8,1,50047,231.33333333333334,276.0,0,0.0,118.62369535009036,118.62369535592916,1,0.0011696097542561734
3,8,1,50048,417.6666666666667,800.0,0,0.0,220.70604929777855,220.70604934614008,1,0.0011696097542561734
3,8,1,50049,379.3333333333333,480.0,0,0.0,232.34226746575837,232.34226765309845,1,0.0011696097542561734
3,8,1,50050,278.0,339.0,0,0.0,115.59163423645536,115.591634237778,1,0.0011696097542561734
3,8,1,50051,462.6666666666667,618.0,0,0.0,277.4953158205648,277.4953310834971,1,0.0011696097542561734
3,8,1,50052,233.33333333333334,360.0,0,0.0,123.39432744575909,123.3943274464029,1,0.0011696097542561734
3,8,1,50053,86.0,207.0,0,0.0,40.80381115683358,40.80381115814843,1,0.0011696097542561734
3,8,1,50054,226.33333333333334,242.0,0,1.4802973661668753e-16,137.1194429686145,137.1194689294984,1,0.0011696097542561734
3,8,1,50055,331.0,473.0,0,0.0,182.97039587705225,182.97040061467996,1,0.0011696097542561734
3,8,1,50056,242.0,267.0,0,0.0,109.54988558729953,109.54988584938542,1,0.0011696097542561734
3,8,1,50057,249.33333333333334,445.0,0,0.0,156.25638792386493,156.2563879313556,1,0.0011696097542561734
3,8,1,50058,376.6666666666667,580.0,0,0.0,175.67748021893956,175.67748022165992,1,0.0011696097542561734
3,8,1,50059,259.0,376.0,0,0.0,156.9329509331789,156.93295093893497,1,0.0011696097542561734
3,8,1,50060,224.0,387.0,0,7.401486830834377e-17,119.31489760447363,119.31499289986535,1,0.0011696097542561734
3,8,1,50061,341.3333333333333,562.0,0,0.0,206.68900711410421,206.68900840863213,1,0.0011696097542561734
3,8,1,50062,275.0,400.0,0,0.0,156.33476399905817,156.33476402768375,1,0.0011696097542561734
3,8,1,50063,253.33333333333334,337.0,0,0.0,168.395242719717,168.39524497776623,1,0.0011696097542561734
3,8,1,50064,469.3333333333333,946.0,0,0.0,276.22587829527976,276.22587834998416,1,0.0011696097542561734
3,8,1,50065,317.6666666666667,406.0,0,0.0,169.14266895462274,169.14266896388844,1,0.0011696097542561734
3,8,1,50066,170.33333333333334,207.0,0,0.0,97.40665027733998,97.40665027902537,1,0.0011696097542561734
3,8,1,50067,274.0,366.0,0,0.0,153.19100243405953,153.1910137380445,1,0.0011696097542561734
3,8,1,50068,170.0,215.0,0,0.0,97.82007055077041,97.82007059397415,1,0.0011696097542561734
3,8,1,50069,266.6666666666667,366.0,0,0.0,161.84293868614782,161.84293879376173,1,0.0011696097542561734
3,8,1,50070,203.33333333333334,327.0,0,0.0,107.71107589259556,107.71109978927059,1,0.0011696097542561734
3,8,1,50071,255.33333333333334,501.0,0,0.0,175.56967276592277,175.5696737704748,1,0.0011696097542561734
3,8,1,50072,165.0,211.0,0,0.0,92.57162292164514,92.57162493074479,1,0.0011696097542561734
3,8,1,50073,234.0,274.0,0,0.0,130.41059334617992,130.41059477300362,1,0.0011696097542561734
3,8,1,50074,291.3333333333333,409.0,0,0.0,160.1655737328164,160.165573733527,1,0.0011696097542561734
3,8,1,50075,337.0,564.0,0,0.0,196.1265883782088,196.12658844635106,1,0.0011696097542561734
3,8,1,50076,283.3333333333333,350.0,0,0.0,162.7446030852278,162.74460308539378,1,0.0011696097542561734
3,8,1,50077,317.3333333333333,486.0,0,0.0,203.29786273978576,203.29847940069376,1,0.0011696097542561734
3,8,1,50078,180.66666666666666,227.0,0,0.0,88.5650813783984,88.56508137861819,1,0.0011696097542561734
3,8,1,50079,138.0,208.0,0,0.0,62.36045140123247,62.36045140243422,1,0.0011696097542561734
3,8,1,50080,213.33333333333334,234.0,0,0.0,163.62898776725842,163.62899195059842,1,0.0011696097542561734
3,8,1,50081,268.6666666666667,304.0,0,0.0,145.10556442581017,145.1055644846183,1,0.0011696097542561734
3,8,1,50082,171.66666666666666,217.0,0,0.0,84.6477017431073,84.64770174335504,1,0.0011696097542561734
3,8,1,50083,227.33333333333334,369.0,0,0.0,150.21652858024729,150.2165297876268,1,0.0011696097542561734
3,8,1,50084,179.33333333333334,257.0,0,0.0,109.69989605665405,109.69989605772166,1,0.0011696097542561734
3,8,1,50085,306.0,470.0,0,0.0,246.4582174767402,246.45822608570404,1,0.0011696097542561734
3,8,1,50086,269.0,380.0,0,0.0,137.51204346992336,137.5120438474901,1,0.0011696097542561734
3,8,1,50087,249.66666666666666,302.0,0,0.0,142.8427250194116,142.84272502183148,1,0.0011696097542561734
3,8,1,50088,216.66666666666666,495.0,0,0.0,110.48711003026249,110.48711068122496,1,0.0011696097542561734
3,8,1,50089,383.6666666666667,608.0,0,0.0,252.33139421231166,252.33139723475858,1,0.0011696097542561734
3,8,1,50090,296.0,427.0,0,0.0,145.89964525509296,145.89964587397353,1,0.0011696097542561734
3,8,1,50091,319.6666666666667,404.0,0,2.9605947323337506e-16,230.17053147457634,230.1793612098568,1,0.0011696097542561734
3,8,1,50092,201.66666666666666,407.0,0,0.0,124.83675894735218,124.83675899152543,1,0.0011696097542561734
3,8,1,50093,343.0,559.0,0,0.0,202.85670863421421,202.8568851163943,1,0.0011696097542561734
3,8,1,50094,217.0,340.0,0,0.0,156.36037142158324,156.36038427020384,1,0.0011696097542561734
3,8,1,50095,185.33333333333334,240.0,0,0.0,84.78238087201345,84.78238087559207,1,0.0011696097542561734
3,8,1,50096,293.0,373.0,0,0.0,130.63098096680656,130.63098097328165,1,0.0011696097542561734
3,8,1,50097,158.33333333333334,212.0,0,0.0,81.2879096744598,81.28791018919536,1,0.0011696097542561734
3,8,1,50098,198.0,248.0,0,0.0,106.59103400498799,106.59103405442825,1,0.0011696097542561734
3,8,1,50099,346.3333333333333,570.0,0,0.0,168.9362106798773,168.9362107156508,1,0.0011696097542561734
3,8,1,50100,207.66666666666666,332.0,0,0.0,117.90097516617043,117.90097524156164,1,0.0011696097542561734
3,8,1,50101,170.66666666666666,234.0,0,0.0,122.61642208173407,122.61642236889838,1,0.0011696097542561734
3,8,1,50102,291.3333333333333,377.0,0,0.0,176.79798656215826,176.79798658466916,1,0.0011696097542561734
3,8,1,50103,227.0,280.0,0,3.564185983388294e-12,247.80206331214097,247.8020633919166,1,0.0011696097542561734
3,8,1,50104,177.66666666666666,258.0,0,0.0,93.18815657304924,93.18815657581833,1,0.0011696097542561734
3,8,1,50105,275.0,354.0,0,0.0,127.44999559097549,127.44999559470575,1,0.0011696097542561734
3,8,1,50106,268.0,355.0,0,0.0,222.2672625246611,222.2672650606195,1,0.0011696097542561734
3,8,1,50107,197.33333333333334,277.0,0,0.0,142.1677687425912,142.16776875114823,1,0.0011696097542561734
3,8,1,50108,261.6666666666667,421.0,0,0.0,150.15869517618236,150.15869551148594,1,0.0011696097542561734
3,8,1,50109,98.0,127.0,0,0.0,48.87358633639923,48.87358633665493,1,0.0011696097542561734
3,8,1,50110,584.6666666666666,1338.0,0,0.0,416.03755527572133,416.03755545367727,1,0.0011696097542561734
3,8,1,50111,214.33333333333334,263.0,0,0.0,121.88634379856437,121.88634386521774,1,0.0011696097542561734
3,8,1,50112,54.0,82.0,0,0.0,28.839725797450427,28.839726594462196,1,0.0011696097542561734
3,8,1,50113,217.33333333333334,237.0,0,0.0,120.15275641338859,120.15276041381418,1,0.0011696097542561734
3,8,1,50114,249.66666666666666,395.0,0,0.0,145.53568334339212,145.53568334409536,1,0.0011696097542561734
3,8,1,50115,340.0,439.0,0,0.0,171.489098588522,171.48909859699037,1,0.0011696097542561734
3,8,1,50116,185.66666666666666,240.0,0,0.0,113.82503140624978,113.82503144428067,1,0.0011696097542561734
3,8,1,50117,272.3333333333333,366.0,0,0.0,124.66753087823797,124.66753117222841,1,0.0011696097542561734
3,8,1,50118,246.33333333333334,273.0,0,0.0,127.8886408953055,127.88864100134843,1,0.0011696097542561734
3,8,1,50119,658.0,1546.0,0,0.0,473.30093588173554,473.3020606111748,1,0.0011696097542561734
3,8,1,50120,447.6666666666667,934.0,0,0.0,309.2768574770471,309.2769809066703,1,0.0011696097542561734
3,8,1,50121,294.0,321.0,0,0.0,207.6328462217109,207.632850930925,1,0.0011696097542561734
3,8,1,50122,227.0,338.0,0,1.2582527612418441e-15,117.56489358353748,117.56492621470396,1,0.0011696097542561734
3,8,1,50123,170.33333333333334,231.0,0,0.0,93.27691551077511,93.27691551170558,1,0.0011696097542561734
3,8,1,50124,183.0,239.0,0,0.0,88.87420898132973,88.87421098503467,1,0.0011696097542561734
3,8,1,50125,287.0,347.0,0,5.8471745963591575e-15,171.36591700063295,171.36592936598277,1,0.0011696097542561734
3,8,1,50126,373.0,596.0,0,0.0,168.86016800623213,168.86016800640064,1,0.0011696097542561734
3,8,1,50127,182.66666666666666,222.0,0,0.0,108.54366303100358,108.54366336811404,1,0.0011696097542561734
3,8,1,50128,241.0,272.0,0,0.0,149.33578874333782,149.33581982525547,1,0.0011696097542561734
3,8,1,50129,382.3333333333333,502.0,0,0.0,188.7305849863171,188.73058498992577,1,0.0011696097542561734
3,8,1,50130,418.3333333333333,674.0,0,0.0,233.33560068177576,233.33560068296404,1,0.0011696097542561734
3,8,1,50131,183.33333333333334,240.0,0,0.0,110.24412291053586,110.24890974182512,1,0.0011696097542561734
3,8,1,50132,406.0,559.0,0,0.0,234.32586183700835,234.32586492806033,1,0.0011696097542561734
3,8,1,50133,200.0,338.0,0,0.0,115.19154783020197,115.19154839552533,1,0.0011696097542561734
3,8,1,50134,123.66666666666667,233.0,0,0.0,91.5145882100349,91.51458821348952,1,0.0011696097542561734
3,8,1,50135,302.0,565.0,0,0.0,162.89343383249695,162.89343386131642,1,0.0011696097542561734
3,8,1,50136,443.0,778.0,0,0.0,334.29638659063164,334.29638779965495,1,0.0011696097542561734
3,8,1,50137,147.66666666666666,292.0,0,0.0,81.68850843538054,81.68850843885077,1,0.0011696097542561734
3,8,1,50138,238.66666666666666,445.0,0,0.0,173.32885677445597,173.3288567767588,1,0.0011696097542561734
3,8,1,50139,275.3333333333333,319.0,0,5.181040781584064e-16,172.5268530568653,172.52685481185088,1,0.0011696097542561734
3,8,1,50140,177.0,221.0,0,0.0,101.92231662025976,101.92231662117224,1,0.0011696097542561734
3,8,1,50141,241.33333333333334,267.0,0,0.0,114.84485218989208,114.84485255584302,1,0.0011696097542561734
3,8,1,50142,176.0,220.0,0,0.0,90.89145234212447,90.89145295619494,1,0.0011696097542561734
3,8,1,50143,299.3333333333333,372.0,0,0.0,159.0682780382604,159.06827815367595,1,0.0011696097542561734
3,8,1,50144,365.0,447.0,0,0.0,224.66949890879323,224.66953399579586,1,0.0011696097542561734
3,8,1,50145,155.66666666666666,210.0,0,0.0,92.35811290148807,92.35811397443865,1,0.0011696097542561734
3,8,1,50146,211.66666666666666,385.0,0,1.4062824978585316e-15,105.01390417685627,105.01390426393569,1,0.0011696097542561734
3,8,1,50147,197.33333333333334,313.0,0,0.0,120.55345024446301,120.55345024469456,1,0.0011696097542561734
3,8,1,50148,156.33333333333334,337.0,0,0.0,107.80044825579499,107.80074634967873,1,0.0011696097542561734
3,8,1,50149,375.6666666666667,617.0,0,7.401486830834377e-17,278.45877275541164,278.45881499124465,1,0.0011696097542561734
3,8,1,50150,357.3333333333333,582.0,0,2.4646951146678475e-14,225.34754497089367,225.3475457287462,1,0.0011696097542561734
3,8,1,50151,167.33333333333334,232.0,0,0.0,84.6287285945405,84.62877163563128,1,0.0011696097542561734
3,8,1,50152,173.66666666666666,266.0,0,0.0,104.49542174952057,104.49658701473084,1,0.0011696097542561734
3,8,1,50153,340.0,497.0,0,0.0,218.2664712322055,218.26647126845623,1,0.0011696097542561734
3,8,1,50154,346.0,593.0,0,7.401486830834377e-17,197.11690884727443,197.11691208008017,1,0.0011696097542561734
3,8,1,50155,263.0,366.0,0,0.0,190.97207400651635,190.9721462321077,1,0.0011696097542561734
3,8,1,50156,258.0,298.0,0,0.0,145.390432198885,145.39043227601587,1,0.0011696097542561734
3,8,1,50157,181.33333333333334,248.0,0,0.0,113.0088075631826,113.00880756997331,1,0.0011696097542561734
3,8,1,50158,379.3333333333333,673.0,0,0.0,313.93356055830856,313.93356063733034,1,0.0011696097542561734
3,8,1,50159,268.6666666666667,394.0,0,0.0,152.2635793637713,152.2635793741235,1,0.0011696097542561734
3,8,1,50160,282.6666666666667,435.0,0,0.0,245.12380345113328,245.1238185077898,1,0.0011696097542561734
3,8,1,50161,230.33333333333334,273.0,0,7.401486830834377e-17,131.92854082185218,131.95864415948654,1,0.0011696097542561734
3,8,1,50162,348.3333333333333,614.0,0,0.0,144.89575449105303,144.89575568809755,1,0.0011696097542561734
3,8,1,50163,321.3333333333333,431.0,0,0.0,196.9419683614161,196.94196836337642,1,0.0011696097542561734
3,8,1,50164,195.33333333333334,240.0,0,0.0,118.71595210448318,118.71595212351826,1,0.0011696097542561734
3,8,1,50165,162.0,420.0,0,0.0,78.22116883539906,78.22116883593311,1,0.0011696097542561734
3,8,1,50166,348.3333333333333,464.0,0,0.0,203.89037143765367,203.89037144595946,1,0.0011696097542561734
3,8,1,50167,343.6666666666667,557.0,0,0.0,189.76077475285305,189.7607747537218,1,0.0011696097542561734
3,8,1,50168,386.3333333333333,729.0,0,2.531308496145357e-14,176.5892215475166,176.58935845291194,1,0.0011696097542561734
3,8,1,50169,322.6666666666667,385.0,0,0.0,133.55808560243472,133.55808560506335,1,0.0011696097542561734
3,8,1,50170,232.33333333333334,278.0,0,0.0,137.80751233999175,137.80751333270945,1,0.0011696097542561734
3,8,1,50171,234.66666666666666,465.0,0,0.0,154.0389294382518,154.03892945479276,1,0.0011696097542561734
3,8,1,50172,282.6666666666667,423.0,0,3.197442310920451e-14,209.75988352349418,214.22764325606002,1,0.0011696097542561734
3,8,1,50173,127.33333333333333,226.0,0,0.0,57.32423258851103,57.324232596298465,1,0.0011696097542561734
3,8,1,50174,289.6666666666667,363.0,0,0.0,146.681281109671,146.68128113839091,1,0.0011696097542561734
3,8,1,50175,219.0,328.0,0,7.401486830834377e-17,129.47960738606344,129.4796076995888,1,0.0011696097542561734
3,8,1,50176,188.66666666666666,289.0,0,0.0,106.22177709418987,106.22177710441115,1,0.0011696097542561734
3,8,1,50177,439.6666666666667,987.0,0,0.0,313.76450409676715,313.764504148865,1,0.0011696097542561734
3,8,1,50178,165.33333333333334,211.0,0,0.0,103.01554890825163,103.01554890872683,1,0.0011696097542561734
3,8,1,50179,235.33333333333334,425.0,0,0.0,118.25533510392904,118.25533697864101,1,0.0011696097542561734
3,8,1,50180,326.3333333333333,446.0,0,0.0,156.53356172773522,156.53356312206756,1,0.0011696097542561734
3,8,1,50181,232.66666666666666,429.0,0,0.0,132.33148251089355,132.33148251247835,1,0.0011696097542561734
3,8,1,50182,172.66666666666666,241.0,0,0.0,82.63837768447753,82.63837768490295,1,0.0011696097542561734
3,8,1,50183,234.66666666666666,279.0,0,0.0,111.82270813836834,111.82271213548546,1,0.0011696097542561734
3,8,1,50184,246.0,362.0,0,0.0,110.0466257482526,110.04662574960928,1,0.0011696097542561734
3,8,1,50185,309.0,501.0,0,0.0,177.202137108671,177.2021420636025,1,0.0011696097542561734
3,8,1,50186,249.66666666666666,309.0,0,0.0,144.85249220439076,144.852492337794,1,0.0011696097542561734
3,8,1,50187,96.33333333333333,209.0,0,0.0,53.700586666108855,53.700586684604,1,0.0011696097542561734
3,8,1,50188,400.3333333333333,598.0,0,0.0,237.63298825269453,237.63298828556708,1,0.0011696097542561734
3,8,1,50189,274.3333333333333,365.0,0,0.0,160.84567681193312,160.8456776224813,1,0.0011696097542561734
3,8,1,50190,284.0,554.0,0,0.0,135.66142755615928,135.6614275566517,1,0.0011696097542561734
3,8,1,50191,461.0,781.0,0,0.0,283.78512834274295,283.7851289075776,1,0.0011696097542561734
3,8,1,50192,286.6666666666667,340.0,0,0.0,170.67508632471194,170.67508632889007,1,0.0011696097542561734
3,8,1,50193,241.0,255.0,0,0.0,154.7171739170242,154.71717392417997,1,0.0011696097542561734
3,8,1,50194,404.0,578.0,0,0.0,241.35288786985257,241.35288926453225,1,0.0011696097542561734
3,8,1,50195,226.66666666666666,354.0,0,0.0,97.20547760058878,97.20548197147023,1,0.0011696097542561734
3,8,1,50196,231.66666666666666,362.0,0,0.0,126.58066463107292,126.58066463513131,1,0.0011696097542561734
3,8,1,50197,243.33333333333334,318.0,0,0.0,141.60120275996155,141.60121647159167,1,0.0011696097542561734
3,8,1,50198,229.0,274.0,0,0.0,118.09852884600639,118.09852884748865,1,0.0011696097542561734
3,8,1,50199,170.66666666666666,235.0,0,8.141635513917814e-15,95.53574175747382,95.53586238594119,1,0.0011696097542561734
3,8,4,50000,103.66666666666667,200.0,0,0.0,234.5740983622419,234.5740983622419,1,0.0011696097542561734
3,8,4,50001,72.33333333333333,82.0,0,0.0,161.62250878061738,161.62250878061738,1,0.0011696097542561734
3,8,4,50002,44.666666666666664,65.0,0,0.0,102.38198299154523,102.38198299154523,1,0.0011696097542561734
3,8,4,50003,150.66666666666666,342.0,0,0.0,503.81580181234114,503.81580181234114,1,0.0011696097542561734
3,8,4,50004,60.666666666666664,98.0,0,0.0,148.27135655109282,148.27135655109282,1,0.0011696097542561734
3,8,4,50005,68.0,95.0,0,0.0,153.71675230533825,153.71675230533825,1,0.0011696097542561734
3,8,4,50006,94.33333333333333,108.0,0,0.0,240.19552044884085,240.19552044884085,1,0.0011696097542561734
3,8,4,50007,100.0,137.0,0,0.0,252.11983811042788,252.11983811042788,1,0.0011696097542561734
3,8,4,50008,61.666666666666664,91.0,0,0.0,98.09951608802096,98.09951608802096,1,0.0011696097542561734
3,8,4,50009,48.666666666666664,75.0,0,0.0,89.69247127592594,89.69247127592594,1,0.0011696097542561734
3,8,4,50010,64.33333333333333,82.0,0,0.0,158.66932377603675,158.66932377603675,1,0.0011696097542561734
3,8,4,50011,47.333333333333336,58.0,0,0.0,94.60318334996002,94.60318334996002,1,0.0011696097542561734
3,8,4,50012,76.0,152.0,0,0.0,135.4638207460868,135.4638207460868,1,0.0011696097542561734
3,8,4,50013,49.333333333333336,60.0,0,0.0,109.15292749843525,109.15292749843525,1,0.0011696097542561734
3,8,4,50014,150.33333333333334,239.0,0,0.0,372.93140633388083,372.93140633388083,1,0.0011696097542561734
3,8,4,50015,55.0,99.0,0,0.0,98.54305567449926,98.54305567449926,1,0.0011696097542561734
3,8,4,50016,93.66666666666667,132.0,0,0.0,218.34459096308615,218.34459096308615,1,0.0011696097542561734
3,8,4,50017,71.0,117.0,0,0.0,140.18489597641624,140.18489597641624,1,0.0011696097542561734
3,8,4,50018,83.0,149.0,0,0.0,176.49798208280208,176.49798208280208,1,0.0011696097542561734
3,8,4,50019,56.333333333333336,61.0,0,0.0,111.80132470415015,111.80132470415015,1,0.0011696097542561734
3,8,4,50020,77.33333333333333,105.0,0,0.0,274.56196153493994,274.56196153493994,1,0.0011696097542561734
3,8,4,50021,49.0,67.0,0,0.0,129.5290383441695,129.5290383441695,1,0.0011696097542561734
3,8,4,50022,84.33333333333333,128.0,0,0.0,225.15925921218886,225.15925921218886,1,0.0011696097542561734
3,8,4,50023,62.666666666666664,82.0,0,0.0,111.23211059948558,111.23211059948558,1,0.0011696097542561734
3,8,4,50024,60.333333333333336,84.0,0,0.0,192.42800430705802,192.42800430705802,1,0.0011696097542561734
3,8,4,50025,91.33333333333333,169.0,0,0.0,223.33243904652952,223.33243904652952,1,0.0011696097542561734
3,8,4,50026,62.0,73.0,0,0.0,128.24534522106285,128.24534522106285,1,0.0011696097542561734
3,8,4,50027,40.0,58.0,0,0.0,119.80569444752454,119.80569444752454,1,0.0011696097542561734
3,8,4,50028,53.0,60.0,0,0.0,169.2008606581505,169.2008606581505,1,0.0011696097542561734
3,8,4,50029,60.666666666666664,71.0,0,0.0,145.6258005864637,145.6258005864637,1,0.0011696097542561734
3,8,4,50030,50.333333333333336,68.0,0,0.0,112.20134049213006,112.20134049213006,1,0.0011696097542561734
3,8,4,50031,72.0,77.0,0,0.0,192.336628674712,192.336628674712,1,0.0011696097542561734
3,8,4,50032,101.66666666666667,134.0,0,0.0,288.1418841661219,288.1418841661219,1,0.0011696097542561734
3,8,4,50033,54.0,54.0,0,0.0,113.60352116834072,113.60352116834072,1,0.0011696097542561734
3,8,4,50034,71.0,114.0,0,0.0,168.10262529935596,168.10262529935596,1,0.0011696097542561734
3,8,4,50035,49.333333333333336,71.0,0,0.0,410.0125521324333,410.0125521324333,1,0.0011696097542561734
3,8,4,50036,46.0,68.0,0,0.0,98.75806384670334,98.75806384670334,1,0.0011696097542561734
3,8,4,50037,51.0,81.0,0,0.0,83.61906764299592,83.61906764299592,1,0.0011696097542561734
3,8,4,50038,48.333333333333336,100.0,0,0.0,98.79581986960308,98.79581986960308,1,0.0011696097542561734
3,8,4,50039,55.666666666666664,59.0,0,0.0,177.25035017179275,177.25035017179275,1,0.0011696097542561734
3,8,4,50040,101.0,193.0,0,0.0,183.04618710084688,183.04618710084688,1,0.0011696097542561734
3,8,4,50041,94.0,121.0,0,0.0,222.18595221493342,222.18595221493342,1,0.0011696097542561734
3,8,4,50042,55.666666666666664,59.0,0,0.0,110.30727662805896,110.30727662805896,1,0.0011696097542561734
3,8,4,50043,85.0,123.0,0,0.0,209.6379877564506,209.6379877564506,1,0.0011696097542561734
3,8,4,50044,72.0,79.0,0,0.0,178.2557794931331,178.2557794931331,1,0.0011696097542561734
3,8,4,50045,69.0,88.0,0,0.0,139.69008639301535,139.69008639301535,1,0.0011696097542561734
3,8,4,50046,56.0,89.0,0,0.0,146.9737840244609,146.9737840244609,1,0.0011696097542561734
3,8,4,50047,64.0,96.0,0,0.0,151.4940702834081,151.4940702834081,1,0.0011696097542561734
3,8,4,50048,48.666666666666664,77.0,0,0.0,100.02022449548213,100.02022449548213,1,0.0011696097542561734
3,8,4,50049,57.333333333333336,68.0,0,0.0,112.21683953204634,112.21683953204634,1,0.0011696097542561734
3,8,4,50050,101.33333333333333,175.0,0,0.0,240.5466752473072,240.5466752473072,1,0.0011696097542561734
3,8,4,50051,120.33333333333333,268.0,0,0.0,411.40151028296935,411.40151028296935,1,0.0011696097542561734
3,8,4,50052,50.0,68.0,0,0.0,95.15252089780853,95.15252089780853,1,0.0011696097542561734
3,8,4,50053,56.333333333333336,73.0,0,0.0,113.6559252771666,113.6559252771666,1,0.0011696097542561734
3,8,4,50054,100.66666666666667,159.0,0,0.0,247.14279713256715,247.14279713256715,1,0.0011696097542561734
3,8,4,50055,62.0,72.0,0,0.0,123.20660426706577,123.20660426706577,1,0.0011696097542561734
3,8,4,50056,80.33333333333333,104.0,0,0.0,164.6324410360348,164.6324410360348,1,0.0011696097542561734
3,8,4,50057,50.0,86.0,0,0.0,111.02059982560525,111.02059982560525,1,0.0011696097542561734
3,8,4,50058,26.333333333333332,53.0,0,0.0,116.31036095367138,116.31036095367138,1,0.0011696097542561734
3,8,4,50059,92.66666666666667,130.0,0,0.0,219.19458780220216,219.19458780220216,1,0.0011696097542561734
3,8,4,50060,32.333333333333336,57.0,0,0.0,63.02380030712808,63.02380030712808,1,0.0011696097542561734
3,8,4,50061,52.0,90.0,0,0.0,133.70331709747975,133.70331709747975,1,0.0011696097542561734
3,8,4,50062,66.33333333333333,77.0,0,0.0,178.64589480931946,178.64589480931946,1,0.0011696097542561734
3,8,4,50063,70.33333333333333,80.0,0,0.0,141.97505164089122,141.97505164089122,1,0.0011696097542561734
3,8,4,50064,58.0,63.0,0,0.0,112.7352137472925,112.7352137472925,1,0.0011696097542561734
3,8,4,50065,69.33333333333333,76.0,0,0.0,151.48572470680298,151.48572470680298,1,0.0011696097542561734
3,8,4,50066,75.66666666666667,118.0,0,0.0,211.47307821123547,211.47307821123547,1,0.0011696097542561734
3,8,4,50067,70.33333333333333,91.0,0,0.0,211.78788533333864,211.78788533333864,1,0.0011696097542561734
3,8,4,50068,36.666666666666664,52.0,0,0.0,80.18736375587697,80.18736375587697,1,0.0011696097542561734
3,8,4,50069,54.0,67.0,0,0.0,101.64014848766156,101.64014848766156,1,0.0011696097542561734
3,8,4,50070,69.33333333333333,86.0,0,0.0,114.21071151476472,114.21071151476472,1,0.0011696097542561734
3,8,4,50071,41.666666666666664,88.0,0,0.0,112.83756940460222,112.83756940460222,1,0.0011696097542561734
3,8,4,50072,58.333333333333336,66.0,0,0.0,139.02733426738624,139.02733426738624,1,0.0011696097542561734
3,8,4,50073,63.0,77.0,0,0.0,134.08788018564573,134.08788018564573,1,0.0011696097542561734
3,8,4,50074,71.66666666666667,92.0,0,0.0,145.5053792325244,145.5053792325244,1,0.0011696097542561734
3,8,4,50075,63.0,94.0,0,0.0,104.1046426383378,104.1046426383378,1,0.0011696097542561734
3,8,4,50076,84.33333333333333,106.0,0,0.0,189.99306540499802,189.99306540499802,1,0.0011696097542561734
3,8,4,50077,84.0,105.0,0,0.0,198.3565470390337,198.3565470390337,1,0.0011696097542561734
3,8,4,50078,29.666666666666668,53.0,0,0.0,54.43341922468971,54.43341922468971,1,0.0011696097542561734
3,8,4,50079,87.33333333333333,128.0,0,0.0,159.43105357588215,159.43105357588215,1,0.0011696097542561734
3,8,4,50080,113.66666666666667,200.0,0,0.0,245.68009476291527,245.68009476291527,1,0.0011696097542561734
3,8,4,50081,62.333333333333336,112.0,0,0.0,143.9260469670713,143.9260469670713,1,0.0011696097542561734
3,8,4,50082,46.0,65.0,0,0.0,124.03877399377352,124.03877399377352,1,0.0011696097542561734
3,8,4,50083,68.66666666666667,99.0,0,0.0,149.46792362713154,149.46792362713154,1,0.0011696097542561734
3,8,4,50084,58.0,63.0,0,0.0,132.0302325865813,132.0302325865813,1,0.0011696097542561734
3,8,4,50085,40.0,52.0,0,0.0,94.78615521593626,94.78615521593626,1,0.0011696097542561734
3,8,4,50086,73.33333333333333,129.0,0,0.0,147.63696049510455,147.63696049510455,1,0.0011696097542561734
3,8,4,50087,107.33333333333333,183.0,0,0.0,248.61512958514535,248.61512958514535,1,0.0011696097542561734
3,8,4,50088,78.0,152.0,0,0.0,178.85460996781674,178.85460996781674,1,0.0011696097542561734
3,8,4,50089,81.66666666666667,123.0,0,0.0,238.8484011008592,238.8484011008592,1,0.0011696097542561734
3,8,4,50090,75.33333333333333,87.0,0,0.0,147.10853420230669,147.10853420230669,1,0.0011696097542561734
3,8,4,50091,162.33333333333334,211.0,0,0.0,388.55151392475454,388.55151392475454,1,0.0011696097542561734
3,8,4,50092,64.0,79.0,0,0.0,185.84753393453926,185.84753393453926,1,0.0011696097542561734
3,8,4,50093,83.0,102.0,0,0.0,273.7326640813278,273.7326640813278,1,0.0011696097542561734
3,8,4,50094,64.66666666666667,75.0,0,0.0,168.77464645400445,168.77464645400445,1,0.0011696097542561734
3,8,4,50095,37.0,85.0,0,0.0,78.08644620541601,78.08644620541601,1,0.0011696097542561734
3,8,4,50096,49.666666666666664,63.0,0,0.0,103.49660653647317,103.49660653647317,1,0.0011696097542561734
3,8,4,50097,80.66666666666667,120.0,0,0.0,190.24239507437042,190.24239507437042,1,0.0011696097542561734
3,8,4,50098,106.0,148.0,0,0.0,303.0371123687217,303.0371123687217,1,0.0011696097542561734
3,8,4,50099,18.333333333333332,30.0,0,0.0,41.206156326033124,41.206156326033124,1,0.0011696097542561734
3,8,4,50100,75.66666666666667,123.0,0,0.0,125.52864728047462,125.52864728047462,1,0.0011696097542561734
3,8,4,50101,64.66666666666667,86.0,0,0.0,148.24765713574706,148.24765713574706,1,0.0011696097542561734
3,8,4,50102,72.0,97.0,0,0.0,142.39189719415353,142.39189719415353,1,0.0011696097542561734
3,8,4,50103,83.0,99.0,0,0.0,163.1596949764468,163.1596949764468,1,0.0011696097542561734
3,8,4,50104,47.666666666666664,77.0,0,0.0,151.71288014087102,151.71288014087102,1,0.0011696097542561734
3,8,4,50105,83.66666666666667,142.0,0,0.0,322.1429069356445,322.1429069356445,1,0.0011696097542561734
3,8,4,50106,43.0,57.0,0,0.0,88.66416667998634,88.66416667998634,1,0.0011696097542561734
3,8,4,50107,53.666666666666664,76.0,0,0.0,133.30038568594017,133.30038568594017,1,0.0011696097542561734
3,8,4,50108,70.66666666666667,94.0,0,0.0,192.2539206158866,192.2539206158866,1,0.0011696097542561734
3,8,4,50109,70.66666666666667,118.0,0,0.0,153.89644972407865,153.89644972407865,1,0.0011696097542561734
3,8,4,50110,94.0,120.0,0,0.0,249.09244926647673,249.09244926647673,1,0.0011696097542561734
3,8,4,50111,68.33333333333333,80.0,0,0.0,163.38403898990984,163.38403898990984,1,0.0011696097542561734
3,8,4,50112,74.33333333333333,112.0,0,0.0,209.9147876657962,209.9147876657962,1,0.0011696097542561734
3,8,4,50113,58.333333333333336,67.0,0,0.0,153.49647937954015,153.49647937954015,1,0.0011696097542561734
3,8,4,50114,76.66666666666667,121.0,0,0.0,205.76917311566316,205.76917311566316,1,0.0011696097542561734
3,8,4,50115,66.66666666666667,136.0,0,0.0,155.6151537096165,155.6151537096165,1,0.0011696097542561734
3,8,4,50116,139.66666666666666,217.0,0,0.0,387.36343835021756,387.36343835021756,1,0.0011696097542561734
3,8,4,50117,90.0,137.0,0,0.0,164.32767422416126,164.32767422416126,1,0.0011696097542561734
3,8,4,50118,67.66666666666667,74.0,0,0.0,182.42936694956288,182.42936694956288,1,0.0011696097542561734
3,8,4,50119,55.666666666666664,59.0,0,0.0,124.79089164651566,124.79089164651566,1,0.0011696097542561734
3,8,4,50120,63.666666666666664,121.0,0,0.0,188.872782039384,188.872782039384,1,0.0011696097542561734
3,8,4,50121,46.0,70.0,0,0.0,121.96547726273405,121.96547726273405,1,0.0011696097542561734
3,8,4,50122,75.0,128.0,0,0.0,172.94871760230015,172.94871760230015,1,0.0011696097542561734
3,8,4,50123,52.666666666666664,65.0,0,0.0,121.00869640728824,121.00869640728824,1,0.0011696097542561734
3,8,4,50124,18.666666666666668,25.0,0,0.0,53.51889009398426,53.51889009398426,1,0.0011696097542561734
3,8,4,50125,51.666666666666664,72.0,0,0.0,97.72482361762746,97.72482361762746,1,0.0011696097542561734
3,8,4,50126,98.33333333333333,146.0,0,0.0,163.08500297247815,163.08500297247815,1,0.0011696097542561734
3,8,4,50127,69.0,83.0,0,0.0,173.3046413778894,173.3046413778894,1,0.0011696097542561734
3,8,4,50128,103.33333333333333,141.0,0,0.0,222.09623470798343,222.09623470798343,1,0.0011696097542561734
3,8,4,50129,47.0,58.0,0,0.0,93.2744148069058,93.2744148069058,1,0.0011696097542561734
3,8,4,50130,62.333333333333336,97.0,0,0.0,179.8952239075293,179.8952239075293,1,0.0011696097542561734
3,8,4,50131,38.0,52.0,0,0.0,88.37481757432066,88.37481757432066,1,0.0011696097542561734
3,8,4,50132,70.0,80.0,0,0.0,157.18586204710755,157.18586204710755,1,0.0011696097542561734
3,8,4,50133,50.666666666666664,81.0,0,0.0,169.61610178471173,169.61610178471173,1,0.0011696097542561734
3,8,4,50134,57.666666666666664,62.0,0,0.0,122.8062390433297,122.8062390433297,1,0.0011696097542561734
3,8,4,50135,48.333333333333336,77.0,0,0.0,147.45263225330544,147.45263225330544,1,0.0011696097542561734
3,8,4,50136,65.66666666666667,84.0,0,0.0,171.84436483198795,171.84436483198795,1,0.0011696097542561734
3,8,4,50137,49.0,70.0,0,0.0,116.65688804080439,116.65688804080439,1,0.0011696097542561734
3,8,4,50138,59.0,96.0,0,0.0,159.45440265387265,159.45440265387265,1,0.0011696097542561734
3,8,4,50139,67.33333333333333,88.0,0,0.0,146.50636974474423,146.50636974474423,1,0.0011696097542561734
3,8,4,50140,56.0,61.0,0,0.0,131.55427260373716,131.55427260373716,1,0.0011696097542561734
3,8,4,50141,86.0,141.0,0,0.0,185.12048980865882,185.12048980865882,1,0.0011696097542561734
3,8,4,50142,59.0,67.0,0,0.0,145.25724509295034,145.25724509295034,1,0.0011696097542561734
3,8,4,50143,100.66666666666667,148.0,0,0.0,160.30243780664907,160.30243780664907,1,0.0011696097542561734
3,8,4,50144,74.33333333333333,87.0,0,0.0,124.1717791929671,124.1717791929671,1,0.0011696097542561734
3,8,4,50145,103.0,167.0,0,0.0,254.71208651793862,254.71208651793862,1,0.0011696097542561734
3,8,4,50146,45.333333333333336,59.0,0,0.0,94.86339642453542,94.86339642453542,1,0.0011696097542561734
3,8,4,50147,58.333333333333336,70.0,0,0.0,117.25289452113249,117.25289452113249,1,0.0011696097542561734
3,8,4,50148,67.0,76.0,0,0.0,148.1210322827957,148.1210322827957,1,0.0011696097542561734
3,8,4,50149,62.666666666666664,68.0,0,0.0,135.29015368459878,135.29015368459878,1,0.0011696097542561734
3,8,4,50150,139.0,241.0,0,0.0,361.1154959924472,361.1154959924472,1,0.0011696097542561734
3,8,4,50151,47.0,71.0,0,0.0,125.53006206777592,125.53006206777592,1,0.0011696097542561734
3,8,4,50152,68.66666666666667,90.0,0,0.0,144.4827174042657,144.4827174042657,1,0.0011696097542561734
3,8,4,50153,77.0,123.0,0,0.0,219.41612636677323,219.41612636677323,1,0.0011696097542561734
3,8,4,50154,50.333333333333336,71.0,0,0.0,120.61715055288654,120.61715055288654,1,0.0011696097542561734
3,8,4,50155,79.0,151.0,0,0.0,250.40281695494582,250.40281695494582,1,0.0011696097542561734
3,8,4,50156,68.33333333333333,119.0,0,0.0,115.8772681902389,115.8772681902389,1,0.0011696097542561734
3,8,4,50157,70.0,103.0,0,0.0,172.0993451053317,172.0993451053317,1,0.0011696097542561734
3,8,4,50158,86.0,149.0,0,0.0,213.60515641402313,213.60515641402313,1,0.0011696097542561734
3,8,4,50159,62.666666666666664,73.0,0,0.0,332.6156420236275,332.6156420236275,1,0.0011696097542561734
3,8,4,50160,77.0,94.0,0,0.0,159.4756898689544,159.4756898689544,1,0.0011696097542561734
3,8,4,50161,96.66666666666667,147.0,0,0.0,264.4200384081269,264.4200384081269,1,0.0011696097542561734
3,8,4,50162,118.0,167.0,0,0.0,317.05269235168686,317.05269235168686,1,0.0011696097542561734
3,8,4,50163,109.66666666666667,207.0,0,0.0,304.037855516589,304.037855516589,1,0.0011696097542561734
3,8,4,50164,76.66666666666667,102.0,0,0.0,148.79960294575363,148.79960294575363,1,0.0011696097542561734
3,8,4,50165,109.0,148.0,0,0.0,219.40129501031825,219.40129501031825,1,0.0011696097542561734
3,8,4,50166,62.0,85.0,0,0.0,125.26274030868056,125.26274030868056,1,0.0011696097542561734
3,8,4,50167,97.33333333333333,138.0,0,0.0,168.8249859050033,168.8249859050033,1,0.0011696097542561734
3,8,4,50168,58.333333333333336,75.0,0,0.0,101.11016736544394,101.11016736544394,1,0.0011696097542561734
3,8,4,50169,112.33333333333333,143.0,0,0.0,212.76145723167235,212.76145723167235,1,0.0011696097542561734
3,8,4,50170,32.0,52.0,0,0.0,60.105490927083615,60.105490927083615,1,0.0011696097542561734
3,8,4,50171,49.333333333333336,69.0,0,0.0,115.73544470185429,115.73544470185429,1,0.0011696097542561734
3,8,4,50172,79.33333333333333,117.0,0,0.0,238.09175455924023,238.09175455924023,1,0.0011696097542561734
3,8,4,50173,76.33333333333333,92.0,0,0.0,145.71864035181423,145.71864035181423,1,0.0011696097542561734
3,8,4,50174,97.66666666666667,161.0,0,0.0,311.056166410758,311.056166410758,1,0.0011696097542561734
3,8,4,50175,70.33333333333333,105.0,0,0.0,143.58644429921864,143.58644429921864,1,0.0011696097542561734
3,8,4,50176,43.0,67.0,0,0.0,92.35442958138357,92.35442958138357,1,0.0011696097542561734
3,8,4,50177,55.666666666666664,61.0,0,0.0,127.33805830484557,127.33805830484557,1,0.0011696097542561734
3,8,4,50178,57.333333333333336,79.0,0,0.0,113.50929514929567,113.50929514929567,1,0.0011696097542561734
3,8,4,50179,56.666666666666664,62.0,0,0.0,124.45118598854067,124.45118598854067,1,0.0011696097542561734
3,8,4,50180,75.0,143.0,0,0.0,140.59577853910028,140.59577853910028,1,0.0011696097542561734
3,8,4,50181,61.666666666666664,63.0,0,0.0,105.19218259332712,105.19218259332712,1,0.0011696097542561734
3,8,4,50182,78.33333333333333,158.0,0,0.0,195.99065689858932,195.99065689858932,1,0.0011696097542561734
3,8,4,50183,76.0,87.0,0,0.0,156.84574587222704,156.84574587222704,1,0.0011696097542561734
3,8,4,50184,56.0,81.0,0,0.0,117.57083495682117,117.57083495682117,1,0.0011696097542561734
3,8,4,50185,62.666666666666664,84.0,0,0.0,107.98778132468419,107.98778132468419,1,0.0011696097542561734
3,8,4,50186,67.66666666666667,85.0,0,0.0,132.73392497292332,132.73392497292332,1,0.0011696097542561734
3,8,4,50187,87.33333333333333,123.0,0,0.0,214.05621550587628,214.05621550587628,1,0.0011696097542561734
3,8,4,50188,89.33333333333333,137.0,0,0.0,216.66164242097315,216.66164242097315,1,0.0011696097542561734
3,8,4,50189,120.0,278.0,0,0.0,250.78253014010565,250.78253014010565,1,0.0011696097542561734
3,8,4,50190,57.0,60.0,0,0.0,135.03864010948567,135.03864010948567,1,0.0011696097542561734
3,8,4,50191,76.66666666666667,162.0,0,0.0,188.53496921757366,188.53496921757366,1,0.0011696097542561734
3,8,4,50192,79.66666666666667,119.0,0,0.0,218.16773448318756,218.16773448318756,1,0.0011696097542561734
3,8,4,50193,64.66666666666667,87.0,0,0.0,139.2791597689529,139.2791597689529,1,0.0011696097542561734
3,8,4,50194,48.333333333333336,76.0,0,0.0,120.46633616830498,120.46633616830498,1,0.0011696097542561734
3,8,4,50195,68.0,95.0,0,0.0,165.06046564920663,165.06046564920663,1,0.0011696097542561734
3,8,4,50196,60.0,107.0,0,0.0,102.63073664444273,102.63073664444273,1,0.0011696097542561734
3,8,4,50197,78.66666666666667,83.0,0,0.0,151.23802600472106,151.23802600472106,1,0.0011696097542561734
3,8,4,50198,43.333333333333336,52.0,0,0.0,96.85839026557854,96.85839026557854,1,0.0011696097542561734
3,8,4,50199,53.333333333333336,80.0,0,0.0,92.4818608440956,92.4818608440956,1,0.0011696097542561734
3,16,1,50000,327.6666666666667,480.0,0,0.0,185.20446414069195,185.20446424715428,2,0.0011696097542561734
3,16,1,50001,78.33333333333333,82.0,0,0.0,42.90800140478382,42.90800140478382,2,0.0011696097542561734
3,16,1,50002,323.3333333333333,388.0,0,0.0,203.80063350644022,203.8006335477971,2,0.0011696097542561734
3,16,1,50003,198.66666666666666,441.0,0,0.0,145.44628390626937,145.446505879844,3,0.0011696097542561734
3,16,1,50004,61.666666666666664,84.0,0,0.0,32.84239354958149,32.84239354958149,2,0.0011696097542561734
3,16,1,50005,221.66666666666666,423.0,0,3.0118130212031247e-12,112.70107616230148,112.70107654475375,4,0.0011696097542561734
3,16,1,50006,454.6666666666667,728.0,0,0.0,267.84814983959865,267.8481498396723,1,0.0011696097542561734
3,16,1,50007,209.33333333333334,305.0,0,0.0,99.19575402207823,99.19575407246562,4,0.0011696097542561734
3,16,1,50008,56.0,92.0,0,0.0,22.672100395906995,22.672100395906995,2,0.0011696097542561734
3,16,1,50009,147.0,316.0,0,2.9605947323337506e-16,64.98825487678381,64.98825505397879,5,0.0011696097542561734
3,16,1,50010,335.3333333333333,379.0,0,0.0,198.19081052158208,198.19081057279,3,0.0011696097542561734
3,16,1,50011,189.0,248.0,0,2.059055592695813e-09,145.2200011406687,157.405656351228,2,0.0011696097542561734
3,16,1,50012,193.66666666666666,507.0,0,5.8325196524341054e-12,102.5900549372365,102.59829197541586,5,0.0011696097542561734
3,16,1,50013,193.0,216.0,0,0.0,144.44559525598666,144.4455952583082,5,0.0011696097542561734
3,16,1,50014,237.0,255.0,0,0.0,153.34805197285945,153.3480522498705,2,0.0011696097542561734
3,16,1,50015,178.0,281.0,0,1.495100339828544e-14,89.83122968106277,89.87803110464012,6,0.0011696097542561734
3,16,1,50016,159.66666666666666,284.0,0,6.9188893873454544e-09,81.70382210480933,84.06271483618757,4,0.0011696097542561734
3,16,1,50017,380.6666666666667,842.0,0,4.440892098500626e-16,221.26004921532353,221.2609670806029,5,0.0011696097542561734
3,16,1,50018,275.0,369.0,0,0.0,154.2330264457071,154.2330265584151,1,0.0011696097542561734
3,16,1,50019,405.6666666666667,1086.0,0,4.440892098500626e-16,299.6312939668425,299.63280973778416,5,0.0011696097542561734
3,16,1,50020,289.0,380.0,0,0.0,176.0050092732804,176.00501180394778,5,0.0011696097542561734
3,16,1,50021,409.3333333333333,620.0,0,0.0,183.84286650182614,183.84286650203913,4,0.0011696097542561734
3,16,1,50022,222.0,238.0,0,0.0,178.94722999610545,178.94722999710416,1,0.0011696097542561734
3,16,1,50023,427.0,535.0,0,0.0,256.60861129964957,256.6086113177602,4,0.0011696097542561734
3,16,1,50024,182.66666666666666,234.0,0,0.0,88.18908489935814,88.18908490083389,3,0.0011696097542561734
3,16,1,50025,189.0,232.0,0,0.0,100.45514498109473,100.45514500364123,2,0.0011696097542561734
3,16,1,50026,242.66666666666666,321.0,0,0.0,145.03363957523402,145.033639578012,4,0.0011696097542561734
3,16,1,50027,69.33333333333333,86.0,0,0.0,36.4129410494475,36.4129410494475,4,0.0011696097542561734
3,16,1,50028,245.0,331.0,0,0.0,118.56556210531615,118.56556211196319,5,0.0011696097542561734
3,16,1,50029,88.33333333333333,138.0,0,0.0,41.800250996474325,41.800250996474325,5,0.0011696097542561734
3,16,1,50030,355.6666666666667,433.0,0,0.0,179.01537890408622,179.01537890540476,3,0.0011696097542561734
3,16,1,50031,322.0,326.0,0,0.0,240.18159153694717,240.1816045742315,2,0.0011696097542561734
3,16,1,50032,68.66666666666667,96.0,0,0.0,48.779926817863945,48.779926817863945,2,0.0011696097542561734
3,16,1,50033,349.6666666666667,418.0,0,1.609823385706477e-13,243.64717621305462,243.6471807771161,5,0.0011696097542561734
3,16,1,50034,83.0,96.0,0,0.0,51.58886389864934,51.588863906843095,4,0.0011696097542561734
3,16,1,50035,117.66666666666667,265.0,0,0.0,49.683922608343,49.68392338982167,3,0.0011696097542561734
3,16,1,50036,267.6666666666667,667.0,0,0.0,132.70541742538438,132.7108036961319,2,0.0011696097542561734
3,16,1,50037,179.0,286.0,0,0.0,102.8112688038354,102.81126882029166,1,0.0011696097542561734
3,16,1,50038,310.0,485.0,0,5.98336195404651e-13,221.7849100901282,221.7849116628901,5,0.0011696097542561734
3,16,1,50039,244.66666666666666,428.0,0,8.881784197001252e-16,146.73047057175427,146.7304716462365,2,0.0011696097542561734
3,16,1,50040,292.6666666666667,383.0,0,0.0,240.4976423127971,240.4978478444137,3,0.0011696097542561734
3,16,1,50041,190.0,260.0,0,5.3290705182007514e-14,102.7005489091478,102.70095531428883,5,0.0011696097542561734
3,16,1,50042,39.333333333333336,54.0,0,0.0,20.589355716975057,20.589355716975057,3,0.0011696097542561734
3,16,1,50043,233.66666666666666,616.0,0,0.0,98.84767081640796,98.84767374832127,3,0.0011696097542561734
3,16,1,50044,237.33333333333334,274.0,0,0.0,132.39044991905772,132.39044992567804,3,0.0011696097542561734
3,16,1,50045,284.3333333333333,320.0,0,0.0,158.19981731852843,158.19981734106884,2,0.0011696097542561734
3,16,1,50046,175.0,331.0,0,0.0,98.17797174692821,98.17797174745665,5,0.0011696097542561734
3,16,1,50047,242.0,337.0,0,0.0,166.628592250524,166.62859255697586,5,0.0011696097542561734
3,16,1,50048,244.66666666666666,388.0,0,1.4802973661668753e-16,133.3980415535108,133.39806512328764,3,0.0011696097542561734
3,16,1,50049,74.0,90.0,0,0.0,42.25388446983575,42.25388446983575,2,0.0011696097542561734
3,16,1,50050,238.0,343.0,0,0.0,139.77114316316866,139.77114412546118,2,0.0011696097542561734
3,16,1,50051,230.33333333333334,248.0,0,0.0,124.06791181325177,124.06791181423036,1,0.0011696097542561734
3,16,1,50052,161.33333333333334,179.0,0,0.0,98.79308263359955,98.79308263359955,3,0.0011696097542561734
3,16,1,50053,83.0,157.0,0,0.0,48.379101442457795,48.379101442457795,2,0.0011696097542561734
3,16,1,50054,147.66666666666666,213.0,0,0.0,156.18335487968164,156.18335539233695,3,0.0011696097542561734
3,16,1,50055,236.66666666666666,286.0,0,0.0,128.42212604173764,128.4221268034194,3,0.0011696097542561734
3,16,1,50056,67.33333333333333,76.0,0,0.0,30.875162969898568,30.875162969898568,2,0.0011696097542561734
3,16,1,50057,279.3333333333333,323.0,0,0.0,150.25926715011474,150.25926735482787,4,0.0011696097542561734
3,16,1,50058,285.6666666666667,399.0,0,0.0,201.8332586605843,201.83360277441594,5,0.0011696097542561734
3,16,1,50059,46.666666666666664,53.0,0,0.0,40.78351950937078,40.78351950937078,3,0.0011696097542561734
3,16,1,50060,257.6666666666667,326.0,0,0.0,165.10599275152438,165.1059932287328,1,0.0011696097542561734
3,16,1,50061,216.33333333333334,244.0,0,0.0,193.5610837418659,193.56177662702416,3,0.0011696097542561734
3,16,1,50062,147.0,217.0,0,0.0,84.50863522742036,84.50863528061552,2,0.0011696097542561734
3,16,1,50063,355.0,379.0,0,0.0,207.4681432623513,207.46814398189122,2,0.0011696097542561734
3,16,1,50064,220.66666666666666,228.0,0,0.0,114.09545879790592,114.09546323297297,2,0.0011696097542561734
3,16,1,50065,57.666666666666664,73.0,0,0.0,38.85476447067258,38.85476447067258,5,0.0011696097542561734
3,16,1,50066,251.0,313.0,0,0.0,113.55506116400868,113.55506124454973,3,0.0011696097542561734
3,16,1,50067,397.0,676.0,0,0.0,275.58744359454613,275.5874438738869,2,0.0011696097542561734
3,16,1,50068,238.66666666666666,262.0,0,0.0,123.7106015229745,123.71060153481034,3,0.0011696097542561734
3,16,1,50069,203.33333333333334,204.0,0,7.401486830834377e-17,128.13587553209206,128.13588531859105,2,0.0011696097542561734
3,16,1,50070,53.0,59.0,0,0.0,31.85073500118273,31.85073500118273,3,0.0011696097542561734
3,16,1,50071,218.66666666666666,513.0,0,8.54316617449058e-12,132.18464441177113,132.18954174748708,5,0.0011696097542561734
3,16,1,50072,99.33333333333333,137.0,0,0.0,55.25165655177238,55.251660975725486,4,0.0011696097542561734
3,16,1,50073,213.33333333333334,338.0,0,0.0,170.57831578875337,170.5783159517802,2,0.0011696097542561734
3,16,1,50074,463.0,917.0,0,0.0,235.4993972577812,235.4994126329867,4,0.0011696097542561734
3,16,1,50075,305.0,417.0,0,0.0,164.00454919561108,164.00454997018423,5,0.0011696097542561734
3,16,1,50076,310.6666666666667,369.0,0,0.0,224.7992526754017,224.79926652505176,3,0.0011696097542561734
3,16,1,50077,220.66666666666666,385.0,0,0.0,100.57877749760132,100.57878286031132,4,0.0011696097542561734
3,16,1,50078,412.0,661.0,0,0.0,241.0732805624442,241.0736501366632,1,0.0011696097542561734
3,16,1,50079,366.6666666666667,451.0,0,0.0,205.7593170778588,205.75931766875587,3,0.0011696097542561734
3,16,1,50080,271.3333333333333,300.0,0,5.921189464667501e-16,154.42508318073098,154.4256102333344,2,0.0011696097542561734
3,16,1,50081,283.3333333333333,430.0,0,0.0,159.7113059073797,159.71130635939474,2,0.0011696097542561734
3,16,1,50082,285.3333333333333,301.0,0,0.0,181.29641655015757,181.29641655080104,3,0.0011696097542561734
3,16,1,50083,217.0,227.0,0,7.401486830834377e-17,167.89797747081164,167.898091994609,2,0.0011696097542561734
3,16,1,50084,276.6666666666667,357.0,0,0.0,184.36416847345632,184.3641688036919,2,0.0011696097542561734
3,16,1,50085,493.0,784.0,0,0.0,353.836964088877,353.8369640939082,1,0.0011696097542561734
3,16,1,50086,314.6666666666667,459.0,0,0.0,136.16119758216547,136.16119815465672,4,0.0011696097542561734
3,16,1,50087,176.33333333333334,239.0,0,2.7204164846731754e-11,119.27344283422197,119.2735440629901,4,0.0011696097542561734
3,16,1,50088,244.66666666666666,261.0,0,7.401486830834377e-17,145.36881642320222,145.3693265471942,1,0.0011696097542561734
3,16,1,50089,180.0,395.0,0,1.2578456794661482e-11,86.497107195076,86.49851748806488,4,0.0011696097542561734
3,16,1,50090,175.0,331.0,0,1.2212453270876722e-14,79.2781213288734,79.27826372658454,3,0.0011696097542561734
3,16,1,50091,522.6666666666666,709.0,0,0.0,333.20500079902894,333.2050520312944,1,0.0011696097542561734
3,16,1,50092,393.3333333333333,484.0,0,0.0,250.6339689257128,250.6339690162257,2,0.0011696097542561734
3,16,1,50093,420.3333333333333,881.0,0,2.4424906541753444e-15,215.30362088337256,215.30375227029091,1,0.0011696097542561734
3,16,1,50094,244.33333333333334,292.0,0,0.0,134.52581088816797,134.52581115525575,3,0.0011696097542561734
3,16,1,50095,214.66666666666666,221.0,0,0.0,126.07325886743483,126.07328948110343,1,0.0011696097542561734
3,16,1,50096,351.6666666666667,605.0,0,0.0,222.32598171715983,222.32599123885257,5,0.0011696097542561734
3,16,1,50097,203.33333333333334,243.0,0,7.401486830834377e-17,152.17934879549622,152.17970723632573,3,0.0011696097542561734
3,16,1,50098,145.66666666666666,227.0,0,0.0,72.07323468321883,72.07323545390416,6,0.0011696097542561734
3,16,1,50099,234.66666666666666,441.0,0,0.0,131.05335892356726,131.0533589257034,3,0.0011696097542561734
3,16,1,50100,328.3333333333333,627.0,0,0.0,192.78497169398292,192.784971696213,6,0.0011696097542561734
3,16,1,50101,157.66666666666666,330.0,0,3.7733749458368493e-10,478.669975355574,600.4434197280686,3,0.0011696097542561734
3,16,1,50102,228.33333333333334,250.0,0,0.0,113.57584551283229,113.57584588080196,1,0.0011696097542561734
3,16,1,50103,205.33333333333334,208.0,0,0.0,104.86481755387307,104.86481765398291,2,0.0011696097542561734
3,16,1,50104,181.0,264.0,0,0.0,90.46708454853899,90.46708454928012,1,0.0011696097542561734
3,16,1,50105,183.66666666666666,195.0,0,0.0,182.10018900117834,182.10018900183798,4,0.0011696097542561734
3,16,1,50106,184.66666666666666,353.0,0,3.0819791163594346e-13,70.84661146810993,70.84730154482402,4,0.0011696097542561734
3,16,1,50107,271.0,727.0,0,0.0,135.65545154121926,135.65545320537785,2,0.0011696097542561734
3,16,1,50108,308.3333333333333,481.0,0,0.0,141.63540413972638,141.63540970209587,4,0.0011696097542561734
3,16,1,50109,325.6666666666667,413.0,0,0.0,143.65145808758692,143.651458091234,4,0.0011696097542561734
3,16,1,50110,386.0,754.0,0,0.0,293.8882942955349,293.88831029447164,2,0.0011696097542561734
3,16,1,50111,208.0,512.0,0,0.0,110.97259042306139,110.97261979973756,4,0.0011696097542561734
3,16,1,50112,100.33333333333333,138.0,0,0.0,67.07298097270505,67.07298108351672,3,0.0011696097542561734
3,16,1,50113,207.33333333333334,434.0,0,1.4506914188435378e-14,94.34781289640546,94.34781507323743,4,0.0011696097542561734
3,16,1,50114,298.3333333333333,468.0,0,0.0,158.04604858990376,158.0460485906921,2,0.0011696097542561734
3,16,1,50115,249.33333333333334,329.0,0,2.9605947323337506e-16,155.46142758212787,155.461428414156,2,0.0011696097542561734
3,16,1,50116,186.33333333333334,266.0,0,0.0,83.19217210738067,83.19217223446718,1,0.0011696097542561734
3,16,1,50117,590.6666666666666,800.0,0,0.0,371.07915915764414,371.0792983547505,2,0.0011696097542561734
3,16,1,50118,273.0,332.0,0,0.0,172.53645208439966,172.53645442295985,3,0.0011696097542561734
3,16,1,50119,206.33333333333334,551.0,0,3.7140660917126905e-13,114.41249649084936,114.421492539601,3,0.0011696097542561734
3,16,1,50120,274.0,328.0,0,0.0,145.18798550393282,145.18798551273593,2,0.0011696097542561734
3,16,1,50121,228.66666666666666,242.0,0,0.0,116.12613305916248,116.12613308123468,3,0.0011696097542561734
3,16,1,50122,257.3333333333333,311.0,0,0.0,137.61779005113024,137.61779005166565,2,0.0011696097542561734
3,16,1,50123,213.66666666666666,317.0,0,2.9605947323337506e-16,117.7334019201672,117.73340195579111,2,0.0011696097542561734
3,16,1,50124,269.6666666666667,432.0,0,0.0,137.17943164121576,137.1794395773031,4,0.0011696097542561734
3,16,1,50125,461.3333333333333,860.0,0,0.0,289.2542561211015,289.25425874661937,1,0.0011696097542561734
3,16,1,50126,390.6666666666667,712.0,0,0.0,242.1606568936504,242.16065691908864,2,0.0011696097542561734
3,16,1,50127,206.33333333333334,221.0,0,7.401486830834377e-17,114.93671129883528,114.9367122853585,2,0.0011696097542561734
3,16,1,50128,382.3333333333333,493.0,0,0.0,261.6310600243574,261.63106085910914,3,0.0011696097542561734
3,16,1,50129,143.33333333333334,209.0,0,0.0,76.10726181770062,76.10726181792778,4,0.0011696097542561734
3,16,1,50130,151.66666666666666,323.0,0,2.8681797677639526e-11,70.70767102251646,70.70767979193394,4,0.0011696097542561734
3,16,1,50131,246.66666666666666,338.0,0,0.0,187.21363093019045,187.21363100263724,3,0.0011696097542561734
3,16,1,50132,410.6666666666667,725.0,0,0.0,280.0838549047614,280.08385515004284,3,0.0011696097542561734
3,16,1,50133,50.0,71.0,0,0.0,31.202816496908117,31.202816496908117,2,0.0011696097542561734
3,16,1,50134,57.0,101.0,0,0.0,39.26533454945652,39.26533454945652,3,0.0011696097542561734
3,16,1,50135,87.66666666666667,103.0,0,0.0,54.33719548598586,54.33719548598586,4,0.0011696097542561734
3,16,1,50136,505.3333333333333,1075.0,0,7.401486830834377e-17,370.36733850559216,370.3673448979264,4,0.0011696097542561734
3,16,1,50137,352.0,499.0,0,0.0,213.3392196624836,213.33922111145185,2,0.0011696097542561734
3,16,1,50138,217.66666666666666,238.0,0,0.0,132.20102974657735,132.2010300562074,3,0.0011696097542561734
3,16,1,50139,240.66666666666666,398.0,0,0.0,121.25918332251551,121.25925387299401,4,0.0011696097542561734
3,16,1,50140,94.66666666666667,131.0,0,0.0,53.222250389708925,53.22225042139408,5,0.0011696097542561734
3,16,1,50141,52.666666666666664,58.0,0,0.0,29.31155525467558,29.31155525467558,3,0.0011696097542561734
3,16,1,50142,294.6666666666667,453.0,0,5.921189464667501e-16,156.39055257165427,156.39072653580453,2,0.0011696097542561734
3,16,1,50143,66.66666666666667,71.0,0,0.0,39.12228360770859,39.12228360770859,3,0.0011696097542561734
3,16,1,50144,275.3333333333333,385.0,0,7.401486830834377e-17,193.2884082630459,193.28842993719636,6,0.0011696097542561734
3,16,1,50145,243.33333333333334,447.0,0,0.0,138.63907561586475,138.63907611898057,4,0.0011696097542561734
3,16,1,50146,49.0,55.0,0,0.0,28.634830318224175,28.634830318224175,2,0.0011696097542561734
3,16,1,50147,423.6666666666667,649.0,0,0.0,251.6707474553457,251.6707475888247,2,0.0011696097542561734
3,16,1,50148,60.0,86.0,0,0.0,34.95637470354007,34.95637470354007,3,0.0011696097542561734
3,16,1,50149,229.33333333333334,384.0,0,0.0,108.47277594048644,108.47277607107837,4,0.0011696097542561734
3,16,1,50150,432.0,884.0,0,0.0,291.6146434715284,291.6146437814597,2,0.0011696097542561734
3,16,1,50151,236.66666666666666,268.0,0,0.0,105.94384777349383,105.94384779965333,2,0.0011696097542561734
3,16,1,50152,255.66666666666666,361.0,0,0.0,137.08921963009524,137.08921963765172,3,0.0011696097542561734
3,16,1,50153,178.33333333333334,216.0,0,0.0,91.93611599711738,91.93611599718412,2,0.0011696097542561734
3,16,1,50154,282.0,451.0,0,4.440892098500626e-16,161.77083109011025,161.77083157842162,3,0.0011696097542561734
3,16,1,50155,55.0,76.0,0,0.0,32.13931081700296,32.13931081700296,4,0.0011696097542561734
3,16,1,50156,208.0,247.0,0,3.2566542055671257e-15,104.5346913538245,104.53470937505489,3,0.0011696097542561734
3,16,1,50157,161.0,368.0,0,3.0346096006420944e-15,79.01648469861064,79.01649123710497,5,0.0011696097542561734
3,16,1,50158,197.33333333333334,377.0,0,0.0,100.21758067132494,100.2175807467245,5,0.0011696097542561734
3,16,1,50159,130.33333333333334,141.0,0,0.0,63.05638051987361,63.05638057869563,3,0.0011696097542561734
3,16,1,50160,53.666666666666664,55.0,0,0.0,31.858915003329518,31.858915003329518,3,0.0011696097542561734
3,16,1,50161,241.66666666666666,375.0,0,1.0436096431476471e-14,174.34686806109778,174.3468949575713,3,0.0011696097542561734
3,16,1,50162,59.333333333333336,77.0,0,0.0,32.465575041658695,32.465575041658695,2,0.0011696097542561734
3,16,1,50163,248.0,284.0,0,0.0,153.593990122135,153.59399012966574,1,0.0011696097542561734
3,16,1,50164,156.0,358.0,0,1.7023419710919068e-15,105.58988295550294,105.58988486426004,5,0.0011696097542561734
3,16,1,50165,326.0,582.0,0,9.62193288008469e-16,338.3063293435342,338.7873471159622,4,0.0011696097542561734
3,16,1,50166,53.666666666666664,56.0,0,0.0,30.075206236109295,30.075206236109295,3,0.0011696097542561734
3,16,1,50167,352.3333333333333,468.0,0,0.0,311.11297158628076,311.11297857936216,3,0.0011696097542561734
3,16,1,50168,190.66666666666666,248.0,0,0.0,112.40649543851909,112.40649573825739,3,0.0011696097542561734
3,16,1,50169,263.0,308.0,0,0.0,115.6728420014911,115.67284204784794,2,0.0011696097542561734
3,16,1,50170,198.33333333333334,277.0,0,0.0,129.65683752514985,129.65683756100134,1,0.0011696097542561734
3,16,1,50171,149.0,198.0,0,0.0,129.1030386537025,129.1030386544106,5,0.0011696097542561734
3,16,1,50172,234.66666666666666,295.0,0,0.0,118.39841635991144,118.39841637335176,3,0.0011696097542561734
3,16,1,50173,195.0,215.0,0,0.0,115.67204062974315,115.67204063080551,5,0.0011696097542561734
3,16,1,50174,40.666666666666664,42.0,0,0.0,22.478242746213656,22.478242746213656,2,0.0011696097542561734
3,16,1,50175,273.6666666666667,440.0,0,0.0,180.1573639887431,180.15736460425197,5,0.0011696097542561734
3,16,1,50176,150.66666666666666,307.0,0,4.366877230192283e-15,96.39507639351912,96.39508015487782,4,0.0011696097542561734
3,16,1,50177,214.33333333333334,230.0,0,1.3322676295501878e-14,236.28132699264484,236.2944330562409,3,0.0011696097542561734
3,16,1,50178,176.66666666666666,217.0,0,5.181040781584064e-16,114.56869526060693,114.56869534406864,5,0.0011696097542561734
3,16,1,50179,283.6666666666667,390.0,0,4.886461605716855e-13,151.38113399415133,151.38113676283388,3,0.0011696097542561734
3,16,1,50180,274.3333333333333,316.0,0,0.0,160.3334499485911,160.33345004717827,2,0.0011696097542561734
3,16,1,50181,274.0,395.0,0,0.0,212.09428034584118,212.0942803615952,3,0.0011696097542561734
3,16,1,50182,360.0,971.0,0,1.4802973661668753e-16,245.3360477782917,245.3360498979482,4,0.0011696097542561734
3,16,1,50183,219.66666666666666,348.0,0,0.0,137.32590179761021,137.32591265618558,2,0.0011696097542561734
3,16,1,50184,206.0,213.0,0,0.0,103.66667234197332,103.67693399416662,1,0.0011696097542561734
3,16,1,50185,78.0,144.0,0,0.0,34.39002744128206,34.390027442559386,5,0.0011696097542561734
3,16,1,50186,314.0,346.0,0,8.630133644752884e-14,213.84222784609247,213.84227548532326,3,0.0011696097542561734
3,16,1,50187,216.33333333333334,268.0,0,7.401486830834377e-17,221.08372275574428,221.08918404729945,2,0.0011696097542561734
3,16,1,50188,359.0,576.0,0,0.0,212.38548482987505,212.38548493992653,2,0.0011696097542561734
3,16,1,50189,60.0,66.0,0,0.0,34.388301181645325,34.388301181645325,3,0.0011696097542561734
3,16,1,50190,69.33333333333333,98.0,0,0.0,41.63585039113876,41.63585039113876,1,0.0011696097542561734
3,16,1,50191,151.0,299.0,0,1.0665542523232337e-13,118.9638248260809,118.96401619103278,4,0.0011696097542561734
3,16,1,50192,253.33333333333334,455.0,0,2.3240668648819945e-14,120.88070907633403,120.88070909483173,2,0.0011696097542561734
3,16,1,50193,141.66666666666666,295.0,0,5.921189464667501e-16,72.43016132982983,72.43016643136077,3,0.0011696097542561734
3,16,1,50194,233.33333333333334,300.0,0,0.0,114.58075699804806,114.58076005763314,4,0.0011696097542561734
3,16,1,50195,241.66666666666666,355.0,0,0.0,110.89184446036371,110.89184448107223,5,0.0011696097542561734
3,16,1,50196,232.33333333333334,264.0,0,2.9605947323337506e-16,326.6659097881631,326.6665223045039,2,0.0011696097542561734
3,16,1,50197,231.33333333333334,280.0,0,0.0,123.85191311782785,123.85191938036303,3,0.0011696097542561734
3,16,1,50198,155.0,263.0,0,0.0,93.22028989490097,93.22029028471134,5,0.0011696097542561734
3,16,1,50199,253.66666666666666,303.0,0,1.8503717077085944e-15,153.75950706166148,153.75950709484084,3,0.0011696097542561734
3,16,4,50000,122.0,195.0,0,0.0,225.81812337749477,225.81812337749477,2,0.0011696097542561734
3,16,4,50001,18.0,27.0,0,0.0,48.54769031378164,48.54769031378164,3,0.0011696097542561734
3,16,4,50002,140.0,245.0,0,0.0,310.7049956942384,310.7049956942384,2,0.0011696097542561734
3,16,4,50003,32.0,62.0,0,0.0,59.22950812979764,59.22950812979764,1,0.0011696097542561734
3,16,4,50004,150.66666666666666,261.0,0,0.0,425.9423615012909,425.9423615012909,2,0.0011696097542561734
3,16,4,50005,18.333333333333332,27.0,0,0.0,36.645659101861376,36.645659101861376,3,0.0011696097542561734
3,16,4,50006,53.333333333333336,61.0,0,0.0,116.99984547534338,116.99984547534338,2,0.0011696097542561734
3,16,4,50007,66.0,86.0,0,0.0,145.07253793524188,145.07253793524188,1,0.0011696097542561734
3,16,4,50008,40.333333333333336,68.0,0,0.0,90.23500438668198,90.23500438668198,5,0.0011696097542561734
3,16,4,50009,76.0,100.0,0,0.0,153.99531860460505,153.99531860460505,2,0.0011696097542561734
3,16,4,50010,51.666666666666664,85.0,0,0.0,154.1521155326508,154.1521155326508,3,0.0011696097542561734
3,16,4,50011,61.333333333333336,77.0,0,0.0,153.0213142916083,153.0213142916083,2,0.0011696097542561734
3,16,4,50012,56.666666666666664,119.0,0,0.0,91.93052897122827,91.93052897122827,4,0.0011696097542561734
3,16,4,50013,52.0,54.0,0,0.0,101.89462182314456,101.89462182314456,2,0.0011696097542561734
3,16,4,50014,56.333333333333336,64.0,0,0.0,175.54430183003285,175.54430183003285,5,0.0011696097542561734
3,16,4,50015,71.0,95.0,0,0.0,124.80405619996954,124.80405619996954,1,0.0011696097542561734
3,16,4,50016,72.0,86.0,0,0.0,160.71757334770712,160.71757334770712,2,0.0011696097542561734
3,16,4,50017,58.666666666666664,60.0,0,0.0,123.95837818569562,123.95837818569562,2,0.0011696097542561734
3,16,4,50018,59.333333333333336,121.0,0,0.0,188.8738936985651,188.8738936985651,3,0.0011696097542561734
3,16,4,50019,31.0,51.0,0,0.0,58.89584569598362,58.89584569598362,2,0.0011696097542561734
3,16,4,50020,63.666666666666664,78.0,0,0.0,150.27467701201246,150.27467701201246,2,0.0011696097542561734
3,16,4,50021,8.666666666666666,12.0,0,0.0,19.21298089171273,19.21298089171273,2,0.0011696097542561734
3,16,4,50022,139.0,319.0,0,0.0,411.8421605887538,411.8421605887538,1,0.0011696097542561734
3,16,4,50023,33.666666666666664,64.0,0,0.0,66.50664846977124,66.50664846977124,3,0.0011696097542561734
3,16,4,50024,40.333333333333336,99.0,0,0.0,72.83109268113763,72.83109268113763,3,0.0011696097542561734
3,16,4,50025,31.333333333333332,54.0,0,0.0,68.21491908711731,68.21491908711731,3,0.0011696097542561734
3,16,4,50026,83.0,147.0,0,0.0,193.78143181549612,193.78143181549612,2,0.0011696097542561734
3,16,4,50027,98.0,120.0,0,0.0,205.60673044282433,205.60673044282433,1,0.0011696097542561734
3,16,4,50028,83.0,108.0,0,0.0,233.19751396719434,233.19751396719434,2,0.0011696097542561734
3,16,4,50029,76.33333333333333,85.0,0,0.0,193.35783771532274,193.35783771532274,2,0.0011696097542561734
3,16,4,50030,42.0,53.0,0,0.0,102.7095372108674,102.7095372108674,3,0.0011696097542561734
3,16,4,50031,91.33333333333333,103.0,0,0.0,212.74955574825253,212.74955574825253,3,0.0011696097542561734
3,16,4,50032,66.33333333333333,98.0,0,0.0,127.06570710827266,127.06570710827266,2,0.0011696097542561734
3,16,4,50033,34.333333333333336,82.0,0,0.0,88.09298090553989,88.09298090553989,2,0.0011696097542561734
3,16,4,50034,97.66666666666667,193.0,0,0.0,203.2873570701307,203.2873570701307,1,0.0011696097542561734
3,16,4,50035,15.666666666666666,18.0,0,0.0,33.45469246680506,33.45469246680506,3,0.0011696097542561734
3,16,4,50036,52.666666666666664,57.0,0,0.0,163.8683623500248,163.8683623500248,2,0.0011696097542561734
3,16,4,50037,60.333333333333336,69.0,0,0.0,128.3162807980095,128.3162807980095,4,0.0011696097542561734
3,16,4,50038,100.0,164.0,0,0.0,289.7932267787863,289.7932267787863,2,0.0011696097542561734
3,16,4,50039,63.0,99.0,0,0.0,128.58617287100307,128.58617287100307,3,0.0011696097542561734
3,16,4,50040,67.66666666666667,94.0,0,0.0,174.40627245342603,174.40627245342603,1,0.0011696097542561734
3,16,4,50041,75.66666666666667,98.0,0,0.0,197.58935149215165,197.58935149215165,2,0.0011696097542561734
3,16,4,50042,47.666666666666664,66.0,0,0.0,97.93947917392812,97.93947917392812,3,0.0011696097542561734
3,16,4,50043,90.33333333333333,206.0,0,0.0,195.9670738062989,195.9670738062989,1,0.0011696097542561734
3,16,4,50044,56.333333333333336,65.0,0,0.0,159.238359243621,159.238359243621,2,0.0011696097542561734
3,16,4,50045,11.666666666666666,13.0,0,0.0,27.636739583902212,27.636739583902212,1,0.0011696097542561734
3,16,4,50046,92.66666666666667,145.0,0,0.0,218.22850973275362,218.22850973275362,2,0.0011696097542561734
3,16,4,50047,67.0,93.0,0,0.0,148.66411394521558,148.66411394521558,2,0.0011696097542561734
3,16,4,50048,102.33333333333333,150.0,0,0.0,337.53696981514867,337.53696981514867,3,0.0011696097542561734
3,16,4,50049,76.0,115.0,0,0.0,174.4283786690795,174.4283786690795,3,0.0011696097542561734
3,16,4,50050,58.333333333333336,78.0,0,0.0,143.92148461274346,143.92148461274346,3,0.0011696097542561734
3,16,4,50051,11.666666666666666,15.0,0,0.0,28.122283567309506,28.122283567309506,2,0.0011696097542561734
3,16,4,50052,57.333333333333336,83.0,0,0.0,135.5643597228565,135.5643597228565,3,0.0011696097542561734
3,16,4,50053,44.666666666666664,47.0,0,0.0,73.38776391719801,73.38776391719801,3,0.0011696097542561734
3,16,4,50054,11.0,13.0,0,0.0,27.607057454682206,27.607057454682206,3,0.0011696097542561734
3,16,4,50055,103.0,165.0,0,0.0,199.49829438182417,199.49829438182417,1,0.0011696097542561734
3,16,4,50056,59.333333333333336,100.0,0,0.0,127.26446391990572,127.26446391990572,1,0.0011696097542561734
3,16,4,50057,112.33333333333333,160.0,0,0.0,290.68494400919417,290.68494400919417,1,0.0011696097542561734
3,16,4,50058,49.333333333333336,71.0,0,0.0,170.29876232254446,170.29876232254446,1,0.0011696097542561734
3,16,4,50059,117.66666666666667,176.0,0,0.0,289.9185902611831,289.9185902611831,1,0.0011696097542561734
3,16,4,50060,44.333333333333336,76.0,0,0.0,93.46348195992603,93.46348195992603,4,0.0011696097542561734
3,16,4,50061,37.666666666666664,63.0,0,0.0,86.80366050450601,86.80366050450601,4,0.0011696097542561734
3,16,4,50062,71.33333333333333,178.0,0,0.0,140.70742363671397,140.70742363671397,2,0.0011696097542561734
3,16,4,50063,96.66666666666667,207.0,0,0.0,294.64692652215416,294.64692652215416,2,0.0011696097542561734
3,16,4,50064,71.0,99.0,0,0.0,148.64021059791278,148.64021059791278,3,0.0011696097542561734
3,16,4,50065,92.66666666666667,125.0,0,0.0,239.93273120897686,239.93273120897686,2,0.0011696097542561734
3,16,4,50066,69.0,94.0,0,0.0,120.46717792571185,120.46717792571185,2,0.0011696097542561734
3,16,4,50067,99.0,164.0,0,0.0,210.61435876312183,210.61435876312183,2,0.0011696097542561734
3,16,4,50068,49.666666666666664,58.0,0,0.0,100.92694691575723,100.92694691575723,4,0.0011696097542561734
3,16,4,50069,52.666666666666664,54.0,0,0.0,188.04451562483175,188.04451562483175,1,0.0011696097542561734
3,16,4,50070,42.333333333333336,58.0,0,0.0,103.54256785976467,103.54256785976467,2,0.0011696097542561734
3,16,4,50071,69.66666666666667,76.0,0,0.0,136.03753177931998,136.03753177931998,2,0.0011696097542561734
3,16,4,50072,117.0,234.0,0,0.0,245.89723796749263,245.89723796749263,1,0.0011696097542561734
3,16,4,50073,65.0,77.0,0,0.0,134.86523096170768,134.86523096170768,1,0.0011696097542561734
3,16,4,50074,71.0,119.0,0,0.0,147.6927495798655,147.6927495798655,4,0.0011696097542561734
3,16,4,50075,17.666666666666668,22.0,0,0.0,40.69054753936174,40.69054753936174,2,0.0011696097542561734
3,16,4,50076,42.0,69.0,0,0.0,99.21114575215408,99.21114575215408,4,0.0011696097542561734
3,16,4,50077,68.33333333333333,86.0,0,0.0,130.26985828794008,130.26985828794008,2,0.0011696097542561734
3,16,4,50078,78.33333333333333,130.0,0,0.0,220.20633691215662,220.20633691215662,1,0.0011696097542561734
3,16,4,50079,55.333333333333336,59.0,0,0.0,120.19830517192356,120.19830517192356,1,0.0011696097542561734
3,16,4,50080,68.33333333333333,102.0,0,0.0,133.81352436836843,133.81352436836843,4,0.0011696097542561734
3,16,4,50081,65.66666666666667,98.0,0,0.0,121.00250196316618,121.00250196316618,2,0.0011696097542561734
3,16,4,50082,13.333333333333334,17.0,0,0.0,25.99807289045528,25.99807289045528,3,0.0011696097542561734
3,16,4,50083,59.666666666666664,134.0,0,0.0,112.88619515180277,112.88619515180277,4,0.0011696097542561734
3,16,4,50084,84.33333333333333,134.0,0,0.0,202.55496160346092,202.55496160346092,2,0.0011696097542561734
3,16,4,50085,58.666666666666664,97.0,0,0.0,142.28311913868023,142.28311913868023,3,0.0011696097542561734
3,16,4,50086,64.0,83.0,0,0.0,138.65130669941368,138.65130669941368,2,0.0011696097542561734
3,16,4,50087,50.666666666666664,57.0,0,0.0,117.8023246273488,117.8023246273488,1,0.0011696097542561734
3,16,4,50088,64.33333333333333,113.0,0,0.0,137.970100287283,137.970100287283,3,0.0011696097542561734
3,16,4,50089,63.333333333333336,101.0,0,0.0,177.7485146523809,177.7485146523809,2,0.0011696097542561734
3,16,4,50090,120.33333333333333,237.0,0,0.0,224.29965411839888,224.29965411839888,1,0.0011696097542561734
3,16,4,50091,61.666666666666664,78.0,0,0.0,165.48019232228918,165.48019232228918,1,0.0011696097542561734
3,16,4,50092,118.33333333333333,237.0,0,0.0,344.73476530777094,344.73476530777094,3,0.0011696097542561734
3,16,4,50093,50.0,72.0,0,0.0,147.4182198440633,147.4182198440633,4,0.0011696097542561734
3,16,4,50094,138.66666666666666,283.0,0,0.0,320.4171827950426,320.4171827950426,2,0.0011696097542561734
3,16,4,50095,63.666666666666664,68.0,0,0.0,160.0334867969503,160.0334867969503,1,0.0011696097542561734
3,16,4,50096,60.0,130.0,0,0.0,112.85761947242541,112.85761947242541,4,0.0011696097542561734
3,16,4,50097,75.0,92.0,0,0.0,205.65059443568984,205.65059443568984,1,0.0011696097542561734
3,16,4,50098,63.333333333333336,77.0,0,0.0,123.620286398593,123.620286398593,1,0.0011696097542561734
3,16,4,50099,77.66666666666667,103.0,0,0.0,133.69510822949266,133.69510822949266,3,0.0011696097542561734
3,16,4,50100,36.666666666666664,56.0,0,0.0,72.37738016851559,72.37738016851559,3,0.0011696097542561734
3,16,4,50101,118.0,175.0,0,0.0,271.38520905243564,271.38520905243564,3,0.0011696097542561734
3,16,4,50102,78.33333333333333,112.0,0,0.0,211.86536833412242,211.86536833412242,3,0.0011696097542561734
3,16,4,50103,25.0,34.0,0,0.0,64.44902722469938,64.44902722469938,2,0.0011696097542561734
3,16,4,50104,62.333333333333336,144.0,0,0.0,148.9083700540779,148.9083700540779,3,0.0011696097542561734
3,16,4,50105,51.666666666666664,125.0,0,0.0,127.15701486895279,127.15701486895279,5,0.0011696097542561734
3,16,4,50106,107.0,134.0,0,0.0,233.30456560625692,233.30456560625692,1,0.0011696097542561734
3,16,4,50107,76.33333333333333,121.0,0,0.0,200.71825319005958,200.71825319005958,2,0.0011696097542561734
3,16,4,50108,87.66666666666667,175.0,0,0.0,211.49302430094568,211.49302430094568,3,0.0011696097542561734
3,16,4,50109,75.33333333333333,121.0,0,0.0,158.88998254221823,158.88998254221823,1,0.0011696097542561734
3,16,4,50110,60.333333333333336,85.0,0,0.0,125.09180730387305,125.09180730387305,4,0.0011696097542561734
3,16,4,50111,94.0,111.0,0,0.0,193.62864183082266,193.62864183082266,1,0.0011696097542561734
3,16,4,50112,69.66666666666667,72.0,0,0.0,164.28448401044497,164.28448401044497,1,0.0011696097542561734
3,16,4,50113,16.666666666666668,19.0,0,0.0,37.472389710375175,37.472389710375175,2,0.0011696097542561734
3,16,4,50114,92.33333333333333,178.0,0,0.0,186.204268442014,186.204268442014,5,0.0011696097542561734
3,16,4,50115,30.666666666666668,48.0,0,0.0,80.90517114976696,80.90517114976696,1,0.0011696097542561734
3,16,4,50116,41.0,75.0,0,0.0,85.7836530481931,85.7836530481931,3,0.0011696097542561734
3,16,4,50117,64.0,76.0,0,0.0,156.11944430655976,156.11944430655976,1,0.0011696097542561734
3,16,4,50118,42.333333333333336,55.0,0,0.0,75.94127403778039,75.94127403778039,1,0.0011696097542561734
3,16,4,50119,97.0,175.0,0,0.0,174.3175808808644,174.3175808808644,4,0.0011696097542561734
3,16,4,50120,78.66666666666667,95.0,0,0.0,160.46963429219116,160.46963429219116,2,0.0011696097542561734
3,16,4,50121,14.333333333333334,16.0,0,0.0,30.278615015717605,30.278615015717605,2,0.0011696097542561734
3,16,4,50122,117.0,314.0,0,0.0,270.46262985961704,270.46262985961704,3,0.0011696097542561734
3,16,4,50123,12.0,14.0,0,0.0,26.086924334513338,26.086924334513338,2,0.0011696097542561734
3,16,4,50124,70.33333333333333,92.0,0,0.0,165.0459058789375,165.0459058789375,2,0.0011696097542561734
3,16,4,50125,44.666666666666664,87.0,0,0.0,87.31385042916288,87.31385042916288,3,0.0011696097542561734
3,16,4,50126,60.333333333333336,113.0,0,0.0,177.08294329524642,177.08294329524642,4,0.0011696097542561734
3,16,4,50127,84.33333333333333,93.0,0,0.0,211.7544689424393,211.7544689424393,1,0.0011696097542561734
3,16,4,50128,86.33333333333333,101.0,0,0.0,250.27517036989607,250.27517036989607,2,0.0011696097542561734
3,16,4,50129,34.0,58.0,0,0.0,81.70606621440645,81.70606621440645,4,0.0011696097542561734
3,16,4,50130,69.0,87.0,0,0.0,142.40904335984024,142.40904335984024,2,0.0011696097542561734
3,16,4,50131,84.66666666666667,157.0,0,0.0,185.40083152892535,185.40083152892535,3,0.0011696097542561734
3,16,4,50132,39.666666666666664,81.0,0,0.0,94.32099021788167,94.32099021788167,4,0.0011696097542561734
3,16,4,50133,21.666666666666668,34.0,0,0.0,50.248638152509294,50.248638152509294,3,0.0011696097542561734
3,16,4,50134,54.666666666666664,63.0,0,0.0,118.41190084941968,118.41190084941968,4,0.0011696097542561734
3,16,4,50135,16.333333333333332,18.0,0,0.0,45.23437278224949,45.23437278224949,3,0.0011696097542561734
3,16,4,50136,35.666666666666664,78.0,0,0.0,74.98189456412054,74.98189456412054,5,0.0011696097542561734
3,16,4,50137,76.33333333333333,114.0,0,0.0,169.4877960891769,169.4877960891769,2,0.0011696097542561734
3,16,4,50138,53.666666666666664,65.0,0,0.0,108.58416242100218,108.58416242100218,1,0.0011696097542561734
3,16,4,50139,42.333333333333336,59.0,0,0.0,100.79177075385012,100.79177075385012,5,0.0011696097542561734
3,16,4,50140,45.333333333333336,56.0,0,0.0,128.168188918684,128.168188918684,1,0.0011696097542561734
3,16,4,50141,55.333333333333336,70.0,0,0.0,102.62544307616139,102.62544307616139,2,0.0011696097542561734
3,16,4,50142,200.66666666666666,509.0,0,0.0,643.0278532523647,643.0278532523647,3,0.0011696097542561734
3,16,4,50143,76.0,85.0,0,0.0,154.0247900581013,154.0247900581013,1,0.0011696097542561734
3,16,4,50144,88.33333333333333,152.0,0,0.0,175.748858908776,175.748858908776,1,0.0011696097542561734
3,16,4,50145,68.33333333333333,103.0,0,0.0,168.08345704536438,168.08345704536438,2,0.0011696097542561734
3,16,4,50146,130.66666666666666,250.0,0,0.0,406.32687179034406,406.32687179034406,2,0.0011696097542561734
3,16,4,50147,72.33333333333333,89.0,0,0.0,152.9320019139034,152.9320019139034,1,0.0011696097542561734
3,16,4,50148,58.0,61.0,0,0.0,129.3305125327308,129.3305125327308,2,0.0011696097542561734
3,16,4,50149,60.666666666666664,138.0,0,0.0,152.87735248626174,152.87735248626174,2,0.0011696097542561734
3,16,4,50150,111.33333333333333,213.0,0,0.0,322.75537531975124,322.75537531975124,1,0.0011696097542561734
3,16,4,50151,25.666666666666668,39.0,0,0.0,79.86676962579126,79.86676962579126,4,0.0011696097542561734
3,16,4,50152,16.666666666666668,24.0,0,0.0,39.479307759927956,39.479307759927956,3,0.0011696097542561734
3,16,4,50153,87.33333333333333,107.0,0,0.0,221.36488225098108,221.36488225098108,1,0.0011696097542561734
3,16,4,50154,13.333333333333334,19.0,0,0.0,63.86323499586476,63.86323499586476,4,0.0011696097542561734
3,16,4,50155,59.333333333333336,64.0,0,0.0,141.71106951482668,141.71106951482668,2,0.0011696097542561734
3,16,4,50156,13.333333333333334,16.0,0,0.0,36.75296621530331,36.75296621530331,2,0.0011696097542561734
3,16,4,50157,17.333333333333332,26.0,0,0.0,46.30568676922817,46.30568676922817,2,0.0011696097542561734
3,16,4,50158,24.0,26.0,0,0.0,46.82348363039245,46.82348363039245,3,0.0011696097542561734
3,16,4,50159,72.33333333333333,109.0,0,0.0,173.6576311006481,173.6576311006481,3,0.0011696097542561734
3,16,4,50160,15.333333333333334,18.0,0,0.0,31.58821666418549,31.58821666418549,2,0.0011696097542561734
3,16,4,50161,68.0,77.0,0,0.0,179.57805384806815,179.57805384806815,1,0.0011696097542561734
3,16,4,50162,52.333333333333336,89.0,0,0.0,147.16570730764388,147.16570730764388,2,0.0011696097542561734
3,16,4,50163,109.66666666666667,199.0,0,0.0,257.0572602353665,257.0572602353665,3,0.0011696097542561734
3,16,4,50164,154.66666666666666,293.0,0,0.0,436.8594463634914,436.8594463634914,2,0.0011696097542561734
3,16,4,50165,71.66666666666667,100.0,0,0.0,179.37923385988566,179.37923385988566,1,0.0011696097542561734
3,16,4,50166,13.333333333333334,24.0,0,0.0,28.01775724347935,28.01775724347935,2,0.0011696097542561734
3,16,4,50167,101.0,180.0,0,0.0,239.41601294306903,239.41601294306903,1,0.0011696097542561734
3,16,4,50168,17.666666666666668,31.0,0,0.0,37.12303271674917,37.12303271674917,2,0.0011696097542561734
3,16,4,50169,70.33333333333333,93.0,0,0.0,163.61554086510506,163.61554086510506,1,0.0011696097542561734
3,16,4,50170,113.33333333333333,185.0,0,0.0,264.2530701781422,264.2530701781422,2,0.0011696097542561734
3,16,4,50171,74.66666666666667,106.0,0,0.0,170.86286811349228,170.86286811349228,2,0.0011696097542561734
3,16,4,50172,8.666666666666666,17.0,0,0.0,22.806267275022304,22.806267275022304,2,0.0011696097542561734
3,16,4,50173,28.0,53.0,0,0.0,69.4643720386551,69.4643720386551,5,0.0011696097542561734
3,16,4,50174,34.666666666666664,73.0,0,0.0,67.51502928429703,67.51502928429703,4,0.0011696097542561734
3,16,4,50175,90.33333333333333,146.0,0,0.0,163.5293537089243,163.5293537089243,2,0.0011696097542561734
3,16,4,50176,75.33333333333333,98.0,0,0.0,145.57470208299344,145.57470208299344,1,0.0011696097542561734
3,16,4,50177,54.666666666666664,57.0,0,0.0,110.04699833634682,110.04699833634682,1,0.0011696097542561734
3,16,4,50178,49.666666666666664,109.0,0,0.0,142.53064233653936,142.53064233653936,3,0.0011696097542561734
3,16,4,50179,47.0,85.0,0,0.0,103.6932408064132,103.6932408064132,3,0.0011696097542561734
3,16,4,50180,97.0,179.0,0,0.0,165.7506034830661,165.7506034830661,2,0.0011696097542561734
3,16,4,50181,111.33333333333333,271.0,0,0.0,358.97320885691755,358.97320885691755,4,0.0011696097542561734
3,16,4,50182,69.66666666666667,102.0,0,0.0,184.3823318431382,184.3823318431382,1,0.0011696097542561734
3,16,4,50183,83.0,120.0,0,0.0,197.74691221111757,197.74691221111757,2,0.0011696097542561734
3,16,4,50184,72.0,82.0,0,0.0,179.22015742435198,179.22015742435198,3,0.0011696097542561734
3,16,4,50185,59.666666666666664,68.0,0,0.0,172.93501396517615,172.93501396517615,1,0.0011696097542561734
3,16,4,50186,32.666666666666664,59.0,0,0.0,92.74535916135405,92.74535916135405,3,0.0011696097542561734
3,16,4,50187,66.33333333333333,91.0,0,0.0,160.23604561129238,160.23604561129238,2,0.0011696097542561734
3,16,4,50188,31.333333333333332,40.0,0,0.0,79.85554787479155,79.85554787479155,4,0.0011696097542561734
3,16,4,50189,80.66666666666667,153.0,0,0.0,235.45415852207393,235.45415852207393,3,0.0011696097542561734
3,16,4,50190,65.33333333333333,92.0,0,0.0,205.41984673743468,205.41984673743468,1,0.0011696097542561734
3,16,4,50191,86.0,100.0,0,0.0,206.71683933523934,206.71683933523934,1,0.0011696097542561734
3,16,4,50192,57.666666666666664,63.0,0,0.0,128.46629430624316,128.46629430624316,1,0.0011696097542561734
3,16,4,50193,74.33333333333333,96.0,0,0.0,154.1982980884845,154.1982980884845,1,0.0011696097542561734
3,16,4,50194,14.666666666666666,19.0,0,0.0,34.38737684055399,34.38737684055399,2,0.0011696097542561734
3,16,4,50195,56.333333333333336,58.0,0,0.0,123.2411904950568,123.2411904950568,1,0.0011696097542561734
3,16,4,50196,115.33333333333333,147.0,0,0.0,267.6359672527805,267.6359672527805,2,0.0011696097542561734
3,16,4,50197,129.0,188.0,0,0.0,398.4581414764175,398.4581414764175,1,0.0011696097542561734
3,16,4,50198,90.33333333333333,114.0,0,0.0,283.26162328193436,283.26162328193436,2,0.0011696097542561734
3,16,4,50199,56.0,61.0,0,0.0,118.7266212378975,118.7266212378975,2,0.0011696097542561734
