config_id,config_label,domain,backbone,seed,method,episode,instant_regret,cumulative_regret,chosen_action,oracle_action,objective_value,oracle_value,posterior_true_mass,true_types,n_agents,type_count,factored_storage,joint_storage
pub/london_mini,Pub: london_mini,pub,exact-payoff (backbone-invariant),1000,pact,1,0.0,0.0,0,0,1.9555555555555555,1.9555555555555555,0.2566692924786813,3|2,2,4,8,16
pub/london_mini,Pub: london_mini,pub,exact-payoff (backbone-invariant),1000,pact,2,0.0,0.0,0,0,1.9555555555555555,1.9555555555555555,0.2634114067076817,3|2,2,4,8,16
pub/london_mini,Pub: london_mini,pub,exact-payoff (backbone-invariant),1000,pact,3,0.0,0.0,0,0,1.9555555555555555,1.9555555555555555,0.27022049196276887,3|2,2,4,8,16
pub/london_mini,Pub: london_mini,pub,exact-payoff (backbone-invariant),1000,pact,4,0.0,0.0,0,0,1.9555555555555555,1.9555555555555555,0.27709052479740837,3|2,2,4,8,16
pub/london_mini,Pub: london_mini,pub,exact-payoff (backbone-invariant),1000,pact,5,0.0,0.0,0,0,1.9555555555555555,1.9555555555555555,0.28401533646199684,3|2,2,4,8,16
pub/london_mini,Pub: london_mini,pub,exact-payoff (backbone-invariant),1000,pact,6,0.0,0.0,0,0,1.9555555555555555,1.9555555555555555,0.29098864061023677,3|2,2,4,8,16
pub/london_mini,Pub: london_mini,pub,exact-payoff (backbone-invariant),1000,pact,7,0.0,0.0,0,0,1.9555555555555555,1.9555555555555555,0.2980040610203405,3|2,2,4,8,16
pub/london_mini,Pub: london_mini,pub,exact-payoff (backbone-invariant),1000,pact,8,0.0,0.0,0,0,1.9555555555555555,1.9555555555555555,0.3050551590742913,3|2,2,4,8,16
pub/london_mini,Pub: london_mini,pub,exact-payoff (backbone-invariant),1000,pact,9,0.0,0.0,0,0,1.9555555555555555,1.9555555555555555,0.3121354607572301,3|2,2,4,8,16
pub/london_mini,Pub: london_mini,pub,exact-payoff (backbone-invariant),1000,pact,10,0.0,0.0,0,0,1.9555555555555555,1.9555555555555555,0.3192384829604544,3|2,2,4,8,16
pub/london_mini,Pub: london_mini,pub,exact-payoff (backbone-invariant),1000,pact,11,0.0,0.0,0,0,1.9555555555555555,1.9555555555555555,0.3263577588948098,3|2,2,4,8,16
pub/london_mini,Pub: london_mini,pub,exact-payoff (backbone-invariant),1000,pact,12,0.0,0.0,0,0,1.9555555555555555,1.9555555555555555,0.3334868624457319,3|2,2,4,8,16
pub/london_mini,Pub: london_mini,pub,exact-payoff (backbone-invariant),1000,pact,13,0.0,0.0,0,0,1.9555555555555555,1.9555555555555555,0.34061943132620853,3|2,2,4,8,16
pub/london_mini,Pub: london_mini,pub,exact-payoff (backbone-invariant),1000,pact,14,0.0,0.0,0,0,1.9555555555555555,1.9555555555555555,0.3477491889088975,3|2,2,4,8,16
pub/london_mini,Pub: london_mini,pub,exact-payoff (backbone-invariant),1000,pact,15,0.0,0.0,0,0,1.9555555555555555,1.9555555555555555,0.35486996464302845,3|2,2,4,8,16
pub/london_mini,Pub: london_mini,pub,exact-payoff (backbone-invariant),1000,pact,16,0.0,0.0,0,0,1.9555555555555555,1.9555555555555555,0.3619757129851077,3|2,2,4,8,16
pub/london_mini,Pub: london_mini,pub,exact-payoff (backbone-invariant),1000,pact,17,0.0,0.0,0,0,1.9555555555555555,1.9555555555555555,0.3690605307944711,3|2,2,4,8,16
pub/london_mini,Pub: london_mini,pub,exact-payoff (backbone-invariant),1000,pact,18,0.0,0.0,0,0,1.9555555555555555,1.9555555555555555,0.37611867316512015,3|2,2,4,8,16
pub/london_mini,Pub: london_mini,pub,exact-payoff (backbone-invariant),1000,pact,19,0.0,0.0,0,0,1.9555555555555555,1.9555555555555555,0.38314456768384114,3|2,2,4,8,16
pub/london_mini,Pub: london_mini,pub,exact-payoff (backbone-invariant),1000,pact,20,0.0,0.0,0,0,1.9555555555555555,1.9555555555555555,0.39013282712121133,3|2,2,4,8,16
pub/london_mini,Pub: london_mini,pub,exact-payoff (backbone-invariant),1000,pact_plus,1,0.0,0.0,0,0,1.9555555555555555,1.9555555555555555,0.2566692924786813,3|2,2,4,8,16
pub/london_mini,Pub: london_mini,pub,exact-payoff (backbone-invariant),1000,pact_plus,2,0.0,0.0,0,0,1.9555555555555555,1.9555555555555555,0.2634114067076817,3|2,2,4,8,16
pub/london_mini,Pub: london_mini,pub,exact-payoff (backbone-invariant),1000,pact_plus,3,0.0,0.0,0,0,1.9555555555555555,1.9555555555555555,0.27022049196276887,3|2,2,4,8,16
pub/london_mini,Pub: london_mini,pub,exact-payoff (backbone-invariant),1000,pact_plus,4,0.0,0.0,0,0,1.9555555555555555,1.9555555555555555,0.27709052479740837,3|2,2,4,8,16
pub/london_mini,Pub: london_mini,pub,exact-payoff (backbone-invariant),1000,pact_plus,5,0.0,0.0,0,0,1.9555555555555555,1.9555555555555555,0.28401533646199684,3|2,2,4,8,16
pub/london_mini,Pub: london_mini,pub,exact-payoff (backbone-invariant),1000,pact_plus,6,0.0,0.0,0,0,1.9555555555555555,1.9555555555555555,0.29098864061023677,3|2,2,4,8,16
pub/london_mini,Pub: london_mini,pub,exact-payoff (backbone-invariant),1000,pact_plus,7,0.0,0.0,0,0,1.9555555555555555,1.9555555555555555,0.2980040610203405,3|2,2,4,8,16
pub/london_mini,Pub: london_mini,pub,exact-payoff (backbone-invariant),1000,pact_plus,8,0.0,0.0,0,0,1.9555555555555555,1.9555555555555555,0.3050551590742913,3|2,2,4,8,16
pub/london_mini,Pub: london_mini,pub,exact-payoff (backbone-invariant),1000,pact_plus,9,0.0,0.0,0,0,1.9555555555555555,1.9555555555555555,0.3121354607572301,3|2,2,4,8,16
pub/london_mini,Pub: london_mini,pub,exact-payoff (backbone-invariant),1000,pact_plus,10,0.0,0.0,0,0,1.9555555555555555,1.9555555555555555,0.3192384829604544,3|2,2,4,8,16
pub/london_mini,Pub: london_mini,pub,exact-payoff (backbone-invariant),1000,pact_plus,11,0.0,0.0,0,0,1.9555555555555555,1.9555555555555555,0.3263577588948098,3|2,2,4,8,16
pub/london_mini,Pub: london_mini,pub,exact-payoff (backbone-invariant),1000,pact_plus,12,0.0,0.0,0,0,1.9555555555555555,1.9555555555555555,0.3334868624457319,3|2,2,4,8,16
pub/london_mini,Pub: london_mini,pub,exact-payoff (backbone-invariant),1000,pact_plus,13,0.0,0.0,0,0,1.9555555555555555,1.9555555555555555,0.34061943132620853,3|2,2,4,8,16
pub/london_mini,Pub: london_mini,pub,exact-payoff (backbone-invariant),1000,pact_plus,14,0.0,0.0,0,0,1.9555555555555555,1.9555555555555555,0.3477491889088975,3|2,2,4,8,16
pub/london_mini,Pub: london_mini,pub,exact-payoff (backbone-invariant),1000,pact_plus,15,0.0,0.0,0,0,1.9555555555555555,1.9555555555555555,0.35486996464302845,3|2,2,4,8,16
pub/london_mini,Pub: london_mini,pub,exact-payoff (backbone-invariant),1000,pact_plus,16,0.0,0.0,0,0,1.9555555555555555,1.9555555555555555,0.3619757129851077,3|2,2,4,8,16
pub/london_mini,Pub: london_mini,pub,exact-payoff (backbone-invariant),1000,pact_plus,17,0.0,0.0,0,0,1.9555555555555555,1.9555555555555555,0.3690605307944711,3|2,2,4,8,16
pub/london_mini,Pub: london_mini,pub,exact-payoff (backbone-invariant),1000,pact_plus,18,0.0,0.0,0,0,1.9555555555555555,1.9555555555555555,0.37611867316512015,3|2,2,4,8,16
pub/london_mini,Pub: london_mini,pub,exact-payoff (backbone-invariant),1000,pact_plus,19,0.0,0.0,0,0,1.9555555555555555,1.9555555555555555,0.38314456768384114,3|2,2,4,8,16
pub/london_mini,Pub: london_mini,pub,exact-payoff (backbone-invariant),1000,pact_plus,20,0.0,0.0,0,0,1.9555555555555555,1.9555555555555555,0.39013282712121133,3|2,2,4,8,16
pub/london_mini,Pub: london_mini,pub,exact-payoff (backbone-invariant),1000,joint_psrl_uniform,1,0.0,0.0,0,0,1.9555555555555555,1.9555555555555555,0.0658656682764749,3|2,2,4,8,16
pub/london_mini,Pub: london_mini,pub,exact-payoff (backbone-invariant),1000,joint_psrl_uniform,2,0.0,0.0,0,0,1.9555555555555555,1.9555555555555555,0.06933026465426571,3|2,2,4,8,16
pub/london_mini,Pub: london_mini,pub,exact-payoff (backbone-invariant),1000,joint_psrl_uniform,3,0.0,0.0,0,0,1.9555555555555555,1.9555555555555555,0.0728914302359069,3|2,2,4,8,16
pub/london_mini,Pub: london_mini,pub,exact-payoff (backbone-invariant),1000,joint_psrl_uniform,4,0.0,0.0,0,0,1.9555555555555555,1.9555555555555555,0.07654652772774444,3|2,2,4,8,16
pub/london_mini,Pub: london_mini,pub,exact-payoff (backbone-invariant),1000,joint_psrl_uniform,5,0.0,0.0,0,0,1.9555555555555555,1.9555555555555555,0.08029265506234484,3|2,2,4,8,16
pub/london_mini,Pub: london_mini,pub,exact-payoff (backbone-invariant),1000,joint_psrl_uniform,6,0.0,0.0,0,0,1.9555555555555555,1.9555555555555555,0.08412666054826519,3|2,2,4,8,16
pub/london_mini,Pub: london_mini,pub,exact-payoff (backbone-invariant),1000,joint_psrl_uniform,7,0.0,0.0,0,0,1.9555555555555555,1.9555555555555555,0.0880451593525685,3|2,2,4,8,16
pub/london_mini,Pub: london_mini,pub,exact-payoff (backbone-invariant),1000,joint_psrl_uniform,8,0.0,0.0,0,0,1.9555555555555555,1.9555555555555555,0.09204455111453108,3|2,2,4,8,16
pub/london_mini,Pub: london_mini,pub,exact-payoff (backbone-invariant),1000,joint_psrl_uniform,9,0.0,0.0,0,0,1.9555555555555555,1.9555555555555555,0.09612103848585726,3|2,2,4,8,16
pub/london_mini,Pub: london_mini,pub,exact-payoff (backbone-invariant),1000,joint_psrl_uniform,10,0.0,0.0,0,0,1.9555555555555555,1.9555555555555555,0.10027064639314628,3|2,2,4,8,16
pub/london_mini,Pub: london_mini,pub,exact-payoff (backbone-invariant),1000,joint_psrl_uniform,11,0.0,0.0,0,0,1.9555555555555555,1.9555555555555555,0.10448924182202164,3|2,2,4,8,16
pub/london_mini,Pub: london_mini,pub,exact-payoff (backbone-invariant),1000,joint_psrl_uniform,12,0.0,0.0,0,0,1.9555555555555555,1.9555555555555555,0.10877255392886263,3|2,2,4,8,16
pub/london_mini,Pub: london_mini,pub,exact-payoff (backbone-invariant),1000,joint_psrl_uniform,13,0.0,0.0,0,0,1.9555555555555555,1.9555555555555555,0.11311619429506008,3|2,2,4,8,16
pub/london_mini,Pub: london_mini,pub,exact-payoff (backbone-invariant),1000,joint_psrl_uniform,14,0.0,0.0,0,0,1.9555555555555555,1.9555555555555555,0.11751567714972797,3|2,2,4,8,16
pub/london_mini,Pub: london_mini,pub,exact-payoff (backbone-invariant),1000,joint_psrl_uniform,15,0.0,0.0,0,0,1.9555555555555555,1.9555555555555555,0.12196643939940972,3|2,2,4,8,16
pub/london_mini,Pub: london_mini,pub,exact-payoff (backbone-invariant),1000,joint_psrl_uniform,16,0.0,0.0,0,0,1.9555555555555555,1.9555555555555555,0.12646386031710602,3|2,2,4,8,16
pub/london_mini,Pub: london_mini,pub,exact-payoff (backbone-invariant),1000,joint_psrl_uniform,17,0.0,0.0,0,0,1.9555555555555555,1.9555555555555555,0.131003280757527,3|2,2,4,8,16
pub/london_mini,Pub: london_mini,pub,exact-payoff (backbone-invariant),1000,joint_psrl_uniform,18,0.0,0.0,0,0,1.9555555555555555,1.9555555555555555,0.13558002178047351,3|2,2,4,8,16
pub/london_mini,Pub: london_mini,pub,exact-payoff (backbone-invariant),1000,joint_psrl_uniform,19,0.0,0.0,0,0,1.9555555555555555,1.9555555555555555,0.14018940257935708,3|2,2,4,8,16
pub/london_mini,Pub: london_mini,pub,exact-payoff (backbone-invariant),1000,joint_psrl_uniform,20,0.0,0.0,0,0,1.9555555555555555,1.9555555555555555,0.1448267576267961,3|2,2,4,8,16
pub/london_mini,Pub: london_mini,pub,exact-payoff (backbone-invariant),1000,psrl_notype,1,0.0,0.0,0,0,1.9555555555555555,1.9555555555555555,0.0625,3|2,2,4,8,16
pub/london_mini,Pub: london_mini,pub,exact-payoff (backbone-invariant),1000,psrl_notype,2,0.0,0.0,0,0,1.9555555555555555,1.9555555555555555,0.0625,3|2,2,4,8,16
pub/london_mini,Pub: london_mini,pub,exact-payoff (backbone-invariant),1000,psrl_notype,3,0.0,0.0,0,0,1.9555555555555555,1.9555555555555555,0.0625,3|2,2,4,8,16
pub/london_mini,Pub: london_mini,pub,exact-payoff (backbone-invariant),1000,psrl_notype,4,0.0,0.0,0,0,1.9555555555555555,1.9555555555555555,0.0625,3|2,2,4,8,16
pub/london_mini,Pub: london_mini,pub,exact-payoff (backbone-invariant),1000,psrl_notype,5,0.0,0.0,0,0,1.9555555555555555,1.9555555555555555,0.0625,3|2,2,4,8,16
pub/london_mini,Pub: london_mini,pub,exact-payoff (backbone-invariant),1000,psrl_notype,6,0.0,0.0,0,0,1.9555555555555555,1.9555555555555555,0.0625,3|2,2,4,8,16
pub/london_mini,Pub: london_mini,pub,exact-payoff (backbone-invariant),1000,psrl_notype,7,0.0,0.0,0,0,1.9555555555555555,1.9555555555555555,0.0625,3|2,2,4,8,16
pub/london_mini,Pub: london_mini,pub,exact-payoff (backbone-invariant),1000,psrl_notype,8,0.0,0.0,0,0,1.9555555555555555,1.9555555555555555,0.0625,3|2,2,4,8,16
pub/london_mini,Pub: london_mini,pub,exact-payoff (backbone-invariant),1000,psrl_notype,9,0.0,0.0,0,0,1.9555555555555555,1.9555555555555555,0.0625,3|2,2,4,8,16
pub/london_mini,Pub: london_mini,pub,exact-payoff (backbone-invariant),1000,psrl_notype,10,0.0,0.0,0,0,1.9555555555555555,1.9555555555555555,0.0625,3|2,2,4,8,16
pub/london_mini,Pub: london_mini,pub,exact-payoff (backbone-invariant),1000,psrl_notype,11,0.0,0.0,0,0,1.9555555555555555,1.9555555555555555,0.0625,3|2,2,4,8,16
pub/london_mini,Pub: london_mini,pub,exact-payoff (backbone-invariant),1000,psrl_notype,12,0.0,0.0,0,0,1.9555555555555555,1.9555555555555555,0.0625,3|2,2,4,8,16
pub/london_mini,Pub: london_mini,pub,exact-payoff (backbone-invariant),1000,psrl_notype,13,0.0,0.0,0,0,1.9555555555555555,1.9555555555555555,0.0625,3|2,2,4,8,16
pub/london_mini,Pub: london_mini,pub,exact-payoff (backbone-invariant),1000,psrl_notype,14,0.0,0.0,0,0,1.9555555555555555,1.9555555555555555,0.0625,3|2,2,4,8,16
pub/london_mini,Pub: london_mini,pub,exact-payoff (backbone-invariant),1000,psrl_notype,15,0.0,0.0,0,0,1.9555555555555555,1.9555555555555555,0.0625,3|2,2,4,8,16
pub/london_mini,Pub: london_mini,pub,exact-payoff (backbone-invariant),1000,psrl_notype,16,0.0,0.0,0,0,1.9555555555555555,1.9555555555555555,0.0625,3|2,2,4,8,16
pub/london_mini,Pub: london_mini,pub,exact-payoff (backbone-invariant),1000,psrl_notype,17,0.0,0.0,0,0,1.9555555555555555,1.9555555555555555,0.0625,3|2,2,4,8,16
pub/london_mini,Pub: london_mini,pub,exact-payoff (backbone-invariant),1000,psrl_notype,18,0.0,0.0,0,0,1.9555555555555555,1.9555555555555555,0.0625,3|2,2,4,8,16
pub/london_mini,Pub: london_mini,pub,exact-payoff (backbone-invariant),1000,psrl_notype,19,0.0,0.0,0,0,1.9555555555555555,1.9555555555555555,0.0625,3|2,2,4,8,16
pub/london_mini,Pub: london_mini,pub,exact-payoff (backbone-invariant),1000,psrl_notype,20,0.0,0.0,0,0,1.9555555555555555,1.9555555555555555,0.0625,3|2,2,4,8,16
pub/london_mini,Pub: london_mini,pub,exact-payoff (backbone-invariant),1000,map_type_greedy,1,0.0,0.0,0,0,1.9555555555555555,1.9555555555555555,0.2566692924786813,3|2,2,4,8,16
pub/london_mini,Pub: london_mini,pub,exact-payoff (backbone-invariant),1000,map_type_greedy,2,0.0,0.0,0,0,1.9555555555555555,1.9555555555555555,0.2634114067076817,3|2,2,4,8,16
pub/london_mini,Pub: london_mini,pub,exact-payoff (backbone-invariant),1000,map_type_greedy,3,0.0,0.0,0,0,1.9555555555555555,1.9555555555555555,0.27022049196276887,3|2,2,4,8,16
pub/london_mini,Pub: london_mini,pub,exact-payoff (backbone-invariant),1000,map_type_greedy,4,0.0,0.0,0,0,1.9555555555555555,1.9555555555555555,0.27709052479740837,3|2,2,4,8,16
pub/london_mini,Pub: london_mini,pub,exact-payoff (backbone-invariant),1000,map_type_greedy,5,0.0,0.0,0,0,1.9555555555555555,1.9555555555555555,0.28401533646199684,3|2,2,4,8,16
pub/london_mini,Pub: london_mini,pub,exact-payoff (backbone-invariant),1000,map_type_greedy,6,0.0,0.0,0,0,1.9555555555555555,1.9555555555555555,0.29098864061023677,3|2,2,4,8,16
pub/london_mini,Pub: london_mini,pub,exact-payoff (backbone-invariant),1000,map_type_greedy,7,0.0,0.0,0,0,1.9555555555555555,1.9555555555555555,0.2980040610203405,3|2,2,4,8,16
pub/london_mini,Pub: london_mini,pub,exact-payoff (backbone-invariant),1000,map_type_greedy,8,0.0,0.0,0,0,1.9555555555555555,1.9555555555555555,0.3050551590742913,3|2,2,4,8,16
pub/london_mini,Pub: london_mini,pub,exact-payoff (backbone-invariant),1000,map_type_greedy,9,0.0,0.0,0,0,1.9555555555555555,1.9555555555555555,0.3121354607572301,3|2,2,4,8,16
pub/london_mini,Pub: london_mini,pub,exact-payoff (backbone-invariant),1000,map_type_greedy,10,0.0,0.0,0,0,1.9555555555555555,1.9555555555555555,0.3192384829604544,3|2,2,4,8,16
pub/london_mini,Pub: london_mini,pub,exact-payoff (backbone-invariant),1000,map_type_greedy,11,0.0,0.0,0,0,1.9555555555555555,1.9555555555555555,0.3263577588948098,3|2,2,4,8,16
pub/london_mini,Pub: london_mini,pub,exact-payoff (backbone-invariant),1000,map_type_greedy,12,0.0,0.0,0,0,1.9555555555555555,1.9555555555555555,0.3334868624457319,3|2,2,4,8,16
pub/london_mini,Pub: london_mini,pub,exact-payoff (backbone-invariant),1000,map_type_greedy,13,0.0,0.0,0,0,1.9555555555555555,1.9555555555555555,0.34061943132620853,3|2,2,4,8,16
pub/london_mini,Pub: london_mini,pub,exact-payoff (backbone-invariant),1000,map_type_greedy,14,0.0,0.0,0,0,1.9555555555555555,1.9555555555555555,0.3477491889088975,3|2,2,4,8,16
pub/london_mini,Pub: london_mini,pub,exact-payoff (backbone-invariant),1000,map_type_greedy,15,0.0,0.0,0,0,1.9555555555555555,1.9555555555555555,0.35486996464302845,3|2,2,4,8,16
pub/london_mini,Pub: london_mini,pub,exact-payoff (backbone-invariant),1000,map_type_greedy,16,0.0,0.0,0,0,1.9555555555555555,1.9555555555555555,0.3619757129851077,3|2,2,4,8,16
pub/london_mini,Pub: london_mini,pub,exact-payoff (backbone-invariant),1000,map_type_greedy,17,0.0,0.0,0,0,1.9555555555555555,1.9555555555555555,0.3690605307944711,3|2,2,4,8,16
pub/london_mini,Pub: london_mini,pub,exact-payoff (backbone-invariant),1000,map_type_greedy,18,0.0,0.0,0,0,1.9555555555555555,1.9555555555555555,0.37611867316512015,3|2,2,4,8,16
pub/london_mini,Pub: london_mini,pub,exact-payoff (backbone-invariant),1000,map_type_greedy,19,0.0,0.0,0,0,1.9555555555555555,1.9555555555555555,0.38314456768384114,3|2,2,4,8,16
pub/london_mini,Pub: london_mini,pub,exact-payoff (backbone-invariant),1000,map_type_greedy,20,0.0,0.0,0,0,1.9555555555555555,1.9555555555555555,0.39013282712121133,3|2,2,4,8,16
pub/london_mini,Pub: london_mini,pub,exact-payoff (backbone-invariant),1000,econ_bne,1,0.0,0.0,0,0,1.9555555555555555,1.9555555555555555,0.0625,3|2,2,4,8,16
pub/london_mini,Pub: london_mini,pub,exact-payoff (backbone-invariant),1000,econ_bne,2,0.0,0.0,0,0,1.9555555555555555,1.9555555555555555,0.0625,3|2,2,4,8,16
pub/london_mini,Pub: london_mini,pub,exact-payoff (backbone-invariant),1000,econ_bne,3,0.0,0.0,0,0,1.9555555555555555,1.9555555555555555,0.0625,3|2,2,4,8,16
pub/london_mini,Pub: london_mini,pub,exact-payoff (backbone-invariant),1000,econ_bne,4,0.0,0.0,0,0,1.9555555555555555,1.9555555555555555,0.0625,3|2,2,4,8,16
pub/london_mini,Pub: london_mini,pub,exact-payoff (backbone-invariant),1000,econ_bne,5,0.0,0.0,0,0,1.9555555555555555,1.9555555555555555,0.0625,3|2,2,4,8,16
pub/london_mini,Pub: london_mini,pub,exact-payoff (backbone-invariant),1000,econ_bne,6,0.0,0.0,0,0,1.9555555555555555,1.9555555555555555,0.0625,3|2,2,4,8,16
pub/london_mini,Pub: london_mini,pub,exact-payoff (backbone-invariant),1000,econ_bne,7,0.0,0.0,0,0,1.9555555555555555,1.9555555555555555,0.0625,3|2,2,4,8,16
pub/london_mini,Pub: london_mini,pub,exact-payoff (backbone-invariant),1000,econ_bne,8,0.0,0.0,0,0,1.9555555555555555,1.9555555555555555,0.0625,3|2,2,4,8,16
pub/london_mini,Pub: london_mini,pub,exact-payoff (backbone-invariant),1000,econ_bne,9,0.0,0.0,0,0,1.9555555555555555,1.9555555555555555,0.0625,3|2,2,4,8,16
pub/london_mini,Pub: london_mini,pub,exact-payoff (backbone-invariant),1000,econ_bne,10,0.0,0.0,0,0,1.9555555555555555,1.9555555555555555,0.0625,3|2,2,4,8,16
pub/london_mini,Pub: london_mini,pub,exact-payoff (backbone-invariant),1000,econ_bne,11,0.0,0.0,0,0,1.9555555555555555,1.9555555555555555,0.0625,3|2,2,4,8,16
pub/london_mini,Pub: london_mini,pub,exact-payoff (backbone-invariant),1000,econ_bne,12,0.0,0.0,0,0,1.9555555555555555,1.9555555555555555,0.0625,3|2,2,4,8,16
pub/london_mini,Pub: london_mini,pub,exact-payoff (backbone-invariant),1000,econ_bne,13,0.0,0.0,0,0,1.9555555555555555,1.9555555555555555,0.0625,3|2,2,4,8,16
pub/london_mini,Pub: london_mini,pub,exact-payoff (backbone-invariant),1000,econ_bne,14,0.0,0.0,0,0,1.9555555555555555,1.9555555555555555,0.0625,3|2,2,4,8,16
pub/london_mini,Pub: london_mini,pub,exact-payoff (backbone-invariant),1000,econ_bne,15,0.0,0.0,0,0,1.9555555555555555,1.9555555555555555,0.0625,3|2,2,4,8,16
pub/london_mini,Pub: london_mini,pub,exact-payoff (backbone-invariant),1000,econ_bne,16,0.0,0.0,0,0,1.9555555555555555,1.9555555555555555,0.0625,3|2,2,4,8,16
pub/london_mini,Pub: london_mini,pub,exact-payoff (backbone-invariant),1000,econ_bne,17,0.0,0.0,0,0,1.9555555555555555,1.9555555555555555,0.0625,3|2,2,4,8,16
pub/london_mini,Pub: london_mini,pub,exact-payoff (backbone-invariant),1000,econ_bne,18,0.0,0.0,0,0,1.9555555555555555,1.9555555555555555,0.0625,3|2,2,4,8,16
pub/london_mini,Pub: london_mini,pub,exact-payoff (backbone-invariant),1000,econ_bne,19,0.0,0.0,0,0,1.9555555555555555,1.9555555555555555,0.0625,3|2,2,4,8,16
pub/london_mini,Pub: london_mini,pub,exact-payoff (backbone-invariant),1000,econ_bne,20,0.0,0.0,0,0,1.9555555555555555,1.9555555555555555,0.0625,3|2,2,4,8,16
pub/london_mini,Pub: london_mini,pub,exact-payoff (backbone-invariant),1000,atom_tom1,1,0.0,0.0,0,0,1.9555555555555555,1.9555555555555555,0.0625,3|2,2,4,8,16
pub/london_mini,Pub: london_mini,pub,exact-payoff (backbone-invariant),1000,atom_tom1,2,0.0,0.0,0,0,1.9555555555555555,1.9555555555555555,0.0625,3|2,2,4,8,16
pub/london_mini,Pub: london_mini,pub,exact-payoff (backbone-invariant),1000,atom_tom1,3,0.0,0.0,0,0,1.9555555555555555,1.9555555555555555,0.0625,3|2,2,4,8,16
pub/london_mini,Pub: london_mini,pub,exact-payoff (backbone-invariant),1000,atom_tom1,4,0.0,0.0,0,0,1.9555555555555555,1.9555555555555555,0.0625,3|2,2,4,8,16
pub/london_mini,Pub: london_mini,pub,exact-payoff (backbone-invariant),1000,atom_tom1,5,0.0,0.0,0,0,1.9555555555555555,1.9555555555555555,0.0625,3|2,2,4,8,16
pub/london_mini,Pub: london_mini,pub,exact-payoff (backbone-invariant),1000,atom_tom1,6,0.0,0.0,0,0,1.9555555555555555,1.9555555555555555,0.0625,3|2,2,4,8,16
pub/london_mini,Pub: london_mini,pub,exact-payoff (backbone-invariant),1000,atom_tom1,7,0.0,0.0,0,0,1.9555555555555555,1.9555555555555555,0.0625,3|2,2,4,8,16
pub/london_mini,Pub: london_mini,pub,exact-payoff (backbone-invariant),1000,atom_tom1,8,0.0,0.0,0,0,1.9555555555555555,1.9555555555555555,0.0625,3|2,2,4,8,16
pub/london_mini,Pub: london_mini,pub,exact-payoff (backbone-invariant),1000,atom_tom1,9,0.0,0.0,0,0,1.9555555555555555,1.9555555555555555,0.0625,3|2,2,4,8,16
pub/london_mini,Pub: london_mini,pub,exact-payoff (backbone-invariant),1000,atom_tom1,10,0.0,0.0,0,0,1.9555555555555555,1.9555555555555555,0.0625,3|2,2,4,8,16
pub/london_mini,Pub: london_mini,pub,exact-payoff (backbone-invariant),1000,atom_tom1,11,0.0,0.0,0,0,1.9555555555555555,1.9555555555555555,0.0625,3|2,2,4,8,16
pub/london_mini,Pub: london_mini,pub,exact-payoff (backbone-invariant),1000,atom_tom1,12,0.0,0.0,0,0,1.9555555555555555,1.9555555555555555,0.0625,3|2,2,4,8,16
pub/london_mini,Pub: london_mini,pub,exact-payoff (backbone-invariant),1000,atom_tom1,13,0.0,0.0,0,0,1.9555555555555555,1.9555555555555555,0.0625,3|2,2,4,8,16
pub/london_mini,Pub: london_mini,pub,exact-payoff (backbone-invariant),1000,atom_tom1,14,0.0,0.0,0,0,1.9555555555555555,1.9555555555555555,0.0625,3|2,2,4,8,16
pub/london_mini,Pub: london_mini,pub,exact-payoff (backbone-invariant),1000,atom_tom1,15,0.0,0.0,0,0,1.9555555555555555,1.9555555555555555,0.0625,3|2,2,4,8,16
pub/london_mini,Pub: london_mini,pub,exact-payoff (backbone-invariant),1000,atom_tom1,16,0.0,0.0,0,0,1.9555555555555555,1.9555555555555555,0.0625,3|2,2,4,8,16
pub/london_mini,Pub: london_mini,pub,exact-payoff (backbone-invariant),1000,atom_tom1,17,0.0,0.0,0,0,1.9555555555555555,1.9555555555555555,0.0625,3|2,2,4,8,16
pub/london_mini,Pub: london_mini,pub,exact-payoff (backbone-invariant),1000,atom_tom1,18,0.0,0.0,0,0,1.9555555555555555,1.9555555555555555,0.0625,3|2,2,4,8,16
pub/london_mini,Pub: london_mini,pub,exact-payoff (backbone-invariant),1000,atom_tom1,19,0.0,0.0,0,0,1.9555555555555555,1.9555555555555555,0.0625,3|2,2,4,8,16
pub/london_mini,Pub: london_mini,pub,exact-payoff (backbone-invariant),1000,atom_tom1,20,0.0,0.0,0,0,1.9555555555555555,1.9555555555555555,0.0625,3|2,2,4,8,16
pub/london_mini,Pub: london_mini,pub,exact-payoff (backbone-invariant),1000,random,1,1.2259259259259259,1.2259259259259259,1,0,0.7296296296296297,1.9555555555555555,0.0625,3|2,2,4,8,16
pub/london_mini,Pub: london_mini,pub,exact-payoff (backbone-invariant),1000,random,2,1.248148148148148,2.474074074074074,2,0,0.7074074074074075,1.9555555555555555,0.0625,3|2,2,4,8,16
pub/london_mini,Pub: london_mini,pub,exact-payoff (backbone-invariant),1000,random,3,1.4370370370370371,3.911111111111111,3,0,0.5185185185185185,1.9555555555555555,0.0625,3|2,2,4,8,16
pub/london_mini,Pub: london_mini,pub,exact-payoff (backbone-invariant),1000,random,4,1.4370370370370371,5.348148148148148,3,0,0.5185185185185185,1.9555555555555555,0.0625,3|2,2,4,8,16
pub/london_mini,Pub: london_mini,pub,exact-payoff (backbone-invariant),1000,random,5,1.248148148148148,6.5962962962962965,2,0,0.7074074074074075,1.9555555555555555,0.0625,3|2,2,4,8,16
pub/london_mini,Pub: london_mini,pub,exact-payoff (backbone-invariant),1000,random,6,1.4370370370370371,8.033333333333333,3,0,0.5185185185185185,1.9555555555555555,0.0625,3|2,2,4,8,16
pub/london_mini,Pub: london_mini,pub,exact-payoff (backbone-invariant),1000,random,7,0.0,8.033333333333333,0,0,1.9555555555555555,1.9555555555555555,0.0625,3|2,2,4,8,16
pub/london_mini,Pub: london_mini,pub,exact-payoff (backbone-invariant),1000,random,8,1.4370370370370371,9.47037037037037,3,0,0.5185185185185185,1.9555555555555555,0.0625,3|2,2,4,8,16
pub/london_mini,Pub: london_mini,pub,exact-payoff (backbone-invariant),1000,random,9,1.248148148148148,10.718518518518518,2,0,0.7074074074074075,1.9555555555555555,0.0625,3|2,2,4,8,16
pub/london_mini,Pub: london_mini,pub,exact-payoff (backbone-invariant),1000,random,10,0.0,10.718518518518518,0,0,1.9555555555555555,1.9555555555555555,0.0625,3|2,2,4,8,16
pub/london_mini,Pub: london_mini,pub,exact-payoff (backbone-invariant),1000,random,11,1.2259259259259259,11.944444444444445,1,0,0.7296296296296297,1.9555555555555555,0.0625,3|2,2,4,8,16
pub/london_mini,Pub: london_mini,pub,exact-payoff (backbone-invariant),1000,random,12,1.2259259259259259,13.170370370370371,1,0,0.7296296296296297,1.9555555555555555,0.0625,3|2,2,4,8,16
pub/london_mini,Pub: london_mini,pub,exact-payoff (backbone-invariant),1000,random,13,1.2259259259259259,14.396296296296297,1,0,0.7296296296296297,1.9555555555555555,0.0625,3|2,2,4,8,16
pub/london_mini,Pub: london_mini,pub,exact-payoff (backbone-invariant),1000,random,14,1.4370370370370371,15.833333333333334,3,0,0.5185185185185185,1.9555555555555555,0.0625,3|2,2,4,8,16
pub/london_mini,Pub: london_mini,pub,exact-payoff (backbone-invariant),1000,random,15,1.4370370370370371,17.270370370370372,3,0,0.5185185185185185,1.9555555555555555,0.0625,3|2,2,4,8,16
pub/london_mini,Pub: london_mini,pub,exact-payoff (backbone-invariant),1000,random,16,1.248148148148148,18.51851851851852,2,0,0.7074074074074075,1.9555555555555555,0.0625,3|2,2,4,8,16
pub/london_mini,Pub: london_mini,pub,exact-payoff (backbone-invariant),1000,random,17,1.2259259259259259,19.744444444444444,1,0,0.7296296296296297,1.9555555555555555,0.0625,3|2,2,4,8,16
pub/london_mini,Pub: london_mini,pub,exact-payoff (backbone-invariant),1000,random,18,1.4370370370370371,21.18148148148148,3,0,0.5185185185185185,1.9555555555555555,0.0625,3|2,2,4,8,16
pub/london_mini,Pub: london_mini,pub,exact-payoff (backbone-invariant),1000,random,19,1.4370370370370371,22.618518518518517,3,0,0.5185185185185185,1.9555555555555555,0.0625,3|2,2,4,8,16
pub/london_mini,Pub: london_mini,pub,exact-payoff (backbone-invariant),1000,random,20,0.0,22.618518518518517,0,0,1.9555555555555555,1.9555555555555555,0.0625,3|2,2,4,8,16
pub/capetown,Pub: capetown,pub,exact-payoff (backbone-invariant),1000,pact,1,0.0,0.0,0,0,4.107346245766183,4.107346245766183,0.3064219621955647,3|2|2|0|3|3,6,4,24,4096
pub/capetown,Pub: capetown,pub,exact-payoff (backbone-invariant),1000,pact,2,0.0,0.0,0,0,4.107346245766183,4.107346245766183,0.3525988001459948,3|2|2|0|3|3,6,4,24,4096
pub/capetown,Pub: capetown,pub,exact-payoff (backbone-invariant),1000,pact,3,0.0,0.0,0,0,4.107346245766183,4.107346245766183,0.3899490059111721,3|2|2|0|3|3,6,4,24,4096
pub/capetown,Pub: capetown,pub,exact-payoff (backbone-invariant),1000,pact,4,0.0,0.0,0,0,4.107346245766183,4.107346245766183,0.4213344243941089,3|2|2|0|3|3,6,4,24,4096
pub/capetown,Pub: capetown,pub,exact-payoff (backbone-invariant),1000,pact,5,0.0,0.0,0,0,4.107346245766183,4.107346245766183,0.4485204042755346,3|2|2|0|3|3,6,4,24,4096
pub/capetown,Pub: capetown,pub,exact-payoff (backbone-invariant),1000,pact,6,0.0,0.0,0,0,4.107346245766183,4.107346245766183,0.47256259469386436,3|2|2|0|3|3,6,4,24,4096
pub/capetown,Pub: capetown,pub,exact-payoff (backbone-invariant),1000,pact,7,0.05177521076528624,0.05177521076528624,728,0,4.055571035000897,4.107346245766183,0.49025272262011965,3|2|2|0|3|3,6,4,24,4096
pub/capetown,Pub: capetown,pub,exact-payoff (backbone-invariant),1000,pact,8,0.0,0.05177521076528624,0,0,4.107346245766183,4.107346245766183,0.5116847899549578,3|2|2|0|3|3,6,4,24,4096
pub/capetown,Pub: capetown,pub,exact-payoff (backbone-invariant),1000,pact,9,0.0,0.05177521076528624,0,0,4.107346245766183,4.107346245766183,0.5311183722295981,3|2|2|0|3|3,6,4,24,4096
pub/capetown,Pub: capetown,pub,exact-payoff (backbone-invariant),1000,pact,10,0.0,0.05177521076528624,0,0,4.107346245766183,4.107346245766183,0.5488742745429939,3|2|2|0|3|3,6,4,24,4096
pub/capetown,Pub: capetown,pub,exact-payoff (backbone-invariant),1000,pact,11,0.05177521076528624,0.10355042153057248,728,0,4.055571035000897,4.107346245766183,0.5652317964244296,3|2|2|0|3|3,6,4,24,4096
pub/capetown,Pub: capetown,pub,exact-payoff (backbone-invariant),1000,pact,12,0.0,0.10355042153057248,0,0,4.107346245766183,4.107346245766183,0.5813475635514528,3|2|2|0|3|3,6,4,24,4096
pub/capetown,Pub: capetown,pub,exact-payoff (backbone-invariant),1000,pact,13,0.0,0.10355042153057248,0,0,4.107346245766183,4.107346245766183,0.5962107422678656,3|2|2|0|3|3,6,4,24,4096
pub/capetown,Pub: capetown,pub,exact-payoff (backbone-invariant),1000,pact,14,0.0,0.10355042153057248,0,0,4.107346245766183,4.107346245766183,0.6099719015684508,3|2|2|0|3|3,6,4,24,4096
pub/capetown,Pub: capetown,pub,exact-payoff (backbone-invariant),1000,pact,15,0.0,0.10355042153057248,0,0,4.107346245766183,4.107346245766183,0.6227561066432766,3|2|2|0|3|3,6,4,24,4096
pub/capetown,Pub: capetown,pub,exact-payoff (backbone-invariant),1000,pact,16,0.0,0.10355042153057248,0,0,4.107346245766183,4.107346245766183,0.6346688208410942,3|2|2|0|3|3,6,4,24,4096
pub/capetown,Pub: capetown,pub,exact-payoff (backbone-invariant),1000,pact,17,0.0,0.10355042153057248,0,0,4.107346245766183,4.107346245766183,0.645799933812933,3|2|2|0|3|3,6,4,24,4096
pub/capetown,Pub: capetown,pub,exact-payoff (backbone-invariant),1000,pact,18,0.0,0.10355042153057248,0,0,4.107346245766183,4.107346245766183,0.6562266651935497,3|2|2|0|3|3,6,4,24,4096
pub/capetown,Pub: capetown,pub,exact-payoff (backbone-invariant),1000,pact,19,0.0,0.10355042153057248,0,0,4.107346245766183,4.107346245766183,0.6660157584879066,3|2|2|0|3|3,6,4,24,4096
pub/capetown,Pub: capetown,pub,exact-payoff (backbone-invariant),1000,pact,20,0.0,0.10355042153057248,0,0,4.107346245766183,4.107346245766183,0.6752252009278356,3|2|2|0|3|3,6,4,24,4096
pub/capetown,Pub: capetown,pub,exact-payoff (backbone-invariant),1000,pact_plus,1,0.0,0.0,0,0,4.107346245766183,4.107346245766183,0.3064219621955647,3|2|2|0|3|3,6,4,24,4096
pub/capetown,Pub: capetown,pub,exact-payoff (backbone-invariant),1000,pact_plus,2,0.0,0.0,0,0,4.107346245766183,4.107346245766183,0.3525988001459948,3|2|2|0|3|3,6,4,24,4096
pub/capetown,Pub: capetown,pub,exact-payoff (backbone-invariant),1000,pact_plus,3,0.0,0.0,0,0,4.107346245766183,4.107346245766183,0.3899490059111721,3|2|2|0|3|3,6,4,24,4096
pub/capetown,Pub: capetown,pub,exact-payoff (backbone-invariant),1000,pact_plus,4,0.0,0.0,0,0,4.107346245766183,4.107346245766183,0.4213344243941089,3|2|2|0|3|3,6,4,24,4096
pub/capetown,Pub: capetown,pub,exact-payoff (backbone-invariant),1000,pact_plus,5,0.0,0.0,0,0,4.107346245766183,4.107346245766183,0.4485204042755346,3|2|2|0|3|3,6,4,24,4096
pub/capetown,Pub: capetown,pub,exact-payoff (backbone-invariant),1000,pact_plus,6,0.0,0.0,0,0,4.107346245766183,4.107346245766183,0.47256259469386436,3|2|2|0|3|3,6,4,24,4096
pub/capetown,Pub: capetown,pub,exact-payoff (backbone-invariant),1000,pact_plus,7,0.05177521076528624,0.05177521076528624,728,0,4.055571035000897,4.107346245766183,0.49025272262011965,3|2|2|0|3|3,6,4,24,4096
pub/capetown,Pub: capetown,pub,exact-payoff (backbone-invariant),1000,pact_plus,8,0.0,0.05177521076528624,0,0,4.107346245766183,4.107346245766183,0.5116847899549578,3|2|2|0|3|3,6,4,24,4096
pub/capetown,Pub: capetown,pub,exact-payoff (backbone-invariant),1000,pact_plus,9,0.0,0.05177521076528624,0,0,4.107346245766183,4.107346245766183,0.5311183722295981,3|2|2|0|3|3,6,4,24,4096
pub/capetown,Pub: capetown,pub,exact-payoff (backbone-invariant),1000,pact_plus,10,0.0,0.05177521076528624,0,0,4.107346245766183,4.107346245766183,0.5488742745429939,3|2|2|0|3|3,6,4,24,4096
pub/capetown,Pub: capetown,pub,exact-payoff (backbone-invariant),1000,pact_plus,11,0.05177521076528624,0.10355042153057248,728,0,4.055571035000897,4.107346245766183,0.5652317964244296,3|2|2|0|3|3,6,4,24,4096
pub/capetown,Pub: capetown,pub,exact-payoff (backbone-invariant),1000,pact_plus,12,0.0,0.10355042153057248,0,0,4.107346245766183,4.107346245766183,0.5813475635514528,3|2|2|0|3|3,6,4,24,4096
pub/capetown,Pub: capetown,pub,exact-payoff (backbone-invariant),1000,pact_plus,13,0.0,0.10355042153057248,0,0,4.107346245766183,4.107346245766183,0.5962107422678656,3|2|2|0|3|3,6,4,24,4096
pub/capetown,Pub: capetown,pub,exact-payoff (backbone-invariant),1000,pact_plus,14,0.0,0.10355042153057248,0,0,4.107346245766183,4.107346245766183,0.6099719015684508,3|2|2|0|3|3,6,4,24,4096
pub/capetown,Pub: capetown,pub,exact-payoff (backbone-invariant),1000,pact_plus,15,0.0,0.10355042153057248,0,0,4.107346245766183,4.107346245766183,0.6227561066432766,3|2|2|0|3|3,6,4,24,4096
pub/capetown,Pub: capetown,pub,exact-payoff (backbone-invariant),1000,pact_plus,16,0.0,0.10355042153057248,0,0,4.107346245766183,4.107346245766183,0.6346688208410942,3|2|2|0|3|3,6,4,24,4096
pub/capetown,Pub: capetown,pub,exact-payoff (backbone-invariant),1000,pact_plus,17,0.0,0.10355042153057248,0,0,4.107346245766183,4.107346245766183,0.645799933812933,3|2|2|0|3|3,6,4,24,4096
pub/capetown,Pub: capetown,pub,exact-payoff (backbone-invariant),1000,pact_plus,18,0.0,0.10355042153057248,0,0,4.107346245766183,4.107346245766183,0.6562266651935497,3|2|2|0|3|3,6,4,24,4096
pub/capetown,Pub: capetown,pub,exact-payoff (backbone-invariant),1000,pact_plus,19,0.0,0.10355042153057248,0,0,4.107346245766183,4.107346245766183,0.6660157584879066,3|2|2|0|3|3,6,4,24,4096
pub/capetown,Pub: capetown,pub,exact-payoff (backbone-invariant),1000,pact_plus,20,0.0,0.10355042153057248,0,0,4.107346245766183,4.107346245766183,0.6752252009278356,3|2|2|0|3|3,6,4,24,4096
pub/capetown,Pub: capetown,pub,exact-payoff (backbone-invariant),1000,joint_psrl_uniform,1,0.0,0.0,0,0,4.107346245766183,4.107346245766183,0.0007731100980730157,3|2|2|0|3|3,6,4,24,4096
pub/capetown,Pub: capetown,pub,exact-payoff (backbone-invariant),1000,joint_psrl_uniform,2,0.0,0.0,0,0,4.107346245766183,4.107346245766183,0.0016705268111934575,3|2|2|0|3|3,6,4,24,4096
pub/capetown,Pub: capetown,pub,exact-payoff (backbone-invariant),1000,joint_psrl_uniform,3,0.0,0.0,0,0,4.107346245766183,4.107346245766183,0.0029331399606651806,3|2|2|0|3|3,6,4,24,4096
pub/capetown,Pub: capetown,pub,exact-payoff (backbone-invariant),1000,joint_psrl_uniform,4,0.0,0.0,0,0,4.107346245766183,4.107346245766183,0.004555327789745888,3|2|2|0|3|3,6,4,24,4096
pub/capetown,Pub: capetown,pub,exact-payoff (backbone-invariant),1000,joint_psrl_uniform,5,0.0,0.0,0,0,4.107346245766183,4.107346245766183,0.006523903729085321,3|2|2|0|3|3,6,4,24,4096
pub/capetown,Pub: capetown,pub,exact-payoff (backbone-invariant),1000,joint_psrl_uniform,6,0.0,0.0,0,0,4.107346245766183,4.107346245766183,0.008819706134471597,3|2|2|0|3|3,6,4,24,4096
pub/capetown,Pub: capetown,pub,exact-payoff (backbone-invariant),1000,joint_psrl_uniform,7,0.0,0.0,0,0,4.107346245766183,4.107346245766183,0.011420556014613925,3|2|2|0|3|3,6,4,24,4096
pub/capetown,Pub: capetown,pub,exact-payoff (backbone-invariant),1000,joint_psrl_uniform,8,0.0,0.0,0,0,4.107346245766183,4.107346245766183,0.014303153543858187,3|2|2|0|3|3,6,4,24,4096
pub/capetown,Pub: capetown,pub,exact-payoff (backbone-invariant),1000,joint_psrl_uniform,9,0.0,0.0,0,0,4.107346245766183,4.107346245766183,0.017444354561651935,3|2|2|0|3|3,6,4,24,4096
pub/capetown,Pub: capetown,pub,exact-payoff (backbone-invariant),1000,joint_psrl_uniform,10,0.0,0.0,0,0,4.107346245766183,4.107346245766183,0.02082206124128937,3|2|2|0|3|3,6,4,24,4096
pub/capetown,Pub: capetown,pub,exact-payoff (backbone-invariant),1000,joint_psrl_uniform,11,0.0,0.0,0,0,4.107346245766183,4.107346245766183,0.02441575163246587,3|2|2|0|3|3,6,4,24,4096
pub/capetown,Pub: capetown,pub,exact-payoff (backbone-invariant),1000,joint_psrl_uniform,12,0.0,0.0,0,0,4.107346245766183,4.107346245766183,0.02820668763976204,3|2|2|0|3|3,6,4,24,4096
pub/capetown,Pub: capetown,pub,exact-payoff (backbone-invariant),1000,joint_psrl_uniform,13,0.0,0.0,0,0,4.107346245766183,4.107346245766183,0.03217788647386035,3|2|2|0|3|3,6,4,24,4096
pub/capetown,Pub: capetown,pub,exact-payoff (backbone-invariant),1000,joint_psrl_uniform,14,0.0,0.0,0,0,4.107346245766183,4.107346245766183,0.03631395104901958,3|2|2|0|3|3,6,4,24,4096
pub/capetown,Pub: capetown,pub,exact-payoff (backbone-invariant),1000,joint_psrl_uniform,15,0.05177521076528624,0.05177521076528624,728,0,4.055571035000897,4.107346245766183,0.043018742799462176,3|2|2|0|3|3,6,4,24,4096
pub/capetown,Pub: capetown,pub,exact-payoff (backbone-invariant),1000,joint_psrl_uniform,16,0.0,0.05177521076528624,0,0,4.107346245766183,4.107346245766183,0.04782808074649589,3|2|2|0|3|3,6,4,24,4096
pub/capetown,Pub: capetown,pub,exact-payoff (backbone-invariant),1000,joint_psrl_uniform,17,0.05177521076528624,0.10355042153057248,728,0,4.055571035000897,4.107346245766183,0.055344019598284305,3|2|2|0|3|3,6,4,24,4096
pub/capetown,Pub: capetown,pub,exact-payoff (backbone-invariant),1000,joint_psrl_uniform,18,0.0,0.10355042153057248,0,0,4.107346245766183,4.107346245766183,0.060746341522470056,3|2|2|0|3|3,6,4,24,4096
pub/capetown,Pub: capetown,pub,exact-payoff (backbone-invariant),1000,joint_psrl_uniform,19,0.05177521076528624,0.15532563229585872,728,0,4.055571035000897,4.107346245766183,0.06886662101424794,3|2|2|0|3|3,6,4,24,4096
pub/capetown,Pub: capetown,pub,exact-payoff (backbone-invariant),1000,joint_psrl_uniform,20,0.0,0.15532563229585872,0,0,4.107346245766183,4.107346245766183,0.07475870974250023,3|2|2|0|3|3,6,4,24,4096
pub/capetown,Pub: capetown,pub,exact-payoff (backbone-invariant),1000,psrl_notype,1,0.0,0.0,0,0,4.107346245766183,4.107346245766183,0.000244140625,3|2|2|0|3|3,6,4,24,4096
pub/capetown,Pub: capetown,pub,exact-payoff (backbone-invariant),1000,psrl_notype,2,0.0,0.0,0,0,4.107346245766183,4.107346245766183,0.000244140625,3|2|2|0|3|3,6,4,24,4096
pub/capetown,Pub: capetown,pub,exact-payoff (backbone-invariant),1000,psrl_notype,3,0.0,0.0,0,0,4.107346245766183,4.107346245766183,0.000244140625,3|2|2|0|3|3,6,4,24,4096
pub/capetown,Pub: capetown,pub,exact-payoff (backbone-invariant),1000,psrl_notype,4,0.0,0.0,0,0,4.107346245766183,4.107346245766183,0.000244140625,3|2|2|0|3|3,6,4,24,4096
pub/capetown,Pub: capetown,pub,exact-payoff (backbone-invariant),1000,psrl_notype,5,0.0,0.0,0,0,4.107346245766183,4.107346245766183,0.000244140625,3|2|2|0|3|3,6,4,24,4096
pub/capetown,Pub: capetown,pub,exact-payoff (backbone-invariant),1000,psrl_notype,6,0.0,0.0,0,0,4.107346245766183,4.107346245766183,0.000244140625,3|2|2|0|3|3,6,4,24,4096
pub/capetown,Pub: capetown,pub,exact-payoff (backbone-invariant),1000,psrl_notype,7,0.0,0.0,0,0,4.107346245766183,4.107346245766183,0.000244140625,3|2|2|0|3|3,6,4,24,4096
pub/capetown,Pub: capetown,pub,exact-payoff (backbone-invariant),1000,psrl_notype,8,0.0,0.0,0,0,4.107346245766183,4.107346245766183,0.000244140625,3|2|2|0|3|3,6,4,24,4096
pub/capetown,Pub: capetown,pub,exact-payoff (backbone-invariant),1000,psrl_notype,9,0.0,0.0,0,0,4.107346245766183,4.107346245766183,0.000244140625,3|2|2|0|3|3,6,4,24,4096
pub/capetown,Pub: capetown,pub,exact-payoff (backbone-invariant),1000,psrl_notype,10,0.0,0.0,0,0,4.107346245766183,4.107346245766183,0.000244140625,3|2|2|0|3|3,6,4,24,4096
pub/capetown,Pub: capetown,pub,exact-payoff (backbone-invariant),1000,psrl_notype,11,0.0,0.0,0,0,4.107346245766183,4.107346245766183,0.000244140625,3|2|2|0|3|3,6,4,24,4096
pub/capetown,Pub: capetown,pub,exact-payoff (backbone-invariant),1000,psrl_notype,12,0.0,0.0,0,0,4.107346245766183,4.107346245766183,0.000244140625,3|2|2|0|3|3,6,4,24,4096
pub/capetown,Pub: capetown,pub,exact-payoff (backbone-invariant),1000,psrl_notype,13,0.0,0.0,0,0,4.107346245766183,4.107346245766183,0.000244140625,3|2|2|0|3|3,6,4,24,4096
pub/capetown,Pub: capetown,pub,exact-payoff (backbone-invariant),1000,psrl_notype,14,0.0,0.0,0,0,4.107346245766183,4.107346245766183,0.000244140625,3|2|2|0|3|3,6,4,24,4096
pub/capetown,Pub: capetown,pub,exact-payoff (backbone-invariant),1000,psrl_notype,15,0.0,0.0,0,0,4.107346245766183,4.107346245766183,0.000244140625,3|2|2|0|3|3,6,4,24,4096
pub/capetown,Pub: capetown,pub,exact-payoff (backbone-invariant),1000,psrl_notype,16,0.0,0.0,0,0,4.107346245766183,4.107346245766183,0.000244140625,3|2|2|0|3|3,6,4,24,4096
pub/capetown,Pub: capetown,pub,exact-payoff (backbone-invariant),1000,psrl_notype,17,0.0,0.0,0,0,4.107346245766183,4.107346245766183,0.000244140625,3|2|2|0|3|3,6,4,24,4096
pub/capetown,Pub: capetown,pub,exact-payoff (backbone-invariant),1000,psrl_notype,18,0.0,0.0,0,0,4.107346245766183,4.107346245766183,0.000244140625,3|2|2|0|3|3,6,4,24,4096
pub/capetown,Pub: capetown,pub,exact-payoff (backbone-invariant),1000,psrl_notype,19,0.0,0.0,0,0,4.107346245766183,4.107346245766183,0.000244140625,3|2|2|0|3|3,6,4,24,4096
pub/capetown,Pub: capetown,pub,exact-payoff (backbone-invariant),1000,psrl_notype,20,0.0,0.0,0,0,4.107346245766183,4.107346245766183,0.000244140625,3|2|2|0|3|3,6,4,24,4096
pub/capetown,Pub: capetown,pub,exact-payoff (backbone-invariant),1000,map_type_greedy,1,0.0,0.0,0,0,4.107346245766183,4.107346245766183,0.3064219621955647,3|2|2|0|3|3,6,4,24,4096
pub/capetown,Pub: capetown,pub,exact-payoff (backbone-invariant),1000,map_type_greedy,2,0.0,0.0,0,0,4.107346245766183,4.107346245766183,0.3525988001459948,3|2|2|0|3|3,6,4,24,4096
pub/capetown,Pub: capetown,pub,exact-payoff (backbone-invariant),1000,map_type_greedy,3,0.0,0.0,0,0,4.107346245766183,4.107346245766183,0.3899490059111721,3|2|2|0|3|3,6,4,24,4096
pub/capetown,Pub: capetown,pub,exact-payoff (backbone-invariant),1000,map_type_greedy,4,0.0,0.0,0,0,4.107346245766183,4.107346245766183,0.4213344243941089,3|2|2|0|3|3,6,4,24,4096
pub/capetown,Pub: capetown,pub,exact-payoff (backbone-invariant),1000,map_type_greedy,5,0.0,0.0,0,0,4.107346245766183,4.107346245766183,0.4485204042755346,3|2|2|0|3|3,6,4,24,4096
pub/capetown,Pub: capetown,pub,exact-payoff (backbone-invariant),1000,map_type_greedy,6,0.0,0.0,0,0,4.107346245766183,4.107346245766183,0.47256259469386436,3|2|2|0|3|3,6,4,24,4096
pub/capetown,Pub: capetown,pub,exact-payoff (backbone-invariant),1000,map_type_greedy,7,0.0,0.0,0,0,4.107346245766183,4.107346245766183,0.49413786874455745,3|2|2|0|3|3,6,4,24,4096
pub/capetown,Pub: capetown,pub,exact-payoff (backbone-invariant),1000,map_type_greedy,8,0.0,0.0,0,0,4.107346245766183,4.107346245766183,0.5137071359278687,3|2|2|0|3|3,6,4,24,4096
pub/capetown,Pub: capetown,pub,exact-payoff (backbone-invariant),1000,map_type_greedy,9,0.0,0.0,0,0,4.107346245766183,4.107346245766183,0.5316007933125445,3|2|2|0|3|3,6,4,24,4096
pub/capetown,Pub: capetown,pub,exact-payoff (backbone-invariant),1000,map_type_greedy,10,0.0,0.0,0,0,4.107346245766183,4.107346245766183,0.548066764285471,3|2|2|0|3|3,6,4,24,4096
pub/capetown,Pub: capetown,pub,exact-payoff (backbone-invariant),1000,map_type_greedy,11,0.0,0.0,0,0,4.107346245766183,4.107346245766183,0.5632983796156865,3|2|2|0|3|3,6,4,24,4096
pub/capetown,Pub: capetown,pub,exact-payoff (backbone-invariant),1000,map_type_greedy,12,0.0,0.0,0,0,4.107346245766183,4.107346245766183,0.5774509786845758,3|2|2|0|3|3,6,4,24,4096
pub/capetown,Pub: capetown,pub,exact-payoff (backbone-invariant),1000,map_type_greedy,13,0.0,0.0,0,0,4.107346245766183,4.107346245766183,0.5906521449667969,3|2|2|0|3|3,6,4,24,4096
pub/capetown,Pub: capetown,pub,exact-payoff (backbone-invariant),1000,map_type_greedy,14,0.0,0.0,0,0,4.107346245766183,4.107346245766183,0.6030083118243562,3|2|2|0|3|3,6,4,24,4096
pub/capetown,Pub: capetown,pub,exact-payoff (backbone-invariant),1000,map_type_greedy,15,0.0,0.0,0,0,4.107346245766183,4.107346245766183,0.6146092525431571,3|2|2|0|3|3,6,4,24,4096
pub/capetown,Pub: capetown,pub,exact-payoff (backbone-invariant),1000,map_type_greedy,16,0.0,0.0,0,0,4.107346245766183,4.107346245766183,0.6255312937550227,3|2|2|0|3|3,6,4,24,4096
pub/capetown,Pub: capetown,pub,exact-payoff (backbone-invariant),1000,map_type_greedy,17,0.0,0.0,0,0,4.107346245766183,4.107346245766183,0.6358397236758847,3|2|2|0|3|3,6,4,24,4096
pub/capetown,Pub: capetown,pub,exact-payoff (backbone-invariant),1000,map_type_greedy,18,0.0,0.0,0,0,4.107346245766183,4.107346245766183,0.6455906663911906,3|2|2|0|3|3,6,4,24,4096
pub/capetown,Pub: capetown,pub,exact-payoff (backbone-invariant),1000,map_type_greedy,19,0.0,0.0,0,0,4.107346245766183,4.107346245766183,0.6548325832372077,3|2|2|0|3|3,6,4,24,4096
pub/capetown,Pub: capetown,pub,exact-payoff (backbone-invariant),1000,map_type_greedy,20,0.0,0.0,0,0,4.107346245766183,4.107346245766183,0.6636075005322729,3|2|2|0|3|3,6,4,24,4096
pub/capetown,Pub: capetown,pub,exact-payoff (backbone-invariant),1000,econ_bne,1,0.17572108057399438,0.17572108057399438,164,0,3.9316251651921887,4.107346245766183,0.000244140625,3|2|2|0|3|3,6,4,24,4096
pub/capetown,Pub: capetown,pub,exact-payoff (backbone-invariant),1000,econ_bne,2,0.17572108057399438,0.35144216114798876,164,0,3.9316251651921887,4.107346245766183,0.000244140625,3|2|2|0|3|3,6,4,24,4096
pub/capetown,Pub: capetown,pub,exact-payoff (backbone-invariant),1000,econ_bne,3,0.17572108057399438,0.5271632417219831,164,0,3.9316251651921887,4.107346245766183,0.000244140625,3|2|2|0|3|3,6,4,24,4096
pub/capetown,Pub: capetown,pub,exact-payoff (backbone-invariant),1000,econ_bne,4,0.17572108057399438,0.7028843222959775,164,0,3.9316251651921887,4.107346245766183,0.000244140625,3|2|2|0|3|3,6,4,24,4096
pub/capetown,Pub: capetown,pub,exact-payoff (backbone-invariant),1000,econ_bne,5,0.17572108057399438,0.8786054028699719,164,0,3.9316251651921887,4.107346245766183,0.000244140625,3|2|2|0|3|3,6,4,24,4096
pub/capetown,Pub: capetown,pub,exact-payoff (backbone-invariant),1000,econ_bne,6,0.17572108057399438,1.0543264834439663,164,0,3.9316251651921887,4.107346245766183,0.000244140625,3|2|2|0|3|3,6,4,24,4096
pub/capetown,Pub: capetown,pub,exact-payoff (backbone-invariant),1000,econ_bne,7,0.17572108057399438,1.2300475640179607,164,0,3.9316251651921887,4.107346245766183,0.000244140625,3|2|2|0|3|3,6,4,24,4096
pub/capetown,Pub: capetown,pub,exact-payoff (backbone-invariant),1000,econ_bne,8,0.17572108057399438,1.405768644591955,164,0,3.9316251651921887,4.107346245766183,0.000244140625,3|2|2|0|3|3,6,4,24,4096
pub/capetown,Pub: capetown,pub,exact-payoff (backbone-invariant),1000,econ_bne,9,0.17572108057399438,1.5814897251659494,164,0,3.9316251651921887,4.107346245766183,0.000244140625,3|2|2|0|3|3,6,4,24,4096
pub/capetown,Pub: capetown,pub,exact-payoff (backbone-invariant),1000,econ_bne,10,0.17572108057399438,1.7572108057399438,164,0,3.9316251651921887,4.107346245766183,0.000244140625,3|2|2|0|3|3,6,4,24,4096
pub/capetown,Pub: capetown,pub,exact-payoff (backbone-invariant),1000,econ_bne,11,0.17572108057399438,1.9329318863139382,164,0,3.9316251651921887,4.107346245766183,0.000244140625,3|2|2|0|3|3,6,4,24,4096
pub/capetown,Pub: capetown,pub,exact-payoff (backbone-invariant),1000,econ_bne,12,0.17572108057399438,2.1086529668879326,164,0,3.9316251651921887,4.107346245766183,0.000244140625,3|2|2|0|3|3,6,4,24,4096
pub/capetown,Pub: capetown,pub,exact-payoff (backbone-invariant),1000,econ_bne,13,0.17572108057399438,2.284374047461927,164,0,3.9316251651921887,4.107346245766183,0.000244140625,3|2|2|0|3|3,6,4,24,4096
pub/capetown,Pub: capetown,pub,exact-payoff (backbone-invariant),1000,econ_bne,14,0.17572108057399438,2.4600951280359213,164,0,3.9316251651921887,4.107346245766183,0.000244140625,3|2|2|0|3|3,6,4,24,4096
pub/capetown,Pub: capetown,pub,exact-payoff (backbone-invariant),1000,econ_bne,15,0.17572108057399438,2.6358162086099157,164,0,3.9316251651921887,4.107346245766183,0.000244140625,3|2|2|0|3|3,6,4,24,4096
pub/capetown,Pub: capetown,pub,exact-payoff (backbone-invariant),1000,econ_bne,16,0.17572108057399438,2.81153728918391,164,0,3.9316251651921887,4.107346245766183,0.000244140625,3|2|2|0|3|3,6,4,24,4096
pub/capetown,Pub: capetown,pub,exact-payoff (backbone-invariant),1000,econ_bne,17,0.17572108057399438,2.9872583697579045,164,0,3.9316251651921887,4.107346245766183,0.000244140625,3|2|2|0|3|3,6,4,24,4096
pub/capetown,Pub: capetown,pub,exact-payoff (backbone-invariant),1000,econ_bne,18,0.17572108057399438,3.162979450331899,164,0,3.9316251651921887,4.107346245766183,0.000244140625,3|2|2|0|3|3,6,4,24,4096
pub/capetown,Pub: capetown,pub,exact-payoff (backbone-invariant),1000,econ_bne,19,0.17572108057399438,3.3387005309058932,164,0,3.9316251651921887,4.107346245766183,0.000244140625,3|2|2|0|3|3,6,4,24,4096
pub/capetown,Pub: capetown,pub,exact-payoff (backbone-invariant),1000,econ_bne,20,0.17572108057399438,3.5144216114798876,164,0,3.9316251651921887,4.107346245766183,0.000244140625,3|2|2|0|3|3,6,4,24,4096
pub/capetown,Pub: capetown,pub,exact-payoff (backbone-invariant),1000,atom_tom1,1,0.17572108057399438,0.17572108057399438,164,0,3.9316251651921887,4.107346245766183,0.000244140625,3|2|2|0|3|3,6,4,24,4096
pub/capetown,Pub: capetown,pub,exact-payoff (backbone-invariant),1000,atom_tom1,2,0.17572108057399438,0.35144216114798876,164,0,3.9316251651921887,4.107346245766183,0.000244140625,3|2|2|0|3|3,6,4,24,4096
pub/capetown,Pub: capetown,pub,exact-payoff (backbone-invariant),1000,atom_tom1,3,0.17572108057399438,0.5271632417219831,164,0,3.9316251651921887,4.107346245766183,0.000244140625,3|2|2|0|3|3,6,4,24,4096
pub/capetown,Pub: capetown,pub,exact-payoff (backbone-invariant),1000,atom_tom1,4,0.17572108057399438,0.7028843222959775,164,0,3.9316251651921887,4.107346245766183,0.000244140625,3|2|2|0|3|3,6,4,24,4096
pub/capetown,Pub: capetown,pub,exact-payoff (backbone-invariant),1000,atom_tom1,5,0.17572108057399438,0.8786054028699719,164,0,3.9316251651921887,4.107346245766183,0.000244140625,3|2|2|0|3|3,6,4,24,4096
pub/capetown,Pub: capetown,pub,exact-payoff (backbone-invariant),1000,atom_tom1,6,0.17572108057399438,1.0543264834439663,164,0,3.9316251651921887,4.107346245766183,0.000244140625,3|2|2|0|3|3,6,4,24,4096
pub/capetown,Pub: capetown,pub,exact-payoff (backbone-invariant),1000,atom_tom1,7,0.17572108057399438,1.2300475640179607,164,0,3.9316251651921887,4.107346245766183,0.000244140625,3|2|2|0|3|3,6,4,24,4096
pub/capetown,Pub: capetown,pub,exact-payoff (backbone-invariant),1000,atom_tom1,8,0.17572108057399438,1.405768644591955,164,0,3.9316251651921887,4.107346245766183,0.000244140625,3|2|2|0|3|3,6,4,24,4096
pub/capetown,Pub: capetown,pub,exact-payoff (backbone-invariant),1000,atom_tom1,9,0.17572108057399438,1.5814897251659494,164,0,3.9316251651921887,4.107346245766183,0.000244140625,3|2|2|0|3|3,6,4,24,4096
pub/capetown,Pub: capetown,pub,exact-payoff (backbone-invariant),1000,atom_tom1,10,0.17572108057399438,1.7572108057399438,164,0,3.9316251651921887,4.107346245766183,0.000244140625,3|2|2|0|3|3,6,4,24,4096
pub/capetown,Pub: capetown,pub,exact-payoff (backbone-invariant),1000,atom_tom1,11,0.17572108057399438,1.9329318863139382,164,0,3.9316251651921887,4.107346245766183,0.000244140625,3|2|2|0|3|3,6,4,24,4096
pub/capetown,Pub: capetown,pub,exact-payoff (backbone-invariant),1000,atom_tom1,12,0.17572108057399438,2.1086529668879326,164,0,3.9316251651921887,4.107346245766183,0.000244140625,3|2|2|0|3|3,6,4,24,4096
pub/capetown,Pub: capetown,pub,exact-payoff (backbone-invariant),1000,atom_tom1,13,0.17572108057399438,2.284374047461927,164,0,3.9316251651921887,4.107346245766183,0.000244140625,3|2|2|0|3|3,6,4,24,4096
pub/capetown,Pub: capetown,pub,exact-payoff (backbone-invariant),1000,atom_tom1,14,0.17572108057399438,2.4600951280359213,164,0,3.9316251651921887,4.107346245766183,0.000244140625,3|2|2|0|3|3,6,4,24,4096
pub/capetown,Pub: capetown,pub,exact-payoff (backbone-invariant),1000,atom_tom1,15,0.17572108057399438,2.6358162086099157,164,0,3.9316251651921887,4.107346245766183,0.000244140625,3|2|2|0|3|3,6,4,24,4096
pub/capetown,Pub: capetown,pub,exact-payoff (backbone-invariant),1000,atom_tom1,16,0.17572108057399438,2.81153728918391,164,0,3.9316251651921887,4.107346245766183,0.000244140625,3|2|2|0|3|3,6,4,24,4096
pub/capetown,Pub: capetown,pub,exact-payoff (backbone-invariant),1000,atom_tom1,17,0.17572108057399438,2.9872583697579045,164,0,3.9316251651921887,4.107346245766183,0.000244140625,3|2|2|0|3|3,6,4,24,4096
pub/capetown,Pub: capetown,pub,exact-payoff (backbone-invariant),1000,atom_tom1,18,0.17572108057399438,3.162979450331899,164,0,3.9316251651921887,4.107346245766183,0.000244140625,3|2|2|0|3|3,6,4,24,4096
pub/capetown,Pub: capetown,pub,exact-payoff (backbone-invariant),1000,atom_tom1,19,0.17572108057399438,3.3387005309058932,164,0,3.9316251651921887,4.107346245766183,0.000244140625,3|2|2|0|3|3,6,4,24,4096
pub/capetown,Pub: capetown,pub,exact-payoff (backbone-invariant),1000,atom_tom1,20,0.17572108057399438,3.5144216114798876,164,0,3.9316251651921887,4.107346245766183,0.000244140625,3|2|2|0|3|3,6,4,24,4096
pub/capetown,Pub: capetown,pub,exact-payoff (backbone-invariant),1000,random,1,3.8957469539377083,3.8957469539377083,144,0,0.21159929182847498,4.107346245766183,0.000244140625,3|2|2|0|3|3,6,4,24,4096
pub/capetown,Pub: capetown,pub,exact-payoff (backbone-invariant),1000,random,2,1.6114237973766596,5.5071707513143675,9,0,2.4959224483895235,4.107346245766183,0.000244140625,3|2|2|0|3|3,6,4,24,4096
pub/capetown,Pub: capetown,pub,exact-payoff (backbone-invariant),1000,random,3,1.0696682701304052,6.576839021444773,422,0,3.037677975635778,4.107346245766183,0.000244140625,3|2|2|0|3|3,6,4,24,4096
pub/capetown,Pub: capetown,pub,exact-payoff (backbone-invariant),1000,random,4,2.8620840907138523,9.438923112158625,129,0,1.2452621550523308,4.107346245766183,0.000244140625,3|2|2|0|3|3,6,4,24,4096
pub/capetown,Pub: capetown,pub,exact-payoff (backbone-invariant),1000,random,5,2.0561246311249035,11.495047743283529,501,0,2.0512216146412796,4.107346245766183,0.000244140625,3|2|2|0|3|3,6,4,24,4096
pub/capetown,Pub: capetown,pub,exact-payoff (backbone-invariant),1000,random,6,1.4026171338246858,12.897664877108214,7,0,2.7047291119414973,4.107346245766183,0.000244140625,3|2|2|0|3|3,6,4,24,4096
pub/capetown,Pub: capetown,pub,exact-payoff (backbone-invariant),1000,random,7,0.27662081481159007,13.174285691919804,167,0,3.830725430954593,4.107346245766183,0.000244140625,3|2|2|0|3|3,6,4,24,4096
pub/capetown,Pub: capetown,pub,exact-payoff (backbone-invariant),1000,random,8,1.4521234243476684,14.626409116267473,475,0,2.6552228214185147,4.107346245766183,0.000244140625,3|2|2|0|3|3,6,4,24,4096
pub/capetown,Pub: capetown,pub,exact-payoff (backbone-invariant),1000,random,9,2.1184118483089383,16.744820964576412,322,0,1.9889343974572449,4.107346245766183,0.000244140625,3|2|2|0|3|3,6,4,24,4096
pub/capetown,Pub: capetown,pub,exact-payoff (backbone-invariant),1000,random,10,2.007199587480291,18.752020552056702,10,0,2.100146658285892,4.107346245766183,0.000244140625,3|2|2|0|3|3,6,4,24,4096
pub/capetown,Pub: capetown,pub,exact-payoff (backbone-invariant),1000,random,11,1.4026171338246858,20.15463768588139,7,0,2.7047291119414973,4.107346245766183,0.000244140625,3|2|2|0|3|3,6,4,24,4096
pub/capetown,Pub: capetown,pub,exact-payoff (backbone-invariant),1000,random,12,3.1711347002501293,23.32577238613152,132,0,0.9362115455160536,4.107346245766183,0.000244140625,3|2|2|0|3|3,6,4,24,4096
pub/capetown,Pub: capetown,pub,exact-payoff (backbone-invariant),1000,random,13,1.9760921027281118,25.30186448885963,469,0,2.1312541430380714,4.107346245766183,0.000244140625,3|2|2|0|3|3,6,4,24,4096
pub/capetown,Pub: capetown,pub,exact-payoff (backbone-invariant),1000,random,14,1.8707538738994738,27.172618362759103,183,0,2.2365923718667093,4.107346245766183,0.000244140625,3|2|2|0|3|3,6,4,24,4096
pub/capetown,Pub: capetown,pub,exact-payoff (backbone-invariant),1000,random,15,2.5260262811030545,29.698644643862156,393,0,1.5813199646631289,4.107346245766183,0.000244140625,3|2|2|0|3|3,6,4,24,4096
pub/capetown,Pub: capetown,pub,exact-payoff (backbone-invariant),1000,random,16,1.438324923632965,31.13696956749512,726,0,2.669021322133218,4.107346245766183,0.000244140625,3|2|2|0|3|3,6,4,24,4096
pub/capetown,Pub: capetown,pub,exact-payoff (backbone-invariant),1000,random,17,2.7936538578021635,33.930623425297284,685,0,1.3136923879640197,4.107346245766183,0.000244140625,3|2|2|0|3|3,6,4,24,4096
pub/capetown,Pub: capetown,pub,exact-payoff (backbone-invariant),1000,random,18,1.9247688959809626,35.855392321278245,77,0,2.1825773497852206,4.107346245766183,0.000244140625,3|2|2|0|3|3,6,4,24,4096
pub/capetown,Pub: capetown,pub,exact-payoff (backbone-invariant),1000,random,19,1.6829973175685211,37.538389638846766,383,0,2.424348928197662,4.107346245766183,0.000244140625,3|2|2|0|3|3,6,4,24,4096
pub/capetown,Pub: capetown,pub,exact-payoff (backbone-invariant),1000,random,20,1.4511087788056907,38.989498417652456,303,0,2.6562374669604925,4.107346245766183,0.000244140625,3|2|2|0|3|3,6,4,24,4096
haggling/fruitville_gullible,Haggling: fruitville gullible,haggling,exact-payoff (backbone-invariant),1000,pact,1,0.0,0.0,9,9,0.7333333333333333,0.7333333333333333,0.3896331707087036,3|2,2,4,8,16
haggling/fruitville_gullible,Haggling: fruitville gullible,haggling,exact-payoff (backbone-invariant),1000,pact,2,0.0,0.0,9,9,0.7333333333333333,0.7333333333333333,0.4383646686021234,3|2,2,4,8,16
haggling/fruitville_gullible,Haggling: fruitville gullible,haggling,exact-payoff (backbone-invariant),1000,pact,3,0.0,0.0,9,9,0.7333333333333333,0.7333333333333333,0.47360327123849744,3|2,2,4,8,16
haggling/fruitville_gullible,Haggling: fruitville gullible,haggling,exact-payoff (backbone-invariant),1000,pact,4,0.0,0.0,9,9,0.7333333333333333,0.7333333333333333,0.5007045908475249,3|2,2,4,8,16
haggling/fruitville_gullible,Haggling: fruitville gullible,haggling,exact-payoff (backbone-invariant),1000,pact,5,0.0,0.0,9,9,0.7333333333333333,0.7333333333333333,0.5224695256132535,3|2,2,4,8,16
haggling/fruitville_gullible,Haggling: fruitville gullible,haggling,exact-payoff (backbone-invariant),1000,pact,6,0.0,0.0,9,9,0.7333333333333333,0.7333333333333333,0.5407043383795016,3|2,2,4,8,16
haggling/fruitville_gullible,Haggling: fruitville gullible,haggling,exact-payoff (backbone-invariant),1000,pact,7,0.0,0.0,9,9,0.7333333333333333,0.7333333333333333,0.5565049053935174,3|2,2,4,8,16
haggling/fruitville_gullible,Haggling: fruitville gullible,haggling,exact-payoff (backbone-invariant),1000,pact,8,0.0,0.0,9,9,0.7333333333333333,0.7333333333333333,0.5705332848433442,3|2,2,4,8,16
haggling/fruitville_gullible,Haggling: fruitville gullible,haggling,exact-payoff (backbone-invariant),1000,pact,9,0.0,0.0,9,9,0.7333333333333333,0.7333333333333333,0.5832024551073198,3|2,2,4,8,16
haggling/fruitville_gullible,Haggling: fruitville gullible,haggling,exact-payoff (backbone-invariant),1000,pact,10,0.0,0.0,9,9,0.7333333333333333,0.7333333333333333,0.5947821319682862,3|2,2,4,8,16
haggling/fruitville_gullible,Haggling: fruitville gullible,haggling,exact-payoff (backbone-invariant),1000,pact,11,0.0,0.0,9,9,0.7333333333333333,0.7333333333333333,0.6054567083044694,3|2,2,4,8,16
haggling/fruitville_gullible,Haggling: fruitville gullible,haggling,exact-payoff (backbone-invariant),1000,pact,12,0.0,0.0,9,9,0.7333333333333333,0.7333333333333333,0.615357245652383,3|2,2,4,8,16
haggling/fruitville_gullible,Haggling: fruitville gullible,haggling,exact-payoff (backbone-invariant),1000,pact,13,0.0,0.0,9,9,0.7333333333333333,0.7333333333333333,0.6245798538876463,3|2,2,4,8,16
haggling/fruitville_gullible,Haggling: fruitville gullible,haggling,exact-payoff (backbone-invariant),1000,pact,14,0.0,0.0,9,9,0.7333333333333333,0.7333333333333333,0.6331968586095518,3|2,2,4,8,16
haggling/fruitville_gullible,Haggling: fruitville gullible,haggling,exact-payoff (backbone-invariant),1000,pact,15,0.0,0.0,9,9,0.7333333333333333,0.7333333333333333,0.6412639917810724,3|2,2,4,8,16
haggling/fruitville_gullible,Haggling: fruitville gullible,haggling,exact-payoff (backbone-invariant),1000,pact,16,0.0,0.0,9,9,0.7333333333333333,0.7333333333333333,0.6488252528502376,3|2,2,4,8,16
haggling/fruitville_gullible,Haggling: fruitville gullible,haggling,exact-payoff (backbone-invariant),1000,pact,17,0.0,0.0,9,9,0.7333333333333333,0.7333333333333333,0.655916307978455,3|2,2,4,8,16
haggling/fruitville_gullible,Haggling: fruitville gullible,haggling,exact-payoff (backbone-invariant),1000,pact,18,0.0,0.0,9,9,0.7333333333333333,0.7333333333333333,0.6625669118489265,3|2,2,4,8,16
haggling/fruitville_gullible,Haggling: fruitville gullible,haggling,exact-payoff (backbone-invariant),1000,pact,19,0.0,0.0,9,9,0.7333333333333333,0.7333333333333333,0.6688026436766674,3|2,2,4,8,16
haggling/fruitville_gullible,Haggling: fruitville gullible,haggling,exact-payoff (backbone-invariant),1000,pact,20,0.0,0.0,9,9,0.7333333333333333,0.7333333333333333,0.6746461471060664,3|2,2,4,8,16
haggling/fruitville_gullible,Haggling: fruitville gullible,haggling,exact-payoff (backbone-invariant),1000,pact_plus,1,0.0,0.0,9,9,0.7333333333333333,0.7333333333333333,0.3896331707087036,3|2,2,4,8,16
haggling/fruitville_gullible,Haggling: fruitville gullible,haggling,exact-payoff (backbone-invariant),1000,pact_plus,2,0.0,0.0,9,9,0.7333333333333333,0.7333333333333333,0.4383646686021234,3|2,2,4,8,16
haggling/fruitville_gullible,Haggling: fruitville gullible,haggling,exact-payoff (backbone-invariant),1000,pact_plus,3,0.0,0.0,9,9,0.7333333333333333,0.7333333333333333,0.47360327123849744,3|2,2,4,8,16
haggling/fruitville_gullible,Haggling: fruitville gullible,haggling,exact-payoff (backbone-invariant),1000,pact_plus,4,0.0,0.0,9,9,0.7333333333333333,0.7333333333333333,0.5007045908475249,3|2,2,4,8,16
haggling/fruitville_gullible,Haggling: fruitville gullible,haggling,exact-payoff (backbone-invariant),1000,pact_plus,5,0.0,0.0,9,9,0.7333333333333333,0.7333333333333333,0.5224695256132535,3|2,2,4,8,16
haggling/fruitville_gullible,Haggling: fruitville gullible,haggling,exact-payoff (backbone-invariant),1000,pact_plus,6,0.0,0.0,9,9,0.7333333333333333,0.7333333333333333,0.5407043383795016,3|2,2,4,8,16
haggling/fruitville_gullible,Haggling: fruitville gullible,haggling,exact-payoff (backbone-invariant),1000,pact_plus,7,0.0,0.0,9,9,0.7333333333333333,0.7333333333333333,0.5565049053935174,3|2,2,4,8,16
haggling/fruitville_gullible,Haggling: fruitville gullible,haggling,exact-payoff (backbone-invariant),1000,pact_plus,8,0.0,0.0,9,9,0.7333333333333333,0.7333333333333333,0.5705332848433442,3|2,2,4,8,16
haggling/fruitville_gullible,Haggling: fruitville gullible,haggling,exact-payoff (backbone-invariant),1000,pact_plus,9,0.0,0.0,9,9,0.7333333333333333,0.7333333333333333,0.5832024551073198,3|2,2,4,8,16
haggling/fruitville_gullible,Haggling: fruitville gullible,haggling,exact-payoff (backbone-invariant),1000,pact_plus,10,0.0,0.0,9,9,0.7333333333333333,0.7333333333333333,0.5947821319682862,3|2,2,4,8,16
haggling/fruitville_gullible,Haggling: fruitville gullible,haggling,exact-payoff (backbone-invariant),1000,pact_plus,11,0.0,0.0,9,9,0.7333333333333333,0.7333333333333333,0.6054567083044694,3|2,2,4,8,16
haggling/fruitville_gullible,Haggling: fruitville gullible,haggling,exact-payoff (backbone-invariant),1000,pact_plus,12,0.0,0.0,9,9,0.7333333333333333,0.7333333333333333,0.615357245652383,3|2,2,4,8,16
haggling/fruitville_gullible,Haggling: fruitville gullible,haggling,exact-payoff (backbone-invariant),1000,pact_plus,13,0.0,0.0,9,9,0.7333333333333333,0.7333333333333333,0.6245798538876463,3|2,2,4,8,16
haggling/fruitville_gullible,Haggling: fruitville gullible,haggling,exact-payoff (backbone-invariant),1000,pact_plus,14,0.0,0.0,9,9,0.7333333333333333,0.7333333333333333,0.6331968586095518,3|2,2,4,8,16
haggling/fruitville_gullible,Haggling: fruitville gullible,haggling,exact-payoff (backbone-invariant),1000,pact_plus,15,0.0,0.0,9,9,0.7333333333333333,0.7333333333333333,0.6412639917810724,3|2,2,4,8,16
haggling/fruitville_gullible,Haggling: fruitville gullible,haggling,exact-payoff (backbone-invariant),1000,pact_plus,16,0.0,0.0,9,9,0.7333333333333333,0.7333333333333333,0.6488252528502376,3|2,2,4,8,16
haggling/fruitville_gullible,Haggling: fruitville gullible,haggling,exact-payoff (backbone-invariant),1000,pact_plus,17,0.0,0.0,9,9,0.7333333333333333,0.7333333333333333,0.655916307978455,3|2,2,4,8,16
haggling/fruitville_gullible,Haggling: fruitville gullible,haggling,exact-payoff (backbone-invariant),1000,pact_plus,18,0.0,0.0,9,9,0.7333333333333333,0.7333333333333333,0.6625669118489265,3|2,2,4,8,16
haggling/fruitville_gullible,Haggling: fruitville gullible,haggling,exact-payoff (backbone-invariant),1000,pact_plus,19,0.0,0.0,9,9,0.7333333333333333,0.7333333333333333,0.6688026436766674,3|2,2,4,8,16
haggling/fruitville_gullible,Haggling: fruitville gullible,haggling,exact-payoff (backbone-invariant),1000,pact_plus,20,0.0,0.0,9,9,0.7333333333333333,0.7333333333333333,0.6746461471060664,3|2,2,4,8,16
haggling/fruitville_gullible,Haggling: fruitville gullible,haggling,exact-payoff (backbone-invariant),1000,joint_psrl_uniform,1,0.0,0.0,9,9,0.7333333333333333,0.7333333333333333,0.15086597021776227,3|2,2,4,8,16
haggling/fruitville_gullible,Haggling: fruitville gullible,haggling,exact-payoff (backbone-invariant),1000,joint_psrl_uniform,2,0.0,0.0,9,9,0.7333333333333333,0.7333333333333333,0.18972512813273143,3|2,2,4,8,16
haggling/fruitville_gullible,Haggling: fruitville gullible,haggling,exact-payoff (backbone-invariant),1000,joint_psrl_uniform,3,0.0,0.0,9,9,0.7333333333333333,0.7333333333333333,0.22044338042765324,3|2,2,4,8,16
haggling/fruitville_gullible,Haggling: fruitville gullible,haggling,exact-payoff (backbone-invariant),1000,joint_psrl_uniform,4,0.0,0.0,9,9,0.7333333333333333,0.7333333333333333,0.24573018956544573,3|2,2,4,8,16
haggling/fruitville_gullible,Haggling: fruitville gullible,haggling,exact-payoff (backbone-invariant),1000,joint_psrl_uniform,5,0.0,0.0,9,9,0.7333333333333333,0.7333333333333333,0.26703812721831566,3|2,2,4,8,16
haggling/fruitville_gullible,Haggling: fruitville gullible,haggling,exact-payoff (backbone-invariant),1000,joint_psrl_uniform,6,0.0,0.0,9,9,0.7333333333333333,0.7333333333333333,0.28546644691925394,3|2,2,4,8,16
haggling/fruitville_gullible,Haggling: fruitville gullible,haggling,exact-payoff (backbone-invariant),1000,joint_psrl_uniform,7,0.0,0.0,9,9,0.7333333333333333,0.7333333333333333,0.30175272216910526,3|2,2,4,8,16
haggling/fruitville_gullible,Haggling: fruitville gullible,haggling,exact-payoff (backbone-invariant),1000,joint_psrl_uniform,8,0.0,0.0,9,9,0.7333333333333333,0.7333333333333333,0.31637575428628795,3|2,2,4,8,16
haggling/fruitville_gullible,Haggling: fruitville gullible,haggling,exact-payoff (backbone-invariant),1000,joint_psrl_uniform,9,0.0,0.0,9,9,0.7333333333333333,0.7333333333333333,0.32965339066637045,3|2,2,4,8,16
haggling/fruitville_gullible,Haggling: fruitville gullible,haggling,exact-payoff (backbone-invariant),1000,joint_psrl_uniform,10,0.0,0.0,9,9,0.7333333333333333,0.7333333333333333,0.34180658591166435,3|2,2,4,8,16
haggling/fruitville_gullible,Haggling: fruitville gullible,haggling,exact-payoff (backbone-invariant),1000,joint_psrl_uniform,11,0.0,0.0,9,9,0.7333333333333333,0.7333333333333333,0.35299661714049574,3|2,2,4,8,16
haggling/fruitville_gullible,Haggling: fruitville gullible,haggling,exact-payoff (backbone-invariant),1000,joint_psrl_uniform,12,0.0,0.0,9,9,0.7333333333333333,0.7333333333333333,0.3633460523412581,3|2,2,4,8,16
haggling/fruitville_gullible,Haggling: fruitville gullible,haggling,exact-payoff (backbone-invariant),1000,joint_psrl_uniform,13,0.0,0.0,9,9,0.7333333333333333,0.7333333333333333,0.3729508286181579,3|2,2,4,8,16
haggling/fruitville_gullible,Haggling: fruitville gullible,haggling,exact-payoff (backbone-invariant),1000,joint_psrl_uniform,14,0.0,0.0,9,9,0.7333333333333333,0.7333333333333333,0.3818876302059685,3|2,2,4,8,16
haggling/fruitville_gullible,Haggling: fruitville gullible,haggling,exact-payoff (backbone-invariant),1000,joint_psrl_uniform,15,0.0,0.0,9,9,0.7333333333333333,0.7333333333333333,0.39021875199019607,3|2,2,4,8,16
haggling/fruitville_gullible,Haggling: fruitville gullible,haggling,exact-payoff (backbone-invariant),1000,joint_psrl_uniform,16,0.0,0.0,9,9,0.7333333333333333,0.7333333333333333,0.3979955413650727,3|2,2,4,8,16
haggling/fruitville_gullible,Haggling: fruitville gullible,haggling,exact-payoff (backbone-invariant),1000,joint_psrl_uniform,17,0.0,0.0,9,9,0.7333333333333333,0.7333333333333333,0.40526096032031034,3|2,2,4,8,16
haggling/fruitville_gullible,Haggling: fruitville gullible,haggling,exact-payoff (backbone-invariant),1000,joint_psrl_uniform,18,0.0,0.0,9,9,0.7333333333333333,0.7333333333333333,0.41205154558395324,3|2,2,4,8,16
haggling/fruitville_gullible,Haggling: fruitville gullible,haggling,exact-payoff (backbone-invariant),1000,joint_psrl_uniform,19,0.0,0.0,9,9,0.7333333333333333,0.7333333333333333,0.4183989220166642,3|2,2,4,8,16
haggling/fruitville_gullible,Haggling: fruitville gullible,haggling,exact-payoff (backbone-invariant),1000,joint_psrl_uniform,20,0.0,0.0,9,9,0.7333333333333333,0.7333333333333333,0.4243309677924781,3|2,2,4,8,16
haggling/fruitville_gullible,Haggling: fruitville gullible,haggling,exact-payoff (backbone-invariant),1000,psrl_notype,1,0.0,0.0,9,9,0.7333333333333333,0.7333333333333333,0.0625,3|2,2,4,8,16
haggling/fruitville_gullible,Haggling: fruitville gullible,haggling,exact-payoff (backbone-invariant),1000,psrl_notype,2,0.0,0.0,9,9,0.7333333333333333,0.7333333333333333,0.0625,3|2,2,4,8,16
haggling/fruitville_gullible,Haggling: fruitville gullible,haggling,exact-payoff (backbone-invariant),1000,psrl_notype,3,0.0,0.0,9,9,0.7333333333333333,0.7333333333333333,0.0625,3|2,2,4,8,16
haggling/fruitville_gullible,Haggling: fruitville gullible,haggling,exact-payoff (backbone-invariant),1000,psrl_notype,4,0.0,0.0,9,9,0.7333333333333333,0.7333333333333333,0.0625,3|2,2,4,8,16
haggling/fruitville_gullible,Haggling: fruitville gullible,haggling,exact-payoff (backbone-invariant),1000,psrl_notype,5,0.0,0.0,9,9,0.7333333333333333,0.7333333333333333,0.0625,3|2,2,4,8,16
haggling/fruitville_gullible,Haggling: fruitville gullible,haggling,exact-payoff (backbone-invariant),1000,psrl_notype,6,0.0,0.0,9,9,0.7333333333333333,0.7333333333333333,0.0625,3|2,2,4,8,16
haggling/fruitville_gullible,Haggling: fruitville gullible,haggling,exact-payoff (backbone-invariant),1000,psrl_notype,7,0.0,0.0,9,9,0.7333333333333333,0.7333333333333333,0.0625,3|2,2,4,8,16
haggling/fruitville_gullible,Haggling: fruitville gullible,haggling,exact-payoff (backbone-invariant),1000,psrl_notype,8,0.0,0.0,9,9,0.7333333333333333,0.7333333333333333,0.0625,3|2,2,4,8,16
haggling/fruitville_gullible,Haggling: fruitville gullible,haggling,exact-payoff (backbone-invariant),1000,psrl_notype,9,0.0,0.0,9,9,0.7333333333333333,0.7333333333333333,0.0625,3|2,2,4,8,16
haggling/fruitville_gullible,Haggling: fruitville gullible,haggling,exact-payoff (backbone-invariant),1000,psrl_notype,10,0.0,0.0,9,9,0.7333333333333333,0.7333333333333333,0.0625,3|2,2,4,8,16
haggling/fruitville_gullible,Haggling: fruitville gullible,haggling,exact-payoff (backbone-invariant),1000,psrl_notype,11,0.0,0.0,9,9,0.7333333333333333,0.7333333333333333,0.0625,3|2,2,4,8,16
haggling/fruitville_gullible,Haggling: fruitville gullible,haggling,exact-payoff (backbone-invariant),1000,psrl_notype,12,0.0,0.0,9,9,0.7333333333333333,0.7333333333333333,0.0625,3|2,2,4,8,16
haggling/fruitville_gullible,Haggling: fruitville gullible,haggling,exact-payoff (backbone-invariant),1000,psrl_notype,13,0.0,0.0,9,9,0.7333333333333333,0.7333333333333333,0.0625,3|2,2,4,8,16
haggling/fruitville_gullible,Haggling: fruitville gullible,haggling,exact-payoff (backbone-invariant),1000,psrl_notype,14,0.0,0.0,9,9,0.7333333333333333,0.7333333333333333,0.0625,3|2,2,4,8,16
haggling/fruitville_gullible,Haggling: fruitville gullible,haggling,exact-payoff (backbone-invariant),1000,psrl_notype,15,0.0,0.0,9,9,0.7333333333333333,0.7333333333333333,0.0625,3|2,2,4,8,16
haggling/fruitville_gullible,Haggling: fruitville gullible,haggling,exact-payoff (backbone-invariant),1000,psrl_notype,16,0.0,0.0,9,9,0.7333333333333333,0.7333333333333333,0.0625,3|2,2,4,8,16
haggling/fruitville_gullible,Haggling: fruitville gullible,haggling,exact-payoff (backbone-invariant),1000,psrl_notype,17,0.0,0.0,9,9,0.7333333333333333,0.7333333333333333,0.0625,3|2,2,4,8,16
haggling/fruitville_gullible,Haggling: fruitville gullible,haggling,exact-payoff (backbone-invariant),1000,psrl_notype,18,0.0,0.0,9,9,0.7333333333333333,0.7333333333333333,0.0625,3|2,2,4,8,16
haggling/fruitville_gullible,Haggling: fruitville gullible,haggling,exact-payoff (backbone-invariant),1000,psrl_notype,19,0.0,0.0,9,9,0.7333333333333333,0.7333333333333333,0.0625,3|2,2,4,8,16
haggling/fruitville_gullible,Haggling: fruitville gullible,haggling,exact-payoff (backbone-invariant),1000,psrl_notype,20,0.0,0.0,9,9,0.7333333333333333,0.7333333333333333,0.0625,3|2,2,4,8,16
haggling/fruitville_gullible,Haggling: fruitville gullible,haggling,exact-payoff (backbone-invariant),1000,map_type_greedy,1,0.0,0.0,9,9,0.7333333333333333,0.7333333333333333,0.3896331707087036,3|2,2,4,8,16
haggling/fruitville_gullible,Haggling: fruitville gullible,haggling,exact-payoff (backbone-invariant),1000,map_type_greedy,2,0.0,0.0,9,9,0.7333333333333333,0.7333333333333333,0.4383646686021234,3|2,2,4,8,16
haggling/fruitville_gullible,Haggling: fruitville gullible,haggling,exact-payoff (backbone-invariant),1000,map_type_greedy,3,0.0,0.0,9,9,0.7333333333333333,0.7333333333333333,0.47360327123849744,3|2,2,4,8,16
haggling/fruitville_gullible,Haggling: fruitville gullible,haggling,exact-payoff (backbone-invariant),1000,map_type_greedy,4,0.0,0.0,9,9,0.7333333333333333,0.7333333333333333,0.5007045908475249,3|2,2,4,8,16
haggling/fruitville_gullible,Haggling: fruitville gullible,haggling,exact-payoff (backbone-invariant),1000,map_type_greedy,5,0.0,0.0,9,9,0.7333333333333333,0.7333333333333333,0.5224695256132535,3|2,2,4,8,16
haggling/fruitville_gullible,Haggling: fruitville gullible,haggling,exact-payoff (backbone-invariant),1000,map_type_greedy,6,0.0,0.0,9,9,0.7333333333333333,0.7333333333333333,0.5407043383795016,3|2,2,4,8,16
haggling/fruitville_gullible,Haggling: fruitville gullible,haggling,exact-payoff (backbone-invariant),1000,map_type_greedy,7,0.0,0.0,9,9,0.7333333333333333,0.7333333333333333,0.5565049053935174,3|2,2,4,8,16
haggling/fruitville_gullible,Haggling: fruitville gullible,haggling,exact-payoff (backbone-invariant),1000,map_type_greedy,8,0.0,0.0,9,9,0.7333333333333333,0.7333333333333333,0.5705332848433442,3|2,2,4,8,16
haggling/fruitville_gullible,Haggling: fruitville gullible,haggling,exact-payoff (backbone-invariant),1000,map_type_greedy,9,0.0,0.0,9,9,0.7333333333333333,0.7333333333333333,0.5832024551073198,3|2,2,4,8,16
haggling/fruitville_gullible,Haggling: fruitville gullible,haggling,exact-payoff (backbone-invariant),1000,map_type_greedy,10,0.0,0.0,9,9,0.7333333333333333,0.7333333333333333,0.5947821319682862,3|2,2,4,8,16
haggling/fruitville_gullible,Haggling: fruitville gullible,haggling,exact-payoff (backbone-invariant),1000,map_type_greedy,11,0.0,0.0,9,9,0.7333333333333333,0.7333333333333333,0.6054567083044694,3|2,2,4,8,16
haggling/fruitville_gullible,Haggling: fruitville gullible,haggling,exact-payoff (backbone-invariant),1000,map_type_greedy,12,0.0,0.0,9,9,0.7333333333333333,0.7333333333333333,0.615357245652383,3|2,2,4,8,16
haggling/fruitville_gullible,Haggling: fruitville gullible,haggling,exact-payoff (backbone-invariant),1000,map_type_greedy,13,0.0,0.0,9,9,0.7333333333333333,0.7333333333333333,0.6245798538876463,3|2,2,4,8,16
haggling/fruitville_gullible,Haggling: fruitville gullible,haggling,exact-payoff (backbone-invariant),1000,map_type_greedy,14,0.0,0.0,9,9,0.7333333333333333,0.7333333333333333,0.6331968586095518,3|2,2,4,8,16
haggling/fruitville_gullible,Haggling: fruitville gullible,haggling,exact-payoff (backbone-invariant),1000,map_type_greedy,15,0.0,0.0,9,9,0.7333333333333333,0.7333333333333333,0.6412639917810724,3|2,2,4,8,16
haggling/fruitville_gullible,Haggling: fruitville gullible,haggling,exact-payoff (backbone-invariant),1000,map_type_greedy,16,0.0,0.0,9,9,0.7333333333333333,0.7333333333333333,0.6488252528502376,3|2,2,4,8,16
haggling/fruitville_gullible,Haggling: fruitville gullible,haggling,exact-payoff (backbone-invariant),1000,map_type_greedy,17,0.0,0.0,9,9,0.7333333333333333,0.7333333333333333,0.655916307978455,3|2,2,4,8,16
haggling/fruitville_gullible,Haggling: fruitville gullible,haggling,exact-payoff (backbone-invariant),1000,map_type_greedy,18,0.0,0.0,9,9,0.7333333333333333,0.7333333333333333,0.6625669118489265,3|2,2,4,8,16
haggling/fruitville_gullible,Haggling: fruitville gullible,haggling,exact-payoff (backbone-invariant),1000,map_type_greedy,19,0.0,0.0,9,9,0.7333333333333333,0.7333333333333333,0.6688026436766674,3|2,2,4,8,16
haggling/fruitville_gullible,Haggling: fruitville gullible,haggling,exact-payoff (backbone-invariant),1000,map_type_greedy,20,0.0,0.0,9,9,0.7333333333333333,0.7333333333333333,0.6746461471060664,3|2,2,4,8,16
haggling/fruitville_gullible,Haggling: fruitville gullible,haggling,exact-payoff (backbone-invariant),1000,econ_bne,1,0.19999999999999996,0.19999999999999996,5,9,0.5333333333333333,0.7333333333333333,0.0625,3|2,2,4,8,16
haggling/fruitville_gullible,Haggling: fruitville gullible,haggling,exact-payoff (backbone-invariant),1000,econ_bne,2,0.19999999999999996,0.3999999999999999,5,9,0.5333333333333333,0.7333333333333333,0.0625,3|2,2,4,8,16
haggling/fruitville_gullible,Haggling: fruitville gullible,haggling,exact-payoff (backbone-invariant),1000,econ_bne,3,0.19999999999999996,0.5999999999999999,5,9,0.5333333333333333,0.7333333333333333,0.0625,3|2,2,4,8,16
haggling/fruitville_gullible,Haggling: fruitville gullible,haggling,exact-payoff (backbone-invariant),1000,econ_bne,4,0.19999999999999996,0.7999999999999998,5,9,0.5333333333333333,0.7333333333333333,0.0625,3|2,2,4,8,16
haggling/fruitville_gullible,Haggling: fruitville gullible,haggling,exact-payoff (backbone-invariant),1000,econ_bne,5,0.19999999999999996,0.9999999999999998,5,9,0.5333333333333333,0.7333333333333333,0.0625,3|2,2,4,8,16
haggling/fruitville_gullible,Haggling: fruitville gullible,haggling,exact-payoff (backbone-invariant),1000,econ_bne,6,0.19999999999999996,1.1999999999999997,5,9,0.5333333333333333,0.7333333333333333,0.0625,3|2,2,4,8,16
haggling/fruitville_gullible,Haggling: fruitville gullible,haggling,exact-payoff (backbone-invariant),1000,econ_bne,7,0.19999999999999996,1.3999999999999997,5,9,0.5333333333333333,0.7333333333333333,0.0625,3|2,2,4,8,16
haggling/fruitville_gullible,Haggling: fruitville gullible,haggling,exact-payoff (backbone-invariant),1000,econ_bne,8,0.19999999999999996,1.5999999999999996,5,9,0.5333333333333333,0.7333333333333333,0.0625,3|2,2,4,8,16
haggling/fruitville_gullible,Haggling: fruitville gullible,haggling,exact-payoff (backbone-invariant),1000,econ_bne,9,0.19999999999999996,1.7999999999999996,5,9,0.5333333333333333,0.7333333333333333,0.0625,3|2,2,4,8,16
haggling/fruitville_gullible,Haggling: fruitville gullible,haggling,exact-payoff (backbone-invariant),1000,econ_bne,10,0.19999999999999996,1.9999999999999996,5,9,0.5333333333333333,0.7333333333333333,0.0625,3|2,2,4,8,16
haggling/fruitville_gullible,Haggling: fruitville gullible,haggling,exact-payoff (backbone-invariant),1000,econ_bne,11,0.19999999999999996,2.1999999999999993,5,9,0.5333333333333333,0.7333333333333333,0.0625,3|2,2,4,8,16
haggling/fruitville_gullible,Haggling: fruitville gullible,haggling,exact-payoff (backbone-invariant),1000,econ_bne,12,0.19999999999999996,2.3999999999999995,5,9,0.5333333333333333,0.7333333333333333,0.0625,3|2,2,4,8,16
haggling/fruitville_gullible,Haggling: fruitville gullible,haggling,exact-payoff (backbone-invariant),1000,econ_bne,13,0.19999999999999996,2.5999999999999996,5,9,0.5333333333333333,0.7333333333333333,0.0625,3|2,2,4,8,16
haggling/fruitville_gullible,Haggling: fruitville gullible,haggling,exact-payoff (backbone-invariant),1000,econ_bne,14,0.19999999999999996,2.8,5,9,0.5333333333333333,0.7333333333333333,0.0625,3|2,2,4,8,16
haggling/fruitville_gullible,Haggling: fruitville gullible,haggling,exact-payoff (backbone-invariant),1000,econ_bne,15,0.19999999999999996,3.0,5,9,0.5333333333333333,0.7333333333333333,0.0625,3|2,2,4,8,16
haggling/fruitville_gullible,Haggling: fruitville gullible,haggling,exact-payoff (backbone-invariant),1000,econ_bne,16,0.19999999999999996,3.2,5,9,0.5333333333333333,0.7333333333333333,0.0625,3|2,2,4,8,16
haggling/fruitville_gullible,Haggling: fruitville gullible,haggling,exact-payoff (backbone-invariant),1000,econ_bne,17,0.19999999999999996,3.4000000000000004,5,9,0.5333333333333333,0.7333333333333333,0.0625,3|2,2,4,8,16
haggling/fruitville_gullible,Haggling: fruitville gullible,haggling,exact-payoff (backbone-invariant),1000,econ_bne,18,0.19999999999999996,3.6000000000000005,5,9,0.5333333333333333,0.7333333333333333,0.0625,3|2,2,4,8,16
haggling/fruitville_gullible,Haggling: fruitville gullible,haggling,exact-payoff (backbone-invariant),1000,econ_bne,19,0.19999999999999996,3.8000000000000007,5,9,0.5333333333333333,0.7333333333333333,0.0625,3|2,2,4,8,16
haggling/fruitville_gullible,Haggling: fruitville gullible,haggling,exact-payoff (backbone-invariant),1000,econ_bne,20,0.19999999999999996,4.000000000000001,5,9,0.5333333333333333,0.7333333333333333,0.0625,3|2,2,4,8,16
haggling/fruitville_gullible,Haggling: fruitville gullible,haggling,exact-payoff (backbone-invariant),1000,atom_tom1,1,0.7333333333333333,0.7333333333333333,1,9,0.0,0.7333333333333333,0.0625,3|2,2,4,8,16
haggling/fruitville_gullible,Haggling: fruitville gullible,haggling,exact-payoff (backbone-invariant),1000,atom_tom1,2,0.7333333333333333,1.4666666666666666,1,9,0.0,0.7333333333333333,0.0625,3|2,2,4,8,16
haggling/fruitville_gullible,Haggling: fruitville gullible,haggling,exact-payoff (backbone-invariant),1000,atom_tom1,3,0.7333333333333333,2.1999999999999997,1,9,0.0,0.7333333333333333,0.0625,3|2,2,4,8,16
haggling/fruitville_gullible,Haggling: fruitville gullible,haggling,exact-payoff (backbone-invariant),1000,atom_tom1,4,0.7333333333333333,2.933333333333333,1,9,0.0,0.7333333333333333,0.0625,3|2,2,4,8,16
haggling/fruitville_gullible,Haggling: fruitville gullible,haggling,exact-payoff (backbone-invariant),1000,atom_tom1,5,0.7333333333333333,3.6666666666666665,1,9,0.0,0.7333333333333333,0.0625,3|2,2,4,8,16
haggling/fruitville_gullible,Haggling: fruitville gullible,haggling,exact-payoff (backbone-invariant),1000,atom_tom1,6,0.7333333333333333,4.3999999999999995,1,9,0.0,0.7333333333333333,0.0625,3|2,2,4,8,16
haggling/fruitville_gullible,Haggling: fruitville gullible,haggling,exact-payoff (backbone-invariant),1000,atom_tom1,7,0.7333333333333333,5.133333333333333,1,9,0.0,0.7333333333333333,0.0625,3|2,2,4,8,16
haggling/fruitville_gullible,Haggling: fruitville gullible,haggling,exact-payoff (backbone-invariant),1000,atom_tom1,8,0.7333333333333333,5.866666666666666,1,9,0.0,0.7333333333333333,0.0625,3|2,2,4,8,16
haggling/fruitville_gullible,Haggling: fruitville gullible,haggling,exact-payoff (backbone-invariant),1000,atom_tom1,9,0.7333333333333333,6.6,1,9,0.0,0.7333333333333333,0.0625,3|2,2,4,8,16
haggling/fruitville_gullible,Haggling: fruitville gullible,haggling,exact-payoff (backbone-invariant),1000,atom_tom1,10,0.7333333333333333,7.333333333333333,1,9,0.0,0.7333333333333333,0.0625,3|2,2,4,8,16
haggling/fruitville_gullible,Haggling: fruitville gullible,haggling,exact-payoff (backbone-invariant),1000,atom_tom1,11,0.7333333333333333,8.066666666666666,1,9,0.0,0.7333333333333333,0.0625,3|2,2,4,8,16
haggling/fruitville_gullible,Haggling: fruitville gullible,haggling,exact-payoff (backbone-invariant),1000,atom_tom1,12,0.7333333333333333,8.799999999999999,1,9,0.0,0.7333333333333333,0.0625,3|2,2,4,8,16
haggling/fruitville_gullible,Haggling: fruitville gullible,haggling,exact-payoff (backbone-invariant),1000,atom_tom1,13,0.7333333333333333,9.533333333333331,1,9,0.0,0.7333333333333333,0.0625,3|2,2,4,8,16
haggling/fruitville_gullible,Haggling: fruitville gullible,haggling,exact-payoff (backbone-invariant),1000,atom_tom1,14,0.7333333333333333,10.266666666666664,1,9,0.0,0.7333333333333333,0.0625,3|2,2,4,8,16
haggling/fruitville_gullible,Haggling: fruitville gullible,haggling,exact-payoff (backbone-invariant),1000,atom_tom1,15,0.7333333333333333,10.999999999999996,1,9,0.0,0.7333333333333333,0.0625,3|2,2,4,8,16
haggling/fruitville_gullible,Haggling: fruitville gullible,haggling,exact-payoff (backbone-invariant),1000,atom_tom1,16,0.7333333333333333,11.733333333333329,1,9,0.0,0.7333333333333333,0.0625,3|2,2,4,8,16
haggling/fruitville_gullible,Haggling: fruitville gullible,haggling,exact-payoff (backbone-invariant),1000,atom_tom1,17,0.7333333333333333,12.466666666666661,1,9,0.0,0.7333333333333333,0.0625,3|2,2,4,8,16
haggling/fruitville_gullible,Haggling: fruitville gullible,haggling,exact-payoff (backbone-invariant),1000,atom_tom1,18,0.7333333333333333,13.199999999999994,1,9,0.0,0.7333333333333333,0.0625,3|2,2,4,8,16
haggling/fruitville_gullible,Haggling: fruitville gullible,haggling,exact-payoff (backbone-invariant),1000,atom_tom1,19,0.7333333333333333,13.933333333333326,1,9,0.0,0.7333333333333333,0.0625,3|2,2,4,8,16
haggling/fruitville_gullible,Haggling: fruitville gullible,haggling,exact-payoff (backbone-invariant),1000,atom_tom1,20,0.7333333333333333,14.666666666666659,1,9,0.0,0.7333333333333333,0.0625,3|2,2,4,8,16
haggling/fruitville_gullible,Haggling: fruitville gullible,haggling,exact-payoff (backbone-invariant),1000,random,1,0.4666666666666666,0.4666666666666666,3,9,0.26666666666666666,0.7333333333333333,0.0625,3|2,2,4,8,16
haggling/fruitville_gullible,Haggling: fruitville gullible,haggling,exact-payoff (backbone-invariant),1000,random,2,0.19999999999999996,0.6666666666666665,5,9,0.5333333333333333,0.7333333333333333,0.0625,3|2,2,4,8,16
haggling/fruitville_gullible,Haggling: fruitville gullible,haggling,exact-payoff (backbone-invariant),1000,random,3,0.6222222222222222,1.2888888888888888,8,9,0.1111111111111111,0.7333333333333333,0.0625,3|2,2,4,8,16
haggling/fruitville_gullible,Haggling: fruitville gullible,haggling,exact-payoff (backbone-invariant),1000,random,4,0.04444444444444451,1.3333333333333333,7,9,0.6888888888888888,0.7333333333333333,0.0625,3|2,2,4,8,16
haggling/fruitville_gullible,Haggling: fruitville gullible,haggling,exact-payoff (backbone-invariant),1000,random,5,0.6222222222222222,1.9555555555555555,6,9,0.1111111111111111,0.7333333333333333,0.0625,3|2,2,4,8,16
haggling/fruitville_gullible,Haggling: fruitville gullible,haggling,exact-payoff (backbone-invariant),1000,random,6,0.04444444444444451,2.0,7,9,0.6888888888888888,0.7333333333333333,0.0625,3|2,2,4,8,16
haggling/fruitville_gullible,Haggling: fruitville gullible,haggling,exact-payoff (backbone-invariant),1000,random,7,0.6222222222222222,2.6222222222222222,0,9,0.1111111111111111,0.7333333333333333,0.0625,3|2,2,4,8,16
haggling/fruitville_gullible,Haggling: fruitville gullible,haggling,exact-payoff (backbone-invariant),1000,random,8,0.6222222222222222,3.2444444444444445,8,9,0.1111111111111111,0.7333333333333333,0.0625,3|2,2,4,8,16
haggling/fruitville_gullible,Haggling: fruitville gullible,haggling,exact-payoff (backbone-invariant),1000,random,9,0.6222222222222222,3.8666666666666667,6,9,0.1111111111111111,0.7333333333333333,0.0625,3|2,2,4,8,16
haggling/fruitville_gullible,Haggling: fruitville gullible,haggling,exact-payoff (backbone-invariant),1000,random,10,0.6222222222222222,4.488888888888889,2,9,0.1111111111111111,0.7333333333333333,0.0625,3|2,2,4,8,16
haggling/fruitville_gullible,Haggling: fruitville gullible,haggling,exact-payoff (backbone-invariant),1000,random,11,0.6222222222222222,5.111111111111111,4,9,0.1111111111111111,0.7333333333333333,0.0625,3|2,2,4,8,16
haggling/fruitville_gullible,Haggling: fruitville gullible,haggling,exact-payoff (backbone-invariant),1000,random,12,0.6222222222222222,5.7333333333333325,4,9,0.1111111111111111,0.7333333333333333,0.0625,3|2,2,4,8,16
haggling/fruitville_gullible,Haggling: fruitville gullible,haggling,exact-payoff (backbone-invariant),1000,random,13,0.6222222222222222,6.355555555555554,4,9,0.1111111111111111,0.7333333333333333,0.0625,3|2,2,4,8,16
haggling/fruitville_gullible,Haggling: fruitville gullible,haggling,exact-payoff (backbone-invariant),1000,random,14,0.6222222222222222,6.977777777777776,8,9,0.1111111111111111,0.7333333333333333,0.0625,3|2,2,4,8,16
haggling/fruitville_gullible,Haggling: fruitville gullible,haggling,exact-payoff (backbone-invariant),1000,random,15,0.0,6.977777777777776,9,9,0.7333333333333333,0.7333333333333333,0.0625,3|2,2,4,8,16
haggling/fruitville_gullible,Haggling: fruitville gullible,haggling,exact-payoff (backbone-invariant),1000,random,16,0.6222222222222222,7.599999999999998,6,9,0.1111111111111111,0.7333333333333333,0.0625,3|2,2,4,8,16
haggling/fruitville_gullible,Haggling: fruitville gullible,haggling,exact-payoff (backbone-invariant),1000,random,17,0.6222222222222222,8.22222222222222,4,9,0.1111111111111111,0.7333333333333333,0.0625,3|2,2,4,8,16
haggling/fruitville_gullible,Haggling: fruitville gullible,haggling,exact-payoff (backbone-invariant),1000,random,18,0.6222222222222222,8.844444444444441,8,9,0.1111111111111111,0.7333333333333333,0.0625,3|2,2,4,8,16
haggling/fruitville_gullible,Haggling: fruitville gullible,haggling,exact-payoff (backbone-invariant),1000,random,19,0.0,8.844444444444441,9,9,0.7333333333333333,0.7333333333333333,0.0625,3|2,2,4,8,16
haggling/fruitville_gullible,Haggling: fruitville gullible,haggling,exact-payoff (backbone-invariant),1000,random,20,0.7333333333333333,9.577777777777774,1,9,0.0,0.7333333333333333,0.0625,3|2,2,4,8,16
haggling/vegbrooke_stubborn,Haggling: vegbrooke stubborn,haggling,exact-payoff (backbone-invariant),1000,pact,1,0.22222222222222232,0.22222222222222232,0,1,0.7777777777777777,1.0,0.25,3|2,2,4,8,16
haggling/vegbrooke_stubborn,Haggling: vegbrooke stubborn,haggling,exact-payoff (backbone-invariant),1000,pact,2,0.22222222222222232,0.44444444444444464,0,1,0.7777777777777777,1.0,0.25,3|2,2,4,8,16
haggling/vegbrooke_stubborn,Haggling: vegbrooke stubborn,haggling,exact-payoff (backbone-invariant),1000,pact,3,0.0,0.44444444444444464,1,1,1.0,1.0,0.6527678371482413,3|2,2,4,8,16
haggling/vegbrooke_stubborn,Haggling: vegbrooke stubborn,haggling,exact-payoff (backbone-invariant),1000,pact,4,0.0,0.44444444444444464,1,1,1.0,1.0,0.7518833430988154,3|2,2,4,8,16
haggling/vegbrooke_stubborn,Haggling: vegbrooke stubborn,haggling,exact-payoff (backbone-invariant),1000,pact,5,0.0,0.44444444444444464,1,1,1.0,1.0,0.8042985306464732,3|2,2,4,8,16
haggling/vegbrooke_stubborn,Haggling: vegbrooke stubborn,haggling,exact-payoff (backbone-invariant),1000,pact,6,0.0,0.44444444444444464,1,1,1.0,1.0,0.8478752153201086,3|2,2,4,8,16
haggling/vegbrooke_stubborn,Haggling: vegbrooke stubborn,haggling,exact-payoff (backbone-invariant),1000,pact,7,0.0,0.44444444444444464,1,1,1.0,1.0,0.8849820881477879,3|2,2,4,8,16
haggling/vegbrooke_stubborn,Haggling: vegbrooke stubborn,haggling,exact-payoff (backbone-invariant),1000,pact,8,0.0,0.44444444444444464,1,1,1.0,1.0,0.9152007770807866,3|2,2,4,8,16
haggling/vegbrooke_stubborn,Haggling: vegbrooke stubborn,haggling,exact-payoff (backbone-invariant),1000,pact,9,0.0,0.44444444444444464,1,1,1.0,1.0,0.9387390556303841,3|2,2,4,8,16
haggling/vegbrooke_stubborn,Haggling: vegbrooke stubborn,haggling,exact-payoff (backbone-invariant),1000,pact,10,0.0,0.44444444444444464,1,1,1.0,1.0,0.9564288431428574,3|2,2,4,8,16
haggling/vegbrooke_stubborn,Haggling: vegbrooke stubborn,haggling,exact-payoff (backbone-invariant),1000,pact,11,0.0,0.44444444444444464,1,1,1.0,1.0,0.9693671072153757,3|2,2,4,8,16
haggling/vegbrooke_stubborn,Haggling: vegbrooke stubborn,haggling,exact-payoff (backbone-invariant),1000,pact,12,0.0,0.44444444444444464,1,1,1.0,1.0,0.978643174889203,3|2,2,4,8,16
haggling/vegbrooke_stubborn,Haggling: vegbrooke stubborn,haggling,exact-payoff (backbone-invariant),1000,pact,13,0.0,0.44444444444444464,1,1,1.0,1.0,0.9851988962221858,3|2,2,4,8,16
haggling/vegbrooke_stubborn,Haggling: vegbrooke stubborn,haggling,exact-payoff (backbone-invariant),1000,pact,14,0.0,0.44444444444444464,1,1,1.0,1.0,0.9897852098844289,3|2,2,4,8,16
haggling/vegbrooke_stubborn,Haggling: vegbrooke stubborn,haggling,exact-payoff (backbone-invariant),1000,pact,15,0.0,0.44444444444444464,1,1,1.0,1.0,0.9929709825821951,3|2,2,4,8,16
haggling/vegbrooke_stubborn,Haggling: vegbrooke stubborn,haggling,exact-payoff (backbone-invariant),1000,pact,16,0.0,0.44444444444444464,1,1,1.0,1.0,0.9951729735553592,3|2,2,4,8,16
haggling/vegbrooke_stubborn,Haggling: vegbrooke stubborn,haggling,exact-payoff (backbone-invariant),1000,pact,17,0.0,0.44444444444444464,1,1,1.0,1.0,0.9966897755109798,3|2,2,4,8,16
haggling/vegbrooke_stubborn,Haggling: vegbrooke stubborn,haggling,exact-payoff (backbone-invariant),1000,pact,18,0.0,0.44444444444444464,1,1,1.0,1.0,0.9977321340035501,3|2,2,4,8,16
haggling/vegbrooke_stubborn,Haggling: vegbrooke stubborn,haggling,exact-payoff (backbone-invariant),1000,pact,19,0.0,0.44444444444444464,1,1,1.0,1.0,0.9984472897128797,3|2,2,4,8,16
haggling/vegbrooke_stubborn,Haggling: vegbrooke stubborn,haggling,exact-payoff (backbone-invariant),1000,pact,20,0.0,0.44444444444444464,1,1,1.0,1.0,0.998937407516089,3|2,2,4,8,16
haggling/vegbrooke_stubborn,Haggling: vegbrooke stubborn,haggling,exact-payoff (backbone-invariant),1000,pact_plus,1,0.0,0.0,1,1,1.0,1.0,0.6527678371482413,3|2,2,4,8,16
haggling/vegbrooke_stubborn,Haggling: vegbrooke stubborn,haggling,exact-payoff (backbone-invariant),1000,pact_plus,2,0.0,0.0,1,1,1.0,1.0,0.7518833430988154,3|2,2,4,8,16
haggling/vegbrooke_stubborn,Haggling: vegbrooke stubborn,haggling,exact-payoff (backbone-invariant),1000,pact_plus,3,0.0,0.0,1,1,1.0,1.0,0.8042985306464732,3|2,2,4,8,16
haggling/vegbrooke_stubborn,Haggling: vegbrooke stubborn,haggling,exact-payoff (backbone-invariant),1000,pact_plus,4,0.0,0.0,1,1,1.0,1.0,0.8478752153201086,3|2,2,4,8,16
haggling/vegbrooke_stubborn,Haggling: vegbrooke stubborn,haggling,exact-payoff (backbone-invariant),1000,pact_plus,5,0.0,0.0,1,1,1.0,1.0,0.8849820881477879,3|2,2,4,8,16
haggling/vegbrooke_stubborn,Haggling: vegbrooke stubborn,haggling,exact-payoff (backbone-invariant),1000,pact_plus,6,0.0,0.0,1,1,1.0,1.0,0.9152007770807866,3|2,2,4,8,16
haggling/vegbrooke_stubborn,Haggling: vegbrooke stubborn,haggling,exact-payoff (backbone-invariant),1000,pact_plus,7,0.0,0.0,1,1,1.0,1.0,0.9387390556303841,3|2,2,4,8,16
haggling/vegbrooke_stubborn,Haggling: vegbrooke stubborn,haggling,exact-payoff (backbone-invariant),1000,pact_plus,8,0.0,0.0,1,1,1.0,1.0,0.9564288431428574,3|2,2,4,8,16
haggling/vegbrooke_stubborn,Haggling: vegbrooke stubborn,haggling,exact-payoff (backbone-invariant),1000,pact_plus,9,0.0,0.0,1,1,1.0,1.0,0.9693671072153757,3|2,2,4,8,16
haggling/vegbrooke_stubborn,Haggling: vegbrooke stubborn,haggling,exact-payoff (backbone-invariant),1000,pact_plus,10,0.0,0.0,1,1,1.0,1.0,0.978643174889203,3|2,2,4,8,16
haggling/vegbrooke_stubborn,Haggling: vegbrooke stubborn,haggling,exact-payoff (backbone-invariant),1000,pact_plus,11,0.0,0.0,1,1,1.0,1.0,0.9851988962221858,3|2,2,4,8,16
haggling/vegbrooke_stubborn,Haggling: vegbrooke stubborn,haggling,exact-payoff (backbone-invariant),1000,pact_plus,12,0.0,0.0,1,1,1.0,1.0,0.9897852098844289,3|2,2,4,8,16
haggling/vegbrooke_stubborn,Haggling: vegbrooke stubborn,haggling,exact-payoff (backbone-invariant),1000,pact_plus,13,0.0,0.0,1,1,1.0,1.0,0.9929709825821951,3|2,2,4,8,16
haggling/vegbrooke_stubborn,Haggling: vegbrooke stubborn,haggling,exact-payoff (backbone-invariant),1000,pact_plus,14,0.0,0.0,1,1,1.0,1.0,0.9951729735553592,3|2,2,4,8,16
haggling/vegbrooke_stubborn,Haggling: vegbrooke stubborn,haggling,exact-payoff (backbone-invariant),1000,pact_plus,15,0.0,0.0,1,1,1.0,1.0,0.9966897755109798,3|2,2,4,8,16
haggling/vegbrooke_stubborn,Haggling: vegbrooke stubborn,haggling,exact-payoff (backbone-invariant),1000,pact_plus,16,0.0,0.0,1,1,1.0,1.0,0.9977321340035501,3|2,2,4,8,16
haggling/vegbrooke_stubborn,Haggling: vegbrooke stubborn,haggling,exact-payoff (backbone-invariant),1000,pact_plus,17,0.0,0.0,1,1,1.0,1.0,0.9984472897128797,3|2,2,4,8,16
haggling/vegbrooke_stubborn,Haggling: vegbrooke stubborn,haggling,exact-payoff (backbone-invariant),1000,pact_plus,18,0.0,0.0,1,1,1.0,1.0,0.998937407516089,3|2,2,4,8,16
haggling/vegbrooke_stubborn,Haggling: vegbrooke stubborn,haggling,exact-payoff (backbone-invariant),1000,pact_plus,19,0.0,0.0,1,1,1.0,1.0,0.9992730437506516,3|2,2,4,8,16
haggling/vegbrooke_stubborn,Haggling: vegbrooke stubborn,haggling,exact-payoff (backbone-invariant),1000,pact_plus,20,0.0,0.0,1,1,1.0,1.0,0.9995027697539436,3|2,2,4,8,16
haggling/vegbrooke_stubborn,Haggling: vegbrooke stubborn,haggling,exact-payoff (backbone-invariant),1000,joint_psrl_uniform,1,0.22222222222222232,0.22222222222222232,0,1,0.7777777777777777,1.0,0.0625,3|2,2,4,8,16
haggling/vegbrooke_stubborn,Haggling: vegbrooke stubborn,haggling,exact-payoff (backbone-invariant),1000,joint_psrl_uniform,2,0.22222222222222232,0.44444444444444464,0,1,0.7777777777777777,1.0,0.0625,3|2,2,4,8,16
haggling/vegbrooke_stubborn,Haggling: vegbrooke stubborn,haggling,exact-payoff (backbone-invariant),1000,joint_psrl_uniform,3,0.22222222222222232,0.666666666666667,0,1,0.7777777777777777,1.0,0.0625,3|2,2,4,8,16
haggling/vegbrooke_stubborn,Haggling: vegbrooke stubborn,haggling,exact-payoff (backbone-invariant),1000,joint_psrl_uniform,4,0.0,0.666666666666667,1,1,1.0,1.0,0.3730054635402726,3|2,2,4,8,16
haggling/vegbrooke_stubborn,Haggling: vegbrooke stubborn,haggling,exact-payoff (backbone-invariant),1000,joint_psrl_uniform,5,0.0,0.666666666666667,1,1,1.0,1.0,0.5100847561364128,3|2,2,4,8,16
haggling/vegbrooke_stubborn,Haggling: vegbrooke stubborn,haggling,exact-payoff (backbone-invariant),1000,joint_psrl_uniform,6,0.0,0.666666666666667,1,1,1.0,1.0,0.6091774763306513,3|2,2,4,8,16
haggling/vegbrooke_stubborn,Haggling: vegbrooke stubborn,haggling,exact-payoff (backbone-invariant),1000,joint_psrl_uniform,7,0.0,0.666666666666667,1,1,1.0,1.0,0.6958020843151026,3|2,2,4,8,16
haggling/vegbrooke_stubborn,Haggling: vegbrooke stubborn,haggling,exact-payoff (backbone-invariant),1000,joint_psrl_uniform,8,0.0,0.666666666666667,1,1,1.0,1.0,0.7699686366233707,3|2,2,4,8,16
haggling/vegbrooke_stubborn,Haggling: vegbrooke stubborn,haggling,exact-payoff (backbone-invariant),1000,joint_psrl_uniform,9,0.0,0.666666666666667,1,1,1.0,1.0,0.8304019296021795,3|2,2,4,8,16
haggling/vegbrooke_stubborn,Haggling: vegbrooke stubborn,haggling,exact-payoff (backbone-invariant),1000,joint_psrl_uniform,10,0.0,0.666666666666667,1,1,1.0,1.0,0.8774781422251455,3|2,2,4,8,16
haggling/vegbrooke_stubborn,Haggling: vegbrooke stubborn,haggling,exact-payoff (backbone-invariant),1000,joint_psrl_uniform,11,0.0,0.666666666666667,1,1,1.0,1.0,0.9128576888001764,3|2,2,4,8,16
haggling/vegbrooke_stubborn,Haggling: vegbrooke stubborn,haggling,exact-payoff (backbone-invariant),1000,joint_psrl_uniform,12,0.0,0.666666666666667,1,1,1.0,1.0,0.9387342146327828,3|2,2,4,8,16
haggling/vegbrooke_stubborn,Haggling: vegbrooke stubborn,haggling,exact-payoff (backbone-invariant),1000,joint_psrl_uniform,13,0.0,0.666666666666667,1,1,1.0,1.0,0.9572863497946561,3|2,2,4,8,16
haggling/vegbrooke_stubborn,Haggling: vegbrooke stubborn,haggling,exact-payoff (backbone-invariant),1000,joint_psrl_uniform,14,0.0,0.666666666666667,1,1,1.0,1.0,0.9703977924457882,3|2,2,4,8,16
haggling/vegbrooke_stubborn,Haggling: vegbrooke stubborn,haggling,exact-payoff (backbone-invariant),1000,joint_psrl_uniform,15,0.0,0.666666666666667,1,1,1.0,1.0,0.9795704197690691,3|2,2,4,8,16
haggling/vegbrooke_stubborn,Haggling: vegbrooke stubborn,haggling,exact-payoff (backbone-invariant),1000,joint_psrl_uniform,16,0.0,0.666666666666667,1,1,1.0,1.0,0.985941965164481,3|2,2,4,8,16
haggling/vegbrooke_stubborn,Haggling: vegbrooke stubborn,haggling,exact-payoff (backbone-invariant),1000,joint_psrl_uniform,17,0.0,0.666666666666667,1,1,1.0,1.0,0.9903459471107808,3|2,2,4,8,16
haggling/vegbrooke_stubborn,Haggling: vegbrooke stubborn,haggling,exact-payoff (backbone-invariant),1000,joint_psrl_uniform,18,0.0,0.666666666666667,1,1,1.0,1.0,0.993379551022005,3|2,2,4,8,16
haggling/vegbrooke_stubborn,Haggling: vegbrooke stubborn,haggling,exact-payoff (backbone-invariant),1000,joint_psrl_uniform,19,0.0,0.666666666666667,1,1,1.0,1.0,0.9954642680071338,3|2,2,4,8,16
haggling/vegbrooke_stubborn,Haggling: vegbrooke stubborn,haggling,exact-payoff (backbone-invariant),1000,joint_psrl_uniform,20,0.0,0.666666666666667,1,1,1.0,1.0,0.9968945794257834,3|2,2,4,8,16
haggling/vegbrooke_stubborn,Haggling: vegbrooke stubborn,haggling,exact-payoff (backbone-invariant),1000,psrl_notype,1,0.22222222222222232,0.22222222222222232,0,1,0.7777777777777777,1.0,0.0625,3|2,2,4,8,16
haggling/vegbrooke_stubborn,Haggling: vegbrooke stubborn,haggling,exact-payoff (backbone-invariant),1000,psrl_notype,2,0.22222222222222232,0.44444444444444464,0,1,0.7777777777777777,1.0,0.0625,3|2,2,4,8,16
haggling/vegbrooke_stubborn,Haggling: vegbrooke stubborn,haggling,exact-payoff (backbone-invariant),1000,psrl_notype,3,0.22222222222222232,0.666666666666667,0,1,0.7777777777777777,1.0,0.0625,3|2,2,4,8,16
haggling/vegbrooke_stubborn,Haggling: vegbrooke stubborn,haggling,exact-payoff (backbone-invariant),1000,psrl_notype,4,0.22222222222222232,0.8888888888888893,0,1,0.7777777777777777,1.0,0.0625,3|2,2,4,8,16
haggling/vegbrooke_stubborn,Haggling: vegbrooke stubborn,haggling,exact-payoff (backbone-invariant),1000,psrl_notype,5,0.0,0.8888888888888893,1,1,1.0,1.0,0.0625,3|2,2,4,8,16
haggling/vegbrooke_stubborn,Haggling: vegbrooke stubborn,haggling,exact-payoff (backbone-invariant),1000,psrl_notype,6,0.22222222222222232,1.1111111111111116,0,1,0.7777777777777777,1.0,0.0625,3|2,2,4,8,16
haggling/vegbrooke_stubborn,Haggling: vegbrooke stubborn,haggling,exact-payoff (backbone-invariant),1000,psrl_notype,7,0.0,1.1111111111111116,1,1,1.0,1.0,0.0625,3|2,2,4,8,16
haggling/vegbrooke_stubborn,Haggling: vegbrooke stubborn,haggling,exact-payoff (backbone-invariant),1000,psrl_notype,8,0.0,1.1111111111111116,1,1,1.0,1.0,0.0625,3|2,2,4,8,16
haggling/vegbrooke_stubborn,Haggling: vegbrooke stubborn,haggling,exact-payoff (backbone-invariant),1000,psrl_notype,9,0.22222222222222232,1.333333333333334,0,1,0.7777777777777777,1.0,0.0625,3|2,2,4,8,16
haggling/vegbrooke_stubborn,Haggling: vegbrooke stubborn,haggling,exact-payoff (backbone-invariant),1000,psrl_notype,10,0.22222222222222232,1.5555555555555562,0,1,0.7777777777777777,1.0,0.0625,3|2,2,4,8,16
haggling/vegbrooke_stubborn,Haggling: vegbrooke stubborn,haggling,exact-payoff (backbone-invariant),1000,psrl_notype,11,0.0,1.5555555555555562,1,1,1.0,1.0,0.0625,3|2,2,4,8,16
haggling/vegbrooke_stubborn,Haggling: vegbrooke stubborn,haggling,exact-payoff (backbone-invariant),1000,psrl_notype,12,0.22222222222222232,1.7777777777777786,0,1,0.7777777777777777,1.0,0.0625,3|2,2,4,8,16
haggling/vegbrooke_stubborn,Haggling: vegbrooke stubborn,haggling,exact-payoff (backbone-invariant),1000,psrl_notype,13,0.0,1.7777777777777786,1,1,1.0,1.0,0.0625,3|2,2,4,8,16
haggling/vegbrooke_stubborn,Haggling: vegbrooke stubborn,haggling,exact-payoff (backbone-invariant),1000,psrl_notype,14,0.22222222222222232,2.000000000000001,0,1,0.7777777777777777,1.0,0.0625,3|2,2,4,8,16
haggling/vegbrooke_stubborn,Haggling: vegbrooke stubborn,haggling,exact-payoff (backbone-invariant),1000,psrl_notype,15,0.0,2.000000000000001,1,1,1.0,1.0,0.0625,3|2,2,4,8,16
haggling/vegbrooke_stubborn,Haggling: vegbrooke stubborn,haggling,exact-payoff (backbone-invariant),1000,psrl_notype,16,0.22222222222222232,2.222222222222223,0,1,0.7777777777777777,1.0,0.0625,3|2,2,4,8,16
haggling/vegbrooke_stubborn,Haggling: vegbrooke stubborn,haggling,exact-payoff (backbone-invariant),1000,psrl_notype,17,0.22222222222222232,2.4444444444444455,0,1,0.7777777777777777,1.0,0.0625,3|2,2,4,8,16
haggling/vegbrooke_stubborn,Haggling: vegbrooke stubborn,haggling,exact-payoff (backbone-invariant),1000,psrl_notype,18,0.22222222222222232,2.666666666666668,0,1,0.7777777777777777,1.0,0.0625,3|2,2,4,8,16
haggling/vegbrooke_stubborn,Haggling: vegbrooke stubborn,haggling,exact-payoff (backbone-invariant),1000,psrl_notype,19,0.0,2.666666666666668,1,1,1.0,1.0,0.0625,3|2,2,4,8,16
haggling/vegbrooke_stubborn,Haggling: vegbrooke stubborn,haggling,exact-payoff (backbone-invariant),1000,psrl_notype,20,0.22222222222222232,2.88888888888889,0,1,0.7777777777777777,1.0,0.0625,3|2,2,4,8,16
haggling/vegbrooke_stubborn,Haggling: vegbrooke stubborn,haggling,exact-payoff (backbone-invariant),1000,map_type_greedy,1,0.22222222222222232,0.22222222222222232,0,1,0.7777777777777777,1.0,0.25,3|2,2,4,8,16
haggling/vegbrooke_stubborn,Haggling: vegbrooke stubborn,haggling,exact-payoff (backbone-invariant),1000,map_type_greedy,2,0.22222222222222232,0.44444444444444464,0,1,0.7777777777777777,1.0,0.25,3|2,2,4,8,16
haggling/vegbrooke_stubborn,Haggling: vegbrooke stubborn,haggling,exact-payoff (backbone-invariant),1000,map_type_greedy,3,0.22222222222222232,0.666666666666667,0,1,0.7777777777777777,1.0,0.25,3|2,2,4,8,16
haggling/vegbrooke_stubborn,Haggling: vegbrooke stubborn,haggling,exact-payoff (backbone-invariant),1000,map_type_greedy,4,0.22222222222222232,0.8888888888888893,0,1,0.7777777777777777,1.0,0.25,3|2,2,4,8,16
haggling/vegbrooke_stubborn,Haggling: vegbrooke stubborn,haggling,exact-payoff (backbone-invariant),1000,map_type_greedy,5,0.22222222222222232,1.1111111111111116,0,1,0.7777777777777777,1.0,0.25,3|2,2,4,8,16
haggling/vegbrooke_stubborn,Haggling: vegbrooke stubborn,haggling,exact-payoff (backbone-invariant),1000,map_type_greedy,6,0.22222222222222232,1.333333333333334,0,1,0.7777777777777777,1.0,0.25,3|2,2,4,8,16
haggling/vegbrooke_stubborn,Haggling: vegbrooke stubborn,haggling,exact-payoff (backbone-invariant),1000,map_type_greedy,7,0.22222222222222232,1.5555555555555562,0,1,0.7777777777777777,1.0,0.25,3|2,2,4,8,16
haggling/vegbrooke_stubborn,Haggling: vegbrooke stubborn,haggling,exact-payoff (backbone-invariant),1000,map_type_greedy,8,0.22222222222222232,1.7777777777777786,0,1,0.7777777777777777,1.0,0.25,3|2,2,4,8,16
haggling/vegbrooke_stubborn,Haggling: vegbrooke stubborn,haggling,exact-payoff (backbone-invariant),1000,map_type_greedy,9,0.22222222222222232,2.000000000000001,0,1,0.7777777777777777,1.0,0.25,3|2,2,4,8,16
haggling/vegbrooke_stubborn,Haggling: vegbrooke stubborn,haggling,exact-payoff (backbone-invariant),1000,map_type_greedy,10,0.22222222222222232,2.222222222222223,0,1,0.7777777777777777,1.0,0.25,3|2,2,4,8,16
haggling/vegbrooke_stubborn,Haggling: vegbrooke stubborn,haggling,exact-payoff (backbone-invariant),1000,map_type_greedy,11,0.22222222222222232,2.4444444444444455,0,1,0.7777777777777777,1.0,0.25,3|2,2,4,8,16
haggling/vegbrooke_stubborn,Haggling: vegbrooke stubborn,haggling,exact-payoff (backbone-invariant),1000,map_type_greedy,12,0.22222222222222232,2.666666666666668,0,1,0.7777777777777777,1.0,0.25,3|2,2,4,8,16
haggling/vegbrooke_stubborn,Haggling: vegbrooke stubborn,haggling,exact-payoff (backbone-invariant),1000,map_type_greedy,13,0.22222222222222232,2.88888888888889,0,1,0.7777777777777777,1.0,0.25,3|2,2,4,8,16
haggling/vegbrooke_stubborn,Haggling: vegbrooke stubborn,haggling,exact-payoff (backbone-invariant),1000,map_type_greedy,14,0.22222222222222232,3.1111111111111125,0,1,0.7777777777777777,1.0,0.25,3|2,2,4,8,16
haggling/vegbrooke_stubborn,Haggling: vegbrooke stubborn,haggling,exact-payoff (backbone-invariant),1000,map_type_greedy,15,0.22222222222222232,3.333333333333335,0,1,0.7777777777777777,1.0,0.25,3|2,2,4,8,16
haggling/vegbrooke_stubborn,Haggling: vegbrooke stubborn,haggling,exact-payoff (backbone-invariant),1000,map_type_greedy,16,0.22222222222222232,3.555555555555557,0,1,0.7777777777777777,1.0,0.25,3|2,2,4,8,16
haggling/vegbrooke_stubborn,Haggling: vegbrooke stubborn,haggling,exact-payoff (backbone-invariant),1000,map_type_greedy,17,0.22222222222222232,3.7777777777777795,0,1,0.7777777777777777,1.0,0.25,3|2,2,4,8,16
haggling/vegbrooke_stubborn,Haggling: vegbrooke stubborn,haggling,exact-payoff (backbone-invariant),1000,map_type_greedy,18,0.22222222222222232,4.000000000000002,0,1,0.7777777777777777,1.0,0.25,3|2,2,4,8,16
haggling/vegbrooke_stubborn,Haggling: vegbrooke stubborn,haggling,exact-payoff (backbone-invariant),1000,map_type_greedy,19,0.22222222222222232,4.222222222222224,0,1,0.7777777777777777,1.0,0.25,3|2,2,4,8,16
haggling/vegbrooke_stubborn,Haggling: vegbrooke stubborn,haggling,exact-payoff (backbone-invariant),1000,map_type_greedy,20,0.22222222222222232,4.444444444444446,0,1,0.7777777777777777,1.0,0.25,3|2,2,4,8,16
haggling/vegbrooke_stubborn,Haggling: vegbrooke stubborn,haggling,exact-payoff (backbone-invariant),1000,econ_bne,1,0.22222222222222232,0.22222222222222232,4,1,0.7777777777777777,1.0,0.0625,3|2,2,4,8,16
haggling/vegbrooke_stubborn,Haggling: vegbrooke stubborn,haggling,exact-payoff (backbone-invariant),1000,econ_bne,2,0.22222222222222232,0.44444444444444464,4,1,0.7777777777777777,1.0,0.0625,3|2,2,4,8,16
haggling/vegbrooke_stubborn,Haggling: vegbrooke stubborn,haggling,exact-payoff (backbone-invariant),1000,econ_bne,3,0.22222222222222232,0.666666666666667,4,1,0.7777777777777777,1.0,0.0625,3|2,2,4,8,16
haggling/vegbrooke_stubborn,Haggling: vegbrooke stubborn,haggling,exact-payoff (backbone-invariant),1000,econ_bne,4,0.22222222222222232,0.8888888888888893,4,1,0.7777777777777777,1.0,0.0625,3|2,2,4,8,16
haggling/vegbrooke_stubborn,Haggling: vegbrooke stubborn,haggling,exact-payoff (backbone-invariant),1000,econ_bne,5,0.22222222222222232,1.1111111111111116,4,1,0.7777777777777777,1.0,0.0625,3|2,2,4,8,16
haggling/vegbrooke_stubborn,Haggling: vegbrooke stubborn,haggling,exact-payoff (backbone-invariant),1000,econ_bne,6,0.22222222222222232,1.333333333333334,4,1,0.7777777777777777,1.0,0.0625,3|2,2,4,8,16
haggling/vegbrooke_stubborn,Haggling: vegbrooke stubborn,haggling,exact-payoff (backbone-invariant),1000,econ_bne,7,0.22222222222222232,1.5555555555555562,4,1,0.7777777777777777,1.0,0.0625,3|2,2,4,8,16
haggling/vegbrooke_stubborn,Haggling: vegbrooke stubborn,haggling,exact-payoff (backbone-invariant),1000,econ_bne,8,0.22222222222222232,1.7777777777777786,4,1,0.7777777777777777,1.0,0.0625,3|2,2,4,8,16
haggling/vegbrooke_stubborn,Haggling: vegbrooke stubborn,haggling,exact-payoff (backbone-invariant),1000,econ_bne,9,0.22222222222222232,2.000000000000001,4,1,0.7777777777777777,1.0,0.0625,3|2,2,4,8,16
haggling/vegbrooke_stubborn,Haggling: vegbrooke stubborn,haggling,exact-payoff (backbone-invariant),1000,econ_bne,10,0.22222222222222232,2.222222222222223,4,1,0.7777777777777777,1.0,0.0625,3|2,2,4,8,16
haggling/vegbrooke_stubborn,Haggling: vegbrooke stubborn,haggling,exact-payoff (backbone-invariant),1000,econ_bne,11,0.22222222222222232,2.4444444444444455,4,1,0.7777777777777777,1.0,0.0625,3|2,2,4,8,16
haggling/vegbrooke_stubborn,Haggling: vegbrooke stubborn,haggling,exact-payoff (backbone-invariant),1000,econ_bne,12,0.22222222222222232,2.666666666666668,4,1,0.7777777777777777,1.0,0.0625,3|2,2,4,8,16
haggling/vegbrooke_stubborn,Haggling: vegbrooke stubborn,haggling,exact-payoff (backbone-invariant),1000,econ_bne,13,0.22222222222222232,2.88888888888889,4,1,0.7777777777777777,1.0,0.0625,3|2,2,4,8,16
haggling/vegbrooke_stubborn,Haggling: vegbrooke stubborn,haggling,exact-payoff (backbone-invariant),1000,econ_bne,14,0.22222222222222232,3.1111111111111125,4,1,0.7777777777777777,1.0,0.0625,3|2,2,4,8,16
haggling/vegbrooke_stubborn,Haggling: vegbrooke stubborn,haggling,exact-payoff (backbone-invariant),1000,econ_bne,15,0.22222222222222232,3.333333333333335,4,1,0.7777777777777777,1.0,0.0625,3|2,2,4,8,16
haggling/vegbrooke_stubborn,Haggling: vegbrooke stubborn,haggling,exact-payoff (backbone-invariant),1000,econ_bne,16,0.22222222222222232,3.555555555555557,4,1,0.7777777777777777,1.0,0.0625,3|2,2,4,8,16
haggling/vegbrooke_stubborn,Haggling: vegbrooke stubborn,haggling,exact-payoff (backbone-invariant),1000,econ_bne,17,0.22222222222222232,3.7777777777777795,4,1,0.7777777777777777,1.0,0.0625,3|2,2,4,8,16
haggling/vegbrooke_stubborn,Haggling: vegbrooke stubborn,haggling,exact-payoff (backbone-invariant),1000,econ_bne,18,0.22222222222222232,4.000000000000002,4,1,0.7777777777777777,1.0,0.0625,3|2,2,4,8,16
haggling/vegbrooke_stubborn,Haggling: vegbrooke stubborn,haggling,exact-payoff (backbone-invariant),1000,econ_bne,19,0.22222222222222232,4.222222222222224,4,1,0.7777777777777777,1.0,0.0625,3|2,2,4,8,16
haggling/vegbrooke_stubborn,Haggling: vegbrooke stubborn,haggling,exact-payoff (backbone-invariant),1000,econ_bne,20,0.22222222222222232,4.444444444444446,4,1,0.7777777777777777,1.0,0.0625,3|2,2,4,8,16
haggling/vegbrooke_stubborn,Haggling: vegbrooke stubborn,haggling,exact-payoff (backbone-invariant),1000,atom_tom1,1,0.22222222222222232,0.22222222222222232,4,1,0.7777777777777777,1.0,0.0625,3|2,2,4,8,16
haggling/vegbrooke_stubborn,Haggling: vegbrooke stubborn,haggling,exact-payoff (backbone-invariant),1000,atom_tom1,2,0.22222222222222232,0.44444444444444464,4,1,0.7777777777777777,1.0,0.0625,3|2,2,4,8,16
haggling/vegbrooke_stubborn,Haggling: vegbrooke stubborn,haggling,exact-payoff (backbone-invariant),1000,atom_tom1,3,0.22222222222222232,0.666666666666667,4,1,0.7777777777777777,1.0,0.0625,3|2,2,4,8,16
haggling/vegbrooke_stubborn,Haggling: vegbrooke stubborn,haggling,exact-payoff (backbone-invariant),1000,atom_tom1,4,0.22222222222222232,0.8888888888888893,4,1,0.7777777777777777,1.0,0.0625,3|2,2,4,8,16
haggling/vegbrooke_stubborn,Haggling: vegbrooke stubborn,haggling,exact-payoff (backbone-invariant),1000,atom_tom1,5,0.22222222222222232,1.1111111111111116,4,1,0.7777777777777777,1.0,0.0625,3|2,2,4,8,16
haggling/vegbrooke_stubborn,Haggling: vegbrooke stubborn,haggling,exact-payoff (backbone-invariant),1000,atom_tom1,6,0.22222222222222232,1.333333333333334,4,1,0.7777777777777777,1.0,0.0625,3|2,2,4,8,16
haggling/vegbrooke_stubborn,Haggling: vegbrooke stubborn,haggling,exact-payoff (backbone-invariant),1000,atom_tom1,7,0.22222222222222232,1.5555555555555562,4,1,0.7777777777777777,1.0,0.0625,3|2,2,4,8,16
haggling/vegbrooke_stubborn,Haggling: vegbrooke stubborn,haggling,exact-payoff (backbone-invariant),1000,atom_tom1,8,0.22222222222222232,1.7777777777777786,4,1,0.7777777777777777,1.0,0.0625,3|2,2,4,8,16
haggling/vegbrooke_stubborn,Haggling: vegbrooke stubborn,haggling,exact-payoff (backbone-invariant),1000,atom_tom1,9,0.22222222222222232,2.000000000000001,4,1,0.7777777777777777,1.0,0.0625,3|2,2,4,8,16
haggling/vegbrooke_stubborn,Haggling: vegbrooke stubborn,haggling,exact-payoff (backbone-invariant),1000,atom_tom1,10,0.22222222222222232,2.222222222222223,4,1,0.7777777777777777,1.0,0.0625,3|2,2,4,8,16
haggling/vegbrooke_stubborn,Haggling: vegbrooke stubborn,haggling,exact-payoff (backbone-invariant),1000,atom_tom1,11,0.22222222222222232,2.4444444444444455,4,1,0.7777777777777777,1.0,0.0625,3|2,2,4,8,16
haggling/vegbrooke_stubborn,Haggling: vegbrooke stubborn,haggling,exact-payoff (backbone-invariant),1000,atom_tom1,12,0.22222222222222232,2.666666666666668,4,1,0.7777777777777777,1.0,0.0625,3|2,2,4,8,16
haggling/vegbrooke_stubborn,Haggling: vegbrooke stubborn,haggling,exact-payoff (backbone-invariant),1000,atom_tom1,13,0.22222222222222232,2.88888888888889,4,1,0.7777777777777777,1.0,0.0625,3|2,2,4,8,16
haggling/vegbrooke_stubborn,Haggling: vegbrooke stubborn,haggling,exact-payoff (backbone-invariant),1000,atom_tom1,14,0.22222222222222232,3.1111111111111125,4,1,0.7777777777777777,1.0,0.0625,3|2,2,4,8,16
haggling/vegbrooke_stubborn,Haggling: vegbrooke stubborn,haggling,exact-payoff (backbone-invariant),1000,atom_tom1,15,0.22222222222222232,3.333333333333335,4,1,0.7777777777777777,1.0,0.0625,3|2,2,4,8,16
haggling/vegbrooke_stubborn,Haggling: vegbrooke stubborn,haggling,exact-payoff (backbone-invariant),1000,atom_tom1,16,0.22222222222222232,3.555555555555557,4,1,0.7777777777777777,1.0,0.0625,3|2,2,4,8,16
haggling/vegbrooke_stubborn,Haggling: vegbrooke stubborn,haggling,exact-payoff (backbone-invariant),1000,atom_tom1,17,0.22222222222222232,3.7777777777777795,4,1,0.7777777777777777,1.0,0.0625,3|2,2,4,8,16
haggling/vegbrooke_stubborn,Haggling: vegbrooke stubborn,haggling,exact-payoff (backbone-invariant),1000,atom_tom1,18,0.22222222222222232,4.000000000000002,4,1,0.7777777777777777,1.0,0.0625,3|2,2,4,8,16
haggling/vegbrooke_stubborn,Haggling: vegbrooke stubborn,haggling,exact-payoff (backbone-invariant),1000,atom_tom1,19,0.22222222222222232,4.222222222222224,4,1,0.7777777777777777,1.0,0.0625,3|2,2,4,8,16
haggling/vegbrooke_stubborn,Haggling: vegbrooke stubborn,haggling,exact-payoff (backbone-invariant),1000,atom_tom1,20,0.22222222222222232,4.444444444444446,4,1,0.7777777777777777,1.0,0.0625,3|2,2,4,8,16
haggling/vegbrooke_stubborn,Haggling: vegbrooke stubborn,haggling,exact-payoff (backbone-invariant),1000,random,1,0.22222222222222232,0.22222222222222232,3,1,0.7777777777777777,1.0,0.0625,3|2,2,4,8,16
haggling/vegbrooke_stubborn,Haggling: vegbrooke stubborn,haggling,exact-payoff (backbone-invariant),1000,random,2,0.44444444444444453,0.6666666666666669,5,1,0.5555555555555555,1.0,0.0625,3|2,2,4,8,16
haggling/vegbrooke_stubborn,Haggling: vegbrooke stubborn,haggling,exact-payoff (backbone-invariant),1000,random,3,0.22222222222222232,0.8888888888888892,8,1,0.7777777777777777,1.0,0.0625,3|2,2,4,8,16
haggling/vegbrooke_stubborn,Haggling: vegbrooke stubborn,haggling,exact-payoff (backbone-invariant),1000,random,4,0.6666666666666667,1.5555555555555558,7,1,0.33333333333333326,1.0,0.0625,3|2,2,4,8,16
haggling/vegbrooke_stubborn,Haggling: vegbrooke stubborn,haggling,exact-payoff (backbone-invariant),1000,random,5,0.22222222222222232,1.7777777777777781,6,1,0.7777777777777777,1.0,0.0625,3|2,2,4,8,16
haggling/vegbrooke_stubborn,Haggling: vegbrooke stubborn,haggling,exact-payoff (backbone-invariant),1000,random,6,0.6666666666666667,2.4444444444444446,7,1,0.33333333333333326,1.0,0.0625,3|2,2,4,8,16
haggling/vegbrooke_stubborn,Haggling: vegbrooke stubborn,haggling,exact-payoff (backbone-invariant),1000,random,7,0.22222222222222232,2.666666666666667,0,1,0.7777777777777777,1.0,0.0625,3|2,2,4,8,16
haggling/vegbrooke_stubborn,Haggling: vegbrooke stubborn,haggling,exact-payoff (backbone-invariant),1000,random,8,0.22222222222222232,2.8888888888888893,8,1,0.7777777777777777,1.0,0.0625,3|2,2,4,8,16
haggling/vegbrooke_stubborn,Haggling: vegbrooke stubborn,haggling,exact-payoff (backbone-invariant),1000,random,9,0.22222222222222232,3.1111111111111116,6,1,0.7777777777777777,1.0,0.0625,3|2,2,4,8,16
haggling/vegbrooke_stubborn,Haggling: vegbrooke stubborn,haggling,exact-payoff (backbone-invariant),1000,random,10,0.22222222222222232,3.333333333333334,2,1,0.7777777777777777,1.0,0.0625,3|2,2,4,8,16
haggling/vegbrooke_stubborn,Haggling: vegbrooke stubborn,haggling,exact-payoff (backbone-invariant),1000,random,11,0.22222222222222232,3.5555555555555562,4,1,0.7777777777777777,1.0,0.0625,3|2,2,4,8,16
haggling/vegbrooke_stubborn,Haggling: vegbrooke stubborn,haggling,exact-payoff (backbone-invariant),1000,random,12,0.22222222222222232,3.7777777777777786,4,1,0.7777777777777777,1.0,0.0625,3|2,2,4,8,16
haggling/vegbrooke_stubborn,Haggling: vegbrooke stubborn,haggling,exact-payoff (backbone-invariant),1000,random,13,0.22222222222222232,4.000000000000001,4,1,0.7777777777777777,1.0,0.0625,3|2,2,4,8,16
haggling/vegbrooke_stubborn,Haggling: vegbrooke stubborn,haggling,exact-payoff (backbone-invariant),1000,random,14,0.22222222222222232,4.222222222222223,8,1,0.7777777777777777,1.0,0.0625,3|2,2,4,8,16
haggling/vegbrooke_stubborn,Haggling: vegbrooke stubborn,haggling,exact-payoff (backbone-invariant),1000,random,15,0.888888888888889,5.1111111111111125,9,1,0.11111111111111101,1.0,0.0625,3|2,2,4,8,16
haggling/vegbrooke_stubborn,Haggling: vegbrooke stubborn,haggling,exact-payoff (backbone-invariant),1000,random,16,0.22222222222222232,5.333333333333335,6,1,0.7777777777777777,1.0,0.0625,3|2,2,4,8,16
haggling/vegbrooke_stubborn,Haggling: vegbrooke stubborn,haggling,exact-payoff (backbone-invariant),1000,random,17,0.22222222222222232,5.555555555555557,4,1,0.7777777777777777,1.0,0.0625,3|2,2,4,8,16
haggling/vegbrooke_stubborn,Haggling: vegbrooke stubborn,haggling,exact-payoff (backbone-invariant),1000,random,18,0.22222222222222232,5.7777777777777795,8,1,0.7777777777777777,1.0,0.0625,3|2,2,4,8,16
haggling/vegbrooke_stubborn,Haggling: vegbrooke stubborn,haggling,exact-payoff (backbone-invariant),1000,random,19,0.888888888888889,6.666666666666669,9,1,0.11111111111111101,1.0,0.0625,3|2,2,4,8,16
haggling/vegbrooke_stubborn,Haggling: vegbrooke stubborn,haggling,exact-payoff (backbone-invariant),1000,random,20,0.0,6.666666666666669,1,1,1.0,1.0,0.0625,3|2,2,4,8,16
haggling_multi_item/fruitville_gullible,Multi-item: fruitville gullible,haggling_multi_item,exact-payoff (backbone-invariant),1000,pact,1,0.0,0.0,11,11,0.6363636363636365,0.6363636363636365,0.4378642884589015,3|2,2,4,8,16
haggling_multi_item/fruitville_gullible,Multi-item: fruitville gullible,haggling_multi_item,exact-payoff (backbone-invariant),1000,pact,2,0.0,0.0,11,11,0.6363636363636365,0.6363636363636365,0.5008745127482932,3|2,2,4,8,16
haggling_multi_item/fruitville_gullible,Multi-item: fruitville gullible,haggling_multi_item,exact-payoff (backbone-invariant),1000,pact,3,0.0,0.0,11,11,0.6363636363636365,0.6363636363636365,0.5401376906819157,3|2,2,4,8,16
haggling_multi_item/fruitville_gullible,Multi-item: fruitville gullible,haggling_multi_item,exact-payoff (backbone-invariant),1000,pact,4,0.0,0.0,11,11,0.6363636363636365,0.6363636363636365,0.568270118224001,3|2,2,4,8,16
haggling_multi_item/fruitville_gullible,Multi-item: fruitville gullible,haggling_multi_item,exact-payoff (backbone-invariant),1000,pact,5,0.0,0.0,11,11,0.6363636363636365,0.6363636363636365,0.5907188382049204,3|2,2,4,8,16
haggling_multi_item/fruitville_gullible,Multi-item: fruitville gullible,haggling_multi_item,exact-payoff (backbone-invariant),1000,pact,6,0.0,0.0,11,11,0.6363636363636365,0.6363636363636365,0.6097960684415114,3|2,2,4,8,16
haggling_multi_item/fruitville_gullible,Multi-item: fruitville gullible,haggling_multi_item,exact-payoff (backbone-invariant),1000,pact,7,0.0,0.0,11,11,0.6363636363636365,0.6363636363636365,0.626545662722559,3|2,2,4,8,16
haggling_multi_item/fruitville_gullible,Multi-item: fruitville gullible,haggling_multi_item,exact-payoff (backbone-invariant),1000,pact,8,0.0,0.0,11,11,0.6363636363636365,0.6363636363636365,0.6414708083063934,3|2,2,4,8,16
haggling_multi_item/fruitville_gullible,Multi-item: fruitville gullible,haggling_multi_item,exact-payoff (backbone-invariant),1000,pact,9,0.0,0.0,11,11,0.6363636363636365,0.6363636363636365,0.6548352460593725,3|2,2,4,8,16
haggling_multi_item/fruitville_gullible,Multi-item: fruitville gullible,haggling_multi_item,exact-payoff (backbone-invariant),1000,pact,10,0.0,0.0,11,11,0.6363636363636365,0.6363636363636365,0.6667973013718975,3|2,2,4,8,16
haggling_multi_item/fruitville_gullible,Multi-item: fruitville gullible,haggling_multi_item,exact-payoff (backbone-invariant),1000,pact,11,0.0,0.0,11,11,0.6363636363636365,0.6363636363636365,0.6774714779043646,3|2,2,4,8,16
haggling_multi_item/fruitville_gullible,Multi-item: fruitville gullible,haggling_multi_item,exact-payoff (backbone-invariant),1000,pact,12,0.0,0.0,11,11,0.6363636363636365,0.6363636363636365,0.6869562331021949,3|2,2,4,8,16
haggling_multi_item/fruitville_gullible,Multi-item: fruitville gullible,haggling_multi_item,exact-payoff (backbone-invariant),1000,pact,13,0.0,0.0,11,11,0.6363636363636365,0.6363636363636365,0.6953454363544095,3|2,2,4,8,16
haggling_multi_item/fruitville_gullible,Multi-item: fruitville gullible,haggling_multi_item,exact-payoff (backbone-invariant),1000,pact,14,0.0,0.0,11,11,0.6363636363636365,0.6363636363636365,0.7027320276806643,3|2,2,4,8,16
haggling_multi_item/fruitville_gullible,Multi-item: fruitville gullible,haggling_multi_item,exact-payoff (backbone-invariant),1000,pact,15,0.0,0.0,11,11,0.6363636363636365,0.6363636363636365,0.7092081670163255,3|2,2,4,8,16
haggling_multi_item/fruitville_gullible,Multi-item: fruitville gullible,haggling_multi_item,exact-payoff (backbone-invariant),1000,pact,16,0.0,0.0,11,11,0.6363636363636365,0.6363636363636365,0.7148640378018489,3|2,2,4,8,16
haggling_multi_item/fruitville_gullible,Multi-item: fruitville gullible,haggling_multi_item,exact-payoff (backbone-invariant),1000,pact,17,0.0,0.0,11,11,0.6363636363636365,0.6363636363636365,0.7197863612620259,3|2,2,4,8,16
haggling_multi_item/fruitville_gullible,Multi-item: fruitville gullible,haggling_multi_item,exact-payoff (backbone-invariant),1000,pact,18,0.0,0.0,11,11,0.6363636363636365,0.6363636363636365,0.7240570956651795,3|2,2,4,8,16
haggling_multi_item/fruitville_gullible,Multi-item: fruitville gullible,haggling_multi_item,exact-payoff (backbone-invariant),1000,pact,19,0.0,0.0,11,11,0.6363636363636365,0.6363636363636365,0.7277524930805996,3|2,2,4,8,16
haggling_multi_item/fruitville_gullible,Multi-item: fruitville gullible,haggling_multi_item,exact-payoff (backbone-invariant),1000,pact,20,0.0,0.0,11,11,0.6363636363636365,0.6363636363636365,0.7309425362783997,3|2,2,4,8,16
haggling_multi_item/fruitville_gullible,Multi-item: fruitville gullible,haggling_multi_item,exact-payoff (backbone-invariant),1000,pact_plus,1,0.0,0.0,11,11,0.6363636363636365,0.6363636363636365,0.4378642884589015,3|2,2,4,8,16
haggling_multi_item/fruitville_gullible,Multi-item: fruitville gullible,haggling_multi_item,exact-payoff (backbone-invariant),1000,pact_plus,2,0.0,0.0,11,11,0.6363636363636365,0.6363636363636365,0.5008745127482932,3|2,2,4,8,16
haggling_multi_item/fruitville_gullible,Multi-item: fruitville gullible,haggling_multi_item,exact-payoff (backbone-invariant),1000,pact_plus,3,0.0,0.0,11,11,0.6363636363636365,0.6363636363636365,0.5401376906819157,3|2,2,4,8,16
haggling_multi_item/fruitville_gullible,Multi-item: fruitville gullible,haggling_multi_item,exact-payoff (backbone-invariant),1000,pact_plus,4,0.0,0.0,11,11,0.6363636363636365,0.6363636363636365,0.568270118224001,3|2,2,4,8,16
haggling_multi_item/fruitville_gullible,Multi-item: fruitville gullible,haggling_multi_item,exact-payoff (backbone-invariant),1000,pact_plus,5,0.0,0.0,11,11,0.6363636363636365,0.6363636363636365,0.5907188382049204,3|2,2,4,8,16
haggling_multi_item/fruitville_gullible,Multi-item: fruitville gullible,haggling_multi_item,exact-payoff (backbone-invariant),1000,pact_plus,6,0.0,0.0,11,11,0.6363636363636365,0.6363636363636365,0.6097960684415114,3|2,2,4,8,16
haggling_multi_item/fruitville_gullible,Multi-item: fruitville gullible,haggling_multi_item,exact-payoff (backbone-invariant),1000,pact_plus,7,0.0,0.0,11,11,0.6363636363636365,0.6363636363636365,0.626545662722559,3|2,2,4,8,16
haggling_multi_item/fruitville_gullible,Multi-item: fruitville gullible,haggling_multi_item,exact-payoff (backbone-invariant),1000,pact_plus,8,0.0,0.0,11,11,0.6363636363636365,0.6363636363636365,0.6414708083063934,3|2,2,4,8,16
haggling_multi_item/fruitville_gullible,Multi-item: fruitville gullible,haggling_multi_item,exact-payoff (backbone-invariant),1000,pact_plus,9,0.0,0.0,11,11,0.6363636363636365,0.6363636363636365,0.6548352460593725,3|2,2,4,8,16
haggling_multi_item/fruitville_gullible,Multi-item: fruitville gullible,haggling_multi_item,exact-payoff (backbone-invariant),1000,pact_plus,10,0.0,0.0,11,11,0.6363636363636365,0.6363636363636365,0.6667973013718975,3|2,2,4,8,16
haggling_multi_item/fruitville_gullible,Multi-item: fruitville gullible,haggling_multi_item,exact-payoff (backbone-invariant),1000,pact_plus,11,0.0,0.0,11,11,0.6363636363636365,0.6363636363636365,0.6774714779043646,3|2,2,4,8,16
haggling_multi_item/fruitville_gullible,Multi-item: fruitville gullible,haggling_multi_item,exact-payoff (backbone-invariant),1000,pact_plus,12,0.0,0.0,11,11,0.6363636363636365,0.6363636363636365,0.6869562331021949,3|2,2,4,8,16
haggling_multi_item/fruitville_gullible,Multi-item: fruitville gullible,haggling_multi_item,exact-payoff (backbone-invariant),1000,pact_plus,13,0.0,0.0,11,11,0.6363636363636365,0.6363636363636365,0.6953454363544095,3|2,2,4,8,16
haggling_multi_item/fruitville_gullible,Multi-item: fruitville gullible,haggling_multi_item,exact-payoff (backbone-invariant),1000,pact_plus,14,0.0,0.0,11,11,0.6363636363636365,0.6363636363636365,0.7027320276806643,3|2,2,4,8,16
haggling_multi_item/fruitville_gullible,Multi-item: fruitville gullible,haggling_multi_item,exact-payoff (backbone-invariant),1000,pact_plus,15,0.0,0.0,11,11,0.6363636363636365,0.6363636363636365,0.7092081670163255,3|2,2,4,8,16
haggling_multi_item/fruitville_gullible,Multi-item: fruitville gullible,haggling_multi_item,exact-payoff (backbone-invariant),1000,pact_plus,16,0.0,0.0,11,11,0.6363636363636365,0.6363636363636365,0.7148640378018489,3|2,2,4,8,16
haggling_multi_item/fruitville_gullible,Multi-item: fruitville gullible,haggling_multi_item,exact-payoff (backbone-invariant),1000,pact_plus,17,0.0,0.0,11,11,0.6363636363636365,0.6363636363636365,0.7197863612620259,3|2,2,4,8,16
haggling_multi_item/fruitville_gullible,Multi-item: fruitville gullible,haggling_multi_item,exact-payoff (backbone-invariant),1000,pact_plus,18,0.0,0.0,11,11,0.6363636363636365,0.6363636363636365,0.7240570956651795,3|2,2,4,8,16
haggling_multi_item/fruitville_gullible,Multi-item: fruitville gullible,haggling_multi_item,exact-payoff (backbone-invariant),1000,pact_plus,19,0.0,0.0,11,11,0.6363636363636365,0.6363636363636365,0.7277524930805996,3|2,2,4,8,16
haggling_multi_item/fruitville_gullible,Multi-item: fruitville gullible,haggling_multi_item,exact-payoff (backbone-invariant),1000,pact_plus,20,0.0,0.0,11,11,0.6363636363636365,0.6363636363636365,0.7309425362783997,3|2,2,4,8,16
haggling_multi_item/fruitville_gullible,Multi-item: fruitville gullible,haggling_multi_item,exact-payoff (backbone-invariant),1000,joint_psrl_uniform,1,0.0,0.0,11,11,0.6363636363636365,0.6363636363636365,0.1899799871572662,3|2,2,4,8,16
haggling_multi_item/fruitville_gullible,Multi-item: fruitville gullible,haggling_multi_item,exact-payoff (backbone-invariant),1000,joint_psrl_uniform,2,0.0,0.0,11,11,0.6363636363636365,0.6363636363636365,0.24711806131554825,3|2,2,4,8,16
haggling_multi_item/fruitville_gullible,Multi-item: fruitville gullible,haggling_multi_item,exact-payoff (backbone-invariant),1000,joint_psrl_uniform,3,0.0,0.0,11,11,0.6363636363636365,0.6363636363636365,0.28630968902059406,3|2,2,4,8,16
haggling_multi_item/fruitville_gullible,Multi-item: fruitville gullible,haggling_multi_item,exact-payoff (backbone-invariant),1000,joint_psrl_uniform,4,0.0,0.0,11,11,0.6363636363636365,0.6363636363636365,0.3154528882879986,3|2,2,4,8,16
haggling_multi_item/fruitville_gullible,Multi-item: fruitville gullible,haggling_multi_item,exact-payoff (backbone-invariant),1000,joint_psrl_uniform,5,0.0,0.0,11,11,0.6363636363636365,0.6363636363636365,0.33886205245691925,3|2,2,4,8,16
haggling_multi_item/fruitville_gullible,Multi-item: fruitville gullible,haggling_multi_item,exact-payoff (backbone-invariant),1000,joint_psrl_uniform,6,0.0,0.0,11,11,0.6363636363636365,0.6363636363636365,0.35864081931633357,3|2,2,4,8,16
haggling_multi_item/fruitville_gullible,Multi-item: fruitville gullible,haggling_multi_item,exact-payoff (backbone-invariant),1000,joint_psrl_uniform,7,0.0,0.0,11,11,0.6363636363636365,0.6363636363636365,0.3758528246354136,3|2,2,4,8,16
haggling_multi_item/fruitville_gullible,Multi-item: fruitville gullible,haggling_multi_item,exact-payoff (backbone-invariant),1000,joint_psrl_uniform,8,0.0,0.0,11,11,0.6363636363636365,0.6363636363636365,0.39106593262175293,3|2,2,4,8,16
haggling_multi_item/fruitville_gullible,Multi-item: fruitville gullible,haggling_multi_item,exact-payoff (backbone-invariant),1000,joint_psrl_uniform,9,0.0,0.0,11,11,0.6363636363636365,0.6363636363636365,0.40460320039799913,3|2,2,4,8,16
haggling_multi_item/fruitville_gullible,Multi-item: fruitville gullible,haggling_multi_item,exact-payoff (backbone-invariant),1000,joint_psrl_uniform,10,0.0,0.0,11,11,0.6363636363636365,0.6363636363636365,0.41666630545722616,3|2,2,4,8,16
haggling_multi_item/fruitville_gullible,Multi-item: fruitville gullible,haggling_multi_item,exact-payoff (backbone-invariant),1000,joint_psrl_uniform,11,0.0,0.0,11,11,0.6363636363636365,0.6363636363636365,0.42739841555526686,3|2,2,4,8,16
haggling_multi_item/fruitville_gullible,Multi-item: fruitville gullible,haggling_multi_item,exact-payoff (backbone-invariant),1000,joint_psrl_uniform,12,0.0,0.0,11,11,0.6363636363636365,0.6363636363636365,0.43691588188951164,3|2,2,4,8,16
haggling_multi_item/fruitville_gullible,Multi-item: fruitville gullible,haggling_multi_item,exact-payoff (backbone-invariant),1000,joint_psrl_uniform,13,0.0,0.0,11,11,0.6363636363636365,0.6363636363636365,0.445323331126208,3|2,2,4,8,16
haggling_multi_item/fruitville_gullible,Multi-item: fruitville gullible,haggling_multi_item,exact-payoff (backbone-invariant),1000,joint_psrl_uniform,14,0.0,0.0,11,11,0.6363636363636365,0.6363636363636365,0.45271999951828235,3|2,2,4,8,16
haggling_multi_item/fruitville_gullible,Multi-item: fruitville gullible,haggling_multi_item,exact-payoff (backbone-invariant),1000,joint_psrl_uniform,15,0.0,0.0,11,11,0.6363636363636365,0.6363636363636365,0.4592016590529439,3|2,2,4,8,16
haggling_multi_item/fruitville_gullible,Multi-item: fruitville gullible,haggling_multi_item,exact-payoff (backbone-invariant),1000,joint_psrl_uniform,16,0.0,0.0,11,11,0.6363636363636365,0.6363636363636365,0.46486053333754035,3|2,2,4,8,16
haggling_multi_item/fruitville_gullible,Multi-item: fruitville gullible,haggling_multi_item,exact-payoff (backbone-invariant),1000,joint_psrl_uniform,17,0.0,0.0,11,11,0.6363636363636365,0.6363636363636365,0.4697844817248773,3|2,2,4,8,16
haggling_multi_item/fruitville_gullible,Multi-item: fruitville gullible,haggling_multi_item,exact-payoff (backbone-invariant),1000,joint_psrl_uniform,18,0.0,0.0,11,11,0.6363636363636365,0.6363636363636365,0.4740560910459187,3|2,2,4,8,16
haggling_multi_item/fruitville_gullible,Multi-item: fruitville gullible,haggling_multi_item,exact-payoff (backbone-invariant),1000,joint_psrl_uniform,19,0.0,0.0,11,11,0.6363636363636365,0.6363636363636365,0.4777519576555192,3|2,2,4,8,16
haggling_multi_item/fruitville_gullible,Multi-item: fruitville gullible,haggling_multi_item,exact-payoff (backbone-invariant),1000,joint_psrl_uniform,20,0.0,0.0,11,11,0.6363636363636365,0.6363636363636365,0.48094225161454357,3|2,2,4,8,16
haggling_multi_item/fruitville_gullible,Multi-item: fruitville gullible,haggling_multi_item,exact-payoff (backbone-invariant),1000,psrl_notype,1,0.0,0.0,11,11,0.6363636363636365,0.6363636363636365,0.0625,3|2,2,4,8,16
haggling_multi_item/fruitville_gullible,Multi-item: fruitville gullible,haggling_multi_item,exact-payoff (backbone-invariant),1000,psrl_notype,2,0.0,0.0,11,11,0.6363636363636365,0.6363636363636365,0.0625,3|2,2,4,8,16
haggling_multi_item/fruitville_gullible,Multi-item: fruitville gullible,haggling_multi_item,exact-payoff (backbone-invariant),1000,psrl_notype,3,0.0,0.0,11,11,0.6363636363636365,0.6363636363636365,0.0625,3|2,2,4,8,16
haggling_multi_item/fruitville_gullible,Multi-item: fruitville gullible,haggling_multi_item,exact-payoff (backbone-invariant),1000,psrl_notype,4,0.0,0.0,11,11,0.6363636363636365,0.6363636363636365,0.0625,3|2,2,4,8,16
haggling_multi_item/fruitville_gullible,Multi-item: fruitville gullible,haggling_multi_item,exact-payoff (backbone-invariant),1000,psrl_notype,5,0.0,0.0,11,11,0.6363636363636365,0.6363636363636365,0.0625,3|2,2,4,8,16
haggling_multi_item/fruitville_gullible,Multi-item: fruitville gullible,haggling_multi_item,exact-payoff (backbone-invariant),1000,psrl_notype,6,0.0,0.0,11,11,0.6363636363636365,0.6363636363636365,0.0625,3|2,2,4,8,16
haggling_multi_item/fruitville_gullible,Multi-item: fruitville gullible,haggling_multi_item,exact-payoff (backbone-invariant),1000,psrl_notype,7,0.0,0.0,11,11,0.6363636363636365,0.6363636363636365,0.0625,3|2,2,4,8,16
haggling_multi_item/fruitville_gullible,Multi-item: fruitville gullible,haggling_multi_item,exact-payoff (backbone-invariant),1000,psrl_notype,8,0.0,0.0,11,11,0.6363636363636365,0.6363636363636365,0.0625,3|2,2,4,8,16
haggling_multi_item/fruitville_gullible,Multi-item: fruitville gullible,haggling_multi_item,exact-payoff (backbone-invariant),1000,psrl_notype,9,0.0,0.0,11,11,0.6363636363636365,0.6363636363636365,0.0625,3|2,2,4,8,16
haggling_multi_item/fruitville_gullible,Multi-item: fruitville gullible,haggling_multi_item,exact-payoff (backbone-invariant),1000,psrl_notype,10,0.0,0.0,11,11,0.6363636363636365,0.6363636363636365,0.0625,3|2,2,4,8,16
haggling_multi_item/fruitville_gullible,Multi-item: fruitville gullible,haggling_multi_item,exact-payoff (backbone-invariant),1000,psrl_notype,11,0.0,0.0,11,11,0.6363636363636365,0.6363636363636365,0.0625,3|2,2,4,8,16
haggling_multi_item/fruitville_gullible,Multi-item: fruitville gullible,haggling_multi_item,exact-payoff (backbone-invariant),1000,psrl_notype,12,0.0,0.0,11,11,0.6363636363636365,0.6363636363636365,0.0625,3|2,2,4,8,16
haggling_multi_item/fruitville_gullible,Multi-item: fruitville gullible,haggling_multi_item,exact-payoff (backbone-invariant),1000,psrl_notype,13,0.0,0.0,11,11,0.6363636363636365,0.6363636363636365,0.0625,3|2,2,4,8,16
haggling_multi_item/fruitville_gullible,Multi-item: fruitville gullible,haggling_multi_item,exact-payoff (backbone-invariant),1000,psrl_notype,14,0.0,0.0,11,11,0.6363636363636365,0.6363636363636365,0.0625,3|2,2,4,8,16
haggling_multi_item/fruitville_gullible,Multi-item: fruitville gullible,haggling_multi_item,exact-payoff (backbone-invariant),1000,psrl_notype,15,0.0,0.0,11,11,0.6363636363636365,0.6363636363636365,0.0625,3|2,2,4,8,16
haggling_multi_item/fruitville_gullible,Multi-item: fruitville gullible,haggling_multi_item,exact-payoff (backbone-invariant),1000,psrl_notype,16,0.0,0.0,11,11,0.6363636363636365,0.6363636363636365,0.0625,3|2,2,4,8,16
haggling_multi_item/fruitville_gullible,Multi-item: fruitville gullible,haggling_multi_item,exact-payoff (backbone-invariant),1000,psrl_notype,17,0.0,0.0,11,11,0.6363636363636365,0.6363636363636365,0.0625,3|2,2,4,8,16
haggling_multi_item/fruitville_gullible,Multi-item: fruitville gullible,haggling_multi_item,exact-payoff (backbone-invariant),1000,psrl_notype,18,0.0,0.0,11,11,0.6363636363636365,0.6363636363636365,0.0625,3|2,2,4,8,16
haggling_multi_item/fruitville_gullible,Multi-item: fruitville gullible,haggling_multi_item,exact-payoff (backbone-invariant),1000,psrl_notype,19,0.0,0.0,11,11,0.6363636363636365,0.6363636363636365,0.0625,3|2,2,4,8,16
haggling_multi_item/fruitville_gullible,Multi-item: fruitville gullible,haggling_multi_item,exact-payoff (backbone-invariant),1000,psrl_notype,20,0.0,0.0,11,11,0.6363636363636365,0.6363636363636365,0.0625,3|2,2,4,8,16
haggling_multi_item/fruitville_gullible,Multi-item: fruitville gullible,haggling_multi_item,exact-payoff (backbone-invariant),1000,map_type_greedy,1,0.0,0.0,11,11,0.6363636363636365,0.6363636363636365,0.4378642884589015,3|2,2,4,8,16
haggling_multi_item/fruitville_gullible,Multi-item: fruitville gullible,haggling_multi_item,exact-payoff (backbone-invariant),1000,map_type_greedy,2,0.0,0.0,11,11,0.6363636363636365,0.6363636363636365,0.5008745127482932,3|2,2,4,8,16
haggling_multi_item/fruitville_gullible,Multi-item: fruitville gullible,haggling_multi_item,exact-payoff (backbone-invariant),1000,map_type_greedy,3,0.0,0.0,11,11,0.6363636363636365,0.6363636363636365,0.5401376906819157,3|2,2,4,8,16
haggling_multi_item/fruitville_gullible,Multi-item: fruitville gullible,haggling_multi_item,exact-payoff (backbone-invariant),1000,map_type_greedy,4,0.0,0.0,11,11,0.6363636363636365,0.6363636363636365,0.568270118224001,3|2,2,4,8,16
haggling_multi_item/fruitville_gullible,Multi-item: fruitville gullible,haggling_multi_item,exact-payoff (backbone-invariant),1000,map_type_greedy,5,0.0,0.0,11,11,0.6363636363636365,0.6363636363636365,0.5907188382049204,3|2,2,4,8,16
haggling_multi_item/fruitville_gullible,Multi-item: fruitville gullible,haggling_multi_item,exact-payoff (backbone-invariant),1000,map_type_greedy,6,0.0,0.0,11,11,0.6363636363636365,0.6363636363636365,0.6097960684415114,3|2,2,4,8,16
haggling_multi_item/fruitville_gullible,Multi-item: fruitville gullible,haggling_multi_item,exact-payoff (backbone-invariant),1000,map_type_greedy,7,0.0,0.0,11,11,0.6363636363636365,0.6363636363636365,0.626545662722559,3|2,2,4,8,16
haggling_multi_item/fruitville_gullible,Multi-item: fruitville gullible,haggling_multi_item,exact-payoff (backbone-invariant),1000,map_type_greedy,8,0.0,0.0,11,11,0.6363636363636365,0.6363636363636365,0.6414708083063934,3|2,2,4,8,16
haggling_multi_item/fruitville_gullible,Multi-item: fruitville gullible,haggling_multi_item,exact-payoff (backbone-invariant),1000,map_type_greedy,9,0.0,0.0,11,11,0.6363636363636365,0.6363636363636365,0.6548352460593725,3|2,2,4,8,16
haggling_multi_item/fruitville_gullible,Multi-item: fruitville gullible,haggling_multi_item,exact-payoff (backbone-invariant),1000,map_type_greedy,10,0.0,0.0,11,11,0.6363636363636365,0.6363636363636365,0.6667973013718975,3|2,2,4,8,16
haggling_multi_item/fruitville_gullible,Multi-item: fruitville gullible,haggling_multi_item,exact-payoff (backbone-invariant),1000,map_type_greedy,11,0.0,0.0,11,11,0.6363636363636365,0.6363636363636365,0.6774714779043646,3|2,2,4,8,16
haggling_multi_item/fruitville_gullible,Multi-item: fruitville gullible,haggling_multi_item,exact-payoff (backbone-invariant),1000,map_type_greedy,12,0.0,0.0,11,11,0.6363636363636365,0.6363636363636365,0.6869562331021949,3|2,2,4,8,16
haggling_multi_item/fruitville_gullible,Multi-item: fruitville gullible,haggling_multi_item,exact-payoff (backbone-invariant),1000,map_type_greedy,13,0.0,0.0,11,11,0.6363636363636365,0.6363636363636365,0.6953454363544095,3|2,2,4,8,16
haggling_multi_item/fruitville_gullible,Multi-item: fruitville gullible,haggling_multi_item,exact-payoff (backbone-invariant),1000,map_type_greedy,14,0.0,0.0,11,11,0.6363636363636365,0.6363636363636365,0.7027320276806643,3|2,2,4,8,16
haggling_multi_item/fruitville_gullible,Multi-item: fruitville gullible,haggling_multi_item,exact-payoff (backbone-invariant),1000,map_type_greedy,15,0.0,0.0,11,11,0.6363636363636365,0.6363636363636365,0.7092081670163255,3|2,2,4,8,16
haggling_multi_item/fruitville_gullible,Multi-item: fruitville gullible,haggling_multi_item,exact-payoff (backbone-invariant),1000,map_type_greedy,16,0.0,0.0,11,11,0.6363636363636365,0.6363636363636365,0.7148640378018489,3|2,2,4,8,16
haggling_multi_item/fruitville_gullible,Multi-item: fruitville gullible,haggling_multi_item,exact-payoff (backbone-invariant),1000,map_type_greedy,17,0.0,0.0,11,11,0.6363636363636365,0.6363636363636365,0.7197863612620259,3|2,2,4,8,16
haggling_multi_item/fruitville_gullible,Multi-item: fruitville gullible,haggling_multi_item,exact-payoff (backbone-invariant),1000,map_type_greedy,18,0.0,0.0,11,11,0.6363636363636365,0.6363636363636365,0.7240570956651795,3|2,2,4,8,16
haggling_multi_item/fruitville_gullible,Multi-item: fruitville gullible,haggling_multi_item,exact-payoff (backbone-invariant),1000,map_type_greedy,19,0.0,0.0,11,11,0.6363636363636365,0.6363636363636365,0.7277524930805996,3|2,2,4,8,16
haggling_multi_item/fruitville_gullible,Multi-item: fruitville gullible,haggling_multi_item,exact-payoff (backbone-invariant),1000,map_type_greedy,20,0.0,0.0,11,11,0.6363636363636365,0.6363636363636365,0.7309425362783997,3|2,2,4,8,16
haggling_multi_item/fruitville_gullible,Multi-item: fruitville gullible,haggling_multi_item,exact-payoff (backbone-invariant),1000,econ_bne,1,0.09090909090909094,0.09090909090909094,5,11,0.5454545454545455,0.6363636363636365,0.0625,3|2,2,4,8,16
haggling_multi_item/fruitville_gullible,Multi-item: fruitville gullible,haggling_multi_item,exact-payoff (backbone-invariant),1000,econ_bne,2,0.09090909090909094,0.18181818181818188,5,11,0.5454545454545455,0.6363636363636365,0.0625,3|2,2,4,8,16
haggling_multi_item/fruitville_gullible,Multi-item: fruitville gullible,haggling_multi_item,exact-payoff (backbone-invariant),1000,econ_bne,3,0.09090909090909094,0.2727272727272728,5,11,0.5454545454545455,0.6363636363636365,0.0625,3|2,2,4,8,16
haggling_multi_item/fruitville_gullible,Multi-item: fruitville gullible,haggling_multi_item,exact-payoff (backbone-invariant),1000,econ_bne,4,0.09090909090909094,0.36363636363636376,5,11,0.5454545454545455,0.6363636363636365,0.0625,3|2,2,4,8,16
haggling_multi_item/fruitville_gullible,Multi-item: fruitville gullible,haggling_multi_item,exact-payoff (backbone-invariant),1000,econ_bne,5,0.09090909090909094,0.4545454545454547,5,11,0.5454545454545455,0.6363636363636365,0.0625,3|2,2,4,8,16
haggling_multi_item/fruitville_gullible,Multi-item: fruitville gullible,haggling_multi_item,exact-payoff (backbone-invariant),1000,econ_bne,6,0.09090909090909094,0.5454545454545456,5,11,0.5454545454545455,0.6363636363636365,0.0625,3|2,2,4,8,16
haggling_multi_item/fruitville_gullible,Multi-item: fruitville gullible,haggling_multi_item,exact-payoff (backbone-invariant),1000,econ_bne,7,0.09090909090909094,0.6363636363636366,5,11,0.5454545454545455,0.6363636363636365,0.0625,3|2,2,4,8,16
haggling_multi_item/fruitville_gullible,Multi-item: fruitville gullible,haggling_multi_item,exact-payoff (backbone-invariant),1000,econ_bne,8,0.09090909090909094,0.7272727272727275,5,11,0.5454545454545455,0.6363636363636365,0.0625,3|2,2,4,8,16
haggling_multi_item/fruitville_gullible,Multi-item: fruitville gullible,haggling_multi_item,exact-payoff (backbone-invariant),1000,econ_bne,9,0.09090909090909094,0.8181818181818185,5,11,0.5454545454545455,0.6363636363636365,0.0625,3|2,2,4,8,16
haggling_multi_item/fruitville_gullible,Multi-item: fruitville gullible,haggling_multi_item,exact-payoff (backbone-invariant),1000,econ_bne,10,0.09090909090909094,0.9090909090909094,5,11,0.5454545454545455,0.6363636363636365,0.0625,3|2,2,4,8,16
haggling_multi_item/fruitville_gullible,Multi-item: fruitville gullible,haggling_multi_item,exact-payoff (backbone-invariant),1000,econ_bne,11,0.09090909090909094,1.0000000000000004,5,11,0.5454545454545455,0.6363636363636365,0.0625,3|2,2,4,8,16
haggling_multi_item/fruitville_gullible,Multi-item: fruitville gullible,haggling_multi_item,exact-payoff (backbone-invariant),1000,econ_bne,12,0.09090909090909094,1.0909090909090913,5,11,0.5454545454545455,0.6363636363636365,0.0625,3|2,2,4,8,16
haggling_multi_item/fruitville_gullible,Multi-item: fruitville gullible,haggling_multi_item,exact-payoff (backbone-invariant),1000,econ_bne,13,0.09090909090909094,1.181818181818182,5,11,0.5454545454545455,0.6363636363636365,0.0625,3|2,2,4,8,16
haggling_multi_item/fruitville_gullible,Multi-item: fruitville gullible,haggling_multi_item,exact-payoff (backbone-invariant),1000,econ_bne,14,0.09090909090909094,1.272727272727273,5,11,0.5454545454545455,0.6363636363636365,0.0625,3|2,2,4,8,16
haggling_multi_item/fruitville_gullible,Multi-item: fruitville gullible,haggling_multi_item,exact-payoff (backbone-invariant),1000,econ_bne,15,0.09090909090909094,1.3636363636363638,5,11,0.5454545454545455,0.6363636363636365,0.0625,3|2,2,4,8,16
haggling_multi_item/fruitville_gullible,Multi-item: fruitville gullible,haggling_multi_item,exact-payoff (backbone-invariant),1000,econ_bne,16,0.09090909090909094,1.4545454545454546,5,11,0.5454545454545455,0.6363636363636365,0.0625,3|2,2,4,8,16
haggling_multi_item/fruitville_gullible,Multi-item: fruitville gullible,haggling_multi_item,exact-payoff (backbone-invariant),1000,econ_bne,17,0.09090909090909094,1.5454545454545454,5,11,0.5454545454545455,0.6363636363636365,0.0625,3|2,2,4,8,16
haggling_multi_item/fruitville_gullible,Multi-item: fruitville gullible,haggling_multi_item,exact-payoff (backbone-invariant),1000,econ_bne,18,0.09090909090909094,1.6363636363636362,5,11,0.5454545454545455,0.6363636363636365,0.0625,3|2,2,4,8,16
haggling_multi_item/fruitville_gullible,Multi-item: fruitville gullible,haggling_multi_item,exact-payoff (backbone-invariant),1000,econ_bne,19,0.09090909090909094,1.727272727272727,5,11,0.5454545454545455,0.6363636363636365,0.0625,3|2,2,4,8,16
haggling_multi_item/fruitville_gullible,Multi-item: fruitville gullible,haggling_multi_item,exact-payoff (backbone-invariant),1000,econ_bne,20,0.09090909090909094,1.818181818181818,5,11,0.5454545454545455,0.6363636363636365,0.0625,3|2,2,4,8,16
haggling_multi_item/fruitville_gullible,Multi-item: fruitville gullible,haggling_multi_item,exact-payoff (backbone-invariant),1000,atom_tom1,1,0.4545454545454546,0.4545454545454546,1,11,0.18181818181818185,0.6363636363636365,0.0625,3|2,2,4,8,16
haggling_multi_item/fruitville_gullible,Multi-item: fruitville gullible,haggling_multi_item,exact-payoff (backbone-invariant),1000,atom_tom1,2,0.4545454545454546,0.9090909090909092,1,11,0.18181818181818185,0.6363636363636365,0.0625,3|2,2,4,8,16
haggling_multi_item/fruitville_gullible,Multi-item: fruitville gullible,haggling_multi_item,exact-payoff (backbone-invariant),1000,atom_tom1,3,0.4545454545454546,1.3636363636363638,1,11,0.18181818181818185,0.6363636363636365,0.0625,3|2,2,4,8,16
haggling_multi_item/fruitville_gullible,Multi-item: fruitville gullible,haggling_multi_item,exact-payoff (backbone-invariant),1000,atom_tom1,4,0.4545454545454546,1.8181818181818183,1,11,0.18181818181818185,0.6363636363636365,0.0625,3|2,2,4,8,16
haggling_multi_item/fruitville_gullible,Multi-item: fruitville gullible,haggling_multi_item,exact-payoff (backbone-invariant),1000,atom_tom1,5,0.4545454545454546,2.272727272727273,1,11,0.18181818181818185,0.6363636363636365,0.0625,3|2,2,4,8,16
haggling_multi_item/fruitville_gullible,Multi-item: fruitville gullible,haggling_multi_item,exact-payoff (backbone-invariant),1000,atom_tom1,6,0.4545454545454546,2.7272727272727275,1,11,0.18181818181818185,0.6363636363636365,0.0625,3|2,2,4,8,16
haggling_multi_item/fruitville_gullible,Multi-item: fruitville gullible,haggling_multi_item,exact-payoff (backbone-invariant),1000,atom_tom1,7,0.4545454545454546,3.181818181818182,1,11,0.18181818181818185,0.6363636363636365,0.0625,3|2,2,4,8,16
haggling_multi_item/fruitville_gullible,Multi-item: fruitville gullible,haggling_multi_item,exact-payoff (backbone-invariant),1000,atom_tom1,8,0.4545454545454546,3.6363636363636367,1,11,0.18181818181818185,0.6363636363636365,0.0625,3|2,2,4,8,16
haggling_multi_item/fruitville_gullible,Multi-item: fruitville gullible,haggling_multi_item,exact-payoff (backbone-invariant),1000,atom_tom1,9,0.4545454545454546,4.090909090909092,1,11,0.18181818181818185,0.6363636363636365,0.0625,3|2,2,4,8,16
haggling_multi_item/fruitville_gullible,Multi-item: fruitville gullible,haggling_multi_item,exact-payoff (backbone-invariant),1000,atom_tom1,10,0.4545454545454546,4.545454545454547,1,11,0.18181818181818185,0.6363636363636365,0.0625,3|2,2,4,8,16
haggling_multi_item/fruitville_gullible,Multi-item: fruitville gullible,haggling_multi_item,exact-payoff (backbone-invariant),1000,atom_tom1,11,0.4545454545454546,5.000000000000002,1,11,0.18181818181818185,0.6363636363636365,0.0625,3|2,2,4,8,16
haggling_multi_item/fruitville_gullible,Multi-item: fruitville gullible,haggling_multi_item,exact-payoff (backbone-invariant),1000,atom_tom1,12,0.4545454545454546,5.454545454545457,1,11,0.18181818181818185,0.6363636363636365,0.0625,3|2,2,4,8,16
haggling_multi_item/fruitville_gullible,Multi-item: fruitville gullible,haggling_multi_item,exact-payoff (backbone-invariant),1000,atom_tom1,13,0.4545454545454546,5.909090909090912,1,11,0.18181818181818185,0.6363636363636365,0.0625,3|2,2,4,8,16
haggling_multi_item/fruitville_gullible,Multi-item: fruitville gullible,haggling_multi_item,exact-payoff (backbone-invariant),1000,atom_tom1,14,0.4545454545454546,6.363636363636367,1,11,0.18181818181818185,0.6363636363636365,0.0625,3|2,2,4,8,16
haggling_multi_item/fruitville_gullible,Multi-item: fruitville gullible,haggling_multi_item,exact-payoff (backbone-invariant),1000,atom_tom1,15,0.4545454545454546,6.818181818181822,1,11,0.18181818181818185,0.6363636363636365,0.0625,3|2,2,4,8,16
haggling_multi_item/fruitville_gullible,Multi-item: fruitville gullible,haggling_multi_item,exact-payoff (backbone-invariant),1000,atom_tom1,16,0.4545454545454546,7.272727272727277,1,11,0.18181818181818185,0.6363636363636365,0.0625,3|2,2,4,8,16
haggling_multi_item/fruitville_gullible,Multi-item: fruitville gullible,haggling_multi_item,exact-payoff (backbone-invariant),1000,atom_tom1,17,0.4545454545454546,7.727272727272732,1,11,0.18181818181818185,0.6363636363636365,0.0625,3|2,2,4,8,16
haggling_multi_item/fruitville_gullible,Multi-item: fruitville gullible,haggling_multi_item,exact-payoff (backbone-invariant),1000,atom_tom1,18,0.4545454545454546,8.181818181818187,1,11,0.18181818181818185,0.6363636363636365,0.0625,3|2,2,4,8,16
haggling_multi_item/fruitville_gullible,Multi-item: fruitville gullible,haggling_multi_item,exact-payoff (backbone-invariant),1000,atom_tom1,19,0.4545454545454546,8.636363636363642,1,11,0.18181818181818185,0.6363636363636365,0.0625,3|2,2,4,8,16
haggling_multi_item/fruitville_gullible,Multi-item: fruitville gullible,haggling_multi_item,exact-payoff (backbone-invariant),1000,atom_tom1,20,0.4545454545454546,9.090909090909097,1,11,0.18181818181818185,0.6363636363636365,0.0625,3|2,2,4,8,16
haggling_multi_item/fruitville_gullible,Multi-item: fruitville gullible,haggling_multi_item,exact-payoff (backbone-invariant),1000,random,1,0.0,0.0,11,11,0.6363636363636365,0.6363636363636365,0.0625,3|2,2,4,8,16
haggling_multi_item/fruitville_gullible,Multi-item: fruitville gullible,haggling_multi_item,exact-payoff (backbone-invariant),1000,random,2,0.39393939393939403,0.39393939393939403,20,11,0.24242424242424246,0.6363636363636365,0.0625,3|2,2,4,8,16
haggling_multi_item/fruitville_gullible,Multi-item: fruitville gullible,haggling_multi_item,exact-payoff (backbone-invariant),1000,random,3,0.39393939393939403,0.7878787878787881,30,11,0.24242424242424246,0.6363636363636365,0.0625,3|2,2,4,8,16
haggling_multi_item/fruitville_gullible,Multi-item: fruitville gullible,haggling_multi_item,exact-payoff (backbone-invariant),1000,random,4,0.39393939393939403,1.181818181818182,28,11,0.24242424242424246,0.6363636363636365,0.0625,3|2,2,4,8,16
haggling_multi_item/fruitville_gullible,Multi-item: fruitville gullible,haggling_multi_item,exact-payoff (backbone-invariant),1000,random,5,0.39393939393939403,1.5757575757575761,24,11,0.24242424242424246,0.6363636363636365,0.0625,3|2,2,4,8,16
haggling_multi_item/fruitville_gullible,Multi-item: fruitville gullible,haggling_multi_item,exact-payoff (backbone-invariant),1000,random,6,0.27272727272727276,1.8484848484848488,27,11,0.3636363636363637,0.6363636363636365,0.0625,3|2,2,4,8,16
haggling_multi_item/fruitville_gullible,Multi-item: fruitville gullible,haggling_multi_item,exact-payoff (backbone-invariant),1000,random,7,0.39393939393939403,2.242424242424243,2,11,0.24242424242424246,0.6363636363636365,0.0625,3|2,2,4,8,16
haggling_multi_item/fruitville_gullible,Multi-item: fruitville gullible,haggling_multi_item,exact-payoff (backbone-invariant),1000,random,8,0.09090909090909094,2.333333333333334,29,11,0.5454545454545455,0.6363636363636365,0.0625,3|2,2,4,8,16
haggling_multi_item/fruitville_gullible,Multi-item: fruitville gullible,haggling_multi_item,exact-payoff (backbone-invariant),1000,random,9,0.39393939393939403,2.727272727272728,22,11,0.24242424242424246,0.6363636363636365,0.0625,3|2,2,4,8,16
haggling_multi_item/fruitville_gullible,Multi-item: fruitville gullible,haggling_multi_item,exact-payoff (backbone-invariant),1000,random,10,0.39393939393939403,3.121212121212122,8,11,0.24242424242424246,0.6363636363636365,0.0625,3|2,2,4,8,16
haggling_multi_item/fruitville_gullible,Multi-item: fruitville gullible,haggling_multi_item,exact-payoff (backbone-invariant),1000,random,11,0.4545454545454546,3.5757575757575766,15,11,0.18181818181818185,0.6363636363636365,0.0625,3|2,2,4,8,16
haggling_multi_item/fruitville_gullible,Multi-item: fruitville gullible,haggling_multi_item,exact-payoff (backbone-invariant),1000,random,12,0.27272727272727276,3.8484848484848495,17,11,0.3636363636363637,0.6363636363636365,0.0625,3|2,2,4,8,16
haggling_multi_item/fruitville_gullible,Multi-item: fruitville gullible,haggling_multi_item,exact-payoff (backbone-invariant),1000,random,13,0.39393939393939403,4.242424242424244,16,11,0.24242424242424246,0.6363636363636365,0.0625,3|2,2,4,8,16
haggling_multi_item/fruitville_gullible,Multi-item: fruitville gullible,haggling_multi_item,exact-payoff (backbone-invariant),1000,random,14,0.39393939393939403,4.6363636363636385,30,11,0.24242424242424246,0.6363636363636365,0.0625,3|2,2,4,8,16
haggling_multi_item/fruitville_gullible,Multi-item: fruitville gullible,haggling_multi_item,exact-payoff (backbone-invariant),1000,random,15,0.0,4.6363636363636385,35,11,0.6363636363636365,0.6363636363636365,0.0625,3|2,2,4,8,16
haggling_multi_item/fruitville_gullible,Multi-item: fruitville gullible,haggling_multi_item,exact-payoff (backbone-invariant),1000,random,16,0.060606060606060774,4.696969696969699,21,11,0.5757575757575757,0.6363636363636365,0.0625,3|2,2,4,8,16
haggling_multi_item/fruitville_gullible,Multi-item: fruitville gullible,haggling_multi_item,exact-payoff (backbone-invariant),1000,random,17,0.4545454545454546,5.151515151515154,15,11,0.18181818181818185,0.6363636363636365,0.0625,3|2,2,4,8,16
haggling_multi_item/fruitville_gullible,Multi-item: fruitville gullible,haggling_multi_item,exact-payoff (backbone-invariant),1000,random,18,0.060606060606060774,5.212121212121215,31,11,0.5757575757575757,0.6363636363636365,0.0625,3|2,2,4,8,16
haggling_multi_item/fruitville_gullible,Multi-item: fruitville gullible,haggling_multi_item,exact-payoff (backbone-invariant),1000,random,19,0.0,5.212121212121215,35,11,0.6363636363636365,0.6363636363636365,0.0625,3|2,2,4,8,16
haggling_multi_item/fruitville_gullible,Multi-item: fruitville gullible,haggling_multi_item,exact-payoff (backbone-invariant),1000,random,20,0.39393939393939403,5.606060606060609,6,11,0.24242424242424246,0.6363636363636365,0.0625,3|2,2,4,8,16
haggling_multi_item/cumulative_score,Multi-item: cumulative score,haggling_multi_item,exact-payoff (backbone-invariant),1000,pact,1,0.0,0.0,1,1,1.0,1.0,0.7351862148280544,3|2,2,4,8,16
haggling_multi_item/cumulative_score,Multi-item: cumulative score,haggling_multi_item,exact-payoff (backbone-invariant),1000,pact,2,0.0,0.0,1,1,1.0,1.0,0.8224630560734194,3|2,2,4,8,16
haggling_multi_item/cumulative_score,Multi-item: cumulative score,haggling_multi_item,exact-payoff (backbone-invariant),1000,pact,3,0.0,0.0,1,1,1.0,1.0,0.888112772351402,3|2,2,4,8,16
haggling_multi_item/cumulative_score,Multi-item: cumulative score,haggling_multi_item,exact-payoff (backbone-invariant),1000,pact,4,0.0,0.0,1,1,1.0,1.0,0.9343490607740932,3|2,2,4,8,16
haggling_multi_item/cumulative_score,Multi-item: cumulative score,haggling_multi_item,exact-payoff (backbone-invariant),1000,pact,5,0.0,0.0,1,1,1.0,1.0,0.9632850528863528,3|2,2,4,8,16
haggling_multi_item/cumulative_score,Multi-item: cumulative score,haggling_multi_item,exact-payoff (backbone-invariant),1000,pact,6,0.0,0.0,1,1,1.0,1.0,0.9800530383484265,3|2,2,4,8,16
haggling_multi_item/cumulative_score,Multi-item: cumulative score,haggling_multi_item,exact-payoff (backbone-invariant),1000,pact,7,0.0,0.0,1,1,1.0,1.0,0.9893391840562753,3|2,2,4,8,16
haggling_multi_item/cumulative_score,Multi-item: cumulative score,haggling_multi_item,exact-payoff (backbone-invariant),1000,pact,8,0.0,0.0,1,1,1.0,1.0,0.994353093068335,3|2,2,4,8,16
haggling_multi_item/cumulative_score,Multi-item: cumulative score,haggling_multi_item,exact-payoff (backbone-invariant),1000,pact,9,0.0,0.0,1,1,1.0,1.0,0.9970232456452475,3|2,2,4,8,16
haggling_multi_item/cumulative_score,Multi-item: cumulative score,haggling_multi_item,exact-payoff (backbone-invariant),1000,pact,10,0.0,0.0,1,1,1.0,1.0,0.9984348081331416,3|2,2,4,8,16
haggling_multi_item/cumulative_score,Multi-item: cumulative score,haggling_multi_item,exact-payoff (backbone-invariant),1000,pact,11,0.0,0.0,1,1,1.0,1.0,0.9991781213791047,3|2,2,4,8,16
haggling_multi_item/cumulative_score,Multi-item: cumulative score,haggling_multi_item,exact-payoff (backbone-invariant),1000,pact,12,0.0,0.0,1,1,1.0,1.0,0.9995687388689127,3|2,2,4,8,16
haggling_multi_item/cumulative_score,Multi-item: cumulative score,haggling_multi_item,exact-payoff (backbone-invariant),1000,pact,13,0.0,0.0,1,1,1.0,1.0,0.9997737901757058,3|2,2,4,8,16
haggling_multi_item/cumulative_score,Multi-item: cumulative score,haggling_multi_item,exact-payoff (backbone-invariant),1000,pact,14,0.0,0.0,1,1,1.0,1.0,0.9998813690908177,3|2,2,4,8,16
haggling_multi_item/cumulative_score,Multi-item: cumulative score,haggling_multi_item,exact-payoff (backbone-invariant),1000,pact,15,0.0,0.0,1,1,1.0,1.0,0.9999377929224214,3|2,2,4,8,16
haggling_multi_item/cumulative_score,Multi-item: cumulative score,haggling_multi_item,exact-payoff (backbone-invariant),1000,pact,16,0.0,0.0,1,1,1.0,1.0,0.9999673819176702,3|2,2,4,8,16
haggling_multi_item/cumulative_score,Multi-item: cumulative score,haggling_multi_item,exact-payoff (backbone-invariant),1000,pact,17,0.0,0.0,1,1,1.0,1.0,0.9999828972942402,3|2,2,4,8,16
haggling_multi_item/cumulative_score,Multi-item: cumulative score,haggling_multi_item,exact-payoff (backbone-invariant),1000,pact,18,0.0,0.0,1,1,1.0,1.0,0.9999910326357112,3|2,2,4,8,16
haggling_multi_item/cumulative_score,Multi-item: cumulative score,haggling_multi_item,exact-payoff (backbone-invariant),1000,pact,19,0.0,0.0,1,1,1.0,1.0,0.9999952982293541,3|2,2,4,8,16
haggling_multi_item/cumulative_score,Multi-item: cumulative score,haggling_multi_item,exact-payoff (backbone-invariant),1000,pact,20,0.0,0.0,1,1,1.0,1.0,0.9999975347764649,3|2,2,4,8,16
haggling_multi_item/cumulative_score,Multi-item: cumulative score,haggling_multi_item,exact-payoff (backbone-invariant),1000,pact_plus,1,0.0,0.0,1,1,1.0,1.0,0.7351862148280544,3|2,2,4,8,16
haggling_multi_item/cumulative_score,Multi-item: cumulative score,haggling_multi_item,exact-payoff (backbone-invariant),1000,pact_plus,2,0.0,0.0,1,1,1.0,1.0,0.8224630560734194,3|2,2,4,8,16
haggling_multi_item/cumulative_score,Multi-item: cumulative score,haggling_multi_item,exact-payoff (backbone-invariant),1000,pact_plus,3,0.0,0.0,1,1,1.0,1.0,0.888112772351402,3|2,2,4,8,16
haggling_multi_item/cumulative_score,Multi-item: cumulative score,haggling_multi_item,exact-payoff (backbone-invariant),1000,pact_plus,4,0.0,0.0,1,1,1.0,1.0,0.9343490607740932,3|2,2,4,8,16
haggling_multi_item/cumulative_score,Multi-item: cumulative score,haggling_multi_item,exact-payoff (backbone-invariant),1000,pact_plus,5,0.0,0.0,1,1,1.0,1.0,0.9632850528863528,3|2,2,4,8,16
haggling_multi_item/cumulative_score,Multi-item: cumulative score,haggling_multi_item,exact-payoff (backbone-invariant),1000,pact_plus,6,0.0,0.0,1,1,1.0,1.0,0.9800530383484265,3|2,2,4,8,16
haggling_multi_item/cumulative_score,Multi-item: cumulative score,haggling_multi_item,exact-payoff (backbone-invariant),1000,pact_plus,7,0.0,0.0,1,1,1.0,1.0,0.9893391840562753,3|2,2,4,8,16
haggling_multi_item/cumulative_score,Multi-item: cumulative score,haggling_multi_item,exact-payoff (backbone-invariant),1000,pact_plus,8,0.0,0.0,1,1,1.0,1.0,0.994353093068335,3|2,2,4,8,16
haggling_multi_item/cumulative_score,Multi-item: cumulative score,haggling_multi_item,exact-payoff (backbone-invariant),1000,pact_plus,9,0.0,0.0,1,1,1.0,1.0,0.9970232456452475,3|2,2,4,8,16
haggling_multi_item/cumulative_score,Multi-item: cumulative score,haggling_multi_item,exact-payoff (backbone-invariant),1000,pact_plus,10,0.0,0.0,1,1,1.0,1.0,0.9984348081331416,3|2,2,4,8,16
haggling_multi_item/cumulative_score,Multi-item: cumulative score,haggling_multi_item,exact-payoff (backbone-invariant),1000,pact_plus,11,0.0,0.0,1,1,1.0,1.0,0.9991781213791047,3|2,2,4,8,16
haggling_multi_item/cumulative_score,Multi-item: cumulative score,haggling_multi_item,exact-payoff (backbone-invariant),1000,pact_plus,12,0.0,0.0,1,1,1.0,1.0,0.9995687388689127,3|2,2,4,8,16
haggling_multi_item/cumulative_score,Multi-item: cumulative score,haggling_multi_item,exact-payoff (backbone-invariant),1000,pact_plus,13,0.0,0.0,1,1,1.0,1.0,0.9997737901757058,3|2,2,4,8,16
haggling_multi_item/cumulative_score,Multi-item: cumulative score,haggling_multi_item,exact-payoff (backbone-invariant),1000,pact_plus,14,0.0,0.0,1,1,1.0,1.0,0.9998813690908177,3|2,2,4,8,16
haggling_multi_item/cumulative_score,Multi-item: cumulative score,haggling_multi_item,exact-payoff (backbone-invariant),1000,pact_plus,15,0.0,0.0,1,1,1.0,1.0,0.9999377929224214,3|2,2,4,8,16
haggling_multi_item/cumulative_score,Multi-item: cumulative score,haggling_multi_item,exact-payoff (backbone-invariant),1000,pact_plus,16,0.0,0.0,1,1,1.0,1.0,0.9999673819176702,3|2,2,4,8,16
haggling_multi_item/cumulative_score,Multi-item: cumulative score,haggling_multi_item,exact-payoff (backbone-invariant),1000,pact_plus,17,0.0,0.0,1,1,1.0,1.0,0.9999828972942402,3|2,2,4,8,16
haggling_multi_item/cumulative_score,Multi-item: cumulative score,haggling_multi_item,exact-payoff (backbone-invariant),1000,pact_plus,18,0.0,0.0,1,1,1.0,1.0,0.9999910326357112,3|2,2,4,8,16
haggling_multi_item/cumulative_score,Multi-item: cumulative score,haggling_multi_item,exact-payoff (backbone-invariant),1000,pact_plus,19,0.0,0.0,1,1,1.0,1.0,0.9999952982293541,3|2,2,4,8,16
haggling_multi_item/cumulative_score,Multi-item: cumulative score,haggling_multi_item,exact-payoff (backbone-invariant),1000,pact_plus,20,0.0,0.0,1,1,1.0,1.0,0.9999975347764649,3|2,2,4,8,16
haggling_multi_item/cumulative_score,Multi-item: cumulative score,haggling_multi_item,exact-payoff (backbone-invariant),1000,joint_psrl_uniform,1,0.0,0.0,1,1,1.0,1.0,0.479462108144162,3|2,2,4,8,16
haggling_multi_item/cumulative_score,Multi-item: cumulative score,haggling_multi_item,exact-payoff (backbone-invariant),1000,joint_psrl_uniform,2,0.0,0.0,1,1,1.0,1.0,0.645037004320012,3|2,2,4,8,16
haggling_multi_item/cumulative_score,Multi-item: cumulative score,haggling_multi_item,exact-payoff (backbone-invariant),1000,joint_psrl_uniform,3,0.0,0.0,1,1,1.0,1.0,0.7762267811305499,3|2,2,4,8,16
haggling_multi_item/cumulative_score,Multi-item: cumulative score,haggling_multi_item,exact-payoff (backbone-invariant),1000,joint_psrl_uniform,4,0.0,0.0,1,1,1.0,1.0,0.8686981343746734,3|2,2,4,8,16
haggling_multi_item/cumulative_score,Multi-item: cumulative score,haggling_multi_item,exact-payoff (backbone-invariant),1000,joint_psrl_uniform,5,0.0,0.0,1,1,1.0,1.0,0.9265701058998234,3|2,2,4,8,16
haggling_multi_item/cumulative_score,Multi-item: cumulative score,haggling_multi_item,exact-payoff (backbone-invariant),1000,joint_psrl_uniform,6,0.0,0.0,1,1,1.0,1.0,0.9601060766982794,3|2,2,4,8,16
haggling_multi_item/cumulative_score,Multi-item: cumulative score,haggling_multi_item,exact-payoff (backbone-invariant),1000,joint_psrl_uniform,7,0.0,0.0,1,1,1.0,1.0,0.9786783681126945,3|2,2,4,8,16
haggling_multi_item/cumulative_score,Multi-item: cumulative score,haggling_multi_item,exact-payoff (backbone-invariant),1000,joint_psrl_uniform,8,0.0,0.0,1,1,1.0,1.0,0.988706186136751,3|2,2,4,8,16
haggling_multi_item/cumulative_score,Multi-item: cumulative score,haggling_multi_item,exact-payoff (backbone-invariant),1000,joint_psrl_uniform,9,0.0,0.0,1,1,1.0,1.0,0.9940464912905432,3|2,2,4,8,16
haggling_multi_item/cumulative_score,Multi-item: cumulative score,haggling_multi_item,exact-payoff (backbone-invariant),1000,joint_psrl_uniform,10,0.0,0.0,1,1,1.0,1.0,0.9968696162663113,3|2,2,4,8,16
haggling_multi_item/cumulative_score,Multi-item: cumulative score,haggling_multi_item,exact-payoff (backbone-invariant),1000,joint_psrl_uniform,11,0.0,0.0,1,1,1.0,1.0,0.9983562427582258,3|2,2,4,8,16
haggling_multi_item/cumulative_score,Multi-item: cumulative score,haggling_multi_item,exact-payoff (backbone-invariant),1000,joint_psrl_uniform,12,0.0,0.0,1,1,1.0,1.0,0.9991374777378349,3|2,2,4,8,16
haggling_multi_item/cumulative_score,Multi-item: cumulative score,haggling_multi_item,exact-payoff (backbone-invariant),1000,joint_psrl_uniform,13,0.0,0.0,1,1,1.0,1.0,0.9995475803514168,3|2,2,4,8,16
haggling_multi_item/cumulative_score,Multi-item: cumulative score,haggling_multi_item,exact-payoff (backbone-invariant),1000,joint_psrl_uniform,14,0.0,0.0,1,1,1.0,1.0,0.9997627381816384,3|2,2,4,8,16
haggling_multi_item/cumulative_score,Multi-item: cumulative score,haggling_multi_item,exact-payoff (backbone-invariant),1000,joint_psrl_uniform,15,0.0,0.0,1,1,1.0,1.0,0.9998755858448443,3|2,2,4,8,16
haggling_multi_item/cumulative_score,Multi-item: cumulative score,haggling_multi_item,exact-payoff (backbone-invariant),1000,joint_psrl_uniform,16,0.0,0.0,1,1,1.0,1.0,0.9999347638353415,3|2,2,4,8,16
haggling_multi_item/cumulative_score,Multi-item: cumulative score,haggling_multi_item,exact-payoff (backbone-invariant),1000,joint_psrl_uniform,17,0.0,0.0,1,1,1.0,1.0,0.9999657945884808,3|2,2,4,8,16
haggling_multi_item/cumulative_score,Multi-item: cumulative score,haggling_multi_item,exact-payoff (backbone-invariant),1000,joint_psrl_uniform,18,0.0,0.0,1,1,1.0,1.0,0.9999820652714226,3|2,2,4,8,16
haggling_multi_item/cumulative_score,Multi-item: cumulative score,haggling_multi_item,exact-payoff (backbone-invariant),1000,joint_psrl_uniform,19,0.0,0.0,1,1,1.0,1.0,0.9999905964587085,3|2,2,4,8,16
haggling_multi_item/cumulative_score,Multi-item: cumulative score,haggling_multi_item,exact-payoff (backbone-invariant),1000,joint_psrl_uniform,20,0.0,0.0,1,1,1.0,1.0,0.9999950695529297,3|2,2,4,8,16
haggling_multi_item/cumulative_score,Multi-item: cumulative score,haggling_multi_item,exact-payoff (backbone-invariant),1000,psrl_notype,1,0.0,0.0,1,1,1.0,1.0,0.0625,3|2,2,4,8,16
haggling_multi_item/cumulative_score,Multi-item: cumulative score,haggling_multi_item,exact-payoff (backbone-invariant),1000,psrl_notype,2,0.0,0.0,1,1,1.0,1.0,0.0625,3|2,2,4,8,16
haggling_multi_item/cumulative_score,Multi-item: cumulative score,haggling_multi_item,exact-payoff (backbone-invariant),1000,psrl_notype,3,0.0,0.0,1,1,1.0,1.0,0.0625,3|2,2,4,8,16
haggling_multi_item/cumulative_score,Multi-item: cumulative score,haggling_multi_item,exact-payoff (backbone-invariant),1000,psrl_notype,4,0.0,0.0,1,1,1.0,1.0,0.0625,3|2,2,4,8,16
haggling_multi_item/cumulative_score,Multi-item: cumulative score,haggling_multi_item,exact-payoff (backbone-invariant),1000,psrl_notype,5,0.0,0.0,1,1,1.0,1.0,0.0625,3|2,2,4,8,16
haggling_multi_item/cumulative_score,Multi-item: cumulative score,haggling_multi_item,exact-payoff (backbone-invariant),1000,psrl_notype,6,0.0,0.0,1,1,1.0,1.0,0.0625,3|2,2,4,8,16
haggling_multi_item/cumulative_score,Multi-item: cumulative score,haggling_multi_item,exact-payoff (backbone-invariant),1000,psrl_notype,7,0.0,0.0,1,1,1.0,1.0,0.0625,3|2,2,4,8,16
haggling_multi_item/cumulative_score,Multi-item: cumulative score,haggling_multi_item,exact-payoff (backbone-invariant),1000,psrl_notype,8,0.0,0.0,1,1,1.0,1.0,0.0625,3|2,2,4,8,16
haggling_multi_item/cumulative_score,Multi-item: cumulative score,haggling_multi_item,exact-payoff (backbone-invariant),1000,psrl_notype,9,0.0,0.0,1,1,1.0,1.0,0.0625,3|2,2,4,8,16
haggling_multi_item/cumulative_score,Multi-item: cumulative score,haggling_multi_item,exact-payoff (backbone-invariant),1000,psrl_notype,10,0.0,0.0,1,1,1.0,1.0,0.0625,3|2,2,4,8,16
haggling_multi_item/cumulative_score,Multi-item: cumulative score,haggling_multi_item,exact-payoff (backbone-invariant),1000,psrl_notype,11,0.0,0.0,1,1,1.0,1.0,0.0625,3|2,2,4,8,16
haggling_multi_item/cumulative_score,Multi-item: cumulative score,haggling_multi_item,exact-payoff (backbone-invariant),1000,psrl_notype,12,0.0,0.0,1,1,1.0,1.0,0.0625,3|2,2,4,8,16
haggling_multi_item/cumulative_score,Multi-item: cumulative score,haggling_multi_item,exact-payoff (backbone-invariant),1000,psrl_notype,13,0.0,0.0,1,1,1.0,1.0,0.0625,3|2,2,4,8,16
haggling_multi_item/cumulative_score,Multi-item: cumulative score,haggling_multi_item,exact-payoff (backbone-invariant),1000,psrl_notype,14,0.0,0.0,1,1,1.0,1.0,0.0625,3|2,2,4,8,16
haggling_multi_item/cumulative_score,Multi-item: cumulative score,haggling_multi_item,exact-payoff (backbone-invariant),1000,psrl_notype,15,0.0,0.0,1,1,1.0,1.0,0.0625,3|2,2,4,8,16
haggling_multi_item/cumulative_score,Multi-item: cumulative score,haggling_multi_item,exact-payoff (backbone-invariant),1000,psrl_notype,16,0.0,0.0,1,1,1.0,1.0,0.0625,3|2,2,4,8,16
haggling_multi_item/cumulative_score,Multi-item: cumulative score,haggling_multi_item,exact-payoff (backbone-invariant),1000,psrl_notype,17,0.0,0.0,1,1,1.0,1.0,0.0625,3|2,2,4,8,16
haggling_multi_item/cumulative_score,Multi-item: cumulative score,haggling_multi_item,exact-payoff (backbone-invariant),1000,psrl_notype,18,0.0,0.0,1,1,1.0,1.0,0.0625,3|2,2,4,8,16
haggling_multi_item/cumulative_score,Multi-item: cumulative score,haggling_multi_item,exact-payoff (backbone-invariant),1000,psrl_notype,19,0.0,0.0,1,1,1.0,1.0,0.0625,3|2,2,4,8,16
haggling_multi_item/cumulative_score,Multi-item: cumulative score,haggling_multi_item,exact-payoff (backbone-invariant),1000,psrl_notype,20,0.0,0.0,1,1,1.0,1.0,0.0625,3|2,2,4,8,16
haggling_multi_item/cumulative_score,Multi-item: cumulative score,haggling_multi_item,exact-payoff (backbone-invariant),1000,map_type_greedy,1,0.0,0.0,1,1,1.0,1.0,0.7351862148280544,3|2,2,4,8,16
haggling_multi_item/cumulative_score,Multi-item: cumulative score,haggling_multi_item,exact-payoff (backbone-invariant),1000,map_type_greedy,2,0.0,0.0,1,1,1.0,1.0,0.8224630560734194,3|2,2,4,8,16
haggling_multi_item/cumulative_score,Multi-item: cumulative score,haggling_multi_item,exact-payoff (backbone-invariant),1000,map_type_greedy,3,0.0,0.0,1,1,1.0,1.0,0.888112772351402,3|2,2,4,8,16
haggling_multi_item/cumulative_score,Multi-item: cumulative score,haggling_multi_item,exact-payoff (backbone-invariant),1000,map_type_greedy,4,0.0,0.0,1,1,1.0,1.0,0.9343490607740932,3|2,2,4,8,16
haggling_multi_item/cumulative_score,Multi-item: cumulative score,haggling_multi_item,exact-payoff (backbone-invariant),1000,map_type_greedy,5,0.0,0.0,1,1,1.0,1.0,0.9632850528863528,3|2,2,4,8,16
haggling_multi_item/cumulative_score,Multi-item: cumulative score,haggling_multi_item,exact-payoff (backbone-invariant),1000,map_type_greedy,6,0.0,0.0,1,1,1.0,1.0,0.9800530383484265,3|2,2,4,8,16
haggling_multi_item/cumulative_score,Multi-item: cumulative score,haggling_multi_item,exact-payoff (backbone-invariant),1000,map_type_greedy,7,0.0,0.0,1,1,1.0,1.0,0.9893391840562753,3|2,2,4,8,16
haggling_multi_item/cumulative_score,Multi-item: cumulative score,haggling_multi_item,exact-payoff (backbone-invariant),1000,map_type_greedy,8,0.0,0.0,1,1,1.0,1.0,0.994353093068335,3|2,2,4,8,16
haggling_multi_item/cumulative_score,Multi-item: cumulative score,haggling_multi_item,exact-payoff (backbone-invariant),1000,map_type_greedy,9,0.0,0.0,1,1,1.0,1.0,0.9970232456452475,3|2,2,4,8,16
haggling_multi_item/cumulative_score,Multi-item: cumulative score,haggling_multi_item,exact-payoff (backbone-invariant),1000,map_type_greedy,10,0.0,0.0,1,1,1.0,1.0,0.9984348081331416,3|2,2,4,8,16
haggling_multi_item/cumulative_score,Multi-item: cumulative score,haggling_multi_item,exact-payoff (backbone-invariant),1000,map_type_greedy,11,0.0,0.0,1,1,1.0,1.0,0.9991781213791047,3|2,2,4,8,16
haggling_multi_item/cumulative_score,Multi-item: cumulative score,haggling_multi_item,exact-payoff (backbone-invariant),1000,map_type_greedy,12,0.0,0.0,1,1,1.0,1.0,0.9995687388689127,3|2,2,4,8,16
haggling_multi_item/cumulative_score,Multi-item: cumulative score,haggling_multi_item,exact-payoff (backbone-invariant),1000,map_type_greedy,13,0.0,0.0,1,1,1.0,1.0,0.9997737901757058,3|2,2,4,8,16
haggling_multi_item/cumulative_score,Multi-item: cumulative score,haggling_multi_item,exact-payoff (backbone-invariant),1000,map_type_greedy,14,0.0,0.0,1,1,1.0,1.0,0.9998813690908177,3|2,2,4,8,16
haggling_multi_item/cumulative_score,Multi-item: cumulative score,haggling_multi_item,exact-payoff (backbone-invariant),1000,map_type_greedy,15,0.0,0.0,1,1,1.0,1.0,0.9999377929224214,3|2,2,4,8,16
haggling_multi_item/cumulative_score,Multi-item: cumulative score,haggling_multi_item,exact-payoff (backbone-invariant),1000,map_type_greedy,16,0.0,0.0,1,1,1.0,1.0,0.9999673819176702,3|2,2,4,8,16
haggling_multi_item/cumulative_score,Multi-item: cumulative score,haggling_multi_item,exact-payoff (backbone-invariant),1000,map_type_greedy,17,0.0,0.0,1,1,1.0,1.0,0.9999828972942402,3|2,2,4,8,16
haggling_multi_item/cumulative_score,Multi-item: cumulative score,haggling_multi_item,exact-payoff (backbone-invariant),1000,map_type_greedy,18,0.0,0.0,1,1,1.0,1.0,0.9999910326357112,3|2,2,4,8,16
haggling_multi_item/cumulative_score,Multi-item: cumulative score,haggling_multi_item,exact-payoff (backbone-invariant),1000,map_type_greedy,19,0.0,0.0,1,1,1.0,1.0,0.9999952982293541,3|2,2,4,8,16
haggling_multi_item/cumulative_score,Multi-item: cumulative score,haggling_multi_item,exact-payoff (backbone-invariant),1000,map_type_greedy,20,0.0,0.0,1,1,1.0,1.0,0.9999975347764649,3|2,2,4,8,16
haggling_multi_item/cumulative_score,Multi-item: cumulative score,haggling_multi_item,exact-payoff (backbone-invariant),1000,econ_bne,1,0.4545454545454546,0.4545454545454546,5,1,0.5454545454545454,1.0,0.0625,3|2,2,4,8,16
haggling_multi_item/cumulative_score,Multi-item: cumulative score,haggling_multi_item,exact-payoff (backbone-invariant),1000,econ_bne,2,0.4545454545454546,0.9090909090909092,5,1,0.5454545454545454,1.0,0.0625,3|2,2,4,8,16
haggling_multi_item/cumulative_score,Multi-item: cumulative score,haggling_multi_item,exact-payoff (backbone-invariant),1000,econ_bne,3,0.4545454545454546,1.3636363636363638,5,1,0.5454545454545454,1.0,0.0625,3|2,2,4,8,16
haggling_multi_item/cumulative_score,Multi-item: cumulative score,haggling_multi_item,exact-payoff (backbone-invariant),1000,econ_bne,4,0.4545454545454546,1.8181818181818183,5,1,0.5454545454545454,1.0,0.0625,3|2,2,4,8,16
haggling_multi_item/cumulative_score,Multi-item: cumulative score,haggling_multi_item,exact-payoff (backbone-invariant),1000,econ_bne,5,0.4545454545454546,2.272727272727273,5,1,0.5454545454545454,1.0,0.0625,3|2,2,4,8,16
haggling_multi_item/cumulative_score,Multi-item: cumulative score,haggling_multi_item,exact-payoff (backbone-invariant),1000,econ_bne,6,0.4545454545454546,2.7272727272727275,5,1,0.5454545454545454,1.0,0.0625,3|2,2,4,8,16
haggling_multi_item/cumulative_score,Multi-item: cumulative score,haggling_multi_item,exact-payoff (backbone-invariant),1000,econ_bne,7,0.4545454545454546,3.181818181818182,5,1,0.5454545454545454,1.0,0.0625,3|2,2,4,8,16
haggling_multi_item/cumulative_score,Multi-item: cumulative score,haggling_multi_item,exact-payoff (backbone-invariant),1000,econ_bne,8,0.4545454545454546,3.6363636363636367,5,1,0.5454545454545454,1.0,0.0625,3|2,2,4,8,16
haggling_multi_item/cumulative_score,Multi-item: cumulative score,haggling_multi_item,exact-payoff (backbone-invariant),1000,econ_bne,9,0.4545454545454546,4.090909090909092,5,1,0.5454545454545454,1.0,0.0625,3|2,2,4,8,16
haggling_multi_item/cumulative_score,Multi-item: cumulative score,haggling_multi_item,exact-payoff (backbone-invariant),1000,econ_bne,10,0.4545454545454546,4.545454545454547,5,1,0.5454545454545454,1.0,0.0625,3|2,2,4,8,16
haggling_multi_item/cumulative_score,Multi-item: cumulative score,haggling_multi_item,exact-payoff (backbone-invariant),1000,econ_bne,11,0.4545454545454546,5.000000000000002,5,1,0.5454545454545454,1.0,0.0625,3|2,2,4,8,16
haggling_multi_item/cumulative_score,Multi-item: cumulative score,haggling_multi_item,exact-payoff (backbone-invariant),1000,econ_bne,12,0.4545454545454546,5.454545454545457,5,1,0.5454545454545454,1.0,0.0625,3|2,2,4,8,16
haggling_multi_item/cumulative_score,Multi-item: cumulative score,haggling_multi_item,exact-payoff (backbone-invariant),1000,econ_bne,13,0.4545454545454546,5.909090909090912,5,1,0.5454545454545454,1.0,0.0625,3|2,2,4,8,16
haggling_multi_item/cumulative_score,Multi-item: cumulative score,haggling_multi_item,exact-payoff (backbone-invariant),1000,econ_bne,14,0.4545454545454546,6.363636363636367,5,1,0.5454545454545454,1.0,0.0625,3|2,2,4,8,16
haggling_multi_item/cumulative_score,Multi-item: cumulative score,haggling_multi_item,exact-payoff (backbone-invariant),1000,econ_bne,15,0.4545454545454546,6.818181818181822,5,1,0.5454545454545454,1.0,0.0625,3|2,2,4,8,16
haggling_multi_item/cumulative_score,Multi-item: cumulative score,haggling_multi_item,exact-payoff (backbone-invariant),1000,econ_bne,16,0.4545454545454546,7.272727272727277,5,1,0.5454545454545454,1.0,0.0625,3|2,2,4,8,16
haggling_multi_item/cumulative_score,Multi-item: cumulative score,haggling_multi_item,exact-payoff (backbone-invariant),1000,econ_bne,17,0.4545454545454546,7.727272727272732,5,1,0.5454545454545454,1.0,0.0625,3|2,2,4,8,16
haggling_multi_item/cumulative_score,Multi-item: cumulative score,haggling_multi_item,exact-payoff (backbone-invariant),1000,econ_bne,18,0.4545454545454546,8.181818181818187,5,1,0.5454545454545454,1.0,0.0625,3|2,2,4,8,16
haggling_multi_item/cumulative_score,Multi-item: cumulative score,haggling_multi_item,exact-payoff (backbone-invariant),1000,econ_bne,19,0.4545454545454546,8.636363636363642,5,1,0.5454545454545454,1.0,0.0625,3|2,2,4,8,16
haggling_multi_item/cumulative_score,Multi-item: cumulative score,haggling_multi_item,exact-payoff (backbone-invariant),1000,econ_bne,20,0.4545454545454546,9.090909090909097,5,1,0.5454545454545454,1.0,0.0625,3|2,2,4,8,16
haggling_multi_item/cumulative_score,Multi-item: cumulative score,haggling_multi_item,exact-payoff (backbone-invariant),1000,atom_tom1,1,0.0,0.0,1,1,1.0,1.0,0.0625,3|2,2,4,8,16
haggling_multi_item/cumulative_score,Multi-item: cumulative score,haggling_multi_item,exact-payoff (backbone-invariant),1000,atom_tom1,2,0.0,0.0,1,1,1.0,1.0,0.0625,3|2,2,4,8,16
haggling_multi_item/cumulative_score,Multi-item: cumulative score,haggling_multi_item,exact-payoff (backbone-invariant),1000,atom_tom1,3,0.0,0.0,1,1,1.0,1.0,0.0625,3|2,2,4,8,16
haggling_multi_item/cumulative_score,Multi-item: cumulative score,haggling_multi_item,exact-payoff (backbone-invariant),1000,atom_tom1,4,0.0,0.0,1,1,1.0,1.0,0.0625,3|2,2,4,8,16
haggling_multi_item/cumulative_score,Multi-item: cumulative score,haggling_multi_item,exact-payoff (backbone-invariant),1000,atom_tom1,5,0.0,0.0,1,1,1.0,1.0,0.0625,3|2,2,4,8,16
haggling_multi_item/cumulative_score,Multi-item: cumulative score,haggling_multi_item,exact-payoff (backbone-invariant),1000,atom_tom1,6,0.0,0.0,1,1,1.0,1.0,0.0625,3|2,2,4,8,16
haggling_multi_item/cumulative_score,Multi-item: cumulative score,haggling_multi_item,exact-payoff (backbone-invariant),1000,atom_tom1,7,0.0,0.0,1,1,1.0,1.0,0.0625,3|2,2,4,8,16
haggling_multi_item/cumulative_score,Multi-item: cumulative score,haggling_multi_item,exact-payoff (backbone-invariant),1000,atom_tom1,8,0.0,0.0,1,1,1.0,1.0,0.0625,3|2,2,4,8,16
haggling_multi_item/cumulative_score,Multi-item: cumulative score,haggling_multi_item,exact-payoff (backbone-invariant),1000,atom_tom1,9,0.0,0.0,1,1,1.0,1.0,0.0625,3|2,2,4,8,16
haggling_multi_item/cumulative_score,Multi-item: cumulative score,haggling_multi_item,exact-payoff (backbone-invariant),1000,atom_tom1,10,0.0,0.0,1,1,1.0,1.0,0.0625,3|2,2,4,8,16
haggling_multi_item/cumulative_score,Multi-item: cumulative score,haggling_multi_item,exact-payoff (backbone-invariant),1000,atom_tom1,11,0.0,0.0,1,1,1.0,1.0,0.0625,3|2,2,4,8,16
haggling_multi_item/cumulative_score,Multi-item: cumulative score,haggling_multi_item,exact-payoff (backbone-invariant),1000,atom_tom1,12,0.0,0.0,1,1,1.0,1.0,0.0625,3|2,2,4,8,16
haggling_multi_item/cumulative_score,Multi-item: cumulative score,haggling_multi_item,exact-payoff (backbone-invariant),1000,atom_tom1,13,0.0,0.0,1,1,1.0,1.0,0.0625,3|2,2,4,8,16
haggling_multi_item/cumulative_score,Multi-item: cumulative score,haggling_multi_item,exact-payoff (backbone-invariant),1000,atom_tom1,14,0.0,0.0,1,1,1.0,1.0,0.0625,3|2,2,4,8,16
haggling_multi_item/cumulative_score,Multi-item: cumulative score,haggling_multi_item,exact-payoff (backbone-invariant),1000,atom_tom1,15,0.0,0.0,1,1,1.0,1.0,0.0625,3|2,2,4,8,16
haggling_multi_item/cumulative_score,Multi-item: cumulative score,haggling_multi_item,exact-payoff (backbone-invariant),1000,atom_tom1,16,0.0,0.0,1,1,1.0,1.0,0.0625,3|2,2,4,8,16
haggling_multi_item/cumulative_score,Multi-item: cumulative score,haggling_multi_item,exact-payoff (backbone-invariant),1000,atom_tom1,17,0.0,0.0,1,1,1.0,1.0,0.0625,3|2,2,4,8,16
haggling_multi_item/cumulative_score,Multi-item: cumulative score,haggling_multi_item,exact-payoff (backbone-invariant),1000,atom_tom1,18,0.0,0.0,1,1,1.0,1.0,0.0625,3|2,2,4,8,16
haggling_multi_item/cumulative_score,Multi-item: cumulative score,haggling_multi_item,exact-payoff (backbone-invariant),1000,atom_tom1,19,0.0,0.0,1,1,1.0,1.0,0.0625,3|2,2,4,8,16
haggling_multi_item/cumulative_score,Multi-item: cumulative score,haggling_multi_item,exact-payoff (backbone-invariant),1000,atom_tom1,20,0.0,0.0,1,1,1.0,1.0,0.0625,3|2,2,4,8,16
haggling_multi_item/cumulative_score,Multi-item: cumulative score,haggling_multi_item,exact-payoff (backbone-invariant),1000,random,1,0.2272727272727274,0.2272727272727274,3,1,0.7727272727272726,1.0,0.0625,3|2,2,4,8,16
haggling_multi_item/cumulative_score,Multi-item: cumulative score,haggling_multi_item,exact-payoff (backbone-invariant),1000,random,2,0.4545454545454546,0.681818181818182,5,1,0.5454545454545454,1.0,0.0625,3|2,2,4,8,16
haggling_multi_item/cumulative_score,Multi-item: cumulative score,haggling_multi_item,exact-payoff (backbone-invariant),1000,random,3,0.9090909090909091,1.590909090909091,8,1,0.09090909090909091,1.0,0.0625,3|2,2,4,8,16
haggling_multi_item/cumulative_score,Multi-item: cumulative score,haggling_multi_item,exact-payoff (backbone-invariant),1000,random,4,0.6818181818181819,2.272727272727273,7,1,0.3181818181818181,1.0,0.0625,3|2,2,4,8,16
haggling_multi_item/cumulative_score,Multi-item: cumulative score,haggling_multi_item,exact-payoff (backbone-invariant),1000,random,5,0.9090909090909091,3.181818181818182,6,1,0.09090909090909091,1.0,0.0625,3|2,2,4,8,16
haggling_multi_item/cumulative_score,Multi-item: cumulative score,haggling_multi_item,exact-payoff (backbone-invariant),1000,random,6,0.6818181818181819,3.863636363636364,7,1,0.3181818181818181,1.0,0.0625,3|2,2,4,8,16
haggling_multi_item/cumulative_score,Multi-item: cumulative score,haggling_multi_item,exact-payoff (backbone-invariant),1000,random,7,0.9090909090909091,4.772727272727273,0,1,0.09090909090909091,1.0,0.0625,3|2,2,4,8,16
haggling_multi_item/cumulative_score,Multi-item: cumulative score,haggling_multi_item,exact-payoff (backbone-invariant),1000,random,8,0.9090909090909091,5.6818181818181825,8,1,0.09090909090909091,1.0,0.0625,3|2,2,4,8,16
haggling_multi_item/cumulative_score,Multi-item: cumulative score,haggling_multi_item,exact-payoff (backbone-invariant),1000,random,9,0.9090909090909091,6.590909090909092,6,1,0.09090909090909091,1.0,0.0625,3|2,2,4,8,16
haggling_multi_item/cumulative_score,Multi-item: cumulative score,haggling_multi_item,exact-payoff (backbone-invariant),1000,random,10,0.9090909090909091,7.500000000000001,2,1,0.09090909090909091,1.0,0.0625,3|2,2,4,8,16
haggling_multi_item/cumulative_score,Multi-item: cumulative score,haggling_multi_item,exact-payoff (backbone-invariant),1000,random,11,0.9090909090909091,8.40909090909091,4,1,0.09090909090909091,1.0,0.0625,3|2,2,4,8,16
haggling_multi_item/cumulative_score,Multi-item: cumulative score,haggling_multi_item,exact-payoff (backbone-invariant),1000,random,12,0.9090909090909091,9.318181818181818,4,1,0.09090909090909091,1.0,0.0625,3|2,2,4,8,16
haggling_multi_item/cumulative_score,Multi-item: cumulative score,haggling_multi_item,exact-payoff (backbone-invariant),1000,random,13,0.9090909090909091,10.227272727272727,4,1,0.09090909090909091,1.0,0.0625,3|2,2,4,8,16
haggling_multi_item/cumulative_score,Multi-item: cumulative score,haggling_multi_item,exact-payoff (backbone-invariant),1000,random,14,0.9090909090909091,11.136363636363635,8,1,0.09090909090909091,1.0,0.0625,3|2,2,4,8,16
haggling_multi_item/cumulative_score,Multi-item: cumulative score,haggling_multi_item,exact-payoff (backbone-invariant),1000,random,15,0.9090909090909091,12.045454545454543,9,1,0.09090909090909091,1.0,0.0625,3|2,2,4,8,16
haggling_multi_item/cumulative_score,Multi-item: cumulative score,haggling_multi_item,exact-payoff (backbone-invariant),1000,random,16,0.9090909090909091,12.954545454545451,6,1,0.09090909090909091,1.0,0.0625,3|2,2,4,8,16
haggling_multi_item/cumulative_score,Multi-item: cumulative score,haggling_multi_item,exact-payoff (backbone-invariant),1000,random,17,0.9090909090909091,13.86363636363636,4,1,0.09090909090909091,1.0,0.0625,3|2,2,4,8,16
haggling_multi_item/cumulative_score,Multi-item: cumulative score,haggling_multi_item,exact-payoff (backbone-invariant),1000,random,18,0.9090909090909091,14.772727272727268,8,1,0.09090909090909091,1.0,0.0625,3|2,2,4,8,16
haggling_multi_item/cumulative_score,Multi-item: cumulative score,haggling_multi_item,exact-payoff (backbone-invariant),1000,random,19,0.9090909090909091,15.681818181818176,9,1,0.09090909090909091,1.0,0.0625,3|2,2,4,8,16
haggling_multi_item/cumulative_score,Multi-item: cumulative score,haggling_multi_item,exact-payoff (backbone-invariant),1000,random,20,0.0,15.681818181818176,1,1,1.0,1.0,0.0625,3|2,2,4,8,16
