category,package_path,source_path,bytes,sha256
data,data/analysis/E2_external_llm_baselines_DeepSeek_V3_2_c19_K20_s3_summary.md,analysis/E2_external_llm_baselines_DeepSeek_V3_2_c19_K20_s3_summary.md,711,80c355da43a6149d25caaa11d44d022345f386aa3122d3ebb41034e4137a5245
data,data/analysis/E2_external_llm_baselines_DeepSeek_V3_2_c19_K20_s5_summary.md,analysis/E2_external_llm_baselines_DeepSeek_V3_2_c19_K20_s5_summary.md,711,461c753bcfa5669655af15b625846fd4aadaf0409a6907606f220b961337f542
data,data/analysis/E2_external_llm_baselines_Kimi_K2_6_c19_K20_s5_summary.md,analysis/E2_external_llm_baselines_Kimi_K2_6_c19_K20_s5_summary.md,704,db9a55e9ba0e7c7d1b7f969248937fa4411a55b3c076cbc25e2624689a87667b
data,data/analysis/E2_external_llm_baselines_Llama_4_Maverick_17B_128E_Instruct_FP8_c19_K20_s5_summary.md,analysis/E2_external_llm_baselines_Llama_4_Maverick_17B_128E_Instruct_FP8_c19_K20_s5_summary.md,760,acb30f8da13c6aa350d1490323f06703bec80179fec7e3c96dd0dc4530a5716f
data,data/analysis/E2_external_llm_baselines_gpt_5_4_nano_20260317_c19_K20_s5_summary.md,analysis/E2_external_llm_baselines_gpt_5_4_nano_20260317_c19_K20_s5_summary.md,727,8fa798276d9097313484e5cb29ec906195806528b4952b63f075a893a37425f7
data,data/analysis/E2_native_vs_llm_baselines_stats.md,analysis/E2_native_vs_llm_baselines_stats.md,2531,4d723258abce3b8cb890d144afd0b7bff82640eab512ec718966c4e7ec393b47
data,data/analysis/E2_native_vs_llm_baselines_stats_preview_s3.md,analysis/E2_native_vs_llm_baselines_stats_preview_s3.md,2533,adf13e898db9fe5d708552a7029feb0b0fd8b75a5e9e0dbef3cd17eabcefe11e
data,data/analysis/E5_cross_model_per_episode_cumulative_regret_data_20260518.md,analysis/E5_cross_model_per_episode_cumulative_regret_data_20260518.md,18082,c68662a642342de2cc356ff110f67994ffad144bd4d7eb946b6375cbe7979c23
data,data/analysis/aaai27_review/PACT_AAAI27_REVIEWER_EXPERIMENTS.md,analysis/aaai27_review/PACT_AAAI27_REVIEWER_EXPERIMENTS.md,24671,c0e7c5d43988d86c59f2eddf047f62e29b188d7decf24de8f66ef5a918b6e120
data,data/analysis/aaai27_review/e_r0_maassim_per_seed.csv,analysis/aaai27_review/e_r0_maassim_per_seed.csv,8007,8ea5b8f19b313f9f991646f3d7febe27830e26923aeaf244b6a304e082a88017
data,data/analysis/aaai27_review/e_r1_noise_analytic_mixed.csv,analysis/aaai27_review/e_r1_noise_analytic_mixed.csv,1024326,9f61cbd582eba2a693a1e3341f91d8e02aa0cf8b5132eb14f25fcf67f72da5a6
data,data/analysis/aaai27_review/e_r2_expansion_analytic_mixed.csv,analysis/aaai27_review/e_r2_expansion_analytic_mixed.csv,3790,f1a8801dd3c93bfea08856d2b3bf4a9b8e4eb078aacd0bc041a047d582725e61
data,data/analysis/aaai27_review/e_r2_loo_analytic_mixed.csv,analysis/aaai27_review/e_r2_loo_analytic_mixed.csv,23617,999be7e3c265be69293e26a82a21cd990440de4f871dae73eb0f1801ca841ba0
data,data/analysis/aaai27_review/e_r3_menu_corruption.csv,analysis/aaai27_review/e_r3_menu_corruption.csv,62643,d176b44fb994353276bd736817715e8b91b097ec9e89ea102a306ea5e546b24d
data,data/analysis/aaai27_review/e_r3_raw/p0p0_r0.json,analysis/aaai27_review/e_r3_raw/p0p0_r0.json,215309,4defc391e9f9aac48ff3b98c4ab3275e0e88c13475490425cda0885627cb5f1d
data,data/analysis/aaai27_review/e_r3_raw/p0p0_r1.json,analysis/aaai27_review/e_r3_raw/p0p0_r1.json,211279,45b688fffca96ebe08e29751f35c863361a297f86f178e6f492dbb2293900913
data,data/analysis/aaai27_review/e_r3_raw/p0p0_r2.json,analysis/aaai27_review/e_r3_raw/p0p0_r2.json,214143,9a500c8844dddb216b072252dda351e9759d1ca31a2032b93a128700122375a0
data,data/analysis/aaai27_review/e_r3_raw/p0p0_r3.json,analysis/aaai27_review/e_r3_raw/p0p0_r3.json,213644,fc342b74e6ebbfaad741ec1b3c357312f2871041d7d161b9d4ae35f843f2abc0
data,data/analysis/aaai27_review/e_r3_raw/p0p1_r0.json,analysis/aaai27_review/e_r3_raw/p0p1_r0.json,214317,ae645fb8aea03f35ed78a7951e1e86831cc066d076b4c87873805112bc33e16d
data,data/analysis/aaai27_review/e_r3_raw/p0p1_r1.json,analysis/aaai27_review/e_r3_raw/p0p1_r1.json,214087,64e015dcd8794d418b59054206b32e49a3ba78391fec6ea1edac062cfc554c8b
data,data/analysis/aaai27_review/e_r3_raw/p0p1_r2.json,analysis/aaai27_review/e_r3_raw/p0p1_r2.json,212886,a25ac971d21a3c049df3bf8c84e967ea0e5c38da22e6a04452ccac7d76c8820d
data,data/analysis/aaai27_review/e_r3_raw/p0p1_r3.json,analysis/aaai27_review/e_r3_raw/p0p1_r3.json,210970,6e2177072e78ebd848a944ab99e55ae0179ea0886cb306406b85f0f99ed35107
data,data/analysis/aaai27_review/e_r3_raw/p0p2_r0.json,analysis/aaai27_review/e_r3_raw/p0p2_r0.json,213854,2f767ab5ac8e12b16d046aece39ef7e5238e4b5d5520d783ec0004857ae0f3ee
data,data/analysis/aaai27_review/e_r3_raw/p0p2_r1.json,analysis/aaai27_review/e_r3_raw/p0p2_r1.json,214868,691dca8206f8fe157a75d933cfc3c2b18bf08dd0e6192db81ca4e4ee178bcdb3
data,data/analysis/aaai27_review/e_r3_raw/p0p2_r2.json,analysis/aaai27_review/e_r3_raw/p0p2_r2.json,212927,5022f83cebe3873c344cdab31b39237e108c3e72ffb3bc8569a1ff3fb2807d19
data,data/analysis/aaai27_review/e_r3_raw/p0p2_r3.json,analysis/aaai27_review/e_r3_raw/p0p2_r3.json,214125,4ed375dc181e6dc0fd4446937f0508cd5601000fb475eb754a8dae86dae846d3
data,data/analysis/aaai27_review/e_r3_raw/p0p3_r0.json,analysis/aaai27_review/e_r3_raw/p0p3_r0.json,211513,b34e37eec3820cbf2ed2bb422aedcef88f5ec7d8e522fbc03ec45af1d30415db
data,data/analysis/aaai27_review/e_r3_raw/p0p3_r1.json,analysis/aaai27_review/e_r3_raw/p0p3_r1.json,213190,64b51153419a43b3ef80889d303a4391266b6b0a260762a69a359195642faf87
data,data/analysis/aaai27_review/e_r3_raw/p0p3_r2.json,analysis/aaai27_review/e_r3_raw/p0p3_r2.json,212080,2c6abde2136590bef73b9e7242c570047175eef4ba0f70d3a2001ab6f9a64e56
data,data/analysis/aaai27_review/e_r3_raw/p0p3_r3.json,analysis/aaai27_review/e_r3_raw/p0p3_r3.json,214741,f9c4a0b2118da14f477be50aa29f6ff0d98cb16376baf8cc94fcc85f3fd58c36
data,data/analysis/aaai27_review/e_r4_planner_concordia.csv,analysis/aaai27_review/e_r4_planner_concordia.csv,6805,052e6c0b3a06d88855f7824d4afc629074b8e0d8409911a386039932f5883aa0
data,data/analysis/all_numeric_results.md,analysis/all_numeric_results.md,122469,bbb5f29e98ca653726001ee7d3838186e55c78a281087191e087bbc336186230
data,data/analysis/baseline_implementation_audit.md,analysis/baseline_implementation_audit.md,8563,f0c09a514155eecb35dd7e0fa64f0da98faf258b821ecd8c4e6f958df8ae9f96
data,data/analysis/concordia_compact_action_diagnostics.md,analysis/concordia_compact_action_diagnostics.md,5608,3e3c66a6b32a162014f9b0db6b12abae78afae2b77cbd030a95e82c41031e0d9
data,data/analysis/concordia_compact_margin_summary.md,analysis/concordia_compact_margin_summary.md,1949,a1d94d86838c1450d4267332acbd891e74d25efdceb5434a238a98095544a392
data,data/analysis/concordia_haggling_compact_fruitville_gullible_s30.md,analysis/concordia_haggling_compact_fruitville_gullible_s30.md,1419,005bd02c63ba88b7f2d1541adc51d07bed4014da793cdeb1e22002b42165c2ab
data,data/analysis/concordia_haggling_compact_fruitville_s30.md,analysis/concordia_haggling_compact_fruitville_s30.md,1411,f1b1bee0394be3e2a3870ee7a418268c5eaec62174bf7b243a67af93f042621f
data,data/analysis/concordia_haggling_compact_vegbrooke_s30.md,analysis/concordia_haggling_compact_vegbrooke_s30.md,1411,52c23d8a490cc0a9292f1a0b141f29c2544f6fc1ab8517a509c330a0fbbf43b8
data,data/analysis/concordia_haggling_compact_vegbrooke_strange_game_s30.md,analysis/concordia_haggling_compact_vegbrooke_strange_game_s30.md,1428,55d322e919649de0be616928a1fd7a90d63536e140cc77cd53e774328e2f1082
data,data/analysis/concordia_haggling_compact_vegbrooke_stubborn_s30.md,analysis/concordia_haggling_compact_vegbrooke_stubborn_s30.md,1421,88cbee8a147aaed47062e6777e173655ab853211469b9450ce09b89dcaf4f28f
data,data/analysis/concordia_haggling_margin_summary.md,analysis/concordia_haggling_margin_summary.md,2350,235dc143680fca107379daf13d872ce18566f292bacdeedd88fed37cc273e372
data,data/analysis/concordia_haggling_multi_item_compact_cumulative_score_s30.md,analysis/concordia_haggling_multi_item_compact_cumulative_score_s30.md,1427,8e9ed47b53a5c13a148fb8d95becc31e84eb4b9ef4fcfa0e2eaff4f9f4038835
data,data/analysis/concordia_haggling_multi_item_compact_fruitville_gullible_s30.md,analysis/concordia_haggling_multi_item_compact_fruitville_gullible_s30.md,1431,2a353e45cc7f0a59fe87fa2f21ca7399d8b98cceb051f56cbc05fc24ea686b45
data,data/analysis/concordia_haggling_multi_item_compact_fruitville_multi_s30.md,analysis/concordia_haggling_multi_item_compact_fruitville_multi_s30.md,1429,5d50e95a1cd852b202b2392c7211b68085390d5f7d4430070c35b4830ed165c5
data,data/analysis/concordia_haggling_multi_item_compact_vegbrooke_s30.md,analysis/concordia_haggling_multi_item_compact_vegbrooke_s30.md,1422,a88eebd3c0fbe8ff76dbe1f1ef14f08bde9454bfbc0d503cb89785f0a143eca0
data,data/analysis/concordia_pub_coordination_compact_DeepSeek_V3_2_live_s2.md,analysis/concordia_pub_coordination_compact_DeepSeek_V3_2_live_s2.md,602,017c4523ec76e91cceb05f52542446d89d2a00030fe2d6ddf54217c833ad52d8
data,data/analysis/concordia_pub_coordination_compact_DeepSeek_V3_2_live_s3_seed2_4.md,analysis/concordia_pub_coordination_compact_DeepSeek_V3_2_live_s3_seed2_4.md,605,b1b782898dd06ee4154b36dccf047a3e89b4cf405180454ebf100d903b48d8fa
data,data/analysis/concordia_pub_coordination_compact_DeepSeek_V3_2_live_s5.md,analysis/concordia_pub_coordination_compact_DeepSeek_V3_2_live_s5.md,611,9293d6fc8b1bb79084d4b5f2ec99e2213d41c52a992d4966024890f94dcaf69e
data,data/analysis/concordia_pub_coordination_compact_Llama_4_Maverick_17B_128E_Instruct_FP8_live_s2.md,analysis/concordia_pub_coordination_compact_Llama_4_Maverick_17B_128E_Instruct_FP8_live_s2.md,1778,c0c19c2ae9ab7b9550a2071fd614c0a88693c26b0833344ea849b819c387f9d9
data,data/analysis/concordia_pub_coordination_compact_Llama_4_Maverick_17B_128E_Instruct_FP8_live_s3_seed2_4.md,analysis/concordia_pub_coordination_compact_Llama_4_Maverick_17B_128E_Instruct_FP8_live_s3_seed2_4.md,1781,ca03157ab8b646ef98a4ccb5130a7a0234720660c1b43c6a7032aea33230bcd1
data,data/analysis/concordia_pub_coordination_compact_Llama_4_Maverick_17B_128E_Instruct_FP8_live_s5.md,analysis/concordia_pub_coordination_compact_Llama_4_Maverick_17B_128E_Instruct_FP8_live_s5.md,823,df6a3079a8b5fdbed5f04e92bd5a33bc8dadceedee1ead15da9b5c1ac10c2fc0
data,data/analysis/concordia_pub_coordination_compact_capetown_mechanistic_joint_s100.md,analysis/concordia_pub_coordination_compact_capetown_mechanistic_joint_s100.md,1561,0e0adf0c0efdc98ed705cc194d8fdb9426713931c8e9ead0f559851fbbc97bc3
data,data/analysis/concordia_pub_coordination_compact_capetown_mechanistic_joint_s30.md,analysis/concordia_pub_coordination_compact_capetown_mechanistic_joint_s30.md,1276,026b80a92898687b59265ab4dcedc939de989a2635fd05c94ecfc8e3529b035a
data,data/analysis/concordia_pub_coordination_compact_edinburgh_closures_mechanistic_joint_s30.md,analysis/concordia_pub_coordination_compact_edinburgh_closures_mechanistic_joint_s30.md,1286,b0371c5ca8a9fcaf83afe20bb003a627da540081d2965f9ad0ca1ec9b577f6b1
data,data/analysis/concordia_pub_coordination_compact_edinburgh_mechanistic_joint_s30.md,analysis/concordia_pub_coordination_compact_edinburgh_mechanistic_joint_s30.md,1277,edab059a7fc29974df3ed7f525638d64e6a567f8c4fb85c29b63b8d7220b0d7b
data,data/analysis/concordia_pub_coordination_compact_edinburgh_tough_friendship_mechanistic_joint_s30.md,analysis/concordia_pub_coordination_compact_edinburgh_tough_friendship_mechanistic_joint_s30.md,1294,cdcb827391f0c0e92f77af7b40e04ff07715d42fde3d960d8e206337be9cb562
data,data/analysis/concordia_pub_coordination_compact_gpt_5_4_nano_20260317_live_s2.md,analysis/concordia_pub_coordination_compact_gpt_5_4_nano_20260317_live_s2.md,1761,b31e1cef2404405fa59481059bf687cefeb76a716040d91838dd312f07afb05c
data,data/analysis/concordia_pub_coordination_compact_gpt_5_4_nano_20260317_live_s3_seed2_4.md,analysis/concordia_pub_coordination_compact_gpt_5_4_nano_20260317_live_s3_seed2_4.md,1764,53a448b330909b0f7198ed31a2afd14f162f5e122fa2e11058f99c35a597ea50
data,data/analysis/concordia_pub_coordination_compact_gpt_5_4_nano_20260317_live_s5.md,analysis/concordia_pub_coordination_compact_gpt_5_4_nano_20260317_live_s5.md,806,66d42ae682a4e9c9e7344a8a8cc8eea1309833a5bad69d47975056f18533a89b
data,data/analysis/concordia_pub_coordination_compact_london_closures_mechanistic_joint_s30.md,analysis/concordia_pub_coordination_compact_london_closures_mechanistic_joint_s30.md,1283,cff9bf4b72589e1e1fae2503ca1a72d9091d0cdaaaadd3fb1aa2aa0185a11b48
data,data/analysis/concordia_pub_coordination_compact_london_mechanistic_joint_s30.md,analysis/concordia_pub_coordination_compact_london_mechanistic_joint_s30.md,1274,73ebadf2b9ef6b0f9d217a26efca7d2fb1090ceedd0d2d32b6c08ceb29fba9ec
data,data/analysis/concordia_pub_coordination_compact_london_mini_mechanistic_joint_s30.md,analysis/concordia_pub_coordination_compact_london_mini_mechanistic_joint_s30.md,1279,c29c9a5c7278bdc41bae5120ef1313f7b44fe51a1cd96400f083767c4939a5be
data,data/analysis/concordia_pub_coordination_compact_mechanistic_joint_s5.md,analysis/concordia_pub_coordination_compact_mechanistic_joint_s5.md,1179,d1823d406e0d9f7bea2549eac972af91c5122d5ffd4ad552fc395198bdd4cff4
data,data/analysis/concordia_pub_coordination_compact_mechanistic_s5.md,analysis/concordia_pub_coordination_compact_mechanistic_s5.md,500,6d472cedcbf873c413b1f99f08d652d753d2e5715ed749e1836d9e704778bca2
data,data/analysis/concordia_pub_coordination_compact_offline.md,analysis/concordia_pub_coordination_compact_offline.md,596,ed7a4d4fd5e4c0a88580c7898d946d681b8556c724ec65ddf199c38cd28581be
data,data/analysis/concordia_validation_notes_20260517.md,analysis/concordia_validation_notes_20260517.md,14080,9027f86ae95f11daf0d26c89ddb14e081497753cee1527f855693e3698bd23ce
data,data/analysis/courier_dispatch/README.md,analysis/courier_dispatch/README.md,28811,ca2aee54a23ad627a0ae1e576828a1bc8bfde8a73fa52a4cbe4b8ba0c09bd163
data,data/analysis/courier_dispatch/courier_dispatch_live_llm_s1h8_allmodels_summary.csv,analysis/courier_dispatch/courier_dispatch_live_llm_s1h8_allmodels_summary.csv,7684,ff1cf6861db7a147fc2c030b3921185fa29635da38b7aa6260467a6a95ea224b
data,data/analysis/courier_dispatch/courier_dispatch_live_llm_s5h24_allmodels_allbaselines_liveonly_summary.csv,analysis/courier_dispatch/courier_dispatch_live_llm_s5h24_allmodels_allbaselines_liveonly_summary.csv,3356,cb0df66e40ec5b3d5c13f2b9a382c0cdfd84fb291607b03a39199fc0ac8f64cb
data,data/analysis/courier_dispatch/courier_dispatch_live_llm_s5h8_allmodels_allbaselines_summary.csv,analysis/courier_dispatch/courier_dispatch_live_llm_s5h8_allmodels_allbaselines_summary.csv,9563,483e41071c40073a0e4ce0d2563e9bfe4303716c1fd9f4b802159813d40520cf
data,data/analysis/courier_dispatch/courier_dispatch_live_llm_s5h8_allmodels_summary.csv,analysis/courier_dispatch/courier_dispatch_live_llm_s5h8_allmodels_summary.csv,7556,7fc4c6323a8163f1a56a17dc72bbae5fe93d6e3ec6d6e08b4f21b434993ef16c
data,data/analysis/courier_dispatch/courier_dispatch_llm_driver_gpt54mini_h2_smoke_summary.csv,analysis/courier_dispatch/courier_dispatch_llm_driver_gpt54mini_h2_smoke_summary.csv,628,fdf6737e9ddad8716ec4879284572a7b1984c01c1230dad9f35a99eb65516697
data,data/analysis/courier_dispatch/courier_dispatch_llm_driver_gpt54mini_h2_smoke_summary.json,analysis/courier_dispatch/courier_dispatch_llm_driver_gpt54mini_h2_smoke_summary.json,7698,f5220e5af1e8f9291d4d2a933cbe8538843763d6b282d0e48311c019afe66d69
data,data/analysis/courier_dispatch/courier_dispatch_llm_driver_h2_allmodels_smoke_summary.csv,analysis/courier_dispatch/courier_dispatch_llm_driver_h2_allmodels_smoke_summary.csv,1903,6bdbce7f821b52d4ff424d924cbe96d6bf443efad35595c24e015cac20276058
data,data/analysis/courier_dispatch/courier_dispatch_llm_driver_h2_allmodels_smoke_summary.json,analysis/courier_dispatch/courier_dispatch_llm_driver_h2_allmodels_smoke_summary.json,28422,319e64076b3eaa6a18f69e5f5a5e5fdd918b833a911c87885cecb19fe04c93e7
data,data/analysis/courier_dispatch/courier_dispatch_s5_summary.json,analysis/courier_dispatch/courier_dispatch_s5_summary.json,10149,a14530a846af42ef57ef59610ef686c336f79c1398b2598ab2f44151da2e250d
data,data/analysis/courier_dispatch/courier_dispatch_summary.json,analysis/courier_dispatch/courier_dispatch_summary.json,10174,b82eaf829b44bdd76e733147f70e00d34a640a081eb579eea4040e8ca58f4259
data,data/analysis/courier_dispatch_maassim/maassim_batch_controlled_synthetic_baseline_summary.csv,analysis/courier_dispatch_maassim/maassim_batch_controlled_synthetic_baseline_summary.csv,1549,bebbfc9a4392d0016206df93603f3bf0fc782e9892ef570fc37acbd2df28bb9b
data,data/analysis/courier_dispatch_maassim/maassim_batch_controlled_synthetic_baseline_summary.md,analysis/courier_dispatch_maassim/maassim_batch_controlled_synthetic_baseline_summary.md,1124,97d0ecdff1c881cd1710a4041dcbf345c0a514009dd92ca4aba4a16e66a663d0
data,data/analysis/courier_dispatch_maassim/maassim_common_state_replay_summary.csv,analysis/courier_dispatch_maassim/maassim_common_state_replay_summary.csv,2796,57e8d52d901a861ee682da28c71ddc1ab550a9f064c016d4792f183e81059be5
data,data/analysis/courier_dispatch_maassim/maassim_common_state_replay_summary.md,analysis/courier_dispatch_maassim/maassim_common_state_replay_summary.md,831,2cedcec74846d33817435011a0bc94f6eecc26b03fa84634e34695c5aa95cb25
data,data/analysis/courier_dispatch_maassim/maassim_controlled_synthetic_baseline_summary.csv,analysis/courier_dispatch_maassim/maassim_controlled_synthetic_baseline_summary.csv,1743,9b2b88a6d32003f0a7daa6caeb228ba761d459af500b882ff2e224a8ed56e6e6
data,data/analysis/courier_dispatch_maassim/maassim_controlled_synthetic_baseline_summary.md,analysis/courier_dispatch_maassim/maassim_controlled_synthetic_baseline_summary.md,1329,70d536e2c2730b258266500a77f2e8f8cbb1f806d64ac7251364843ab10275f3
data,data/analysis/courier_dispatch_maassim/maassim_experiment_figures_index.md,analysis/courier_dispatch_maassim/maassim_experiment_figures_index.md,2309,ae29c7ca4e58e3ed364d74ca2b34ea76b4499dc1b54b295019e7c9c5cd31d247
data,data/analysis/courier_dispatch_maassim/maassim_kpi_calibration_sweep.csv,analysis/courier_dispatch_maassim/maassim_kpi_calibration_sweep.csv,4653,07db54f933221d05dad34fd56c52035e5cdb1450afcfa5a3a595c91bee83c392
data,data/analysis/courier_dispatch_maassim/maassim_kpi_calibration_sweep.md,analysis/courier_dispatch_maassim/maassim_kpi_calibration_sweep.md,1863,3001909d58f461cac19e47688213b5a32170807c4da06bf0f71fc77c6b7eb8a7
data,data/analysis/courier_dispatch_maassim/maassim_llm_atom_baseline_comparison.md,analysis/courier_dispatch_maassim/maassim_llm_atom_baseline_comparison.md,1543,4baf5bea99c8f82bd61a6989322385c7bfa2a66989c139429e7908e82626f89b
data,data/analysis/courier_dispatch_maassim/maassim_llm_atom_baselines_s1_m8.md,analysis/courier_dispatch_maassim/maassim_llm_atom_baselines_s1_m8.md,1311,c7e88386db4627f825ef9c5a85f06f21e3b788f8347cedad7dc12afc9f92f18d
data,data/analysis/courier_dispatch_maassim/maassim_llm_atom_baselines_s2_m12.md,analysis/courier_dispatch_maassim/maassim_llm_atom_baselines_s2_m12.md,1308,3a0c28a650cb30d77d355fd7d5a5962ec8abba47b32db0d6b50adef369dd1473
data,data/analysis/courier_dispatch_maassim/maassim_llm_atom_core_s5_m20.md,analysis/courier_dispatch_maassim/maassim_llm_atom_core_s5_m20.md,1233,4a9526da9f528ea130660547a92034e3b398835cb104b2fe3256c52984def55e
data,data/analysis/courier_dispatch_maassim/maassim_llm_atom_stress_s5_m20.md,analysis/courier_dispatch_maassim/maassim_llm_atom_stress_s5_m20.md,1233,eeef7dcba7409ce069b50ee90a513d0b2e31c8742cd939f89a94bc68bb820ec2
data,data/analysis/courier_dispatch_maassim/maassim_llm_prompt_stress_comparison.md,analysis/courier_dispatch_maassim/maassim_llm_prompt_stress_comparison.md,1809,02250ac7b57da06c184d9bd4105d03b2f9ab12819f66eb98aefb4813e588481a
data,data/analysis/courier_dispatch_maassim/maassim_llm_prompt_stress_econ_s5_m20.md,analysis/courier_dispatch_maassim/maassim_llm_prompt_stress_econ_s5_m20.md,704,c0c224c994b5c36b13250028e8bbb6b73e5c3faf7b71b50ed74b5bd908001f18
data,data/analysis/courier_dispatch_maassim/maassim_llm_prompt_stress_noecon_s5_m20.md,analysis/courier_dispatch_maassim/maassim_llm_prompt_stress_noecon_s5_m20.md,1326,08a1b8f5c98fb2e68c8945065bbcd29f9db16b2c9fba64e2d01d48f33f33255f
data,data/analysis/courier_dispatch_maassim/maassim_llm_prompt_stress_s5_m20.md,analysis/courier_dispatch_maassim/maassim_llm_prompt_stress_s5_m20.md,1418,d3d5eee735eeb7015ce74de6bc6e3a921701c92a3bc0f1a5ce37fa635eea117d
data,data/analysis/courier_dispatch_maassim/maassim_llm_prompt_variant_comparison.md,analysis/courier_dispatch_maassim/maassim_llm_prompt_variant_comparison.md,1516,36eb51891f951e5ba629320a3ed47210527eb761969e427059b26e9b8ab521f8
data,data/analysis/courier_dispatch_maassim/maassim_llm_replay_basic_s2_m12.md,analysis/courier_dispatch_maassim/maassim_llm_replay_basic_s2_m12.md,949,56131c23515fc20eb7541b4bba1bd2ee2dd264bacf6e44459c347ae1272d59ce
data,data/analysis/courier_dispatch_maassim/maassim_llm_replay_scored_s2_m12.md,analysis/courier_dispatch_maassim/maassim_llm_replay_scored_s2_m12.md,951,6b8ffe728fe98163797799ff574ceb5f753ef5d7135a73f40c332d6d8c04fe3a
data,data/analysis/courier_dispatch_maassim/maassim_llm_replay_smoke_s1_m8.md,analysis/courier_dispatch_maassim/maassim_llm_replay_smoke_s1_m8.md,809,2204072ddea09c583b0aac958b41e33cbbd406544fb6cbb63692a8b0a41deb5d
data,data/analysis/courier_dispatch_maassim/maassim_llm_replay_smoke_s2_m12.md,analysis/courier_dispatch_maassim/maassim_llm_replay_smoke_s2_m12.md,933,a710d6317f190e57d58d339a4810a0c0b7ead5e29fb044fefe33bcc607402d71
data,data/analysis/courier_dispatch_maassim/maassim_llm_scenario_conflict_econ_s5_m20.md,analysis/courier_dispatch_maassim/maassim_llm_scenario_conflict_econ_s5_m20.md,735,6cd5d244680b303932df533b3efff8962c7c61c20680dc6aa115d872ec0febd6
data,data/analysis/courier_dispatch_maassim/maassim_llm_scenario_conflict_noecon_s5_m20.md,analysis/courier_dispatch_maassim/maassim_llm_scenario_conflict_noecon_s5_m20.md,1364,a364f2065b27565c41f6ba744cec640e84ccf7d92bf61cf7a4c50b8d55558c2f
data,data/analysis/courier_dispatch_maassim/maassim_llm_scenario_conflict_smoke_s2_m12.md,analysis/courier_dispatch_maassim/maassim_llm_scenario_conflict_smoke_s2_m12.md,1447,e26ea11e2b799944085614c58689bb8b9acd0597f03477cb73cd2c22f735935b
data,data/analysis/courier_dispatch_maassim/maassim_llm_scenario_normal_p2_econ_s5_m20.md,analysis/courier_dispatch_maassim/maassim_llm_scenario_normal_p2_econ_s5_m20.md,724,54422936d896b4944d0eb5b06c426cdbcea7d11ed8ba62f33a60ef3626ae5488
data,data/analysis/courier_dispatch_maassim/maassim_llm_scenario_normal_p2_noecon_s5_m20.md,analysis/courier_dispatch_maassim/maassim_llm_scenario_normal_p2_noecon_s5_m20.md,1251,37abdf4583ae891fa956a048edfd9061ac2f2d5d1d0ffe826385f9b71e810655
data,data/analysis/courier_dispatch_maassim/maassim_llm_scenario_suite_detail.csv,analysis/courier_dispatch_maassim/maassim_llm_scenario_suite_detail.csv,2704,44a6b7c3e7deb33bf4a900ab010c593f6f4fbc7dd6143cfa319623fa467837d9
data,data/analysis/courier_dispatch_maassim/maassim_llm_scenario_suite_summary.csv,analysis/courier_dispatch_maassim/maassim_llm_scenario_suite_summary.csv,881,27cbf820053575a7c6b1b00ffec086e56685251c836269e1139018575aa4abae
data,data/analysis/courier_dispatch_maassim/maassim_llm_scenario_suite_summary.md,analysis/courier_dispatch_maassim/maassim_llm_scenario_suite_summary.md,2236,645727850859734aa7c4958c3cfa6233d21d9cd980efbedb6d651940b2d39acb
data,data/analysis/courier_dispatch_maassim/maassim_nearest_optimality_diagnostic.md,analysis/courier_dispatch_maassim/maassim_nearest_optimality_diagnostic.md,751,47d99d2174347763425193d77b99e55c7c3cf8b450032cc6a6515042b47a6735
data,data/analysis/courier_dispatch_maassim/maassim_nearest_optimality_summary.csv,analysis/courier_dispatch_maassim/maassim_nearest_optimality_summary.csv,2064,d2c3e89214283cdcf18f35f064290c6a509950c9e300a303372975c3ef81ba1d
data,data/analysis/courier_dispatch_maassim/maassim_pact_persona_mechanism_summary.csv,analysis/courier_dispatch_maassim/maassim_pact_persona_mechanism_summary.csv,4092,14fe1b57f7113bb26d64d87a3c6593463cd0641687b1b0d9b21833e2abdb90e8
data,data/analysis/courier_dispatch_maassim/maassim_pact_persona_mechanism_summary.md,analysis/courier_dispatch_maassim/maassim_pact_persona_mechanism_summary.md,1437,a524047a244cabb9bc0d42d500c10f88103180a2e751b6547a64cfece419c367
data,data/analysis/courier_dispatch_maassim/maassim_persona_v2_baseline_summary.csv,analysis/courier_dispatch_maassim/maassim_persona_v2_baseline_summary.csv,1990,c5a159b50452425d60baa596f28467b4dda36c71188a598d66b359a798b33bc3
data,data/analysis/courier_dispatch_maassim/maassim_persona_v2_baseline_summary.md,analysis/courier_dispatch_maassim/maassim_persona_v2_baseline_summary.md,1299,88266d475102aea91027b22f287c5b6427cd3969ca1b6f3c6827169d4bf34140
data,data/analysis/courier_dispatch_maassim/maassim_persona_v2_main_summary.csv,analysis/courier_dispatch_maassim/maassim_persona_v2_main_summary.csv,2000,bd654c758d8b1d53162409131cc460f8e274a162ba30257532b635a8610d16a7
data,data/analysis/courier_dispatch_maassim/maassim_persona_v2_main_summary.md,analysis/courier_dispatch_maassim/maassim_persona_v2_main_summary.md,1308,42cb980503cea060bde51e54a3192cc7fc3bfd7e6c3a2853a112401ddc37526b
data,data/analysis/courier_dispatch_maassim/nearest_persona_v2_main_s0_personas.json,analysis/courier_dispatch_maassim/nearest_persona_v2_main_s0_personas.json,1266,2890485f92669338eb77676a17e0e39e180d0474391e676c752e51261e959ffb
data,data/analysis/courier_dispatch_maassim/nearest_persona_v2_main_s0_queue_snapshots.jsonl,analysis/courier_dispatch_maassim/nearest_persona_v2_main_s0_queue_snapshots.jsonl,79256,25dabbbdbcab902a275502df796b11433117dadacb6598a8ab4658da33093b84
data,data/analysis/courier_dispatch_maassim/nearest_persona_v2_main_s1_personas.json,analysis/courier_dispatch_maassim/nearest_persona_v2_main_s1_personas.json,1266,94465f9a6b24dde9526e205537a5de1a89f0a457979d1ec7aafdf2c48c5b74fb
data,data/analysis/courier_dispatch_maassim/nearest_persona_v2_main_s1_queue_snapshots.jsonl,analysis/courier_dispatch_maassim/nearest_persona_v2_main_s1_queue_snapshots.jsonl,89961,9c592f1d70d69cc2084feb742e9db766a07dad29a97367365ea7beb2690ce70c
data,data/analysis/courier_dispatch_maassim/nearest_persona_v2_main_s2_personas.json,analysis/courier_dispatch_maassim/nearest_persona_v2_main_s2_personas.json,1266,16cf6c345704991b0740f4d6a7e7f11c37d1f9a1e85984ed837b3abbd8d2ced3
data,data/analysis/courier_dispatch_maassim/nearest_persona_v2_main_s2_queue_snapshots.jsonl,analysis/courier_dispatch_maassim/nearest_persona_v2_main_s2_queue_snapshots.jsonl,66550,945f7a0aed9378fd050bd71e457947cdb2e1ffbc715ccbbab6a283569f587578
data,data/analysis/courier_dispatch_maassim/nearest_persona_v2_main_s3_personas.json,analysis/courier_dispatch_maassim/nearest_persona_v2_main_s3_personas.json,1266,4353d9ce1180436d2e6dbb41a7ed411ee15bc41bcbb06252d5b0d5ecd92714ee
data,data/analysis/courier_dispatch_maassim/nearest_persona_v2_main_s3_queue_snapshots.jsonl,analysis/courier_dispatch_maassim/nearest_persona_v2_main_s3_queue_snapshots.jsonl,73039,517e53137add31e89131c494fc5d1758a630b4f91d07d5c41a64b0888a09ec7a
data,data/analysis/courier_dispatch_maassim/nearest_persona_v2_main_s4_personas.json,analysis/courier_dispatch_maassim/nearest_persona_v2_main_s4_personas.json,1224,2047cc8bf35ddb12aae7e37b1c332aa53cc5bab3e9dd20ac4f575286e9ac5c3d
data,data/analysis/courier_dispatch_maassim/nearest_persona_v2_main_s4_queue_snapshots.jsonl,analysis/courier_dispatch_maassim/nearest_persona_v2_main_s4_queue_snapshots.jsonl,100798,52c5cc834498c214dc9a4f35fd406d33c0c9116ea54dcaf75a70b157eaa4a655
data,data/analysis/courier_dispatch_maassim/nearest_persona_v2_main_s5_personas.json,analysis/courier_dispatch_maassim/nearest_persona_v2_main_s5_personas.json,1245,4b37766705a0521eafd7ba35715abfa8afbe3b152420f980f9a68aa4b72f1716
data,data/analysis/courier_dispatch_maassim/nearest_persona_v2_main_s5_queue_snapshots.jsonl,analysis/courier_dispatch_maassim/nearest_persona_v2_main_s5_queue_snapshots.jsonl,93978,3799ec914abba789eb4badf62479c0b6ada6ff0a4edc624b0d787b2a1919c04f
data,data/analysis/courier_dispatch_maassim/nearest_persona_v2_main_s6_personas.json,analysis/courier_dispatch_maassim/nearest_persona_v2_main_s6_personas.json,1266,42c7daecaa40921d8b08fb59621f12b51f9395a9fd2f88cdc2d97963c08dd517
data,data/analysis/courier_dispatch_maassim/nearest_persona_v2_main_s6_queue_snapshots.jsonl,analysis/courier_dispatch_maassim/nearest_persona_v2_main_s6_queue_snapshots.jsonl,74482,0c04f38690fe2a675081f86aa9673b1b4e1fe4a70e79b6da2f23b0ce065e11a2
data,data/analysis/courier_dispatch_maassim/nearest_persona_v2_main_s7_personas.json,analysis/courier_dispatch_maassim/nearest_persona_v2_main_s7_personas.json,1266,9418e9759b9a6b4f498742dfd8e296c9644cb7633cffa8b6f9ece06d2141cdd0
data,data/analysis/courier_dispatch_maassim/nearest_persona_v2_main_s7_queue_snapshots.jsonl,analysis/courier_dispatch_maassim/nearest_persona_v2_main_s7_queue_snapshots.jsonl,80861,2db1ba2b6e711931013068b82d24f1b9a29398421b6e6a567da6248751e75b6d
data,data/analysis/courier_dispatch_maassim/nearest_persona_v2_main_s8_personas.json,analysis/courier_dispatch_maassim/nearest_persona_v2_main_s8_personas.json,1224,40ce5164eddb4411ff0ef647b264979e8726475a91704e12c86a25cd3396b01a
data,data/analysis/courier_dispatch_maassim/nearest_persona_v2_main_s8_queue_snapshots.jsonl,analysis/courier_dispatch_maassim/nearest_persona_v2_main_s8_queue_snapshots.jsonl,126485,4843a2525e3532eae460a990c0580efa85d18f2f42d916bc876b8da2b8b84729
data,data/analysis/courier_dispatch_maassim/nearest_persona_v2_main_s9_personas.json,analysis/courier_dispatch_maassim/nearest_persona_v2_main_s9_personas.json,1266,d5947e899426ec3d41e213a350efdd518ab26049d0a132ca4004efbfa171ab28
data,data/analysis/courier_dispatch_maassim/nearest_persona_v2_main_s9_queue_snapshots.jsonl,analysis/courier_dispatch_maassim/nearest_persona_v2_main_s9_queue_snapshots.jsonl,75768,d7309cf9a8c9fb9dc77e4f52711a768d58a54227aa8211c3349babad704c9e21
data,data/analysis/courier_dispatch_maassim/pact_kpi_persona_v2_main_s0_driver_posterior.csv,analysis/courier_dispatch_maassim/pact_kpi_persona_v2_main_s0_driver_posterior.csv,6876,0044f7f26ed6d8af3cd8ad53e74b5e69d45026a751453b35d14316592d6c5381
data,data/analysis/courier_dispatch_maassim/pact_kpi_persona_v2_main_s1_driver_posterior.csv,analysis/courier_dispatch_maassim/pact_kpi_persona_v2_main_s1_driver_posterior.csv,7256,a3308de45a894908e2a226de7878d2047eaca985dbc73400eb6ed78fccda5fe8
data,data/analysis/courier_dispatch_maassim/pact_kpi_persona_v2_main_s2_driver_posterior.csv,analysis/courier_dispatch_maassim/pact_kpi_persona_v2_main_s2_driver_posterior.csv,6118,2aa2be4fdf9b1801106ecedbd00fed8613a6ea4bf0bf148ff9692a0d853501d0
data,data/analysis/courier_dispatch_maassim/pact_kpi_persona_v2_main_s3_driver_posterior.csv,analysis/courier_dispatch_maassim/pact_kpi_persona_v2_main_s3_driver_posterior.csv,5786,7682e9a86b4b895975601328722319dd675e1d50b97ba73799a7a47e89d9c370
data,data/analysis/courier_dispatch_maassim/pact_kpi_persona_v2_main_s4_driver_posterior.csv,analysis/courier_dispatch_maassim/pact_kpi_persona_v2_main_s4_driver_posterior.csv,9992,9fc4ccab46acf7e3c1defb2b47baa93a56142877962674c8fa8ebc48d6f739a9
data,data/analysis/courier_dispatch_maassim/pact_kpi_persona_v2_main_s5_driver_posterior.csv,analysis/courier_dispatch_maassim/pact_kpi_persona_v2_main_s5_driver_posterior.csv,8753,7ea199dcff94ffb073296d7d39a2f2c162e1abed088cdb266dc391e5de4dc481
data,data/analysis/courier_dispatch_maassim/pact_kpi_persona_v2_main_s6_driver_posterior.csv,analysis/courier_dispatch_maassim/pact_kpi_persona_v2_main_s6_driver_posterior.csv,6986,600181ded97034941196a59e64f7df09920ac3d38d6f518dbb6a41da169e2e60
data,data/analysis/courier_dispatch_maassim/pact_kpi_persona_v2_main_s7_driver_posterior.csv,analysis/courier_dispatch_maassim/pact_kpi_persona_v2_main_s7_driver_posterior.csv,8476,a36818d541500f066f77a49109f1f162424b8c4fad1f6652c326a1a27d814e30
data,data/analysis/courier_dispatch_maassim/pact_kpi_persona_v2_main_s8_driver_posterior.csv,analysis/courier_dispatch_maassim/pact_kpi_persona_v2_main_s8_driver_posterior.csv,11698,81f2befcd4ba5f138b9b5cbe97e9cbb5643ebf3e2b5c887174e7b9a22b33b4d2
data,data/analysis/courier_dispatch_maassim/pact_kpi_persona_v2_main_s9_driver_posterior.csv,analysis/courier_dispatch_maassim/pact_kpi_persona_v2_main_s9_driver_posterior.csv,5992,ee9b1169f5ef609560f8f9cc4d6961e3b696070b607d7d5ab31acb6314d98ca5
data,data/analysis/courier_dispatch_matching/README.md,analysis/courier_dispatch_matching/README.md,35618,87456f493de3024e8f3a6dd77768e50ff75519d6b9b26ff4475897d211d5f853
data,data/analysis/courier_dispatch_matching/courier_env_source_audit_excerpt.md,analysis/courier_dispatch_matching/courier_env_source_audit_excerpt.md,18490,f83977f1ae239f5a9bf7886b978555daa18aee2475ebceed97cefd8603ce2de1
data,data/analysis/courier_dispatch_matching/courier_matching_F2_beta_0p5_addendum.md,analysis/courier_dispatch_matching/courier_matching_F2_beta_0p5_addendum.md,6090,82d27e9a212f78bd0082652447ec7301f95a6b070b4628d6b89bea44dabad8c0
data,data/analysis/courier_dispatch_matching/courier_matching_live_A3_beta_exploration_h8_sweep_summary.csv,analysis/courier_dispatch_matching/courier_matching_live_A3_beta_exploration_h8_sweep_summary.csv,4086,263cdbb3b1f6d1d036d462c872f397d923229f8fb7b4736cf3b52028829a2a12
data,data/analysis/courier_dispatch_matching/courier_matching_live_A3_beta_exploration_summary.csv,analysis/courier_dispatch_matching/courier_matching_live_A3_beta_exploration_summary.csv,7679,5822ae0152bcf4760f6ff4656078dee0bfe144463dee393382ac470a0c3d6c17
data,data/analysis/courier_dispatch_matching/courier_matching_live_F2_F3_F4_A2_A3_bundle.md,analysis/courier_dispatch_matching/courier_matching_live_F2_F3_F4_A2_A3_bundle.md,12362,c685b72e6bf2a4dd59e4099eb722be9601af33aa27c28f0da2730d856f599f3a
data,data/analysis/courier_dispatch_matching/courier_matching_live_F2_h16_beta_0p0_s5_allmodels_summary.csv,analysis/courier_dispatch_matching/courier_matching_live_F2_h16_beta_0p0_s5_allmodels_summary.csv,1053,66ea30aa0e0b77d5216b5def3ddbd556447ae25368e3a77ca2cde06131b1d54b
data,data/analysis/courier_dispatch_matching/courier_matching_live_F2_h16_beta_0p1_s5_allmodels_summary.csv,analysis/courier_dispatch_matching/courier_matching_live_F2_h16_beta_0p1_s5_allmodels_summary.csv,1052,9454aec6534e814eb56afe9cbeab8ded7dc45f88785f181c7984aba59d02bb1e
data,data/analysis/courier_dispatch_matching/courier_matching_live_F2_h16_beta_0p25_s5_allmodels_summary.csv,analysis/courier_dispatch_matching/courier_matching_live_F2_h16_beta_0p25_s5_allmodels_summary.csv,1023,5436a423279b4be8476d4712c5209b142c218b4e58de9e742f46cc76ce954271
data,data/analysis/courier_dispatch_matching/courier_matching_live_F2_h16_beta_0p5_s5_allmodels_wllm0_summary.csv,analysis/courier_dispatch_matching/courier_matching_live_F2_h16_beta_0p5_s5_allmodels_wllm0_summary.csv,1018,e039a9f88deebbe2e872a1502f155a61a4a2485ea0358c19b28a1deaf4d3806d
data,data/analysis/courier_dispatch_matching/courier_matching_live_F2_h24_beta_0p0_s5_allmodels_summary.csv,analysis/courier_dispatch_matching/courier_matching_live_F2_h24_beta_0p0_s5_allmodels_summary.csv,1063,184a09a60f442943882ec468cea8895e121289ea0a7011842b60253da6bf44db
data,data/analysis/courier_dispatch_matching/courier_matching_live_F2_h24_beta_0p1_s5_allmodels_summary.csv,analysis/courier_dispatch_matching/courier_matching_live_F2_h24_beta_0p1_s5_allmodels_summary.csv,1037,74243f17cbd3cb02c1e24c6eedf59cb351719886d1adf11a8c375290757ac08f
data,data/analysis/courier_dispatch_matching/courier_matching_live_F2_h24_beta_0p25_s5_allmodels_summary.csv,analysis/courier_dispatch_matching/courier_matching_live_F2_h24_beta_0p25_s5_allmodels_summary.csv,1058,22f5a7049ad92f4d14993ac2624cd6cfc83e0d9e7c0142188ea07bebbfc02fe3
data,data/analysis/courier_dispatch_matching/courier_matching_live_F2_h24_beta_0p5_s5_allmodels_wllm0_summary.csv,analysis/courier_dispatch_matching/courier_matching_live_F2_h24_beta_0p5_s5_allmodels_wllm0_summary.csv,1018,f32eb43a4544cb9e547b72ccbd9e682095f97bbb621918c6a4f38b03e91427fc
data,data/analysis/courier_dispatch_matching/courier_matching_live_F2_h32_beta_0p0_s5_allmodels_summary.csv,analysis/courier_dispatch_matching/courier_matching_live_F2_h32_beta_0p0_s5_allmodels_summary.csv,1043,fa6878c560b2a060d466b00b493cf442fe1c14f642432e2ee6b2582d73b16f5a
data,data/analysis/courier_dispatch_matching/courier_matching_live_F2_h32_beta_0p1_s5_allmodels_summary.csv,analysis/courier_dispatch_matching/courier_matching_live_F2_h32_beta_0p1_s5_allmodels_summary.csv,1050,58cf2608c44497aba441d0670a0b4ba3a38cef581c05e7f12b107a25cdb43020
data,data/analysis/courier_dispatch_matching/courier_matching_live_F2_h32_beta_0p25_s5_allmodels_summary.csv,analysis/courier_dispatch_matching/courier_matching_live_F2_h32_beta_0p25_s5_allmodels_summary.csv,1048,5be79fec195c9d6a9e57ddc795114e0cf221974344af6873581f66e070875d71
data,data/analysis/courier_dispatch_matching/courier_matching_live_F2_h32_beta_0p5_s5_allmodels_wllm0_summary.csv,analysis/courier_dispatch_matching/courier_matching_live_F2_h32_beta_0p5_s5_allmodels_wllm0_summary.csv,1014,77e3a081e05d6b54eac3041c7bf54e21f61dca477789cf0cf59a65071c27473c
data,data/analysis/courier_dispatch_matching/courier_matching_live_F2_h8_beta_0p0_s5_allmodels_summary.csv,analysis/courier_dispatch_matching/courier_matching_live_F2_h8_beta_0p0_s5_allmodels_summary.csv,1030,ae98bf900c2ec71f3cfdcb4126214239c56b18df7fbf351bb5897eeae9810662
data,data/analysis/courier_dispatch_matching/courier_matching_live_F2_h8_beta_0p1_s5_allmodels_summary.csv,analysis/courier_dispatch_matching/courier_matching_live_F2_h8_beta_0p1_s5_allmodels_summary.csv,1064,018403e5fccacca2fb5c60422c702cd85f7d5ce1ad3c7152d197564936b4e076
data,data/analysis/courier_dispatch_matching/courier_matching_live_F2_h8_beta_0p25_s5_allmodels_summary.csv,analysis/courier_dispatch_matching/courier_matching_live_F2_h8_beta_0p25_s5_allmodels_summary.csv,1045,7f95ca04c8d47851d929ec3e4b3fb7da5a35cee89de38a558fdd4ea536d5d442
data,data/analysis/courier_dispatch_matching/courier_matching_live_F2_h8_beta_0p5_s5_allmodels_wllm0_summary.csv,analysis/courier_dispatch_matching/courier_matching_live_F2_h8_beta_0p5_s5_allmodels_wllm0_summary.csv,1154,16cd498772ea6978b9c5a06c2f0a33605942553cbd49cd3ac29a3fe660bedd25
data,data/analysis/courier_dispatch_matching/courier_matching_live_F2_horizon_beta_sweep_summary.csv,analysis/courier_dispatch_matching/courier_matching_live_F2_horizon_beta_sweep_summary.csv,15475,e6b1016dfa68029e0305cc819656c56358656e1596f09ecb76302b6e0934b0bf
data,data/analysis/courier_dispatch_matching/courier_matching_live_F3_couple_lambda_summary.csv,analysis/courier_dispatch_matching/courier_matching_live_F3_couple_lambda_summary.csv,3851,6cc07382739847977e70989b3ef66b7c14ba4f20326b40dfd434f75c037baa82
data,data/analysis/courier_dispatch_matching/courier_matching_live_F3_lambda_0_s5h8_allmodels_summary.csv,analysis/courier_dispatch_matching/courier_matching_live_F3_lambda_0_s5h8_allmodels_summary.csv,1061,7a021104953f018b13eba749dd9a27ef586f920bd3d8f7ce583af575e456df23
data,data/analysis/courier_dispatch_matching/courier_matching_live_F3_lambda_0p5_s5h8_allmodels_summary.csv,analysis/courier_dispatch_matching/courier_matching_live_F3_lambda_0p5_s5h8_allmodels_summary.csv,1054,8f50bb927756f1b4f9e99e8104a8f98590d26d790f6f93bbc0eefeaad9025fc1
data,data/analysis/courier_dispatch_matching/courier_matching_live_F3_lambda_1_s5h8_allmodels_summary.csv,analysis/courier_dispatch_matching/courier_matching_live_F3_lambda_1_s5h8_allmodels_summary.csv,1054,295f0279f7eb9650d3e0d78f4b89a2e2a878d910cf057ec70a82fa9f6262497b
data,data/analysis/courier_dispatch_matching/courier_matching_live_F3_lambda_1p5_s5h8_allmodels_summary.csv,analysis/courier_dispatch_matching/courier_matching_live_F3_lambda_1p5_s5h8_allmodels_summary.csv,1031,69c4271ca097ebbd2286e5dc3604c8c38b03d18fde9cd6e6f517cb8024becb03
data,data/analysis/courier_dispatch_matching/courier_matching_live_F3_lambda_2_s5h8_allmodels_summary.csv,analysis/courier_dispatch_matching/courier_matching_live_F3_lambda_2_s5h8_allmodels_summary.csv,1049,67dd88c1bc8f8d71469f21d1773c97a753a3c98e5f6d9ddcc78a09a4176cc260
data,data/analysis/courier_dispatch_matching/courier_matching_live_F3_lambda_3_s5h8_allmodels_summary.csv,analysis/courier_dispatch_matching/courier_matching_live_F3_lambda_3_s5h8_allmodels_summary.csv,1043,8c723c7bf13987a24ecbd7017cd9e0257905ac18419bd83cf642515acb163d47
data,data/analysis/courier_dispatch_matching/courier_matching_live_F4_per_round_posterior_summary.csv,analysis/courier_dispatch_matching/courier_matching_live_F4_per_round_posterior_summary.csv,8337,5bde3acd316447d102fd47cf0a27a576e7bb1e4af61d6d399012b3a3d3e3b8e5
data,data/analysis/courier_dispatch_matching/courier_matching_live_allmethods_s5h8_allmodels_summary.csv,analysis/courier_dispatch_matching/courier_matching_live_allmethods_s5h8_allmodels_summary.csv,5481,79bac6bbe3db51d5a65040cc5281bdf4aa4c5ced928c5c4fce6f1468d86b03d9
data,data/analysis/courier_dispatch_matching/courier_matching_live_allmethods_smoke_summary.csv,analysis/courier_dispatch_matching/courier_matching_live_allmethods_smoke_summary.csv,986,8b68cd653a834b622b2a62a70e32a501c448805e3bd909cfcb39074dfa29f742
data,data/analysis/courier_dispatch_matching/courier_matching_live_llm_offline_smoke_summary.csv,analysis/courier_dispatch_matching/courier_matching_live_llm_offline_smoke_summary.csv,754,f27bbc4e0ff8bbc7ba6d23d0dcab11bafe55ac6f945136e98563c16a0e4d3465
data,data/analysis/courier_dispatch_matching/courier_matching_live_llm_s5h8_allmodels_summary.csv,analysis/courier_dispatch_matching/courier_matching_live_llm_s5h8_allmodels_summary.csv,2541,e9ff311eedbc20875a73c6376bbdcc673c25da44eb4e199ec7b3414a9a4b043a
data,data/analysis/courier_dispatch_matching/courier_matching_live_masked_type_stress_s5h8_allmodels_summary.csv,analysis/courier_dispatch_matching/courier_matching_live_masked_type_stress_s5h8_allmodels_summary.csv,5405,a37daf0238b631e65d8b206eafeda0e08e57de84bed606df0ae969b875ae2dc4
data,data/analysis/courier_dispatch_matching/courier_matching_live_masked_type_stress_smoke_summary.csv,analysis/courier_dispatch_matching/courier_matching_live_masked_type_stress_smoke_summary.csv,1523,fdaf4c5619ca116f8440c180699a122fd9a5c60404abefac362d2e14d5e1eabf
data,data/analysis/courier_dispatch_matching/courier_matching_live_pact_s5h8_allmodels_summary.csv,analysis/courier_dispatch_matching/courier_matching_live_pact_s5h8_allmodels_summary.csv,1250,a6bc7fe48f6d0075e04cd9f539681d1e183ac6a283134eef954e4beed547e0c1
data,data/analysis/courier_dispatch_matching/courier_matching_live_pact_smoke_summary.csv,analysis/courier_dispatch_matching/courier_matching_live_pact_smoke_summary.csv,589,3a1c64b0ff56cb1eb5ed93d8bd88ed231ce55864a6d2cec8238fdb80a676f1a0
data,data/analysis/courier_dispatch_matching/courier_matching_structured_live_expected_pact_beta_0p025_s5h8_allmodels_summary.csv,analysis/courier_dispatch_matching/courier_matching_structured_live_expected_pact_beta_0p025_s5h8_allmodels_summary.csv,960,8a1885b14e21e11d2050fef0011d520bcf5929155e4a664740ea6ee2a084b022
data,data/analysis/courier_dispatch_matching/courier_matching_structured_live_expected_pact_beta_0p05_s5h8_allmodels_summary.csv,analysis/courier_dispatch_matching/courier_matching_structured_live_expected_pact_beta_0p05_s5h8_allmodels_summary.csv,973,970be0d37be700195286e456b72c0ac289f3311d07881d871c79c8d6752244b0
data,data/analysis/courier_dispatch_matching/courier_matching_structured_live_expected_pact_beta_0p0_s5h8_allmodels_summary.csv,analysis/courier_dispatch_matching/courier_matching_structured_live_expected_pact_beta_0p0_s5h8_allmodels_summary.csv,934,8fa12bab770d2f2797143ede9accddbc7c51160d4e94d15b35f45691abf6c2aa
data,data/analysis/courier_dispatch_matching/courier_matching_structured_live_expected_pact_beta_0p1_s5h8_allmodels_summary.csv,analysis/courier_dispatch_matching/courier_matching_structured_live_expected_pact_beta_0p1_s5h8_allmodels_summary.csv,968,7ef52b2c325beb842c13faf645a3e11569fd24bbf32b37019463dd3801513a8b
data,data/analysis/courier_dispatch_matching/courier_matching_structured_live_expected_pact_beta_0p2_s5h8_allmodels_summary.csv,analysis/courier_dispatch_matching/courier_matching_structured_live_expected_pact_beta_0p2_s5h8_allmodels_summary.csv,939,98a44be7f16028be7d85e88989ca2c78294b6163184d57f804b8228091c41d66
data,data/analysis/courier_dispatch_matching/courier_matching_structured_live_expected_pact_beta_0p4_s5h8_allmodels_summary.csv,analysis/courier_dispatch_matching/courier_matching_structured_live_expected_pact_beta_0p4_s5h8_allmodels_summary.csv,936,b9e023f5eafbb42c68221635b9f43f64b9a533bd8d233aa78b03a6f2d7d51679
data,data/analysis/courier_dispatch_matching/courier_matching_structured_live_expected_pact_beta_sweep_s5h8_allmodels_summary.csv,analysis/courier_dispatch_matching/courier_matching_structured_live_expected_pact_beta_sweep_s5h8_allmodels_summary.csv,3817,9ae885cecc2ed666a4d2a48b97cc2f0826dc978d7d5c3a56bb397d581f210917
data,data/analysis/courier_dispatch_matching/courier_matching_structured_live_expected_pact_masked_type_stress_s5h8_allmodels_summary.csv,analysis/courier_dispatch_matching/courier_matching_structured_live_expected_pact_masked_type_stress_s5h8_allmodels_summary.csv,6676,8a08de805ad052b538aaff2c441509f70079267419c1bd9000af23f834af0b98
data,data/analysis/courier_dispatch_matching/courier_matching_structured_live_expected_pact_wllm0_masked_type_stress_s5h8_allmodels_summary.csv,analysis/courier_dispatch_matching/courier_matching_structured_live_expected_pact_wllm0_masked_type_stress_s5h8_allmodels_summary.csv,6695,735bda30e2fa4ebe5118e2b4888915e8b58c9dea602fac8abb056e860e0d7cf8
data,data/analysis/courier_dispatch_matching/courier_matching_structured_live_fullenv_smoke_s1h2_summary.csv,analysis/courier_dispatch_matching/courier_matching_structured_live_fullenv_smoke_s1h2_summary.csv,896,e4277fa4b41b038ba8359cc997cb706dec556e0184cc552a349f0e2eaffd88c8
data,data/analysis/courier_dispatch_matching/courier_matching_structured_live_llm_psrl_verbal_smoke_summary.csv,analysis/courier_dispatch_matching/courier_matching_structured_live_llm_psrl_verbal_smoke_summary.csv,501,6258da915bab12548661432fc6334d5880ca4dcc362781db55841e5bcc595ffc
data,data/analysis/courier_dispatch_matching/courier_matching_structured_live_masked_type_stress_s5h8_allmodels_summary.csv,analysis/courier_dispatch_matching/courier_matching_structured_live_masked_type_stress_s5h8_allmodels_summary.csv,6656,cd34108b01121b758469f40b7ff06838c53887d280bda2b673d1465005d426ef
data,data/analysis/courier_dispatch_matching/courier_matching_structured_live_random_smoke_summary.csv,analysis/courier_dispatch_matching/courier_matching_structured_live_random_smoke_summary.csv,510,387d08cbee0671a5d2c3b6e40205dd8adaa04ebcdafa87d295d76e56d02c60d4
data,data/analysis/courier_dispatch_matching/courier_matching_structured_live_smoke_allmodels_allmethods_parserfix_summary.csv,analysis/courier_dispatch_matching/courier_matching_structured_live_smoke_allmodels_allmethods_parserfix_summary.csv,6628,b3c108788b9afce668d05f5e15559adeeda056a37102adebd89def3e8c44e470
data,data/analysis/courier_dispatch_matching/courier_matching_structured_live_smoke_allmodels_allmethods_summary.csv,analysis/courier_dispatch_matching/courier_matching_structured_live_smoke_allmodels_allmethods_summary.csv,6624,b859f7c01b7ffd2e78cab79760a5e1649f770cf45615a3c909c049c1b71c912e
data,data/analysis/courier_dispatch_matching/courier_matching_structured_live_smoke_gpt_allmethods_summary.csv,analysis/courier_dispatch_matching/courier_matching_structured_live_smoke_gpt_allmethods_summary.csv,1884,4c56acf825a4efb0821e71bef3b3557523316a4ddbc41997d4393bbd13bb2489
data,data/analysis/courier_dispatch_matching/courier_matching_structured_live_wllm0_verbal_random_s5h8_allmodels_summary.csv,analysis/courier_dispatch_matching/courier_matching_structured_live_wllm0_verbal_random_s5h8_allmodels_summary.csv,1852,027a270838ebc26a5f5cc67c9d5edb2195d97123b57595cd2aa29343a199503f
data,data/analysis/courier_dispatch_matching/courier_matching_structured_live_wllm0_with_verbal_random_s5h8_allmodels_summary.csv,analysis/courier_dispatch_matching/courier_matching_structured_live_wllm0_with_verbal_random_s5h8_allmodels_summary.csv,9421,6cdabd9889b2bd96f17a4ce59946386a5798a10f8aded32e78b4a884f1abaf7e
data,data/analysis/courier_dispatch_matching/courier_matching_structured_live_wllm_ablation_summary.csv,analysis/courier_dispatch_matching/courier_matching_structured_live_wllm_ablation_summary.csv,11069,07e272d3873256f18bda7743104d9aed739383ee6ca04826a721f8b330ef6a4f
data,data/analysis/courier_dispatch_matching/courier_matching_structured_smoke_couple_lambda_summary.csv,analysis/courier_dispatch_matching/courier_matching_structured_smoke_couple_lambda_summary.csv,488,145e22f0310bff64739805502a566b4129e18d2aeb193b38371453b37134b6cc
data,data/analysis/courier_dispatch_matching/courier_matching_wllm0_verbal_random_baselines.md,analysis/courier_dispatch_matching/courier_matching_wllm0_verbal_random_baselines.md,9545,cea10a2a72995218ba7da55055541299f08666d659204f9c8aa75365fb7061ac
data,data/analysis/courier_dispatch_matching/courier_matching_wllm_ablation_summary.md,analysis/courier_dispatch_matching/courier_matching_wllm_ablation_summary.md,12578,b3b5829ed4ad0a1df6ee9a04e910f7d252ef388a55a3f2382a16d129470cec84
data,data/analysis/courier_dispatch_matching/maassim_fleetpy_integration_plan.md,analysis/courier_dispatch_matching/maassim_fleetpy_integration_plan.md,30681,ea0f45586ea52713d8a7ecaa94866b3bafcf56fd9d486480450cd429ce389874
data,data/analysis/cross_model_full_sweep_run_20260517.md,analysis/cross_model_full_sweep_run_20260517.md,3125,768ddbfa6bf9d9fc34872ebaee74ec32352d431ff6849da5b3c2fb457aceb0cd
data,data/analysis/cross_model_sweep_plan.md,analysis/cross_model_sweep_plan.md,4388,e0a28d9f1dc5ae2ec1143aeae5d98630dfa8de36b8c71b883a358116f9379d9f
data,data/analysis/e1_e3_llm_evidence_paper_report_20260518.md,analysis/e1_e3_llm_evidence_paper_report_20260518.md,3739,6b3db306ad797f4c8561880c6e227c8478f33bea8d361f48a695f8b1137fd447
data,data/analysis/e1_e4_llm_evidence_results_20260518.md,analysis/e1_e4_llm_evidence_results_20260518.md,4922,220d0bb8a5d74e5acccd0fb30354a9e04ca5f5f1beeb74575f50b3adacb446a6
data,data/analysis/e1_e4_llm_evidence_runbook_20260518.md,analysis/e1_e4_llm_evidence_runbook_20260518.md,2128,ea475b9539fa67cd2095d547eb5ef5611929e289ec3c95f3cea35fad36dfc173
data,data/analysis/e1_e4_runbook_20260518.md,analysis/e1_e4_runbook_20260518.md,3894,930d4bad08261d1221880205b7199b08ddec8ccb202d1b4ae0525fc9db4d9b32
data,data/analysis/e2_e3_outlier_confirmation_20260518.md,analysis/e2_e3_outlier_confirmation_20260518.md,2076,81a404e79e5d55311c0b8890cc0a7ba80aa4c26adda0d7126a618e6c12f03059
data,data/analysis/experiment_data_status_inventory_20260518.md,analysis/experiment_data_status_inventory_20260518.md,8966,7853325082224467af02a507733be3eadf3fe43d3b3e2fe6d5f70e36a3cb31f7
data,data/analysis/g_trap_beta_sweep_hpsmg_plus.csv,analysis/g_trap_beta_sweep_hpsmg_plus.csv,3228,615c67b63901378baaeecebc8946f6c6e4af59bb76e421b852531f1de31cee6f
data,data/analysis/g_trap_beta_sweep_simulation_tier.md,analysis/g_trap_beta_sweep_simulation_tier.md,5536,f87f28c1190e60cddb69f8f0552a4dc0b52c51ca587eec0dda9cd7bc3d7021db
data,data/analysis/gpt_nano_revenge_plot_posterior_shift_example.md,analysis/gpt_nano_revenge_plot_posterior_shift_example.md,11818,03fec4482bbb4d48d02505cef81a6aa2295c51f32309d6aa848a38e6ddfabc07
data,data/analysis/hp_spgg_deployment_robustness.csv,analysis/hp_spgg_deployment_robustness.csv,3204,2448cd2f9b2cf8863e440dc34457f96a9d2788de4568cf402f58ea0d8c727c0c
data,data/analysis/hp_spgg_deployment_robustness.json,analysis/hp_spgg_deployment_robustness.json,1618352,b5b549a6e7349e05b76741570a3ca576aefb12b3454d3fbba698a22bd1888cf7
data,data/analysis/hp_spgg_deployment_robustness.md,analysis/hp_spgg_deployment_robustness.md,2458,65dd700e8f37c98c80ec1264421bb9e2cdba52ebafe57646c867322bb551419d
data,data/analysis/join_trip_sidebyside.md,analysis/join_trip_sidebyside.md,22684,c3497cdacb07f82c47defeb4feb52652472449db2639726ae5459bc9a976abdf
data,data/analysis/llm_baseline_summary.md,analysis/llm_baseline_summary.md,3920,a3f1b78a82c9ef015cd4f368d298947cc29ea01eece9298c40fa818bcdd1016c
data,data/analysis/model_performance_available_20260517.md,analysis/model_performance_available_20260517.md,6531,f48e96ddaedf864902ba900a8b8bf584fde18411ae816a44020f0398d4ab1e3a
data,data/analysis/model_sweep_coverage_audit.md,analysis/model_sweep_coverage_audit.md,3716,6b221d09f75347bae9bf78318ff134b5b6a2cfc7a90116825c0175364dbda291
data,data/analysis/overall_results_summary.md,analysis/overall_results_summary.md,17042,94ef0105c0a5add55e7c80a87c7e8332f199990bb18458ac30cae6d7d64d896b
data,data/analysis/phase2_concordia_sotopia_environment_notes.md,analysis/phase2_concordia_sotopia_environment_notes.md,12566,178855f538492fb20cd01735b7b0a781f3a6b1b8294a4fd05e97455066f3ba7d
data,data/analysis/proposed_vs_baselines_guardrail_20260517.md,analysis/proposed_vs_baselines_guardrail_20260517.md,3972,cbcb1b3dc2729c26ea2c395612a0780195d55b1963999bbe4e793d8802aca79f
data,data/analysis/real_episode_flows_for_figures.md,analysis/real_episode_flows_for_figures.md,16118,32360603f43ff0e4fd5a758e7cb78ea3b3a0ca7d72f58a3edb951dcf72f72783
data,data/analysis/related_work_candidate_baselines.md,analysis/related_work_candidate_baselines.md,6061,3bdd523fa15bbc2ff1094caf064e6b9bf9bc3e069155d911c2c6813cc5e78af3
data,data/analysis/results_index.md,analysis/results_index.md,19257,2f43d744299c87833443f6d87405a6b831d4f1c0dd316d9412a4b3978c8f0bdb
data,data/analysis/results_integration_memo.md,analysis/results_integration_memo.md,6642,c6858b49c392746248c8dda03ed33d9de5929594febd247270e29d28dc9bee18
data,data/analysis/scientific_integrity_audit_20260517.md,analysis/scientific_integrity_audit_20260517.md,3992,5dc42a337a2dba8fd4ca28242379000cc02c9d759f51c39c478999b8f6d5f771
data,data/analysis/smoke_8_algos_summary.md,analysis/smoke_8_algos_summary.md,1076,88bc070386b86eb20b43e8e6951cc9b67001fcc480c17debdf4ea557b15972c6
data,data/analysis/sotopia_fairness_audit_20260518.md,analysis/sotopia_fairness_audit_20260518.md,4544,80cb2e9d727d46696dd5a9b557e4f605c0086048c3458a13e6dbf2e91bb5bc98
data,data/analysis/sotopia_hard_official_DeepSeek_V3_2_summary.md,analysis/sotopia_hard_official_DeepSeek_V3_2_summary.md,3265,aa9dee2349c54da178afa172c2334563770f0ba8e9807622c50ad117568801c4
data,data/analysis/sotopia_hard_official_all_models_summary.md,analysis/sotopia_hard_official_all_models_summary.md,3939,90faf18497d34c684abdc002ac492294a834270944180ae448ea6dbd13fb6314
data,data/analysis/sotopia_tuned_all70_full_report.md,analysis/sotopia_tuned_all70_full_report.md,13295,664a52237acc56bed45f75f939975dea86ca802c7a4b8c29215bccbeb2400e25
data,data/analysis/sotopia_tuned_all_baselines_fair_rerun_20260518.md,analysis/sotopia_tuned_all_baselines_fair_rerun_20260518.md,2235,2cfa3537cd03b278d154099367ce410f398ff98dac34016e971a4dcc44e00d79
data,data/analysis/sotopia_tuned_hpsmg_plus_all70_results_20260518.md,analysis/sotopia_tuned_hpsmg_plus_all70_results_20260518.md,2993,1a4a80fc2b66ded6eab45f9c26c3a06b8ef30db1e628ce21de646514a20a278b
data,data/analysis/sotopia_tuned_overnight_plan_20260518.md,analysis/sotopia_tuned_overnight_plan_20260518.md,2002,4b36c9fbcf5f8f56fc60ad8bed15f59e90adfe7bcc9a1895e07a47c43a9bda8c
data,data/analysis/sotopia_tuned_variant_transparency_20260518.md,analysis/sotopia_tuned_variant_transparency_20260518.md,2838,f37dec3f9575a4e1c3b05b22b6f1e631f968e7a354107e717f4ab9682ef24e74
data,data/analysis/wave1_experiment_additions_summary.md,analysis/wave1_experiment_additions_summary.md,15921,71c7b872419fca360eca689dff2116ea28c48fd18aaa7438fa3f3bdd629c6df2
data,data/tables/E5_cross_model_cumulative_regret_summary.csv,tables/E5_cross_model_cumulative_regret_summary.csv,222143,1ee1d31f40e698bdc6966115efc0597898b3ef983548aca5c4f06eff48d0e66b
other_canonical_figure,figures/all_other_canonical/E2_native_vs_llm_baselines_main.png,arr_paper/figs/E2_native_vs_llm_baselines_main.png,100024,abbf2a787ab98ce4c789b98b1398451219f03ba1c71f5b00c7647aecb6db8c1a
other_canonical_figure,figures/all_other_canonical/E4_burn_in_cross.pdf,arr_paper/figs/E4_burn_in_cross.pdf,16959,6fd23173be57fce319a8aa91a721dc34db7e067a014610eb383819d8550d9e39
other_canonical_figure,figures/all_other_canonical/E4_prior_recovery_llm.png,arr_paper/figs/E4_prior_recovery_llm.png,86469,758d74c38ac4f58dbb79225309f161d8cd49b04ea276a78e0fafe4d3162cecdb
other_canonical_figure,figures/all_other_canonical/fig10_beta_sweep_v3.png,arr_paper/figs/fig10_beta_sweep_v3.png,102604,aa5f9d2ad2515f38aef2543bfae53d4bb10f91ea2ad4c76c89f891f8580b1fdd
other_canonical_figure,figures/all_other_canonical/fig10_concordia_cross_model_v3.pdf,arr_paper/figs/fig10_concordia_cross_model_v3.pdf,34230,2a6c440db553fc829768417fb3fa51eb1691d4d5fef036e1c8a5df6b202485a5
other_canonical_figure,figures/all_other_canonical/fig10_concordia_cross_model_v3.png,arr_paper/figs/fig10_concordia_cross_model_v3.png,51647,95c045b69edf7521b0ccc4b1221aa3c98d90cf7b4ca2384842656091cfa6d44f
other_canonical_figure,figures/all_other_canonical/fig10_concordia_main_v3.pdf,arr_paper/figs/fig10_concordia_main_v3.pdf,45388,073d6d7b7dea54bd407025554c352ebfad8cd36d6af4d7e6fe2ec4c26a2f5a7c
other_canonical_figure,figures/all_other_canonical/fig10_concordia_main_v3.png,arr_paper/figs/fig10_concordia_main_v3.png,320397,f2c255ff2cceff89a1cb3f38639449bc79b1cd07fc2d9293db0176ef9eaecf6e
other_canonical_figure,figures/all_other_canonical/fig10_concordia_main_v4.pdf,arr_paper/figs/fig10_concordia_main_v4.pdf,34069,6fa85e10659cd117d051f6dc5f247f40cc2756cde5019b8de0a24abcec2bf406
other_canonical_figure,figures/all_other_canonical/fig10_concordia_main_v5.pdf,arr_paper/figs/fig10_concordia_main_v5.pdf,33976,75c5c5274452d066bc4fd9ad2bbaf66fa8ad509949a561ab990a09f007374cae
other_canonical_figure,figures/all_other_canonical/fig10_concordia_main_v6.pdf,arr_paper/figs/fig10_concordia_main_v6.pdf,36162,65dcbc6b54d0d92cf3a15375e96dea857d38150bb3af8609480b27180bc2a34d
other_canonical_figure,figures/all_other_canonical/fig10_concordia_main_v7.png,arr_paper/figs/fig10_concordia_main_v7.png,171473,c68edbd5142a7af5df053a0064f2dac50e27e537700e4b64c5ac8eeeff680f5d
other_canonical_figure,figures/all_other_canonical/fig10_hp_spgg_cross_model_v3.pdf,arr_paper/figs/fig10_hp_spgg_cross_model_v3.pdf,33507,6a1787683a52f1481d1e370986db49d38d374a6869a3a49458ab5195abe72c8b
other_canonical_figure,figures/all_other_canonical/fig11_haggling_pareto.pdf,arr_paper/figs/fig11_haggling_pareto.pdf,32532,0e9a788a6e9968943bf326071544749f8d60d2b839b8068fbb92f9d35db8196e
other_canonical_figure,figures/all_other_canonical/fig12_decentralized_price.png,arr_paper/figs/fig12_decentralized_price.png,113084,88d00267474f2b80125cf6f95bbd94e496c75e660d33410033abb7a8d41d159d
other_canonical_figure,figures/all_other_canonical/figA1_hp_spgg_winner_heatmap_v3.pdf,arr_paper/figs/figA1_hp_spgg_winner_heatmap_v3.pdf,37390,8175a865b61c3e66c5f5bfd21a4fe271d020ec2eae0960cfc6f0c692a3423f29
other_canonical_figure,figures/all_other_canonical/figA1_hp_spgg_winner_heatmap_v3.png,arr_paper/figs/figA1_hp_spgg_winner_heatmap_v3.png,46864,cdadcf593faeb237229166a6c0434ca4a1fa291224fece95fecb8723f5f5baa1
other_canonical_figure,figures/all_other_canonical/figA2_hp_spgg_welfare_pareto_v3.pdf,arr_paper/figs/figA2_hp_spgg_welfare_pareto_v3.pdf,39159,bcff0dc4121fce2dd4ceaf190c5c000994d1c3c8a8772ca65bf88e0955d4adcf
other_canonical_figure,figures/all_other_canonical/figA2_hp_spgg_welfare_pareto_v3.png,arr_paper/figs/figA2_hp_spgg_welfare_pareto_v3.png,125015,848f7d342417b2a188c66ccfb1cf01d39651d89f5213f3fea0762646100af88b
other_canonical_figure,figures/all_other_canonical/figA3_hp_spgg_iqr_distribution_v3.pdf,arr_paper/figs/figA3_hp_spgg_iqr_distribution_v3.pdf,39714,24a3624db31585585323b532a97164bcc07cdcbbce8e414896b14d8be86b4c52
other_canonical_figure,figures/all_other_canonical/figA3_hp_spgg_iqr_distribution_v3.png,arr_paper/figs/figA3_hp_spgg_iqr_distribution_v3.png,126324,78ec947381edaf307481b033e77dcaa7eb95e91eaa3acfd9e62027657fdc7822
other_canonical_figure,figures/all_other_canonical/fig_3_1_scatter_v4.pdf,arr_paper/figs/fig_3_1_scatter_v4.pdf,31193,ad98c0e666656553c0da33a13767a304ae1fa62a2e6f22038cf364d6fa199bd2
other_canonical_figure,figures/all_other_canonical/fig_3_1_scatter_v4.png,arr_paper/figs/fig_3_1_scatter_v4.png,85467,bd5280fbe95f6dd8403f3f472679a521e45532e67253ecc54b889c632f66e947
other_canonical_figure,figures/all_other_canonical/fig_3_1_scatter_v5.pdf,arr_paper/figs/fig_3_1_scatter_v5.pdf,32993,dc16579edf2e95be0c4c44d197c292111ec329ebb4d20fa135489d4fa3d1b2df
other_canonical_figure,figures/all_other_canonical/fig_3_1_scatter_v5.png,arr_paper/figs/fig_3_1_scatter_v5.png,84025,3d9141a5371fea639f61afd64ff1b7e2bf39814bfc7ac186adf80b881f1bcb85
other_canonical_figure,figures/all_other_canonical/fig_concordia_llm_psrl_verbal_summary.pdf,arr_paper/figs/fig_concordia_llm_psrl_verbal_summary.pdf,15648,53cf701f5aa5e99228d460355bea9695c099974688dcd54d901de46fcce63b48
other_canonical_figure,figures/all_other_canonical/fig_concordia_llm_psrl_verbal_summary.png,arr_paper/figs/fig_concordia_llm_psrl_verbal_summary.png,56519,2b6a06e8a77e04eb0f042de3966cfa7353dd17e8b4f653453bdc316fbc275e8f
other_canonical_figure,figures/all_other_canonical/fig_concordia_per_env_v2.pdf,arr_paper/figs/fig_concordia_per_env_v2.pdf,24147,9996372ae7ac622dc3b27f767a8ab4a434212b7572dc1580eb526dc6e6f3df8a
other_canonical_figure,figures/all_other_canonical/fig_concordia_per_env_v2.png,arr_paper/figs/fig_concordia_per_env_v2.png,189326,a80949fa2025b7b3c4764c8c10d49694838dd60856867028eb2fded4c3004617
other_canonical_figure,figures/all_other_canonical/fig_concordia_supp_eps_sensitivity_v1.pdf,arr_paper/figs/fig_concordia_supp_eps_sensitivity_v1.pdf,51763,c20d24de9f7e7e90b29ecfe4510168163b8ed5c4385c64de85e54cc8b104e062
other_canonical_figure,figures/all_other_canonical/fig_courier_beta_tradeoff.pdf,arr_paper/figs/fig_courier_beta_tradeoff.pdf,23552,479941dd2d53b92af0763834af0d9b7fe7911b8c75da8c59eff7ea4aa96721b7
other_canonical_figure,figures/all_other_canonical/fig_courier_beta_tradeoff.png,arr_paper/figs/fig_courier_beta_tradeoff.png,83142,d751949a363a1e24a0963860bbff1435fadf1aab23416fc3f009af67b72afa47
other_canonical_figure,figures/all_other_canonical/fig_courier_dispatch_couple_lambda.pdf,arr_paper/figs/fig_courier_dispatch_couple_lambda.pdf,14457,1c357619014e93dcdf2a7045c93fa32032b7d5b6582df1554c9757fba4a6097f
other_canonical_figure,figures/all_other_canonical/fig_courier_dispatch_couple_lambda.png,arr_paper/figs/fig_courier_dispatch_couple_lambda.png,93162,747829859a94fbcb25ca9fa3d7775a822fd4eb2afece2ef7c06ebfb5db7527d9
other_canonical_figure,figures/all_other_canonical/fig_courier_dispatch_lambda_probe_couple_lambda.pdf,arr_paper/figs/fig_courier_dispatch_lambda_probe_couple_lambda.pdf,15543,c2ed2f035cf83c9b4f648728bf6dc581f36349ce9390058223aa5f6756a2c739
other_canonical_figure,figures/all_other_canonical/fig_courier_dispatch_lambda_probe_couple_lambda.png,arr_paper/figs/fig_courier_dispatch_lambda_probe_couple_lambda.png,85707,c79a3b951f02737ea639bd7cc76933ebd4789a03aa0ad1452ee8d8949ea895b4
other_canonical_figure,figures/all_other_canonical/fig_courier_dispatch_lambda_probe_learning.pdf,arr_paper/figs/fig_courier_dispatch_lambda_probe_learning.pdf,19132,3622fcd0f905cdb1f71791f3c3d079acb13cd87b07c517bbc4b9352b713d3b9a
other_canonical_figure,figures/all_other_canonical/fig_courier_dispatch_lambda_probe_learning.png,arr_paper/figs/fig_courier_dispatch_lambda_probe_learning.png,156848,b413c0e99e465aa038892d1cdcd3d7e81e372dad881e436c3e23b848a9bd5c99
other_canonical_figure,figures/all_other_canonical/fig_courier_dispatch_lambda_probe_probe_cost.pdf,arr_paper/figs/fig_courier_dispatch_lambda_probe_probe_cost.pdf,15666,9f8c248ced67467f2e100497f5c15fc447935188f9ca9c83ad9894033ec81805
other_canonical_figure,figures/all_other_canonical/fig_courier_dispatch_lambda_probe_probe_cost.png,arr_paper/figs/fig_courier_dispatch_lambda_probe_probe_cost.png,79698,00d7cfe556793ab319028576fd868c517ac2268c8d461adb6a9a05ea82f4e1ef
other_canonical_figure,figures/all_other_canonical/fig_courier_dispatch_learning.pdf,arr_paper/figs/fig_courier_dispatch_learning.pdf,17359,444a7215ffc69f86f3e0a6c90d9998dfeaf348d65b4fcda9fa45cd67182c619b
other_canonical_figure,figures/all_other_canonical/fig_courier_dispatch_learning.png,arr_paper/figs/fig_courier_dispatch_learning.png,197804,7dea4da7698743e814ebffcb58d8c9334be57a15d0eb97622ff6886ad43fba13
other_canonical_figure,figures/all_other_canonical/fig_courier_dispatch_probe_cost.pdf,arr_paper/figs/fig_courier_dispatch_probe_cost.pdf,14780,18882646fb4155ab15e8cfeb824016c2aba4d600e36a0b1ca3062f6272e4e8c5
other_canonical_figure,figures/all_other_canonical/fig_courier_dispatch_probe_cost.png,arr_paper/figs/fig_courier_dispatch_probe_cost.png,73872,e319d06b1a6608f78d1ffceb53629d99865eb10ff3f43c5932a913c0a21ee421
other_canonical_figure,figures/all_other_canonical/fig_courier_dispatch_s5_couple_lambda.pdf,arr_paper/figs/fig_courier_dispatch_s5_couple_lambda.pdf,13976,c9de4422288d29b4087c6ebb6ca92fef942fcc964876120926faaef5f9cc65f0
other_canonical_figure,figures/all_other_canonical/fig_courier_dispatch_s5_couple_lambda.png,arr_paper/figs/fig_courier_dispatch_s5_couple_lambda.png,88242,01ea51767a75e11fad158ced9cdcfbcb02e3cd037794449f88ebdb6ce744c601
other_canonical_figure,figures/all_other_canonical/fig_courier_dispatch_s5_learning.pdf,arr_paper/figs/fig_courier_dispatch_s5_learning.pdf,17343,a41c3cd08b09be80bf2d7b273c79cc16b02b1762c795e61db2059910e92f376e
other_canonical_figure,figures/all_other_canonical/fig_courier_dispatch_s5_learning.png,arr_paper/figs/fig_courier_dispatch_s5_learning.png,186366,7636715d1b74bf69d0710ec06621fde598dba1c9da8e2a9d160910508b00c77a
other_canonical_figure,figures/all_other_canonical/fig_courier_dispatch_s5_probe_cost.pdf,arr_paper/figs/fig_courier_dispatch_s5_probe_cost.pdf,14770,58005dd74dde6f0276220c4abec4a84d551d82cbe0151d1735ffad6f74c005c5
other_canonical_figure,figures/all_other_canonical/fig_courier_dispatch_s5_probe_cost.png,arr_paper/figs/fig_courier_dispatch_s5_probe_cost.png,74812,be5673bd6c121d078725fb2b4fee2b9c9314a411f03b91a664066a56ccbac3fc
other_canonical_figure,figures/all_other_canonical/fig_courier_dispatch_smoke_couple_lambda.pdf,arr_paper/figs/fig_courier_dispatch_smoke_couple_lambda.pdf,14888,5c77d6c57bd11842c3b89db80518a08ffcdcb34e927c18977ff66f7bd502b40c
other_canonical_figure,figures/all_other_canonical/fig_courier_dispatch_smoke_couple_lambda.png,arr_paper/figs/fig_courier_dispatch_smoke_couple_lambda.png,74943,b84bc88ec265a0f75d45e2bdc7d949f6cef51e848a51d70621ccb8a1d71fe9f2
other_canonical_figure,figures/all_other_canonical/fig_courier_dispatch_smoke_learning.pdf,arr_paper/figs/fig_courier_dispatch_smoke_learning.pdf,17661,392afe43320d8933db5052a9566e5b66d87c85014eaf06246e582e1989d56c31
other_canonical_figure,figures/all_other_canonical/fig_courier_dispatch_smoke_learning.png,arr_paper/figs/fig_courier_dispatch_smoke_learning.png,159605,8c5cbaa438654ca86ad5d24c43104655847b39e339c7cdd99f0c17fe73e0d683
other_canonical_figure,figures/all_other_canonical/fig_courier_dispatch_smoke_newbaselines_couple_lambda.pdf,arr_paper/figs/fig_courier_dispatch_smoke_newbaselines_couple_lambda.pdf,14457,e49aa0e3dfe52531f288dedaf01ec9248f00057b348acfa6a4339a97e773d218
other_canonical_figure,figures/all_other_canonical/fig_courier_dispatch_smoke_newbaselines_couple_lambda.png,arr_paper/figs/fig_courier_dispatch_smoke_newbaselines_couple_lambda.png,93162,747829859a94fbcb25ca9fa3d7775a822fd4eb2afece2ef7c06ebfb5db7527d9
other_canonical_figure,figures/all_other_canonical/fig_courier_dispatch_smoke_newbaselines_learning.pdf,arr_paper/figs/fig_courier_dispatch_smoke_newbaselines_learning.pdf,17368,ca38706a79369e2fbcfb22b84d9bc00b19381da685a2d533b2b84f2ac212cf58
other_canonical_figure,figures/all_other_canonical/fig_courier_dispatch_smoke_newbaselines_learning.png,arr_paper/figs/fig_courier_dispatch_smoke_newbaselines_learning.png,188105,09895494168061b37192219c7d5c927738cfe99bb2bfefee3896a38a85a79954
other_canonical_figure,figures/all_other_canonical/fig_courier_dispatch_smoke_newbaselines_probe_cost.pdf,arr_paper/figs/fig_courier_dispatch_smoke_newbaselines_probe_cost.pdf,14780,412d629c333578be7936153aeda09c29ca38b0451081f148ffa8bef178379530
other_canonical_figure,figures/all_other_canonical/fig_courier_dispatch_smoke_newbaselines_probe_cost.png,arr_paper/figs/fig_courier_dispatch_smoke_newbaselines_probe_cost.png,73872,e319d06b1a6608f78d1ffceb53629d99865eb10ff3f43c5932a913c0a21ee421
other_canonical_figure,figures/all_other_canonical/fig_courier_dispatch_smoke_probe_cost.pdf,arr_paper/figs/fig_courier_dispatch_smoke_probe_cost.pdf,15192,638800acf1b3759de8ae77aca997602cfb69a5aef94e205c14f7b88ada4a64bd
other_canonical_figure,figures/all_other_canonical/fig_courier_dispatch_smoke_probe_cost.png,arr_paper/figs/fig_courier_dispatch_smoke_probe_cost.png,75138,2f290b89126adca1d36cb0fed0ae9284b81eed52c55eb5ad142cf6f50c1c4e81
other_canonical_figure,figures/all_other_canonical/fig_courier_dispatch_wrapper_smoke_couple_lambda.pdf,arr_paper/figs/fig_courier_dispatch_wrapper_smoke_couple_lambda.pdf,14502,c5c4d3f7a0e78f9af067811ddcfb824d7c5b8dd4858a9bf6fa1de6842c448c4b
other_canonical_figure,figures/all_other_canonical/fig_courier_dispatch_wrapper_smoke_couple_lambda.png,arr_paper/figs/fig_courier_dispatch_wrapper_smoke_couple_lambda.png,74545,a976444870fdc14841567cfc7506175c65cf02372f2f0c84b458fc844e69aa77
other_canonical_figure,figures/all_other_canonical/fig_courier_dispatch_wrapper_smoke_learning.pdf,arr_paper/figs/fig_courier_dispatch_wrapper_smoke_learning.pdf,16539,c6365b4ef51e08910f7717608d22fbcc64471e1c0370f1bbf7dc888cc2854011
other_canonical_figure,figures/all_other_canonical/fig_courier_dispatch_wrapper_smoke_learning.png,arr_paper/figs/fig_courier_dispatch_wrapper_smoke_learning.png,149899,8fcfd0cd37c3f840d7957e0642d85d1b5a2d0020ab2d7537dbdb20e7269339ad
other_canonical_figure,figures/all_other_canonical/fig_courier_dispatch_wrapper_smoke_probe_cost.pdf,arr_paper/figs/fig_courier_dispatch_wrapper_smoke_probe_cost.pdf,15235,dbeb24568e45f38212af02492bc4be85e14bba8becb1d9dfb1e616b5e6516606
other_canonical_figure,figures/all_other_canonical/fig_courier_dispatch_wrapper_smoke_probe_cost.png,arr_paper/figs/fig_courier_dispatch_wrapper_smoke_probe_cost.png,69421,ee9919895fc02c9568ed7d30ea743ef83e5b96f95e64523a8c9d7dba1a393586
other_canonical_figure,figures/all_other_canonical/fig_courier_gpt_all_methods.pdf,arr_paper/figs/fig_courier_gpt_all_methods.pdf,30211,3202b48ff8a1ae9d44b7545ec210602d050d3d781e897ffe87bf05e96248c5df
other_canonical_figure,figures/all_other_canonical/fig_courier_gpt_all_methods.png,arr_paper/figs/fig_courier_gpt_all_methods.png,101238,68863b82e6e78c33e03e095f020a1e78020cfbf12594e05efe51bf379af45449
other_canonical_figure,figures/all_other_canonical/fig_courier_horizon_recovery.pdf,arr_paper/figs/fig_courier_horizon_recovery.pdf,25670,3fd7f9715bb07c31346b35fce47eadd918db6297abe0016ac17f3a6a3520ade8
other_canonical_figure,figures/all_other_canonical/fig_courier_horizon_recovery.png,arr_paper/figs/fig_courier_horizon_recovery.png,103643,7cc87d205e4600a7f1eb4fab85b26590bb842c1575429a222854169f096ea418
other_canonical_figure,figures/all_other_canonical/fig_courier_live_llm_planner_comparison.pdf,arr_paper/figs/fig_courier_live_llm_planner_comparison.pdf,25698,08db4bc60d337dbc008781c53c6167ae73c84a81207933460855678dbe8d8457
other_canonical_figure,figures/all_other_canonical/fig_courier_live_llm_planner_comparison.png,arr_paper/figs/fig_courier_live_llm_planner_comparison.png,72463,edfcbebc088233d3075dfd7107503340ef0dcb5b83d8f7be487b970e26f32a16
other_canonical_figure,figures/all_other_canonical/fig_courier_masking_rl_stress.pdf,arr_paper/figs/fig_courier_masking_rl_stress.pdf,24636,fd9d6ed5ba840b45dd8d639ffb4ddf61481966c36a5884f4640a6c4775904f15
other_canonical_figure,figures/all_other_canonical/fig_courier_masking_rl_stress.png,arr_paper/figs/fig_courier_masking_rl_stress.png,91230,f3511c9196828ef6004c89e3b2fa10505e9f4e8a4a0ee9ffb17748235858a2f3
other_canonical_figure,figures/all_other_canonical/fig_courier_matching_A2_factored_vs_joint.pdf,arr_paper/figs/fig_courier_matching_A2_factored_vs_joint.pdf,25049,2c17de97b1f1932cec386ede2ed61d01a9d73b39bfecdd4d5f64bf66e87e7cc7
other_canonical_figure,figures/all_other_canonical/fig_courier_matching_A2_factored_vs_joint.png,arr_paper/figs/fig_courier_matching_A2_factored_vs_joint.png,80169,755845ff1ff8411e1b00ecf8163859df523c7be9cc28810f8b80be536b866ca0
other_canonical_figure,figures/all_other_canonical/fig_courier_matching_A3_beta_exploration.pdf,arr_paper/figs/fig_courier_matching_A3_beta_exploration.pdf,25898,300eaa2d3a8a43c769616b4a1d82eb2030fbfddae393d82d4b1fd66688ce7182
other_canonical_figure,figures/all_other_canonical/fig_courier_matching_A3_beta_exploration.png,arr_paper/figs/fig_courier_matching_A3_beta_exploration.png,123638,991559c9501462be787a72caa5289cee3b5cff6d9d7e0d3bb6836ecd34d34484
other_canonical_figure,figures/all_other_canonical/fig_courier_matching_F2_horizon_beta.pdf,arr_paper/figs/fig_courier_matching_F2_horizon_beta.pdf,33432,4de5eb14328659f8123582a92b9c2426075eea4f1757aa73a1a8c0ca1188a98c
other_canonical_figure,figures/all_other_canonical/fig_courier_matching_F2_horizon_beta.png,arr_paper/figs/fig_courier_matching_F2_horizon_beta.png,167979,3fb293b09933d08f09afe840ef6e72f08b85a53fdc010411a1975a1ba4dafa04
other_canonical_figure,figures/all_other_canonical/fig_courier_matching_F3_couple_lambda.pdf,arr_paper/figs/fig_courier_matching_F3_couple_lambda.pdf,26402,cae47c87e1912a6379f31b86d0c300e4e4cfcb923a15dc4515561525909aa1be
other_canonical_figure,figures/all_other_canonical/fig_courier_matching_F3_couple_lambda.png,arr_paper/figs/fig_courier_matching_F3_couple_lambda.png,113010,c1fe0232482aa486149ee803ac7269dd8a1ce70c1bb7616a45b9c64bb118187c
other_canonical_figure,figures/all_other_canonical/fig_courier_matching_F4_per_round_posterior.pdf,arr_paper/figs/fig_courier_matching_F4_per_round_posterior.pdf,27590,9ed218c33834ae0cc871e6f1e8e558bff5c8b531b212f48df03efaf322de3ec9
other_canonical_figure,figures/all_other_canonical/fig_courier_matching_F4_per_round_posterior.png,arr_paper/figs/fig_courier_matching_F4_per_round_posterior.png,105112,3b13eaaaa150e18ccfe34fedbe221b66c3fdbfce3c6467e624076109668d40cc
other_canonical_figure,figures/all_other_canonical/fig_courier_matching_llm_backend_beta_sweep.pdf,arr_paper/figs/fig_courier_matching_llm_backend_beta_sweep.pdf,40790,c6a66f88d58f0b4772884e9846eb0466105757f78a7ec65265f79336d5955d5f
other_canonical_figure,figures/all_other_canonical/fig_courier_matching_llm_backend_beta_sweep.png,arr_paper/figs/fig_courier_matching_llm_backend_beta_sweep.png,202214,e3115ade9b6371f97fd4c0c3209d6f7e0a024ab501a008405814300e3e52736a
other_canonical_figure,figures/all_other_canonical/fig_courier_matching_llm_backend_main.pdf,arr_paper/figs/fig_courier_matching_llm_backend_main.pdf,45283,096938410269b99c3192f97a2b5bbe2f37edd25fc098159244191b7cbf6722c3
other_canonical_figure,figures/all_other_canonical/fig_courier_matching_llm_backend_main.png,arr_paper/figs/fig_courier_matching_llm_backend_main.png,306212,c99cf397c5610d55e29d86558de4765c6b40e8b702176bba52b60b24c8c07c80
other_canonical_figure,figures/all_other_canonical/fig_courier_matching_llm_backend_wllm0_with_verbal_random.pdf,arr_paper/figs/fig_courier_matching_llm_backend_wllm0_with_verbal_random.pdf,46606,9dfca62c03bbb628e043946ed52706806a5769b4a903847a21caa63c8364c882
other_canonical_figure,figures/all_other_canonical/fig_courier_matching_llm_backend_wllm0_with_verbal_random.png,arr_paper/figs/fig_courier_matching_llm_backend_wllm0_with_verbal_random.png,341287,13a777d8276ddb7904714068c515a1a964986b9d63e838e4e7af19c04ccd6a96
other_canonical_figure,figures/all_other_canonical/fig_e0_1_reliability_diagram.pdf,arr_paper/figs/fig_e0_1_reliability_diagram.pdf,22077,9ebf5a29e823403456fb9ce64fa86648e84cbb71ab0c5417651bf3b62fd0d9c9
other_canonical_figure,figures/all_other_canonical/fig_e0_1_reliability_diagram.png,arr_paper/figs/fig_e0_1_reliability_diagram.png,172405,e58031facde805690c7fa51fc9b9e242374946f43e1f68801a3b06652636c06a
other_canonical_figure,figures/all_other_canonical/fig_e0_2_posterior_recovery_fit.pdf,arr_paper/figs/fig_e0_2_posterior_recovery_fit.pdf,21457,d26bd191283f7ca61cee655a8baae8904a716d41c8e77a7a7d6ddd30bf5f9ada
other_canonical_figure,figures/all_other_canonical/fig_e0_2_posterior_recovery_fit.png,arr_paper/figs/fig_e0_2_posterior_recovery_fit.png,125821,42a0150f05012349deb02cc9ba1e7cf590c4ff4a717cdf3f50faea002ead1112
other_canonical_figure,figures/all_other_canonical/fig_e0_4_bonus_decay.pdf,arr_paper/figs/fig_e0_4_bonus_decay.pdf,20671,daf95d87364ec4109ae850c0aa6a1c30e43a64949c17fe66ceaf5b93d6c7eb91
other_canonical_figure,figures/all_other_canonical/fig_e0_4_bonus_decay.png,arr_paper/figs/fig_e0_4_bonus_decay.png,127291,337638ea487fffe01f73c3c25d22c712411517eaf7ea9d52ff75387ef22e97a6
other_canonical_figure,figures/all_other_canonical/fig_e1_1_n_scaling.png,arr_paper/figs/fig_e1_1_n_scaling.png,162390,97c8308364de396e5b50019aec97b0a4e81577f1c65e279d286f0928907fe8f8
other_canonical_figure,figures/all_other_canonical/fig_e1_1_n_scaling_llm.png,arr_paper/figs/fig_e1_1_n_scaling_llm.png,408442,e3951b982404671d47f5da9e96537eee27048b4deed8705150bcdf7620f5019b
other_canonical_figure,figures/all_other_canonical/fig_e1_3_lower_bound_dir_a0p1_analytic.pdf,arr_paper/figs/fig_e1_3_lower_bound_dir_a0p1_analytic.pdf,30559,12e9e1f9561641310127761d822a2e26df732abb27bc21c029ecb573ae2206f6
other_canonical_figure,figures/all_other_canonical/fig_e1_3_lower_bound_dir_a0p1_analytic.png,arr_paper/figs/fig_e1_3_lower_bound_dir_a0p1_analytic.png,120223,f3d7d64e882d7f3569daa7c043835bc9d6ee12277738f1455e342bea186f18ec
other_canonical_figure,figures/all_other_canonical/fig_e1_3_lower_bound_shared_type_analytic.png,arr_paper/figs/fig_e1_3_lower_bound_shared_type_analytic.png,110502,59b7580054de266f7c781795ac47388fec929d6a404597069e5d2179692ba3c0
other_canonical_figure,figures/all_other_canonical/fig_e1_3_lower_bound_shared_type_deepseek.png,arr_paper/figs/fig_e1_3_lower_bound_shared_type_deepseek.png,118472,06969d9172646f178075701fae04e0cf3cfa35fb8d12c945eb262c7ba2684ee4
other_canonical_figure,figures/all_other_canonical/fig_e1_3_lower_bound_shared_type_gpt5_nano.png,arr_paper/figs/fig_e1_3_lower_bound_shared_type_gpt5_nano.png,110242,f3c87ae49a69c26f9a7293691e9770ba98b6a12c2500193bc448ed43903ec75f
other_canonical_figure,figures/all_other_canonical/fig_e1_3_lower_bound_shared_type_kimi_k2.png,arr_paper/figs/fig_e1_3_lower_bound_shared_type_kimi_k2.png,126067,f21a0a9aa680c6469288c3fd9f72573472562acf1cf944d35e1c79f7c442316a
other_canonical_figure,figures/all_other_canonical/fig_e1_3_lower_bound_shared_type_llama_maverick.png,arr_paper/figs/fig_e1_3_lower_bound_shared_type_llama_maverick.png,125166,42f518cc809543cf0ef5da584b4af8179554ef7b25be30b63d752926145bde82
other_canonical_figure,figures/all_other_canonical/fig_e1_3_pf_isolation.png,arr_paper/figs/fig_e1_3_pf_isolation.png,148164,ecad30d43060efd3512bd2b50a3bcfeae3fb329716b2252a7b8f673145194680
other_canonical_figure,figures/all_other_canonical/fig_e1_posterior_concentration_v3.png,arr_paper/figs/fig_e1_posterior_concentration_v3.png,77776,a5041aacde7ca470aa157d75efd5a8c9e19945f9368254564d6ce4c2e0a6c81f
other_canonical_figure,figures/all_other_canonical/fig_e2_type_scaling_v3.png,arr_paper/figs/fig_e2_type_scaling_v3.png,72176,e3841e3498ece1126716ac306ead0b1a233956ca33f3989e91291c004520cb47
other_canonical_figure,figures/all_other_canonical/fig_e3_n_agent_scaling_v3.png,arr_paper/figs/fig_e3_n_agent_scaling_v3.png,77816,874f80e22ccae0fa0b9a9eed8f1edac9e5952a2dec2900ea442fc92edd0b23da
other_canonical_figure,figures/all_other_canonical/fig_e5_cumulative_regret_trajectories_v3.png,arr_paper/figs/fig_e5_cumulative_regret_trajectories_v3.png,195374,2f50e089c1def3ced185170e29fe6213c71f3b874c684fce5a04884140398a91
other_canonical_figure,figures/all_other_canonical/fig_hp_spgg_com_cloudgpt_live_messages_v1.pdf,arr_paper/figs/fig_hp_spgg_com_cloudgpt_live_messages_v1.pdf,32098,3bdc7e927c7f24421206fa0c4e74ea196584da8e4a7e10f40eb72e78b214bcd3
other_canonical_figure,figures/all_other_canonical/fig_hp_spgg_com_cloudgpt_live_messages_v1.png,arr_paper/figs/fig_hp_spgg_com_cloudgpt_live_messages_v1.png,67709,2e19839a512652188415bd2c270ae0b431fb4e284d58bf62591f9956c1542c19
other_canonical_figure,figures/all_other_canonical/fig_hp_spgg_com_cloudgpt_live_repeats10_messages_v1.pdf,arr_paper/figs/fig_hp_spgg_com_cloudgpt_live_repeats10_messages_v1.pdf,34131,9031caed87f043258474627ac7d625020ee524caa2b453d9586ae522eac55b0a
other_canonical_figure,figures/all_other_canonical/fig_hp_spgg_com_cloudgpt_live_repeats10_messages_v1.png,arr_paper/figs/fig_hp_spgg_com_cloudgpt_live_repeats10_messages_v1.png,68873,6e46465b1b963e35c6ad4d28c93fe25646f95ce38155b243c9c51a60c0d7c404
other_canonical_figure,figures/all_other_canonical/fig_hp_spgg_com_cloudgpt_live_repeats10_suboptimality_v1.pdf,arr_paper/figs/fig_hp_spgg_com_cloudgpt_live_repeats10_suboptimality_v1.pdf,34328,2c1b91b6a7d4052c868056e241cd3ab551fd6289624b3dc3a4b246a3c76c0bac
other_canonical_figure,figures/all_other_canonical/fig_hp_spgg_com_cloudgpt_live_repeats10_suboptimality_v1.png,arr_paper/figs/fig_hp_spgg_com_cloudgpt_live_repeats10_suboptimality_v1.png,71421,f7cd33aaa877f9af808f4d875c4cddee6cec28e1d5260cc1eff58d120da1f4cc
other_canonical_figure,figures/all_other_canonical/fig_hp_spgg_com_cloudgpt_live_repeats3_messages_v1.pdf,arr_paper/figs/fig_hp_spgg_com_cloudgpt_live_repeats3_messages_v1.pdf,34128,f8a15284c675991564a775558a2c5c0b6b155328d1f4245b2ab46d0510003c1c
other_canonical_figure,figures/all_other_canonical/fig_hp_spgg_com_cloudgpt_live_repeats3_messages_v1.png,arr_paper/figs/fig_hp_spgg_com_cloudgpt_live_repeats3_messages_v1.png,68758,e648c7ef93df0df7081f16c66682726e1d95d83feab63e59186475b51c8d0ae8
other_canonical_figure,figures/all_other_canonical/fig_hp_spgg_com_cloudgpt_live_repeats3_suboptimality_v1.pdf,arr_paper/figs/fig_hp_spgg_com_cloudgpt_live_repeats3_suboptimality_v1.pdf,34329,6d0e02d17bfca13d8507c6450db8c38279c48cd0bd5dbbb8e1f533c9665dfa1b
other_canonical_figure,figures/all_other_canonical/fig_hp_spgg_com_cloudgpt_live_repeats3_suboptimality_v1.png,arr_paper/figs/fig_hp_spgg_com_cloudgpt_live_repeats3_suboptimality_v1.png,71413,6c5d8600dba08d94390c80f3a5bbb725c74a8dde3cade1313c2bd2df8e8fc264
other_canonical_figure,figures/all_other_canonical/fig_hp_spgg_com_cloudgpt_live_suboptimality_v1.pdf,arr_paper/figs/fig_hp_spgg_com_cloudgpt_live_suboptimality_v1.pdf,32300,db7fac1640fc331792c3fbc330b159ca9e31001753129fb413fa77c0d3ede931
other_canonical_figure,figures/all_other_canonical/fig_hp_spgg_com_cloudgpt_live_suboptimality_v1.png,arr_paper/figs/fig_hp_spgg_com_cloudgpt_live_suboptimality_v1.png,70394,6b483d89bf2956754ba445dcec560d307714a9c76901f0ff5b90d451e4d54a4a
other_canonical_figure,figures/all_other_canonical/fig_hp_spgg_com_messages_v1.pdf,arr_paper/figs/fig_hp_spgg_com_messages_v1.pdf,31902,c57da6eeae1e60fb192cf2edb746c8d6dc9cbd787c7e0d5739ddd386058d35ea
other_canonical_figure,figures/all_other_canonical/fig_hp_spgg_com_messages_v1.png,arr_paper/figs/fig_hp_spgg_com_messages_v1.png,65134,d1d6b840e20857a41c41405be0c4407fa18507372308b142d9d5b19be1555823
other_canonical_figure,figures/all_other_canonical/fig_hp_spgg_com_suboptimality_v1.pdf,arr_paper/figs/fig_hp_spgg_com_suboptimality_v1.pdf,33580,670c98d51d616aac568517c1225247e386320f245fa7a076d7e246246af2eebd
other_canonical_figure,figures/all_other_canonical/fig_hp_spgg_com_suboptimality_v1.png,arr_paper/figs/fig_hp_spgg_com_suboptimality_v1.png,67866,d06ab10a4a3099ac58cc5c5bb6ad2f656ddd72d1a82d4b0183d78d1edf8aed9e
other_canonical_figure,figures/all_other_canonical/fig_judge_variance_vs_gap.png,arr_paper/figs/fig_judge_variance_vs_gap.png,53653,c3e557b75e83560d6836610fecca33f741650433c89f1771874cb07995634ab7
other_canonical_figure,figures/all_other_canonical/fig_lambda_couple_decoupling_error.pdf,arr_paper/figs/fig_lambda_couple_decoupling_error.pdf,34657,54e04869c19468f4d5a4b1aaf13c980fcfb1f13d6d965e89c953bfbd679e6c18
other_canonical_figure,figures/all_other_canonical/fig_lambda_couple_decoupling_error.png,arr_paper/figs/fig_lambda_couple_decoupling_error.png,207678,934e79966aeb49f2fbb316a8c4fbe8f11df2c286d2e0a88c5bfec19797e1a00c
other_canonical_figure,figures/all_other_canonical/fig_maassim_batch_controlled_baselines.pdf,arr_paper/figs/fig_maassim_batch_controlled_baselines.pdf,22545,088455c0c338ccdca22f77b674385257588c927997e566009e5f64d3f32df117
other_canonical_figure,figures/all_other_canonical/fig_maassim_batch_controlled_baselines.png,arr_paper/figs/fig_maassim_batch_controlled_baselines.png,83911,54be166ac60d7133dbe9312572048a3a0f392f5267e5e85df069f01df09aa067
other_canonical_figure,figures/all_other_canonical/fig_maassim_common_state_replay.pdf,arr_paper/figs/fig_maassim_common_state_replay.pdf,23898,50c16be27fcdc2e0db0dfa3b4e7f1f142f4088fef960479d7542803c384fdf2b
other_canonical_figure,figures/all_other_canonical/fig_maassim_common_state_replay.png,arr_paper/figs/fig_maassim_common_state_replay.png,38425,f1ec2f4cf99e56840425c04a85da7fb013efbc24ee3336aa8ae360a897715373
other_canonical_figure,figures/all_other_canonical/fig_maassim_conflict_people_cars_llm_pact_vs_prompts.gif,arr_paper/figs/fig_maassim_conflict_people_cars_llm_pact_vs_prompts.gif,3361921,244efa928944dee7ce26756ed1d054e102bf6beca1c024f5ac5edc337ddf5b83
other_canonical_figure,figures/all_other_canonical/fig_maassim_conflict_people_cars_llm_pact_vs_prompts.png,arr_paper/figs/fig_maassim_conflict_people_cars_llm_pact_vs_prompts.png,398356,5d11195660325855db0eb8f85b6369e05301acf50a1ce212bbbc80a903b699b8
other_canonical_figure,figures/all_other_canonical/fig_maassim_controlled_baselines.pdf,arr_paper/figs/fig_maassim_controlled_baselines.pdf,25263,a5ad2a29d7b0776e2f093baa0468c84659002e88923f93e00cf7def5ef925c5d
other_canonical_figure,figures/all_other_canonical/fig_maassim_controlled_baselines.png,arr_paper/figs/fig_maassim_controlled_baselines.png,109067,ec67355cf5cf97a6549ec35b620ec1e0564c4d9449a75439b4b8eb3b4215fd4c
other_canonical_figure,figures/all_other_canonical/fig_maassim_controlled_smoke_map.pdf,arr_paper/figs/fig_maassim_controlled_smoke_map.pdf,39081,bbd31c9dc6ff1bd45fa9b250f804b6b5a25e8190531f50d9862a62e423e3d287
other_canonical_figure,figures/all_other_canonical/fig_maassim_controlled_smoke_map.png,arr_paper/figs/fig_maassim_controlled_smoke_map.png,135397,e631db1bd4c674172c6b84deb88a60a00785eb28cbc12a361a541660dea8322d
other_canonical_figure,figures/all_other_canonical/fig_maassim_controlled_smoke_overview.pdf,arr_paper/figs/fig_maassim_controlled_smoke_overview.pdf,36183,e22e007ae9b48af0899088a197b0f854984ff62b4ba7a6beee997291d5706e14
other_canonical_figure,figures/all_other_canonical/fig_maassim_controlled_smoke_overview.png,arr_paper/figs/fig_maassim_controlled_smoke_overview.png,282561,b8aabc340b66610152ed6fa8e472a1617d00fa342abf5cfe047e665ab81a43a1
other_canonical_figure,figures/all_other_canonical/fig_maassim_controlled_vehicle_trace.pdf,arr_paper/figs/fig_maassim_controlled_vehicle_trace.pdf,40723,ceca0ba88ec6130ba5198d8e9416c8fe99e9f8f84252268ada40a13de2e3483c
other_canonical_figure,figures/all_other_canonical/fig_maassim_controlled_vehicle_trace.png,arr_paper/figs/fig_maassim_controlled_vehicle_trace.png,143513,6252b62806061b7148f73441087c9085ec78da10bf0f060ed70fb734f9a638c1
other_canonical_figure,figures/all_other_canonical/fig_maassim_experiment_conflict_episode_dynamics.pdf,arr_paper/figs/fig_maassim_experiment_conflict_episode_dynamics.pdf,90196,a14923dcf09ebb8b20e815fe250cbd78f36d371f640e0a90e164d2d1bfeb4777
other_canonical_figure,figures/all_other_canonical/fig_maassim_experiment_conflict_episode_dynamics.png,arr_paper/figs/fig_maassim_experiment_conflict_episode_dynamics.png,400284,121d2057a3747afd049cf4d02d3b31cf040527d2e61d1d62ea3acf563d5b1d46
other_canonical_figure,figures/all_other_canonical/fig_maassim_experiment_demand_supply.pdf,arr_paper/figs/fig_maassim_experiment_demand_supply.pdf,43117,14262d64a14190697b277697d2b5ca2d9e0f909a8a2218e9acc5a0a9afd9c518
other_canonical_figure,figures/all_other_canonical/fig_maassim_experiment_demand_supply.png,arr_paper/figs/fig_maassim_experiment_demand_supply.png,184771,55fe8563c5e7d87a6a7ad0ca1d2b700670cbbb0e17b8884b2657c8f54c63afa9
other_canonical_figure,figures/all_other_canonical/fig_maassim_experiment_persona_mechanism.pdf,arr_paper/figs/fig_maassim_experiment_persona_mechanism.pdf,27999,958dff7685dbc3fde7fdbad90b999300e90016dffe627b12dc86f7a8b9c96a2c
other_canonical_figure,figures/all_other_canonical/fig_maassim_experiment_persona_mechanism.png,arr_paper/figs/fig_maassim_experiment_persona_mechanism.png,77071,dbd33021641b87bd7c31441009dde64e98ab3d502dcd9a14b11afa85ecc50309
other_canonical_figure,figures/all_other_canonical/fig_maassim_experiment_scenario_dashboard.pdf,arr_paper/figs/fig_maassim_experiment_scenario_dashboard.pdf,34809,2e93901702190824a7627c28c237464d04edfe087cf77d6a429b1def7f23db8d
other_canonical_figure,figures/all_other_canonical/fig_maassim_experiment_scenario_dashboard.png,arr_paper/figs/fig_maassim_experiment_scenario_dashboard.png,135296,4524ebff2ed747d1cca3805b0b817e4dc3b9fa5a8d0d277f8117f8fa92167867
other_canonical_figure,figures/all_other_canonical/fig_maassim_kpi_calibration_sweep.pdf,arr_paper/figs/fig_maassim_kpi_calibration_sweep.pdf,30432,a27a8e37759dfe13d1cd351fe28214768be7767a3fe7cb14b5e48407ed0c7f65
other_canonical_figure,figures/all_other_canonical/fig_maassim_kpi_calibration_sweep.png,arr_paper/figs/fig_maassim_kpi_calibration_sweep.png,66324,032849e05af5973f12cf83c851a956192a59beedf9a32cb0461c717dd3e288d1
other_canonical_figure,figures/all_other_canonical/fig_maassim_llm_atom_baselines_s1_m8.pdf,arr_paper/figs/fig_maassim_llm_atom_baselines_s1_m8.pdf,25526,f48df27dcdede5dca04acf74ce975638bfac9d124911a4415e0070c6423da667
other_canonical_figure,figures/all_other_canonical/fig_maassim_llm_atom_baselines_s1_m8.png,arr_paper/figs/fig_maassim_llm_atom_baselines_s1_m8.png,41480,1943168855d65baa6522c15e777363f8d3d00b6ad0367fbbe522712bc68ae9b0
other_canonical_figure,figures/all_other_canonical/fig_maassim_llm_atom_baselines_s2_m12.pdf,arr_paper/figs/fig_maassim_llm_atom_baselines_s2_m12.pdf,25039,ebf12769e0830f3a308ddef6b53480f66400139a5d3cc8068ae6d253d85e586e
other_canonical_figure,figures/all_other_canonical/fig_maassim_llm_atom_baselines_s2_m12.png,arr_paper/figs/fig_maassim_llm_atom_baselines_s2_m12.png,37903,a8a0feda77b6fafaedf85853e521f088f4b89153ac8c6209703448925bc30903
other_canonical_figure,figures/all_other_canonical/fig_maassim_llm_atom_core_s5_m20.pdf,arr_paper/figs/fig_maassim_llm_atom_core_s5_m20.pdf,24788,81eacb46cb26dca77a8466033c5da6db7fe339dceac9e85c19e5a696f43b1931
other_canonical_figure,figures/all_other_canonical/fig_maassim_llm_atom_core_s5_m20.png,arr_paper/figs/fig_maassim_llm_atom_core_s5_m20.png,38294,4450ea7eed0454c2dcb180a07d37c6782397d54cd58579064170fca27f5dfa9e
other_canonical_figure,figures/all_other_canonical/fig_maassim_llm_atom_stress_s5_m20.pdf,arr_paper/figs/fig_maassim_llm_atom_stress_s5_m20.pdf,24243,019624efd993aef90674138aadd08d1922b6cca328bc16ca6d452ee10176e666
other_canonical_figure,figures/all_other_canonical/fig_maassim_llm_atom_stress_s5_m20.png,arr_paper/figs/fig_maassim_llm_atom_stress_s5_m20.png,34218,805e97c25a49023f928e7b799b391081543d317fa4b55ac21d8879561ebbe7b7
other_canonical_figure,figures/all_other_canonical/fig_maassim_llm_prompt_stress_econ_s5_m20.pdf,arr_paper/figs/fig_maassim_llm_prompt_stress_econ_s5_m20.pdf,18356,6659f2b5dead46040838c968aaebbae0f33f9a058fe13307428ebfa093b4e1bf
other_canonical_figure,figures/all_other_canonical/fig_maassim_llm_prompt_stress_econ_s5_m20.png,arr_paper/figs/fig_maassim_llm_prompt_stress_econ_s5_m20.png,25418,acc0573e3d44cdbe9074986847ec4aada9fec2a10c5e135f599cdae3baca8cd3
other_canonical_figure,figures/all_other_canonical/fig_maassim_llm_prompt_stress_noecon_s5_m20.pdf,arr_paper/figs/fig_maassim_llm_prompt_stress_noecon_s5_m20.pdf,24580,09594e5bb6091754af91343f1c2981ab78fd3fc9b9bd9b45268d3acbf5ca4141
other_canonical_figure,figures/all_other_canonical/fig_maassim_llm_prompt_stress_noecon_s5_m20.png,arr_paper/figs/fig_maassim_llm_prompt_stress_noecon_s5_m20.png,34865,5de9edc56599d91646a18795df1da0464938bd89022e50470277e1f71e22a589
other_canonical_figure,figures/all_other_canonical/fig_maassim_llm_prompt_stress_s5_m20.pdf,arr_paper/figs/fig_maassim_llm_prompt_stress_s5_m20.pdf,25359,c773f987d2d0d2111c47d373a5cf86563647c2762bb17305e51cebd8029fcf9b
other_canonical_figure,figures/all_other_canonical/fig_maassim_llm_prompt_stress_s5_m20.png,arr_paper/figs/fig_maassim_llm_prompt_stress_s5_m20.png,36541,f84471831ecd9324cb56f7b43798bbb838b6132034ac3b6e8427ed041bc14afb
other_canonical_figure,figures/all_other_canonical/fig_maassim_llm_replay_basic_s2_m12.pdf,arr_paper/figs/fig_maassim_llm_replay_basic_s2_m12.pdf,22206,9c57e5abe40c6d45a8c3bc994c9d0b5ea2347f1b0d1bd952efdd9ca4cb01f22a
other_canonical_figure,figures/all_other_canonical/fig_maassim_llm_replay_basic_s2_m12.png,arr_paper/figs/fig_maassim_llm_replay_basic_s2_m12.png,30438,83b4a5128ccb9583e353ffc9622b5ec2fe1da1ded97ad2843f6cb9ce102a0c96
other_canonical_figure,figures/all_other_canonical/fig_maassim_llm_replay_scored_s2_m12.pdf,arr_paper/figs/fig_maassim_llm_replay_scored_s2_m12.pdf,21848,5c459da527f034706ff2bc795c5f14079539e4e9192a910e029e57713e665ddc
other_canonical_figure,figures/all_other_canonical/fig_maassim_llm_replay_scored_s2_m12.png,arr_paper/figs/fig_maassim_llm_replay_scored_s2_m12.png,30671,237f0e30afa0eb94e31a1471efc841daeaa511a7e1af2efe133e78e28fa4bfdd
other_canonical_figure,figures/all_other_canonical/fig_maassim_llm_replay_smoke_s1_m8.pdf,arr_paper/figs/fig_maassim_llm_replay_smoke_s1_m8.pdf,22133,310486a440eab66489282412a790755160505fcf6a42ecb047f6c31b686c5d15
other_canonical_figure,figures/all_other_canonical/fig_maassim_llm_replay_smoke_s1_m8.png,arr_paper/figs/fig_maassim_llm_replay_smoke_s1_m8.png,31582,5688670a63e45cc73622f37c51abdbf8a3905229fb721c4fa3295e2a5e30931d
other_canonical_figure,figures/all_other_canonical/fig_maassim_llm_replay_smoke_s2_m12.pdf,arr_paper/figs/fig_maassim_llm_replay_smoke_s2_m12.pdf,21718,a62517bc9d7082eef8bba0ace9c952474fedbd8d9575c2eb67eea45dc8c54a13
other_canonical_figure,figures/all_other_canonical/fig_maassim_llm_replay_smoke_s2_m12.png,arr_paper/figs/fig_maassim_llm_replay_smoke_s2_m12.png,29449,27c3bf2c4cabd9315fe79882483bf4b229efd33fdb2ed4dfaa3eedc2c2944fdc
other_canonical_figure,figures/all_other_canonical/fig_maassim_llm_scenario_conflict_econ_s5_m20.pdf,arr_paper/figs/fig_maassim_llm_scenario_conflict_econ_s5_m20.pdf,19622,fcf2ed63f3de13d89e84eb90b0e21cb3924cf842b895e8d3cb6a01639bd9c676
other_canonical_figure,figures/all_other_canonical/fig_maassim_llm_scenario_conflict_econ_s5_m20.png,arr_paper/figs/fig_maassim_llm_scenario_conflict_econ_s5_m20.png,27998,46841e854261e926cce7eef298501398991b250c4f2de73248f074898ca26d50
other_canonical_figure,figures/all_other_canonical/fig_maassim_llm_scenario_conflict_noecon_s5_m20.pdf,arr_paper/figs/fig_maassim_llm_scenario_conflict_noecon_s5_m20.pdf,23845,0a4209ad00bfeb3fe64d0086177ef9384f66a0ddce27f189cfeec2623c781901
other_canonical_figure,figures/all_other_canonical/fig_maassim_llm_scenario_conflict_noecon_s5_m20.png,arr_paper/figs/fig_maassim_llm_scenario_conflict_noecon_s5_m20.png,37419,db5c885b48227897e545c266049edae21c9aad7c293271e7821d9bc7b53d7b78
other_canonical_figure,figures/all_other_canonical/fig_maassim_llm_scenario_conflict_smoke_s2_m12.pdf,arr_paper/figs/fig_maassim_llm_scenario_conflict_smoke_s2_m12.pdf,25640,4e4caed83aac35a3eea08c1d28405e991f08d32438bbdd6b0d622a766c8b5764
other_canonical_figure,figures/all_other_canonical/fig_maassim_llm_scenario_conflict_smoke_s2_m12.png,arr_paper/figs/fig_maassim_llm_scenario_conflict_smoke_s2_m12.png,38303,c42bd1e8b49c9bed0d6949ca47a75c95f363f711cdb7fbaed5933eea0f6092bf
other_canonical_figure,figures/all_other_canonical/fig_maassim_llm_scenario_normal_p2_econ_s5_m20.pdf,arr_paper/figs/fig_maassim_llm_scenario_normal_p2_econ_s5_m20.pdf,18294,f0f771f563bb81773c263b1b6e626b651dc9a28d2136eda86dbfaa815761cab9
other_canonical_figure,figures/all_other_canonical/fig_maassim_llm_scenario_normal_p2_econ_s5_m20.png,arr_paper/figs/fig_maassim_llm_scenario_normal_p2_econ_s5_m20.png,24012,1fa1599430553a40765b6874000fc1e801a9085b826f65e40492d0f815c45964
other_canonical_figure,figures/all_other_canonical/fig_maassim_llm_scenario_normal_p2_noecon_s5_m20.pdf,arr_paper/figs/fig_maassim_llm_scenario_normal_p2_noecon_s5_m20.pdf,24521,3e4492808bf751b66517a42f3285607c24372dea571ee443e35cebc032411fc1
other_canonical_figure,figures/all_other_canonical/fig_maassim_llm_scenario_normal_p2_noecon_s5_m20.png,arr_paper/figs/fig_maassim_llm_scenario_normal_p2_noecon_s5_m20.png,36734,373eab05ff443cc623cacec6d4d504e946254f6d3d62c214dd4c1b473963177f
other_canonical_figure,figures/all_other_canonical/fig_maassim_llm_scenario_suite.pdf,arr_paper/figs/fig_maassim_llm_scenario_suite.pdf,24203,c24686c84d3d4532c63e3b275f4c72908914183f9ddf9620c46f32e67cd87f90
other_canonical_figure,figures/all_other_canonical/fig_maassim_llm_scenario_suite.png,arr_paper/figs/fig_maassim_llm_scenario_suite.png,24230,761ec4ed62b327eca7e3d860dc59c10b221ada66dd3e6a42c73a4d4d4cd48580
other_canonical_figure,figures/all_other_canonical/fig_maassim_pact_persona_mechanism.pdf,arr_paper/figs/fig_maassim_pact_persona_mechanism.pdf,25741,4d1ee9a171c34f5595d7c0d5316ee8806a55d77454bf061d360cf8b6c876ac62
other_canonical_figure,figures/all_other_canonical/fig_maassim_pact_persona_mechanism.png,arr_paper/figs/fig_maassim_pact_persona_mechanism.png,41274,4068c7ae57e4b8b67d5186cf025716dc8f1db09668311af6666f0f88c27d2f80
other_canonical_figure,figures/all_other_canonical/fig_maassim_persona_v2_baselines.pdf,arr_paper/figs/fig_maassim_persona_v2_baselines.pdf,23391,6800fc3d3511ac9e37f1df3f278363d8fb2aaa52b12cb3d91f941f6778abfd75
other_canonical_figure,figures/all_other_canonical/fig_maassim_persona_v2_baselines.png,arr_paper/figs/fig_maassim_persona_v2_baselines.png,96114,2b351bfb9a24c2ae494d528b84b67edf46530be63bd051c16879e08169ed0427
other_canonical_figure,figures/all_other_canonical/fig_maassim_persona_v2_main.pdf,arr_paper/figs/fig_maassim_persona_v2_main.pdf,22652,7eaf4c5608bb27e4e7d031dcd606f2a55d9ef61fff9effd98946ad6c9bf8782c
other_canonical_figure,figures/all_other_canonical/fig_maassim_persona_v2_main.png,arr_paper/figs/fig_maassim_persona_v2_main.png,94833,9cfcd7e08e02849f1b5e0ea6127554318d8ed3d32476dc3890d31bc79e732afd
other_canonical_figure,figures/all_other_canonical/fig_maassim_readme_fig2_service_surface.pdf,arr_paper/figs/fig_maassim_readme_fig2_service_surface.pdf,41529,0a4043abdfcb1874e476e0552b2c8625ec96bda7f89350670d4697b28cacaa1c
other_canonical_figure,figures/all_other_canonical/fig_maassim_readme_fig2_service_surface.png,arr_paper/figs/fig_maassim_readme_fig2_service_surface.png,78598,7b3aad6b126bf3619ebf5f980dd29efe3d9308eccbeb01d233681cd0faa26066
other_canonical_figure,figures/all_other_canonical/fig_maassim_readme_fig3_platform_strategy.pdf,arr_paper/figs/fig_maassim_readme_fig3_platform_strategy.pdf,41160,cb5bec30f4e82df37be0278c4ff011eba8c509308078b85a1caafcc6068d848e
other_canonical_figure,figures/all_other_canonical/fig_maassim_readme_fig3_platform_strategy.png,arr_paper/figs/fig_maassim_readme_fig3_platform_strategy.png,107885,dab374819855e016c682df6782b1826d03f5ca89c211f29da612d5b1139c39b1
other_canonical_figure,figures/all_other_canonical/fig_maassim_readme_fig4_driver_learning.pdf,arr_paper/figs/fig_maassim_readme_fig4_driver_learning.pdf,30539,f3608c5015b1faedb6496bda6102bf28e3f18f1736892be52067c8b1bea5c26d
other_canonical_figure,figures/all_other_canonical/fig_maassim_readme_fig4_driver_learning.png,arr_paper/figs/fig_maassim_readme_fig4_driver_learning.png,116853,fda843c2945efb666ae8ea1984f9d61430f4e3d09fb178877d148318fea20c3c
other_canonical_figure,figures/all_other_canonical/fig_maassim_readme_fig5_vehicle_trace.pdf,arr_paper/figs/fig_maassim_readme_fig5_vehicle_trace.pdf,52977,1ecb1b745d3da6f7f44250abbbe23dae69d0f3a868815cd20a21dba44957384b
other_canonical_figure,figures/all_other_canonical/fig_maassim_readme_fig5_vehicle_trace.png,arr_paper/figs/fig_maassim_readme_fig5_vehicle_trace.png,151678,b32a2226010ca857d26db8afc777c7a8cc6075442e4e61ede3f93b870dfeba8f
other_canonical_figure,figures/all_other_canonical/fig_nonadditivity_vs_gap.png,arr_paper/figs/fig_nonadditivity_vs_gap.png,53706,82593afe5fc743e57e006fc9a3072e5cef47ee475801e588ca4a4e44920b020a
other_canonical_figure,figures/all_other_canonical/fig_real_hp_spgg_com_deepseek_v3_2_livejudge_n2_s10_messages_v1.pdf,arr_paper/figs/fig_real_hp_spgg_com_deepseek_v3_2_livejudge_n2_s10_messages_v1.pdf,30907,7e3f5ea28512c04d698e58140fc91dcda11d95d34d1763ab025db9fdb7694c3f
other_canonical_figure,figures/all_other_canonical/fig_real_hp_spgg_com_deepseek_v3_2_livejudge_n2_s10_messages_v1.png,arr_paper/figs/fig_real_hp_spgg_com_deepseek_v3_2_livejudge_n2_s10_messages_v1.png,63744,9cd78c7fe94868c80b23d34a7f1e92bed170f36fd42bc3e0bcef2d4566651ff7
other_canonical_figure,figures/all_other_canonical/fig_real_hp_spgg_com_deepseek_v3_2_livejudge_n2_s10_suboptimality_v1.pdf,arr_paper/figs/fig_real_hp_spgg_com_deepseek_v3_2_livejudge_n2_s10_suboptimality_v1.pdf,33199,38472522e42b140f3cf889c346c654e40c61b5ecdf90cb625ac7faf09e2af47f
other_canonical_figure,figures/all_other_canonical/fig_real_hp_spgg_com_deepseek_v3_2_livejudge_n2_s10_suboptimality_v1.png,arr_paper/figs/fig_real_hp_spgg_com_deepseek_v3_2_livejudge_n2_s10_suboptimality_v1.png,66837,e20f063fa1c68dee9e8f2b99fc9d8b49e17631f8bc45c552cfb678f8dfd30d43
other_canonical_figure,figures/all_other_canonical/fig_real_hp_spgg_com_gpt54mini_livejudge_n2_messages_v1.pdf,arr_paper/figs/fig_real_hp_spgg_com_gpt54mini_livejudge_n2_messages_v1.pdf,30882,4acb5d904b8b19b74aa78514bd0d11b4422331de748b437bf22b780da4d0d0f8
other_canonical_figure,figures/all_other_canonical/fig_real_hp_spgg_com_gpt54mini_livejudge_n2_messages_v1.png,arr_paper/figs/fig_real_hp_spgg_com_gpt54mini_livejudge_n2_messages_v1.png,63446,9204f5d5850cfb25ec694a4e87015c122373942dae4edb6174868f250de1b4e0
other_canonical_figure,figures/all_other_canonical/fig_real_hp_spgg_com_gpt54mini_livejudge_n2_s10_messages_v1.pdf,arr_paper/figs/fig_real_hp_spgg_com_gpt54mini_livejudge_n2_s10_messages_v1.pdf,30852,5cce4af94df1e9016224d9a8aa5d99a08e1ed6ac316da2442b07ab92ad1a0658
other_canonical_figure,figures/all_other_canonical/fig_real_hp_spgg_com_gpt54mini_livejudge_n2_s10_messages_v1.png,arr_paper/figs/fig_real_hp_spgg_com_gpt54mini_livejudge_n2_s10_messages_v1.png,63424,545c7a0f0cbd60aa453473a8827e2f1c9e03eddef8453e9b49be71a3cfe04ef5
other_canonical_figure,figures/all_other_canonical/fig_real_hp_spgg_com_gpt54mini_livejudge_n2_s10_suboptimality_v1.pdf,arr_paper/figs/fig_real_hp_spgg_com_gpt54mini_livejudge_n2_s10_suboptimality_v1.pdf,32350,d19f923784e05c04ef665c31573a0dd75f57f455a6dbb2dae61b7eee4475b5a1
other_canonical_figure,figures/all_other_canonical/fig_real_hp_spgg_com_gpt54mini_livejudge_n2_s10_suboptimality_v1.png,arr_paper/figs/fig_real_hp_spgg_com_gpt54mini_livejudge_n2_s10_suboptimality_v1.png,65192,5257b82a0fc0441af5e6cc430378e15d6d313765143f69d3328ae8d5bccf6390
other_canonical_figure,figures/all_other_canonical/fig_real_hp_spgg_com_gpt54mini_livejudge_n2_suboptimality_v1.pdf,arr_paper/figs/fig_real_hp_spgg_com_gpt54mini_livejudge_n2_suboptimality_v1.pdf,32257,fca85a2c67af413765228754501d069fc27161b0b165bd3d2d332eca21b151d6
other_canonical_figure,figures/all_other_canonical/fig_real_hp_spgg_com_gpt54mini_livejudge_n2_suboptimality_v1.png,arr_paper/figs/fig_real_hp_spgg_com_gpt54mini_livejudge_n2_suboptimality_v1.png,65076,fbbea571c69014f34364a4d1c49dd1edf8bce016572fca20f363d9dc298dff35
other_canonical_figure,figures/all_other_canonical/fig_real_hp_spgg_com_kimi_k2_6_livejudge_n2_s10_messages_v1.pdf,arr_paper/figs/fig_real_hp_spgg_com_kimi_k2_6_livejudge_n2_s10_messages_v1.pdf,31002,b63580c8813a6dceec1bc62be3173c6a054079931deb88acc968ecbfb035bc02
other_canonical_figure,figures/all_other_canonical/fig_real_hp_spgg_com_kimi_k2_6_livejudge_n2_s10_messages_v1.png,arr_paper/figs/fig_real_hp_spgg_com_kimi_k2_6_livejudge_n2_s10_messages_v1.png,63591,b24b2ca57468de15089930b46ccdff2df1074e42e0f0eec636f04fba16e3e9d0
other_canonical_figure,figures/all_other_canonical/fig_real_hp_spgg_com_kimi_k2_6_livejudge_n2_s10_suboptimality_v1.pdf,arr_paper/figs/fig_real_hp_spgg_com_kimi_k2_6_livejudge_n2_s10_suboptimality_v1.pdf,32425,0e94dec9f5fce0e4434ebe42988bd34316852b6a9f5c5d67fe4da9d76305cf00
other_canonical_figure,figures/all_other_canonical/fig_real_hp_spgg_com_kimi_k2_6_livejudge_n2_s10_suboptimality_v1.png,arr_paper/figs/fig_real_hp_spgg_com_kimi_k2_6_livejudge_n2_s10_suboptimality_v1.png,66232,3c43c46bc8b9646c48357a583f4bcf420401e01482d03f04928374416e972f2b
other_canonical_figure,figures/all_other_canonical/fig_real_hp_spgg_com_livejudge_n2_messages_v1.pdf,arr_paper/figs/fig_real_hp_spgg_com_livejudge_n2_messages_v1.pdf,30916,2a07b89d430c9bf9b66b8e609cb0a4e4cbdc8fb51ebf26ac6560c82720ba9630
other_canonical_figure,figures/all_other_canonical/fig_real_hp_spgg_com_livejudge_n2_messages_v1.png,arr_paper/figs/fig_real_hp_spgg_com_livejudge_n2_messages_v1.png,63874,aa37a7067a41f546d8981d9398b0c3da449e5f3f8bfb1955f9ee179ee4c4a77d
other_canonical_figure,figures/all_other_canonical/fig_real_hp_spgg_com_livejudge_n2_suboptimality_v1.pdf,arr_paper/figs/fig_real_hp_spgg_com_livejudge_n2_suboptimality_v1.pdf,32889,39a40e5edff3a41abb99da769e5c190b6bb787c014163a4b74a5b584af974379
other_canonical_figure,figures/all_other_canonical/fig_real_hp_spgg_com_livejudge_n2_suboptimality_v1.png,arr_paper/figs/fig_real_hp_spgg_com_livejudge_n2_suboptimality_v1.png,66851,1f943b4ce5c8724db8543d1d1ef99a31ba663a4fc9e8d223e5362abd5c8838af
other_canonical_figure,figures/all_other_canonical/fig_real_hp_spgg_com_llama_4_maverick_livejudge_n2_s10_messages_v1.pdf,arr_paper/figs/fig_real_hp_spgg_com_llama_4_maverick_livejudge_n2_s10_messages_v1.pdf,30863,5b52ed46c9b3c2c26ef31891e6d5f84f5f38a5b8ba1f0e3713e9443120732c1d
other_canonical_figure,figures/all_other_canonical/fig_real_hp_spgg_com_llama_4_maverick_livejudge_n2_s10_messages_v1.png,arr_paper/figs/fig_real_hp_spgg_com_llama_4_maverick_livejudge_n2_s10_messages_v1.png,63441,2b8c768cb17e6741ea7cb2696ef9a7f3fd22f7edc68eae40928646ebe32de7ee
other_canonical_figure,figures/all_other_canonical/fig_real_hp_spgg_com_llama_4_maverick_livejudge_n2_s10_suboptimality_v1.pdf,arr_paper/figs/fig_real_hp_spgg_com_llama_4_maverick_livejudge_n2_s10_suboptimality_v1.pdf,31808,75732a16eac8cfb3b40c3cd300eca3a8d32ce4a7132bd0bdae1b424c94a8978f
other_canonical_figure,figures/all_other_canonical/fig_real_hp_spgg_com_llama_4_maverick_livejudge_n2_s10_suboptimality_v1.png,arr_paper/figs/fig_real_hp_spgg_com_llama_4_maverick_livejudge_n2_s10_suboptimality_v1.png,64394,d9d24eb956b5799a253e9dcadd14c77be22f4a847efeebe34c38459559848201
other_canonical_figure,figures/all_other_canonical/fig_real_hp_spgg_com_messages_v1.pdf,arr_paper/figs/fig_real_hp_spgg_com_messages_v1.pdf,30696,bad7a8b371e57bbca15eb102b9a100dc7cc34c077dd18d2880d324d8ceafa090
other_canonical_figure,figures/all_other_canonical/fig_real_hp_spgg_com_messages_v1.png,arr_paper/figs/fig_real_hp_spgg_com_messages_v1.png,63248,a12f5a0eeb0f8124d4113b23d73727b50f18d758dfd3a44ead928b4eb942d8a1
other_canonical_figure,figures/all_other_canonical/fig_real_hp_spgg_com_suboptimality_v1.pdf,arr_paper/figs/fig_real_hp_spgg_com_suboptimality_v1.pdf,31191,c98243548e0604645db47a76f6a5e73dbef6207db8aef6687850e65154b2ab7d
other_canonical_figure,figures/all_other_canonical/fig_real_hp_spgg_com_suboptimality_v1.png,arr_paper/figs/fig_real_hp_spgg_com_suboptimality_v1.png,63619,5004a761d643439af01a2e39ff250962194705c0b3ec789ad2a4c3f724fa3af1
other_canonical_figure,figures/all_other_canonical/fig_real_hp_spgg_com_trap_messages_v1.pdf,arr_paper/figs/fig_real_hp_spgg_com_trap_messages_v1.pdf,30850,12b49738571fa5243b4b2b078547d95b9bcdf6f728b16448327d02e5a78ef1e7
other_canonical_figure,figures/all_other_canonical/fig_real_hp_spgg_com_trap_messages_v1.png,arr_paper/figs/fig_real_hp_spgg_com_trap_messages_v1.png,63371,228e893073870e051597fbdebc764450dc1d4ebc405e2e08bf24eee9f54b7a6c
other_canonical_figure,figures/all_other_canonical/fig_real_hp_spgg_com_trap_suboptimality_v1.pdf,arr_paper/figs/fig_real_hp_spgg_com_trap_suboptimality_v1.pdf,31178,3b81cbc1d2c2272c8338024a2f6592d7d7865da107999d1c46f8e78ce32e5b02
other_canonical_figure,figures/all_other_canonical/fig_real_hp_spgg_com_trap_suboptimality_v1.png,arr_paper/figs/fig_real_hp_spgg_com_trap_suboptimality_v1.png,63184,dd6e6a157c77ed88e7b8fd70b755a62e6f815bd01a6946aa3e73e9c58c1574bc
other_canonical_figure,figures/all_other_canonical/fig_scaling_hidden_complexity_v1.pdf,arr_paper/figs/fig_scaling_hidden_complexity_v1.pdf,34410,d156ab02700c48400250205f79bf7b0d7eb74c0930ed1f43d756efb5138d7e6b
other_canonical_figure,figures/all_other_canonical/fig_scaling_hidden_complexity_v1.png,arr_paper/figs/fig_scaling_hidden_complexity_v1.png,181237,c9ccc37f208392e2344dbc73658821910195464d6a06e94679bd9574b893a617
other_canonical_figure,figures/all_other_canonical/fig_scaling_hidden_complexity_v2.pdf,arr_paper/figs/fig_scaling_hidden_complexity_v2.pdf,35012,a818e56a119cc84d407d655ac8345804b385bd854f7f3bdf3211335e6992e5ab
other_canonical_figure,figures/all_other_canonical/fig_scaling_hidden_complexity_v2.png,arr_paper/figs/fig_scaling_hidden_complexity_v2.png,193508,5a62b8457f73e33acd54e1bb1bbc4d2d9252c834589fe39be8793eb07214e00d
other_canonical_figure,figures/all_other_canonical/fig_scaling_hidden_complexity_v3.pdf,arr_paper/figs/fig_scaling_hidden_complexity_v3.pdf,29178,14e967388cc5ccca1f3a8bc0199e50bfae7703cf218322da79ec12ce457e31e3
other_canonical_figure,figures/all_other_canonical/fig_scaling_hidden_complexity_v3.png,arr_paper/figs/fig_scaling_hidden_complexity_v3.png,96846,3e46b0aa1056ab851e549888f5aa2669fe9105d0950816e7bf6ab97194ca080e
other_canonical_figure,figures/all_other_canonical/fig_scaling_hidden_complexity_v4.pdf,arr_paper/figs/fig_scaling_hidden_complexity_v4.pdf,29178,14e967388cc5ccca1f3a8bc0199e50bfae7703cf218322da79ec12ce457e31e3
other_canonical_figure,figures/all_other_canonical/fig_scaling_hidden_complexity_v4.png,arr_paper/figs/fig_scaling_hidden_complexity_v4.png,96846,3e46b0aa1056ab851e549888f5aa2669fe9105d0950816e7bf6ab97194ca080e
other_canonical_figure,figures/all_other_canonical/fig_scaling_hidden_complexity_v5.pdf,arr_paper/figs/fig_scaling_hidden_complexity_v5.pdf,29178,14e967388cc5ccca1f3a8bc0199e50bfae7703cf218322da79ec12ce457e31e3
other_canonical_figure,figures/all_other_canonical/fig_scaling_hidden_complexity_v5.png,arr_paper/figs/fig_scaling_hidden_complexity_v5.png,96846,3e46b0aa1056ab851e549888f5aa2669fe9105d0950816e7bf6ab97194ca080e
other_canonical_figure,figures/all_other_canonical/fig_sotopia_combined_v1.png,arr_paper/figs/fig_sotopia_combined_v1.png,556371,50cd2f2fae4d0ffba34b26556b959332c6f027173bbdc7ff3a4a8af5b50fa090
other_canonical_figure,figures/all_other_canonical/fig_sotopia_hard_appendix_v2.png,arr_paper/figs/fig_sotopia_hard_appendix_v2.png,52968,0273255292dc03419eabbdc65f721281796518f0b405c3d44a37256dbf76d380
other_canonical_figure,figures/all_other_canonical/fig_sotopia_hard_main_v2.pdf,arr_paper/figs/fig_sotopia_hard_main_v2.pdf,25629,1960a3659cbc3dfe776ef83b54a269be957e5656f829788f90b47de30a2c5371
other_canonical_figure,figures/all_other_canonical/fig_sotopia_hard_main_v2.png,arr_paper/figs/fig_sotopia_hard_main_v2.png,112539,fb81fec533c4fa52648f79e9144614ac31fafb799a1f63112d4e7ccc28a9b47d
other_canonical_figure,figures/all_other_canonical/fig_sotopia_hard_v1.pdf,arr_paper/figs/fig_sotopia_hard_v1.pdf,45994,aba1cc8ce58eb65be2cec5814566f910bf32bc310adefc4bedb6abd7afecf390
other_canonical_figure,figures/all_other_canonical/fig_sotopia_hard_v1.png,arr_paper/figs/fig_sotopia_hard_v1.png,90669,85df602c350258dc7bec866c3f110ce9df0c21d934e38644af45f6330c055c18
other_canonical_figure,figures/all_other_canonical/fig_sotopia_per_family_v1.pdf,arr_paper/figs/fig_sotopia_per_family_v1.pdf,26126,be2517fd52960b02e50f096a9b0b0b3547ef7d8d2ac6c625f86098d6fac543cc
other_canonical_figure,figures/all_other_canonical/fig_sotopia_per_family_v1.png,arr_paper/figs/fig_sotopia_per_family_v1.png,109696,79b4fe4ccc9a65e55eb8c0f3a16c9125d257722ab82b8d47599c1564c2fb801c
other_canonical_figure,figures/all_other_canonical/fig_sotopia_three_exp_v1.pdf,arr_paper/figs/fig_sotopia_three_exp_v1.pdf,20421,2271b318b9882be336a54f037fcb6ef58ccc495903c42a6a0dd1a8ef15c72857
other_canonical_figure,figures/all_other_canonical/fig_sotopia_three_exp_v1.png,arr_paper/figs/fig_sotopia_three_exp_v1.png,78060,68a15a7d50645bec604c9365d95279a93d4dc1073ecfad88045d17303649444b
other_canonical_figure,figures/all_other_canonical/fig_sotopia_traj_v1.pdf,arr_paper/figs/fig_sotopia_traj_v1.pdf,39553,6ac50dc8139cae9994629325dfa0a2a18256b95a37f8cfecad00ff519742a2ed
other_canonical_figure,figures/all_other_canonical/fig_sotopia_traj_v1.png,arr_paper/figs/fig_sotopia_traj_v1.png,387291,21f885774936e998a949942000677e9913503354295d1d2ca09b278fba3b648e
other_canonical_figure,figures/all_other_canonical/hpsmg_plus_results.pdf,arr_paper/figs/hpsmg_plus_results.pdf,54794,aca30612e49aea1c0c2157d626c662809a48cf1f2fd3379d2a9f861c55070b1c
other_canonical_figure,figures/all_other_canonical/regret_curves.pdf,arr_paper/figs/regret_curves.pdf,92266,86589b32acf2468fb23554396dbcaf5851a22a9e49460dfc97666265fc1da8cc
other_canonical_figure,figures/all_other_canonical/regret_trap.pdf,arr_paper/figs/regret_trap.pdf,82705,a8378d49dfffcfe28fbad2f0c90c4e9b1ff38730636b6fb5fa2cea967b983d1a
other_canonical_figure,figures/all_other_canonical/storage_extended.pdf,arr_paper/figs/storage_extended.pdf,32253,712cb6c0aabc74d00f03eef1082f59e1a861cfbc8725b3d96a34b27f5f733452
paper_referenced_figure,figures/paper_referenced/E2_native_vs_llm_baselines_main.pdf,arr_paper/figs/E2_native_vs_llm_baselines_main.pdf,26327,1f60c1d46cd5105ab209d239ad986a0c75213a3b34614ed775a275474e4ca70a
paper_referenced_figure,figures/paper_referenced/E3_cross_provider.pdf,arr_paper/figs/E3_cross_provider.pdf,16997,6ac2de425f9703118700afa51ff44898b2bc5b59c07ac1fe78d8213294e63eae
paper_referenced_figure,figures/paper_referenced/fig10_beta_sweep_v3.pdf,arr_paper/figs/fig10_beta_sweep_v3.pdf,34557,b996377e00ebd3cc74100e333c8d199e9d6c714896afff0d74fffee6316418a2
paper_referenced_figure,figures/paper_referenced/fig10_concordia_main_v7.pdf,arr_paper/figs/fig10_concordia_main_v7.pdf,29224,d7d7c3edd8812a4fed5f49519c4659684adcd277e3d61d9db42edbde73e2d5a7
paper_referenced_figure,figures/paper_referenced/fig10_hp_spgg_cross_model_v3.png,arr_paper/figs/fig10_hp_spgg_cross_model_v3.png,203803,b5b4678efc2bb0e0c4df19eade89b3d06503098055820605760a7d2fa31883c1
paper_referenced_figure,figures/paper_referenced/fig12_decentralized_price.pdf,arr_paper/figs/fig12_decentralized_price.pdf,36441,7b1a301ae84b813c584c2f0b525397eea7fea2c7048018bb6d5ae7191117aec0
paper_referenced_figure,figures/paper_referenced/fig_e1_1_n_scaling.pdf,arr_paper/figs/fig_e1_1_n_scaling.pdf,24735,6ac4cc95c449b48b29ab7e44516b4047f378f0137f3e040ff2d894ece4aa6b56
paper_referenced_figure,figures/paper_referenced/fig_e1_1_n_scaling_llm.pdf,arr_paper/figs/fig_e1_1_n_scaling_llm.pdf,38526,41c9fc7a0dd83109e78eb6ad11cde6bb0cc6323527d4376fa330b9677f752364
paper_referenced_figure,figures/paper_referenced/fig_e1_3_lower_bound_shared_type_analytic.pdf,arr_paper/figs/fig_e1_3_lower_bound_shared_type_analytic.pdf,31109,cbf38c0210e81dd499e8818356d1f1a9b54b845223673e900623d9074784cc36
paper_referenced_figure,figures/paper_referenced/fig_e1_3_lower_bound_shared_type_deepseek.pdf,arr_paper/figs/fig_e1_3_lower_bound_shared_type_deepseek.pdf,33247,9ee5613bcf862796279548ec15982f96bd43c6e34233468fd484b407d29ce965
paper_referenced_figure,figures/paper_referenced/fig_e1_3_lower_bound_shared_type_gpt5_nano.pdf,arr_paper/figs/fig_e1_3_lower_bound_shared_type_gpt5_nano.pdf,31713,49caf8956047db5b2e9a12962d88e4a2df5fbde032560edd2f0bc9e84eeba990
paper_referenced_figure,figures/paper_referenced/fig_e1_3_lower_bound_shared_type_kimi_k2.pdf,arr_paper/figs/fig_e1_3_lower_bound_shared_type_kimi_k2.pdf,32896,07b9fbae9fa443ec2c9ac4cd88158b32b74d1ab3ea3f078610b431bbc585a77b
paper_referenced_figure,figures/paper_referenced/fig_e1_3_lower_bound_shared_type_llama_maverick.pdf,arr_paper/figs/fig_e1_3_lower_bound_shared_type_llama_maverick.pdf,32760,b012cd489338025890bfbbd193e2a0a0ac667737b8dc11975a8388eb2f56998f
paper_referenced_figure,figures/paper_referenced/fig_e1_3_pf_isolation.pdf,arr_paper/figs/fig_e1_3_pf_isolation.pdf,29576,c0f37702a071704211051f0d41eee6faa358f8edab3efa52a286832a53f55403
paper_referenced_figure,figures/paper_referenced/fig_e1_posterior_concentration_v3.pdf,arr_paper/figs/fig_e1_posterior_concentration_v3.pdf,37793,4e68291ab699986c7f0a5f65cf7d0f06f6eff5effb403578e173cae81e3989ce
paper_referenced_figure,figures/paper_referenced/fig_e2_type_scaling_v3.pdf,arr_paper/figs/fig_e2_type_scaling_v3.pdf,25217,e796eabc3408f8f8166a28dce1b68110559a59abe50cd16c42d4881946090458
paper_referenced_figure,figures/paper_referenced/fig_e3_n_agent_scaling_v3.pdf,arr_paper/figs/fig_e3_n_agent_scaling_v3.pdf,32527,6d41b023d2ea5c5b8dfcb501b81c624b843273909489e6bfa89f9ecfe85bba04
paper_referenced_figure,figures/paper_referenced/fig_e5_cumulative_regret_trajectories_v3.pdf,arr_paper/figs/fig_e5_cumulative_regret_trajectories_v3.pdf,32204,98468f27e018141f22ef785195d649ad0a8b4e51420e089a90fe891f2eaed0b4
paper_referenced_figure,figures/paper_referenced/fig_sotopia_combined_v1.pdf,arr_paper/figs/fig_sotopia_combined_v1.pdf,375652,9d46bb5238a821c0ba4874b3230bf9f1fe575b368b188d2179cddc6c36f33605
paper_referenced_figure,figures/paper_referenced/fig_sotopia_hard_appendix_v2.pdf,arr_paper/figs/fig_sotopia_hard_appendix_v2.pdf,18201,38e5efdab9164dff03e4a637faef3764d896548f94340d3ed4e04ecfd2030514
paper_source,paper/acl.sty,arr_paper/acl.sty,11615,19dfeddc2c0e448f3926a0bef048a9db3f3611b46265b760caabd7ada4f361de
paper_source,paper/acl_natbib.bst,arr_paper/acl_natbib.bst,45186,e332fd51dcea48e2a8a89754892c3cb99674a1cd70b527b661e9aaffc235e83c
paper_source,paper/appendix.tex,arr_paper/appendix.tex,146149,3d65228663f44c028664a7da73b2c06def01d17735cb3612cdd737bb4b8eec3d
paper_source,paper/main.bbl,arr_paper/main.bbl,18289,7f65ef0ff1d986801c5347429ae4f01c84c7b6f2995296c01d7949f49b65a53a
paper_source,paper/main.pdf,arr_paper/main.pdf,2121633,6a2790a61025fa78a8a9fb5ed119627057c3029fa55e811b1296081573bde547
paper_source,paper/main.tex,arr_paper/main.tex,59087,b0bfed36ca1ef55d50a8ebf4fb40e3b93c2bd942a4d1a6cea69d346b64c46b44
paper_source,paper/math_commands.tex,arr_paper/math_commands.tex,12284,90473c4d0542070db244cea73ef962d6cddc5b2a746757e6a40ddf5fdfb90ba9
paper_source,paper/ref.bib,arr_paper/ref.bib,24602,da4587effe51263df6fe72a81343a928a960402bc1aaaf435ffac5c8dc0ea049
plotting_code,plotting_code/llm_courier_dispatch/demo_dispatch.py,llm_courier_dispatch/demo_dispatch.py,30615,20ff98920469e5c49342c8b18cf551be2fc43554d035398703f0b6bc0cef98c8
plotting_code,plotting_code/llm_hpgg/plot_results.py,llm_hpgg/plot_results.py,3668,a930ef805a3b64cc8ae61869fc85b960363df9aa9958f072502919830d43d3ef
plotting_code,plotting_code/llm_hpgg_concordia/plot_type_recovery_eps_sensitivity.py,llm_hpgg_concordia/plot_type_recovery_eps_sensitivity.py,4894,db19da1d75a32a247e97aa423cdfafe5f8307e0c07a1c3032ceec658e29887b4
plotting_code,plotting_code/llm_hpgg_concordia/plot_type_recovery_v2.py,llm_hpgg_concordia/plot_type_recovery_v2.py,6552,60308bf7c9000668ae9e3027097f93db2836b4fe6403883aa1973d2149e7649d
plotting_code,plotting_code/scripts/aggregate_courier_matching_F2_horizon_beta.py,scripts/aggregate_courier_matching_F2_horizon_beta.py,4997,7828d318ff79e090e43d272214032c5f8f199dd758014bd92a3424cfedb893d4
plotting_code,plotting_code/scripts/analyze_hp_spgg_com_lambda_coupling_variants.py,scripts/analyze_hp_spgg_com_lambda_coupling_variants.py,7734,a53dd827e526335ffef45a86c58b4be1684eba123e394704738a5361f96d4095
plotting_code,plotting_code/scripts/analyze_hp_spgg_com_nonadditivity.py,scripts/analyze_hp_spgg_com_nonadditivity.py,13561,04663d2c0c08d7e3cfdf7998dde66648be47dd53598ab777f2865e085dc6eaf9
plotting_code,plotting_code/scripts/analyze_tier0_wave1.py,scripts/analyze_tier0_wave1.py,17126,d665bd882d4bb2fad4a05adca2554d4e5cd248c7cf306e5d3b78edf910fa1369
plotting_code,plotting_code/scripts/animate_maassim_fig5_policy_comparison.py,scripts/animate_maassim_fig5_policy_comparison.py,17948,2ebcc7889d10c918879e65fa59d40bd9024112445c80e4ec6f59bd1e2bbfdbb7
plotting_code,plotting_code/scripts/animate_maassim_llm_baseline_comparison.py,scripts/animate_maassim_llm_baseline_comparison.py,9682,9703dd0ced703bc8d5c88879c36fd1dd7cbc2cf616fe1e7b9d5ab0dec26908d6
plotting_code,plotting_code/scripts/animate_maassim_people_cars_comparison.py,scripts/animate_maassim_people_cars_comparison.py,17838,db9796f4e45b031fe144134056221866bb29080319bdeb8292ae4ea1f8177438
plotting_code,plotting_code/scripts/make_fig_e1.py,scripts/make_fig_e1.py,5798,df19f32dba2220f306fcbdfb3ef1ba5516ade646bd221eceaa32c239ca36eb61
plotting_code,plotting_code/scripts/make_fig_e2.py,scripts/make_fig_e2.py,3593,275f38301146548d3aa56de5d2e5c357e13ebb858fe08808a41cea3b62b0b1a1
plotting_code,plotting_code/scripts/make_fig_e3.py,scripts/make_fig_e3.py,5048,ec960da03eb9ef5a186ba0a423afe46ac116c66d91780fe7e7f1f779e2fcbc57
plotting_code,plotting_code/scripts/make_fig_scaling_combined.py,scripts/make_fig_scaling_combined.py,14899,8e7381e38de36aab9d77a98bbdde36346fede207959888290e9ce64baa29f188
plotting_code,plotting_code/scripts/make_figures_v3_all.py,scripts/make_figures_v3_all.py,48155,2307e94294937175e585c6bfaea14f9a3518c17ffa0080f52d311944a648d974
plotting_code,plotting_code/scripts/package_aaai27_reviewer_experiments.py,scripts/package_aaai27_reviewer_experiments.py,10353,a29a5522ddde958b3365a677f3961f063776b66cb31ea19c5962bbbdb9302b7f
plotting_code,plotting_code/scripts/plot_courier_dispatch_main_figures.py,scripts/plot_courier_dispatch_main_figures.py,20542,c587e61609d9c34cc17034f1da9cc0677b546893b4c9f70e402f9869f8a156c3
plotting_code,plotting_code/scripts/plot_courier_matching_F2_horizon_beta.py,scripts/plot_courier_matching_F2_horizon_beta.py,4661,47ab22bf7252e4c38312f5f47ff7f6e7b2866d8a2b4e247245d529e032919a9e
plotting_code,plotting_code/scripts/plot_courier_matching_F3_F4_A2_A3.py,scripts/plot_courier_matching_F3_F4_A2_A3.py,13741,42b2f0947bd75924ab52aa724a31137b75fe4d6e39237821d9f32b09fbeae8dd
plotting_code,plotting_code/scripts/plot_courier_matching_beta_sweep_llm_backend.py,scripts/plot_courier_matching_beta_sweep_llm_backend.py,7984,dd3edd2310cbbce64ac610af93c42c8adb26962f71ce632b8a28d731a749fbb6
plotting_code,plotting_code/scripts/plot_courier_matching_llm_backend_main.py,scripts/plot_courier_matching_llm_backend_main.py,9736,5bbe64a35d8190c0747b4fb1626c07e5d4c8f5b9f2724214ce5135c8c8f2723b
plotting_code,plotting_code/scripts/plot_e1_1_llm_tier.py,scripts/plot_e1_1_llm_tier.py,5952,3f430bc0e40285f0d4331e7ca3373ed59c99bf7d3d998258a8f5fb455e4a8a24
plotting_code,plotting_code/scripts/plot_e1_1_n_scaling.py,scripts/plot_e1_1_n_scaling.py,2490,e4f2434db00b8081e8145ff1bb6ae1ff592af1f69fb0e7fa0e1509e129ada870
plotting_code,plotting_code/scripts/plot_e1_3_lower_bound.py,scripts/plot_e1_3_lower_bound.py,7556,aa994053661738bf652582b4ba409d483da0c0b221a6683a1133ced0f015fbb7
plotting_code,plotting_code/scripts/plot_e1_3_pf_isolation.py,scripts/plot_e1_3_pf_isolation.py,4057,4a525cf214be5f7523c1306bc3565165dc85825e38e6b70a41602bdb36c17e68
plotting_code,plotting_code/scripts/plot_fig6_e5_trajectories.py,scripts/plot_fig6_e5_trajectories.py,4268,0831f4cec5b3b0e01023321d791d9e947d7758e4adabf00b9acf9f1ced2235ef
plotting_code,plotting_code/scripts/plot_fig7_native_vs_llm_baselines.py,scripts/plot_fig7_native_vs_llm_baselines.py,4618,b55054641a9ef8e350cf0a78635319eeec4a8ca3db23d2d74d4105fa3f1467d0
plotting_code,plotting_code/scripts/plot_fig_concordia_main_v4.py,scripts/plot_fig_concordia_main_v4.py,14172,d864493ef57d19e5d67af53a4ab373c46323e3422273c1e9494007be51c4dfb7
plotting_code,plotting_code/scripts/plot_fig_decentralized_price.py,scripts/plot_fig_decentralized_price.py,7252,3c51b5a5507eac7baada47c586c17c7e3b7f67d50aeefed90b3352d0abf13d36
plotting_code,plotting_code/scripts/plot_fig_haggling_pareto.py,scripts/plot_fig_haggling_pareto.py,5531,39fc1004051f227bcaf65b0ac291c581b53b96fd5900aff6901aad39bc1b14be
plotting_code,plotting_code/scripts/plot_fig_sotopia_hard_v2.py,scripts/plot_fig_sotopia_hard_v2.py,10576,07cdb57786589274e154357a0af593c268908f951fbe6f57d0e5163b6b38fddf
plotting_code,plotting_code/scripts/plot_fig_sotopia_three_exp.py,scripts/plot_fig_sotopia_three_exp.py,4792,08e02c7062ac4eb99a186059cd1b9d7a97515fab2dce2f7257a4914e87eb1f71
plotting_code,plotting_code/scripts/plot_fig_sotopia_traj.py,scripts/plot_fig_sotopia_traj.py,10184,09bba72aec09132d2582de6255e20c7d4b2fce8ae969f14d63798ac64e0db0c1
plotting_code,plotting_code/scripts/plot_hp_spgg_com_live_probe.py,scripts/plot_hp_spgg_com_live_probe.py,5265,2883e946b64305ac25cf4092bd06e1970eafb4a1c0cd5cb6c900008704940833
plotting_code,plotting_code/scripts/plot_hp_spgg_com_phase.py,scripts/plot_hp_spgg_com_phase.py,3139,f82cd7ecbf3305e5f6ea6b0cf7a0ca47bcd8a4f37889f1b69c7e6f092e13a486
plotting_code,plotting_code/scripts/plot_llm_psrl_verbal_figures.py,scripts/plot_llm_psrl_verbal_figures.py,15791,7014f4a7bb5072b7891eaad5e6a9d14d689cfecdd92e8db1bcc10f09967e64c8
plotting_code,plotting_code/scripts/plot_maassim_experiment_figures.py,scripts/plot_maassim_experiment_figures.py,41361,ff4d79ed167f2f4a67ba2ce05af9a27a519a2139bec44f9a7ca156488363d475
plotting_code,plotting_code/scripts/plot_maassim_integration_smoke.py,scripts/plot_maassim_integration_smoke.py,14734,f5fa0b013ad8ac4d7bbce31304b57408c56e418987ecd95b89df3b1bbfd15342
plotting_code,plotting_code/scripts/plot_real_hp_spgg_com_phase.py,scripts/plot_real_hp_spgg_com_phase.py,3187,22abe71be424c5af0ecc54da73cc156003e3b5b90d1187544c75b73fa3adae9e
plotting_code,plotting_code/scripts/plot_results_old.py,scripts/plot_results_old.py,3584,5292d00d5fb7aaf91d9ece4a677e860669e72e68e6e07fd231f8e721031cc9c2
plotting_code,plotting_code/scripts/replay_maassim_common_states.py,scripts/replay_maassim_common_states.py,15747,10f60923f1cd8826e4393c8ce111fb910688204d2712fb1275599463854e36be
plotting_code,plotting_code/scripts/replay_maassim_llm_smoke.py,scripts/replay_maassim_llm_smoke.py,39901,e0ecc607b444ec86f558dbb7d7d4183236e513bd1f418c734bffe3238fb7e566
plotting_code,plotting_code/scripts/replay_maassim_pact_persona_mechanism.py,scripts/replay_maassim_pact_persona_mechanism.py,23992,e43f9ed673b2063f4b267e81885098066367d4fe806f1be9a7c11e306b6db6bf
plotting_code,plotting_code/scripts/run_aaai27_reviewer_experiments.py,scripts/run_aaai27_reviewer_experiments.py,24096,1c274842afd4b47de72bdaafa10c25240fbabfeea892d497ff050072bb634ead
plotting_code,plotting_code/scripts/run_hp_spgg_com_lambda_couple.py,scripts/run_hp_spgg_com_lambda_couple.py,24062,a92cc81c2fcbf747e41555ce2efcd4d499d989f8e9308627d33e793dbdeca039
plotting_code,plotting_code/scripts/run_hp_spgg_deployment_robustness.py,scripts/run_hp_spgg_deployment_robustness.py,13139,d923837b1ce88636f2b724d3d97626eb4ee4bceed1578124d128a892acc59ac1
plotting_code,plotting_code/scripts/run_sotopia_menu_corruption_suite.py,scripts/run_sotopia_menu_corruption_suite.py,16167,c9004a9027e5cd9875a9bf129c277f9f8dc23c8415624daabf6c82e1d88ebc3b
plotting_code,plotting_code/scripts/summarize_aaai27_reviewer_experiments.py,scripts/summarize_aaai27_reviewer_experiments.py,36248,2a7eed0b13957c3f72aaeef1489e6476a857248cdd996883c2cf13b9bc27a39f
plotting_code,plotting_code/scripts/summarize_joint_psrl_aware.py,scripts/summarize_joint_psrl_aware.py,2214,06c43c75b813d11dc940c2e17ce7a4d93c1c169c4170d520884586e3f92aa11d
plotting_code,plotting_code/scripts/summarize_llm_psrl_verbal.py,scripts/summarize_llm_psrl_verbal.py,4264,c76a198ac6f9fffff4d667e854f30201d943e586a9eaefd90306e86b17e88eb7
plotting_code,plotting_code/scripts/summarize_maassim_baselines.py,scripts/summarize_maassim_baselines.py,9099,21913d4d80027066a058a9466ae9b29dccbe34618e6efd48213c302cd99357e1
plotting_code,plotting_code/scripts/summarize_maassim_scenario_suite.py,scripts/summarize_maassim_scenario_suite.py,9255,eea5032bc8e8a778d15224109ac7df7160a9ac50204c704f0b7762b38530611c
plotting_code,plotting_code/scripts/summarize_true_shared_type.py,scripts/summarize_true_shared_type.py,3968,a0e7d5e1e44ab8b2220b09b78e64c9d3d973fae06dd177b6fe552766c3c45aec
plotting_code,plotting_code/scripts/sweep_maassim_kpi_calibration.py,scripts/sweep_maassim_kpi_calibration.py,9248,ea32238279140965ad9199db05644f624438153c35bf4dd12661a6863dbf5726
plotting_code,plotting_code/scripts/validate_aaai27_reviewer_experiments.py,scripts/validate_aaai27_reviewer_experiments.py,18253,143db0d8b6742cb84505563cc5b33c244c7aefcf448d47fbe0a32d72f7cb7dfa
provenance,provenance/README.md,README.md,5112,96339208b492e604e86ad30afe01cf6ede07fb51313b8b68f7a689727d535f91
provenance,provenance/config/aaai27_sotopia_historical_comparators.csv,config/aaai27_sotopia_historical_comparators.csv,476,fd74016d81fd76bebdf19b768849224d3c07a18540e7edf90255e8c07af0ede8
provenance,provenance/config/aaai27_sotopia_input_manifest.csv,config/aaai27_sotopia_input_manifest.csv,753,52861fb08b90cc5cd8494007af597e9f182c8147abfb2fa371903b250e175134
provenance,provenance/docs/concordia_structural_mapping.md,docs/concordia_structural_mapping.md,8207,2e8c59bcd6873ff2514e1d03cafce65484ae0ff553eb2a1083ecf9a1ad911be6
provenance,provenance/docs/data_provenance.md,docs/data_provenance.md,18762,687fd2f0362a6375c92a121e8ef6b93f33cc7e3f4751ba42ff30dab927dde6f1
provenance,provenance/docs/file_index.md,docs/file_index.md,14404,cd72fb0d6f37dec8da69bd50646ae4047fbac6e9cdb9c230c946ee445d087389
provenance,provenance/docs/reviewer_response_validity_applicability.md,docs/reviewer_response_validity_applicability.md,10043,d7f56be8214e274fa60c08c424b301dc4980eaffb68296d7221cdf4d0f6a149e
provenance,provenance/docs/sotopia_structural_mapping.md,docs/sotopia_structural_mapping.md,10751,37e1f4b866152bf8927b9d9f0c219c14e81150d3e350bf507132847b8feb4344
provenance,provenance/llm_courier_dispatch_maassim/RESULTS_REVIEW.md,llm_courier_dispatch_maassim/RESULTS_REVIEW.md,27339,350e4e17499b1b7195c7c758b8da804b5fd6a715b9cf9baf23b77eecba885d7c
provenance,provenance/pyproject.toml,pyproject.toml,445,31168b8d2073a15a9113146fc0d074ee042dea136ff839ec3cd21a77f0743c13
provenance,provenance/requirements.txt,requirements.txt,252,d8d2503978520064918eee309375dd3b11e5c65c980a5a315407be804f5fa515
provenance,provenance/scripts/package_project_figures_data.py,scripts/package_project_figures_data.py,11571,1fcc8b24992973837117869d15b36cebcb6de74e85da16103e0ee1c1cf2c1d74
provenance,provenance/uv.lock,uv.lock,302614,718c601977f2abc8a4a409e2ff8f0c8978655b7fce9ed609f41b6772215a1023
