{
  "anthropic": {
    "hpsmg_plus": 0.019372022853679914,
    "hpsmg": 0.006425757198779447,
    "joint_psrl": 0.03456739719999149,
    "map_greedy": 0.0,
    "random": 14.460569075623308,
    "oracle": 0.0
  },
  "cloudgpt": {
    "hpsmg_plus": 0.012103752283715786,
    "hpsmg": 0.006735335326576486,
    "joint_psrl": 0.04622402831268926,
    "map_greedy": 0.0,
    "random": 14.587630257825657,
    "oracle": 0.0
  },
  "google": {
    "hpsmg_plus": 0.009528025105066052,
    "hpsmg": 0.006025304871025839,
    "joint_psrl": 0.04385840051351479,
    "map_greedy": 0.0,
    "random": 14.560124714179286,
    "oracle": 0.0
  },
  "openai": {
    "hpsmg_plus": 0.005064995002836525,
    "hpsmg": 0.004102463841034609,
    "joint_psrl": 0.03343204712864143,
    "map_greedy": 0.0,
    "random": 14.448261334727647,
    "oracle": 0.0
  },
  "qwen3": {
    "hpsmg_plus": 0.0203116668178406,
    "hpsmg": 0.014215735725225099,
    "joint_psrl": 0.08153656259667574,
    "map_greedy": 0.0036902736614330854,
    "random": 14.725157976057446,
    "oracle": 0.0
  }
}