{
  "anthropic": {
    "hpsmg_plus": 0.045571809044624184,
    "hpsmg": 0.06541470215697986,
    "oracle": 0.0
  },
  "cloudgpt": {
    "hpsmg_plus": 0.04929510188075775,
    "hpsmg": 0.09115759961126124,
    "oracle": 0.0
  },
  "google": {
    "hpsmg_plus": 0.04733024436005609,
    "hpsmg": 0.0896402831268108,
    "oracle": 0.0
  },
  "openai": {
    "hpsmg_plus": 0.03632607125526349,
    "hpsmg": 0.06342001319128199,
    "oracle": 0.0
  },
  "qwen3": {
    "hpsmg_plus": 0.055887860568396036,
    "hpsmg": 0.11604048221547159,
    "oracle": 0.0
  }
}