cell,gap,target_information,turns,batch,mean_root_lr
0,1,0.25,71,0,0.775725938947618
0,1,0.25,71,1,0.7987156194702993
0,1,0.25,71,2,0.778817415377171
0,1,0.25,71,3,0.7750651419629819
0,1,0.25,71,4,0.7679837446398394
0,1,0.25,71,5,0.7636456427925314
0,1,0.25,71,6,0.7605261560166825
0,1,0.25,71,7,0.7692382636036287
0,1,0.25,71,8,0.7862103514573078
0,1,0.25,71,9,0.8133143864438626
0,1,0.25,71,10,0.8148922911935017
0,1,0.25,71,11,0.7655267831142407
0,1,0.25,71,12,0.7972580535303403
0,1,0.25,71,13,0.7740337036530232
0,1,0.25,71,14,0.7581437998706604
0,1,0.25,71,15,0.7691944443018147
0,1,0.25,71,16,0.7922530858160967
0,1,0.25,71,17,0.7783728492953987
0,1,0.25,71,18,0.7548664940600683
0,1,0.25,71,19,0.7900821996431137
0,1,0.25,71,20,0.7985909960800481
0,1,0.25,71,21,0.7733491191658667
0,1,0.25,71,22,0.7798532480416188
0,1,0.25,71,23,0.7533418881044622
0,1,0.25,71,24,0.7961592700844065
0,1,0.25,71,25,0.8013574981096279
0,1,0.25,71,26,0.7693158243163672
0,1,0.25,71,27,0.7931751975296816
0,1,0.25,71,28,0.7710608817603859
0,1,0.25,71,29,0.8208065598541316
0,1,0.25,71,30,0.79438875511561
0,1,0.25,71,31,0.7476475707672181
0,1,0.25,71,32,0.7747766862597028
0,1,0.25,71,33,0.7860709682568721
0,1,0.25,71,34,0.7690218456714417
0,1,0.25,71,35,0.7769131723598948
0,1,0.25,71,36,0.8035951616692127
0,1,0.25,71,37,0.7881591055659614
0,1,0.25,71,38,0.7690494334527798
0,1,0.25,71,39,0.7736087116527005
0,1,0.25,71,40,0.758736225472198
0,1,0.25,71,41,0.7778896390023926
0,1,0.25,71,42,0.7671657733502586
0,1,0.25,71,43,0.7807853310358858
0,1,0.25,71,44,0.7827966567693116
0,1,0.25,71,45,0.7547913630009291
0,1,0.25,71,46,0.763539609003235
0,1,0.25,71,47,0.7866831029699949
0,1,0.25,71,48,0.7533711898786678
0,1,0.25,71,49,0.7682725669154993
0,1,0.25,71,50,0.7826519779841731
0,1,0.25,71,51,0.7755410409561593
0,1,0.25,71,52,0.7678913808813631
0,1,0.25,71,53,0.7946298625010847
0,1,0.25,71,54,0.7925686500214253
0,1,0.25,71,55,0.7684871142476414
0,1,0.25,71,56,0.8118989318586213
0,1,0.25,71,57,0.8102414242862362
0,1,0.25,71,58,0.7472181965042848
0,1,0.25,71,59,0.7506493654572497
0,1,0.25,71,60,0.7872994232801236
0,1,0.25,71,61,0.7991985582816796
0,1,0.25,71,62,0.7974173597312404
0,1,0.25,71,63,0.7917602377983145
0,1,0.25,71,64,0.7926617888237195
0,1,0.25,71,65,0.7981776375872778
0,1,0.25,71,66,0.7577344608700268
0,1,0.25,71,67,0.7572451360288368
0,1,0.25,71,68,0.7631144964200428
0,1,0.25,71,69,0.8047192451742479
0,1,0.25,71,70,0.8175751102293617
0,1,0.25,71,71,0.7531930636307088
0,1,0.25,71,72,0.7984745175429534
0,1,0.25,71,73,0.7728109267113951
0,1,0.25,71,74,0.7827027327294743
0,1,0.25,71,75,0.8065422951527585
0,1,0.25,71,76,0.784056143790382
0,1,0.25,71,77,0.8118882835421902
0,1,0.25,71,78,0.7785030747107644
0,1,0.25,71,79,0.7857058214989653
0,1,0.25,71,80,0.7607790018425988
0,1,0.25,71,81,0.801109681610768
0,1,0.25,71,82,0.765607086186695
0,1,0.25,71,83,0.7716719194448846
0,1,0.25,71,84,0.8038246767463452
0,1,0.25,71,85,0.785583453344623
0,1,0.25,71,86,0.7763028946947381
0,1,0.25,71,87,0.7800535924171166
0,1,0.25,71,88,0.7672515123381249
0,1,0.25,71,89,0.7535497659431631
0,1,0.25,71,90,0.7736290779559436
0,1,0.25,71,91,0.7522486011374899
0,1,0.25,71,92,0.7599342281682474
0,1,0.25,71,93,0.7801367605098749
0,1,0.25,71,94,0.7972312633207894
0,1,0.25,71,95,0.7894375358591664
0,1,0.25,71,96,0.7972704327658369
0,1,0.25,71,97,0.776419235140883
0,1,0.25,71,98,0.8068961825656249
0,1,0.25,71,99,0.7582335408277584
0,1,0.25,71,100,0.7890989859709489
0,1,0.25,71,101,0.8377273313647964
0,1,0.25,71,102,0.8031123026675415
0,1,0.25,71,103,0.7891645685823205
0,1,0.25,71,104,0.776585386020037
0,1,0.25,71,105,0.7670996630962575
0,1,0.25,71,106,0.7869314998363481
0,1,0.25,71,107,0.7831836589132731
0,1,0.25,71,108,0.7783027192041011
0,1,0.25,71,109,0.7678588260207232
0,1,0.25,71,110,0.7741696002154572
0,1,0.25,71,111,0.8068706468052401
0,1,0.25,71,112,0.7745612476504484
0,1,0.25,71,113,0.7687792265186643
0,1,0.25,71,114,0.7678092166807439
0,1,0.25,71,115,0.772961105794473
0,1,0.25,71,116,0.8204122767565003
0,1,0.25,71,117,0.8002759082770106
0,1,0.25,71,118,0.8009650969010184
0,1,0.25,71,119,0.7768452952973914
0,1,0.25,71,120,0.7743835143224882
0,1,0.25,71,121,0.7814878459331855
0,1,0.25,71,122,0.8074515582720228
0,1,0.25,71,123,0.7718314328848302
0,1,0.25,71,124,0.7669462454989328
0,1,0.25,71,125,0.801789636317183
0,1,0.25,71,126,0.8451773504939499
0,1,0.25,71,127,0.7483506117481715
0,1,0.25,71,128,0.7419585676656488
0,1,0.25,71,129,0.7856878143881267
0,1,0.25,71,130,0.7594323696140556
0,1,0.25,71,131,0.7830884914051203
0,1,0.25,71,132,0.7586698141544477
0,1,0.25,71,133,0.7652610619176492
0,1,0.25,71,134,0.8167967248642397
0,1,0.25,71,135,0.7709046729603755
0,1,0.25,71,136,0.7560737664949235
0,1,0.25,71,137,0.7917865571424508
0,1,0.25,71,138,0.7768311959658251
0,1,0.25,71,139,0.7816520631335714
0,1,0.25,71,140,0.7478788945375444
0,1,0.25,71,141,0.7805286695610866
0,1,0.25,71,142,0.7767098274056391
0,1,0.25,71,143,0.7757844203418399
0,1,0.25,71,144,0.7600393668227521
0,1,0.25,71,145,0.8081364121655954
0,1,0.25,71,146,0.8068026180940026
0,1,0.25,71,147,0.7978400185337591
0,1,0.25,71,148,0.7440285791994333
0,1,0.25,71,149,0.7930277293769844
0,1,0.25,71,150,0.8028295540006716
0,1,0.25,71,151,0.7709689714670198
0,1,0.25,71,152,0.7744155003992075
0,1,0.25,71,153,0.8013865592442996
0,1,0.25,71,154,0.8184723051869387
0,1,0.25,71,155,0.74792231931766
0,1,0.25,71,156,0.7833438699069823
0,1,0.25,71,157,0.7711317137879594
0,1,0.25,71,158,0.7785198643671677
0,1,0.25,71,159,0.813937774825539
0,1,0.25,71,160,0.7955270051473494
0,1,0.25,71,161,0.8089771425416716
0,1,0.25,71,162,0.7637360301249216
0,1,0.25,71,163,0.794453911697477
0,1,0.25,71,164,0.8279804386396493
0,1,0.25,71,165,0.7728397092132311
0,1,0.25,71,166,0.7944471274815154
0,1,0.25,71,167,0.8012911487222442
0,1,0.25,71,168,0.7674149094497877
0,1,0.25,71,169,0.7839297592146991
0,1,0.25,71,170,0.7560000201763966
0,1,0.25,71,171,0.7770752292036659
0,1,0.25,71,172,0.7661059829195942
0,1,0.25,71,173,0.7800629510507375
0,1,0.25,71,174,0.8143400868340607
0,1,0.25,71,175,0.772272641217397
0,1,0.25,71,176,0.764587048294651
0,1,0.25,71,177,0.7997354222594099
0,1,0.25,71,178,0.7609769982894298
0,1,0.25,71,179,0.7843589080697919
0,1,0.25,71,180,0.7736310101310626
0,1,0.25,71,181,0.7940725333566697
0,1,0.25,71,182,0.7914975977251206
0,1,0.25,71,183,0.815868156496406
0,1,0.25,71,184,0.7653154533360741
0,1,0.25,71,185,0.7848657006497228
0,1,0.25,71,186,0.8127605309609255
0,1,0.25,71,187,0.7966686810294157
0,1,0.25,71,188,0.7908548689130595
0,1,0.25,71,189,0.8033117953369971
0,1,0.25,71,190,0.7985221598519759
0,1,0.25,71,191,0.8107026507930042
0,1,0.25,71,192,0.8053576667795794
0,1,0.25,71,193,0.7880764300624129
0,1,0.25,71,194,0.7685374181514759
0,1,0.25,71,195,0.7955569365817405
0,1,0.25,71,196,0.7919468457725743
0,1,0.25,71,197,0.7644729808584679
0,1,0.25,71,198,0.8032550811817942
0,1,0.25,71,199,0.7720079413652855
1,1,0.5,142,0,0.5908204169213657
1,1,0.5,142,1,0.5507568367540683
1,1,0.5,142,2,0.5916999170326492
1,1,0.5,142,3,0.6387606367552239
1,1,0.5,142,4,0.5933042710344657
1,1,0.5,142,5,0.6093392307302697
1,1,0.5,142,6,0.6315040108078944
1,1,0.5,142,7,0.5833597534995211
1,1,0.5,142,8,0.6035011906250382
1,1,0.5,142,9,0.592485225747378
1,1,0.5,142,10,0.6160939980317596
1,1,0.5,142,11,0.6338685863136251
1,1,0.5,142,12,0.5824302964995179
1,1,0.5,142,13,0.6163614878172199
1,1,0.5,142,14,0.6275404551562622
1,1,0.5,142,15,0.6926453376602028
1,1,0.5,142,16,0.6681390672731397
1,1,0.5,142,17,0.6311571445077934
1,1,0.5,142,18,0.6003262016941665
1,1,0.5,142,19,0.6067964419574707
1,1,0.5,142,20,0.5778790410689947
1,1,0.5,142,21,0.6242571818468327
1,1,0.5,142,22,0.5990335564535164
1,1,0.5,142,23,0.6251788652408427
1,1,0.5,142,24,0.621824843740838
1,1,0.5,142,25,0.5835298103765734
1,1,0.5,142,26,0.6229157622964211
1,1,0.5,142,27,0.5931614472186479
1,1,0.5,142,28,0.618221865505101
1,1,0.5,142,29,0.6004543966208725
1,1,0.5,142,30,0.6095965642384521
1,1,0.5,142,31,0.6026070466125882
1,1,0.5,142,32,0.6471741209308207
1,1,0.5,142,33,0.6261449606638619
1,1,0.5,142,34,0.6198057425500507
1,1,0.5,142,35,0.6016557150452475
1,1,0.5,142,36,0.5725151113498177
1,1,0.5,142,37,0.5912379561444531
1,1,0.5,142,38,0.6335093946143794
1,1,0.5,142,39,0.5858034204793087
1,1,0.5,142,40,0.6150439692146331
1,1,0.5,142,41,0.6233264465553394
1,1,0.5,142,42,0.6058087798151314
1,1,0.5,142,43,0.6225196669435722
1,1,0.5,142,44,0.5902184946708792
1,1,0.5,142,45,0.5982492051906512
1,1,0.5,142,46,0.6370565498610862
1,1,0.5,142,47,0.6025031569892524
1,1,0.5,142,48,0.6211877435425013
1,1,0.5,142,49,0.5996908961866727
1,1,0.5,142,50,0.6076962726714615
1,1,0.5,142,51,0.6260287505570996
1,1,0.5,142,52,0.5940031124886563
1,1,0.5,142,53,0.5906575505947191
1,1,0.5,142,54,0.5945956406664182
1,1,0.5,142,55,0.5814916798982225
1,1,0.5,142,56,0.5914632840910892
1,1,0.5,142,57,0.6163946118426923
1,1,0.5,142,58,0.5850356692441896
1,1,0.5,142,59,0.62535880240112
1,1,0.5,142,60,0.637464110538078
1,1,0.5,142,61,0.569861842951127
1,1,0.5,142,62,0.6519084473512932
1,1,0.5,142,63,0.5937802511027096
1,1,0.5,142,64,0.6295464396363323
1,1,0.5,142,65,0.5897577075078462
1,1,0.5,142,66,0.5913057848249353
1,1,0.5,142,67,0.587265270165775
1,1,0.5,142,68,0.6053826491642127
1,1,0.5,142,69,0.605408773819717
1,1,0.5,142,70,0.6024176459050855
1,1,0.5,142,71,0.6005528865300318
1,1,0.5,142,72,0.6064832166389419
1,1,0.5,142,73,0.6379768512309318
1,1,0.5,142,74,0.6369933560154714
1,1,0.5,142,75,0.6207988712439415
1,1,0.5,142,76,0.6012288731594105
1,1,0.5,142,77,0.6231664743613475
1,1,0.5,142,78,0.6278619843359511
1,1,0.5,142,79,0.5980964298337742
1,1,0.5,142,80,0.6160485511545004
1,1,0.5,142,81,0.6549374027454037
1,1,0.5,142,82,0.6206096401085922
1,1,0.5,142,83,0.609309527293016
1,1,0.5,142,84,0.5856921999789789
1,1,0.5,142,85,0.6265268167870495
1,1,0.5,142,86,0.6299330147935522
1,1,0.5,142,87,0.6209210001538069
1,1,0.5,142,88,0.6348898102833924
1,1,0.5,142,89,0.6048029808416324
1,1,0.5,142,90,0.5815137406373891
1,1,0.5,142,91,0.5626296123572561
1,1,0.5,142,92,0.6157423876167002
1,1,0.5,142,93,0.5854835416148314
1,1,0.5,142,94,0.5930019221549047
1,1,0.5,142,95,0.6177613097372905
1,1,0.5,142,96,0.6725592012295366
1,1,0.5,142,97,0.5893283849430411
1,1,0.5,142,98,0.6026055948774165
1,1,0.5,142,99,0.6233607681550242
1,1,0.5,142,100,0.6172674876789255
1,1,0.5,142,101,0.5587298199335315
1,1,0.5,142,102,0.5796402644326297
1,1,0.5,142,103,0.5985538867323955
1,1,0.5,142,104,0.5998660464411151
1,1,0.5,142,105,0.5847926098359515
1,1,0.5,142,106,0.6300238517140622
1,1,0.5,142,107,0.5686499386921864
1,1,0.5,142,108,0.5926831135296343
1,1,0.5,142,109,0.597024250607468
1,1,0.5,142,110,0.5729974829685409
1,1,0.5,142,111,0.6311054740962887
1,1,0.5,142,112,0.5894474766103426
1,1,0.5,142,113,0.5945852220952572
1,1,0.5,142,114,0.6412408309860524
1,1,0.5,142,115,0.6197210748661548
1,1,0.5,142,116,0.5784132179448381
1,1,0.5,142,117,0.6109933665912204
1,1,0.5,142,118,0.6049877530872345
1,1,0.5,142,119,0.6414541860574832
1,1,0.5,142,120,0.6103760893592718
1,1,0.5,142,121,0.6145242158639507
1,1,0.5,142,122,0.6138004253489427
1,1,0.5,142,123,0.6144649051268569
1,1,0.5,142,124,0.6161195609824204
1,1,0.5,142,125,0.6295497821536814
1,1,0.5,142,126,0.6196154494693362
1,1,0.5,142,127,0.6338756032697362
1,1,0.5,142,128,0.6076405192430413
1,1,0.5,142,129,0.5764041810325246
1,1,0.5,142,130,0.6246780715375785
1,1,0.5,142,131,0.5816957278403814
1,1,0.5,142,132,0.5960184548568681
1,1,0.5,142,133,0.5956329613442128
1,1,0.5,142,134,0.6066553227639604
1,1,0.5,142,135,0.6029289860668983
1,1,0.5,142,136,0.5319011643420413
1,1,0.5,142,137,0.6159025344198087
1,1,0.5,142,138,0.6257719023536777
1,1,0.5,142,139,0.6123958112038701
1,1,0.5,142,140,0.6036824364225134
1,1,0.5,142,141,0.5976974818992644
1,1,0.5,142,142,0.6480127860588204
1,1,0.5,142,143,0.6390371580033486
1,1,0.5,142,144,0.5933271049647133
1,1,0.5,142,145,0.5959266656197969
1,1,0.5,142,146,0.6311409384775525
1,1,0.5,142,147,0.6218807609916955
1,1,0.5,142,148,0.6764094917929243
1,1,0.5,142,149,0.6030275327734983
1,1,0.5,142,150,0.5880465514788165
1,1,0.5,142,151,0.5676705860672503
1,1,0.5,142,152,0.6020739466364898
1,1,0.5,142,153,0.6031866894586673
1,1,0.5,142,154,0.585031651318105
1,1,0.5,142,155,0.5995292659449476
1,1,0.5,142,156,0.6019093738764986
1,1,0.5,142,157,0.6136669307187433
1,1,0.5,142,158,0.6411048997012975
1,1,0.5,142,159,0.6607485389179858
1,1,0.5,142,160,0.6020354335104104
1,1,0.5,142,161,0.6192135974510075
1,1,0.5,142,162,0.6126388511326211
1,1,0.5,142,163,0.6024456620008621
1,1,0.5,142,164,0.6738404641978646
1,1,0.5,142,165,0.5908262329307088
1,1,0.5,142,166,0.5880124470870248
1,1,0.5,142,167,0.6173203788140934
1,1,0.5,142,168,0.5678135559706384
1,1,0.5,142,169,0.6033377667391842
1,1,0.5,142,170,0.6499389422321366
1,1,0.5,142,171,0.602741705300601
1,1,0.5,142,172,0.5926031014104115
1,1,0.5,142,173,0.6408735762351057
1,1,0.5,142,174,0.5840345571131226
1,1,0.5,142,175,0.6139880559771272
1,1,0.5,142,176,0.603999629016907
1,1,0.5,142,177,0.5807139675764947
1,1,0.5,142,178,0.5694554410152987
1,1,0.5,142,179,0.613848529113952
1,1,0.5,142,180,0.5870316059657569
1,1,0.5,142,181,0.5918903800749754
1,1,0.5,142,182,0.5873003179463165
1,1,0.5,142,183,0.6049588835957329
1,1,0.5,142,184,0.6424095743248008
1,1,0.5,142,185,0.5852436951913882
1,1,0.5,142,186,0.6074449963476782
1,1,0.5,142,187,0.6121947936787863
1,1,0.5,142,188,0.6100699998989215
1,1,0.5,142,189,0.6427748282095527
1,1,0.5,142,190,0.5943739965952547
1,1,0.5,142,191,0.6512563184980741
1,1,0.5,142,192,0.6131502382852084
1,1,0.5,142,193,0.5787660153716495
1,1,0.5,142,194,0.6374989023861545
1,1,0.5,142,195,0.5756552442307907
1,1,0.5,142,196,0.607037183884685
1,1,0.5,142,197,0.6052852214588006
1,1,0.5,142,198,0.6114790865569132
1,1,0.5,142,199,0.6654174703715996
2,1,1.0,285,0,0.37605865700134167
2,1,1.0,285,1,0.36925726194335956
2,1,1.0,285,2,0.5014534217433195
2,1,1.0,285,3,0.38394615262129295
2,1,1.0,285,4,0.3659465920275632
2,1,1.0,285,5,0.41930807899041594
2,1,1.0,285,6,0.3229253870924276
2,1,1.0,285,7,0.4125061509842952
2,1,1.0,285,8,0.34922254469960584
2,1,1.0,285,9,0.3505618657332356
2,1,1.0,285,10,0.295622284091773
2,1,1.0,285,11,0.36178721053860047
2,1,1.0,285,12,0.37433101706546335
2,1,1.0,285,13,0.3751631163574395
2,1,1.0,285,14,0.35720706666757635
2,1,1.0,285,15,0.3331729342351897
2,1,1.0,285,16,0.33105549135916884
2,1,1.0,285,17,0.3938785012617642
2,1,1.0,285,18,0.33792092735582185
2,1,1.0,285,19,0.3715140626981692
2,1,1.0,285,20,0.36904985396862366
2,1,1.0,285,21,0.3935294215937586
2,1,1.0,285,22,0.34523062175601094
2,1,1.0,285,23,0.36166040067938093
2,1,1.0,285,24,0.34640437296723725
2,1,1.0,285,25,0.32245250912762435
2,1,1.0,285,26,0.3463471710801721
2,1,1.0,285,27,0.35693635623298026
2,1,1.0,285,28,0.3543974355830142
2,1,1.0,285,29,0.3583525322880049
2,1,1.0,285,30,0.36416459237593274
2,1,1.0,285,31,0.3666945463052057
2,1,1.0,285,32,0.3677864574428475
2,1,1.0,285,33,0.3265216909253595
2,1,1.0,285,34,0.37766189021101443
2,1,1.0,285,35,0.39062137531815666
2,1,1.0,285,36,0.40236219614095653
2,1,1.0,285,37,0.33486374250243356
2,1,1.0,285,38,0.3257680410601723
2,1,1.0,285,39,0.34445058662350764
2,1,1.0,285,40,0.3871995844316665
2,1,1.0,285,41,0.3783742631182467
2,1,1.0,285,42,0.3944720509653824
2,1,1.0,285,43,0.36827205990173195
2,1,1.0,285,44,0.34844517501706934
2,1,1.0,285,45,0.38200562212164685
2,1,1.0,285,46,0.35640354873322033
2,1,1.0,285,47,0.34168200254921244
2,1,1.0,285,48,0.41844461084155055
2,1,1.0,285,49,0.4076686634013036
2,1,1.0,285,50,0.3261774789221027
2,1,1.0,285,51,0.3642218875354259
2,1,1.0,285,52,0.40762943565146564
2,1,1.0,285,53,0.43440703831072197
2,1,1.0,285,54,0.39323659755802337
2,1,1.0,285,55,0.3380149354984939
2,1,1.0,285,56,0.3986784517149239
2,1,1.0,285,57,0.34138110266081206
2,1,1.0,285,58,0.3919948931887376
2,1,1.0,285,59,0.3759722224169031
2,1,1.0,285,60,0.34825530760103807
2,1,1.0,285,61,0.38891441357747614
2,1,1.0,285,62,0.3077421354011559
2,1,1.0,285,63,0.35749471504820984
2,1,1.0,285,64,0.4399437850295559
2,1,1.0,285,65,0.32760364016428833
2,1,1.0,285,66,0.390295374026188
2,1,1.0,285,67,0.40186072520928406
2,1,1.0,285,68,0.30420976203835354
2,1,1.0,285,69,0.3586500242212566
2,1,1.0,285,70,0.30749736269828964
2,1,1.0,285,71,0.3457039995882386
2,1,1.0,285,72,0.3678130679935823
2,1,1.0,285,73,0.3582752705495102
2,1,1.0,285,74,0.39776912634480227
2,1,1.0,285,75,0.3734825854634474
2,1,1.0,285,76,0.3838136344325319
2,1,1.0,285,77,0.3899440213593764
2,1,1.0,285,78,0.32511352420753264
2,1,1.0,285,79,0.35617370624199884
2,1,1.0,285,80,0.3893813773649419
2,1,1.0,285,81,0.3959048331831526
2,1,1.0,285,82,0.37663099939097433
2,1,1.0,285,83,0.3565152308719184
2,1,1.0,285,84,0.3168995483605671
2,1,1.0,285,85,0.36763089714990305
2,1,1.0,285,86,0.35813157413847907
2,1,1.0,285,87,0.4209083991083974
2,1,1.0,285,88,0.36495390738456235
2,1,1.0,285,89,0.3738889425165653
2,1,1.0,285,90,0.3725366117581933
2,1,1.0,285,91,0.3798169974264531
2,1,1.0,285,92,0.3241631222457349
2,1,1.0,285,93,0.366280400210367
2,1,1.0,285,94,0.37193448275205687
2,1,1.0,285,95,0.39342637400591535
2,1,1.0,285,96,0.3390216778746325
2,1,1.0,285,97,0.3614604707975176
2,1,1.0,285,98,0.33690756078664824
2,1,1.0,285,99,0.32640987302248664
2,1,1.0,285,100,0.36839220454150395
2,1,1.0,285,101,0.35165758814980325
2,1,1.0,285,102,0.41566371794318174
2,1,1.0,285,103,0.32719933223588393
2,1,1.0,285,104,0.39256246582963633
2,1,1.0,285,105,0.3853364267606102
2,1,1.0,285,106,0.395493697264321
2,1,1.0,285,107,0.39123898387609257
2,1,1.0,285,108,0.3167318607643206
2,1,1.0,285,109,0.3433278549929921
2,1,1.0,285,110,0.3645411636752749
2,1,1.0,285,111,0.37652407832296614
2,1,1.0,285,112,0.3520628218161777
2,1,1.0,285,113,0.3633065789534774
2,1,1.0,285,114,0.3557506588227855
2,1,1.0,285,115,0.3410925527358469
2,1,1.0,285,116,0.3935061871429173
2,1,1.0,285,117,0.3458948580592428
2,1,1.0,285,118,0.39839066471686013
2,1,1.0,285,119,0.316661702832479
2,1,1.0,285,120,0.36945185088848825
2,1,1.0,285,121,0.343264655054803
2,1,1.0,285,122,0.3680927732582438
2,1,1.0,285,123,0.3528179018711446
2,1,1.0,285,124,0.4114283495704886
2,1,1.0,285,125,0.35890324724219136
2,1,1.0,285,126,0.40356606258770944
2,1,1.0,285,127,0.3531949804394809
2,1,1.0,285,128,0.40400889156090203
2,1,1.0,285,129,0.3695458044139527
2,1,1.0,285,130,0.3518675073545704
2,1,1.0,285,131,0.33291691142387936
2,1,1.0,285,132,0.3907636983900829
2,1,1.0,285,133,0.35347375552857524
2,1,1.0,285,134,0.35984066072019266
2,1,1.0,285,135,0.3554575736264237
2,1,1.0,285,136,0.34540527055619763
2,1,1.0,285,137,0.357864760993812
2,1,1.0,285,138,0.4056690937174695
2,1,1.0,285,139,0.37074009126522434
2,1,1.0,285,140,0.3158356439010523
2,1,1.0,285,141,0.34073910051221484
2,1,1.0,285,142,0.4032950520201324
2,1,1.0,285,143,0.3511293864211734
2,1,1.0,285,144,0.4170437382135269
2,1,1.0,285,145,0.3304535974276672
2,1,1.0,285,146,0.384223588977977
2,1,1.0,285,147,0.38800180137815843
2,1,1.0,285,148,0.38186017244984394
2,1,1.0,285,149,0.3979108679836669
2,1,1.0,285,150,0.41928546710857834
2,1,1.0,285,151,0.38801566399076926
2,1,1.0,285,152,0.3337613390931491
2,1,1.0,285,153,0.3790393226890835
2,1,1.0,285,154,0.3643177051937914
2,1,1.0,285,155,0.3900009195433991
2,1,1.0,285,156,0.35360744664871846
2,1,1.0,285,157,0.381327796981983
2,1,1.0,285,158,0.3784702558915659
2,1,1.0,285,159,0.4003479871079117
2,1,1.0,285,160,0.3708498286317523
2,1,1.0,285,161,0.3529174112147137
2,1,1.0,285,162,0.4230820090229435
2,1,1.0,285,163,0.336772701429941
2,1,1.0,285,164,0.3926673469358134
2,1,1.0,285,165,0.3472373309717359
2,1,1.0,285,166,0.3529455985820385
2,1,1.0,285,167,0.36730414714498794
2,1,1.0,285,168,0.4304863568743735
2,1,1.0,285,169,0.38194950027594593
2,1,1.0,285,170,0.3371289454283999
2,1,1.0,285,171,0.38836813388575275
2,1,1.0,285,172,0.4130561918858521
2,1,1.0,285,173,0.37058690368690284
2,1,1.0,285,174,0.3346576796148414
2,1,1.0,285,175,0.3594666605022853
2,1,1.0,285,176,0.40291299427434035
2,1,1.0,285,177,0.39102417795816213
2,1,1.0,285,178,0.3949230116605321
2,1,1.0,285,179,0.45683069705399304
2,1,1.0,285,180,0.3911163334499323
2,1,1.0,285,181,0.3693316026931591
2,1,1.0,285,182,0.36456296785124576
2,1,1.0,285,183,0.3587474645407102
2,1,1.0,285,184,0.35858781223085984
2,1,1.0,285,185,0.351410092388963
2,1,1.0,285,186,0.36068349518227255
2,1,1.0,285,187,0.408216944191051
2,1,1.0,285,188,0.34846643610898603
2,1,1.0,285,189,0.3736643187900055
2,1,1.0,285,190,0.4070652861501068
2,1,1.0,285,191,0.38294223795772586
2,1,1.0,285,192,0.3785123136521762
2,1,1.0,285,193,0.31935059229237445
2,1,1.0,285,194,0.4036666649852882
2,1,1.0,285,195,0.3270076402584521
2,1,1.0,285,196,0.3955796078332401
2,1,1.0,285,197,0.36190998280994563
2,1,1.0,285,198,0.36082945412979445
2,1,1.0,285,199,0.3010281682162749
3,1,1.5,427,0,0.21514143949685627
3,1,1.5,427,1,0.20247778455158863
3,1,1.5,427,2,0.20196496963598304
3,1,1.5,427,3,0.22394499654317598
3,1,1.5,427,4,0.19314139674195033
3,1,1.5,427,5,0.19204906575741068
3,1,1.5,427,6,0.19330622732175973
3,1,1.5,427,7,0.21027213778272918
3,1,1.5,427,8,0.2175250381514359
3,1,1.5,427,9,0.19345216511772628
3,1,1.5,427,10,0.20363172411120103
3,1,1.5,427,11,0.2390222381894426
3,1,1.5,427,12,0.21105649941770885
3,1,1.5,427,13,0.1999599604120733
3,1,1.5,427,14,0.27585696424375306
3,1,1.5,427,15,0.28144015073901135
3,1,1.5,427,16,0.22709823371030383
3,1,1.5,427,17,0.22084646110712558
3,1,1.5,427,18,0.28330246433101824
3,1,1.5,427,19,0.28131714852055195
3,1,1.5,427,20,0.23084307629960243
3,1,1.5,427,21,0.23041011478844764
3,1,1.5,427,22,0.24710383700014646
3,1,1.5,427,23,0.2169369513739943
3,1,1.5,427,24,0.2208031244681643
3,1,1.5,427,25,0.23040145392510727
3,1,1.5,427,26,0.22382710624609667
3,1,1.5,427,27,0.3193630718211812
3,1,1.5,427,28,0.20905239601544057
3,1,1.5,427,29,0.2092546418953881
3,1,1.5,427,30,0.21638097597177222
3,1,1.5,427,31,0.19861541657310902
3,1,1.5,427,32,0.2642718243384686
3,1,1.5,427,33,0.2235129227793634
3,1,1.5,427,34,0.2194572923307878
3,1,1.5,427,35,0.24538520910631914
3,1,1.5,427,36,0.2555086494156491
3,1,1.5,427,37,0.20665141509633395
3,1,1.5,427,38,0.1782072184940851
3,1,1.5,427,39,0.2355055979174521
3,1,1.5,427,40,0.1987827557115283
3,1,1.5,427,41,0.2200291921627786
3,1,1.5,427,42,0.23420224911509005
3,1,1.5,427,43,0.24093996422863767
3,1,1.5,427,44,0.22250363619415578
3,1,1.5,427,45,0.18735638519853354
3,1,1.5,427,46,0.1939264125077463
3,1,1.5,427,47,0.2298251717324556
3,1,1.5,427,48,0.2694679147956433
3,1,1.5,427,49,0.20679300010936777
3,1,1.5,427,50,0.2720349988534516
3,1,1.5,427,51,0.17890798102935776
3,1,1.5,427,52,0.22771627856917115
3,1,1.5,427,53,0.2581469339533182
3,1,1.5,427,54,0.19790201185990325
3,1,1.5,427,55,0.2743358914340419
3,1,1.5,427,56,0.2190499191929082
3,1,1.5,427,57,0.21321813210152418
3,1,1.5,427,58,0.2363572828981392
3,1,1.5,427,59,0.22991951340250924
3,1,1.5,427,60,0.17274135632729165
3,1,1.5,427,61,0.1972062416661588
3,1,1.5,427,62,0.21633535822540267
3,1,1.5,427,63,0.21619303780482807
3,1,1.5,427,64,0.18254906292382225
3,1,1.5,427,65,0.2919285832168167
3,1,1.5,427,66,0.17592666697717793
3,1,1.5,427,67,0.22885653979740583
3,1,1.5,427,68,0.22263877568588838
3,1,1.5,427,69,0.17461146971257188
3,1,1.5,427,70,0.24492589715461865
3,1,1.5,427,71,0.22066875920627335
3,1,1.5,427,72,0.1902452681913724
3,1,1.5,427,73,0.299978750099272
3,1,1.5,427,74,0.20578513603553308
3,1,1.5,427,75,0.2287179106052668
3,1,1.5,427,76,0.20955551470392494
3,1,1.5,427,77,0.23500421597762589
3,1,1.5,427,78,0.2559909204555347
3,1,1.5,427,79,0.21569718484458547
3,1,1.5,427,80,0.21080819704920428
3,1,1.5,427,81,0.21922914432770158
3,1,1.5,427,82,0.24450857453483338
3,1,1.5,427,83,0.22299647899217126
3,1,1.5,427,84,0.19170387288803642
3,1,1.5,427,85,0.20242565367611529
3,1,1.5,427,86,0.191564443049144
3,1,1.5,427,87,0.30064766234966483
3,1,1.5,427,88,0.2542531410457394
3,1,1.5,427,89,0.18411386074685684
3,1,1.5,427,90,0.24354900543832406
3,1,1.5,427,91,0.21097087529387876
3,1,1.5,427,92,0.20700868334103278
3,1,1.5,427,93,0.26550193815262835
3,1,1.5,427,94,0.24519635308214488
3,1,1.5,427,95,0.27971891988189906
3,1,1.5,427,96,0.24629107419341717
3,1,1.5,427,97,0.1972313468983629
3,1,1.5,427,98,0.22432631697049502
3,1,1.5,427,99,0.18273680389365599
3,1,1.5,427,100,0.1823839100186874
3,1,1.5,427,101,0.22138400049173756
3,1,1.5,427,102,0.25404905858402416
3,1,1.5,427,103,0.29987081886199674
3,1,1.5,427,104,0.23050864591115117
3,1,1.5,427,105,0.2178261702192271
3,1,1.5,427,106,0.20429458420947857
3,1,1.5,427,107,0.2543713313267254
3,1,1.5,427,108,0.2324211278891993
3,1,1.5,427,109,0.21671961818143565
3,1,1.5,427,110,0.22389573937174562
3,1,1.5,427,111,0.2019690868620842
3,1,1.5,427,112,0.20988544126342715
3,1,1.5,427,113,0.21549714566001987
3,1,1.5,427,114,0.18597694416453703
3,1,1.5,427,115,0.2332486907410278
3,1,1.5,427,116,0.22225875917923657
3,1,1.5,427,117,0.21047413669389622
3,1,1.5,427,118,0.2639172225547229
3,1,1.5,427,119,0.22488651671946785
3,1,1.5,427,120,0.2111453389130218
3,1,1.5,427,121,0.23477612000040837
3,1,1.5,427,122,0.25801421726119406
3,1,1.5,427,123,0.2862267629672492
3,1,1.5,427,124,0.1895868832045361
3,1,1.5,427,125,0.21222627631571303
3,1,1.5,427,126,0.2230046487783427
3,1,1.5,427,127,0.21434449506634048
3,1,1.5,427,128,0.26689392633029424
3,1,1.5,427,129,0.24654147535282928
3,1,1.5,427,130,0.22490383755412102
3,1,1.5,427,131,0.23557813793254645
3,1,1.5,427,132,0.2560256863787315
3,1,1.5,427,133,0.22627761288229156
3,1,1.5,427,134,0.2430118145780885
3,1,1.5,427,135,0.2493106017177468
3,1,1.5,427,136,0.1757738439382505
3,1,1.5,427,137,0.21901308374628925
3,1,1.5,427,138,0.19175297060800933
3,1,1.5,427,139,0.19551866171376317
3,1,1.5,427,140,0.242288283000056
3,1,1.5,427,141,0.2400650080131457
3,1,1.5,427,142,0.22618980467312827
3,1,1.5,427,143,0.18186287657998956
3,1,1.5,427,144,0.2505715344070662
3,1,1.5,427,145,0.20467037485217504
3,1,1.5,427,146,0.2922592317326624
3,1,1.5,427,147,0.24771394379894005
3,1,1.5,427,148,0.2438666762678114
3,1,1.5,427,149,0.21538487257091063
3,1,1.5,427,150,0.24088715847214012
3,1,1.5,427,151,0.21711575911972367
3,1,1.5,427,152,0.21723597977220876
3,1,1.5,427,153,0.2606189427550113
3,1,1.5,427,154,0.20266758441580413
3,1,1.5,427,155,0.24220083531296313
3,1,1.5,427,156,0.19598046255085597
3,1,1.5,427,157,0.19199640240583155
3,1,1.5,427,158,0.2017489729329007
3,1,1.5,427,159,0.18467720125095416
3,1,1.5,427,160,0.19245804585583456
3,1,1.5,427,161,0.20912082147944408
3,1,1.5,427,162,0.22657700516337
3,1,1.5,427,163,0.2688838589806408
3,1,1.5,427,164,0.17702979540239322
3,1,1.5,427,165,0.22127205038488734
3,1,1.5,427,166,0.24560788406332018
3,1,1.5,427,167,0.2231683697945403
3,1,1.5,427,168,0.19708110515904212
3,1,1.5,427,169,0.22860172640599358
3,1,1.5,427,170,0.19698220812752104
3,1,1.5,427,171,0.2764568146844202
3,1,1.5,427,172,0.23577865254966726
3,1,1.5,427,173,0.20324158331689782
3,1,1.5,427,174,0.24880844076124053
3,1,1.5,427,175,0.18031559134197148
3,1,1.5,427,176,0.239649670213054
3,1,1.5,427,177,0.20865559029462305
3,1,1.5,427,178,0.21057698451925053
3,1,1.5,427,179,0.2161522333767003
3,1,1.5,427,180,0.23172071472768482
3,1,1.5,427,181,0.25977226227486877
3,1,1.5,427,182,0.24690699239737324
3,1,1.5,427,183,0.22118244367278136
3,1,1.5,427,184,0.21311219341417315
3,1,1.5,427,185,0.21724331003212116
3,1,1.5,427,186,0.22852669164592448
3,1,1.5,427,187,0.21648830885104411
3,1,1.5,427,188,0.21814307078504447
3,1,1.5,427,189,0.22637799218183408
3,1,1.5,427,190,0.20876457499780954
3,1,1.5,427,191,0.26179190765018234
3,1,1.5,427,192,0.212415565022701
3,1,1.5,427,193,0.21279326692935577
3,1,1.5,427,194,0.20280530047471473
3,1,1.5,427,195,0.20204076070504787
3,1,1.5,427,196,0.31752563240548004
3,1,1.5,427,197,0.2476904491075309
3,1,1.5,427,198,0.20209298007202564
3,1,1.5,427,199,0.21115707659946645
4,1,2.0,570,0,0.1563560122812242
4,1,2.0,570,1,0.14611733404706123
4,1,2.0,570,2,0.10037256657750913
4,1,2.0,570,3,0.12665332579103633
4,1,2.0,570,4,0.13253873780834216
4,1,2.0,570,5,0.13130070941009137
4,1,2.0,570,6,0.1669902287900619
4,1,2.0,570,7,0.14336112862011702
4,1,2.0,570,8,0.11784620342447662
4,1,2.0,570,9,0.13554841018470762
4,1,2.0,570,10,0.10633877775831786
4,1,2.0,570,11,0.10486498901285593
4,1,2.0,570,12,0.12666934252790912
4,1,2.0,570,13,0.10895546506836441
4,1,2.0,570,14,0.14200382255443594
4,1,2.0,570,15,0.10325600760512581
4,1,2.0,570,16,0.1267916850968799
4,1,2.0,570,17,0.44028984004675314
4,1,2.0,570,18,0.11990809079794554
4,1,2.0,570,19,0.11140773590680988
4,1,2.0,570,20,0.12263050044258887
4,1,2.0,570,21,0.1217113311770099
4,1,2.0,570,22,0.14758115403541147
4,1,2.0,570,23,0.15485669594249543
4,1,2.0,570,24,0.14094307067881
4,1,2.0,570,25,0.11968722552460287
4,1,2.0,570,26,0.10806549582426067
4,1,2.0,570,27,0.10734771583566546
4,1,2.0,570,28,0.17968187764488322
4,1,2.0,570,29,0.10390311404680241
4,1,2.0,570,30,0.13605877843892175
4,1,2.0,570,31,0.14635579430418347
4,1,2.0,570,32,0.14898025515233962
4,1,2.0,570,33,0.1412321659135717
4,1,2.0,570,34,0.12042530100972013
4,1,2.0,570,35,0.14321807410914594
4,1,2.0,570,36,0.1219196489245349
4,1,2.0,570,37,0.11213022212771705
4,1,2.0,570,38,0.14997294060661454
4,1,2.0,570,39,0.11655571719362409
4,1,2.0,570,40,0.11971576309712945
4,1,2.0,570,41,0.2918720733775182
4,1,2.0,570,42,0.10523132500135321
4,1,2.0,570,43,0.12483152726216697
4,1,2.0,570,44,0.11457001636489456
4,1,2.0,570,45,0.1321719898863077
4,1,2.0,570,46,0.11946124857068778
4,1,2.0,570,47,0.14819835051474825
4,1,2.0,570,48,0.10345384548668704
4,1,2.0,570,49,0.14200407185835076
4,1,2.0,570,50,0.164360032390807
4,1,2.0,570,51,0.14837402790721704
4,1,2.0,570,52,0.17382507261547417
4,1,2.0,570,53,0.1338201821154634
4,1,2.0,570,54,0.13631393133885444
4,1,2.0,570,55,0.14298322303683808
4,1,2.0,570,56,0.11314073987748267
4,1,2.0,570,57,0.1090769978240823
4,1,2.0,570,58,0.10995237218358625
4,1,2.0,570,59,0.10680826853759838
4,1,2.0,570,60,0.12376224076621113
4,1,2.0,570,61,0.12383724778951534
4,1,2.0,570,62,0.1897385385874419
4,1,2.0,570,63,0.11766649924967176
4,1,2.0,570,64,0.10527770561903237
4,1,2.0,570,65,0.13050507070065495
4,1,2.0,570,66,0.12474391354598975
4,1,2.0,570,67,0.1309805893003469
4,1,2.0,570,68,0.14131994967782585
4,1,2.0,570,69,0.11596262299068175
4,1,2.0,570,70,0.14060521537974327
4,1,2.0,570,71,0.12719823957284948
4,1,2.0,570,72,0.14053631221779228
4,1,2.0,570,73,0.1488932040332275
4,1,2.0,570,74,0.160224284391906
4,1,2.0,570,75,0.12802610719876012
4,1,2.0,570,76,0.11530936302902782
4,1,2.0,570,77,0.13178770280561672
4,1,2.0,570,78,0.13122283999643997
4,1,2.0,570,79,0.17689191527068282
4,1,2.0,570,80,0.108489653770498
4,1,2.0,570,81,0.11690561409174162
4,1,2.0,570,82,0.13975303287830368
4,1,2.0,570,83,0.12742531348718517
4,1,2.0,570,84,0.10298057089632331
4,1,2.0,570,85,0.11551786360381205
4,1,2.0,570,86,0.13640126664058083
4,1,2.0,570,87,0.12816376921529912
4,1,2.0,570,88,0.11856824697736498
4,1,2.0,570,89,0.1484356903926153
4,1,2.0,570,90,0.10592007475000714
4,1,2.0,570,91,0.1801033427564784
4,1,2.0,570,92,0.1445825679558924
4,1,2.0,570,93,0.13725325687537965
4,1,2.0,570,94,0.15924698705758156
4,1,2.0,570,95,0.16920923881599323
4,1,2.0,570,96,0.11922784951466708
4,1,2.0,570,97,0.1504166121507023
4,1,2.0,570,98,0.1318723333641172
4,1,2.0,570,99,0.12178245836521712
4,1,2.0,570,100,0.1302972618352058
4,1,2.0,570,101,0.12119099841844877
4,1,2.0,570,102,0.12247755016292916
4,1,2.0,570,103,0.1220819936078707
4,1,2.0,570,104,0.12662490189167164
4,1,2.0,570,105,0.1409002213574502
4,1,2.0,570,106,0.10761251593616991
4,1,2.0,570,107,0.14177956253938248
4,1,2.0,570,108,0.11256196359249196
4,1,2.0,570,109,0.13418849414094533
4,1,2.0,570,110,0.18071127854594324
4,1,2.0,570,111,0.1381442692674038
4,1,2.0,570,112,0.20494261278217518
4,1,2.0,570,113,0.1153154825158351
4,1,2.0,570,114,0.12831732067412338
4,1,2.0,570,115,0.13112304043167444
4,1,2.0,570,116,0.13073449016751496
4,1,2.0,570,117,0.1174827733181199
4,1,2.0,570,118,0.1287282879171189
4,1,2.0,570,119,0.14111456708703488
4,1,2.0,570,120,0.16223973706896128
4,1,2.0,570,121,0.12978764922393562
4,1,2.0,570,122,0.1062756236921785
4,1,2.0,570,123,0.12588041167221192
4,1,2.0,570,124,0.13765978386305863
4,1,2.0,570,125,0.153858879481834
4,1,2.0,570,126,0.12780182364317555
4,1,2.0,570,127,0.10628577908016831
4,1,2.0,570,128,0.11855188390391244
4,1,2.0,570,129,0.10750417749979385
4,1,2.0,570,130,0.16166075203119745
4,1,2.0,570,131,0.145201953869359
4,1,2.0,570,132,0.12455030310805199
4,1,2.0,570,133,0.14283285912260724
4,1,2.0,570,134,0.18386573560290423
4,1,2.0,570,135,0.1827766886947122
4,1,2.0,570,136,0.16025632317920444
4,1,2.0,570,137,0.12953084269321596
4,1,2.0,570,138,0.11754132598570746
4,1,2.0,570,139,0.19796808683231182
4,1,2.0,570,140,0.12030444508566605
4,1,2.0,570,141,0.19403889312538888
4,1,2.0,570,142,0.1352874521655884
4,1,2.0,570,143,0.12727774117106155
4,1,2.0,570,144,0.10683010011880653
4,1,2.0,570,145,0.13088555555883624
4,1,2.0,570,146,0.0975153800731404
4,1,2.0,570,147,0.1757967347583891
4,1,2.0,570,148,0.10995593714298664
4,1,2.0,570,149,0.11402900064598159
4,1,2.0,570,150,0.10572418628933901
4,1,2.0,570,151,0.13764878970415878
4,1,2.0,570,152,0.13542927138524663
4,1,2.0,570,153,0.1489703986551018
4,1,2.0,570,154,0.11361740381209068
4,1,2.0,570,155,0.13951910676427406
4,1,2.0,570,156,0.14498044861680187
4,1,2.0,570,157,0.14082338211459244
4,1,2.0,570,158,0.14127150315783657
4,1,2.0,570,159,0.1244070691686802
4,1,2.0,570,160,0.09985381823852839
4,1,2.0,570,161,0.12994416793237837
4,1,2.0,570,162,0.11917275566866423
4,1,2.0,570,163,0.10825445647591575
4,1,2.0,570,164,0.08851391241977871
4,1,2.0,570,165,0.13942391436180956
4,1,2.0,570,166,0.12991810371559767
4,1,2.0,570,167,0.12296644179277533
4,1,2.0,570,168,0.1340710918736361
4,1,2.0,570,169,0.13715004625982352
4,1,2.0,570,170,0.16899199177315335
4,1,2.0,570,171,0.1241458203227682
4,1,2.0,570,172,0.19170854570813595
4,1,2.0,570,173,0.16445004804303467
4,1,2.0,570,174,0.1319241452254476
4,1,2.0,570,175,0.17646111584516005
4,1,2.0,570,176,0.09136975072153385
4,1,2.0,570,177,0.16106630077955686
4,1,2.0,570,178,0.13850054983114604
4,1,2.0,570,179,0.10707493608515851
4,1,2.0,570,180,0.12310330294316348
4,1,2.0,570,181,0.12340777447442948
4,1,2.0,570,182,0.13153050850608028
4,1,2.0,570,183,0.12090908964847405
4,1,2.0,570,184,0.12593528853508443
4,1,2.0,570,185,0.127502031793321
4,1,2.0,570,186,0.11912374454843377
4,1,2.0,570,187,0.12577742862300256
4,1,2.0,570,188,0.1952716470474087
4,1,2.0,570,189,0.14657199001584484
4,1,2.0,570,190,0.13694537751000657
4,1,2.0,570,191,0.1372066053102464
4,1,2.0,570,192,0.09986397619367406
4,1,2.0,570,193,0.11246981956168024
4,1,2.0,570,194,0.1356787113210418
4,1,2.0,570,195,0.12439341665749502
4,1,2.0,570,196,0.1268573143294593
4,1,2.0,570,197,0.10571951848454637
4,1,2.0,570,198,0.1228864991850729
4,1,2.0,570,199,0.11660360272328125
5,2,0.25,18,0,0.7791497762776918
5,2,0.25,18,1,0.7468437499541203
5,2,0.25,18,2,0.7628026641293056
5,2,0.25,18,3,0.7756261827381836
5,2,0.25,18,4,0.764682145532562
5,2,0.25,18,5,0.7802588343227721
5,2,0.25,18,6,0.8035067061855011
5,2,0.25,18,7,0.7391251851227162
5,2,0.25,18,8,0.7627216223409211
5,2,0.25,18,9,0.7954398860006703
5,2,0.25,18,10,0.8150395903178441
5,2,0.25,18,11,0.7795266932154298
5,2,0.25,18,12,0.7553768546901886
5,2,0.25,18,13,0.7444191802216685
5,2,0.25,18,14,0.7765890839470816
5,2,0.25,18,15,0.789729895200812
5,2,0.25,18,16,0.774910143763095
5,2,0.25,18,17,0.7947031041980606
5,2,0.25,18,18,0.7984141965323368
5,2,0.25,18,19,0.7619684028484717
5,2,0.25,18,20,0.795391975164087
5,2,0.25,18,21,0.7792751749447933
5,2,0.25,18,22,0.7721099680436603
5,2,0.25,18,23,0.7631233564454282
5,2,0.25,18,24,0.7947532466245528
5,2,0.25,18,25,0.7491944172237401
5,2,0.25,18,26,0.787417627188364
5,2,0.25,18,27,0.7879907042109898
5,2,0.25,18,28,0.7439118374901539
5,2,0.25,18,29,0.8094534222131262
5,2,0.25,18,30,0.7430907501316428
5,2,0.25,18,31,0.7910197960250209
5,2,0.25,18,32,0.7980716137618596
5,2,0.25,18,33,0.7953268729641554
5,2,0.25,18,34,0.7920578211281954
5,2,0.25,18,35,0.8209048183529752
5,2,0.25,18,36,0.7566564270378523
5,2,0.25,18,37,0.7607393564662958
5,2,0.25,18,38,0.7498753185959566
5,2,0.25,18,39,0.7834973360133577
5,2,0.25,18,40,0.7474825952457133
5,2,0.25,18,41,0.7878016134799075
5,2,0.25,18,42,0.8100929356648888
5,2,0.25,18,43,0.8223864352779672
5,2,0.25,18,44,0.7820397160587673
5,2,0.25,18,45,0.8285934106052583
5,2,0.25,18,46,0.7795484921945277
5,2,0.25,18,47,0.8248220713947607
5,2,0.25,18,48,0.8116745731208318
5,2,0.25,18,49,0.7778011643517033
5,2,0.25,18,50,0.8078592106547604
5,2,0.25,18,51,0.7935717098581794
5,2,0.25,18,52,0.7600418688972368
5,2,0.25,18,53,0.7625320462623036
5,2,0.25,18,54,0.7597277190079165
5,2,0.25,18,55,0.7811480634828383
5,2,0.25,18,56,0.7539261403909165
5,2,0.25,18,57,0.8118736667410421
5,2,0.25,18,58,0.7874462020157316
5,2,0.25,18,59,0.8081695439805836
5,2,0.25,18,60,0.7835163826038566
5,2,0.25,18,61,0.759030601184377
5,2,0.25,18,62,0.736489222373324
5,2,0.25,18,63,0.7667357184743065
5,2,0.25,18,64,0.7607562686597448
5,2,0.25,18,65,0.7825773084840194
5,2,0.25,18,66,0.7734679256448656
5,2,0.25,18,67,0.7742115461961436
5,2,0.25,18,68,0.7478182471322259
5,2,0.25,18,69,0.7892023016330425
5,2,0.25,18,70,0.7686367559483273
5,2,0.25,18,71,0.7540383374610264
5,2,0.25,18,72,0.7556514161588267
5,2,0.25,18,73,0.7460538869310633
5,2,0.25,18,74,0.7862870149595721
5,2,0.25,18,75,0.7736189028397037
5,2,0.25,18,76,0.8057858677158782
5,2,0.25,18,77,0.7844404804720381
5,2,0.25,18,78,0.8243438742735115
5,2,0.25,18,79,0.7627495999563478
5,2,0.25,18,80,0.7864084906728642
5,2,0.25,18,81,0.767487187037606
5,2,0.25,18,82,0.7872496233436244
5,2,0.25,18,83,0.760836097963287
5,2,0.25,18,84,0.7687291732763979
5,2,0.25,18,85,0.7757700112326228
5,2,0.25,18,86,0.7943493848985598
5,2,0.25,18,87,0.7890694710327095
5,2,0.25,18,88,0.7584134692584942
5,2,0.25,18,89,0.7683730942726547
5,2,0.25,18,90,0.80007383041678
5,2,0.25,18,91,0.8081691240100349
5,2,0.25,18,92,0.7846917548292452
5,2,0.25,18,93,0.7905268061564281
5,2,0.25,18,94,0.759245880924908
5,2,0.25,18,95,0.8160999074637464
5,2,0.25,18,96,0.772477859429136
5,2,0.25,18,97,0.7862204079221927
5,2,0.25,18,98,0.7568742708938994
5,2,0.25,18,99,0.7569442016837591
5,2,0.25,18,100,0.759200088046816
5,2,0.25,18,101,0.7045533317893987
5,2,0.25,18,102,0.7856119717956395
5,2,0.25,18,103,0.7733715573046808
5,2,0.25,18,104,0.8003615493882942
5,2,0.25,18,105,0.7578686207191695
5,2,0.25,18,106,0.8016384375275645
5,2,0.25,18,107,0.7928164886505117
5,2,0.25,18,108,0.7667190124326457
5,2,0.25,18,109,0.7909646137023363
5,2,0.25,18,110,0.7826056652874529
5,2,0.25,18,111,0.7876503783464461
5,2,0.25,18,112,0.8130796944352934
5,2,0.25,18,113,0.7707890453867267
5,2,0.25,18,114,0.7816423249350898
5,2,0.25,18,115,0.7911403635752381
5,2,0.25,18,116,0.7919900819871377
5,2,0.25,18,117,0.7702136653367675
5,2,0.25,18,118,0.7666734261032612
5,2,0.25,18,119,0.7490114484713564
5,2,0.25,18,120,0.7567551258247447
5,2,0.25,18,121,0.7567556361742668
5,2,0.25,18,122,0.7637756282867608
5,2,0.25,18,123,0.7853622622335464
5,2,0.25,18,124,0.7990802202560158
5,2,0.25,18,125,0.7907510462629616
5,2,0.25,18,126,0.7617546312460088
5,2,0.25,18,127,0.8153737770471045
5,2,0.25,18,128,0.7726126724142875
5,2,0.25,18,129,0.77446785893824
5,2,0.25,18,130,0.7782111470310007
5,2,0.25,18,131,0.752721594837305
5,2,0.25,18,132,0.813083160800309
5,2,0.25,18,133,0.7801429222137908
5,2,0.25,18,134,0.7556456146044828
5,2,0.25,18,135,0.7649612495973931
5,2,0.25,18,136,0.7618617824298426
5,2,0.25,18,137,0.7817259942257784
5,2,0.25,18,138,0.7760954251001603
5,2,0.25,18,139,0.7811743782964563
5,2,0.25,18,140,0.7735013939974078
5,2,0.25,18,141,0.7930609180321767
5,2,0.25,18,142,0.7924300317890386
5,2,0.25,18,143,0.774688263842404
5,2,0.25,18,144,0.8041463431268924
5,2,0.25,18,145,0.8034912133407702
5,2,0.25,18,146,0.7683213504213561
5,2,0.25,18,147,0.782637609423439
5,2,0.25,18,148,0.7864037043748622
5,2,0.25,18,149,0.7820846728252934
5,2,0.25,18,150,0.7583989272463029
5,2,0.25,18,151,0.7872291517729512
5,2,0.25,18,152,0.7861961595896907
5,2,0.25,18,153,0.7687739649223015
5,2,0.25,18,154,0.7705715527866176
5,2,0.25,18,155,0.796534018675284
5,2,0.25,18,156,0.7810795022660145
5,2,0.25,18,157,0.7775615710938982
5,2,0.25,18,158,0.7845267826889333
5,2,0.25,18,159,0.7456930205363573
5,2,0.25,18,160,0.7775112263829651
5,2,0.25,18,161,0.7968597153371241
5,2,0.25,18,162,0.789838649833902
5,2,0.25,18,163,0.7702839627442346
5,2,0.25,18,164,0.7820483165500122
5,2,0.25,18,165,0.7884985390890777
5,2,0.25,18,166,0.8015413464240835
5,2,0.25,18,167,0.7799727019071415
5,2,0.25,18,168,0.7707849905310736
5,2,0.25,18,169,0.7891160922261143
5,2,0.25,18,170,0.7489185801530245
5,2,0.25,18,171,0.7551229532431218
5,2,0.25,18,172,0.7462877465149104
5,2,0.25,18,173,0.7824632860363993
5,2,0.25,18,174,0.7470220977273289
5,2,0.25,18,175,0.7727376574199132
5,2,0.25,18,176,0.7702684532126655
5,2,0.25,18,177,0.7706100623069184
5,2,0.25,18,178,0.7787967932907425
5,2,0.25,18,179,0.8119545202221085
5,2,0.25,18,180,0.8090869270866281
5,2,0.25,18,181,0.7877505670482472
5,2,0.25,18,182,0.786143393005058
5,2,0.25,18,183,0.791437548808481
5,2,0.25,18,184,0.7881411677693891
5,2,0.25,18,185,0.7551085215238791
5,2,0.25,18,186,0.7574671394164277
5,2,0.25,18,187,0.7748354857152924
5,2,0.25,18,188,0.7706344012471666
5,2,0.25,18,189,0.7890250104451502
5,2,0.25,18,190,0.742642413446527
5,2,0.25,18,191,0.813649957823599
5,2,0.25,18,192,0.76741209410019
5,2,0.25,18,193,0.7899567677181774
5,2,0.25,18,194,0.7796863557103367
5,2,0.25,18,195,0.7706460562705538
5,2,0.25,18,196,0.7973079353769226
5,2,0.25,18,197,0.7838430435918687
5,2,0.25,18,198,0.7640822641707593
5,2,0.25,18,199,0.7783735364604641
6,2,0.5,36,0,0.6392400304512972
6,2,0.5,36,1,0.6176216806664265
6,2,0.5,36,2,0.5962850813625666
6,2,0.5,36,3,0.6423199030677864
6,2,0.5,36,4,0.6037844745786182
6,2,0.5,36,5,0.570796793923269
6,2,0.5,36,6,0.5879506670620142
6,2,0.5,36,7,0.6019205642332351
6,2,0.5,36,8,0.5639216084615896
6,2,0.5,36,9,0.6260747402466063
6,2,0.5,36,10,0.5768497775135113
6,2,0.5,36,11,0.5824787545968615
6,2,0.5,36,12,0.59822381083027
6,2,0.5,36,13,0.5499750362824343
6,2,0.5,36,14,0.6276062855762621
6,2,0.5,36,15,0.6251742440779858
6,2,0.5,36,16,0.6223508870228984
6,2,0.5,36,17,0.666038599134856
6,2,0.5,36,18,0.5875000424860342
6,2,0.5,36,19,0.6272057636583542
6,2,0.5,36,20,0.614626666713991
6,2,0.5,36,21,0.5486189460466926
6,2,0.5,36,22,0.6316976816715517
6,2,0.5,36,23,0.5608910390873226
6,2,0.5,36,24,0.5646295974616748
6,2,0.5,36,25,0.5948029443824707
6,2,0.5,36,26,0.6061367334911794
6,2,0.5,36,27,0.5878972900137494
6,2,0.5,36,28,0.6091256350927327
6,2,0.5,36,29,0.6468163305953096
6,2,0.5,36,30,0.6432694620893011
6,2,0.5,36,31,0.6064349226294332
6,2,0.5,36,32,0.6219634971023115
6,2,0.5,36,33,0.6007234120991872
6,2,0.5,36,34,0.6579775380340708
6,2,0.5,36,35,0.5800975702787985
6,2,0.5,36,36,0.6222798550058828
6,2,0.5,36,37,0.6099522479946986
6,2,0.5,36,38,0.5918522278183216
6,2,0.5,36,39,0.6035609666211095
6,2,0.5,36,40,0.5676002279632357
6,2,0.5,36,41,0.6093942617209134
6,2,0.5,36,42,0.6019190638118571
6,2,0.5,36,43,0.5940413833389275
6,2,0.5,36,44,0.6207948028645413
6,2,0.5,36,45,0.5924560172051911
6,2,0.5,36,46,0.5926868892715156
6,2,0.5,36,47,0.6222272986701021
6,2,0.5,36,48,0.6302195524371893
6,2,0.5,36,49,0.624639187314105
6,2,0.5,36,50,0.6079766826168902
6,2,0.5,36,51,0.5710826269074268
6,2,0.5,36,52,0.5605612249136397
6,2,0.5,36,53,0.6029609465232256
6,2,0.5,36,54,0.5931824452204596
6,2,0.5,36,55,0.6189582421826196
6,2,0.5,36,56,0.6176369201946941
6,2,0.5,36,57,0.653746660832333
6,2,0.5,36,58,0.5956920118576099
6,2,0.5,36,59,0.6063022534139189
6,2,0.5,36,60,0.5696332525693812
6,2,0.5,36,61,0.5642484827064339
6,2,0.5,36,62,0.5747125793966099
6,2,0.5,36,63,0.5997481088852792
6,2,0.5,36,64,0.6141551900921925
6,2,0.5,36,65,0.6037892780196368
6,2,0.5,36,66,0.6473792141443891
6,2,0.5,36,67,0.6175687763614276
6,2,0.5,36,68,0.5562741794868047
6,2,0.5,36,69,0.59209146572403
6,2,0.5,36,70,0.6215642017260246
6,2,0.5,36,71,0.600031904426452
6,2,0.5,36,72,0.5875532310332839
6,2,0.5,36,73,0.6365128191943416
6,2,0.5,36,74,0.633457752788108
6,2,0.5,36,75,0.6016796929773711
6,2,0.5,36,76,0.5683031970354517
6,2,0.5,36,77,0.5866308634500981
6,2,0.5,36,78,0.6084964207905539
6,2,0.5,36,79,0.637494554406582
6,2,0.5,36,80,0.6277585612587155
6,2,0.5,36,81,0.6038306871911632
6,2,0.5,36,82,0.6263822422047499
6,2,0.5,36,83,0.6032556082952527
6,2,0.5,36,84,0.5842060868779219
6,2,0.5,36,85,0.5953271699106274
6,2,0.5,36,86,0.5975932554709396
6,2,0.5,36,87,0.5551342724818422
6,2,0.5,36,88,0.5591509967886127
6,2,0.5,36,89,0.6260336725508786
6,2,0.5,36,90,0.5915066125319206
6,2,0.5,36,91,0.5641627132139969
6,2,0.5,36,92,0.6478195303969624
6,2,0.5,36,93,0.6215008946979588
6,2,0.5,36,94,0.6366170765931408
6,2,0.5,36,95,0.6080658607565076
6,2,0.5,36,96,0.5755193514198877
6,2,0.5,36,97,0.5977547895932023
6,2,0.5,36,98,0.6309887447255424
6,2,0.5,36,99,0.623559225128093
6,2,0.5,36,100,0.5873596222429017
6,2,0.5,36,101,0.6062772254978827
6,2,0.5,36,102,0.5754953700611984
6,2,0.5,36,103,0.5830729320675715
6,2,0.5,36,104,0.6744435862882492
6,2,0.5,36,105,0.5876006150253151
6,2,0.5,36,106,0.6202047816871786
6,2,0.5,36,107,0.6692365643062169
6,2,0.5,36,108,0.6212022542386127
6,2,0.5,36,109,0.6279403139138626
6,2,0.5,36,110,0.5915068492824159
6,2,0.5,36,111,0.6206154277212361
6,2,0.5,36,112,0.6180648227072145
6,2,0.5,36,113,0.6009346384967567
6,2,0.5,36,114,0.5811965301192893
6,2,0.5,36,115,0.6004462023559359
6,2,0.5,36,116,0.5989055043312957
6,2,0.5,36,117,0.5802334661732429
6,2,0.5,36,118,0.5558856727041648
6,2,0.5,36,119,0.597081768044283
6,2,0.5,36,120,0.6023458590509879
6,2,0.5,36,121,0.5539401072081517
6,2,0.5,36,122,0.6248902061702517
6,2,0.5,36,123,0.5979701675979536
6,2,0.5,36,124,0.5397225551880109
6,2,0.5,36,125,0.6058625444285847
6,2,0.5,36,126,0.5904475618442342
6,2,0.5,36,127,0.6607454809751868
6,2,0.5,36,128,0.5931054612463413
6,2,0.5,36,129,0.5968051303650672
6,2,0.5,36,130,0.5932067438535547
6,2,0.5,36,131,0.647928664870348
6,2,0.5,36,132,0.6554697932878609
6,2,0.5,36,133,0.5719607546992254
6,2,0.5,36,134,0.5999799683804107
6,2,0.5,36,135,0.5948593108331559
6,2,0.5,36,136,0.570610184342208
6,2,0.5,36,137,0.6257113701376656
6,2,0.5,36,138,0.575828485108688
6,2,0.5,36,139,0.5896121813021232
6,2,0.5,36,140,0.6047538614150609
6,2,0.5,36,141,0.563049174174278
6,2,0.5,36,142,0.5592253643818672
6,2,0.5,36,143,0.6150473615744008
6,2,0.5,36,144,0.6008504263338599
6,2,0.5,36,145,0.5964920714195112
6,2,0.5,36,146,0.6122550909987249
6,2,0.5,36,147,0.5885711685780073
6,2,0.5,36,148,0.6621518628980411
6,2,0.5,36,149,0.5738899418296142
6,2,0.5,36,150,0.6255788178804583
6,2,0.5,36,151,0.6295028181089803
6,2,0.5,36,152,0.5849217118662239
6,2,0.5,36,153,0.6231560132948221
6,2,0.5,36,154,0.6779060542043194
6,2,0.5,36,155,0.6152069256286868
6,2,0.5,36,156,0.6582570343106096
6,2,0.5,36,157,0.5758442663484916
6,2,0.5,36,158,0.5976462151169019
6,2,0.5,36,159,0.6129707648373981
6,2,0.5,36,160,0.5887187114748049
6,2,0.5,36,161,0.6170390695380893
6,2,0.5,36,162,0.6107403556744398
6,2,0.5,36,163,0.6166680202934536
6,2,0.5,36,164,0.6348217133837228
6,2,0.5,36,165,0.6236770694426464
6,2,0.5,36,166,0.5929255086850752
6,2,0.5,36,167,0.5906277128535874
6,2,0.5,36,168,0.5951073030237493
6,2,0.5,36,169,0.579170131624184
6,2,0.5,36,170,0.6001674302323968
6,2,0.5,36,171,0.6296770633077077
6,2,0.5,36,172,0.6231054159726857
6,2,0.5,36,173,0.5954921825605595
6,2,0.5,36,174,0.5683225387680695
6,2,0.5,36,175,0.5616530955348142
6,2,0.5,36,176,0.6224760026773271
6,2,0.5,36,177,0.6034023364107978
6,2,0.5,36,178,0.6098869971504975
6,2,0.5,36,179,0.6169708466578339
6,2,0.5,36,180,0.5885472331673891
6,2,0.5,36,181,0.6240397129855528
6,2,0.5,36,182,0.5530564503066093
6,2,0.5,36,183,0.6185463540385002
6,2,0.5,36,184,0.628885696463776
6,2,0.5,36,185,0.590183789011935
6,2,0.5,36,186,0.5941367970270761
6,2,0.5,36,187,0.5891889865022877
6,2,0.5,36,188,0.6109636485456934
6,2,0.5,36,189,0.6211143420301586
6,2,0.5,36,190,0.6071742599999664
6,2,0.5,36,191,0.6003815734471818
6,2,0.5,36,192,0.6259208301419394
6,2,0.5,36,193,0.5925372707992461
6,2,0.5,36,194,0.5930354705945401
6,2,0.5,36,195,0.619525480749074
6,2,0.5,36,196,0.5697823823521454
6,2,0.5,36,197,0.5942540363780023
6,2,0.5,36,198,0.6301550561208549
6,2,0.5,36,199,0.6094668056062708
7,2,1.0,71,0,0.37413937944083697
7,2,1.0,71,1,0.38694987339079573
7,2,1.0,71,2,0.3599384958457331
7,2,1.0,71,3,0.3396770363418319
7,2,1.0,71,4,0.37186727478336945
7,2,1.0,71,5,0.41681617137062527
7,2,1.0,71,6,0.3775128483256655
7,2,1.0,71,7,0.36815053021806315
7,2,1.0,71,8,0.3719519961715033
7,2,1.0,71,9,0.3588944787704112
7,2,1.0,71,10,0.3818911685139746
7,2,1.0,71,11,0.3956412065960708
7,2,1.0,71,12,0.33961081671508736
7,2,1.0,71,13,0.320745210835717
7,2,1.0,71,14,0.3989469443858804
7,2,1.0,71,15,0.38631359923594344
7,2,1.0,71,16,0.34930597243438954
7,2,1.0,71,17,0.3565355755897351
7,2,1.0,71,18,0.351553258976909
7,2,1.0,71,19,0.3817945344023597
7,2,1.0,71,20,0.33838552176334735
7,2,1.0,71,21,0.35918301558827853
7,2,1.0,71,22,0.3653717490341893
7,2,1.0,71,23,0.35546771370034097
7,2,1.0,71,24,0.3628931438612374
7,2,1.0,71,25,0.34376496705287596
7,2,1.0,71,26,0.36786278260197436
7,2,1.0,71,27,0.3586225008951171
7,2,1.0,71,28,0.36834926536889734
7,2,1.0,71,29,0.40467093677660815
7,2,1.0,71,30,0.3771843185276327
7,2,1.0,71,31,0.4061651545595639
7,2,1.0,71,32,0.3819726340962153
7,2,1.0,71,33,0.3507308748206227
7,2,1.0,71,34,0.3957543072225577
7,2,1.0,71,35,0.3318585098075048
7,2,1.0,71,36,0.4082646426173442
7,2,1.0,71,37,0.3818933799925955
7,2,1.0,71,38,0.35269537805475704
7,2,1.0,71,39,0.34299350123938127
7,2,1.0,71,40,0.3669090948136576
7,2,1.0,71,41,0.39786572658294767
7,2,1.0,71,42,0.3462654559403604
7,2,1.0,71,43,0.3505733108669355
7,2,1.0,71,44,0.3232303910023147
7,2,1.0,71,45,0.3699393233047865
7,2,1.0,71,46,0.32611786137222576
7,2,1.0,71,47,0.3462768259981782
7,2,1.0,71,48,0.3714676193426384
7,2,1.0,71,49,0.3746382292319945
7,2,1.0,71,50,0.34131939687072277
7,2,1.0,71,51,0.35807461521769046
7,2,1.0,71,52,0.40161919465769896
7,2,1.0,71,53,0.3279398598755434
7,2,1.0,71,54,0.4387516989994356
7,2,1.0,71,55,0.38574142466026934
7,2,1.0,71,56,0.38530312017520796
7,2,1.0,71,57,0.36255929667502046
7,2,1.0,71,58,0.36243565204447287
7,2,1.0,71,59,0.3756565497326138
7,2,1.0,71,60,0.3967925513568698
7,2,1.0,71,61,0.3345416367851202
7,2,1.0,71,62,0.3443583475350047
7,2,1.0,71,63,0.41702041266359663
7,2,1.0,71,64,0.3788454861143389
7,2,1.0,71,65,0.4210793092264682
7,2,1.0,71,66,0.3441084393419925
7,2,1.0,71,67,0.3393777022411662
7,2,1.0,71,68,0.40256645093773263
7,2,1.0,71,69,0.36506186330952956
7,2,1.0,71,70,0.4152871549328962
7,2,1.0,71,71,0.3911457209911225
7,2,1.0,71,72,0.3590452491304495
7,2,1.0,71,73,0.36917668955923627
7,2,1.0,71,74,0.36528704424065084
7,2,1.0,71,75,0.3710793303097809
7,2,1.0,71,76,0.3630931840085243
7,2,1.0,71,77,0.3534586742544565
7,2,1.0,71,78,0.37371580583047215
7,2,1.0,71,79,0.3630287320410288
7,2,1.0,71,80,0.37548830636281816
7,2,1.0,71,81,0.4304047323711547
7,2,1.0,71,82,0.32380940363646027
7,2,1.0,71,83,0.3205267180253277
7,2,1.0,71,84,0.43138359736590903
7,2,1.0,71,85,0.35589347610052813
7,2,1.0,71,86,0.310222465249029
7,2,1.0,71,87,0.36148769385946866
7,2,1.0,71,88,0.3850327441358229
7,2,1.0,71,89,0.35044618032478037
7,2,1.0,71,90,0.3935540905671319
7,2,1.0,71,91,0.3567407082327632
7,2,1.0,71,92,0.4085224282085042
7,2,1.0,71,93,0.33380162939043706
7,2,1.0,71,94,0.3830459126104898
7,2,1.0,71,95,0.31962818988753156
7,2,1.0,71,96,0.3475906299303894
7,2,1.0,71,97,0.384846527333218
7,2,1.0,71,98,0.32736834965177775
7,2,1.0,71,99,0.3602788884353406
7,2,1.0,71,100,0.3905561927292587
7,2,1.0,71,101,0.3382925298474312
7,2,1.0,71,102,0.37731248241613846
7,2,1.0,71,103,0.30418660422454535
7,2,1.0,71,104,0.3600538122840375
7,2,1.0,71,105,0.3787993729717438
7,2,1.0,71,106,0.3365840768304156
7,2,1.0,71,107,0.3575831569507372
7,2,1.0,71,108,0.34907467461230096
7,2,1.0,71,109,0.364664790569184
7,2,1.0,71,110,0.3940317336262589
7,2,1.0,71,111,0.4131178543203182
7,2,1.0,71,112,0.3730051392519731
7,2,1.0,71,113,0.38814882927006983
7,2,1.0,71,114,0.3601354653057676
7,2,1.0,71,115,0.3647895169765961
7,2,1.0,71,116,0.3983734387507223
7,2,1.0,71,117,0.32991952169555677
7,2,1.0,71,118,0.34923483295094604
7,2,1.0,71,119,0.3431766787575241
7,2,1.0,71,120,0.37022635866194836
7,2,1.0,71,121,0.4042493279534318
7,2,1.0,71,122,0.3833710235675167
7,2,1.0,71,123,0.3805825885657989
7,2,1.0,71,124,0.35073091045927235
7,2,1.0,71,125,0.3324781666444275
7,2,1.0,71,126,0.3862731069992186
7,2,1.0,71,127,0.3404037756549359
7,2,1.0,71,128,0.3391864878031364
7,2,1.0,71,129,0.42090241363722974
7,2,1.0,71,130,0.39410359911942444
7,2,1.0,71,131,0.38086307015959914
7,2,1.0,71,132,0.31517243039752263
7,2,1.0,71,133,0.36029530485186845
7,2,1.0,71,134,0.3741054886954849
7,2,1.0,71,135,0.3759183829004268
7,2,1.0,71,136,0.4384404726700236
7,2,1.0,71,137,0.4061998397968528
7,2,1.0,71,138,0.3849654240219878
7,2,1.0,71,139,0.3910165518396728
7,2,1.0,71,140,0.34746407066096263
7,2,1.0,71,141,0.33094473986247114
7,2,1.0,71,142,0.44389381383400767
7,2,1.0,71,143,0.38152250857873127
7,2,1.0,71,144,0.37335946646202034
7,2,1.0,71,145,0.330685710369184
7,2,1.0,71,146,0.37386590057494595
7,2,1.0,71,147,0.37141860273077176
7,2,1.0,71,148,0.37533495594865485
7,2,1.0,71,149,0.3573561077021609
7,2,1.0,71,150,0.36291102201982417
7,2,1.0,71,151,0.32134389650120593
7,2,1.0,71,152,0.3702610874673321
7,2,1.0,71,153,0.3351385896778434
7,2,1.0,71,154,0.36770019343615995
7,2,1.0,71,155,0.3786254081888523
7,2,1.0,71,156,0.3277732672952788
7,2,1.0,71,157,0.33993363256782094
7,2,1.0,71,158,0.3606906807720509
7,2,1.0,71,159,0.31668661281733457
7,2,1.0,71,160,0.3299737873689024
7,2,1.0,71,161,0.3294893389021234
7,2,1.0,71,162,0.4163425786876909
7,2,1.0,71,163,0.4296031573466199
7,2,1.0,71,164,0.40465499640364777
7,2,1.0,71,165,0.3900213816662247
7,2,1.0,71,166,0.36844638261236096
7,2,1.0,71,167,0.38796318424637083
7,2,1.0,71,168,0.31141631581794527
7,2,1.0,71,169,0.37311397443720024
7,2,1.0,71,170,0.34910621166003514
7,2,1.0,71,171,0.3968009051326867
7,2,1.0,71,172,0.322340193726773
7,2,1.0,71,173,0.38919478091811016
7,2,1.0,71,174,0.4019147545751271
7,2,1.0,71,175,0.3982988067390216
7,2,1.0,71,176,0.382018326858712
7,2,1.0,71,177,0.40270110625917604
7,2,1.0,71,178,0.3634965985616641
7,2,1.0,71,179,0.3458770705615094
7,2,1.0,71,180,0.40643746036083167
7,2,1.0,71,181,0.39974878758821214
7,2,1.0,71,182,0.36895173598684594
7,2,1.0,71,183,0.32798578742538426
7,2,1.0,71,184,0.40570844017792296
7,2,1.0,71,185,0.3903925545500962
7,2,1.0,71,186,0.38509040949941153
7,2,1.0,71,187,0.3663856404574482
7,2,1.0,71,188,0.3909089723009556
7,2,1.0,71,189,0.3770324916483602
7,2,1.0,71,190,0.3761629959634175
7,2,1.0,71,191,0.3921301010403066
7,2,1.0,71,192,0.4126552401205879
7,2,1.0,71,193,0.36583378435816166
7,2,1.0,71,194,0.33369240273398054
7,2,1.0,71,195,0.377507703888518
7,2,1.0,71,196,0.3207322243527367
7,2,1.0,71,197,0.3908240961342257
7,2,1.0,71,198,0.37326659983343674
7,2,1.0,71,199,0.39899108364130675
8,2,1.5,107,0,0.20364139640307108
8,2,1.5,107,1,0.20421842664790388
8,2,1.5,107,2,0.23216850386705004
8,2,1.5,107,3,0.2119776742120924
8,2,1.5,107,4,0.25833597022952304
8,2,1.5,107,5,0.20116107929252547
8,2,1.5,107,6,0.20653351093207806
8,2,1.5,107,7,0.19249013599989673
8,2,1.5,107,8,0.1968677518361788
8,2,1.5,107,9,0.2799844703256721
8,2,1.5,107,10,0.21737446134887412
8,2,1.5,107,11,0.25348057723582756
8,2,1.5,107,12,0.20121437838742348
8,2,1.5,107,13,0.26571290558186844
8,2,1.5,107,14,0.23409071273774787
8,2,1.5,107,15,0.275965315821838
8,2,1.5,107,16,0.19805454819407367
8,2,1.5,107,17,0.19754748583211829
8,2,1.5,107,18,0.19354338665600596
8,2,1.5,107,19,0.28349349636130183
8,2,1.5,107,20,0.2308677513626295
8,2,1.5,107,21,0.1993603373649393
8,2,1.5,107,22,0.29483854394846026
8,2,1.5,107,23,0.22350220881439403
8,2,1.5,107,24,0.22184986539709747
8,2,1.5,107,25,0.20213150160827706
8,2,1.5,107,26,0.24207333527337382
8,2,1.5,107,27,0.2518806105869204
8,2,1.5,107,28,0.22998177684088766
8,2,1.5,107,29,0.218744665957442
8,2,1.5,107,30,0.2413436780323376
8,2,1.5,107,31,0.23093581837651442
8,2,1.5,107,32,0.20582564894424296
8,2,1.5,107,33,0.18694586612052297
8,2,1.5,107,34,0.45028429058704134
8,2,1.5,107,35,0.27406742166289905
8,2,1.5,107,36,0.27159976297103045
8,2,1.5,107,37,0.18446658289658624
8,2,1.5,107,38,0.2317397909864943
8,2,1.5,107,39,0.20966187647088771
8,2,1.5,107,40,0.2013996254145459
8,2,1.5,107,41,0.20572771199078305
8,2,1.5,107,42,0.18669107434149423
8,2,1.5,107,43,0.233036730019589
8,2,1.5,107,44,0.2300614411293932
8,2,1.5,107,45,0.2617436333232781
8,2,1.5,107,46,0.26060615198739506
8,2,1.5,107,47,0.24644114808325435
8,2,1.5,107,48,0.19859417319544867
8,2,1.5,107,49,0.18720295886338806
8,2,1.5,107,50,0.20134574258891821
8,2,1.5,107,51,0.20221325393030615
8,2,1.5,107,52,0.2154000221899115
8,2,1.5,107,53,0.25841774600089584
8,2,1.5,107,54,0.22331040259080812
8,2,1.5,107,55,0.20277170987104431
8,2,1.5,107,56,0.19631375668835335
8,2,1.5,107,57,0.22389736567390917
8,2,1.5,107,58,0.19117553399972576
8,2,1.5,107,59,0.2343118482432598
8,2,1.5,107,60,0.26190685286517035
8,2,1.5,107,61,0.251944288742972
8,2,1.5,107,62,0.3112877959135935
8,2,1.5,107,63,0.21442964074543666
8,2,1.5,107,64,0.2236690352539099
8,2,1.5,107,65,0.24004192635887978
8,2,1.5,107,66,0.2261429623585967
8,2,1.5,107,67,0.2233179607317316
8,2,1.5,107,68,0.21350902295703428
8,2,1.5,107,69,0.2125159920377675
8,2,1.5,107,70,0.21839405625324082
8,2,1.5,107,71,0.21328164873677408
8,2,1.5,107,72,0.23707948364868606
8,2,1.5,107,73,0.1750147908552856
8,2,1.5,107,74,0.22094518356855902
8,2,1.5,107,75,0.2299632990239034
8,2,1.5,107,76,0.2380937187791451
8,2,1.5,107,77,0.19674568764999217
8,2,1.5,107,78,0.21175495823108315
8,2,1.5,107,79,0.21744945828133377
8,2,1.5,107,80,0.2158686907683396
8,2,1.5,107,81,0.2211442530994176
8,2,1.5,107,82,0.19290990653741613
8,2,1.5,107,83,0.18778405301833806
8,2,1.5,107,84,0.24461372001151596
8,2,1.5,107,85,0.21964002371320693
8,2,1.5,107,86,0.23672483076544795
8,2,1.5,107,87,0.2271948158081836
8,2,1.5,107,88,0.2418251944518911
8,2,1.5,107,89,0.20731574521361387
8,2,1.5,107,90,0.2029218606734408
8,2,1.5,107,91,0.20970656840779597
8,2,1.5,107,92,0.2756621934954569
8,2,1.5,107,93,0.16105657364935644
8,2,1.5,107,94,0.22236524880757502
8,2,1.5,107,95,0.22208044617969677
8,2,1.5,107,96,0.21430381271969384
8,2,1.5,107,97,0.23700637251627063
8,2,1.5,107,98,0.21773002714874115
8,2,1.5,107,99,0.22952451778381355
8,2,1.5,107,100,0.20481082038550386
8,2,1.5,107,101,0.24073562699785553
8,2,1.5,107,102,0.32819843404655014
8,2,1.5,107,103,0.263439392957875
8,2,1.5,107,104,0.23575626698027782
8,2,1.5,107,105,0.19316824598816112
8,2,1.5,107,106,0.21010641050204895
8,2,1.5,107,107,0.18465940510062784
8,2,1.5,107,108,0.24049945955052074
8,2,1.5,107,109,0.25016138279008787
8,2,1.5,107,110,0.22697581424882185
8,2,1.5,107,111,0.21110018193263638
8,2,1.5,107,112,0.29556848165188826
8,2,1.5,107,113,0.25133873821337216
8,2,1.5,107,114,0.20408814965885005
8,2,1.5,107,115,0.31674730825816855
8,2,1.5,107,116,0.2036788596580576
8,2,1.5,107,117,0.2388537945479897
8,2,1.5,107,118,0.19169635924906286
8,2,1.5,107,119,0.21142085287477488
8,2,1.5,107,120,0.2341535002785125
8,2,1.5,107,121,0.25355717890845064
8,2,1.5,107,122,0.19684503881401622
8,2,1.5,107,123,0.19787074416701236
8,2,1.5,107,124,0.18268965154327912
8,2,1.5,107,125,0.24556568205135823
8,2,1.5,107,126,0.2127244081983626
8,2,1.5,107,127,0.21711349344520137
8,2,1.5,107,128,0.20468433285988247
8,2,1.5,107,129,0.2012288922545974
8,2,1.5,107,130,0.20098752645406523
8,2,1.5,107,131,0.20730706000403837
8,2,1.5,107,132,0.22798455071426532
8,2,1.5,107,133,0.28144616196834044
8,2,1.5,107,134,0.22432655589746528
8,2,1.5,107,135,0.24361926854308885
8,2,1.5,107,136,0.24891819821407013
8,2,1.5,107,137,0.20741334538537645
8,2,1.5,107,138,0.187175734244574
8,2,1.5,107,139,0.20298233404211669
8,2,1.5,107,140,0.25780055259363893
8,2,1.5,107,141,0.2311877375257136
8,2,1.5,107,142,0.23016660050687013
8,2,1.5,107,143,0.3139860198154493
8,2,1.5,107,144,0.2290482509327187
8,2,1.5,107,145,0.23782104912889057
8,2,1.5,107,146,0.18423203543936892
8,2,1.5,107,147,0.19850278919956418
8,2,1.5,107,148,0.24534354627109026
8,2,1.5,107,149,0.23327597527771973
8,2,1.5,107,150,0.20933978203025397
8,2,1.5,107,151,0.21629788916315765
8,2,1.5,107,152,0.23144057100029045
8,2,1.5,107,153,0.22726836700530278
8,2,1.5,107,154,0.23028156909855504
8,2,1.5,107,155,0.20505886956215047
8,2,1.5,107,156,0.25168689341104555
8,2,1.5,107,157,0.23745762567195708
8,2,1.5,107,158,0.23503267130830083
8,2,1.5,107,159,0.20617356634002143
8,2,1.5,107,160,0.2461611909838438
8,2,1.5,107,161,0.24991575327642526
8,2,1.5,107,162,0.1912449090323262
8,2,1.5,107,163,0.22085974075644874
8,2,1.5,107,164,0.22383383367609822
8,2,1.5,107,165,0.20497362865526703
8,2,1.5,107,166,0.16558127333030603
8,2,1.5,107,167,0.21039630115480681
8,2,1.5,107,168,0.2218405868235659
8,2,1.5,107,169,0.206758150454262
8,2,1.5,107,170,0.2192919381064726
8,2,1.5,107,171,0.21367860255527882
8,2,1.5,107,172,0.2224166150291407
8,2,1.5,107,173,0.19441801913524143
8,2,1.5,107,174,0.20513890184598774
8,2,1.5,107,175,0.2273905186343041
8,2,1.5,107,176,0.2783590492968566
8,2,1.5,107,177,0.23969252501637095
8,2,1.5,107,178,0.2246037709837267
8,2,1.5,107,179,0.24876766276090562
8,2,1.5,107,180,0.20206781671417645
8,2,1.5,107,181,0.1626685876375681
8,2,1.5,107,182,0.22224804314808244
8,2,1.5,107,183,0.23659215823315924
8,2,1.5,107,184,0.2118891774694992
8,2,1.5,107,185,0.22813557246818936
8,2,1.5,107,186,0.2186116895540418
8,2,1.5,107,187,0.1984738490565645
8,2,1.5,107,188,0.19302535653518932
8,2,1.5,107,189,0.2349929886591021
8,2,1.5,107,190,0.21178318526095694
8,2,1.5,107,191,0.2110234590615332
8,2,1.5,107,192,0.22546468339760556
8,2,1.5,107,193,0.23632076113677297
8,2,1.5,107,194,0.2238929335739176
8,2,1.5,107,195,0.18620129298609936
8,2,1.5,107,196,0.23234020204893216
8,2,1.5,107,197,0.23597344193255065
8,2,1.5,107,198,0.20681481947621658
8,2,1.5,107,199,0.1975560942606371
9,2,2.0,142,0,0.11969296088413456
9,2,2.0,142,1,0.17011460500122563
9,2,2.0,142,2,0.1896681304906706
9,2,2.0,142,3,0.1235244447881361
9,2,2.0,142,4,0.15725970480921184
9,2,2.0,142,5,0.13727200568167494
9,2,2.0,142,6,0.13264987263786876
9,2,2.0,142,7,0.14360258334215123
9,2,2.0,142,8,0.11330668525359079
9,2,2.0,142,9,0.11735673573563295
9,2,2.0,142,10,0.10344835685407268
9,2,2.0,142,11,0.12593865726311976
9,2,2.0,142,12,0.14303677785234692
9,2,2.0,142,13,0.1299110126770944
9,2,2.0,142,14,0.11721866887421487
9,2,2.0,142,15,0.1406207635952777
9,2,2.0,142,16,0.15294651899096787
9,2,2.0,142,17,0.11238867799707312
9,2,2.0,142,18,0.1358083389795279
9,2,2.0,142,19,0.15143228430723985
9,2,2.0,142,20,0.1563914601021252
9,2,2.0,142,21,0.11510151260928349
9,2,2.0,142,22,0.15221574569896715
9,2,2.0,142,23,0.14550890128376623
9,2,2.0,142,24,0.14106828759052206
9,2,2.0,142,25,0.1511700239563371
9,2,2.0,142,26,0.10641290632560084
9,2,2.0,142,27,0.12279752776587825
9,2,2.0,142,28,0.119216681961963
9,2,2.0,142,29,0.13430303426804985
9,2,2.0,142,30,0.14168490182095653
9,2,2.0,142,31,0.14544135954021756
9,2,2.0,142,32,0.1480887597662409
9,2,2.0,142,33,0.166249093814567
9,2,2.0,142,34,0.10051285459015787
9,2,2.0,142,35,0.11047454860385875
9,2,2.0,142,36,0.17425456518594312
9,2,2.0,142,37,0.12158546237684302
9,2,2.0,142,38,0.1493784156200492
9,2,2.0,142,39,0.15275170040066924
9,2,2.0,142,40,0.09863383508575928
9,2,2.0,142,41,0.13608573469755478
9,2,2.0,142,42,0.13998583689957397
9,2,2.0,142,43,0.1684017465884163
9,2,2.0,142,44,0.11090577908133717
9,2,2.0,142,45,0.1555593825643115
9,2,2.0,142,46,0.1633842775950581
9,2,2.0,142,47,0.13086293039506
9,2,2.0,142,48,0.1383573516459488
9,2,2.0,142,49,0.14340631530541167
9,2,2.0,142,50,0.12552623154202894
9,2,2.0,142,51,0.11685774455673528
9,2,2.0,142,52,0.13243332106006248
9,2,2.0,142,53,0.13111259260131264
9,2,2.0,142,54,0.11847757529349134
9,2,2.0,142,55,0.13576529537038579
9,2,2.0,142,56,0.08481334340637053
9,2,2.0,142,57,0.15227223186893127
9,2,2.0,142,58,0.12514324792660306
9,2,2.0,142,59,0.12638979903823125
9,2,2.0,142,60,0.1557543460891167
9,2,2.0,142,61,0.1664040701760528
9,2,2.0,142,62,0.16007741654094304
9,2,2.0,142,63,0.121785520250567
9,2,2.0,142,64,0.12475398995008018
9,2,2.0,142,65,0.10962674194213182
9,2,2.0,142,66,0.1282337372703561
9,2,2.0,142,67,0.12257433882017785
9,2,2.0,142,68,0.10574055889706135
9,2,2.0,142,69,0.09882460337312843
9,2,2.0,142,70,0.12252459362951601
9,2,2.0,142,71,0.1319688464074939
9,2,2.0,142,72,0.1242455007807378
9,2,2.0,142,73,0.20593557210408187
9,2,2.0,142,74,0.16897592466685418
9,2,2.0,142,75,0.15205287898041983
9,2,2.0,142,76,0.1116029894973507
9,2,2.0,142,77,0.10244746444423161
9,2,2.0,142,78,0.10949832149004908
9,2,2.0,142,79,0.12374423909290584
9,2,2.0,142,80,0.10468313206892346
9,2,2.0,142,81,0.23507089083390906
9,2,2.0,142,82,0.10567503486655469
9,2,2.0,142,83,0.10611062462189465
9,2,2.0,142,84,0.1101553956240259
9,2,2.0,142,85,0.14572270934180748
9,2,2.0,142,86,0.16802256095927567
9,2,2.0,142,87,0.13388918682069378
9,2,2.0,142,88,0.14733960073315175
9,2,2.0,142,89,0.11526593837300671
9,2,2.0,142,90,0.11086202977956203
9,2,2.0,142,91,0.12416238055893501
9,2,2.0,142,92,0.13129896320410625
9,2,2.0,142,93,0.12020979070295498
9,2,2.0,142,94,0.15031735031960197
9,2,2.0,142,95,0.11088664501337854
9,2,2.0,142,96,0.11330955186718104
9,2,2.0,142,97,0.10866990922712645
9,2,2.0,142,98,0.19334926293218208
9,2,2.0,142,99,0.11919079985317746
9,2,2.0,142,100,0.11804983974415718
9,2,2.0,142,101,0.10788276881735566
9,2,2.0,142,102,0.1210249510254661
9,2,2.0,142,103,0.11674067919868102
9,2,2.0,142,104,0.15095482331284546
9,2,2.0,142,105,0.09481723272066551
9,2,2.0,142,106,0.15149319987115034
9,2,2.0,142,107,0.14609432465435834
9,2,2.0,142,108,0.15210847207204897
9,2,2.0,142,109,0.20691713276688933
9,2,2.0,142,110,0.1339173666443218
9,2,2.0,142,111,0.12547202448412714
9,2,2.0,142,112,0.13214120443486335
9,2,2.0,142,113,0.12258278190734197
9,2,2.0,142,114,0.09583897615232122
9,2,2.0,142,115,0.16851279869308114
9,2,2.0,142,116,0.1424899891842422
9,2,2.0,142,117,0.13644518165117953
9,2,2.0,142,118,0.12692668574640698
9,2,2.0,142,119,0.13382362874428266
9,2,2.0,142,120,0.14404299774434004
9,2,2.0,142,121,0.12700796101533973
9,2,2.0,142,122,0.21851714245227102
9,2,2.0,142,123,0.12502089644906797
9,2,2.0,142,124,0.12498465363004936
9,2,2.0,142,125,0.12280249749281404
9,2,2.0,142,126,0.10770310354713056
9,2,2.0,142,127,0.18891842993577462
9,2,2.0,142,128,0.11834959988991191
9,2,2.0,142,129,0.11048477630617913
9,2,2.0,142,130,0.12420571216473197
9,2,2.0,142,131,0.12558995699496014
9,2,2.0,142,132,0.12332658909828882
9,2,2.0,142,133,0.09611252651332482
9,2,2.0,142,134,0.1472268919708502
9,2,2.0,142,135,0.15515572965721847
9,2,2.0,142,136,0.14899831624676177
9,2,2.0,142,137,0.13939842908919298
9,2,2.0,142,138,0.14679007434169625
9,2,2.0,142,139,0.12453344183861076
9,2,2.0,142,140,0.13776179540400763
9,2,2.0,142,141,0.14617449179029196
9,2,2.0,142,142,0.22283208278731292
9,2,2.0,142,143,0.1466622469407106
9,2,2.0,142,144,0.1118289401664805
9,2,2.0,142,145,0.10921099744336737
9,2,2.0,142,146,0.13914187558461202
9,2,2.0,142,147,0.13327831485970026
9,2,2.0,142,148,0.1123372898278294
9,2,2.0,142,149,0.1555511553740908
9,2,2.0,142,150,0.1811365070591449
9,2,2.0,142,151,0.152970135513358
9,2,2.0,142,152,0.09551068628116832
9,2,2.0,142,153,0.11842291249899818
9,2,2.0,142,154,0.1321912090651324
9,2,2.0,142,155,0.12950787826080204
9,2,2.0,142,156,0.1190550774640661
9,2,2.0,142,157,0.11090041306599845
9,2,2.0,142,158,0.14289982472817428
9,2,2.0,142,159,0.12715527094419973
9,2,2.0,142,160,0.10578940199570347
9,2,2.0,142,161,0.10293286494409816
9,2,2.0,142,162,0.11094876354895254
9,2,2.0,142,163,0.13666116911250206
9,2,2.0,142,164,0.12253451399904375
9,2,2.0,142,165,0.14346028218631332
9,2,2.0,142,166,0.12681251034013905
9,2,2.0,142,167,0.11734014333295326
9,2,2.0,142,168,0.12179004752022674
9,2,2.0,142,169,0.12946423384888867
9,2,2.0,142,170,0.12570067346424854
9,2,2.0,142,171,0.16627937496361025
9,2,2.0,142,172,0.1231008470384634
9,2,2.0,142,173,0.14128528734596027
9,2,2.0,142,174,0.13889858680840272
9,2,2.0,142,175,0.1533192981181068
9,2,2.0,142,176,0.12924876908991298
9,2,2.0,142,177,0.10105125392372498
9,2,2.0,142,178,0.11002605378865175
9,2,2.0,142,179,0.11943202566095604
9,2,2.0,142,180,0.12257714275358322
9,2,2.0,142,181,0.14297020356033205
9,2,2.0,142,182,0.10971212868798308
9,2,2.0,142,183,0.11526449307400063
9,2,2.0,142,184,0.09839341428967179
9,2,2.0,142,185,0.13725314458129215
9,2,2.0,142,186,0.1375627995223623
9,2,2.0,142,187,0.1160544949384356
9,2,2.0,142,188,0.48815142372481235
9,2,2.0,142,189,0.10051691974615215
9,2,2.0,142,190,0.1355612152656329
9,2,2.0,142,191,0.13716825665667015
9,2,2.0,142,192,0.13260537099615105
9,2,2.0,142,193,0.11989951630809367
9,2,2.0,142,194,0.17953705296868913
9,2,2.0,142,195,0.16041320136467901
9,2,2.0,142,196,0.14417061096178002
9,2,2.0,142,197,0.11778241536922424
9,2,2.0,142,198,0.1542000899803864
9,2,2.0,142,199,0.11043229191066518
10,3,0.25,8,0,0.8088320670332516
10,3,0.25,8,1,0.7701783287137938
10,3,0.25,8,2,0.7936239841520957
10,3,0.25,8,3,0.7315570826646758
10,3,0.25,8,4,0.7528048753651121
10,3,0.25,8,5,0.7299958090747205
10,3,0.25,8,6,0.7800879188269535
10,3,0.25,8,7,0.7722855082281002
10,3,0.25,8,8,0.7796182375538108
10,3,0.25,8,9,0.7380722489310461
10,3,0.25,8,10,0.8006349947535123
10,3,0.25,8,11,0.7697721172424258
10,3,0.25,8,12,0.7962544282497618
10,3,0.25,8,13,0.7469729986895158
10,3,0.25,8,14,0.7809155427398289
10,3,0.25,8,15,0.7595755456547222
10,3,0.25,8,16,0.756026320925927
10,3,0.25,8,17,0.780723410056356
10,3,0.25,8,18,0.7471932579813584
10,3,0.25,8,19,0.7603185282808923
10,3,0.25,8,20,0.7736895877930795
10,3,0.25,8,21,0.786709353072122
10,3,0.25,8,22,0.7982081932101942
10,3,0.25,8,23,0.7795601882463747
10,3,0.25,8,24,0.7895469769882124
10,3,0.25,8,25,0.7713867982749179
10,3,0.25,8,26,0.7725690933156413
10,3,0.25,8,27,0.7774119339473208
10,3,0.25,8,28,0.7819527846185238
10,3,0.25,8,29,0.8263341368317485
10,3,0.25,8,30,0.7463001379099234
10,3,0.25,8,31,0.7947918407734028
10,3,0.25,8,32,0.7844668847286038
10,3,0.25,8,33,0.7579414891383883
10,3,0.25,8,34,0.7656950059039925
10,3,0.25,8,35,0.7847510030096088
10,3,0.25,8,36,0.7516496906089175
10,3,0.25,8,37,0.7722025672364321
10,3,0.25,8,38,0.7848449916243112
10,3,0.25,8,39,0.7749252041052734
10,3,0.25,8,40,0.79152429364649
10,3,0.25,8,41,0.7779013802638107
10,3,0.25,8,42,0.773774631783626
10,3,0.25,8,43,0.7872535308828968
10,3,0.25,8,44,0.7852487357341299
10,3,0.25,8,45,0.7843927239764037
10,3,0.25,8,46,0.8054773878333634
10,3,0.25,8,47,0.7570141744922974
10,3,0.25,8,48,0.7718994515007507
10,3,0.25,8,49,0.7756441013882986
10,3,0.25,8,50,0.7625166365001282
10,3,0.25,8,51,0.7652862444894263
10,3,0.25,8,52,0.7459468995932148
10,3,0.25,8,53,0.7725892462225408
10,3,0.25,8,54,0.7692580703988884
10,3,0.25,8,55,0.7757230250034846
10,3,0.25,8,56,0.7989995145753348
10,3,0.25,8,57,0.7751572526326791
10,3,0.25,8,58,0.8177270177897213
10,3,0.25,8,59,0.7837846860680775
10,3,0.25,8,60,0.767174690556883
10,3,0.25,8,61,0.7850970411973545
10,3,0.25,8,62,0.8130847875267303
10,3,0.25,8,63,0.784390967327148
10,3,0.25,8,64,0.7528854675787762
10,3,0.25,8,65,0.7930536999557044
10,3,0.25,8,66,0.7652056518435213
10,3,0.25,8,67,0.7533459296901812
10,3,0.25,8,68,0.7340019564903143
10,3,0.25,8,69,0.8156300171855932
10,3,0.25,8,70,0.7732811976064352
10,3,0.25,8,71,0.7632703196516486
10,3,0.25,8,72,0.7604477676204806
10,3,0.25,8,73,0.7747280357813116
10,3,0.25,8,74,0.7957452508316275
10,3,0.25,8,75,0.7861992111711189
10,3,0.25,8,76,0.7748669330013881
10,3,0.25,8,77,0.7661179732707135
10,3,0.25,8,78,0.7759178165132562
10,3,0.25,8,79,0.7835918807787007
10,3,0.25,8,80,0.7816168303503385
10,3,0.25,8,81,0.7969676306633019
10,3,0.25,8,82,0.8216908454902195
10,3,0.25,8,83,0.7730178501226824
10,3,0.25,8,84,0.7827872434087947
10,3,0.25,8,85,0.7709043222305483
10,3,0.25,8,86,0.7670747572700579
10,3,0.25,8,87,0.7674144060663073
10,3,0.25,8,88,0.7746835515268579
10,3,0.25,8,89,0.7686984651969802
10,3,0.25,8,90,0.7679935490115486
10,3,0.25,8,91,0.7986394929798024
10,3,0.25,8,92,0.7575713473032268
10,3,0.25,8,93,0.788847527793203
10,3,0.25,8,94,0.7792291639297683
10,3,0.25,8,95,0.7905203635894358
10,3,0.25,8,96,0.7871544153432886
10,3,0.25,8,97,0.7793287391819587
10,3,0.25,8,98,0.7885624207196622
10,3,0.25,8,99,0.7793136789520013
10,3,0.25,8,100,0.7648443216534342
10,3,0.25,8,101,0.7814309878571314
10,3,0.25,8,102,0.7605455687722679
10,3,0.25,8,103,0.7512760299656973
10,3,0.25,8,104,0.7713613491414592
10,3,0.25,8,105,0.7542485608426523
10,3,0.25,8,106,0.8288508897658708
10,3,0.25,8,107,0.7730307522825562
10,3,0.25,8,108,0.7881599464047055
10,3,0.25,8,109,0.8170433165862759
10,3,0.25,8,110,0.7728695085036034
10,3,0.25,8,111,0.7704028888445384
10,3,0.25,8,112,0.7747027136378161
10,3,0.25,8,113,0.797719018653783
10,3,0.25,8,114,0.8187004149523839
10,3,0.25,8,115,0.8034685673084866
10,3,0.25,8,116,0.7793729897990631
10,3,0.25,8,117,0.799201065625147
10,3,0.25,8,118,0.7832112879432407
10,3,0.25,8,119,0.75621397486784
10,3,0.25,8,120,0.7999452081937394
10,3,0.25,8,121,0.7835814509512331
10,3,0.25,8,122,0.8069931493884924
10,3,0.25,8,123,0.8044925167682988
10,3,0.25,8,124,0.7827340754350246
10,3,0.25,8,125,0.7615182574467717
10,3,0.25,8,126,0.7817474736522808
10,3,0.25,8,127,0.8174346970581478
10,3,0.25,8,128,0.7631410414259839
10,3,0.25,8,129,0.7484841797996601
10,3,0.25,8,130,0.7441276084571584
10,3,0.25,8,131,0.7904296174063113
10,3,0.25,8,132,0.7876092050220884
10,3,0.25,8,133,0.794517787714824
10,3,0.25,8,134,0.774347002705271
10,3,0.25,8,135,0.7852837146736125
10,3,0.25,8,136,0.748770720246493
10,3,0.25,8,137,0.7619233175127158
10,3,0.25,8,138,0.7661507439675841
10,3,0.25,8,139,0.7727351191497439
10,3,0.25,8,140,0.776613863840499
10,3,0.25,8,141,0.7795763584704761
10,3,0.25,8,142,0.8306463720370898
10,3,0.25,8,143,0.7556546482973865
10,3,0.25,8,144,0.7497941677378835
10,3,0.25,8,145,0.7619608080482166
10,3,0.25,8,146,0.7660277462741532
10,3,0.25,8,147,0.7595607727440437
10,3,0.25,8,148,0.7563397919861384
10,3,0.25,8,149,0.7993657780591791
10,3,0.25,8,150,0.7847527685355677
10,3,0.25,8,151,0.7587657871715251
10,3,0.25,8,152,0.8110453328269313
10,3,0.25,8,153,0.7768211181966046
10,3,0.25,8,154,0.8161318902598046
10,3,0.25,8,155,0.7882091141143271
10,3,0.25,8,156,0.7561169143190325
10,3,0.25,8,157,0.7914797058100004
10,3,0.25,8,158,0.7998204275886319
10,3,0.25,8,159,0.7870727430556155
10,3,0.25,8,160,0.7763667063842197
10,3,0.25,8,161,0.7674949999906047
10,3,0.25,8,162,0.7555925306942081
10,3,0.25,8,163,0.7670920455557803
10,3,0.25,8,164,0.8274606243497187
10,3,0.25,8,165,0.77960014969464
10,3,0.25,8,166,0.7456178707744953
10,3,0.25,8,167,0.7656428034245462
10,3,0.25,8,168,0.7524985650926362
10,3,0.25,8,169,0.7576161659238387
10,3,0.25,8,170,0.7719537162734229
10,3,0.25,8,171,0.7810851056526433
10,3,0.25,8,172,0.7767438176377585
10,3,0.25,8,173,0.7908599198749167
10,3,0.25,8,174,0.7976878776589773
10,3,0.25,8,175,0.7868141232633489
10,3,0.25,8,176,0.7795512936699395
10,3,0.25,8,177,0.7661745655827017
10,3,0.25,8,178,0.7437001342395836
10,3,0.25,8,179,0.7729058438859181
10,3,0.25,8,180,0.7621975588067285
10,3,0.25,8,181,0.7675773481624749
10,3,0.25,8,182,0.7541554565277349
10,3,0.25,8,183,0.7779483085083603
10,3,0.25,8,184,0.7557557524149632
10,3,0.25,8,185,0.7871185774187696
10,3,0.25,8,186,0.7809910825627999
10,3,0.25,8,187,0.7970270087926836
10,3,0.25,8,188,0.746928565840518
10,3,0.25,8,189,0.8211389443301953
10,3,0.25,8,190,0.7917568359503167
10,3,0.25,8,191,0.7361609504997071
10,3,0.25,8,192,0.7487225159374311
10,3,0.25,8,193,0.7478516960919178
10,3,0.25,8,194,0.7828890459472909
10,3,0.25,8,195,0.7659251660660346
10,3,0.25,8,196,0.7786276867445936
10,3,0.25,8,197,0.7697565952265967
10,3,0.25,8,198,0.7725291515985621
10,3,0.25,8,199,0.7873160739989012
11,3,0.5,16,0,0.6315428739197027
11,3,0.5,16,1,0.6086480414109798
11,3,0.5,16,2,0.6182567800669214
11,3,0.5,16,3,0.6120430299476493
11,3,0.5,16,4,0.6293091193598443
11,3,0.5,16,5,0.5951670587373865
11,3,0.5,16,6,0.5715928383948585
11,3,0.5,16,7,0.5955045091571881
11,3,0.5,16,8,0.6147848850797932
11,3,0.5,16,9,0.5793738111011782
11,3,0.5,16,10,0.6232723718533759
11,3,0.5,16,11,0.5914708578445407
11,3,0.5,16,12,0.5754880767534934
11,3,0.5,16,13,0.606407442988103
11,3,0.5,16,14,0.6092824887687104
11,3,0.5,16,15,0.6149337328405693
11,3,0.5,16,16,0.6032307440186413
11,3,0.5,16,17,0.59459537337237
11,3,0.5,16,18,0.5903685126837036
11,3,0.5,16,19,0.5753599262601542
11,3,0.5,16,20,0.6291422656204552
11,3,0.5,16,21,0.6205051266748148
11,3,0.5,16,22,0.5682872800803425
11,3,0.5,16,23,0.6138670053704214
11,3,0.5,16,24,0.6127182357119092
11,3,0.5,16,25,0.6221199828685701
11,3,0.5,16,26,0.6054692433535449
11,3,0.5,16,27,0.5514989963804359
11,3,0.5,16,28,0.5981394649257178
11,3,0.5,16,29,0.6296886249056913
11,3,0.5,16,30,0.6296866779191314
11,3,0.5,16,31,0.5872996890843358
11,3,0.5,16,32,0.6036097715470014
11,3,0.5,16,33,0.5960581666207864
11,3,0.5,16,34,0.6566495739413258
11,3,0.5,16,35,0.5928759533525255
11,3,0.5,16,36,0.6172426630144637
11,3,0.5,16,37,0.5955238242634279
11,3,0.5,16,38,0.624505279334736
11,3,0.5,16,39,0.6250146983857392
11,3,0.5,16,40,0.5997919821053779
11,3,0.5,16,41,0.621801733535556
11,3,0.5,16,42,0.5934305103591326
11,3,0.5,16,43,0.5958132928443897
11,3,0.5,16,44,0.6586625422779597
11,3,0.5,16,45,0.6001408011968303
11,3,0.5,16,46,0.6105394197022593
11,3,0.5,16,47,0.5991571924512858
11,3,0.5,16,48,0.5737888460590597
11,3,0.5,16,49,0.6092188065069412
11,3,0.5,16,50,0.6035950443473862
11,3,0.5,16,51,0.5635491227530697
11,3,0.5,16,52,0.6277209711007564
11,3,0.5,16,53,0.6244496996581769
11,3,0.5,16,54,0.5819273492843409
11,3,0.5,16,55,0.6336484293039277
11,3,0.5,16,56,0.6325392207516735
11,3,0.5,16,57,0.5378666969119399
11,3,0.5,16,58,0.5841074986476407
11,3,0.5,16,59,0.6193951712052174
11,3,0.5,16,60,0.6179662831109604
11,3,0.5,16,61,0.6225459933098081
11,3,0.5,16,62,0.5701115799710351
11,3,0.5,16,63,0.5898665572144939
11,3,0.5,16,64,0.5789029843216835
11,3,0.5,16,65,0.6002060224138824
11,3,0.5,16,66,0.6147237482253494
11,3,0.5,16,67,0.6027888673601833
11,3,0.5,16,68,0.5746449276108183
11,3,0.5,16,69,0.5913732863127381
11,3,0.5,16,70,0.5982068938339195
11,3,0.5,16,71,0.5884562352878094
11,3,0.5,16,72,0.6392896296739825
11,3,0.5,16,73,0.6208937135849933
11,3,0.5,16,74,0.5984022509522776
11,3,0.5,16,75,0.6095488079032113
11,3,0.5,16,76,0.6199488389545509
11,3,0.5,16,77,0.6443784079141156
11,3,0.5,16,78,0.6341021902258888
11,3,0.5,16,79,0.6288888063770409
11,3,0.5,16,80,0.6151281211627775
11,3,0.5,16,81,0.6117704908318571
11,3,0.5,16,82,0.6181340335670604
11,3,0.5,16,83,0.6023372984909376
11,3,0.5,16,84,0.5813595812334648
11,3,0.5,16,85,0.5845552801127188
11,3,0.5,16,86,0.5974195968050535
11,3,0.5,16,87,0.5836797622541919
11,3,0.5,16,88,0.6202861187317366
11,3,0.5,16,89,0.6193846677879409
11,3,0.5,16,90,0.6216934471867285
11,3,0.5,16,91,0.6040783345289404
11,3,0.5,16,92,0.5745896584642408
11,3,0.5,16,93,0.5841587313703301
11,3,0.5,16,94,0.6521909845746297
11,3,0.5,16,95,0.5662747669794371
11,3,0.5,16,96,0.5672553770169592
11,3,0.5,16,97,0.5857962241983434
11,3,0.5,16,98,0.6084760650005071
11,3,0.5,16,99,0.6215387082196685
11,3,0.5,16,100,0.605387109797215
11,3,0.5,16,101,0.5977716634883561
11,3,0.5,16,102,0.5869500019419127
11,3,0.5,16,103,0.5936101360881778
11,3,0.5,16,104,0.5161307008956011
11,3,0.5,16,105,0.6259703888228229
11,3,0.5,16,106,0.5988521675431512
11,3,0.5,16,107,0.5908054522520004
11,3,0.5,16,108,0.606719414437404
11,3,0.5,16,109,0.6053346365289745
11,3,0.5,16,110,0.5754122971820077
11,3,0.5,16,111,0.6023144589723785
11,3,0.5,16,112,0.6307374917627853
11,3,0.5,16,113,0.5936170652959993
11,3,0.5,16,114,0.5968863256204333
11,3,0.5,16,115,0.6171340962365605
11,3,0.5,16,116,0.6531007475920311
11,3,0.5,16,117,0.6047211293747836
11,3,0.5,16,118,0.6139813530661659
11,3,0.5,16,119,0.5987995502960785
11,3,0.5,16,120,0.5533248203725859
11,3,0.5,16,121,0.6071615798470621
11,3,0.5,16,122,0.6031263726662289
11,3,0.5,16,123,0.5790686569371019
11,3,0.5,16,124,0.6346952060175141
11,3,0.5,16,125,0.593407658162883
11,3,0.5,16,126,0.6132651234638823
11,3,0.5,16,127,0.5795519341450792
11,3,0.5,16,128,0.5797805562475221
11,3,0.5,16,129,0.5921532887468779
11,3,0.5,16,130,0.6311120016353807
11,3,0.5,16,131,0.6258999116628108
11,3,0.5,16,132,0.6297805860429518
11,3,0.5,16,133,0.616455759280014
11,3,0.5,16,134,0.6108258822309831
11,3,0.5,16,135,0.5892153988587677
11,3,0.5,16,136,0.592299015500703
11,3,0.5,16,137,0.5952871775645883
11,3,0.5,16,138,0.5862052962206565
11,3,0.5,16,139,0.6074926605941273
11,3,0.5,16,140,0.624593060159288
11,3,0.5,16,141,0.6333655636538024
11,3,0.5,16,142,0.5816935925072318
11,3,0.5,16,143,0.6326459090419948
11,3,0.5,16,144,0.6219921981206481
11,3,0.5,16,145,0.6015260491731486
11,3,0.5,16,146,0.5574334472161819
11,3,0.5,16,147,0.6232442528017931
11,3,0.5,16,148,0.5987329779266152
11,3,0.5,16,149,0.6593883911618765
11,3,0.5,16,150,0.5879728341566944
11,3,0.5,16,151,0.6090634682052762
11,3,0.5,16,152,0.5633039176818648
11,3,0.5,16,153,0.6545704834781342
11,3,0.5,16,154,0.6439248133497143
11,3,0.5,16,155,0.6196496246625004
11,3,0.5,16,156,0.6024939112597626
11,3,0.5,16,157,0.617520149517728
11,3,0.5,16,158,0.5849693292942005
11,3,0.5,16,159,0.5921362423492555
11,3,0.5,16,160,0.6197944966535832
11,3,0.5,16,161,0.5589058741588827
11,3,0.5,16,162,0.6134598040479886
11,3,0.5,16,163,0.5859932931684154
11,3,0.5,16,164,0.6064039766219733
11,3,0.5,16,165,0.5719982860740488
11,3,0.5,16,166,0.6003090026274788
11,3,0.5,16,167,0.5622792720347874
11,3,0.5,16,168,0.604359676882023
11,3,0.5,16,169,0.6189298033659949
11,3,0.5,16,170,0.6049925013671396
11,3,0.5,16,171,0.6253733817012699
11,3,0.5,16,172,0.5879285097622744
11,3,0.5,16,173,0.6009114346257461
11,3,0.5,16,174,0.5979519900075347
11,3,0.5,16,175,0.5809318083538298
11,3,0.5,16,176,0.5626178515050954
11,3,0.5,16,177,0.6520333278026766
11,3,0.5,16,178,0.6282659111849044
11,3,0.5,16,179,0.5961318376000982
11,3,0.5,16,180,0.5951849627401836
11,3,0.5,16,181,0.6385760735548592
11,3,0.5,16,182,0.6195225373492625
11,3,0.5,16,183,0.6374744449539378
11,3,0.5,16,184,0.6066067504858866
11,3,0.5,16,185,0.6330184782178273
11,3,0.5,16,186,0.6425514624004999
11,3,0.5,16,187,0.6150701353691937
11,3,0.5,16,188,0.5922976524857486
11,3,0.5,16,189,0.5967347817759898
11,3,0.5,16,190,0.6319641078813163
11,3,0.5,16,191,0.5993646590318698
11,3,0.5,16,192,0.5762324274765621
11,3,0.5,16,193,0.6227448880386117
11,3,0.5,16,194,0.5927302664441234
11,3,0.5,16,195,0.5896941546027373
11,3,0.5,16,196,0.5507358372675599
11,3,0.5,16,197,0.5870454547803338
11,3,0.5,16,198,0.5949117437374627
11,3,0.5,16,199,0.6296981192751453
12,3,1.0,32,0,0.33054750673148897
12,3,1.0,32,1,0.358689440106795
12,3,1.0,32,2,0.358772517211696
12,3,1.0,32,3,0.3808564320451648
12,3,1.0,32,4,0.3755686181891774
12,3,1.0,32,5,0.3222794370401173
12,3,1.0,32,6,0.32483861851328794
12,3,1.0,32,7,0.3786526620873692
12,3,1.0,32,8,0.34029394482219605
12,3,1.0,32,9,0.36831422109543144
12,3,1.0,32,10,0.34636984424022343
12,3,1.0,32,11,0.3656126803136168
12,3,1.0,32,12,0.36242520521655613
12,3,1.0,32,13,0.37366566698442893
12,3,1.0,32,14,0.34695810079614886
12,3,1.0,32,15,0.3636915660411395
12,3,1.0,32,16,0.35517329325321845
12,3,1.0,32,17,0.3959118359192554
12,3,1.0,32,18,0.3486830046541501
12,3,1.0,32,19,0.3430229517364365
12,3,1.0,32,20,0.390697402633975
12,3,1.0,32,21,0.33316867030055064
12,3,1.0,32,22,0.4131700112459014
12,3,1.0,32,23,0.3764856046618889
12,3,1.0,32,24,0.4190894957016948
12,3,1.0,32,25,0.3243035476361288
12,3,1.0,32,26,0.37809679813811764
12,3,1.0,32,27,0.3460718623393308
12,3,1.0,32,28,0.3500080399172858
12,3,1.0,32,29,0.33979489110446565
12,3,1.0,32,30,0.4005669965433636
12,3,1.0,32,31,0.32569899851648954
12,3,1.0,32,32,0.34038600647425143
12,3,1.0,32,33,0.31923094287464027
12,3,1.0,32,34,0.4063837442758659
12,3,1.0,32,35,0.3541758411546573
12,3,1.0,32,36,0.35036784064017784
12,3,1.0,32,37,0.3706419327419596
12,3,1.0,32,38,0.32116495551746915
12,3,1.0,32,39,0.34211737218935256
12,3,1.0,32,40,0.36107378157120784
12,3,1.0,32,41,0.3504834639878845
12,3,1.0,32,42,0.36077477334071384
12,3,1.0,32,43,0.3923836861803237
12,3,1.0,32,44,0.44444044501879976
12,3,1.0,32,45,0.38874081738219185
12,3,1.0,32,46,0.3565528263435783
12,3,1.0,32,47,0.3351039472937598
12,3,1.0,32,48,0.3838491122747861
12,3,1.0,32,49,0.34532071984306295
12,3,1.0,32,50,0.3721585392999143
12,3,1.0,32,51,0.3850669592831983
12,3,1.0,32,52,0.3596097352117945
12,3,1.0,32,53,0.37022346943791284
12,3,1.0,32,54,0.3474905562516535
12,3,1.0,32,55,0.35147728544473233
12,3,1.0,32,56,0.3204860766984684
12,3,1.0,32,57,0.3988062179311237
12,3,1.0,32,58,0.37424079453786485
12,3,1.0,32,59,0.34204380276690505
12,3,1.0,32,60,0.34713169477057576
12,3,1.0,32,61,0.3998151306684703
12,3,1.0,32,62,0.36684839058266533
12,3,1.0,32,63,0.31860245472682286
12,3,1.0,32,64,0.4032958725880919
12,3,1.0,32,65,0.3752244835011534
12,3,1.0,32,66,0.37584423765718694
12,3,1.0,32,67,0.42036471476488874
12,3,1.0,32,68,0.3153725611899195
12,3,1.0,32,69,0.39769999335406314
12,3,1.0,32,70,0.3938653995793387
12,3,1.0,32,71,0.3190010527786716
12,3,1.0,32,72,0.3214090444495839
12,3,1.0,32,73,0.3293168777685418
12,3,1.0,32,74,0.38364861972056524
12,3,1.0,32,75,0.3568990702207136
12,3,1.0,32,76,0.3551951986951003
12,3,1.0,32,77,0.4100397676910961
12,3,1.0,32,78,0.38098016167600607
12,3,1.0,32,79,0.329980200875328
12,3,1.0,32,80,0.3935785622701925
12,3,1.0,32,81,0.3620217738154227
12,3,1.0,32,82,0.3993980535256584
12,3,1.0,32,83,0.35229353691603876
12,3,1.0,32,84,0.3611440008807941
12,3,1.0,32,85,0.32109184596033286
12,3,1.0,32,86,0.38948352379318557
12,3,1.0,32,87,0.35779350467697774
12,3,1.0,32,88,0.33790475972319656
12,3,1.0,32,89,0.3804164347209543
12,3,1.0,32,90,0.4728113345966111
12,3,1.0,32,91,0.3497815818276848
12,3,1.0,32,92,0.33935674234094354
12,3,1.0,32,93,0.33208353481534025
12,3,1.0,32,94,0.42635411006854684
12,3,1.0,32,95,0.35113679125484404
12,3,1.0,32,96,0.3923258166232466
12,3,1.0,32,97,0.40164943984494994
12,3,1.0,32,98,0.33714478530863473
12,3,1.0,32,99,0.33731929694697976
12,3,1.0,32,100,0.35384184303843913
12,3,1.0,32,101,0.3273337491649448
12,3,1.0,32,102,0.37062869722668607
12,3,1.0,32,103,0.35119940841568137
12,3,1.0,32,104,0.37114655910058036
12,3,1.0,32,105,0.3562625624026085
12,3,1.0,32,106,0.3871078546660253
12,3,1.0,32,107,0.36030042740621604
12,3,1.0,32,108,0.36508154668310455
12,3,1.0,32,109,0.38156978827530497
12,3,1.0,32,110,0.3817807554823777
12,3,1.0,32,111,0.3751381826414523
12,3,1.0,32,112,0.3588781956067073
12,3,1.0,32,113,0.43476729122957214
12,3,1.0,32,114,0.3207784821192693
12,3,1.0,32,115,0.3663083822921572
12,3,1.0,32,116,0.35888036056710176
12,3,1.0,32,117,0.3412654068743057
12,3,1.0,32,118,0.3776394843493624
12,3,1.0,32,119,0.3138943995106311
12,3,1.0,32,120,0.3920915653185276
12,3,1.0,32,121,0.3708215587100862
12,3,1.0,32,122,0.37131198609125454
12,3,1.0,32,123,0.4499457586593602
12,3,1.0,32,124,0.37157412252918093
12,3,1.0,32,125,0.4130806258286696
12,3,1.0,32,126,0.36446275966532254
12,3,1.0,32,127,0.3514394916701873
12,3,1.0,32,128,0.3724165887172043
12,3,1.0,32,129,0.34356247355204084
12,3,1.0,32,130,0.36114022848158267
12,3,1.0,32,131,0.3805243893058799
12,3,1.0,32,132,0.3591322288069232
12,3,1.0,32,133,0.38280298801317286
12,3,1.0,32,134,0.36463549183674265
12,3,1.0,32,135,0.36831815441547355
12,3,1.0,32,136,0.37003196568852514
12,3,1.0,32,137,0.3844914267733022
12,3,1.0,32,138,0.37815255019671273
12,3,1.0,32,139,0.38191661987355235
12,3,1.0,32,140,0.34975089120623476
12,3,1.0,32,141,0.3626108569057315
12,3,1.0,32,142,0.3552514662591541
12,3,1.0,32,143,0.3885133335429607
12,3,1.0,32,144,0.3797130846359319
12,3,1.0,32,145,0.3901463611559876
12,3,1.0,32,146,0.3868708481003375
12,3,1.0,32,147,0.34433801231382255
12,3,1.0,32,148,0.33530172028968425
12,3,1.0,32,149,0.363735456470681
12,3,1.0,32,150,0.3566298611285183
12,3,1.0,32,151,0.35528652758071333
12,3,1.0,32,152,0.3231544035197572
12,3,1.0,32,153,0.3931709788631878
12,3,1.0,32,154,0.3718003943192958
12,3,1.0,32,155,0.3498172414559127
12,3,1.0,32,156,0.34662116846214763
12,3,1.0,32,157,0.38707114906275036
12,3,1.0,32,158,0.38526183454705276
12,3,1.0,32,159,0.3399729271359321
12,3,1.0,32,160,0.35300292642822845
12,3,1.0,32,161,0.30187437543673956
12,3,1.0,32,162,0.38952150208936326
12,3,1.0,32,163,0.4121235450321588
12,3,1.0,32,164,0.34870506152829017
12,3,1.0,32,165,0.3417003256783338
12,3,1.0,32,166,0.36429338857213994
12,3,1.0,32,167,0.3480493989765366
12,3,1.0,32,168,0.35695614989615754
12,3,1.0,32,169,0.3349528016956244
12,3,1.0,32,170,0.34112045864147617
12,3,1.0,32,171,0.344996706710829
12,3,1.0,32,172,0.38710798398521795
12,3,1.0,32,173,0.37935139710066623
12,3,1.0,32,174,0.36551336076359964
12,3,1.0,32,175,0.37048538948865734
12,3,1.0,32,176,0.31840312614333277
12,3,1.0,32,177,0.3579892823559979
12,3,1.0,32,178,0.3294525396781322
12,3,1.0,32,179,0.3773878111906979
12,3,1.0,32,180,0.3415520714041291
12,3,1.0,32,181,0.35690683598505063
12,3,1.0,32,182,0.36158584597562643
12,3,1.0,32,183,0.35864138173643245
12,3,1.0,32,184,0.3834166890316661
12,3,1.0,32,185,0.3949636828833912
12,3,1.0,32,186,0.37538723620893666
12,3,1.0,32,187,0.3119086807939617
12,3,1.0,32,188,0.35136482241222283
12,3,1.0,32,189,0.4305610909281019
12,3,1.0,32,190,0.372317467480304
12,3,1.0,32,191,0.3374188094140637
12,3,1.0,32,192,0.40051046050262956
12,3,1.0,32,193,0.3309028760536767
12,3,1.0,32,194,0.34010107871156436
12,3,1.0,32,195,0.3747012520401128
12,3,1.0,32,196,0.3551985914751219
12,3,1.0,32,197,0.3684290954041902
12,3,1.0,32,198,0.3475527749960662
12,3,1.0,32,199,0.3836848365229761
13,3,1.5,47,0,0.2343338273542408
13,3,1.5,47,1,0.21540771810172166
13,3,1.5,47,2,0.209411477319804
13,3,1.5,47,3,0.21587866953708532
13,3,1.5,47,4,0.19456583285593845
13,3,1.5,47,5,0.2367930494607951
13,3,1.5,47,6,0.29383450208430417
13,3,1.5,47,7,0.20542987768002163
13,3,1.5,47,8,0.18144697820706024
13,3,1.5,47,9,0.23908803750190874
13,3,1.5,47,10,0.23878070045346825
13,3,1.5,47,11,0.21782612967962608
13,3,1.5,47,12,0.2895764322728963
13,3,1.5,47,13,0.27527914698168304
13,3,1.5,47,14,0.2618836957374217
13,3,1.5,47,15,0.23462503385317632
13,3,1.5,47,16,0.24985991708178626
13,3,1.5,47,17,0.23921215153711267
13,3,1.5,47,18,0.2093479628398734
13,3,1.5,47,19,0.2590032540105941
13,3,1.5,47,20,0.2254638765937031
13,3,1.5,47,21,0.24106995980510693
13,3,1.5,47,22,0.23129464367093458
13,3,1.5,47,23,0.2435686055000321
13,3,1.5,47,24,0.2924986831739767
13,3,1.5,47,25,0.2106502165532104
13,3,1.5,47,26,0.26969253386626973
13,3,1.5,47,27,0.20402135760383555
13,3,1.5,47,28,0.2971898063754882
13,3,1.5,47,29,0.2543536540652652
13,3,1.5,47,30,0.25289731199734644
13,3,1.5,47,31,0.2144293366607413
13,3,1.5,47,32,0.19581264308549395
13,3,1.5,47,33,0.20465251068645024
13,3,1.5,47,34,0.2015448818304319
13,3,1.5,47,35,0.2578142095658173
13,3,1.5,47,36,0.2593661512757403
13,3,1.5,47,37,0.2135845441132255
13,3,1.5,47,38,0.21561676756780834
13,3,1.5,47,39,0.23493256909523183
13,3,1.5,47,40,0.22359522904363024
13,3,1.5,47,41,0.18858372097097084
13,3,1.5,47,42,0.22131377391102336
13,3,1.5,47,43,0.23934339122242632
13,3,1.5,47,44,0.28722479565718795
13,3,1.5,47,45,0.19599812188317872
13,3,1.5,47,46,0.18925425949692498
13,3,1.5,47,47,0.2053262069445567
13,3,1.5,47,48,0.19705964640345475
13,3,1.5,47,49,0.20867555933335172
13,3,1.5,47,50,0.19327812405787245
13,3,1.5,47,51,0.25004475641962803
13,3,1.5,47,52,0.26280551533344965
13,3,1.5,47,53,0.20399000572017983
13,3,1.5,47,54,0.23318063828452198
13,3,1.5,47,55,0.23958315202517125
13,3,1.5,47,56,0.2142716890289935
13,3,1.5,47,57,0.24201444310406128
13,3,1.5,47,58,0.21562796752967472
13,3,1.5,47,59,0.2338246227655551
13,3,1.5,47,60,0.2529768991732496
13,3,1.5,47,61,0.23090236615985368
13,3,1.5,47,62,0.23023680694454104
13,3,1.5,47,63,0.21670505722583228
13,3,1.5,47,64,0.20352170730473448
13,3,1.5,47,65,0.2078121347944612
13,3,1.5,47,66,0.19016738126860783
13,3,1.5,47,67,0.1961460653502347
13,3,1.5,47,68,0.23046779150010505
13,3,1.5,47,69,0.17902406197424192
13,3,1.5,47,70,0.19786852337232
13,3,1.5,47,71,0.22110405584188325
13,3,1.5,47,72,0.21031844451002724
13,3,1.5,47,73,0.27041756630066593
13,3,1.5,47,74,0.22560915666264394
13,3,1.5,47,75,0.21108905729173746
13,3,1.5,47,76,0.20882857204221106
13,3,1.5,47,77,0.2311723329361195
13,3,1.5,47,78,0.216216325710427
13,3,1.5,47,79,0.22466307511388098
13,3,1.5,47,80,0.27498923821925186
13,3,1.5,47,81,0.23582887931053914
13,3,1.5,47,82,0.2438420098302979
13,3,1.5,47,83,0.20850502410354793
13,3,1.5,47,84,0.21499793570125067
13,3,1.5,47,85,0.21502743126439788
13,3,1.5,47,86,0.22765997801255572
13,3,1.5,47,87,0.2742946381529439
13,3,1.5,47,88,0.25152588087919
13,3,1.5,47,89,0.18468654630966455
13,3,1.5,47,90,0.23520818807982405
13,3,1.5,47,91,0.2611617041650984
13,3,1.5,47,92,0.2522453540166632
13,3,1.5,47,93,0.23557575394642655
13,3,1.5,47,94,0.23704882434341418
13,3,1.5,47,95,0.21458579897971744
13,3,1.5,47,96,0.24453186827832127
13,3,1.5,47,97,0.25060693753952007
13,3,1.5,47,98,0.24807621140686362
13,3,1.5,47,99,0.21537385012903956
13,3,1.5,47,100,0.20392354234771834
13,3,1.5,47,101,0.2076894924947659
13,3,1.5,47,102,0.17835252165594268
13,3,1.5,47,103,0.21750115464322445
13,3,1.5,47,104,0.2140811658037449
13,3,1.5,47,105,0.19964334341384155
13,3,1.5,47,106,0.2081491822799369
13,3,1.5,47,107,0.21586813597448218
13,3,1.5,47,108,0.2403835531457715
13,3,1.5,47,109,0.19918824380799993
13,3,1.5,47,110,0.21333212763648396
13,3,1.5,47,111,0.19237928832761025
13,3,1.5,47,112,0.19159953912975708
13,3,1.5,47,113,0.21736126377129994
13,3,1.5,47,114,0.22797015313203428
13,3,1.5,47,115,0.19829935494398557
13,3,1.5,47,116,0.23436564126005882
13,3,1.5,47,117,0.22580610438370438
13,3,1.5,47,118,0.22050102301586602
13,3,1.5,47,119,0.20377362066475066
13,3,1.5,47,120,0.24999718032843518
13,3,1.5,47,121,0.22467750002333367
13,3,1.5,47,122,0.18337476320205273
13,3,1.5,47,123,0.24253385973339833
13,3,1.5,47,124,0.245835401689198
13,3,1.5,47,125,0.2142474970978703
13,3,1.5,47,126,0.22222765552514626
13,3,1.5,47,127,0.20224155718929865
13,3,1.5,47,128,0.2371914210277201
13,3,1.5,47,129,0.3906577359386708
13,3,1.5,47,130,0.21062202269155264
13,3,1.5,47,131,0.19940447783970944
13,3,1.5,47,132,0.21298836499568763
13,3,1.5,47,133,0.1911146524214626
13,3,1.5,47,134,0.27882672790113094
13,3,1.5,47,135,0.22402914675741165
13,3,1.5,47,136,0.2715833988085935
13,3,1.5,47,137,0.22381306494587697
13,3,1.5,47,138,0.21566241174326162
13,3,1.5,47,139,0.20401300874571218
13,3,1.5,47,140,0.18457939513181396
13,3,1.5,47,141,0.20376261302282733
13,3,1.5,47,142,0.2477587280430594
13,3,1.5,47,143,0.18141834305930024
13,3,1.5,47,144,0.22018701907696006
13,3,1.5,47,145,0.2241241580155598
13,3,1.5,47,146,0.2075756214406456
13,3,1.5,47,147,0.2874284026424565
13,3,1.5,47,148,0.21092774380954513
13,3,1.5,47,149,0.17336851164319278
13,3,1.5,47,150,0.210104148873309
13,3,1.5,47,151,0.22643988680901708
13,3,1.5,47,152,0.21317727094992653
13,3,1.5,47,153,0.23794733696922651
13,3,1.5,47,154,0.22429739283384198
13,3,1.5,47,155,0.24052133271323214
13,3,1.5,47,156,0.25192730010669645
13,3,1.5,47,157,0.21299505680983957
13,3,1.5,47,158,0.20861196712330002
13,3,1.5,47,159,0.1971163816497121
13,3,1.5,47,160,0.22434643607264215
13,3,1.5,47,161,0.22458803172428718
13,3,1.5,47,162,0.2310344098797133
13,3,1.5,47,163,0.2712131184439414
13,3,1.5,47,164,0.21300184931593769
13,3,1.5,47,165,0.2331902678194366
13,3,1.5,47,166,0.21989558250775496
13,3,1.5,47,167,0.36154456142395924
13,3,1.5,47,168,0.1933551550336031
13,3,1.5,47,169,0.2185257934873099
13,3,1.5,47,170,0.18549761130877584
13,3,1.5,47,171,0.2589674776609229
13,3,1.5,47,172,0.19475283081299402
13,3,1.5,47,173,0.2689944746402759
13,3,1.5,47,174,0.22058512059151184
13,3,1.5,47,175,0.20631141879075243
13,3,1.5,47,176,0.22146152840922959
13,3,1.5,47,177,0.2634398730269975
13,3,1.5,47,178,0.2107109324192244
13,3,1.5,47,179,0.269310383441595
13,3,1.5,47,180,0.19728752398301616
13,3,1.5,47,181,0.2010833686525626
13,3,1.5,47,182,0.27147715829554186
13,3,1.5,47,183,0.2616986197196725
13,3,1.5,47,184,0.3466463284136616
13,3,1.5,47,185,0.2361345446447056
13,3,1.5,47,186,0.20137549459329926
13,3,1.5,47,187,0.2187315219584412
13,3,1.5,47,188,0.22458011911083253
13,3,1.5,47,189,0.2960104397216833
13,3,1.5,47,190,0.2168120840018977
13,3,1.5,47,191,0.22853096004056545
13,3,1.5,47,192,0.20200376135613043
13,3,1.5,47,193,0.20017009030887828
13,3,1.5,47,194,0.23520731212989357
13,3,1.5,47,195,0.21212893649321166
13,3,1.5,47,196,0.2337953145519296
13,3,1.5,47,197,0.22820935913307705
13,3,1.5,47,198,0.18291826165806294
13,3,1.5,47,199,0.17771302364211455
14,3,2.0,63,0,0.21848693635974423
14,3,2.0,63,1,0.13057767793226743
14,3,2.0,63,2,0.12082761015858381
14,3,2.0,63,3,0.13251760005784202
14,3,2.0,63,4,0.13787531617627888
14,3,2.0,63,5,0.1245986461850824
14,3,2.0,63,6,0.10780495711108252
14,3,2.0,63,7,0.15198788744232042
14,3,2.0,63,8,0.11912981804781778
14,3,2.0,63,9,0.12824797130342303
14,3,2.0,63,10,0.13707215879528512
14,3,2.0,63,11,0.1454854311663188
14,3,2.0,63,12,0.1732780916302311
14,3,2.0,63,13,0.11818203928195598
14,3,2.0,63,14,0.13449472818619035
14,3,2.0,63,15,0.11875145302011973
14,3,2.0,63,16,0.15346737606461225
14,3,2.0,63,17,0.11444212341572511
14,3,2.0,63,18,0.12866094798379513
14,3,2.0,63,19,0.13096130819371607
14,3,2.0,63,20,0.18802528342607547
14,3,2.0,63,21,0.12542512564228792
14,3,2.0,63,22,0.1568330645336012
14,3,2.0,63,23,0.17300239658460026
14,3,2.0,63,24,0.1201784081398401
14,3,2.0,63,25,0.15068617698411776
14,3,2.0,63,26,0.1450142318590582
14,3,2.0,63,27,0.14139507650307265
14,3,2.0,63,28,0.1409314492147236
14,3,2.0,63,29,0.1448129169657145
14,3,2.0,63,30,0.10996698926933607
14,3,2.0,63,31,0.12950070253189913
14,3,2.0,63,32,0.11797018660638758
14,3,2.0,63,33,0.15468405466799232
14,3,2.0,63,34,0.10808104372085635
14,3,2.0,63,35,0.1054281327963192
14,3,2.0,63,36,0.1717646769836146
14,3,2.0,63,37,0.1278046605657858
14,3,2.0,63,38,0.1496129681307027
14,3,2.0,63,39,0.1657708489007153
14,3,2.0,63,40,0.12216207526155666
14,3,2.0,63,41,0.14902342083089065
14,3,2.0,63,42,0.12604120344244826
14,3,2.0,63,43,0.12996547071867953
14,3,2.0,63,44,0.15648548764144032
14,3,2.0,63,45,0.22023889545033593
14,3,2.0,63,46,0.16457257063987407
14,3,2.0,63,47,0.12250565356265923
14,3,2.0,63,48,0.19336334194875024
14,3,2.0,63,49,0.13301384938315775
14,3,2.0,63,50,0.11540173278917033
14,3,2.0,63,51,0.12216002936602868
14,3,2.0,63,52,0.13901470319030976
14,3,2.0,63,53,0.11807090202814495
14,3,2.0,63,54,0.11157669712035909
14,3,2.0,63,55,0.11051391673374701
14,3,2.0,63,56,0.14052732928991207
14,3,2.0,63,57,0.1380674467014991
14,3,2.0,63,58,0.10622045221549573
14,3,2.0,63,59,0.16743825459311848
14,3,2.0,63,60,0.13572888100932473
14,3,2.0,63,61,0.14345821261401637
14,3,2.0,63,62,0.12858297955658265
14,3,2.0,63,63,0.12944020426418149
14,3,2.0,63,64,0.125831350834447
14,3,2.0,63,65,0.11354181341652435
14,3,2.0,63,66,0.15858472654762323
14,3,2.0,63,67,0.10883434732419603
14,3,2.0,63,68,0.1436331914741433
14,3,2.0,63,69,0.12190299840811494
14,3,2.0,63,70,0.11633239037553832
14,3,2.0,63,71,0.1385118048204584
14,3,2.0,63,72,0.1342215275193589
14,3,2.0,63,73,0.12089484073637016
14,3,2.0,63,74,0.12586751663355156
14,3,2.0,63,75,0.10746026205200701
14,3,2.0,63,76,0.12314405033405164
14,3,2.0,63,77,0.11044954346504174
14,3,2.0,63,78,0.11823727876382466
14,3,2.0,63,79,0.12761361046148553
14,3,2.0,63,80,0.13875154024212685
14,3,2.0,63,81,0.1818131771363532
14,3,2.0,63,82,0.32807661898366075
14,3,2.0,63,83,0.13738329484007433
14,3,2.0,63,84,0.10799077290461574
14,3,2.0,63,85,0.11596133438197243
14,3,2.0,63,86,0.12048811904746591
14,3,2.0,63,87,0.09652289888956204
14,3,2.0,63,88,0.14072500280313707
14,3,2.0,63,89,0.1600437602196517
14,3,2.0,63,90,0.12549077943302978
14,3,2.0,63,91,0.15381471775872926
14,3,2.0,63,92,0.15876800903168928
14,3,2.0,63,93,0.12094073283062855
14,3,2.0,63,94,0.1275410258664688
14,3,2.0,63,95,0.12322632170931053
14,3,2.0,63,96,0.15587946818422005
14,3,2.0,63,97,0.10275555795728285
14,3,2.0,63,98,0.11596223953882624
14,3,2.0,63,99,0.17924873910020372
14,3,2.0,63,100,0.15509507674374662
14,3,2.0,63,101,0.20921231390395512
14,3,2.0,63,102,0.15795538435700088
14,3,2.0,63,103,0.12685780768817573
14,3,2.0,63,104,0.149461196082096
14,3,2.0,63,105,0.14501035535410683
14,3,2.0,63,106,0.10438371596762365
14,3,2.0,63,107,0.12990841516321622
14,3,2.0,63,108,0.12234215575207914
14,3,2.0,63,109,0.12528373393657227
14,3,2.0,63,110,0.13805193827561066
14,3,2.0,63,111,0.1125232788336663
14,3,2.0,63,112,0.16754304754342703
14,3,2.0,63,113,0.1484840178082665
14,3,2.0,63,114,0.11507340916660772
14,3,2.0,63,115,0.12555295982872916
14,3,2.0,63,116,0.12180220559119989
14,3,2.0,63,117,0.14932838069725426
14,3,2.0,63,118,0.14914978092314118
14,3,2.0,63,119,0.15108214013647558
14,3,2.0,63,120,0.12197996756356848
14,3,2.0,63,121,0.2174946819949534
14,3,2.0,63,122,0.09572625005165844
14,3,2.0,63,123,0.15185373585181555
14,3,2.0,63,124,0.12082010415417821
14,3,2.0,63,125,0.14964944683518863
14,3,2.0,63,126,0.13942596060690382
14,3,2.0,63,127,0.1395903402542746
14,3,2.0,63,128,0.12512332217702954
14,3,2.0,63,129,0.10080666341885028
14,3,2.0,63,130,0.11543721628853432
14,3,2.0,63,131,0.1510165297894121
14,3,2.0,63,132,0.11462075033639531
14,3,2.0,63,133,0.19862152434013314
14,3,2.0,63,134,0.13642917562655024
14,3,2.0,63,135,0.20148502915413272
14,3,2.0,63,136,0.12740798377067064
14,3,2.0,63,137,0.10085579988756126
14,3,2.0,63,138,0.13736125535896002
14,3,2.0,63,139,0.15150064070128091
14,3,2.0,63,140,0.12318229843166086
14,3,2.0,63,141,0.13038502578427744
14,3,2.0,63,142,0.09915218772226815
14,3,2.0,63,143,0.1641676590706223
14,3,2.0,63,144,0.12437136107833578
14,3,2.0,63,145,0.18428329398761073
14,3,2.0,63,146,0.1341112738487438
14,3,2.0,63,147,0.1634721189275781
14,3,2.0,63,148,0.1345661386652268
14,3,2.0,63,149,0.13049745360608775
14,3,2.0,63,150,0.21834690771392107
14,3,2.0,63,151,0.15637272022198184
14,3,2.0,63,152,0.13037315614845216
14,3,2.0,63,153,0.10434313051573287
14,3,2.0,63,154,0.14895587831619458
14,3,2.0,63,155,0.12468520133863416
14,3,2.0,63,156,0.16384129139562828
14,3,2.0,63,157,0.10404231869462764
14,3,2.0,63,158,0.1143312911508449
14,3,2.0,63,159,0.09825654661617572
14,3,2.0,63,160,0.16094778290786144
14,3,2.0,63,161,0.13835991159316963
14,3,2.0,63,162,0.11615585981294195
14,3,2.0,63,163,0.13974490563651454
14,3,2.0,63,164,0.11918117038642964
14,3,2.0,63,165,0.12414309723493001
14,3,2.0,63,166,0.17817002031781928
14,3,2.0,63,167,0.15054321018956468
14,3,2.0,63,168,0.09946832677562653
14,3,2.0,63,169,0.12837106472359056
14,3,2.0,63,170,0.11659662526842371
14,3,2.0,63,171,0.1495874478690957
14,3,2.0,63,172,0.12723582791460897
14,3,2.0,63,173,0.16525462247087333
14,3,2.0,63,174,0.11513550572169258
14,3,2.0,63,175,0.1429701809338145
14,3,2.0,63,176,0.11231666689885104
14,3,2.0,63,177,0.11158898693964799
14,3,2.0,63,178,0.15246060268551145
14,3,2.0,63,179,0.09769876209171056
14,3,2.0,63,180,0.16172674337874943
14,3,2.0,63,181,0.1400961160089804
14,3,2.0,63,182,0.1315203577378457
14,3,2.0,63,183,0.15000755658586062
14,3,2.0,63,184,0.1424396057518519
14,3,2.0,63,185,0.15872108442387153
14,3,2.0,63,186,0.12677721493930602
14,3,2.0,63,187,0.15529443847464308
14,3,2.0,63,188,0.11036212950092429
14,3,2.0,63,189,0.1281497051462262
14,3,2.0,63,190,0.11885738263436847
14,3,2.0,63,191,0.12331447545867441
14,3,2.0,63,192,0.1617343777357646
14,3,2.0,63,193,0.11423912937274688
14,3,2.0,63,194,0.11141386675100838
14,3,2.0,63,195,0.11754379651206924
14,3,2.0,63,196,0.1517285859881701
14,3,2.0,63,197,0.139058705342825
14,3,2.0,63,198,0.13559924607670354
14,3,2.0,63,199,0.11333151388731141
